query_id,user_id,benchmark_tier,query_type,method,rank,retrieved_event_id,score,is_high_memory_load
tokyo_100312_relational_between,100312,stress_test,relational_between,flat,1,2018_1767907__event_002,79.39752480717567,True
tokyo_100312_relational_between,100312,stress_test,relational_between,flat,2,2018_1767907__event_003,58.32671038185926,True
tokyo_100312_relational_between,100312,stress_test,relational_between,flat,3,2018_1767903__event_001,54.766326927113084,True
tokyo_100312_relational_between,100312,stress_test,relational_between,flat,4,2018_1767903__event_002,54.766326927113084,True
tokyo_100312_relational_between,100312,stress_test,relational_between,flat,5,2018_1767907__event_001,38.69052704974453,True
tokyo_100312_relational_between,100312,stress_test,relational_between,flat,6,2018_1767866__event_002,18.774810528572992,True
tokyo_100312_relational_between,100312,stress_test,relational_between,flat,7,2018_1767933__event_002,18.774810528572992,True
tokyo_100312_relational_between,100312,stress_test,relational_between,flat,8,2018_1767953__event_003,18.774810528572992,True
tokyo_100312_relational_between,100312,stress_test,relational_between,flat,9,2018_1767866__event_001,18.619720047454273,True
tokyo_100312_relational_between,100312,stress_test,relational_between,flat,10,2018_1767933__event_001,18.619720047454273,True
tokyo_100312_relational_between,100312,stress_test,relational_between,flat,11,2018_1767953__event_002,16.814099284114178,True
tokyo_100312_relational_between,100312,stress_test,relational_between,flat,12,2018_1767879__event_002,5.8420881587690126,True
tokyo_100312_relational_between,100312,stress_test,relational_between,flat,13,2018_1767890__event_002,5.070355928571497,True
tokyo_100312_relational_between,100312,stress_test,relational_between,flat,14,2018_1767890__event_001,5.033938080644388,True
tokyo_100312_relational_between,100312,stress_test,relational_between,flat,15,2018_1767879__event_001,4.893451143983191,True
tokyo_100312_relational_between,100312,stress_test,relational_between,flat,16,2018_1767950__event_002,4.85956965567323,True
tokyo_100312_relational_between,100312,stress_test,relational_between,flat,17,2018_1767895__event_002,4.832028856344042,True
tokyo_100312_relational_between,100312,stress_test,relational_between,flat,18,2018_1767921__event_002,4.832028856344042,True
tokyo_100312_relational_between,100312,stress_test,relational_between,flat,19,2018_1767950__event_001,4.826163049346985,True
tokyo_100312_relational_between,100312,stress_test,relational_between,flat,20,2018_1767893__event_002,4.748035307810622,True
tokyo_100312_relational_between,100312,stress_test,relational_between,flat,21,2018_1767947__event_002,4.748035307810622,True
tokyo_100312_relational_between,100312,stress_test,relational_between,flat,22,2018_1767963__event_002,4.748035307810622,True
tokyo_100312_relational_between,100312,stress_test,relational_between,flat,23,2018_1767914__event_002,3.8743609258216782,True
tokyo_100312_relational_between,100312,stress_test,relational_between,flat,24,2018_1767914__event_001,2.8292990450605315,True
tokyo_100312_relational_between,100312,stress_test,relational_between,flat,25,2018_1767867__event_002,2.4310349179648254,True
tokyo_100312_relational_between,100312,stress_test,relational_between,flat,26,2018_1767934__event_002,2.4310349179648254,True
tokyo_100312_relational_between,100312,stress_test,relational_between,flat,27,2018_1767887__event_002,2.388777047525904,True
tokyo_100312_relational_between,100312,stress_test,relational_between,flat,28,2018_1767913__event_002,2.388777047525904,True
tokyo_100312_relational_between,100312,stress_test,relational_between,flat,29,2018_1767863__event_002,2.328074823423721,True
tokyo_100312_relational_between,100312,stress_test,relational_between,flat,30,2018_1767902__event_002,2.1296447133909266,True
tokyo_100312_relational_between,100312,stress_test,relational_between,flat,31,2018_1767926__event_002,2.1296447133909266,True
tokyo_100312_relational_between,100312,stress_test,relational_between,flat,32,2018_1767964__event_002,1.4556313781114099,True
tokyo_100312_relational_between,100312,stress_test,relational_between,flat,33,2018_1767964__event_001,1.4417757626004226,True
tokyo_100312_relational_between,100312,stress_test,relational_between,flat,34,2018_1767941__event_001,1.401747614775715,True
tokyo_100312_relational_between,100312,stress_test,relational_between,flat,35,2018_1767941__event_002,1.401747614775715,True
tokyo_100312_relational_between,100312,stress_test,relational_between,flat,36,2018_1767958__event_001,1.401747614775715,True
tokyo_100312_relational_between,100312,stress_test,relational_between,flat,37,2018_1767958__event_002,1.401747614775715,True
tokyo_100312_relational_between,100312,stress_test,relational_between,flat,38,2018_1767867__event_001,1.3397547331518207,True
tokyo_100312_relational_between,100312,stress_test,relational_between,flat,39,2018_1767876__event_001,1.3397547331518207,True
tokyo_100312_relational_between,100312,stress_test,relational_between,flat,40,2018_1767876__event_002,1.3397547331518207,True
tokyo_100312_relational_between,100312,stress_test,relational_between,flat,41,2018_1767895__event_001,1.3397547331518207,True
tokyo_100312_relational_between,100312,stress_test,relational_between,flat,42,2018_1767921__event_001,1.3397547331518207,True
tokyo_100312_relational_between,100312,stress_test,relational_between,flat,43,2018_1767934__event_001,1.3397547331518207,True
tokyo_100312_relational_between,100312,stress_test,relational_between,flat,44,2018_1767887__event_001,1.3164662227667632,True
tokyo_100312_relational_between,100312,stress_test,relational_between,flat,45,2018_1767893__event_001,1.3164662227667632,True
tokyo_100312_relational_between,100312,stress_test,relational_between,flat,46,2018_1767913__event_001,1.3164662227667632,True
tokyo_100312_relational_between,100312,stress_test,relational_between,flat,47,2018_1767947__event_001,1.3164662227667632,True
tokyo_100312_relational_between,100312,stress_test,relational_between,flat,48,2018_1767963__event_001,1.3164662227667632,True
tokyo_100312_relational_between,100312,stress_test,relational_between,flat,49,2018_1767863__event_001,1.293973512101966,True
tokyo_100312_relational_between,100312,stress_test,relational_between,flat,50,2018_1767905__event_002,1.283012942662574,True
tokyo_100312_relational_between,100312,stress_test,relational_between,flat,51,2018_1767940__event_002,1.283012942662574,True
tokyo_100312_relational_between,100312,stress_test,relational_between,flat,52,2018_1767957__event_002,1.283012942662574,True
tokyo_100312_relational_between,100312,stress_test,relational_between,flat,53,2018_1767905__event_001,1.2722364960599364,True
tokyo_100312_relational_between,100312,stress_test,relational_between,flat,54,2018_1767940__event_001,1.2722364960599364,True
tokyo_100312_relational_between,100312,stress_test,relational_between,flat,55,2018_1767957__event_001,1.2722364960599364,True
tokyo_100312_relational_between,100312,stress_test,relational_between,flat,56,2018_1767925__event_002,1.2616395714140303,True
tokyo_100312_relational_between,100312,stress_test,relational_between,flat,57,2018_1767925__event_001,1.2512177198682453,True
tokyo_100312_relational_between,100312,stress_test,relational_between,flat,58,2018_1767885__event_002,1.1971709706972715,True
tokyo_100312_relational_between,100312,stress_test,relational_between,flat,59,2018_1767902__event_001,1.1736571793406587,True
tokyo_100312_relational_between,100312,stress_test,relational_between,flat,60,2018_1767926__event_001,1.1736571793406587,True
tokyo_100312_relational_between,100312,stress_test,relational_between,flat,61,2018_1767935__event_002,1.0630713174064645,True
tokyo_100312_relational_between,100312,stress_test,relational_between,flat,62,2018_1767945__event_002,0.9342699461932191,True
tokyo_100312_relational_between,100312,stress_test,relational_between,flat,63,2018_1767870__event_001,0.0,True
tokyo_100312_relational_between,100312,stress_test,relational_between,flat,64,2018_1767870__event_002,0.0,True
tokyo_100312_relational_between,100312,stress_test,relational_between,flat,65,2018_1767880__event_001,0.0,True
tokyo_100312_relational_between,100312,stress_test,relational_between,flat,66,2018_1767880__event_002,0.0,True
tokyo_100312_relational_between,100312,stress_test,relational_between,flat,67,2018_1767885__event_001,0.0,True
tokyo_100312_relational_between,100312,stress_test,relational_between,flat,68,2018_1767935__event_001,0.0,True
tokyo_100312_relational_between,100312,stress_test,relational_between,flat,69,2018_1767945__event_001,0.0,True
tokyo_100312_relational_between,100312,stress_test,relational_between,flat,70,2018_1767953__event_001,0.0,True
tokyo_101467_relational_between,101467,stress_test,relational_between,flat,1,2018_1784994__event_003,84.7486640587156,False
tokyo_101467_relational_between,101467,stress_test,relational_between,flat,2,2018_1784994__event_001,61.674527413207585,False
tokyo_101467_relational_between,101467,stress_test,relational_between,flat,3,2018_1784994__event_002,56.320177687188085,False
tokyo_101467_relational_between,101467,stress_test,relational_between,flat,4,2018_1784994__event_004,37.418666962921286,False
tokyo_101467_relational_between,101467,stress_test,relational_between,flat,5,2018_1784994__event_005,34.987681333077646,False
tokyo_101467_relational_between,101467,stress_test,relational_between,flat,6,2018_1784993__event_001,14.081848774919443,False
tokyo_101467_relational_between,101467,stress_test,relational_between,flat,7,2018_1784996__event_001,5.762403158403191,False
tokyo_101467_relational_between,101467,stress_test,relational_between,flat,8,2018_1785001__event_001,5.433479332785735,False
tokyo_101467_relational_between,101467,stress_test,relational_between,flat,9,2018_1785001__event_002,5.433479332785735,False
tokyo_101467_relational_between,101467,stress_test,relational_between,flat,10,2018_1784985__event_001,5.066871554619484,False
tokyo_101467_relational_between,101467,stress_test,relational_between,flat,11,2018_1784985__event_002,5.066871554619484,False
tokyo_101467_relational_between,101467,stress_test,relational_between,flat,12,2018_1785009__event_001,4.802590553857643,False
tokyo_101467_relational_between,101467,stress_test,relational_between,flat,13,2018_1785009__event_002,4.771481321926221,False
tokyo_101467_relational_between,101467,stress_test,relational_between,flat,14,2018_1784987__event_001,4.564511934902781,False
tokyo_101467_relational_between,101467,stress_test,relational_between,flat,15,2018_1785003__event_001,4.564511934902781,False
tokyo_101467_relational_between,101467,stress_test,relational_between,flat,16,2018_1784987__event_002,4.481206929122147,False
tokyo_101467_relational_between,101467,stress_test,relational_between,flat,17,2018_1784990__event_001,4.276977551242736,False
tokyo_101467_relational_between,101467,stress_test,relational_between,flat,18,2018_1784990__event_002,4.276977551242736,False
tokyo_101467_relational_between,101467,stress_test,relational_between,flat,19,2018_1785003__event_002,4.152780690853026,False
tokyo_101467_relational_between,101467,stress_test,relational_between,flat,20,2018_1784986__event_001,4.132993803488268,False
tokyo_101467_relational_between,101467,stress_test,relational_between,flat,21,2018_1784986__event_002,4.087129620717561,False
tokyo_101467_relational_between,101467,stress_test,relational_between,flat,22,2018_1785005__event_001,4.087129620717561,False
tokyo_101467_relational_between,101467,stress_test,relational_between,flat,23,2018_1784996__event_002,3.6788810683746607,False
tokyo_101467_relational_between,101467,stress_test,relational_between,flat,24,2018_1785000__event_001,3.6424974822872835,False
tokyo_101467_relational_between,101467,stress_test,relational_between,flat,25,2018_1785000__event_002,3.6068265051038186,False
tokyo_101467_relational_between,101467,stress_test,relational_between,flat,26,2018_1785004__event_001,3.537540243183897,False
tokyo_101467_relational_between,101467,stress_test,relational_between,flat,27,2018_1785003__event_003,3.5038858447764403,False
tokyo_101467_relational_between,101467,stress_test,relational_between,flat,28,2018_1785005__event_002,3.5038858447764403,False
tokyo_101467_relational_between,101467,stress_test,relational_between,flat,29,2018_1784989__event_001,3.47086575429439,False
tokyo_101467_relational_between,101467,stress_test,relational_between,flat,30,2018_1784989__event_002,3.4384622062906542,False
tokyo_101467_relational_between,101467,stress_test,relational_between,flat,31,2018_1785004__event_002,3.4384622062906542,False
tokyo_101467_relational_between,101467,stress_test,relational_between,flat,32,2018_1784991__event_002,3.227539034902106,False
tokyo_101467_relational_between,101467,stress_test,relational_between,flat,33,2018_1784991__event_001,3.1995012127525633,False
tokyo_101467_relational_between,101467,stress_test,relational_between,flat,34,2018_1784992__event_001,3.144862008866301,False
tokyo_101467_relational_between,101467,stress_test,relational_between,flat,35,2018_1784992__event_002,3.144862008866301,False
tokyo_101467_relational_between,101467,stress_test,relational_between,flat,36,2018_1784988__event_001,0.0,False
tokyo_101467_relational_between,101467,stress_test,relational_between,flat,37,2018_1784988__event_002,0.0,False
tokyo_101467_relational_between,101467,stress_test,relational_between,flat,38,2018_1784993__event_002,0.0,False
tokyo_101467_relational_between,101467,stress_test,relational_between,flat,39,2018_1785000__event_003,0.0,False
tokyo_101467_relational_between,101467,stress_test,relational_between,flat,40,2018_1785005__event_003,0.0,False
tokyo_101467_relational_between,101467,stress_test,relational_between,flat,41,2018_1785013__event_001,0.0,False
tokyo_101467_relational_between,101467,stress_test,relational_between,flat,42,2018_1785013__event_002,0.0,False
tokyo_106628_relational_between,106628,stress_test,relational_between,flat,1,2018_1860411__event_003,43.679624960253214,True
tokyo_106628_relational_between,106628,stress_test,relational_between,flat,2,2018_1860367__event_002,42.496534777525895,True
tokyo_106628_relational_between,106628,stress_test,relational_between,flat,3,2018_1860367__event_001,40.9620560894708,True
tokyo_106628_relational_between,106628,stress_test,relational_between,flat,4,2018_1860411__event_004,37.26201635146202,True
tokyo_106628_relational_between,106628,stress_test,relational_between,flat,5,2018_1860400__event_003,36.07700523074414,True
tokyo_106628_relational_between,106628,stress_test,relational_between,flat,6,2018_1860406__event_003,33.91957634651358,True
tokyo_106628_relational_between,106628,stress_test,relational_between,flat,7,2018_1860400__event_002,33.6679059531759,True
tokyo_106628_relational_between,106628,stress_test,relational_between,flat,8,2018_1860406__event_002,28.764178526981535,True
tokyo_106628_relational_between,106628,stress_test,relational_between,flat,9,2018_1860411__event_001,3.641052909636318,True
tokyo_106628_relational_between,106628,stress_test,relational_between,flat,10,2018_1860395__event_001,3.4891458207625248,True
tokyo_106628_relational_between,106628,stress_test,relational_between,flat,11,2018_1860411__event_002,3.1464193068178,True
tokyo_106628_relational_between,106628,stress_test,relational_between,flat,12,2018_1860393__event_001,0.9217556533370912,True
tokyo_106628_relational_between,106628,stress_test,relational_between,flat,13,2018_1860432__event_001,0.9217556533370912,True
tokyo_106628_relational_between,106628,stress_test,relational_between,flat,14,2018_1860432__event_002,0.9217556533370912,True
tokyo_106628_relational_between,106628,stress_test,relational_between,flat,15,2018_1860375__event_001,0.9059691626043911,True
tokyo_106628_relational_between,106628,stress_test,relational_between,flat,16,2018_1860375__event_002,0.8907143029908468,True
tokyo_106628_relational_between,106628,stress_test,relational_between,flat,17,2018_1860393__event_002,0.8907143029908468,True
tokyo_106628_relational_between,106628,stress_test,relational_between,flat,18,2018_1860384__event_001,0.8832779127061365,True
tokyo_106628_relational_between,106628,stress_test,relational_between,flat,19,2018_1860407__event_002,0.8759646641188734,True
tokyo_106628_relational_between,106628,stress_test,relational_between,flat,20,2018_1860370__event_001,0.8687715236288461,True
tokyo_106628_relational_between,106628,stress_test,relational_between,flat,21,2018_1860370__event_002,0.8687715236288461,True
tokyo_106628_relational_between,106628,stress_test,relational_between,flat,22,2018_1860384__event_002,0.8687715236288461,True
tokyo_106628_relational_between,106628,stress_test,relational_between,flat,23,2018_1860407__event_001,0.8547339227084517,True
tokyo_106628_relational_between,106628,stress_test,relational_between,flat,24,2018_1860391__event_001,0.841142747259024,True
tokyo_106628_relational_between,106628,stress_test,relational_between,flat,25,2018_1860391__event_002,0.8028445108745491,True
tokyo_106628_relational_between,106628,stress_test,relational_between,flat,26,2018_1860419__event_001,0.7849741054387596,True
tokyo_106628_relational_between,106628,stress_test,relational_between,flat,27,2018_1860419__event_002,0.7849741054387596,True
tokyo_106628_relational_between,106628,stress_test,relational_between,flat,28,2018_1860406__event_001,0.7678819273364639,True
tokyo_106628_relational_between,106628,stress_test,relational_between,flat,29,2018_1860369__event_001,0.0,True
tokyo_106628_relational_between,106628,stress_test,relational_between,flat,30,2018_1860369__event_002,0.0,True
tokyo_106628_relational_between,106628,stress_test,relational_between,flat,31,2018_1860373__event_001,0.0,True
tokyo_106628_relational_between,106628,stress_test,relational_between,flat,32,2018_1860373__event_002,0.0,True
tokyo_106628_relational_between,106628,stress_test,relational_between,flat,33,2018_1860376__event_001,0.0,True
tokyo_106628_relational_between,106628,stress_test,relational_between,flat,34,2018_1860376__event_002,0.0,True
tokyo_106628_relational_between,106628,stress_test,relational_between,flat,35,2018_1860378__event_001,0.0,True
tokyo_106628_relational_between,106628,stress_test,relational_between,flat,36,2018_1860378__event_002,0.0,True
tokyo_106628_relational_between,106628,stress_test,relational_between,flat,37,2018_1860378__event_003,0.0,True
tokyo_106628_relational_between,106628,stress_test,relational_between,flat,38,2018_1860379__event_001,0.0,True
tokyo_106628_relational_between,106628,stress_test,relational_between,flat,39,2018_1860379__event_002,0.0,True
tokyo_106628_relational_between,106628,stress_test,relational_between,flat,40,2018_1860387__event_001,0.0,True
tokyo_106628_relational_between,106628,stress_test,relational_between,flat,41,2018_1860387__event_002,0.0,True
tokyo_106628_relational_between,106628,stress_test,relational_between,flat,42,2018_1860388__event_001,0.0,True
tokyo_106628_relational_between,106628,stress_test,relational_between,flat,43,2018_1860388__event_002,0.0,True
tokyo_106628_relational_between,106628,stress_test,relational_between,flat,44,2018_1860391__event_003,0.0,True
tokyo_106628_relational_between,106628,stress_test,relational_between,flat,45,2018_1860394__event_001,0.0,True
tokyo_106628_relational_between,106628,stress_test,relational_between,flat,46,2018_1860394__event_002,0.0,True
tokyo_106628_relational_between,106628,stress_test,relational_between,flat,47,2018_1860395__event_002,0.0,True
tokyo_106628_relational_between,106628,stress_test,relational_between,flat,48,2018_1860397__event_001,0.0,True
tokyo_106628_relational_between,106628,stress_test,relational_between,flat,49,2018_1860397__event_002,0.0,True
tokyo_106628_relational_between,106628,stress_test,relational_between,flat,50,2018_1860398__event_001,0.0,True
tokyo_106628_relational_between,106628,stress_test,relational_between,flat,51,2018_1860398__event_002,0.0,True
tokyo_106628_relational_between,106628,stress_test,relational_between,flat,52,2018_1860400__event_001,0.0,True
tokyo_106628_relational_between,106628,stress_test,relational_between,flat,53,2018_1860401__event_001,0.0,True
tokyo_106628_relational_between,106628,stress_test,relational_between,flat,54,2018_1860401__event_002,0.0,True
tokyo_106628_relational_between,106628,stress_test,relational_between,flat,55,2018_1860403__event_001,0.0,True
tokyo_106628_relational_between,106628,stress_test,relational_between,flat,56,2018_1860403__event_002,0.0,True
tokyo_106628_relational_between,106628,stress_test,relational_between,flat,57,2018_1860405__event_001,0.0,True
tokyo_106628_relational_between,106628,stress_test,relational_between,flat,58,2018_1860405__event_002,0.0,True
tokyo_106628_relational_between,106628,stress_test,relational_between,flat,59,2018_1860412__event_001,0.0,True
tokyo_106628_relational_between,106628,stress_test,relational_between,flat,60,2018_1860412__event_002,0.0,True
tokyo_106628_relational_between,106628,stress_test,relational_between,flat,61,2018_1860420__event_001,0.0,True
tokyo_106628_relational_between,106628,stress_test,relational_between,flat,62,2018_1860420__event_002,0.0,True
tokyo_106628_relational_between,106628,stress_test,relational_between,flat,63,2018_1860421__event_001,0.0,True
tokyo_106628_relational_between,106628,stress_test,relational_between,flat,64,2018_1860421__event_002,0.0,True
tokyo_106628_relational_between,106628,stress_test,relational_between,flat,65,2018_1860421__event_003,0.0,True
tokyo_106628_relational_between,106628,stress_test,relational_between,flat,66,2018_1860423__event_001,0.0,True
tokyo_106628_relational_between,106628,stress_test,relational_between,flat,67,2018_1860423__event_002,0.0,True
tokyo_106628_relational_between,106628,stress_test,relational_between,flat,68,2018_1860433__event_001,0.0,True
tokyo_106628_relational_between,106628,stress_test,relational_between,flat,69,2018_1860433__event_002,0.0,True
tokyo_106628_relational_between,106628,stress_test,relational_between,flat,70,2018_1860435__event_001,0.0,True
tokyo_106628_relational_between,106628,stress_test,relational_between,flat,71,2018_1860435__event_002,0.0,True
tokyo_106628_relational_between,106628,stress_test,relational_between,flat,72,2018_1860436__event_001,0.0,True
tokyo_106628_relational_between,106628,stress_test,relational_between,flat,73,2018_1860436__event_002,0.0,True
tokyo_106628_relational_between,106628,stress_test,relational_between,flat,74,2018_1860437__event_001,0.0,True
tokyo_106628_relational_between,106628,stress_test,relational_between,flat,75,2018_1860437__event_002,0.0,True
tokyo_106628_relational_between,106628,stress_test,relational_between,flat,76,2018_1860440__event_001,0.0,True
tokyo_106628_relational_between,106628,stress_test,relational_between,flat,77,2018_1860440__event_002,0.0,True
tokyo_106628_relational_between,106628,stress_test,relational_between,flat,78,2018_1860441__event_001,0.0,True
tokyo_106628_relational_between,106628,stress_test,relational_between,flat,79,2018_1860441__event_002,0.0,True
tokyo_106628_relational_between,106628,stress_test,relational_between,flat,80,2018_1860441__event_003,0.0,True
tokyo_106628_relational_between,106628,stress_test,relational_between,flat,81,2018_1860441__event_004,0.0,True
tokyo_106628_relational_between,106628,stress_test,relational_between,flat,82,2018_1860443__event_001,0.0,True
tokyo_106628_relational_between,106628,stress_test,relational_between,flat,83,2018_1860443__event_002,0.0,True
tokyo_106628_relational_between,106628,stress_test,relational_between,flat,84,2018_1860443__event_003,0.0,True
tokyo_106628_relational_between,106628,stress_test,relational_between,flat,85,2018_1860444__event_001,0.0,True
tokyo_106628_relational_between,106628,stress_test,relational_between,flat,86,2018_1860444__event_002,0.0,True
tokyo_106628_relational_between,106628,stress_test,relational_between,flat,87,2018_1860445__event_001,0.0,True
tokyo_106628_relational_between,106628,stress_test,relational_between,flat,88,2018_1860445__event_002,0.0,True
tokyo_109617_relational_between,109617,stress_test,relational_between,flat,1,2018_1909174__event_002,84.76190586874175,True
tokyo_109617_relational_between,109617,stress_test,relational_between,flat,2,2018_1909174__event_003,64.59515177191547,True
tokyo_109617_relational_between,109617,stress_test,relational_between,flat,3,2018_1909177__event_004,57.871902576828376,True
tokyo_109617_relational_between,109617,stress_test,relational_between,flat,4,2018_1909177__event_003,52.56465938526194,True
tokyo_109617_relational_between,109617,stress_test,relational_between,flat,5,2018_1909179__event_003,27.81208042848668,True
tokyo_109617_relational_between,109617,stress_test,relational_between,flat,6,2018_1909179__event_002,25.99726368710893,True
tokyo_109617_relational_between,109617,stress_test,relational_between,flat,7,2018_1909174__event_001,23.15702848051011,True
tokyo_109617_relational_between,109617,stress_test,relational_between,flat,8,2018_1909199__event_001,14.349220707890723,True
tokyo_109617_relational_between,109617,stress_test,relational_between,flat,9,2018_1909199__event_002,13.785712205866442,True
tokyo_109617_relational_between,109617,stress_test,relational_between,flat,10,2018_1909135__event_002,8.584111294443026,True
tokyo_109617_relational_between,109617,stress_test,relational_between,flat,11,2018_1909177__event_002,8.250281160312548,True
tokyo_109617_relational_between,109617,stress_test,relational_between,flat,12,2018_1909137__event_002,4.906553142826793,True
tokyo_109617_relational_between,109617,stress_test,relational_between,flat,13,2018_1909158__event_002,3.920208062346057,True
tokyo_109617_relational_between,109617,stress_test,relational_between,flat,14,2018_1909184__event_001,3.42321477558665,True
tokyo_109617_relational_between,109617,stress_test,relational_between,flat,15,2018_1909184__event_002,2.970083114957202,True
tokyo_109617_relational_between,109617,stress_test,relational_between,flat,16,2018_1909144__event_001,2.8726467529619875,True
tokyo_109617_relational_between,109617,stress_test,relational_between,flat,17,2018_1909178__event_001,2.861869596794528,True
tokyo_109617_relational_between,109617,stress_test,relational_between,flat,18,2018_1909178__event_002,2.814397282784073,True
tokyo_109617_relational_between,109617,stress_test,relational_between,flat,19,2018_1909167__event_002,2.6599661977401787,True
tokyo_109617_relational_between,109617,stress_test,relational_between,flat,20,2018_1909135__event_001,2.6392773496552526,True
tokyo_109617_relational_between,109617,stress_test,relational_between,flat,21,2018_1909167__event_001,2.598850354585056,True
tokyo_109617_relational_between,109617,stress_test,relational_between,flat,22,2018_1909179__event_001,2.559643152238354,True
tokyo_109617_relational_between,109617,stress_test,relational_between,flat,23,2018_1909158__event_003,2.5216013563944886,True
tokyo_109617_relational_between,109617,stress_test,relational_between,flat,24,2018_1909214__event_004,2.5030013677698353,True
tokyo_109617_relational_between,109617,stress_test,relational_between,flat,25,2018_1909214__event_003,2.363529303937713,True
tokyo_109617_relational_between,109617,stress_test,relational_between,flat,26,2018_1909213__event_003,2.31515251759146,True
tokyo_109617_relational_between,109617,stress_test,relational_between,flat,27,2018_1909138__event_001,2.2155217857803917,True
tokyo_109617_relational_between,109617,stress_test,relational_between,flat,28,2018_1909138__event_002,2.178771003693963,True
tokyo_109617_relational_between,109617,stress_test,relational_between,flat,29,2018_1909157__event_001,2.178771003693963,True
tokyo_109617_relational_between,109617,stress_test,relational_between,flat,30,2018_1909157__event_003,2.178771003693963,True
tokyo_109617_relational_between,109617,stress_test,relational_between,flat,31,2018_1909158__event_001,2.178771003693963,True
tokyo_109617_relational_between,109617,stress_test,relational_between,flat,32,2018_1909213__event_002,2.1672856335613973,True
tokyo_109617_relational_between,109617,stress_test,relational_between,flat,33,2018_1909152__event_001,2.16084906458152,True
tokyo_109617_relational_between,109617,stress_test,relational_between,flat,34,2018_1909137__event_001,2.092015800799982,True
tokyo_109617_relational_between,109617,stress_test,relational_between,flat,35,2018_1909152__event_002,2.092015800799982,True
tokyo_109617_relational_between,109617,stress_test,relational_between,flat,36,2018_1909144__event_002,2.0592178857952037,True
tokyo_109617_relational_between,109617,stress_test,relational_between,flat,37,2018_1909117__event_002,2.02743248611886,True
tokyo_109617_relational_between,109617,stress_test,relational_between,flat,38,2018_1909117__event_001,2.0119049396993463,True
tokyo_109617_relational_between,109617,stress_test,relational_between,flat,39,2018_1909157__event_002,1.8821697660238117,True
tokyo_109617_relational_between,109617,stress_test,relational_between,flat,40,2018_1909129__event_001,0.0,True
tokyo_109617_relational_between,109617,stress_test,relational_between,flat,41,2018_1909129__event_002,0.0,True
tokyo_109617_relational_between,109617,stress_test,relational_between,flat,42,2018_1909143__event_001,0.0,True
tokyo_109617_relational_between,109617,stress_test,relational_between,flat,43,2018_1909143__event_002,0.0,True
tokyo_109617_relational_between,109617,stress_test,relational_between,flat,44,2018_1909148__event_001,0.0,True
tokyo_109617_relational_between,109617,stress_test,relational_between,flat,45,2018_1909148__event_002,0.0,True
tokyo_109617_relational_between,109617,stress_test,relational_between,flat,46,2018_1909150__event_001,0.0,True
tokyo_109617_relational_between,109617,stress_test,relational_between,flat,47,2018_1909150__event_002,0.0,True
tokyo_109617_relational_between,109617,stress_test,relational_between,flat,48,2018_1909175__event_001,0.0,True
tokyo_109617_relational_between,109617,stress_test,relational_between,flat,49,2018_1909175__event_002,0.0,True
tokyo_109617_relational_between,109617,stress_test,relational_between,flat,50,2018_1909177__event_001,0.0,True
tokyo_109617_relational_between,109617,stress_test,relational_between,flat,51,2018_1909181__event_001,0.0,True
tokyo_109617_relational_between,109617,stress_test,relational_between,flat,52,2018_1909181__event_002,0.0,True
tokyo_109617_relational_between,109617,stress_test,relational_between,flat,53,2018_1909187__event_001,0.0,True
tokyo_109617_relational_between,109617,stress_test,relational_between,flat,54,2018_1909187__event_002,0.0,True
tokyo_109617_relational_between,109617,stress_test,relational_between,flat,55,2018_1909190__event_001,0.0,True
tokyo_109617_relational_between,109617,stress_test,relational_between,flat,56,2018_1909190__event_002,0.0,True
tokyo_109617_relational_between,109617,stress_test,relational_between,flat,57,2018_1909195__event_001,0.0,True
tokyo_109617_relational_between,109617,stress_test,relational_between,flat,58,2018_1909195__event_002,0.0,True
tokyo_109617_relational_between,109617,stress_test,relational_between,flat,59,2018_1909198__event_001,0.0,True
tokyo_109617_relational_between,109617,stress_test,relational_between,flat,60,2018_1909198__event_002,0.0,True
tokyo_109617_relational_between,109617,stress_test,relational_between,flat,61,2018_1909203__event_001,0.0,True
tokyo_109617_relational_between,109617,stress_test,relational_between,flat,62,2018_1909203__event_002,0.0,True
tokyo_109617_relational_between,109617,stress_test,relational_between,flat,63,2018_1909211__event_001,0.0,True
tokyo_109617_relational_between,109617,stress_test,relational_between,flat,64,2018_1909211__event_002,0.0,True
tokyo_109617_relational_between,109617,stress_test,relational_between,flat,65,2018_1909212__event_001,0.0,True
tokyo_109617_relational_between,109617,stress_test,relational_between,flat,66,2018_1909212__event_002,0.0,True
tokyo_109617_relational_between,109617,stress_test,relational_between,flat,67,2018_1909213__event_001,0.0,True
tokyo_109617_relational_between,109617,stress_test,relational_between,flat,68,2018_1909214__event_001,0.0,True
tokyo_109617_relational_between,109617,stress_test,relational_between,flat,69,2018_1909214__event_002,0.0,True
tokyo_109621_relational_between,109621,stress_test,relational_between,flat,1,2018_1909372__event_002,46.739247918105995,True
tokyo_109621_relational_between,109621,stress_test,relational_between,flat,2,2018_1909372__event_004,38.49476809429495,True
tokyo_109621_relational_between,109621,stress_test,relational_between,flat,3,2018_1909372__event_003,31.99645586530871,True
tokyo_109621_relational_between,109621,stress_test,relational_between,flat,4,2018_1909371__event_001,12.007916874910936,True
tokyo_109621_relational_between,109621,stress_test,relational_between,flat,5,2018_1909372__event_001,11.263581323312035,True
tokyo_109621_relational_between,109621,stress_test,relational_between,flat,6,2018_1909371__event_002,10.388259921590256,True
tokyo_109621_relational_between,109621,stress_test,relational_between,flat,7,2018_1909390__event_004,2.918264854768251,True
tokyo_109621_relational_between,109621,stress_test,relational_between,flat,8,2018_1909390__event_003,2.8658265773885856,True
tokyo_109621_relational_between,109621,stress_test,relational_between,flat,9,2018_1909366__event_001,2.834705125999458,True
tokyo_109621_relational_between,109621,stress_test,relational_between,flat,10,2018_1909384__event_002,2.804978081973089,True
tokyo_109621_relational_between,109621,stress_test,relational_between,flat,11,2018_1909384__event_001,2.7893075318991407,True
tokyo_109621_relational_between,109621,stress_test,relational_between,flat,12,2018_1909390__event_002,2.7738156698687164,True
tokyo_109621_relational_between,109621,stress_test,relational_between,flat,13,2018_1909370__event_004,2.587358665884789,True
tokyo_109621_relational_between,109621,stress_test,relational_between,flat,14,2018_1909370__event_003,2.5479128185095905,True
tokyo_109621_relational_between,109621,stress_test,relational_between,flat,15,2018_1909369__event_005,2.5037876169961466,True
tokyo_109621_relational_between,109621,stress_test,relational_between,flat,16,2018_1909389__event_002,2.3821257175477037,True
tokyo_109621_relational_between,109621,stress_test,relational_between,flat,17,2018_1909375__event_004,2.3495070798416338,True
tokyo_109621_relational_between,109621,stress_test,relational_between,flat,18,2018_1909389__event_001,2.3495070798416338,True
tokyo_109621_relational_between,109621,stress_test,relational_between,flat,19,2018_1909365__event_002,2.302220349169166,True
tokyo_109621_relational_between,109621,stress_test,relational_between,flat,20,2018_1909383__event_004,2.227501647955156,True
tokyo_109621_relational_between,109621,stress_test,relational_between,flat,21,2018_1909383__event_003,2.0790547799047894,True
tokyo_109621_relational_between,109621,stress_test,relational_between,flat,22,2018_1909386__event_001,2.0790547799047894,True
tokyo_109621_relational_between,109621,stress_test,relational_between,flat,23,2018_1909386__event_002,2.066534816867333,True
tokyo_109621_relational_between,109621,stress_test,relational_between,flat,24,2018_1909371__event_004,1.9413570105608107,True
tokyo_109621_relational_between,109621,stress_test,relational_between,flat,25,2018_1909369__event_004,1.8878241827212863,True
tokyo_109621_relational_between,109621,stress_test,relational_between,flat,26,2018_1909374__event_002,1.7216625140467496,True
tokyo_109621_relational_between,109621,stress_test,relational_between,flat,27,2018_1909390__event_005,1.7028989125793852,True
tokyo_109621_relational_between,109621,stress_test,relational_between,flat,28,2018_1909370__event_002,1.6794284606850525,True
tokyo_109621_relational_between,109621,stress_test,relational_between,flat,29,2018_1909371__event_003,1.636945171418963,True
tokyo_109621_relational_between,109621,stress_test,relational_between,flat,30,2018_1909366__event_002,1.3627451822052636,True
tokyo_109621_relational_between,109621,stress_test,relational_between,flat,31,2018_1909370__event_001,1.3386677362915504,True
tokyo_109621_relational_between,109621,stress_test,relational_between,flat,32,2018_1909373__event_001,1.3386677362915504,True
tokyo_109621_relational_between,109621,stress_test,relational_between,flat,33,2018_1909374__event_005,1.330569344245111,True
tokyo_109621_relational_between,109621,stress_test,relational_between,flat,34,2018_1909382__event_001,1.2987251453005,True
tokyo_109621_relational_between,109621,stress_test,relational_between,flat,35,2018_1909382__event_002,1.2987251453005,True
tokyo_109621_relational_between,109621,stress_test,relational_between,flat,36,2018_1909390__event_001,1.2517553395032317,True
tokyo_109621_relational_between,109621,stress_test,relational_between,flat,37,2018_1909397__event_002,1.2342764784497957,True
tokyo_109621_relational_between,109621,stress_test,relational_between,flat,38,2018_1909397__event_001,1.217021011316731,True
tokyo_109621_relational_between,109621,stress_test,relational_between,flat,39,2018_1909395__event_003,1.2085729483614387,True
tokyo_109621_relational_between,109621,stress_test,relational_between,flat,40,2018_1909374__event_004,1.2070686809518656,True
tokyo_109621_relational_between,109621,stress_test,relational_between,flat,41,2018_1909368__event_001,1.200241362874562,True
tokyo_109621_relational_between,109621,stress_test,relational_between,flat,42,2018_1909374__event_001,1.1900747958453297,True
tokyo_109621_relational_between,109621,stress_test,relational_between,flat,43,2018_1909383__event_001,1.1759218703637302,True
tokyo_109621_relational_between,109621,stress_test,relational_between,flat,44,2018_1909365__event_001,1.14184780420829,True
tokyo_109621_relational_between,109621,stress_test,relational_between,flat,45,2018_1909368__event_002,1.1301243315237475,True
tokyo_109621_relational_between,109621,stress_test,relational_between,flat,46,2018_1909379__event_004,1.1301243315237475,True
tokyo_109621_relational_between,109621,stress_test,relational_between,flat,47,2018_1909395__event_002,1.1156410522880176,True
tokyo_109621_relational_between,109621,stress_test,relational_between,flat,48,2018_1909375__event_002,1.0945990528052238,True
tokyo_109621_relational_between,109621,stress_test,relational_between,flat,49,2018_1909379__event_001,1.0548097216889039,True
tokyo_109621_relational_between,109621,stress_test,relational_between,flat,50,2018_1909375__event_003,0.9768973213018561,True
tokyo_109621_relational_between,109621,stress_test,relational_between,flat,51,2018_1909379__event_003,0.9669378012697165,True
tokyo_109621_relational_between,109621,stress_test,relational_between,flat,52,2018_1909383__event_002,0.9548279244316831,True
tokyo_109621_relational_between,109621,stress_test,relational_between,flat,53,2018_1909388__event_002,0.9350878579637236,True
tokyo_109621_relational_between,109621,stress_test,relational_between,flat,54,2018_1909379__event_002,0.8925805364004531,True
tokyo_109621_relational_between,109621,stress_test,relational_between,flat,55,2018_1909378__event_003,0.8655698684234775,True
tokyo_109621_relational_between,109621,stress_test,relational_between,flat,56,2018_1909376__event_003,0.7995256678784349,True
tokyo_109621_relational_between,109621,stress_test,relational_between,flat,57,2018_1909367__event_003,0.7428455088843388,True
tokyo_109621_relational_between,109621,stress_test,relational_between,flat,58,2018_1909373__event_003,0.7324603589707656,True
tokyo_109621_relational_between,109621,stress_test,relational_between,flat,59,2018_1909369__event_003,0.7273759182197006,True
tokyo_109621_relational_between,109621,stress_test,relational_between,flat,60,2018_1909371__event_006,0.7174159016774363,True
tokyo_109621_relational_between,109621,stress_test,relational_between,flat,61,2018_1909374__event_003,0.7125374853296441,True
tokyo_109621_relational_between,109621,stress_test,relational_between,flat,62,2018_1909369__event_002,0.7077249671772785,True
tokyo_109621_relational_between,109621,stress_test,relational_between,flat,63,2018_1909373__event_006,0.7077249671772785,True
tokyo_109621_relational_between,109621,stress_test,relational_between,flat,64,2018_1909371__event_007,0.6982923556822519,True
tokyo_109621_relational_between,109621,stress_test,relational_between,flat,65,2018_1909373__event_002,0.6757753927607825,True
tokyo_109621_relational_between,109621,stress_test,relational_between,flat,66,2018_1909376__event_002,0.6757753927607825,True
tokyo_109621_relational_between,109621,stress_test,relational_between,flat,67,2018_1909373__event_005,0.6426205395122255,True
tokyo_109621_relational_between,109621,stress_test,relational_between,flat,68,2018_1909367__event_001,0.0,True
tokyo_109621_relational_between,109621,stress_test,relational_between,flat,69,2018_1909367__event_002,0.0,True
tokyo_109621_relational_between,109621,stress_test,relational_between,flat,70,2018_1909368__event_003,0.0,True
tokyo_109621_relational_between,109621,stress_test,relational_between,flat,71,2018_1909368__event_004,0.0,True
tokyo_109621_relational_between,109621,stress_test,relational_between,flat,72,2018_1909368__event_005,0.0,True
tokyo_109621_relational_between,109621,stress_test,relational_between,flat,73,2018_1909369__event_001,0.0,True
tokyo_109621_relational_between,109621,stress_test,relational_between,flat,74,2018_1909371__event_005,0.0,True
tokyo_109621_relational_between,109621,stress_test,relational_between,flat,75,2018_1909371__event_008,0.0,True
tokyo_109621_relational_between,109621,stress_test,relational_between,flat,76,2018_1909371__event_009,0.0,True
tokyo_109621_relational_between,109621,stress_test,relational_between,flat,77,2018_1909371__event_010,0.0,True
tokyo_109621_relational_between,109621,stress_test,relational_between,flat,78,2018_1909373__event_004,0.0,True
tokyo_109621_relational_between,109621,stress_test,relational_between,flat,79,2018_1909375__event_001,0.0,True
tokyo_109621_relational_between,109621,stress_test,relational_between,flat,80,2018_1909376__event_001,0.0,True
tokyo_109621_relational_between,109621,stress_test,relational_between,flat,81,2018_1909377__event_001,0.0,True
tokyo_109621_relational_between,109621,stress_test,relational_between,flat,82,2018_1909377__event_002,0.0,True
tokyo_109621_relational_between,109621,stress_test,relational_between,flat,83,2018_1909378__event_001,0.0,True
tokyo_109621_relational_between,109621,stress_test,relational_between,flat,84,2018_1909378__event_002,0.0,True
tokyo_109621_relational_between,109621,stress_test,relational_between,flat,85,2018_1909385__event_001,0.0,True
tokyo_109621_relational_between,109621,stress_test,relational_between,flat,86,2018_1909385__event_002,0.0,True
tokyo_109621_relational_between,109621,stress_test,relational_between,flat,87,2018_1909388__event_001,0.0,True
tokyo_109621_relational_between,109621,stress_test,relational_between,flat,88,2018_1909394__event_001,0.0,True
tokyo_109621_relational_between,109621,stress_test,relational_between,flat,89,2018_1909394__event_002,0.0,True
tokyo_109621_relational_between,109621,stress_test,relational_between,flat,90,2018_1909395__event_001,0.0,True
tokyo_109621_relational_between,109621,stress_test,relational_between,flat,91,2018_1909396__event_001,0.0,True
tokyo_109621_relational_between,109621,stress_test,relational_between,flat,92,2018_1909396__event_002,0.0,True
tokyo_113499_relational_between,113499,stress_test,relational_between,flat,1,2018_1959234__event_002,36.64444610168668,False
tokyo_113499_relational_between,113499,stress_test,relational_between,flat,2,2018_1959249__event_002,35.707215964382,False
tokyo_113499_relational_between,113499,stress_test,relational_between,flat,3,2018_1959249__event_001,34.3947386969081,False
tokyo_113499_relational_between,113499,stress_test,relational_between,flat,4,2018_1959258__event_002,28.967068268859645,False
tokyo_113499_relational_between,113499,stress_test,relational_between,flat,5,2018_1959234__event_001,27.457893150607465,False
tokyo_113499_relational_between,113499,stress_test,relational_between,flat,6,2018_1959258__event_001,25.051981921180726,False
tokyo_113499_relational_between,113499,stress_test,relational_between,flat,7,2018_1959250__event_002,10.325905193997038,False
tokyo_113499_relational_between,113499,stress_test,relational_between,flat,8,2018_1959257__event_002,9.981148796293622,False
tokyo_113499_relational_between,113499,stress_test,relational_between,flat,9,2018_1959267__event_002,9.898589595288248,False
tokyo_113499_relational_between,113499,stress_test,relational_between,flat,10,2018_1959242__event_002,9.817408615195518,False
tokyo_113499_relational_between,113499,stress_test,relational_between,flat,11,2018_1959243__event_002,9.817408615195518,False
tokyo_113499_relational_between,113499,stress_test,relational_between,flat,12,2018_1959253__event_002,9.817408615195518,False
tokyo_113499_relational_between,113499,stress_test,relational_between,flat,13,2018_1959268__event_002,9.817408615195518,False
tokyo_113499_relational_between,113499,stress_test,relational_between,flat,14,2018_1959247__event_002,9.65904375667766,False
tokyo_113499_relational_between,113499,stress_test,relational_between,flat,15,2018_1959250__event_001,9.536806171648212,False
tokyo_113499_relational_between,113499,stress_test,relational_between,flat,16,2018_1959265__event_001,9.357402110719933,False
tokyo_113499_relational_between,113499,stress_test,relational_between,flat,17,2018_1959267__event_001,9.28352239215927,False
tokyo_113499_relational_between,113499,stress_test,relational_between,flat,18,2018_1959234__event_004,9.213647844382079,False
tokyo_113499_relational_between,113499,stress_test,relational_between,flat,19,2018_1959236__event_002,9.213647844382077,False
tokyo_113499_relational_between,113499,stress_test,relational_between,flat,20,2018_1959251__event_002,9.213647844382077,False
tokyo_113499_relational_between,113499,stress_test,relational_between,flat,21,2018_1959242__event_001,9.202057941948743,False
tokyo_113499_relational_between,113499,stress_test,relational_between,flat,22,2018_1959243__event_001,9.202057941948743,False
tokyo_113499_relational_between,113499,stress_test,relational_between,flat,23,2018_1959253__event_001,9.202057941948743,False
tokyo_113499_relational_between,113499,stress_test,relational_between,flat,24,2018_1959257__event_001,9.202057941948743,False
tokyo_113499_relational_between,113499,stress_test,relational_between,flat,25,2018_1959268__event_001,9.202057941948743,False
tokyo_113499_relational_between,113499,stress_test,relational_between,flat,26,2018_1959234__event_003,9.16769416530822,False
tokyo_113499_relational_between,113499,stress_test,relational_between,flat,27,2018_1959240__event_002,8.680839358011836,False
tokyo_113499_relational_between,113499,stress_test,relational_between,flat,28,2018_1959258__event_003,8.680839358011836,False
tokyo_113499_relational_between,113499,stress_test,relational_between,flat,29,2018_1959247__event_001,8.598436294225124,False
tokyo_113499_relational_between,113499,stress_test,relational_between,flat,30,2018_1959251__event_001,8.598436294225124,False
tokyo_113499_relational_between,113499,stress_test,relational_between,flat,31,2018_1959244__event_002,8.557263117211834,False
tokyo_113499_relational_between,113499,stress_test,relational_between,flat,32,2018_1959236__event_001,8.392004392614234,False
tokyo_113499_relational_between,113499,stress_test,relational_between,flat,33,2018_1959265__event_002,8.392004392614234,False
tokyo_113499_relational_between,113499,stress_test,relational_between,flat,34,2018_1959240__event_001,8.007514384211305,False
tokyo_113499_relational_between,113499,stress_test,relational_between,flat,35,2018_1959244__event_001,8.007514384211305,False
tokyo_113499_relational_between,113499,stress_test,relational_between,flat,36,2018_1959238__event_001,0.0,False
tokyo_113499_relational_between,113499,stress_test,relational_between,flat,37,2018_1959238__event_002,0.0,False
tokyo_113897_relational_between,113897,stress_test,relational_between,flat,1,2018_1963913__event_002,12.479066597837072,False
tokyo_113897_relational_between,113897,stress_test,relational_between,flat,2,2018_1963913__event_003,8.64899784560098,False
tokyo_113897_relational_between,113897,stress_test,relational_between,flat,3,2018_1963902__event_002,4.84373422356043,False
tokyo_113897_relational_between,113897,stress_test,relational_between,flat,4,2018_1963911__event_003,4.84373422356043,False
tokyo_113897_relational_between,113897,stress_test,relational_between,flat,5,2018_1963921__event_002,4.84373422356043,False
tokyo_113897_relational_between,113897,stress_test,relational_between,flat,6,2018_1963924__event_001,3.356486916190523,False
tokyo_113897_relational_between,113897,stress_test,relational_between,flat,7,2018_1963895__event_001,3.241648539391334,False
tokyo_113897_relational_between,113897,stress_test,relational_between,flat,8,2018_1963895__event_002,3.169357892463137,False
tokyo_113897_relational_between,113897,stress_test,relational_between,flat,9,2018_1963924__event_002,3.100221158349558,False
tokyo_113897_relational_between,113897,stress_test,relational_between,flat,10,2018_1963904__event_001,3.0019924504076276,False
tokyo_113897_relational_between,113897,stress_test,relational_between,flat,11,2018_1963910__event_001,3.0019924504076276,False
tokyo_113897_relational_between,113897,stress_test,relational_between,flat,12,2018_1963910__event_002,3.0019924504076276,False
tokyo_113897_relational_between,113897,stress_test,relational_between,flat,13,2018_1963911__event_001,2.970618344405154,False
tokyo_113897_relational_between,113897,stress_test,relational_between,flat,14,2018_1963878__event_001,2.9398932430706943,False
tokyo_113897_relational_between,113897,stress_test,relational_between,flat,15,2018_1963902__event_001,2.9398932430706943,False
tokyo_113897_relational_between,113897,stress_test,relational_between,flat,16,2018_1963904__event_002,2.9398932430706943,False
tokyo_113897_relational_between,113897,stress_test,relational_between,flat,17,2018_1963913__event_001,2.9398932430706943,False
tokyo_113897_relational_between,113897,stress_test,relational_between,flat,18,2018_1963915__event_001,2.9398932430706943,False
tokyo_113897_relational_between,113897,stress_test,relational_between,flat,19,2018_1963915__event_002,2.9398932430706943,False
tokyo_113897_relational_between,113897,stress_test,relational_between,flat,20,2018_1963921__event_001,2.9398932430706943,False
tokyo_113897_relational_between,113897,stress_test,relational_between,flat,21,2018_1963878__event_002,2.8803111350784425,False
tokyo_113897_relational_between,113897,stress_test,relational_between,flat,22,2018_1963887__event_001,2.8803111350784425,False
tokyo_113897_relational_between,113897,stress_test,relational_between,flat,23,2018_1963925__event_001,2.8803111350784425,False
tokyo_113897_relational_between,113897,stress_test,relational_between,flat,24,2018_1963887__event_002,2.8230961261133865,False
tokyo_113897_relational_between,113897,stress_test,relational_between,flat,25,2018_1963925__event_002,2.8230961261133865,False
tokyo_113897_relational_between,113897,stress_test,relational_between,flat,26,2018_1963883__event_001,2.7953326355901233,False
tokyo_113897_relational_between,113897,stress_test,relational_between,flat,27,2018_1963883__event_002,2.7414122797474,False
tokyo_113897_relational_between,113897,stress_test,relational_between,flat,28,2018_1963911__event_002,2.6643224135247316,False
tokyo_113897_relational_between,113897,stress_test,relational_between,flat,29,2018_1963882__event_002,1.7120780753709433,False
tokyo_113897_relational_between,113897,stress_test,relational_between,flat,30,2018_1963882__event_001,0.0,False
tokyo_113897_relational_between,113897,stress_test,relational_between,flat,31,2018_1963884__event_001,0.0,False
tokyo_113897_relational_between,113897,stress_test,relational_between,flat,32,2018_1963884__event_002,0.0,False
tokyo_113897_relational_between,113897,stress_test,relational_between,flat,33,2018_1963884__event_003,0.0,False
tokyo_113897_relational_between,113897,stress_test,relational_between,flat,34,2018_1963899__event_001,0.0,False
tokyo_113897_relational_between,113897,stress_test,relational_between,flat,35,2018_1963899__event_002,0.0,False
tokyo_113897_relational_between,113897,stress_test,relational_between,flat,36,2018_1963919__event_001,0.0,False
tokyo_113897_relational_between,113897,stress_test,relational_between,flat,37,2018_1963919__event_002,0.0,False
tokyo_113897_relational_between,113897,stress_test,relational_between,flat,38,2018_1963922__event_001,0.0,False
tokyo_113897_relational_between,113897,stress_test,relational_between,flat,39,2018_1963922__event_002,0.0,False
tokyo_115855_relational_between,115855,stress_test,relational_between,flat,1,2018_1984790__event_002,23.694528263162283,False
tokyo_115855_relational_between,115855,stress_test,relational_between,flat,2,2018_1984790__event_001,20.620651363595947,False
tokyo_115855_relational_between,115855,stress_test,relational_between,flat,3,2018_1984790__event_004,6.726345962084272,False
tokyo_115855_relational_between,115855,stress_test,relational_between,flat,4,2018_1984792__event_002,3.647278202515536,False
tokyo_115855_relational_between,115855,stress_test,relational_between,flat,5,2018_1984792__event_001,3.6144362777305026,False
tokyo_115855_relational_between,115855,stress_test,relational_between,flat,6,2018_1984791__event_001,3.2783193524089436,False
tokyo_115855_relational_between,115855,stress_test,relational_between,flat,7,2018_1984806__event_001,3.2783193524089436,False
tokyo_115855_relational_between,115855,stress_test,relational_between,flat,8,2018_1984807__event_001,3.2783193524089436,False
tokyo_115855_relational_between,115855,stress_test,relational_between,flat,9,2018_1984791__event_002,3.2035008327598793,False
tokyo_115855_relational_between,115855,stress_test,relational_between,flat,10,2018_1984806__event_002,3.2035008327598793,False
tokyo_115855_relational_between,115855,stress_test,relational_between,flat,11,2018_1984807__event_002,3.2035008327598793,False
tokyo_115855_relational_between,115855,stress_test,relational_between,flat,12,2018_1984790__event_003,2.9496509276862533,False
tokyo_115855_relational_between,115855,stress_test,relational_between,flat,13,2018_1984800__event_002,1.4857614886249797,False
tokyo_115855_relational_between,115855,stress_test,relational_between,flat,14,2018_1984785__event_002,1.324034839505823,False
tokyo_115855_relational_between,115855,stress_test,relational_between,flat,15,2018_1984781__event_001,0.0,False
tokyo_115855_relational_between,115855,stress_test,relational_between,flat,16,2018_1984781__event_002,0.0,False
tokyo_115855_relational_between,115855,stress_test,relational_between,flat,17,2018_1984785__event_001,0.0,False
tokyo_115855_relational_between,115855,stress_test,relational_between,flat,18,2018_1984793__event_001,0.0,False
tokyo_115855_relational_between,115855,stress_test,relational_between,flat,19,2018_1984793__event_002,0.0,False
tokyo_115855_relational_between,115855,stress_test,relational_between,flat,20,2018_1984798__event_001,0.0,False
tokyo_115855_relational_between,115855,stress_test,relational_between,flat,21,2018_1984798__event_002,0.0,False
tokyo_115855_relational_between,115855,stress_test,relational_between,flat,22,2018_1984800__event_001,0.0,False
tokyo_1172_relational_between,1172,stress_test,relational_between,flat,1,2018_23932__event_002,37.191566005216366,True
tokyo_1172_relational_between,1172,stress_test,relational_between,flat,2,2018_23921__event_002,25.546684203544228,True
tokyo_1172_relational_between,1172,stress_test,relational_between,flat,3,2018_23945__event_002,25.546684203544228,True
tokyo_1172_relational_between,1172,stress_test,relational_between,flat,4,2018_23979__event_002,23.161934830259533,True
tokyo_1172_relational_between,1172,stress_test,relational_between,flat,5,2018_23888__event_001,22.534359059101593,True
tokyo_1172_relational_between,1172,stress_test,relational_between,flat,6,2018_23921__event_001,22.467941466966295,True
tokyo_1172_relational_between,1172,stress_test,relational_between,flat,7,2018_23932__event_003,22.467941466966295,True
tokyo_1172_relational_between,1172,stress_test,relational_between,flat,8,2018_23945__event_001,22.467941466966295,True
tokyo_1172_relational_between,1172,stress_test,relational_between,flat,9,2018_23888__event_003,20.791906125859548,True
tokyo_1172_relational_between,1172,stress_test,relational_between,flat,10,2018_23932__event_001,19.955353132605357,True
tokyo_1172_relational_between,1172,stress_test,relational_between,flat,11,2018_23883__event_001,19.738669008640894,True
tokyo_1172_relational_between,1172,stress_test,relational_between,flat,12,2018_23905__event_001,19.709790709201968,True
tokyo_1172_relational_between,1172,stress_test,relational_between,flat,13,2018_23905__event_002,19.571148168759823,True
tokyo_1172_relational_between,1172,stress_test,relational_between,flat,14,2018_23911__event_002,19.46763211468704,True
tokyo_1172_relational_between,1172,stress_test,relational_between,flat,15,2018_23911__event_001,19.327103253517453,True
tokyo_1172_relational_between,1172,stress_test,relational_between,flat,16,2018_23888__event_002,19.22273299375825,True
tokyo_1172_relational_between,1172,stress_test,relational_between,flat,17,2018_23885__event_003,18.275802034877987,True
tokyo_1172_relational_between,1172,stress_test,relational_between,flat,18,2018_23876__event_001,18.148071791627714,True
tokyo_1172_relational_between,1172,stress_test,relational_between,flat,19,2018_23885__event_002,17.97884742481311,True
tokyo_1172_relational_between,1172,stress_test,relational_between,flat,20,2018_23979__event_001,17.66901344588866,True
tokyo_1172_relational_between,1172,stress_test,relational_between,flat,21,2018_23979__event_003,17.66901344588866,True
tokyo_1172_relational_between,1172,stress_test,relational_between,flat,22,2018_23883__event_002,17.08927388715872,True
tokyo_1172_relational_between,1172,stress_test,relational_between,flat,23,2018_23876__event_002,16.473186767733544,True
tokyo_1172_relational_between,1172,stress_test,relational_between,flat,24,2018_23929__event_004,12.292826726690057,True
tokyo_1172_relational_between,1172,stress_test,relational_between,flat,25,2018_23929__event_002,11.858546987834995,True
tokyo_1172_relational_between,1172,stress_test,relational_between,flat,26,2018_23929__event_003,11.77534733200372,True
tokyo_1172_relational_between,1172,stress_test,relational_between,flat,27,2018_23884__event_001,10.606110114639396,True
tokyo_1172_relational_between,1172,stress_test,relational_between,flat,28,2018_23884__event_002,9.284639393191611,True
tokyo_1172_relational_between,1172,stress_test,relational_between,flat,29,2018_23947__event_002,7.20457606385896,True
tokyo_1172_relational_between,1172,stress_test,relational_between,flat,30,2018_23868__event_001,6.126940556760504,True
tokyo_1172_relational_between,1172,stress_test,relational_between,flat,31,2018_23968__event_001,6.126940556760504,True
tokyo_1172_relational_between,1172,stress_test,relational_between,flat,32,2018_23860__event_001,5.988250034585145,True
tokyo_1172_relational_between,1172,stress_test,relational_between,flat,33,2018_23885__event_001,5.986524745211876,True
tokyo_1172_relational_between,1172,stress_test,relational_between,flat,34,2018_23868__event_002,5.8605202358218245,True
tokyo_1172_relational_between,1172,stress_test,relational_between,flat,35,2018_23876__event_004,5.855699376279505,True
tokyo_1172_relational_between,1172,stress_test,relational_between,flat,36,2018_23837__event_001,5.739710674619438,True
tokyo_1172_relational_between,1172,stress_test,relational_between,flat,37,2018_23965__event_002,5.687831565379094,True
tokyo_1172_relational_between,1172,stress_test,relational_between,flat,38,2018_23965__event_001,5.568113956851364,True
tokyo_1172_relational_between,1172,stress_test,relational_between,flat,39,2018_23968__event_002,4.757203607179715,True
tokyo_1172_relational_between,1172,stress_test,relational_between,flat,40,2018_23947__event_001,4.428315794160546,True
tokyo_1172_relational_between,1172,stress_test,relational_between,flat,41,2018_23837__event_002,3.196147400741186,True
tokyo_1172_relational_between,1172,stress_test,relational_between,flat,42,2018_23860__event_002,3.147687288773655,True
tokyo_1172_relational_between,1172,stress_test,relational_between,flat,43,2018_23942__event_002,2.9699840402176996,True
tokyo_1172_relational_between,1172,stress_test,relational_between,flat,44,2018_23942__event_003,2.8725529646991306,True
tokyo_1172_relational_between,1172,stress_test,relational_between,flat,45,2018_23917__event_002,2.858821983859585,True
tokyo_1172_relational_between,1172,stress_test,relational_between,flat,46,2018_23917__event_001,2.845232334371234,True
tokyo_1172_relational_between,1172,stress_test,relational_between,flat,47,2018_23942__event_001,2.845232334371234,True
tokyo_1172_relational_between,1172,stress_test,relational_between,flat,48,2018_23876__event_003,2.7226829679092326,True
tokyo_1172_relational_between,1172,stress_test,relational_between,flat,49,2018_23935__event_001,1.9132853928301343,True
tokyo_1172_relational_between,1172,stress_test,relational_between,flat,50,2018_23935__event_002,1.1882763532958074,True
tokyo_1172_relational_between,1172,stress_test,relational_between,flat,51,2018_23883__event_003,0.45254313473148905,True
tokyo_1172_relational_between,1172,stress_test,relational_between,flat,52,2018_23868__event_003,0.340133922731213,True
tokyo_1172_relational_between,1172,stress_test,relational_between,flat,53,2018_23870__event_001,0.3320052523417179,True
tokyo_1172_relational_between,1172,stress_test,relational_between,flat,54,2018_23870__event_002,0.32679860101244623,True
tokyo_1172_relational_between,1172,stress_test,relational_between,flat,55,2018_23832__event_002,0.30303682221420175,True
tokyo_1172_relational_between,1172,stress_test,relational_between,flat,56,2018_23832__event_001,0.2965677217518964,True
tokyo_1172_relational_between,1172,stress_test,relational_between,flat,57,2018_23863__event_001,0.0,True
tokyo_1172_relational_between,1172,stress_test,relational_between,flat,58,2018_23863__event_002,0.0,True
tokyo_1172_relational_between,1172,stress_test,relational_between,flat,59,2018_23879__event_001,0.0,True
tokyo_1172_relational_between,1172,stress_test,relational_between,flat,60,2018_23879__event_002,0.0,True
tokyo_1172_relational_between,1172,stress_test,relational_between,flat,61,2018_23879__event_003,0.0,True
tokyo_1172_relational_between,1172,stress_test,relational_between,flat,62,2018_23894__event_001,0.0,True
tokyo_1172_relational_between,1172,stress_test,relational_between,flat,63,2018_23894__event_002,0.0,True
tokyo_1172_relational_between,1172,stress_test,relational_between,flat,64,2018_23915__event_001,0.0,True
tokyo_1172_relational_between,1172,stress_test,relational_between,flat,65,2018_23915__event_002,0.0,True
tokyo_1172_relational_between,1172,stress_test,relational_between,flat,66,2018_23923__event_001,0.0,True
tokyo_1172_relational_between,1172,stress_test,relational_between,flat,67,2018_23923__event_002,0.0,True
tokyo_1172_relational_between,1172,stress_test,relational_between,flat,68,2018_23928__event_001,0.0,True
tokyo_1172_relational_between,1172,stress_test,relational_between,flat,69,2018_23928__event_002,0.0,True
tokyo_1172_relational_between,1172,stress_test,relational_between,flat,70,2018_23929__event_001,0.0,True
tokyo_1172_relational_between,1172,stress_test,relational_between,flat,71,2018_23931__event_001,0.0,True
tokyo_1172_relational_between,1172,stress_test,relational_between,flat,72,2018_23931__event_002,0.0,True
tokyo_1172_relational_between,1172,stress_test,relational_between,flat,73,2018_23935__event_003,0.0,True
tokyo_119597_relational_between,119597,stress_test,relational_between,flat,1,2018_2023481__event_003,18.6359515479336,False
tokyo_119597_relational_between,119597,stress_test,relational_between,flat,2,2018_2023481__event_004,13.501456802960577,False
tokyo_119597_relational_between,119597,stress_test,relational_between,flat,3,2018_2023481__event_002,10.022310194108517,False
tokyo_119597_relational_between,119597,stress_test,relational_between,flat,4,2018_2023466__event_002,9.587097379261083,False
tokyo_119597_relational_between,119597,stress_test,relational_between,flat,5,2018_2023466__event_003,9.478826587347998,False
tokyo_119597_relational_between,119597,stress_test,relational_between,flat,6,2018_2023469__event_002,9.337165768172493,False
tokyo_119597_relational_between,119597,stress_test,relational_between,flat,7,2018_2023500__event_002,9.337165768172493,False
tokyo_119597_relational_between,119597,stress_test,relational_between,flat,8,2018_2023469__event_001,9.0769071264781,False
tokyo_119597_relational_between,119597,stress_test,relational_between,flat,9,2018_2023481__event_001,9.0769071264781,False
tokyo_119597_relational_between,119597,stress_test,relational_between,flat,10,2018_2023500__event_001,9.0769071264781,False
tokyo_119597_relational_between,119597,stress_test,relational_between,flat,11,2018_2023484__event_003,8.98060246193742,False
tokyo_119597_relational_between,119597,stress_test,relational_between,flat,12,2018_2023484__event_002,8.484882250388768,False
tokyo_119597_relational_between,119597,stress_test,relational_between,flat,13,2018_2023484__event_004,7.7469591604809205,False
tokyo_119597_relational_between,119597,stress_test,relational_between,flat,14,2018_2023472__event_002,6.45050230429356,False
tokyo_119597_relational_between,119597,stress_test,relational_between,flat,15,2018_2023479__event_002,6.030724415591321,False
tokyo_119597_relational_between,119597,stress_test,relational_between,flat,16,2018_2023479__event_001,5.752722413368945,False
tokyo_119597_relational_between,119597,stress_test,relational_between,flat,17,2018_2023495__event_002,5.658437155675417,False
tokyo_119597_relational_between,119597,stress_test,relational_between,flat,18,2018_2023460__event_002,5.593591228285104,False
tokyo_119597_relational_between,119597,stress_test,relational_between,flat,19,2018_2023460__event_001,5.585427463069535,False
tokyo_119597_relational_between,119597,stress_test,relational_between,flat,20,2018_2023457__event_001,5.540895682197647,False
tokyo_119597_relational_between,119597,stress_test,relational_between,flat,21,2018_2023474__event_001,5.528168038863854,False
tokyo_119597_relational_between,119597,stress_test,relational_between,flat,22,2018_2023503__event_001,5.528168038863854,False
tokyo_119597_relational_between,119597,stress_test,relational_between,flat,23,2018_2023487__event_002,5.4720853292158464,False
tokyo_119597_relational_between,119597,stress_test,relational_between,flat,24,2018_2023466__event_001,5.291919729420665,False
tokyo_119597_relational_between,119597,stress_test,relational_between,flat,25,2018_2023457__event_002,5.208104601968192,False
tokyo_119597_relational_between,119597,stress_test,relational_between,flat,26,2018_2023487__event_001,5.158370580769354,False
tokyo_119597_relational_between,119597,stress_test,relational_between,flat,27,2018_2023472__event_001,5.0402891674547075,False
tokyo_119597_relational_between,119597,stress_test,relational_between,flat,28,2018_2023495__event_001,4.972784951541076,False
tokyo_119597_relational_between,119597,stress_test,relational_between,flat,29,2018_2023460__event_003,4.582828266249711,False
tokyo_119597_relational_between,119597,stress_test,relational_between,flat,30,2018_2023474__event_002,4.350762315553461,False
tokyo_119597_relational_between,119597,stress_test,relational_between,flat,31,2018_2023503__event_002,4.264484187043003,False
tokyo_119597_relational_between,119597,stress_test,relational_between,flat,32,2018_2023484__event_001,2.466858229286217,False
tokyo_119597_relational_between,119597,stress_test,relational_between,flat,33,2018_2023491__event_001,1.6761443558164844,False
tokyo_119597_relational_between,119597,stress_test,relational_between,flat,34,2018_2023484__event_005,1.6426737351348528,False
tokyo_119597_relational_between,119597,stress_test,relational_between,flat,35,2018_2023491__event_002,0.5587147852721615,False
tokyo_119597_relational_between,119597,stress_test,relational_between,flat,36,2018_2023473__event_001,0.48040594179528245,False
tokyo_119597_relational_between,119597,stress_test,relational_between,flat,37,2018_2023473__event_002,0.46414251693706765,False
tokyo_121554_relational_between,121554,stress_test,relational_between,flat,1,2018_2047606__event_004,18.61037937389057,False
tokyo_121554_relational_between,121554,stress_test,relational_between,flat,2,2018_2047606__event_003,15.576225028553209,False
tokyo_121554_relational_between,121554,stress_test,relational_between,flat,3,2018_2047606__event_002,14.588606874365077,False
tokyo_121554_relational_between,121554,stress_test,relational_between,flat,4,2018_2047604__event_002,12.522523551879702,False
tokyo_121554_relational_between,121554,stress_test,relational_between,flat,5,2018_2047607__event_002,12.522523551879702,False
tokyo_121554_relational_between,121554,stress_test,relational_between,flat,6,2018_2047609__event_002,11.247408829842017,False
tokyo_121554_relational_between,121554,stress_test,relational_between,flat,7,2018_2047600__event_002,10.636781339831686,False
tokyo_121554_relational_between,121554,stress_test,relational_between,flat,8,2018_2047612__event_002,10.636781339831686,False
tokyo_121554_relational_between,121554,stress_test,relational_between,flat,9,2018_2047604__event_001,9.763346211364846,False
tokyo_121554_relational_between,121554,stress_test,relational_between,flat,10,2018_2047606__event_005,9.763346211364846,False
tokyo_121554_relational_between,121554,stress_test,relational_between,flat,11,2018_2047607__event_001,9.763346211364846,False
tokyo_121554_relational_between,121554,stress_test,relational_between,flat,12,2018_2047610__event_001,9.509030685926438,False
tokyo_121554_relational_between,121554,stress_test,relational_between,flat,13,2018_2047610__event_002,9.509030685926438,False
tokyo_121554_relational_between,121554,stress_test,relational_between,flat,14,2018_2047606__event_001,9.03817798180478,False
tokyo_121554_relational_between,121554,stress_test,relational_between,flat,15,2018_2047626__event_002,8.964198880211063,False
tokyo_121554_relational_between,121554,stress_test,relational_between,flat,16,2018_2047626__event_001,8.891421010646713,False
tokyo_121554_relational_between,121554,stress_test,relational_between,flat,17,2018_2047600__event_001,8.680009176492081,False
tokyo_121554_relational_between,121554,stress_test,relational_between,flat,18,2018_2047612__event_001,8.680009176492081,False
tokyo_121554_relational_between,121554,stress_test,relational_between,flat,19,2018_2047619__event_001,8.680009176492081,False
tokyo_121554_relational_between,121554,stress_test,relational_between,flat,20,2018_2047619__event_002,8.611755109238018,False
tokyo_121554_relational_between,121554,stress_test,relational_between,flat,21,2018_2047609__event_001,8.223756776500451,False
tokyo_121554_relational_between,121554,stress_test,relational_between,flat,22,2018_2047609__event_003,8.223756776500451,False
tokyo_121554_relational_between,121554,stress_test,relational_between,flat,23,2018_2047595__event_002,2.240949108396142,False
tokyo_121554_relational_between,121554,stress_test,relational_between,flat,24,2018_2047617__event_001,0.7708167100557227,False
tokyo_121554_relational_between,121554,stress_test,relational_between,flat,25,2018_2047617__event_002,0.7638831619335463,False
tokyo_121554_relational_between,121554,stress_test,relational_between,flat,26,2018_2047618__event_002,0.6523862556774274,False
tokyo_121554_relational_between,121554,stress_test,relational_between,flat,27,2018_2047595__event_001,0.0,False
tokyo_121554_relational_between,121554,stress_test,relational_between,flat,28,2018_2047613__event_001,0.0,False
tokyo_121554_relational_between,121554,stress_test,relational_between,flat,29,2018_2047613__event_002,0.0,False
tokyo_121554_relational_between,121554,stress_test,relational_between,flat,30,2018_2047613__event_003,0.0,False
tokyo_121554_relational_between,121554,stress_test,relational_between,flat,31,2018_2047618__event_001,0.0,False
tokyo_126183_relational_between,126183,stress_test,relational_between,flat,1,2018_2118390__event_002,19.832009443481724,True
tokyo_126183_relational_between,126183,stress_test,relational_between,flat,2,2018_2118353__event_001,19.661594365448686,True
tokyo_126183_relational_between,126183,stress_test,relational_between,flat,3,2018_2118381__event_001,19.661594365448686,True
tokyo_126183_relational_between,126183,stress_test,relational_between,flat,4,2018_2118404__event_001,19.661594365448686,True
tokyo_126183_relational_between,126183,stress_test,relational_between,flat,5,2018_2118353__event_002,19.471913340667022,True
tokyo_126183_relational_between,126183,stress_test,relational_between,flat,6,2018_2118378__event_003,19.471913340667022,True
tokyo_126183_relational_between,126183,stress_test,relational_between,flat,7,2018_2118381__event_002,19.471913340667022,True
tokyo_126183_relational_between,126183,stress_test,relational_between,flat,8,2018_2118404__event_002,19.471913340667022,True
tokyo_126183_relational_between,126183,stress_test,relational_between,flat,9,2018_2118387__event_002,19.094960255287216,True
tokyo_126183_relational_between,126183,stress_test,relational_between,flat,10,2018_2118378__event_002,18.994120790473936,True
tokyo_126183_relational_between,126183,stress_test,relational_between,flat,11,2018_2118354__event_002,18.49657245686418,True
tokyo_126183_relational_between,126183,stress_test,relational_between,flat,12,2018_2118354__event_001,18.162432011481325,True
tokyo_126183_relational_between,126183,stress_test,relational_between,flat,13,2018_2118384__event_002,17.082644993778924,True
tokyo_126183_relational_between,126183,stress_test,relational_between,flat,14,2018_2118405__event_001,16.60113985948259,True
tokyo_126183_relational_between,126183,stress_test,relational_between,flat,15,2018_2118385__event_004,15.284323345152622,True
tokyo_126183_relational_between,126183,stress_test,relational_between,flat,16,2018_2118384__event_003,15.134802790689164,True
tokyo_126183_relational_between,126183,stress_test,relational_between,flat,17,2018_2118387__event_003,14.988179297560853,True
tokyo_126183_relational_between,126183,stress_test,relational_between,flat,18,2018_2118405__event_002,14.988179297560853,True
tokyo_126183_relational_between,126183,stress_test,relational_between,flat,19,2018_2118385__event_003,14.12076049465408,True
tokyo_126183_relational_between,126183,stress_test,relational_between,flat,20,2018_2118390__event_003,14.036309039752053,True
tokyo_126183_relational_between,126183,stress_test,relational_between,flat,21,2018_2118347__event_002,10.392482171473002,True
tokyo_126183_relational_between,126183,stress_test,relational_between,flat,22,2018_2118357__event_002,10.270390231672392,True
tokyo_126183_relational_between,126183,stress_test,relational_between,flat,23,2018_2118350__event_001,7.39288043195355,True
tokyo_126183_relational_between,126183,stress_test,relational_between,flat,24,2018_2118364__event_002,7.363849739299022,True
tokyo_126183_relational_between,126183,stress_test,relational_between,flat,25,2018_2118392__event_001,7.338899260255813,True
tokyo_126183_relational_between,126183,stress_test,relational_between,flat,26,2018_2118377__event_001,6.904598779040258,True
tokyo_126183_relational_between,126183,stress_test,relational_between,flat,27,2018_2118378__event_001,6.904598779040258,True
tokyo_126183_relational_between,126183,stress_test,relational_between,flat,28,2018_2118392__event_003,6.783239066029369,True
tokyo_126183_relational_between,126183,stress_test,relational_between,flat,29,2018_2118392__event_002,6.6689118321980905,True
tokyo_126183_relational_between,126183,stress_test,relational_between,flat,30,2018_2118377__event_002,6.590172214514673,True
tokyo_126183_relational_between,126183,stress_test,relational_between,flat,31,2018_2118376__event_003,6.396590341408559,True
tokyo_126183_relational_between,126183,stress_test,relational_between,flat,32,2018_2118389__event_002,6.342779306078153,True
tokyo_126183_relational_between,126183,stress_test,relational_between,flat,33,2018_2118357__event_001,6.302986977454683,True
tokyo_126183_relational_between,126183,stress_test,relational_between,flat,34,2018_2118364__event_001,5.806583483127358,True
tokyo_126183_relational_between,126183,stress_test,relational_between,flat,35,2018_2118347__event_001,5.74455638266611,True
tokyo_126183_relational_between,126183,stress_test,relational_between,flat,36,2018_2118350__event_002,5.5297666890785235,True
tokyo_126183_relational_between,126183,stress_test,relational_between,flat,37,2018_2118376__event_002,5.5039651904351095,True
tokyo_126183_relational_between,126183,stress_test,relational_between,flat,38,2018_2118377__event_003,5.453579467289899,True
tokyo_126183_relational_between,126183,stress_test,relational_between,flat,39,2018_2118382__event_001,5.453579467289899,True
tokyo_126183_relational_between,126183,stress_test,relational_between,flat,40,2018_2118387__event_001,5.398939360617613,True
tokyo_126183_relational_between,126183,stress_test,relational_between,flat,41,2018_2118375__event_001,5.378705361359145,True
tokyo_126183_relational_between,126183,stress_test,relational_between,flat,42,2018_2118375__event_002,5.378705361359145,True
tokyo_126183_relational_between,126183,stress_test,relational_between,flat,43,2018_2118389__event_001,5.241490376555137,True
tokyo_126183_relational_between,126183,stress_test,relational_between,flat,44,2018_2118374__event_002,5.19446860871532,True
tokyo_126183_relational_between,126183,stress_test,relational_between,flat,45,2018_2118350__event_003,5.141600603390489,True
tokyo_126183_relational_between,126183,stress_test,relational_between,flat,46,2018_2118352__event_002,5.1042806813089125,True
tokyo_126183_relational_between,126183,stress_test,relational_between,flat,47,2018_2118390__event_001,5.045499203740142,True
tokyo_126183_relational_between,126183,stress_test,relational_between,flat,48,2018_2118352__event_001,4.961293846743515,True
tokyo_126183_relational_between,126183,stress_test,relational_between,flat,49,2018_2118370__event_001,4.961293846743515,True
tokyo_126183_relational_between,126183,stress_test,relational_between,flat,50,2018_2118376__event_001,4.961293846743515,True
tokyo_126183_relational_between,126183,stress_test,relational_between,flat,51,2018_2118384__event_001,4.961293846743515,True
tokyo_126183_relational_between,126183,stress_test,relational_between,flat,52,2018_2118393__event_001,4.915420109644847,True
tokyo_126183_relational_between,126183,stress_test,relational_between,flat,53,2018_2118370__event_002,4.870398639680395,True
tokyo_126183_relational_between,126183,stress_test,relational_between,flat,54,2018_2118389__event_003,4.782818251071143,True
tokyo_126183_relational_between,126183,stress_test,relational_between,flat,55,2018_2118393__event_002,4.782818251071143,True
tokyo_126183_relational_between,126183,stress_test,relational_between,flat,56,2018_2118382__event_002,4.614864674425275,True
tokyo_126183_relational_between,126183,stress_test,relational_between,flat,57,2018_2118382__event_003,4.3220715756379935,True
tokyo_126183_relational_between,126183,stress_test,relational_between,flat,58,2018_2118407__event_002,4.238328531115406,True
tokyo_126183_relational_between,126183,stress_test,relational_between,flat,59,2018_2118376__event_004,3.370921563392665,True
tokyo_126183_relational_between,126183,stress_test,relational_between,flat,60,2018_2118370__event_003,2.4657254136114704,True
tokyo_126183_relational_between,126183,stress_test,relational_between,flat,61,2018_2118349__event_001,2.3686999031811444,True
tokyo_126183_relational_between,126183,stress_test,relational_between,flat,62,2018_2118349__event_002,2.3481422376761976,True
tokyo_126183_relational_between,126183,stress_test,relational_between,flat,63,2018_2118385__event_001,1.59015094952644,True
tokyo_126183_relational_between,126183,stress_test,relational_between,flat,64,2018_2118385__event_002,1.4501485289703078,True
tokyo_126183_relational_between,126183,stress_test,relational_between,flat,65,2018_2118374__event_001,0.7666950568231161,True
tokyo_126183_relational_between,126183,stress_test,relational_between,flat,66,2018_2118407__event_003,0.7581019615411635,True
tokyo_126183_relational_between,126183,stress_test,relational_between,flat,67,2018_2118423__event_002,0.7581019615411635,True
tokyo_126183_relational_between,126183,stress_test,relational_between,flat,68,2018_2118423__event_001,0.7178724942423989,True
tokyo_126183_relational_between,126183,stress_test,relational_between,flat,69,2018_2118407__event_001,0.7029513569486769,True
tokyo_126183_relational_between,126183,stress_test,relational_between,flat,70,2018_2118411__event_001,0.5770197868412836,True
tokyo_126183_relational_between,126183,stress_test,relational_between,flat,71,2018_2118411__event_002,0.5770197868412836,True
tokyo_127201_relational_between,127201,stress_test,relational_between,flat,1,2018_2134912__event_002,59.94868029515736,False
tokyo_127201_relational_between,127201,stress_test,relational_between,flat,2,2018_2134912__event_003,47.903578325708814,False
tokyo_127201_relational_between,127201,stress_test,relational_between,flat,3,2018_2134938__event_005,18.57927199438935,False
tokyo_127201_relational_between,127201,stress_test,relational_between,flat,4,2018_2134938__event_003,12.620660682244639,False
tokyo_127201_relational_between,127201,stress_test,relational_between,flat,5,2018_2134912__event_001,12.059800738726398,False
tokyo_127201_relational_between,127201,stress_test,relational_between,flat,6,2018_2134938__event_004,10.558327970363658,False
tokyo_127201_relational_between,127201,stress_test,relational_between,flat,7,2018_2134939__event_002,1.0069469682384498,False
tokyo_127201_relational_between,127201,stress_test,relational_between,flat,8,2018_2134926__event_001,0.9847397354323678,False
tokyo_127201_relational_between,127201,stress_test,relational_between,flat,9,2018_2134939__event_001,0.9847397354323678,False
tokyo_127201_relational_between,127201,stress_test,relational_between,flat,10,2018_2134926__event_002,0.9791354056515635,False
tokyo_127201_relational_between,127201,stress_test,relational_between,flat,11,2018_2134939__event_003,0.952044139148899,False
tokyo_127201_relational_between,127201,stress_test,relational_between,flat,12,2018_2134919__event_002,0.8395822568269715,False
tokyo_127201_relational_between,127201,stress_test,relational_between,flat,13,2018_2134921__event_002,0.8215410941255562,False
tokyo_127201_relational_between,127201,stress_test,relational_between,flat,14,2018_2134927__event_001,0.8215410941255562,False
tokyo_127201_relational_between,127201,stress_test,relational_between,flat,15,2018_2134922__event_002,0.8099383168056191,False
tokyo_127201_relational_between,127201,stress_test,relational_between,flat,16,2018_2134931__event_001,0.7097053178197054,False
tokyo_127201_relational_between,127201,stress_test,relational_between,flat,17,2018_2134919__event_001,0.6335991378002412,False
tokyo_127201_relational_between,127201,stress_test,relational_between,flat,18,2018_2134927__event_002,0.6199014289518149,False
tokyo_127201_relational_between,127201,stress_test,relational_between,flat,19,2018_2134917__event_002,0.6004304702466391,False
tokyo_127201_relational_between,127201,stress_test,relational_between,flat,20,2018_2134921__event_001,0.6004304702466391,False
tokyo_127201_relational_between,127201,stress_test,relational_between,flat,21,2018_2134922__event_001,0.5594301409226297,False
tokyo_127201_relational_between,127201,stress_test,relational_between,flat,22,2018_2134931__event_002,0.4922092330816993,False
tokyo_127201_relational_between,127201,stress_test,relational_between,flat,23,2018_2134914__event_001,0.0,False
tokyo_127201_relational_between,127201,stress_test,relational_between,flat,24,2018_2134914__event_002,0.0,False
tokyo_127201_relational_between,127201,stress_test,relational_between,flat,25,2018_2134916__event_001,0.0,False
tokyo_127201_relational_between,127201,stress_test,relational_between,flat,26,2018_2134916__event_002,0.0,False
tokyo_127201_relational_between,127201,stress_test,relational_between,flat,27,2018_2134917__event_001,0.0,False
tokyo_127201_relational_between,127201,stress_test,relational_between,flat,28,2018_2134923__event_001,0.0,False
tokyo_127201_relational_between,127201,stress_test,relational_between,flat,29,2018_2134923__event_002,0.0,False
tokyo_127201_relational_between,127201,stress_test,relational_between,flat,30,2018_2134924__event_001,0.0,False
tokyo_127201_relational_between,127201,stress_test,relational_between,flat,31,2018_2134924__event_002,0.0,False
tokyo_127201_relational_between,127201,stress_test,relational_between,flat,32,2018_2134933__event_001,0.0,False
tokyo_127201_relational_between,127201,stress_test,relational_between,flat,33,2018_2134933__event_002,0.0,False
tokyo_127201_relational_between,127201,stress_test,relational_between,flat,34,2018_2134934__event_001,0.0,False
tokyo_127201_relational_between,127201,stress_test,relational_between,flat,35,2018_2134934__event_002,0.0,False
tokyo_127201_relational_between,127201,stress_test,relational_between,flat,36,2018_2134938__event_001,0.0,False
tokyo_127201_relational_between,127201,stress_test,relational_between,flat,37,2018_2134938__event_002,0.0,False
tokyo_127201_relational_between,127201,stress_test,relational_between,flat,38,2018_2134938__event_006,0.0,False
tokyo_130084_relational_between,130084,stress_test,relational_between,flat,1,2018_2179338__event_002,22.318613417685278,True
tokyo_130084_relational_between,130084,stress_test,relational_between,flat,2,2018_2179303__event_002,17.908363712559815,True
tokyo_130084_relational_between,130084,stress_test,relational_between,flat,3,2018_2179311__event_002,17.908363712559815,True
tokyo_130084_relational_between,130084,stress_test,relational_between,flat,4,2018_2179321__event_002,17.908363712559815,True
tokyo_130084_relational_between,130084,stress_test,relational_between,flat,5,2018_2179325__event_003,17.908363712559815,True
tokyo_130084_relational_between,130084,stress_test,relational_between,flat,6,2018_2179334__event_002,17.908363712559815,True
tokyo_130084_relational_between,130084,stress_test,relational_between,flat,7,2018_2179341__event_003,17.908363712559815,True
tokyo_130084_relational_between,130084,stress_test,relational_between,flat,8,2018_2179303__event_001,17.264583469129274,True
tokyo_130084_relational_between,130084,stress_test,relational_between,flat,9,2018_2179306__event_001,17.264583469129274,True
tokyo_130084_relational_between,130084,stress_test,relational_between,flat,10,2018_2179311__event_001,17.264583469129274,True
tokyo_130084_relational_between,130084,stress_test,relational_between,flat,11,2018_2179321__event_001,17.264583469129274,True
tokyo_130084_relational_between,130084,stress_test,relational_between,flat,12,2018_2179334__event_001,17.264583469129274,True
tokyo_130084_relational_between,130084,stress_test,relational_between,flat,13,2018_2179314__event_001,16.89401591254368,True
tokyo_130084_relational_between,130084,stress_test,relational_between,flat,14,2018_2179308__event_003,16.811325997504174,True
tokyo_130084_relational_between,130084,stress_test,relational_between,flat,15,2018_2179306__event_002,16.381258974000946,True
tokyo_130084_relational_between,130084,stress_test,relational_between,flat,16,2018_2179325__event_002,16.106567045120038,True
tokyo_130084_relational_between,130084,stress_test,relational_between,flat,17,2018_2179306__event_003,15.053697192890176,True
tokyo_130084_relational_between,130084,stress_test,relational_between,flat,18,2018_2179341__event_002,14.860604193113161,True
tokyo_130084_relational_between,130084,stress_test,relational_between,flat,19,2018_2179304__event_002,14.523552719931363,True
tokyo_130084_relational_between,130084,stress_test,relational_between,flat,20,2018_2179292__event_002,12.415787373115739,True
tokyo_130084_relational_between,130084,stress_test,relational_between,flat,21,2018_2179308__event_005,12.415787373115739,True
tokyo_130084_relational_between,130084,stress_test,relational_between,flat,22,2018_2179300__event_001,12.298954942105325,True
tokyo_130084_relational_between,130084,stress_test,relational_between,flat,23,2018_2179312__event_001,12.184300797382868,True
tokyo_130084_relational_between,130084,stress_test,relational_between,flat,24,2018_2179302__event_002,11.746292486893353,True
tokyo_130084_relational_between,130084,stress_test,relational_between,flat,25,2018_2179324__event_001,11.64166713664555,True
tokyo_130084_relational_between,130084,stress_test,relational_between,flat,26,2018_2179342__event_001,11.64166713664555,True
tokyo_130084_relational_between,130084,stress_test,relational_between,flat,27,2018_2179305__event_001,11.578966015122935,True
tokyo_130084_relational_between,130084,stress_test,relational_between,flat,28,2018_2179293__event_002,11.343309944226915,True
tokyo_130084_relational_between,130084,stress_test,relational_between,flat,29,2018_2179305__event_002,11.343309944226915,True
tokyo_130084_relational_between,130084,stress_test,relational_between,flat,30,2018_2179293__event_001,11.2290427424255,True
tokyo_130084_relational_between,130084,stress_test,relational_between,flat,31,2018_2179314__event_002,11.117054729887426,True
tokyo_130084_relational_between,130084,stress_test,relational_between,flat,32,2018_2179338__event_003,11.117054729887426,True
tokyo_130084_relational_between,130084,stress_test,relational_between,flat,33,2018_2179339__event_001,11.117054729887426,True
tokyo_130084_relational_between,130084,stress_test,relational_between,flat,34,2018_2179316__event_001,10.967886893163433,True
tokyo_130084_relational_between,130084,stress_test,relational_between,flat,35,2018_2179318__event_001,10.967886893163433,True
tokyo_130084_relational_between,130084,stress_test,relational_between,flat,36,2018_2179320__event_001,10.967886893163433,True
tokyo_130084_relational_between,130084,stress_test,relational_between,flat,37,2018_2179335__event_001,10.967886893163433,True
tokyo_130084_relational_between,130084,stress_test,relational_between,flat,38,2018_2179339__event_002,10.899648840706531,True
tokyo_130084_relational_between,130084,stress_test,relational_between,flat,39,2018_2179316__event_002,10.866308003764264,True
tokyo_130084_relational_between,130084,stress_test,relational_between,flat,40,2018_2179318__event_002,10.866308003764264,True
tokyo_130084_relational_between,130084,stress_test,relational_between,flat,41,2018_2179320__event_002,10.866308003764264,True
tokyo_130084_relational_between,130084,stress_test,relational_between,flat,42,2018_2179335__event_002,10.866308003764264,True
tokyo_130084_relational_between,130084,stress_test,relational_between,flat,43,2018_2179312__event_002,10.794103722208158,True
tokyo_130084_relational_between,130084,stress_test,relational_between,flat,44,2018_2179313__event_002,10.794103722208158,True
tokyo_130084_relational_between,130084,stress_test,relational_between,flat,45,2018_2179333__event_003,10.794103722208158,True
tokyo_130084_relational_between,130084,stress_test,relational_between,flat,46,2018_2179315__event_001,10.644289044527346,True
tokyo_130084_relational_between,130084,stress_test,relational_between,flat,47,2018_2179315__event_002,10.644289044527346,True
tokyo_130084_relational_between,130084,stress_test,relational_between,flat,48,2018_2179300__event_002,10.589029163535402,True
tokyo_130084_relational_between,130084,stress_test,relational_between,flat,49,2018_2179306__event_004,10.589029163535402,True
tokyo_130084_relational_between,130084,stress_test,relational_between,flat,50,2018_2179292__event_001,10.489386508419155,True
tokyo_130084_relational_between,130084,stress_test,relational_between,flat,51,2018_2179313__event_001,10.391601644221563,True
tokyo_130084_relational_between,130084,stress_test,relational_between,flat,52,2018_2179333__event_002,10.018038322439224,True
tokyo_130084_relational_between,130084,stress_test,relational_between,flat,53,2018_2179342__event_002,10.018038322439224,True
tokyo_130084_relational_between,130084,stress_test,relational_between,flat,54,2018_2179299__event_002,9.84115062771633,True
tokyo_130084_relational_between,130084,stress_test,relational_between,flat,55,2018_2179302__event_001,9.84115062771633,True
tokyo_130084_relational_between,130084,stress_test,relational_between,flat,56,2018_2179309__event_002,9.84115062771633,True
tokyo_130084_relational_between,130084,stress_test,relational_between,flat,57,2018_2179324__event_002,9.84115062771633,True
tokyo_130084_relational_between,130084,stress_test,relational_between,flat,58,2018_2179299__event_001,9.755028749761639,True
tokyo_130084_relational_between,130084,stress_test,relational_between,flat,59,2018_2179308__event_004,9.755028749761639,True
tokyo_130084_relational_between,130084,stress_test,relational_between,flat,60,2018_2179309__event_001,9.755028749761639,True
tokyo_130084_relational_between,130084,stress_test,relational_between,flat,61,2018_2179304__event_003,9.505475788905292,True
tokyo_130084_relational_between,130084,stress_test,relational_between,flat,62,2018_2179325__event_001,8.553336409603586,True
tokyo_130084_relational_between,130084,stress_test,relational_between,flat,63,2018_2179331__event_001,8.37564174541389,True
tokyo_130084_relational_between,130084,stress_test,relational_between,flat,64,2018_2179331__event_002,8.37564174541389,True
tokyo_130084_relational_between,130084,stress_test,relational_between,flat,65,2018_2179338__event_001,8.205179994133244,True
tokyo_130084_relational_between,130084,stress_test,relational_between,flat,66,2018_2179341__event_001,7.587494721804308,True
tokyo_130084_relational_between,130084,stress_test,relational_between,flat,67,2018_2179308__event_001,7.0562972477425365,True
tokyo_130084_relational_between,130084,stress_test,relational_between,flat,68,2018_2179304__event_001,6.995081886722183,True
tokyo_130084_relational_between,130084,stress_test,relational_between,flat,69,2018_2179308__event_002,6.541113882025103,True
tokyo_130084_relational_between,130084,stress_test,relational_between,flat,70,2018_2179326__event_001,1.8989121524444745,True
tokyo_130084_relational_between,130084,stress_test,relational_between,flat,71,2018_2179310__event_001,0.0,True
tokyo_130084_relational_between,130084,stress_test,relational_between,flat,72,2018_2179310__event_002,0.0,True
tokyo_130084_relational_between,130084,stress_test,relational_between,flat,73,2018_2179323__event_001,0.0,True
tokyo_130084_relational_between,130084,stress_test,relational_between,flat,74,2018_2179323__event_002,0.0,True
tokyo_130084_relational_between,130084,stress_test,relational_between,flat,75,2018_2179326__event_002,0.0,True
tokyo_130084_relational_between,130084,stress_test,relational_between,flat,76,2018_2179329__event_001,0.0,True
tokyo_130084_relational_between,130084,stress_test,relational_between,flat,77,2018_2179329__event_002,0.0,True
tokyo_130084_relational_between,130084,stress_test,relational_between,flat,78,2018_2179329__event_003,0.0,True
tokyo_130084_relational_between,130084,stress_test,relational_between,flat,79,2018_2179333__event_001,0.0,True
tokyo_130568_relational_between,130568,stress_test,relational_between,flat,1,2018_2187165__event_004,74.00560483468328,False
tokyo_130568_relational_between,130568,stress_test,relational_between,flat,2,2018_2187165__event_005,50.11513724206493,False
tokyo_130568_relational_between,130568,stress_test,relational_between,flat,3,2018_2187165__event_006,41.436672088170766,False
tokyo_130568_relational_between,130568,stress_test,relational_between,flat,4,2018_2187165__event_003,28.048376707779887,False
tokyo_130568_relational_between,130568,stress_test,relational_between,flat,5,2018_2187165__event_002,26.800902134825336,False
tokyo_130568_relational_between,130568,stress_test,relational_between,flat,6,2018_2187170__event_002,20.534440612514416,False
tokyo_130568_relational_between,130568,stress_test,relational_between,flat,7,2018_2187170__event_001,18.427397856622964,False
tokyo_130568_relational_between,130568,stress_test,relational_between,flat,8,2018_2187171__event_002,11.879381012933035,False
tokyo_130568_relational_between,130568,stress_test,relational_between,flat,9,2018_2187171__event_001,10.415309039524695,False
tokyo_130568_relational_between,130568,stress_test,relational_between,flat,10,2018_2187166__event_001,3.5893684078994985,False
tokyo_130568_relational_between,130568,stress_test,relational_between,flat,11,2018_2187168__event_001,3.3275594560401025,False
tokyo_130568_relational_between,130568,stress_test,relational_between,flat,12,2018_2187162__event_002,2.6767510148008213,False
tokyo_130568_relational_between,130568,stress_test,relational_between,flat,13,2018_2187169__event_001,1.2585073461160994,False
tokyo_130568_relational_between,130568,stress_test,relational_between,flat,14,2018_2187169__event_002,1.241195055531392,False
tokyo_130568_relational_between,130568,stress_test,relational_between,flat,15,2018_2187162__event_001,0.0,False
tokyo_130568_relational_between,130568,stress_test,relational_between,flat,16,2018_2187162__event_003,0.0,False
tokyo_130568_relational_between,130568,stress_test,relational_between,flat,17,2018_2187163__event_001,0.0,False
tokyo_130568_relational_between,130568,stress_test,relational_between,flat,18,2018_2187163__event_002,0.0,False
tokyo_130568_relational_between,130568,stress_test,relational_between,flat,19,2018_2187164__event_001,0.0,False
tokyo_130568_relational_between,130568,stress_test,relational_between,flat,20,2018_2187164__event_002,0.0,False
tokyo_130568_relational_between,130568,stress_test,relational_between,flat,21,2018_2187164__event_003,0.0,False
tokyo_130568_relational_between,130568,stress_test,relational_between,flat,22,2018_2187165__event_001,0.0,False
tokyo_130568_relational_between,130568,stress_test,relational_between,flat,23,2018_2187165__event_007,0.0,False
tokyo_130568_relational_between,130568,stress_test,relational_between,flat,24,2018_2187166__event_002,0.0,False
tokyo_130568_relational_between,130568,stress_test,relational_between,flat,25,2018_2187168__event_002,0.0,False
tokyo_130568_relational_between,130568,stress_test,relational_between,flat,26,2018_2187170__event_003,0.0,False
tokyo_130568_relational_between,130568,stress_test,relational_between,flat,27,2018_2187171__event_003,0.0,False
tokyo_130568_relational_between,130568,stress_test,relational_between,flat,28,2018_2187173__event_001,0.0,False
tokyo_130568_relational_between,130568,stress_test,relational_between,flat,29,2018_2187173__event_002,0.0,False
tokyo_130568_relational_between,130568,stress_test,relational_between,flat,30,2018_2187173__event_003,0.0,False
tokyo_130568_relational_between,130568,stress_test,relational_between,flat,31,2018_2187173__event_004,0.0,False
tokyo_130568_relational_between,130568,stress_test,relational_between,flat,32,2018_2187173__event_005,0.0,False
tokyo_130568_relational_between,130568,stress_test,relational_between,flat,33,2018_2187173__event_006,0.0,False
tokyo_130568_relational_between,130568,stress_test,relational_between,flat,34,2018_2187173__event_007,0.0,False
tokyo_130777_relational_between,130777,stress_test,relational_between,flat,1,2018_2190768__event_004,80.42357368243248,False
tokyo_130777_relational_between,130777,stress_test,relational_between,flat,2,2018_2190768__event_003,54.138025053388226,False
tokyo_130777_relational_between,130777,stress_test,relational_between,flat,3,2018_2190768__event_005,52.31373620059265,False
tokyo_130777_relational_between,130777,stress_test,relational_between,flat,4,2018_2190768__event_002,31.515768654962372,False
tokyo_130777_relational_between,130777,stress_test,relational_between,flat,5,2018_2190688__event_001,6.955761384339631,False
tokyo_130777_relational_between,130777,stress_test,relational_between,flat,6,2018_2190688__event_002,6.955761384339631,False
tokyo_130777_relational_between,130777,stress_test,relational_between,flat,7,2018_2190688__event_003,5.100012822446251,False
tokyo_130777_relational_between,130777,stress_test,relational_between,flat,8,2018_2190727__event_001,2.69588336251906,False
tokyo_130777_relational_between,130777,stress_test,relational_between,flat,9,2018_2190703__event_003,2.615568540464393,False
tokyo_130777_relational_between,130777,stress_test,relational_between,flat,10,2018_2190763__event_001,2.5399006997942077,False
tokyo_130777_relational_between,130777,stress_test,relational_between,flat,11,2018_2190718__event_002,2.0307430207082695,False
tokyo_130777_relational_between,130777,stress_test,relational_between,flat,12,2018_2190696__event_001,0.0,False
tokyo_130777_relational_between,130777,stress_test,relational_between,flat,13,2018_2190696__event_002,0.0,False
tokyo_130777_relational_between,130777,stress_test,relational_between,flat,14,2018_2190696__event_003,0.0,False
tokyo_130777_relational_between,130777,stress_test,relational_between,flat,15,2018_2190702__event_001,0.0,False
tokyo_130777_relational_between,130777,stress_test,relational_between,flat,16,2018_2190702__event_002,0.0,False
tokyo_130777_relational_between,130777,stress_test,relational_between,flat,17,2018_2190703__event_001,0.0,False
tokyo_130777_relational_between,130777,stress_test,relational_between,flat,18,2018_2190703__event_002,0.0,False
tokyo_130777_relational_between,130777,stress_test,relational_between,flat,19,2018_2190713__event_001,0.0,False
tokyo_130777_relational_between,130777,stress_test,relational_between,flat,20,2018_2190713__event_002,0.0,False
tokyo_130777_relational_between,130777,stress_test,relational_between,flat,21,2018_2190718__event_001,0.0,False
tokyo_130777_relational_between,130777,stress_test,relational_between,flat,22,2018_2190727__event_002,0.0,False
tokyo_130777_relational_between,130777,stress_test,relational_between,flat,23,2018_2190728__event_001,0.0,False
tokyo_130777_relational_between,130777,stress_test,relational_between,flat,24,2018_2190728__event_002,0.0,False
tokyo_130777_relational_between,130777,stress_test,relational_between,flat,25,2018_2190742__event_001,0.0,False
tokyo_130777_relational_between,130777,stress_test,relational_between,flat,26,2018_2190742__event_002,0.0,False
tokyo_130777_relational_between,130777,stress_test,relational_between,flat,27,2018_2190750__event_001,0.0,False
tokyo_130777_relational_between,130777,stress_test,relational_between,flat,28,2018_2190750__event_002,0.0,False
tokyo_130777_relational_between,130777,stress_test,relational_between,flat,29,2018_2190753__event_001,0.0,False
tokyo_130777_relational_between,130777,stress_test,relational_between,flat,30,2018_2190753__event_002,0.0,False
tokyo_130777_relational_between,130777,stress_test,relational_between,flat,31,2018_2190757__event_001,0.0,False
tokyo_130777_relational_between,130777,stress_test,relational_between,flat,32,2018_2190757__event_002,0.0,False
tokyo_130777_relational_between,130777,stress_test,relational_between,flat,33,2018_2190763__event_002,0.0,False
tokyo_130777_relational_between,130777,stress_test,relational_between,flat,34,2018_2190768__event_001,0.0,False
tokyo_130872_relational_between,130872,stress_test,relational_between,flat,1,2018_2192442__event_002,67.59051377955302,False
tokyo_130872_relational_between,130872,stress_test,relational_between,flat,2,2018_2192442__event_003,61.12810524802127,False
tokyo_130872_relational_between,130872,stress_test,relational_between,flat,3,2018_2192442__event_001,10.285164532445018,False
tokyo_130872_relational_between,130872,stress_test,relational_between,flat,4,2018_2192451__event_002,5.948914129195906,False
tokyo_130872_relational_between,130872,stress_test,relational_between,flat,5,2018_2192451__event_003,5.92352217409644,False
tokyo_130872_relational_between,130872,stress_test,relational_between,flat,6,2018_2192457__event_002,4.273374873008713,False
tokyo_130872_relational_between,130872,stress_test,relational_between,flat,7,2018_2192457__event_003,4.183411535334936,False
tokyo_130872_relational_between,130872,stress_test,relational_between,flat,8,2018_2192477__event_002,1.0058313754329806,False
tokyo_130872_relational_between,130872,stress_test,relational_between,flat,9,2018_2192448__event_002,0.989670472262464,False
tokyo_130872_relational_between,130872,stress_test,relational_between,flat,10,2018_2192468__event_002,0.9588581240392036,False
tokyo_130872_relational_between,130872,stress_test,relational_between,flat,11,2018_2192461__event_002,0.9441604039592559,False
tokyo_130872_relational_between,130872,stress_test,relational_between,flat,12,2018_2192462__event_002,0.8769494321052727,False
tokyo_130872_relational_between,130872,stress_test,relational_between,flat,13,2018_2192445__event_001,0.7315266682354941,False
tokyo_130872_relational_between,130872,stress_test,relational_between,flat,14,2018_2192458__event_002,0.7315266682354941,False
tokyo_130872_relational_between,130872,stress_test,relational_between,flat,15,2018_2192476__event_002,0.7091004637091142,False
tokyo_130872_relational_between,130872,stress_test,relational_between,flat,16,2018_2192469__event_003,0.6880083867326874,False
tokyo_130872_relational_between,130872,stress_test,relational_between,flat,17,2018_2192464__event_003,0.6681348259321775,False
tokyo_130872_relational_between,130872,stress_test,relational_between,flat,18,2018_2192471__event_002,0.6493771529439446,False
tokyo_130872_relational_between,130872,stress_test,relational_between,flat,19,2018_2192448__event_001,0.38928999396163766,False
tokyo_130872_relational_between,130872,stress_test,relational_between,flat,20,2018_2192461__event_001,0.3860234935187216,False
tokyo_130872_relational_between,130872,stress_test,relational_between,flat,21,2018_2192468__event_001,0.3371897809947602,False
tokyo_130872_relational_between,130872,stress_test,relational_between,flat,22,2018_2192462__event_001,0.3099304241744711,False
tokyo_130872_relational_between,130872,stress_test,relational_between,flat,23,2018_2192477__event_001,0.24442658543669032,False
tokyo_130872_relational_between,130872,stress_test,relational_between,flat,24,2018_2192469__event_001,0.23505994025014182,False
tokyo_130872_relational_between,130872,stress_test,relational_between,flat,25,2018_2192445__event_002,0.0,False
tokyo_130872_relational_between,130872,stress_test,relational_between,flat,26,2018_2192451__event_001,0.0,False
tokyo_130872_relational_between,130872,stress_test,relational_between,flat,27,2018_2192457__event_001,0.0,False
tokyo_130872_relational_between,130872,stress_test,relational_between,flat,28,2018_2192458__event_001,0.0,False
tokyo_130872_relational_between,130872,stress_test,relational_between,flat,29,2018_2192464__event_001,0.0,False
tokyo_130872_relational_between,130872,stress_test,relational_between,flat,30,2018_2192464__event_002,0.0,False
tokyo_130872_relational_between,130872,stress_test,relational_between,flat,31,2018_2192464__event_004,0.0,False
tokyo_130872_relational_between,130872,stress_test,relational_between,flat,32,2018_2192469__event_002,0.0,False
tokyo_130872_relational_between,130872,stress_test,relational_between,flat,33,2018_2192471__event_001,0.0,False
tokyo_130872_relational_between,130872,stress_test,relational_between,flat,34,2018_2192476__event_001,0.0,False
tokyo_131525_relational_between,131525,stress_test,relational_between,flat,1,2018_2202064__event_002,35.4419044687533,False
tokyo_131525_relational_between,131525,stress_test,relational_between,flat,2,2018_2202064__event_001,30.741897988465865,False
tokyo_131525_relational_between,131525,stress_test,relational_between,flat,3,2018_2202078__event_001,29.04155930034577,False
tokyo_131525_relational_between,131525,stress_test,relational_between,flat,4,2018_2202078__event_002,28.74194251278607,False
tokyo_131525_relational_between,131525,stress_test,relational_between,flat,5,2018_2202064__event_003,16.590384857853106,False
tokyo_131525_relational_between,131525,stress_test,relational_between,flat,6,2018_2202084__event_001,9.343065244970266,False
tokyo_131525_relational_between,131525,stress_test,relational_between,flat,7,2018_2202086__event_001,9.343065244970266,False
tokyo_131525_relational_between,131525,stress_test,relational_between,flat,8,2018_2202065__event_003,9.059623992099029,False
tokyo_131525_relational_between,131525,stress_test,relational_between,flat,9,2018_2202084__event_002,9.059623992099029,False
tokyo_131525_relational_between,131525,stress_test,relational_between,flat,10,2018_2202086__event_002,9.059623992099029,False
tokyo_131525_relational_between,131525,stress_test,relational_between,flat,11,2018_2202061__event_001,8.716735467326574,False
tokyo_131525_relational_between,131525,stress_test,relational_between,flat,12,2018_2202061__event_002,8.553895436060635,False
tokyo_131525_relational_between,131525,stress_test,relational_between,flat,13,2018_2202065__event_002,7.60213441254023,False
tokyo_131525_relational_between,131525,stress_test,relational_between,flat,14,2018_2202054__event_001,7.566110204478225,False
tokyo_131525_relational_between,131525,stress_test,relational_between,flat,15,2018_2202055__event_001,7.566110204478225,False
tokyo_131525_relational_between,131525,stress_test,relational_between,flat,16,2018_2202054__event_002,7.5042962397994675,False
tokyo_131525_relational_between,131525,stress_test,relational_between,flat,17,2018_2202055__event_002,7.5042962397994675,False
tokyo_131525_relational_between,131525,stress_test,relational_between,flat,18,2018_2202053__event_001,5.193986507590223,False
tokyo_131525_relational_between,131525,stress_test,relational_between,flat,19,2018_2202053__event_002,5.134236760440951,False
tokyo_131525_relational_between,131525,stress_test,relational_between,flat,20,2018_2202067__event_001,0.2488902023798576,False
tokyo_131525_relational_between,131525,stress_test,relational_between,flat,21,2018_2202067__event_002,0.24595963489172035,False
tokyo_131525_relational_between,131525,stress_test,relational_between,flat,22,2018_2202056__event_001,0.0,False
tokyo_131525_relational_between,131525,stress_test,relational_between,flat,23,2018_2202056__event_002,0.0,False
tokyo_131525_relational_between,131525,stress_test,relational_between,flat,24,2018_2202056__event_003,0.0,False
tokyo_131525_relational_between,131525,stress_test,relational_between,flat,25,2018_2202058__event_001,0.0,False
tokyo_131525_relational_between,131525,stress_test,relational_between,flat,26,2018_2202058__event_002,0.0,False
tokyo_131525_relational_between,131525,stress_test,relational_between,flat,27,2018_2202062__event_001,0.0,False
tokyo_131525_relational_between,131525,stress_test,relational_between,flat,28,2018_2202062__event_002,0.0,False
tokyo_131525_relational_between,131525,stress_test,relational_between,flat,29,2018_2202065__event_001,0.0,False
tokyo_131525_relational_between,131525,stress_test,relational_between,flat,30,2018_2202069__event_001,0.0,False
tokyo_131525_relational_between,131525,stress_test,relational_between,flat,31,2018_2202069__event_002,0.0,False
tokyo_131525_relational_between,131525,stress_test,relational_between,flat,32,2018_2202071__event_001,0.0,False
tokyo_131525_relational_between,131525,stress_test,relational_between,flat,33,2018_2202071__event_002,0.0,False
tokyo_131525_relational_between,131525,stress_test,relational_between,flat,34,2018_2202071__event_003,0.0,False
tokyo_131525_relational_between,131525,stress_test,relational_between,flat,35,2018_2202076__event_001,0.0,False
tokyo_131525_relational_between,131525,stress_test,relational_between,flat,36,2018_2202076__event_002,0.0,False
tokyo_132723_relational_between,132723,stress_test,relational_between,flat,1,2018_2219917__event_002,37.99210548672998,True
tokyo_132723_relational_between,132723,stress_test,relational_between,flat,2,2018_2219917__event_001,27.51182656255461,True
tokyo_132723_relational_between,132723,stress_test,relational_between,flat,3,2018_2219917__event_003,14.193596250756933,True
tokyo_132723_relational_between,132723,stress_test,relational_between,flat,4,2018_2219871__event_001,4.792761440839106,True
tokyo_132723_relational_between,132723,stress_test,relational_between,flat,5,2018_2219923__event_002,4.743306681787788,True
tokyo_132723_relational_between,132723,stress_test,relational_between,flat,6,2018_2219894__event_002,4.647397087285924,True
tokyo_132723_relational_between,132723,stress_test,relational_between,flat,7,2018_2219866__event_001,4.600882200540465,True
tokyo_132723_relational_between,132723,stress_test,relational_between,flat,8,2018_2219871__event_002,2.9713085190064445,True
tokyo_132723_relational_between,132723,stress_test,relational_between,flat,9,2018_2219923__event_001,2.9093494863177938,True
tokyo_132723_relational_between,132723,stress_test,relational_between,flat,10,2018_2219894__event_001,2.8793289689985055,True
tokyo_132723_relational_between,132723,stress_test,relational_between,flat,11,2018_2219915__event_002,2.8793289689985055,True
tokyo_132723_relational_between,132723,stress_test,relational_between,flat,12,2018_2219919__event_002,2.8793289689985055,True
tokyo_132723_relational_between,132723,stress_test,relational_between,flat,13,2018_2219866__event_002,2.792873050741195,True
tokyo_132723_relational_between,132723,stress_test,relational_between,flat,14,2018_2219876__event_002,1.9235220834024178,True
tokyo_132723_relational_between,132723,stress_test,relational_between,flat,15,2018_2219867__event_001,0.0,True
tokyo_132723_relational_between,132723,stress_test,relational_between,flat,16,2018_2219867__event_002,0.0,True
tokyo_132723_relational_between,132723,stress_test,relational_between,flat,17,2018_2219876__event_001,0.0,True
tokyo_132723_relational_between,132723,stress_test,relational_between,flat,18,2018_2219878__event_001,0.0,True
tokyo_132723_relational_between,132723,stress_test,relational_between,flat,19,2018_2219878__event_002,0.0,True
tokyo_132723_relational_between,132723,stress_test,relational_between,flat,20,2018_2219879__event_001,0.0,True
tokyo_132723_relational_between,132723,stress_test,relational_between,flat,21,2018_2219879__event_002,0.0,True
tokyo_132723_relational_between,132723,stress_test,relational_between,flat,22,2018_2219880__event_001,0.0,True
tokyo_132723_relational_between,132723,stress_test,relational_between,flat,23,2018_2219880__event_002,0.0,True
tokyo_132723_relational_between,132723,stress_test,relational_between,flat,24,2018_2219886__event_001,0.0,True
tokyo_132723_relational_between,132723,stress_test,relational_between,flat,25,2018_2219886__event_002,0.0,True
tokyo_132723_relational_between,132723,stress_test,relational_between,flat,26,2018_2219888__event_001,0.0,True
tokyo_132723_relational_between,132723,stress_test,relational_between,flat,27,2018_2219888__event_002,0.0,True
tokyo_132723_relational_between,132723,stress_test,relational_between,flat,28,2018_2219891__event_001,0.0,True
tokyo_132723_relational_between,132723,stress_test,relational_between,flat,29,2018_2219891__event_002,0.0,True
tokyo_132723_relational_between,132723,stress_test,relational_between,flat,30,2018_2219891__event_003,0.0,True
tokyo_132723_relational_between,132723,stress_test,relational_between,flat,31,2018_2219895__event_001,0.0,True
tokyo_132723_relational_between,132723,stress_test,relational_between,flat,32,2018_2219895__event_002,0.0,True
tokyo_132723_relational_between,132723,stress_test,relational_between,flat,33,2018_2219895__event_003,0.0,True
tokyo_132723_relational_between,132723,stress_test,relational_between,flat,34,2018_2219897__event_001,0.0,True
tokyo_132723_relational_between,132723,stress_test,relational_between,flat,35,2018_2219897__event_002,0.0,True
tokyo_132723_relational_between,132723,stress_test,relational_between,flat,36,2018_2219897__event_003,0.0,True
tokyo_132723_relational_between,132723,stress_test,relational_between,flat,37,2018_2219903__event_001,0.0,True
tokyo_132723_relational_between,132723,stress_test,relational_between,flat,38,2018_2219903__event_002,0.0,True
tokyo_132723_relational_between,132723,stress_test,relational_between,flat,39,2018_2219904__event_001,0.0,True
tokyo_132723_relational_between,132723,stress_test,relational_between,flat,40,2018_2219904__event_002,0.0,True
tokyo_132723_relational_between,132723,stress_test,relational_between,flat,41,2018_2219906__event_001,0.0,True
tokyo_132723_relational_between,132723,stress_test,relational_between,flat,42,2018_2219906__event_002,0.0,True
tokyo_132723_relational_between,132723,stress_test,relational_between,flat,43,2018_2219915__event_001,0.0,True
tokyo_132723_relational_between,132723,stress_test,relational_between,flat,44,2018_2219918__event_001,0.0,True
tokyo_132723_relational_between,132723,stress_test,relational_between,flat,45,2018_2219918__event_002,0.0,True
tokyo_132723_relational_between,132723,stress_test,relational_between,flat,46,2018_2219919__event_001,0.0,True
tokyo_132723_relational_between,132723,stress_test,relational_between,flat,47,2018_2219920__event_001,0.0,True
tokyo_132723_relational_between,132723,stress_test,relational_between,flat,48,2018_2219920__event_002,0.0,True
tokyo_134307_relational_between,134307,stress_test,relational_between,flat,1,2018_2242051__event_002,42.989537666316295,False
tokyo_134307_relational_between,134307,stress_test,relational_between,flat,2,2018_2242051__event_001,28.12400530782553,False
tokyo_134307_relational_between,134307,stress_test,relational_between,flat,3,2018_2242051__event_003,20.250355978138856,False
tokyo_134307_relational_between,134307,stress_test,relational_between,flat,4,2018_2242009__event_001,0.0,False
tokyo_134307_relational_between,134307,stress_test,relational_between,flat,5,2018_2242009__event_002,0.0,False
tokyo_134307_relational_between,134307,stress_test,relational_between,flat,6,2018_2242026__event_001,0.0,False
tokyo_134307_relational_between,134307,stress_test,relational_between,flat,7,2018_2242026__event_002,0.0,False
tokyo_134307_relational_between,134307,stress_test,relational_between,flat,8,2018_2242027__event_001,0.0,False
tokyo_134307_relational_between,134307,stress_test,relational_between,flat,9,2018_2242027__event_002,0.0,False
tokyo_134307_relational_between,134307,stress_test,relational_between,flat,10,2018_2242029__event_001,0.0,False
tokyo_134307_relational_between,134307,stress_test,relational_between,flat,11,2018_2242029__event_002,0.0,False
tokyo_134307_relational_between,134307,stress_test,relational_between,flat,12,2018_2242033__event_001,0.0,False
tokyo_134307_relational_between,134307,stress_test,relational_between,flat,13,2018_2242033__event_002,0.0,False
tokyo_134307_relational_between,134307,stress_test,relational_between,flat,14,2018_2242033__event_003,0.0,False
tokyo_134307_relational_between,134307,stress_test,relational_between,flat,15,2018_2242034__event_001,0.0,False
tokyo_134307_relational_between,134307,stress_test,relational_between,flat,16,2018_2242034__event_002,0.0,False
tokyo_134307_relational_between,134307,stress_test,relational_between,flat,17,2018_2242035__event_001,0.0,False
tokyo_134307_relational_between,134307,stress_test,relational_between,flat,18,2018_2242035__event_002,0.0,False
tokyo_134307_relational_between,134307,stress_test,relational_between,flat,19,2018_2242038__event_001,0.0,False
tokyo_134307_relational_between,134307,stress_test,relational_between,flat,20,2018_2242038__event_002,0.0,False
tokyo_134307_relational_between,134307,stress_test,relational_between,flat,21,2018_2242042__event_001,0.0,False
tokyo_134307_relational_between,134307,stress_test,relational_between,flat,22,2018_2242042__event_002,0.0,False
tokyo_134307_relational_between,134307,stress_test,relational_between,flat,23,2018_2242043__event_001,0.0,False
tokyo_134307_relational_between,134307,stress_test,relational_between,flat,24,2018_2242043__event_002,0.0,False
tokyo_134307_relational_between,134307,stress_test,relational_between,flat,25,2018_2242049__event_001,0.0,False
tokyo_134307_relational_between,134307,stress_test,relational_between,flat,26,2018_2242049__event_002,0.0,False
tokyo_134307_relational_between,134307,stress_test,relational_between,flat,27,2018_2242058__event_001,0.0,False
tokyo_134307_relational_between,134307,stress_test,relational_between,flat,28,2018_2242058__event_002,0.0,False
tokyo_135393_relational_between,135393,stress_test,relational_between,flat,1,2018_2257318__event_003,66.96370994945312,False
tokyo_135393_relational_between,135393,stress_test,relational_between,flat,2,2018_2257318__event_004,40.98343412935954,False
tokyo_135393_relational_between,135393,stress_test,relational_between,flat,3,2018_2257318__event_001,34.17482315343642,False
tokyo_135393_relational_between,135393,stress_test,relational_between,flat,4,2018_2257318__event_002,31.795973743145087,False
tokyo_135393_relational_between,135393,stress_test,relational_between,flat,5,2018_2257267__event_001,11.337342726889478,False
tokyo_135393_relational_between,135393,stress_test,relational_between,flat,6,2018_2257274__event_003,9.495535562777436,False
tokyo_135393_relational_between,135393,stress_test,relational_between,flat,7,2018_2257267__event_002,8.893044813641078,False
tokyo_135393_relational_between,135393,stress_test,relational_between,flat,8,2018_2257274__event_002,8.799985122696322,False
tokyo_135393_relational_between,135393,stress_test,relational_between,flat,9,2018_2257283__event_004,2.0978366139378846,False
tokyo_135393_relational_between,135393,stress_test,relational_between,flat,10,2018_2257282__event_002,2.051507733444444,False
tokyo_135393_relational_between,135393,stress_test,relational_between,flat,11,2018_2257282__event_001,2.0291022621160346,False
tokyo_135393_relational_between,135393,stress_test,relational_between,flat,12,2018_2257269__event_002,1.98572813863515,False
tokyo_135393_relational_between,135393,stress_test,relational_between,flat,13,2018_2257299__event_001,1.924035806839746,False
tokyo_135393_relational_between,135393,stress_test,relational_between,flat,14,2018_2257260__event_001,0.0,False
tokyo_135393_relational_between,135393,stress_test,relational_between,flat,15,2018_2257260__event_002,0.0,False
tokyo_135393_relational_between,135393,stress_test,relational_between,flat,16,2018_2257262__event_001,0.0,False
tokyo_135393_relational_between,135393,stress_test,relational_between,flat,17,2018_2257262__event_002,0.0,False
tokyo_135393_relational_between,135393,stress_test,relational_between,flat,18,2018_2257265__event_001,0.0,False
tokyo_135393_relational_between,135393,stress_test,relational_between,flat,19,2018_2257265__event_002,0.0,False
tokyo_135393_relational_between,135393,stress_test,relational_between,flat,20,2018_2257265__event_003,0.0,False
tokyo_135393_relational_between,135393,stress_test,relational_between,flat,21,2018_2257266__event_001,0.0,False
tokyo_135393_relational_between,135393,stress_test,relational_between,flat,22,2018_2257266__event_002,0.0,False
tokyo_135393_relational_between,135393,stress_test,relational_between,flat,23,2018_2257268__event_001,0.0,False
tokyo_135393_relational_between,135393,stress_test,relational_between,flat,24,2018_2257268__event_002,0.0,False
tokyo_135393_relational_between,135393,stress_test,relational_between,flat,25,2018_2257269__event_001,0.0,False
tokyo_135393_relational_between,135393,stress_test,relational_between,flat,26,2018_2257271__event_001,0.0,False
tokyo_135393_relational_between,135393,stress_test,relational_between,flat,27,2018_2257271__event_002,0.0,False
tokyo_135393_relational_between,135393,stress_test,relational_between,flat,28,2018_2257272__event_001,0.0,False
tokyo_135393_relational_between,135393,stress_test,relational_between,flat,29,2018_2257272__event_002,0.0,False
tokyo_135393_relational_between,135393,stress_test,relational_between,flat,30,2018_2257273__event_001,0.0,False
tokyo_135393_relational_between,135393,stress_test,relational_between,flat,31,2018_2257273__event_002,0.0,False
tokyo_135393_relational_between,135393,stress_test,relational_between,flat,32,2018_2257274__event_001,0.0,False
tokyo_135393_relational_between,135393,stress_test,relational_between,flat,33,2018_2257276__event_001,0.0,False
tokyo_135393_relational_between,135393,stress_test,relational_between,flat,34,2018_2257276__event_002,0.0,False
tokyo_135393_relational_between,135393,stress_test,relational_between,flat,35,2018_2257280__event_001,0.0,False
tokyo_135393_relational_between,135393,stress_test,relational_between,flat,36,2018_2257280__event_002,0.0,False
tokyo_135393_relational_between,135393,stress_test,relational_between,flat,37,2018_2257283__event_001,0.0,False
tokyo_135393_relational_between,135393,stress_test,relational_between,flat,38,2018_2257283__event_002,0.0,False
tokyo_135393_relational_between,135393,stress_test,relational_between,flat,39,2018_2257283__event_003,0.0,False
tokyo_135393_relational_between,135393,stress_test,relational_between,flat,40,2018_2257293__event_001,0.0,False
tokyo_135393_relational_between,135393,stress_test,relational_between,flat,41,2018_2257293__event_002,0.0,False
tokyo_135393_relational_between,135393,stress_test,relational_between,flat,42,2018_2257293__event_003,0.0,False
tokyo_135393_relational_between,135393,stress_test,relational_between,flat,43,2018_2257295__event_001,0.0,False
tokyo_135393_relational_between,135393,stress_test,relational_between,flat,44,2018_2257295__event_002,0.0,False
tokyo_135393_relational_between,135393,stress_test,relational_between,flat,45,2018_2257299__event_002,0.0,False
tokyo_135393_relational_between,135393,stress_test,relational_between,flat,46,2018_2257299__event_003,0.0,False
tokyo_138301_relational_between,138301,stress_test,relational_between,flat,1,2018_2294113__event_002,44.14891636996859,False
tokyo_138301_relational_between,138301,stress_test,relational_between,flat,2,2018_2294113__event_001,34.32239415255386,False
tokyo_138301_relational_between,138301,stress_test,relational_between,flat,3,2018_2294113__event_004,19.76769750234085,False
tokyo_138301_relational_between,138301,stress_test,relational_between,flat,4,2018_2294102__event_003,19.191633498066505,False
tokyo_138301_relational_between,138301,stress_test,relational_between,flat,5,2018_2294102__event_002,17.416476366754654,False
tokyo_138301_relational_between,138301,stress_test,relational_between,flat,6,2018_2294113__event_003,16.968326605713,False
tokyo_138301_relational_between,138301,stress_test,relational_between,flat,7,2018_2294120__event_002,15.407303987118919,False
tokyo_138301_relational_between,138301,stress_test,relational_between,flat,8,2018_2294120__event_001,14.454993275968093,False
tokyo_138301_relational_between,138301,stress_test,relational_between,flat,9,2018_2294104__event_004,14.323633464604873,False
tokyo_138301_relational_between,138301,stress_test,relational_between,flat,10,2018_2294104__event_003,12.831860265675841,False
tokyo_138301_relational_between,138301,stress_test,relational_between,flat,11,2018_2294104__event_002,12.551738595973614,False
tokyo_138301_relational_between,138301,stress_test,relational_between,flat,12,2018_2294132__event_002,11.098992832551414,False
tokyo_138301_relational_between,138301,stress_test,relational_between,flat,13,2018_2294132__event_001,10.943158828439666,False
tokyo_138301_relational_between,138301,stress_test,relational_between,flat,14,2018_2294065__event_003,8.195821456024063,False
tokyo_138301_relational_between,138301,stress_test,relational_between,flat,15,2018_2294102__event_001,8.080685372186213,False
tokyo_138301_relational_between,138301,stress_test,relational_between,flat,16,2018_2294109__event_002,7.550843461333853,False
tokyo_138301_relational_between,138301,stress_test,relational_between,flat,17,2018_2294065__event_001,6.589602667395525,False
tokyo_138301_relational_between,138301,stress_test,relational_between,flat,18,2018_2294115__event_001,6.449722869047866,False
tokyo_138301_relational_between,138301,stress_test,relational_between,flat,19,2018_2294115__event_002,6.359773232390664,False
tokyo_138301_relational_between,138301,stress_test,relational_between,flat,20,2018_2294126__event_001,6.359773232390664,False
tokyo_138301_relational_between,138301,stress_test,relational_between,flat,21,2018_2294126__event_002,6.359773232390664,False
tokyo_138301_relational_between,138301,stress_test,relational_between,flat,22,2018_2294109__event_003,6.27233565586893,False
tokyo_138301_relational_between,138301,stress_test,relational_between,flat,23,2018_2294065__event_002,6.104582474319402,False
tokyo_138301_relational_between,138301,stress_test,relational_between,flat,24,2018_2294117__event_002,2.0529688946074938,False
tokyo_138301_relational_between,138301,stress_test,relational_between,flat,25,2018_2294097__event_002,2.0013973442944613,False
tokyo_138301_relational_between,138301,stress_test,relational_between,flat,26,2018_2294067__event_002,1.9523533052089834,False
tokyo_138301_relational_between,138301,stress_test,relational_between,flat,27,2018_2294100__event_002,1.9523533052089834,False
tokyo_138301_relational_between,138301,stress_test,relational_between,flat,28,2018_2294107__event_001,1.8467591326524442,False
tokyo_138301_relational_between,138301,stress_test,relational_between,flat,29,2018_2294107__event_002,1.8467591326524442,False
tokyo_138301_relational_between,138301,stress_test,relational_between,flat,30,2018_2294131__event_002,1.7143032792131925,False
tokyo_138301_relational_between,138301,stress_test,relational_between,flat,31,2018_2294067__event_001,0.0,False
tokyo_138301_relational_between,138301,stress_test,relational_between,flat,32,2018_2294095__event_001,0.0,False
tokyo_138301_relational_between,138301,stress_test,relational_between,flat,33,2018_2294095__event_002,0.0,False
tokyo_138301_relational_between,138301,stress_test,relational_between,flat,34,2018_2294097__event_001,0.0,False
tokyo_138301_relational_between,138301,stress_test,relational_between,flat,35,2018_2294100__event_001,0.0,False
tokyo_138301_relational_between,138301,stress_test,relational_between,flat,36,2018_2294104__event_001,0.0,False
tokyo_138301_relational_between,138301,stress_test,relational_between,flat,37,2018_2294109__event_001,0.0,False
tokyo_138301_relational_between,138301,stress_test,relational_between,flat,38,2018_2294117__event_001,0.0,False
tokyo_138301_relational_between,138301,stress_test,relational_between,flat,39,2018_2294131__event_001,0.0,False
tokyo_139656_relational_between,139656,stress_test,relational_between,flat,1,2018_2308851__event_001,22.93447749111726,True
tokyo_139656_relational_between,139656,stress_test,relational_between,flat,2,2018_2308851__event_002,22.900718756405546,True
tokyo_139656_relational_between,139656,stress_test,relational_between,flat,3,2018_2308834__event_001,1.0457726347845746,True
tokyo_139656_relational_between,139656,stress_test,relational_between,flat,4,2018_2308836__event_001,1.0457726347845746,True
tokyo_139656_relational_between,139656,stress_test,relational_between,flat,5,2018_2308837__event_001,1.0457726347845746,True
tokyo_139656_relational_between,139656,stress_test,relational_between,flat,6,2018_2308839__event_001,1.0457726347845746,True
tokyo_139656_relational_between,139656,stress_test,relational_between,flat,7,2018_2308840__event_001,1.0457726347845746,True
tokyo_139656_relational_between,139656,stress_test,relational_between,flat,8,2018_2308844__event_001,1.0457726347845746,True
tokyo_139656_relational_between,139656,stress_test,relational_between,flat,9,2018_2308845__event_001,1.0457726347845746,True
tokyo_139656_relational_between,139656,stress_test,relational_between,flat,10,2018_2308846__event_001,1.0457726347845746,True
tokyo_139656_relational_between,139656,stress_test,relational_between,flat,11,2018_2308849__event_001,1.0457726347845746,True
tokyo_139656_relational_between,139656,stress_test,relational_between,flat,12,2018_2308852__event_001,1.0457726347845746,True
tokyo_139656_relational_between,139656,stress_test,relational_between,flat,13,2018_2308857__event_001,1.0457726347845746,True
tokyo_139656_relational_between,139656,stress_test,relational_between,flat,14,2018_2308859__event_001,1.0457726347845746,True
tokyo_139656_relational_between,139656,stress_test,relational_between,flat,15,2018_2308861__event_001,1.0457726347845746,True
tokyo_139656_relational_between,139656,stress_test,relational_between,flat,16,2018_2308864__event_001,1.0457726347845746,True
tokyo_139656_relational_between,139656,stress_test,relational_between,flat,17,2018_2308866__event_001,1.0457726347845746,True
tokyo_139656_relational_between,139656,stress_test,relational_between,flat,18,2018_2308868__event_001,1.0457726347845746,True
tokyo_139656_relational_between,139656,stress_test,relational_between,flat,19,2018_2308869__event_001,1.0457726347845746,True
tokyo_139656_relational_between,139656,stress_test,relational_between,flat,20,2018_2308874__event_001,1.0457726347845746,True
tokyo_139656_relational_between,139656,stress_test,relational_between,flat,21,2018_2308875__event_001,1.0457726347845746,True
tokyo_139656_relational_between,139656,stress_test,relational_between,flat,22,2018_2308879__event_001,1.0457726347845746,True
tokyo_139656_relational_between,139656,stress_test,relational_between,flat,23,2018_2308880__event_001,1.0457726347845746,True
tokyo_139656_relational_between,139656,stress_test,relational_between,flat,24,2018_2308884__event_001,1.0457726347845746,True
tokyo_139656_relational_between,139656,stress_test,relational_between,flat,25,2018_2308885__event_001,1.0457726347845746,True
tokyo_139656_relational_between,139656,stress_test,relational_between,flat,26,2018_2308886__event_001,1.0457726347845746,True
tokyo_139656_relational_between,139656,stress_test,relational_between,flat,27,2018_2308887__event_001,1.0457726347845746,True
tokyo_139656_relational_between,139656,stress_test,relational_between,flat,28,2018_2308834__event_002,0.985826685627113,True
tokyo_139656_relational_between,139656,stress_test,relational_between,flat,29,2018_2308836__event_002,0.985826685627113,True
tokyo_139656_relational_between,139656,stress_test,relational_between,flat,30,2018_2308837__event_002,0.985826685627113,True
tokyo_139656_relational_between,139656,stress_test,relational_between,flat,31,2018_2308839__event_002,0.985826685627113,True
tokyo_139656_relational_between,139656,stress_test,relational_between,flat,32,2018_2308840__event_002,0.985826685627113,True
tokyo_139656_relational_between,139656,stress_test,relational_between,flat,33,2018_2308844__event_002,0.985826685627113,True
tokyo_139656_relational_between,139656,stress_test,relational_between,flat,34,2018_2308845__event_002,0.985826685627113,True
tokyo_139656_relational_between,139656,stress_test,relational_between,flat,35,2018_2308846__event_002,0.985826685627113,True
tokyo_139656_relational_between,139656,stress_test,relational_between,flat,36,2018_2308849__event_002,0.985826685627113,True
tokyo_139656_relational_between,139656,stress_test,relational_between,flat,37,2018_2308851__event_003,0.985826685627113,True
tokyo_139656_relational_between,139656,stress_test,relational_between,flat,38,2018_2308852__event_002,0.985826685627113,True
tokyo_139656_relational_between,139656,stress_test,relational_between,flat,39,2018_2308857__event_002,0.985826685627113,True
tokyo_139656_relational_between,139656,stress_test,relational_between,flat,40,2018_2308859__event_002,0.985826685627113,True
tokyo_139656_relational_between,139656,stress_test,relational_between,flat,41,2018_2308861__event_002,0.985826685627113,True
tokyo_139656_relational_between,139656,stress_test,relational_between,flat,42,2018_2308864__event_002,0.985826685627113,True
tokyo_139656_relational_between,139656,stress_test,relational_between,flat,43,2018_2308866__event_002,0.985826685627113,True
tokyo_139656_relational_between,139656,stress_test,relational_between,flat,44,2018_2308868__event_002,0.985826685627113,True
tokyo_139656_relational_between,139656,stress_test,relational_between,flat,45,2018_2308869__event_002,0.985826685627113,True
tokyo_139656_relational_between,139656,stress_test,relational_between,flat,46,2018_2308874__event_002,0.985826685627113,True
tokyo_139656_relational_between,139656,stress_test,relational_between,flat,47,2018_2308875__event_002,0.985826685627113,True
tokyo_139656_relational_between,139656,stress_test,relational_between,flat,48,2018_2308879__event_002,0.985826685627113,True
tokyo_139656_relational_between,139656,stress_test,relational_between,flat,49,2018_2308880__event_002,0.985826685627113,True
tokyo_139656_relational_between,139656,stress_test,relational_between,flat,50,2018_2308884__event_002,0.985826685627113,True
tokyo_139656_relational_between,139656,stress_test,relational_between,flat,51,2018_2308885__event_002,0.985826685627113,True
tokyo_139656_relational_between,139656,stress_test,relational_between,flat,52,2018_2308886__event_002,0.985826685627113,True
tokyo_139656_relational_between,139656,stress_test,relational_between,flat,53,2018_2308887__event_002,0.985826685627113,True
tokyo_139656_relational_between,139656,stress_test,relational_between,flat,54,2018_2308863__event_001,0.06402729275660785,True
tokyo_139656_relational_between,139656,stress_test,relational_between,flat,55,2018_2308863__event_002,0.0,True
tokyo_140775_relational_between,140775,stress_test,relational_between,flat,1,2018_2320646__event_002,30.654246529079987,False
tokyo_140775_relational_between,140775,stress_test,relational_between,flat,2,2018_2320646__event_004,22.594487228575677,False
tokyo_140775_relational_between,140775,stress_test,relational_between,flat,3,2018_2320646__event_003,19.89411858321643,False
tokyo_140775_relational_between,140775,stress_test,relational_between,flat,4,2018_2320646__event_001,12.672003092133767,False
tokyo_140775_relational_between,140775,stress_test,relational_between,flat,5,2018_2320657__event_001,1.8440517150926783,False
tokyo_140775_relational_between,140775,stress_test,relational_between,flat,6,2018_2320666__event_001,1.7099918511744434,False
tokyo_140775_relational_between,140775,stress_test,relational_between,flat,7,2018_2320666__event_002,1.7099918511744434,False
tokyo_140775_relational_between,140775,stress_test,relational_between,flat,8,2018_2320660__event_001,1.5941029006712766,False
tokyo_140775_relational_between,140775,stress_test,relational_between,flat,9,2018_2320655__event_002,1.215256567359382,False
tokyo_140775_relational_between,140775,stress_test,relational_between,flat,10,2018_2320655__event_001,1.1950096270846513,False
tokyo_140775_relational_between,140775,stress_test,relational_between,flat,11,2018_2320660__event_002,0.596824287935241,False
tokyo_140775_relational_between,140775,stress_test,relational_between,flat,12,2018_2320634__event_003,0.5184342958016148,False
tokyo_140775_relational_between,140775,stress_test,relational_between,flat,13,2018_2320634__event_001,0.0,False
tokyo_140775_relational_between,140775,stress_test,relational_between,flat,14,2018_2320634__event_002,0.0,False
tokyo_140775_relational_between,140775,stress_test,relational_between,flat,15,2018_2320657__event_002,0.0,False
tokyo_140775_relational_between,140775,stress_test,relational_between,flat,16,2018_2320664__event_001,0.0,False
tokyo_140775_relational_between,140775,stress_test,relational_between,flat,17,2018_2320664__event_002,0.0,False
tokyo_140775_relational_between,140775,stress_test,relational_between,flat,18,2018_2320665__event_001,0.0,False
tokyo_140775_relational_between,140775,stress_test,relational_between,flat,19,2018_2320665__event_002,0.0,False
tokyo_140775_relational_between,140775,stress_test,relational_between,flat,20,2018_2320675__event_001,0.0,False
tokyo_140775_relational_between,140775,stress_test,relational_between,flat,21,2018_2320675__event_002,0.0,False
tokyo_140775_relational_between,140775,stress_test,relational_between,flat,22,2018_2320676__event_001,0.0,False
tokyo_140775_relational_between,140775,stress_test,relational_between,flat,23,2018_2320676__event_002,0.0,False
tokyo_149225_relational_between,149225,stress_test,relational_between,flat,1,2018_2402537__event_002,11.213100061499931,False
tokyo_149225_relational_between,149225,stress_test,relational_between,flat,2,2018_2402512__event_001,9.174197315590352,False
tokyo_149225_relational_between,149225,stress_test,relational_between,flat,3,2018_2402520__event_001,9.174197315590352,False
tokyo_149225_relational_between,149225,stress_test,relational_between,flat,4,2018_2402534__event_001,9.174197315590352,False
tokyo_149225_relational_between,149225,stress_test,relational_between,flat,5,2018_2402512__event_002,8.924680658578893,False
tokyo_149225_relational_between,149225,stress_test,relational_between,flat,6,2018_2402520__event_002,8.924680658578893,False
tokyo_149225_relational_between,149225,stress_test,relational_between,flat,7,2018_2402534__event_002,8.924680658578893,False
tokyo_149225_relational_between,149225,stress_test,relational_between,flat,8,2018_2402514__event_001,7.550724777168695,False
tokyo_149225_relational_between,149225,stress_test,relational_between,flat,9,2018_2402514__event_002,7.550724777168695,False
tokyo_149225_relational_between,149225,stress_test,relational_between,flat,10,2018_2402537__event_001,6.749067310583593,False
tokyo_149225_relational_between,149225,stress_test,relational_between,flat,11,2018_2402528__event_001,6.6441791295745185,False
tokyo_149225_relational_between,149225,stress_test,relational_between,flat,12,2018_2402531__event_001,6.6441791295745185,False
tokyo_149225_relational_between,149225,stress_test,relational_between,flat,13,2018_2402538__event_001,6.6441791295745185,False
tokyo_149225_relational_between,149225,stress_test,relational_between,flat,14,2018_2402523__event_001,6.600800442509262,False
tokyo_149225_relational_between,149225,stress_test,relational_between,flat,15,2018_2402528__event_002,6.453701342514784,False
tokyo_149225_relational_between,149225,stress_test,relational_between,flat,16,2018_2402531__event_002,6.453701342514784,False
tokyo_149225_relational_between,149225,stress_test,relational_between,flat,17,2018_2402538__event_002,6.453701342514784,False
tokyo_149225_relational_between,149225,stress_test,relational_between,flat,18,2018_2402523__event_002,6.427713736182535,False
tokyo_149225_relational_between,149225,stress_test,relational_between,flat,19,2018_2402517__event_001,6.263472470368408,False
tokyo_149225_relational_between,149225,stress_test,relational_between,flat,20,2018_2402537__event_003,6.179122292715885,False
tokyo_149225_relational_between,149225,stress_test,relational_between,flat,21,2018_2402516__event_003,6.173874632693676,False
tokyo_149225_relational_between,149225,stress_test,relational_between,flat,22,2018_2402517__event_002,5.817523507491313,False
tokyo_149225_relational_between,149225,stress_test,relational_between,flat,23,2018_2402519__event_002,5.5875789255461115,False
tokyo_149225_relational_between,149225,stress_test,relational_between,flat,24,2018_2402529__event_002,5.5875789255461115,False
tokyo_149225_relational_between,149225,stress_test,relational_between,flat,25,2018_2402519__event_001,5.481560210866037,False
tokyo_149225_relational_between,149225,stress_test,relational_between,flat,26,2018_2402529__event_001,5.481560210866037,False
tokyo_149225_relational_between,149225,stress_test,relational_between,flat,27,2018_2402516__event_002,5.393509724634087,False
tokyo_149225_relational_between,149225,stress_test,relational_between,flat,28,2018_2402533__event_001,5.3794897793533565,False
tokyo_149225_relational_between,149225,stress_test,relational_between,flat,29,2018_2402533__event_002,5.3794897793533565,False
tokyo_149225_relational_between,149225,stress_test,relational_between,flat,30,2018_2402526__event_001,3.405111941531101,False
tokyo_149225_relational_between,149225,stress_test,relational_between,flat,31,2018_2402526__event_002,3.298207264296985,False
tokyo_149225_relational_between,149225,stress_test,relational_between,flat,32,2018_2402517__event_003,1.3654324040253885,False
tokyo_149225_relational_between,149225,stress_test,relational_between,flat,33,2018_2402516__event_001,0.0,False
tokyo_152722_relational_between,152722,stress_test,relational_between,flat,1,2018_2446524__event_004,16.8610814864374,False
tokyo_152722_relational_between,152722,stress_test,relational_between,flat,2,2018_2446524__event_005,15.084572637446925,False
tokyo_152722_relational_between,152722,stress_test,relational_between,flat,3,2018_2446527__event_002,14.868777419756231,False
tokyo_152722_relational_between,152722,stress_test,relational_between,flat,4,2018_2446527__event_001,14.45756907107872,False
tokyo_152722_relational_between,152722,stress_test,relational_between,flat,5,2018_2446506__event_002,9.035356933421605,False
tokyo_152722_relational_between,152722,stress_test,relational_between,flat,6,2018_2446524__event_002,8.576929614991828,False
tokyo_152722_relational_between,152722,stress_test,relational_between,flat,7,2018_2446506__event_001,8.022598424226032,False
tokyo_152722_relational_between,152722,stress_test,relational_between,flat,8,2018_2446525__event_002,7.169498589168826,False
tokyo_152722_relational_between,152722,stress_test,relational_between,flat,9,2018_2446524__event_001,6.223033441520695,False
tokyo_152722_relational_between,152722,stress_test,relational_between,flat,10,2018_2446525__event_001,6.223033441520695,False
tokyo_152722_relational_between,152722,stress_test,relational_between,flat,11,2018_2446524__event_003,6.204482649424567,False
tokyo_152722_relational_between,152722,stress_test,relational_between,flat,12,2018_2446526__event_001,5.768713928181161,False
tokyo_152722_relational_between,152722,stress_test,relational_between,flat,13,2018_2446526__event_002,5.463114694435377,False
tokyo_152722_relational_between,152722,stress_test,relational_between,flat,14,2018_2446508__event_001,5.353171074388424,False
tokyo_152722_relational_between,152722,stress_test,relational_between,flat,15,2018_2446548__event_001,5.353171074388424,False
tokyo_152722_relational_between,152722,stress_test,relational_between,flat,16,2018_2446525__event_003,4.892311140010473,False
tokyo_152722_relational_between,152722,stress_test,relational_between,flat,17,2018_2446520__event_002,4.803359442812234,False
tokyo_152722_relational_between,152722,stress_test,relational_between,flat,18,2018_2446571__event_002,4.803359442812234,False
tokyo_152722_relational_between,152722,stress_test,relational_between,flat,19,2018_2446519__event_003,4.665325337928115,False
tokyo_152722_relational_between,152722,stress_test,relational_between,flat,20,2018_2446526__event_003,4.665325337928115,False
tokyo_152722_relational_between,152722,stress_test,relational_between,flat,21,2018_2446535__event_002,4.656617590057502,False
tokyo_152722_relational_between,152722,stress_test,relational_between,flat,22,2018_2446508__event_002,4.339939175089559,False
tokyo_152722_relational_between,152722,stress_test,relational_between,flat,23,2018_2446548__event_002,4.339939175089559,False
tokyo_152722_relational_between,152722,stress_test,relational_between,flat,24,2018_2446519__event_002,4.166823542679508,False
tokyo_152722_relational_between,152722,stress_test,relational_between,flat,25,2018_2446520__event_001,3.9120314185125653,False
tokyo_152722_relational_between,152722,stress_test,relational_between,flat,26,2018_2446571__event_001,3.9120314185125653,False
tokyo_152722_relational_between,152722,stress_test,relational_between,flat,27,2018_2446535__event_001,3.665967004238679,False
tokyo_152722_relational_between,152722,stress_test,relational_between,flat,28,2018_2446517__event_002,2.174681190484962,False
tokyo_152722_relational_between,152722,stress_test,relational_between,flat,29,2018_2446517__event_001,1.8967573049695852,False
tokyo_152722_relational_between,152722,stress_test,relational_between,flat,30,2018_2446517__event_003,1.8191332849102009,False
tokyo_152722_relational_between,152722,stress_test,relational_between,flat,31,2018_2446519__event_001,1.5350878698154347,False
tokyo_152722_relational_between,152722,stress_test,relational_between,flat,32,2018_2446518__event_001,0.4898666060079612,False
tokyo_152722_relational_between,152722,stress_test,relational_between,flat,33,2018_2446518__event_002,0.4898666060079612,False
tokyo_156873_relational_between,156873,stress_test,relational_between,flat,1,2018_2498144__event_001,52.35715718950547,True
tokyo_156873_relational_between,156873,stress_test,relational_between,flat,2,2018_2498144__event_002,52.07689784880089,True
tokyo_156873_relational_between,156873,stress_test,relational_between,flat,3,2018_2498147__event_002,48.89560627995976,True
tokyo_156873_relational_between,156873,stress_test,relational_between,flat,4,2018_2498115__event_001,48.53364673833249,True
tokyo_156873_relational_between,156873,stress_test,relational_between,flat,5,2018_2498115__event_002,43.68484738781888,True
tokyo_156873_relational_between,156873,stress_test,relational_between,flat,6,2018_2498147__event_003,43.68484738781888,True
tokyo_156873_relational_between,156873,stress_test,relational_between,flat,7,2018_2498144__event_003,15.739423382392292,True
tokyo_156873_relational_between,156873,stress_test,relational_between,flat,8,2018_2498171__event_003,12.12336777943958,True
tokyo_156873_relational_between,156873,stress_test,relational_between,flat,9,2018_2498153__event_001,11.114736026214347,True
tokyo_156873_relational_between,156873,stress_test,relational_between,flat,10,2018_2498171__event_001,10.54236103888163,True
tokyo_156873_relational_between,156873,stress_test,relational_between,flat,11,2018_2498171__event_002,9.791257204645724,True
tokyo_156873_relational_between,156873,stress_test,relational_between,flat,12,2018_2498174__event_002,6.746081869458757,True
tokyo_156873_relational_between,156873,stress_test,relational_between,flat,13,2018_2498124__event_002,6.567635738773952,True
tokyo_156873_relational_between,156873,stress_test,relational_between,flat,14,2018_2498135__event_001,6.404718610585391,True
tokyo_156873_relational_between,156873,stress_test,relational_between,flat,15,2018_2498179__event_001,6.218376798444856,True
tokyo_156873_relational_between,156873,stress_test,relational_between,flat,16,2018_2498146__event_001,6.118568426465053,True
tokyo_156873_relational_between,156873,stress_test,relational_between,flat,17,2018_2498121__event_002,6.064415189769281,True
tokyo_156873_relational_between,156873,stress_test,relational_between,flat,18,2018_2498119__event_001,5.958967038250981,True
tokyo_156873_relational_between,156873,stress_test,relational_between,flat,19,2018_2498142__event_001,5.9076218544932635,True
tokyo_156873_relational_between,156873,stress_test,relational_between,flat,20,2018_2498121__event_001,5.894711194029212,True
tokyo_156873_relational_between,156873,stress_test,relational_between,flat,21,2018_2498146__event_002,5.84031098111117,True
tokyo_156873_relational_between,156873,stress_test,relational_between,flat,22,2018_2498136__event_002,5.807570153169394,True
tokyo_156873_relational_between,156873,stress_test,relational_between,flat,23,2018_2498157__event_003,5.807570153169394,True
tokyo_156873_relational_between,156873,stress_test,relational_between,flat,24,2018_2498174__event_001,5.807570153169394,True
tokyo_156873_relational_between,156873,stress_test,relational_between,flat,25,2018_2498174__event_003,5.807570153169394,True
tokyo_156873_relational_between,156873,stress_test,relational_between,flat,26,2018_2498143__event_003,5.734468207415612,True
tokyo_156873_relational_between,156873,stress_test,relational_between,flat,27,2018_2498124__event_003,5.7108873458053715,True
tokyo_156873_relational_between,156873,stress_test,relational_between,flat,28,2018_2498135__event_002,5.6829725270448685,True
tokyo_156873_relational_between,156873,stress_test,relational_between,flat,29,2018_2498142__event_002,5.6323934804963445,True
tokyo_156873_relational_between,156873,stress_test,relational_between,flat,30,2018_2498126__event_003,5.582706809264212,True
tokyo_156873_relational_between,156873,stress_test,relational_between,flat,31,2018_2498150__event_001,5.534814613113181,True
tokyo_156873_relational_between,156873,stress_test,relational_between,flat,32,2018_2498114__event_001,5.526964899330725,True
tokyo_156873_relational_between,156873,stress_test,relational_between,flat,33,2018_2498147__event_001,5.526964899330725,True
tokyo_156873_relational_between,156873,stress_test,relational_between,flat,34,2018_2498153__event_002,5.526964899330725,True
tokyo_156873_relational_between,156873,stress_test,relational_between,flat,35,2018_2498166__event_001,5.526964899330725,True
tokyo_156873_relational_between,156873,stress_test,relational_between,flat,36,2018_2498136__event_001,5.485917764494929,True
tokyo_156873_relational_between,156873,stress_test,relational_between,flat,37,2018_2498120__event_002,5.43942043775084,True
tokyo_156873_relational_between,156873,stress_test,relational_between,flat,38,2018_2498124__event_004,5.43877097128025,True
tokyo_156873_relational_between,156873,stress_test,relational_between,flat,39,2018_2498126__event_001,5.392427646048728,True
tokyo_156873_relational_between,156873,stress_test,relational_between,flat,40,2018_2498143__event_001,5.392427646048728,True
tokyo_156873_relational_between,156873,stress_test,relational_between,flat,41,2018_2498133__event_002,5.313233395269052,True
tokyo_156873_relational_between,156873,stress_test,relational_between,flat,42,2018_2498165__event_001,5.272474854981114,True
tokyo_156873_relational_between,156873,stress_test,relational_between,flat,43,2018_2498144__event_004,5.258018209123324,True
tokyo_156873_relational_between,156873,stress_test,relational_between,flat,44,2018_2498120__event_001,5.214691787156721,True
tokyo_156873_relational_between,156873,stress_test,relational_between,flat,45,2018_2498157__event_002,5.172073554893319,True
tokyo_156873_relational_between,156873,stress_test,relational_between,flat,46,2018_2498143__event_002,5.153901799115258,True
tokyo_156873_relational_between,156873,stress_test,relational_between,flat,47,2018_2498166__event_002,5.130146289574816,True
tokyo_156873_relational_between,156873,stress_test,relational_between,flat,48,2018_2498133__event_001,4.969021374897959,True
tokyo_156873_relational_between,156873,stress_test,relational_between,flat,49,2018_2498126__event_002,4.897110178673014,True
tokyo_156873_relational_between,156873,stress_test,relational_between,flat,50,2018_2498165__event_002,4.892195631611865,True
tokyo_156873_relational_between,156873,stress_test,relational_between,flat,51,2018_2498119__event_002,4.81770931506353,True
tokyo_156873_relational_between,156873,stress_test,relational_between,flat,52,2018_2498114__event_002,4.745457170709368,True
tokyo_156873_relational_between,156873,stress_test,relational_between,flat,53,2018_2498140__event_001,2.5253800247485816,True
tokyo_156873_relational_between,156873,stress_test,relational_between,flat,54,2018_2498155__event_002,1.9503771637116554,True
tokyo_156873_relational_between,156873,stress_test,relational_between,flat,55,2018_2498155__event_001,1.9068284271554072,True
tokyo_156873_relational_between,156873,stress_test,relational_between,flat,56,2018_2498114__event_003,0.0,True
tokyo_156873_relational_between,156873,stress_test,relational_between,flat,57,2018_2498116__event_001,0.0,True
tokyo_156873_relational_between,156873,stress_test,relational_between,flat,58,2018_2498116__event_002,0.0,True
tokyo_156873_relational_between,156873,stress_test,relational_between,flat,59,2018_2498117__event_001,0.0,True
tokyo_156873_relational_between,156873,stress_test,relational_between,flat,60,2018_2498117__event_002,0.0,True
tokyo_156873_relational_between,156873,stress_test,relational_between,flat,61,2018_2498117__event_003,0.0,True
tokyo_156873_relational_between,156873,stress_test,relational_between,flat,62,2018_2498118__event_001,0.0,True
tokyo_156873_relational_between,156873,stress_test,relational_between,flat,63,2018_2498118__event_002,0.0,True
tokyo_156873_relational_between,156873,stress_test,relational_between,flat,64,2018_2498119__event_003,0.0,True
tokyo_156873_relational_between,156873,stress_test,relational_between,flat,65,2018_2498123__event_001,0.0,True
tokyo_156873_relational_between,156873,stress_test,relational_between,flat,66,2018_2498123__event_002,0.0,True
tokyo_156873_relational_between,156873,stress_test,relational_between,flat,67,2018_2498124__event_001,0.0,True
tokyo_156873_relational_between,156873,stress_test,relational_between,flat,68,2018_2498126__event_004,0.0,True
tokyo_156873_relational_between,156873,stress_test,relational_between,flat,69,2018_2498127__event_001,0.0,True
tokyo_156873_relational_between,156873,stress_test,relational_between,flat,70,2018_2498127__event_002,0.0,True
tokyo_156873_relational_between,156873,stress_test,relational_between,flat,71,2018_2498127__event_003,0.0,True
tokyo_156873_relational_between,156873,stress_test,relational_between,flat,72,2018_2498128__event_001,0.0,True
tokyo_156873_relational_between,156873,stress_test,relational_between,flat,73,2018_2498128__event_002,0.0,True
tokyo_156873_relational_between,156873,stress_test,relational_between,flat,74,2018_2498130__event_001,0.0,True
tokyo_156873_relational_between,156873,stress_test,relational_between,flat,75,2018_2498130__event_002,0.0,True
tokyo_156873_relational_between,156873,stress_test,relational_between,flat,76,2018_2498134__event_001,0.0,True
tokyo_156873_relational_between,156873,stress_test,relational_between,flat,77,2018_2498134__event_002,0.0,True
tokyo_156873_relational_between,156873,stress_test,relational_between,flat,78,2018_2498135__event_003,0.0,True
tokyo_156873_relational_between,156873,stress_test,relational_between,flat,79,2018_2498137__event_001,0.0,True
tokyo_156873_relational_between,156873,stress_test,relational_between,flat,80,2018_2498137__event_002,0.0,True
tokyo_156873_relational_between,156873,stress_test,relational_between,flat,81,2018_2498138__event_001,0.0,True
tokyo_156873_relational_between,156873,stress_test,relational_between,flat,82,2018_2498138__event_002,0.0,True
tokyo_156873_relational_between,156873,stress_test,relational_between,flat,83,2018_2498139__event_001,0.0,True
tokyo_156873_relational_between,156873,stress_test,relational_between,flat,84,2018_2498139__event_002,0.0,True
tokyo_156873_relational_between,156873,stress_test,relational_between,flat,85,2018_2498140__event_002,0.0,True
tokyo_156873_relational_between,156873,stress_test,relational_between,flat,86,2018_2498140__event_003,0.0,True
tokyo_156873_relational_between,156873,stress_test,relational_between,flat,87,2018_2498140__event_004,0.0,True
tokyo_156873_relational_between,156873,stress_test,relational_between,flat,88,2018_2498141__event_001,0.0,True
tokyo_156873_relational_between,156873,stress_test,relational_between,flat,89,2018_2498141__event_002,0.0,True
tokyo_156873_relational_between,156873,stress_test,relational_between,flat,90,2018_2498145__event_001,0.0,True
tokyo_156873_relational_between,156873,stress_test,relational_between,flat,91,2018_2498145__event_002,0.0,True
tokyo_156873_relational_between,156873,stress_test,relational_between,flat,92,2018_2498149__event_001,0.0,True
tokyo_156873_relational_between,156873,stress_test,relational_between,flat,93,2018_2498149__event_002,0.0,True
tokyo_156873_relational_between,156873,stress_test,relational_between,flat,94,2018_2498149__event_003,0.0,True
tokyo_156873_relational_between,156873,stress_test,relational_between,flat,95,2018_2498150__event_002,0.0,True
tokyo_156873_relational_between,156873,stress_test,relational_between,flat,96,2018_2498152__event_001,0.0,True
tokyo_156873_relational_between,156873,stress_test,relational_between,flat,97,2018_2498152__event_002,0.0,True
tokyo_156873_relational_between,156873,stress_test,relational_between,flat,98,2018_2498154__event_001,0.0,True
tokyo_156873_relational_between,156873,stress_test,relational_between,flat,99,2018_2498154__event_002,0.0,True
tokyo_156873_relational_between,156873,stress_test,relational_between,flat,100,2018_2498157__event_001,0.0,True
tokyo_156873_relational_between,156873,stress_test,relational_between,flat,101,2018_2498158__event_001,0.0,True
tokyo_156873_relational_between,156873,stress_test,relational_between,flat,102,2018_2498158__event_002,0.0,True
tokyo_156873_relational_between,156873,stress_test,relational_between,flat,103,2018_2498158__event_003,0.0,True
tokyo_156873_relational_between,156873,stress_test,relational_between,flat,104,2018_2498166__event_003,0.0,True
tokyo_156873_relational_between,156873,stress_test,relational_between,flat,105,2018_2498167__event_001,0.0,True
tokyo_156873_relational_between,156873,stress_test,relational_between,flat,106,2018_2498167__event_002,0.0,True
tokyo_156873_relational_between,156873,stress_test,relational_between,flat,107,2018_2498170__event_001,0.0,True
tokyo_156873_relational_between,156873,stress_test,relational_between,flat,108,2018_2498170__event_002,0.0,True
tokyo_156873_relational_between,156873,stress_test,relational_between,flat,109,2018_2498172__event_001,0.0,True
tokyo_156873_relational_between,156873,stress_test,relational_between,flat,110,2018_2498172__event_002,0.0,True
tokyo_156873_relational_between,156873,stress_test,relational_between,flat,111,2018_2498175__event_001,0.0,True
tokyo_156873_relational_between,156873,stress_test,relational_between,flat,112,2018_2498175__event_002,0.0,True
tokyo_156873_relational_between,156873,stress_test,relational_between,flat,113,2018_2498178__event_001,0.0,True
tokyo_156873_relational_between,156873,stress_test,relational_between,flat,114,2018_2498178__event_002,0.0,True
tokyo_156873_relational_between,156873,stress_test,relational_between,flat,115,2018_2498178__event_003,0.0,True
tokyo_156873_relational_between,156873,stress_test,relational_between,flat,116,2018_2498179__event_002,0.0,True
tokyo_167728_relational_between,167728,stress_test,relational_between,flat,1,2018_2604374__event_004,30.731143180307612,True
tokyo_167728_relational_between,167728,stress_test,relational_between,flat,2,2018_2604350__event_001,16.916463043619462,True
tokyo_167728_relational_between,167728,stress_test,relational_between,flat,3,2018_2604350__event_002,14.862356512708361,True
tokyo_167728_relational_between,167728,stress_test,relational_between,flat,4,2018_2604374__event_005,14.372107173002613,True
tokyo_167728_relational_between,167728,stress_test,relational_between,flat,5,2018_2604359__event_001,14.021425889685586,True
tokyo_167728_relational_between,167728,stress_test,relational_between,flat,6,2018_2604352__event_001,13.912805795483235,True
tokyo_167728_relational_between,167728,stress_test,relational_between,flat,7,2018_2604359__event_002,13.912805795483235,True
tokyo_167728_relational_between,167728,stress_test,relational_between,flat,8,2018_2604378__event_001,13.912805795483235,True
tokyo_167728_relational_between,167728,stress_test,relational_between,flat,9,2018_2604352__event_002,12.640326990109271,True
tokyo_167728_relational_between,167728,stress_test,relational_between,flat,10,2018_2604378__event_002,11.967122137416869,True
tokyo_167728_relational_between,167728,stress_test,relational_between,flat,11,2018_2604374__event_002,9.00998419770517,True
tokyo_167728_relational_between,167728,stress_test,relational_between,flat,12,2018_2604374__event_003,8.55670355765261,True
tokyo_167728_relational_between,167728,stress_test,relational_between,flat,13,2018_2604349__event_003,8.246297314519913,True
tokyo_167728_relational_between,167728,stress_test,relational_between,flat,14,2018_2604366__event_003,2.2760037450144486,True
tokyo_167728_relational_between,167728,stress_test,relational_between,flat,15,2018_2604345__event_002,2.179777910704226,True
tokyo_167728_relational_between,167728,stress_test,relational_between,flat,16,2018_2604382__event_001,2.1084638987770554,True
tokyo_167728_relational_between,167728,stress_test,relational_between,flat,17,2018_2604409__event_001,1.293066987942579,True
tokyo_167728_relational_between,167728,stress_test,relational_between,flat,18,2018_2604409__event_002,1.293066987942579,True
tokyo_167728_relational_between,167728,stress_test,relational_between,flat,19,2018_2604362__event_002,0.922779938450679,True
tokyo_167728_relational_between,167728,stress_test,relational_between,flat,20,2018_2604362__event_004,0.8963015321759329,True
tokyo_167728_relational_between,167728,stress_test,relational_between,flat,21,2018_2604362__event_001,0.8489140928772283,True
tokyo_167728_relational_between,167728,stress_test,relational_between,flat,22,2018_2604362__event_006,0.8489140928772283,True
tokyo_167728_relational_between,167728,stress_test,relational_between,flat,23,2018_2604366__event_001,0.8210228070478153,True
tokyo_167728_relational_between,167728,stress_test,relational_between,flat,24,2018_2604362__event_005,0.805150748946954,True
tokyo_167728_relational_between,167728,stress_test,relational_between,flat,25,2018_2604362__event_003,0.7898807311712233,True
tokyo_167728_relational_between,167728,stress_test,relational_between,flat,26,2018_2604366__event_002,0.7256563236470583,True
tokyo_167728_relational_between,167728,stress_test,relational_between,flat,27,2018_2604378__event_003,0.46879041317303466,True
tokyo_167728_relational_between,167728,stress_test,relational_between,flat,28,2018_2604368__event_002,0.45183764209544597,True
tokyo_167728_relational_between,167728,stress_test,relational_between,flat,29,2018_2604368__event_001,0.4453949517637413,True
tokyo_167728_relational_between,167728,stress_test,relational_between,flat,30,2018_2604352__event_003,0.4102930788027934,True
tokyo_167728_relational_between,167728,stress_test,relational_between,flat,31,2018_2604345__event_001,0.0,True
tokyo_167728_relational_between,167728,stress_test,relational_between,flat,32,2018_2604349__event_001,0.0,True
tokyo_167728_relational_between,167728,stress_test,relational_between,flat,33,2018_2604349__event_002,0.0,True
tokyo_167728_relational_between,167728,stress_test,relational_between,flat,34,2018_2604352__event_004,0.0,True
tokyo_167728_relational_between,167728,stress_test,relational_between,flat,35,2018_2604352__event_005,0.0,True
tokyo_167728_relational_between,167728,stress_test,relational_between,flat,36,2018_2604357__event_001,0.0,True
tokyo_167728_relational_between,167728,stress_test,relational_between,flat,37,2018_2604357__event_002,0.0,True
tokyo_167728_relational_between,167728,stress_test,relational_between,flat,38,2018_2604358__event_001,0.0,True
tokyo_167728_relational_between,167728,stress_test,relational_between,flat,39,2018_2604358__event_002,0.0,True
tokyo_167728_relational_between,167728,stress_test,relational_between,flat,40,2018_2604364__event_001,0.0,True
tokyo_167728_relational_between,167728,stress_test,relational_between,flat,41,2018_2604364__event_002,0.0,True
tokyo_167728_relational_between,167728,stress_test,relational_between,flat,42,2018_2604374__event_001,0.0,True
tokyo_167728_relational_between,167728,stress_test,relational_between,flat,43,2018_2604382__event_002,0.0,True
tokyo_167728_relational_between,167728,stress_test,relational_between,flat,44,2018_2604382__event_003,0.0,True
tokyo_167728_relational_between,167728,stress_test,relational_between,flat,45,2018_2604396__event_001,0.0,True
tokyo_167728_relational_between,167728,stress_test,relational_between,flat,46,2018_2604396__event_002,0.0,True
tokyo_167728_relational_between,167728,stress_test,relational_between,flat,47,2018_2604398__event_001,0.0,True
tokyo_167728_relational_between,167728,stress_test,relational_between,flat,48,2018_2604398__event_002,0.0,True
tokyo_167728_relational_between,167728,stress_test,relational_between,flat,49,2018_2604402__event_001,0.0,True
tokyo_167728_relational_between,167728,stress_test,relational_between,flat,50,2018_2604402__event_002,0.0,True
tokyo_167728_relational_between,167728,stress_test,relational_between,flat,51,2018_2604402__event_003,0.0,True
tokyo_167728_relational_between,167728,stress_test,relational_between,flat,52,2018_2604406__event_001,0.0,True
tokyo_167728_relational_between,167728,stress_test,relational_between,flat,53,2018_2604406__event_002,0.0,True
tokyo_167728_relational_between,167728,stress_test,relational_between,flat,54,2018_2604411__event_001,0.0,True
tokyo_167728_relational_between,167728,stress_test,relational_between,flat,55,2018_2604411__event_002,0.0,True
tokyo_167728_relational_between,167728,stress_test,relational_between,flat,56,2018_2604412__event_001,0.0,True
tokyo_167728_relational_between,167728,stress_test,relational_between,flat,57,2018_2604412__event_002,0.0,True
tokyo_167728_relational_between,167728,stress_test,relational_between,flat,58,2018_2604416__event_001,0.0,True
tokyo_167728_relational_between,167728,stress_test,relational_between,flat,59,2018_2604416__event_002,0.0,True
tokyo_169053_relational_between,169053,stress_test,relational_between,flat,1,2018_2620285__event_002,70.01831289337221,False
tokyo_169053_relational_between,169053,stress_test,relational_between,flat,2,2018_2620269__event_002,55.26152816225377,False
tokyo_169053_relational_between,169053,stress_test,relational_between,flat,3,2018_2620269__event_001,54.51409823355278,False
tokyo_169053_relational_between,169053,stress_test,relational_between,flat,4,2018_2620285__event_001,54.51409823355278,False
tokyo_169053_relational_between,169053,stress_test,relational_between,flat,5,2018_2620285__event_003,54.51409823355278,False
tokyo_169053_relational_between,169053,stress_test,relational_between,flat,6,2018_2620268__event_002,1.168874848517999,False
tokyo_169053_relational_between,169053,stress_test,relational_between,flat,7,2018_2620302__event_001,1.168874848517999,False
tokyo_169053_relational_between,169053,stress_test,relational_between,flat,8,2018_2620313__event_001,1.168874848517999,False
tokyo_169053_relational_between,169053,stress_test,relational_between,flat,9,2018_2620313__event_002,1.168874848517999,False
tokyo_169053_relational_between,169053,stress_test,relational_between,flat,10,2018_2620250__event_001,1.1437277402231893,False
tokyo_169053_relational_between,169053,stress_test,relational_between,flat,11,2018_2620294__event_001,1.104137164600079,False
tokyo_169053_relational_between,169053,stress_test,relational_between,flat,12,2018_2620287__event_001,1.089057901350609,False
tokyo_169053_relational_between,169053,stress_test,relational_between,flat,13,2018_2620250__event_002,0.0,False
tokyo_169053_relational_between,169053,stress_test,relational_between,flat,14,2018_2620254__event_001,0.0,False
tokyo_169053_relational_between,169053,stress_test,relational_between,flat,15,2018_2620254__event_002,0.0,False
tokyo_169053_relational_between,169053,stress_test,relational_between,flat,16,2018_2620268__event_001,0.0,False
tokyo_169053_relational_between,169053,stress_test,relational_between,flat,17,2018_2620287__event_002,0.0,False
tokyo_169053_relational_between,169053,stress_test,relational_between,flat,18,2018_2620294__event_002,0.0,False
tokyo_169053_relational_between,169053,stress_test,relational_between,flat,19,2018_2620297__event_001,0.0,False
tokyo_169053_relational_between,169053,stress_test,relational_between,flat,20,2018_2620297__event_002,0.0,False
tokyo_169053_relational_between,169053,stress_test,relational_between,flat,21,2018_2620302__event_002,0.0,False
tokyo_169053_relational_between,169053,stress_test,relational_between,flat,22,2018_2620302__event_003,0.0,False
tokyo_169053_relational_between,169053,stress_test,relational_between,flat,23,2018_2620302__event_004,0.0,False
tokyo_169053_relational_between,169053,stress_test,relational_between,flat,24,2018_2620311__event_001,0.0,False
tokyo_169053_relational_between,169053,stress_test,relational_between,flat,25,2018_2620311__event_002,0.0,False
tokyo_171659_relational_between,171659,stress_test,relational_between,flat,1,2018_2647186__event_002,48.242734513795575,False
tokyo_171659_relational_between,171659,stress_test,relational_between,flat,2,2018_2647186__event_001,43.050520037406244,False
tokyo_171659_relational_between,171659,stress_test,relational_between,flat,3,2018_2647177__event_001,11.454698697680803,False
tokyo_171659_relational_between,171659,stress_test,relational_between,flat,4,2018_2647186__event_003,7.40956312954433,False
tokyo_171659_relational_between,171659,stress_test,relational_between,flat,5,2018_2647177__event_003,6.7874221539115895,False
tokyo_171659_relational_between,171659,stress_test,relational_between,flat,6,2018_2647177__event_002,6.6630967696442465,False
tokyo_171659_relational_between,171659,stress_test,relational_between,flat,7,2018_2647175__event_002,2.4826736285820425,False
tokyo_171659_relational_between,171659,stress_test,relational_between,flat,8,2018_2647175__event_001,2.3808724085315407,False
tokyo_171659_relational_between,171659,stress_test,relational_between,flat,9,2018_2647180__event_001,2.3507581633824373,False
tokyo_171659_relational_between,171659,stress_test,relational_between,flat,10,2018_2647180__event_002,2.314410383264053,False
tokyo_171659_relational_between,171659,stress_test,relational_between,flat,11,2018_2647182__event_001,2.1957530631804887,False
tokyo_171659_relational_between,171659,stress_test,relational_between,flat,12,2018_2647182__event_002,2.1798065592780316,False
tokyo_171659_relational_between,171659,stress_test,relational_between,flat,13,2018_2647187__event_001,1.8895112012822164,False
tokyo_171659_relational_between,171659,stress_test,relational_between,flat,14,2018_2647187__event_002,1.8895112012822164,False
tokyo_171659_relational_between,171659,stress_test,relational_between,flat,15,2018_2647196__event_001,1.8895112012822164,False
tokyo_171659_relational_between,171659,stress_test,relational_between,flat,16,2018_2647196__event_002,1.8895112012822164,False
tokyo_171659_relational_between,171659,stress_test,relational_between,flat,17,2018_2647197__event_001,1.8493890941043543,False
tokyo_171659_relational_between,171659,stress_test,relational_between,flat,18,2018_2647197__event_002,1.8493890941043543,False
tokyo_171659_relational_between,171659,stress_test,relational_between,flat,19,2018_2647199__event_001,1.7386340058889256,False
tokyo_171659_relational_between,171659,stress_test,relational_between,flat,20,2018_2647199__event_002,1.7386340058889256,False
tokyo_171659_relational_between,171659,stress_test,relational_between,flat,21,2018_2647182__event_003,1.3724702220321892,False
tokyo_171659_relational_between,171659,stress_test,relational_between,flat,22,2018_2647176__event_001,1.2075526041059006,False
tokyo_171659_relational_between,171659,stress_test,relational_between,flat,23,2018_2647176__event_002,1.2075526041059006,False
tokyo_171659_relational_between,171659,stress_test,relational_between,flat,24,2018_2647177__event_004,0.0,False
tokyo_171659_relational_between,171659,stress_test,relational_between,flat,25,2018_2647205__event_001,0.0,False
tokyo_171659_relational_between,171659,stress_test,relational_between,flat,26,2018_2647205__event_002,0.0,False
tokyo_178798_relational_between,178798,stress_test,relational_between,flat,1,2018_2707932__event_002,26.56906908539684,False
tokyo_178798_relational_between,178798,stress_test,relational_between,flat,2,2018_2707932__event_003,17.02991882058894,False
tokyo_178798_relational_between,178798,stress_test,relational_between,flat,3,2018_2707945__event_001,15.684941052705438,False
tokyo_178798_relational_between,178798,stress_test,relational_between,flat,4,2018_2707945__event_002,15.684941052705438,False
tokyo_178798_relational_between,178798,stress_test,relational_between,flat,5,2018_2707932__event_001,7.403880509637375,False
tokyo_178798_relational_between,178798,stress_test,relational_between,flat,6,2018_2707923__event_002,3.799368109982321,False
tokyo_178798_relational_between,178798,stress_test,relational_between,flat,7,2018_2707929__event_001,3.5650679023829372,False
tokyo_178798_relational_between,178798,stress_test,relational_between,flat,8,2018_2707926__event_003,1.820042873511906,False
tokyo_178798_relational_between,178798,stress_test,relational_between,flat,9,2018_2707923__event_001,0.0,False
tokyo_178798_relational_between,178798,stress_test,relational_between,flat,10,2018_2707926__event_001,0.0,False
tokyo_178798_relational_between,178798,stress_test,relational_between,flat,11,2018_2707926__event_002,0.0,False
tokyo_178798_relational_between,178798,stress_test,relational_between,flat,12,2018_2707928__event_001,0.0,False
tokyo_178798_relational_between,178798,stress_test,relational_between,flat,13,2018_2707928__event_002,0.0,False
tokyo_178798_relational_between,178798,stress_test,relational_between,flat,14,2018_2707929__event_002,0.0,False
tokyo_178798_relational_between,178798,stress_test,relational_between,flat,15,2018_2707934__event_001,0.0,False
tokyo_178798_relational_between,178798,stress_test,relational_between,flat,16,2018_2707934__event_002,0.0,False
tokyo_178798_relational_between,178798,stress_test,relational_between,flat,17,2018_2707935__event_001,0.0,False
tokyo_178798_relational_between,178798,stress_test,relational_between,flat,18,2018_2707935__event_002,0.0,False
tokyo_178798_relational_between,178798,stress_test,relational_between,flat,19,2018_2707936__event_001,0.0,False
tokyo_178798_relational_between,178798,stress_test,relational_between,flat,20,2018_2707936__event_002,0.0,False
tokyo_178798_relational_between,178798,stress_test,relational_between,flat,21,2018_2707939__event_001,0.0,False
tokyo_178798_relational_between,178798,stress_test,relational_between,flat,22,2018_2707939__event_002,0.0,False
tokyo_178798_relational_between,178798,stress_test,relational_between,flat,23,2018_2707940__event_001,0.0,False
tokyo_178798_relational_between,178798,stress_test,relational_between,flat,24,2018_2707940__event_002,0.0,False
tokyo_178798_relational_between,178798,stress_test,relational_between,flat,25,2018_2707942__event_001,0.0,False
tokyo_178798_relational_between,178798,stress_test,relational_between,flat,26,2018_2707942__event_002,0.0,False
tokyo_19379_relational_between,19379,stress_test,relational_between,flat,1,2018_395370__event_002,21.13427731759021,True
tokyo_19379_relational_between,19379,stress_test,relational_between,flat,2,2018_395498__event_001,16.75812355603228,True
tokyo_19379_relational_between,19379,stress_test,relational_between,flat,3,2018_395498__event_002,16.75812355603228,True
tokyo_19379_relational_between,19379,stress_test,relational_between,flat,4,2018_395370__event_001,13.931359444248372,True
tokyo_19379_relational_between,19379,stress_test,relational_between,flat,5,2018_395370__event_003,13.931359444248372,True
tokyo_19379_relational_between,19379,stress_test,relational_between,flat,6,2018_395417__event_002,13.866839276613373,True
tokyo_19379_relational_between,19379,stress_test,relational_between,flat,7,2018_395427__event_001,13.866839276613373,True
tokyo_19379_relational_between,19379,stress_test,relational_between,flat,8,2018_395435__event_001,13.866839276613373,True
tokyo_19379_relational_between,19379,stress_test,relational_between,flat,9,2018_395290__event_001,13.569496462123091,True
tokyo_19379_relational_between,19379,stress_test,relational_between,flat,10,2018_395436__event_001,13.569496462123091,True
tokyo_19379_relational_between,19379,stress_test,relational_between,flat,11,2018_395290__event_002,13.463264768465903,True
tokyo_19379_relational_between,19379,stress_test,relational_between,flat,12,2018_395417__event_001,13.415137009100711,True
tokyo_19379_relational_between,19379,stress_test,relational_between,flat,13,2018_395427__event_002,13.415137009100711,True
tokyo_19379_relational_between,19379,stress_test,relational_between,flat,14,2018_395435__event_002,13.415137009100711,True
tokyo_19379_relational_between,19379,stress_test,relational_between,flat,15,2018_395436__event_002,13.344204204580475,True
tokyo_19379_relational_between,19379,stress_test,relational_between,flat,16,2018_395493__event_001,13.275365884350549,True
tokyo_19379_relational_between,19379,stress_test,relational_between,flat,17,2018_395493__event_002,13.135407102406772,True
tokyo_19379_relational_between,19379,stress_test,relational_between,flat,18,2018_395315__event_002,12.952988748500111,True
tokyo_19379_relational_between,19379,stress_test,relational_between,flat,19,2018_395325__event_003,12.952988748500111,True
tokyo_19379_relational_between,19379,stress_test,relational_between,flat,20,2018_395315__event_001,12.73292401485547,True
tokyo_19379_relational_between,19379,stress_test,relational_between,flat,21,2018_395514__event_001,12.478205367714063,True
tokyo_19379_relational_between,19379,stress_test,relational_between,flat,22,2018_395281__event_001,12.354678886269959,True
tokyo_19379_relational_between,19379,stress_test,relational_between,flat,23,2018_395347__event_001,12.354678886269959,True
tokyo_19379_relational_between,19379,stress_test,relational_between,flat,24,2018_395382__event_002,12.354678886269959,True
tokyo_19379_relational_between,19379,stress_test,relational_between,flat,25,2018_395431__event_001,12.354678886269959,True
tokyo_19379_relational_between,19379,stress_test,relational_between,flat,26,2018_395342__event_002,12.23360513294078,True
tokyo_19379_relational_between,19379,stress_test,relational_between,flat,27,2018_395382__event_001,12.23360513294078,True
tokyo_19379_relational_between,19379,stress_test,relational_between,flat,28,2018_395514__event_002,12.23360513294078,True
tokyo_19379_relational_between,19379,stress_test,relational_between,flat,29,2018_395281__event_002,12.114911076524058,True
tokyo_19379_relational_between,19379,stress_test,relational_between,flat,30,2018_395302__event_001,12.114911076524058,True
tokyo_19379_relational_between,19379,stress_test,relational_between,flat,31,2018_395302__event_002,12.114911076524058,True
tokyo_19379_relational_between,19379,stress_test,relational_between,flat,32,2018_395347__event_002,12.114911076524058,True
tokyo_19379_relational_between,19379,stress_test,relational_between,flat,33,2018_395431__event_002,12.114911076524058,True
tokyo_19379_relational_between,19379,stress_test,relational_between,flat,34,2018_395325__event_002,11.998526577206546,True
tokyo_19379_relational_between,19379,stress_test,relational_between,flat,35,2018_395384__event_002,11.817641736097807,True
tokyo_19379_relational_between,19379,stress_test,relational_between,flat,36,2018_395325__event_001,11.73969925601268,True
tokyo_19379_relational_between,19379,stress_test,relational_between,flat,37,2018_395342__event_001,11.618775315178217,True
tokyo_19379_relational_between,19379,stress_test,relational_between,flat,38,2018_395384__event_001,11.079409810018518,True
tokyo_19379_relational_between,19379,stress_test,relational_between,flat,39,2018_395381__event_001,10.759912786990181,True
tokyo_19379_relational_between,19379,stress_test,relational_between,flat,40,2018_395380__event_001,10.67737143737977,True
tokyo_19379_relational_between,19379,stress_test,relational_between,flat,41,2018_395380__event_002,10.67737143737977,True
tokyo_19379_relational_between,19379,stress_test,relational_between,flat,42,2018_395519__event_002,10.23267434497251,True
tokyo_19379_relational_between,19379,stress_test,relational_between,flat,43,2018_395381__event_002,10.154443542522596,True
tokyo_19379_relational_between,19379,stress_test,relational_between,flat,44,2018_395519__event_001,9.472269588651242,True
tokyo_19379_relational_between,19379,stress_test,relational_between,flat,45,2018_395374__event_003,7.358747173523634,True
tokyo_19379_relational_between,19379,stress_test,relational_between,flat,46,2018_395452__event_001,6.915927458996105,True
tokyo_19379_relational_between,19379,stress_test,relational_between,flat,47,2018_395345__event_002,5.681612341413124,True
tokyo_19379_relational_between,19379,stress_test,relational_between,flat,48,2018_395345__event_001,5.636189724426473,True
tokyo_19379_relational_between,19379,stress_test,relational_between,flat,49,2018_395490__event_001,4.971870560954391,True
tokyo_19379_relational_between,19379,stress_test,relational_between,flat,50,2018_395361__event_001,4.840320317103854,True
tokyo_19379_relational_between,19379,stress_test,relational_between,flat,51,2018_395361__event_002,4.756511684925092,True
tokyo_19379_relational_between,19379,stress_test,relational_between,flat,52,2018_395489__event_002,4.756511684925092,True
tokyo_19379_relational_between,19379,stress_test,relational_between,flat,53,2018_395490__event_002,4.402387221004756,True
tokyo_19379_relational_between,19379,stress_test,relational_between,flat,54,2018_395489__event_001,4.025338989546776,True
tokyo_19379_relational_between,19379,stress_test,relational_between,flat,55,2018_395366__event_002,2.875079278288577,True
tokyo_19379_relational_between,19379,stress_test,relational_between,flat,56,2018_395374__event_002,1.912927252993587,True
tokyo_19379_relational_between,19379,stress_test,relational_between,flat,57,2018_395452__event_002,1.6191235935625146,True
tokyo_19379_relational_between,19379,stress_test,relational_between,flat,58,2018_395362__event_001,1.5147575248637672,True
tokyo_19379_relational_between,19379,stress_test,relational_between,flat,59,2018_395404__event_001,1.4986573563089705,True
tokyo_19379_relational_between,19379,stress_test,relational_between,flat,60,2018_395404__event_002,1.4828958416063343,True
tokyo_19379_relational_between,19379,stress_test,relational_between,flat,61,2018_395497__event_002,1.4828958416063343,True
tokyo_19379_relational_between,19379,stress_test,relational_between,flat,62,2018_395497__event_001,1.4674624070015851,True
tokyo_19379_relational_between,19379,stress_test,relational_between,flat,63,2018_395513__event_001,1.4674624070015851,True
tokyo_19379_relational_between,19379,stress_test,relational_between,flat,64,2018_395294__event_001,1.3948756432587204,True
tokyo_19379_relational_between,19379,stress_test,relational_between,flat,65,2018_395366__event_001,1.3948756432587204,True
tokyo_19379_relational_between,19379,stress_test,relational_between,flat,66,2018_395387__event_002,1.367812574998244,True
tokyo_19379_relational_between,19379,stress_test,relational_between,flat,67,2018_395327__event_001,1.2468564150868295,True
tokyo_19379_relational_between,19379,stress_test,relational_between,flat,68,2018_395294__event_002,0.0,True
tokyo_19379_relational_between,19379,stress_test,relational_between,flat,69,2018_395327__event_002,0.0,True
tokyo_19379_relational_between,19379,stress_test,relational_between,flat,70,2018_395333__event_001,0.0,True
tokyo_19379_relational_between,19379,stress_test,relational_between,flat,71,2018_395333__event_002,0.0,True
tokyo_19379_relational_between,19379,stress_test,relational_between,flat,72,2018_395340__event_001,0.0,True
tokyo_19379_relational_between,19379,stress_test,relational_between,flat,73,2018_395340__event_002,0.0,True
tokyo_19379_relational_between,19379,stress_test,relational_between,flat,74,2018_395362__event_002,0.0,True
tokyo_19379_relational_between,19379,stress_test,relational_between,flat,75,2018_395362__event_003,0.0,True
tokyo_19379_relational_between,19379,stress_test,relational_between,flat,76,2018_395374__event_001,0.0,True
tokyo_19379_relational_between,19379,stress_test,relational_between,flat,77,2018_395387__event_001,0.0,True
tokyo_19379_relational_between,19379,stress_test,relational_between,flat,78,2018_395480__event_001,0.0,True
tokyo_19379_relational_between,19379,stress_test,relational_between,flat,79,2018_395480__event_002,0.0,True
tokyo_19379_relational_between,19379,stress_test,relational_between,flat,80,2018_395513__event_002,0.0,True
tokyo_210254_relational_between,210254,stress_test,relational_between,flat,1,2018_2949696__event_003,55.88535341720175,False
tokyo_210254_relational_between,210254,stress_test,relational_between,flat,2,2018_2949696__event_001,37.80422835794808,False
tokyo_210254_relational_between,210254,stress_test,relational_between,flat,3,2018_2949696__event_002,34.75832368380331,False
tokyo_210254_relational_between,210254,stress_test,relational_between,flat,4,2018_2949696__event_004,27.081050845414488,False
tokyo_210254_relational_between,210254,stress_test,relational_between,flat,5,2018_2949695__event_002,26.86859167987149,False
tokyo_210254_relational_between,210254,stress_test,relational_between,flat,6,2018_2949695__event_001,26.116969079850815,False
tokyo_210254_relational_between,210254,stress_test,relational_between,flat,7,2018_2949678__event_002,25.284009557507453,False
tokyo_210254_relational_between,210254,stress_test,relational_between,flat,8,2018_2949678__event_001,24.11942849214266,False
tokyo_210254_relational_between,210254,stress_test,relational_between,flat,9,2018_2949702__event_002,13.058530339672734,False
tokyo_210254_relational_between,210254,stress_test,relational_between,flat,10,2018_2949702__event_001,12.555061303255643,False
tokyo_210254_relational_between,210254,stress_test,relational_between,flat,11,2018_2949692__event_002,2.9302084683403704,False
tokyo_210254_relational_between,210254,stress_test,relational_between,flat,12,2018_2949692__event_001,2.8949209261178535,False
tokyo_210254_relational_between,210254,stress_test,relational_between,flat,13,2018_2949693__event_001,2.5414132715966984,False
tokyo_210254_relational_between,210254,stress_test,relational_between,flat,14,2018_2949693__event_002,2.5414132715966984,False
tokyo_210254_relational_between,210254,stress_test,relational_between,flat,15,2018_2949684__event_001,2.4593618078801462,False
tokyo_210254_relational_between,210254,stress_test,relational_between,flat,16,2018_2949691__event_002,2.3970797261074535,False
tokyo_210254_relational_between,210254,stress_test,relational_between,flat,17,2018_2949691__event_001,2.352544005114142,False
tokyo_210254_relational_between,210254,stress_test,relational_between,flat,18,2018_2949676__event_001,1.7248715127266943,False
tokyo_210254_relational_between,210254,stress_test,relational_between,flat,19,2018_2949676__event_002,1.694101813811947,False
tokyo_210254_relational_between,210254,stress_test,relational_between,flat,20,2018_2949690__event_001,1.6499519812203425,False
tokyo_210254_relational_between,210254,stress_test,relational_between,flat,21,2018_2949684__event_002,1.5060398370326036,False
tokyo_210254_relational_between,210254,stress_test,relational_between,flat,22,2018_2949690__event_003,1.4162040702709746,False
tokyo_210254_relational_between,210254,stress_test,relational_between,flat,23,2018_2949690__event_002,1.4057225939533586,False
tokyo_210254_relational_between,210254,stress_test,relational_between,flat,24,2018_2949686__event_002,1.2737175341379479,False
tokyo_210254_relational_between,210254,stress_test,relational_between,flat,25,2018_2949683__event_002,1.0564565935282912,False
tokyo_210254_relational_between,210254,stress_test,relational_between,flat,26,2018_2949683__event_001,0.0,False
tokyo_210254_relational_between,210254,stress_test,relational_between,flat,27,2018_2949686__event_001,0.0,False
tokyo_210254_relational_between,210254,stress_test,relational_between,flat,28,2018_2949689__event_001,0.0,False
tokyo_210254_relational_between,210254,stress_test,relational_between,flat,29,2018_2949689__event_002,0.0,False
tokyo_223807_relational_between,223807,stress_test,relational_between,flat,1,2018_3045879__event_002,61.071359342944454,False
tokyo_223807_relational_between,223807,stress_test,relational_between,flat,2,2018_3045879__event_003,37.753966539428816,False
tokyo_223807_relational_between,223807,stress_test,relational_between,flat,3,2018_3045879__event_004,32.08277519865723,False
tokyo_223807_relational_between,223807,stress_test,relational_between,flat,4,2018_3045879__event_001,28.824486173976236,False
tokyo_223807_relational_between,223807,stress_test,relational_between,flat,5,2018_3045879__event_005,7.402361640778187,False
tokyo_223807_relational_between,223807,stress_test,relational_between,flat,6,2018_3045895__event_001,6.620406534700382,False
tokyo_223807_relational_between,223807,stress_test,relational_between,flat,7,2018_3045895__event_002,5.602714125960681,False
tokyo_223807_relational_between,223807,stress_test,relational_between,flat,8,2018_3045886__event_002,4.465743575023655,False
tokyo_223807_relational_between,223807,stress_test,relational_between,flat,9,2018_3045888__event_002,4.465743575023655,False
tokyo_223807_relational_between,223807,stress_test,relational_between,flat,10,2018_3045886__event_001,3.3632811242976954,False
tokyo_223807_relational_between,223807,stress_test,relational_between,flat,11,2018_3045888__event_001,3.3632811242976954,False
tokyo_223807_relational_between,223807,stress_test,relational_between,flat,12,2018_3045903__event_001,2.8140182780535126,False
tokyo_223807_relational_between,223807,stress_test,relational_between,flat,13,2018_3045903__event_002,2.7342073239217006,False
tokyo_223807_relational_between,223807,stress_test,relational_between,flat,14,2018_3045890__event_002,1.5118677683233697,False
tokyo_223807_relational_between,223807,stress_test,relational_between,flat,15,2018_3045877__event_001,1.260823634347003,False
tokyo_223807_relational_between,223807,stress_test,relational_between,flat,16,2018_3045890__event_001,0.42692640025011563,False
tokyo_223807_relational_between,223807,stress_test,relational_between,flat,17,2018_3045877__event_002,0.0,False
tokyo_223807_relational_between,223807,stress_test,relational_between,flat,18,2018_3045878__event_001,0.0,False
tokyo_223807_relational_between,223807,stress_test,relational_between,flat,19,2018_3045878__event_002,0.0,False
tokyo_223807_relational_between,223807,stress_test,relational_between,flat,20,2018_3045878__event_003,0.0,False
tokyo_223807_relational_between,223807,stress_test,relational_between,flat,21,2018_3045880__event_001,0.0,False
tokyo_223807_relational_between,223807,stress_test,relational_between,flat,22,2018_3045880__event_002,0.0,False
tokyo_223807_relational_between,223807,stress_test,relational_between,flat,23,2018_3045885__event_001,0.0,False
tokyo_223807_relational_between,223807,stress_test,relational_between,flat,24,2018_3045885__event_002,0.0,False
tokyo_223807_relational_between,223807,stress_test,relational_between,flat,25,2018_3045900__event_001,0.0,False
tokyo_223807_relational_between,223807,stress_test,relational_between,flat,26,2018_3045900__event_002,0.0,False
tokyo_2309_relational_between,2309,stress_test,relational_between,flat,1,2018_50035__event_004,47.06348915506436,False
tokyo_2309_relational_between,2309,stress_test,relational_between,flat,2,2018_50035__event_003,44.643002587667326,False
tokyo_2309_relational_between,2309,stress_test,relational_between,flat,3,2018_50057__event_001,42.57309599276347,False
tokyo_2309_relational_between,2309,stress_test,relational_between,flat,4,2018_50057__event_002,35.78285745352051,False
tokyo_2309_relational_between,2309,stress_test,relational_between,flat,5,2018_50038__event_002,6.777979004436401,False
tokyo_2309_relational_between,2309,stress_test,relational_between,flat,6,2018_50031__event_001,6.274118955094408,False
tokyo_2309_relational_between,2309,stress_test,relational_between,flat,7,2018_50033__event_001,6.274118955094408,False
tokyo_2309_relational_between,2309,stress_test,relational_between,flat,8,2018_50038__event_001,6.274118955094408,False
tokyo_2309_relational_between,2309,stress_test,relational_between,flat,9,2018_50033__event_002,6.049592591127754,False
tokyo_2309_relational_between,2309,stress_test,relational_between,flat,10,2018_50031__event_002,5.918299664575097,False
tokyo_2309_relational_between,2309,stress_test,relational_between,flat,11,2018_50035__event_002,5.918299664575097,False
tokyo_2309_relational_between,2309,stress_test,relational_between,flat,12,2018_50031__event_003,3.604432475243004,False
tokyo_2309_relational_between,2309,stress_test,relational_between,flat,13,2018_50035__event_001,3.604432475243004,False
tokyo_2309_relational_between,2309,stress_test,relational_between,flat,14,2018_50033__event_003,3.529018619932033,False
tokyo_2309_relational_between,2309,stress_test,relational_between,flat,15,2018_50057__event_003,0.978238120403449,False
tokyo_2309_relational_between,2309,stress_test,relational_between,flat,16,2018_50060__event_002,0.6798655416610693,False
tokyo_2309_relational_between,2309,stress_test,relational_between,flat,17,2018_50060__event_001,0.6598585992906618,False
tokyo_2309_relational_between,2309,stress_test,relational_between,flat,18,2018_50041__event_001,0.6063297594884148,False
tokyo_2309_relational_between,2309,stress_test,relational_between,flat,19,2018_50041__event_002,0.6063297594884148,False
tokyo_2309_relational_between,2309,stress_test,relational_between,flat,20,2018_50037__event_001,0.5801823333485215,False
tokyo_2309_relational_between,2309,stress_test,relational_between,flat,21,2018_50037__event_003,0.5299083280955642,False
tokyo_2309_relational_between,2309,stress_test,relational_between,flat,22,2018_50037__event_002,0.49121319663219654,False
tokyo_2309_relational_between,2309,stress_test,relational_between,flat,23,2018_50042__event_001,0.4286764597023224,False
tokyo_2309_relational_between,2309,stress_test,relational_between,flat,24,2018_50051__event_001,0.4286764597023224,False
tokyo_2309_relational_between,2309,stress_test,relational_between,flat,25,2018_50042__event_002,0.41729007070875357,False
tokyo_2309_relational_between,2309,stress_test,relational_between,flat,26,2018_50051__event_002,0.41729007070875357,False
tokyo_2309_relational_between,2309,stress_test,relational_between,flat,27,2018_50056__event_001,0.39959995937395015,False
tokyo_2309_relational_between,2309,stress_test,relational_between,flat,28,2018_50055__event_001,0.3929368752899009,False
tokyo_2309_relational_between,2309,stress_test,relational_between,flat,29,2018_50056__event_002,0.3929368752899009,False
tokyo_2309_relational_between,2309,stress_test,relational_between,flat,30,2018_50055__event_002,0.3742173417516083,False
tokyo_2309_relational_between,2309,stress_test,relational_between,flat,31,2018_50040__event_001,0.0,False
tokyo_2309_relational_between,2309,stress_test,relational_between,flat,32,2018_50040__event_002,0.0,False
tokyo_2309_relational_between,2309,stress_test,relational_between,flat,33,2018_50059__event_001,0.0,False
tokyo_2309_relational_between,2309,stress_test,relational_between,flat,34,2018_50059__event_002,0.0,False
tokyo_23925_relational_between,23925,stress_test,relational_between,flat,1,2018_485935__event_002,39.74438935237247,False
tokyo_23925_relational_between,23925,stress_test,relational_between,flat,2,2018_485935__event_001,33.64787267275518,False
tokyo_23925_relational_between,23925,stress_test,relational_between,flat,3,2018_485886__event_001,13.316244423320068,False
tokyo_23925_relational_between,23925,stress_test,relational_between,flat,4,2018_485886__event_002,12.844276660294254,False
tokyo_23925_relational_between,23925,stress_test,relational_between,flat,5,2018_485882__event_001,11.4843648425675,False
tokyo_23925_relational_between,23925,stress_test,relational_between,flat,6,2018_485882__event_002,10.544789214856632,False
tokyo_23925_relational_between,23925,stress_test,relational_between,flat,7,2018_485910__event_004,10.544789214856632,False
tokyo_23925_relational_between,23925,stress_test,relational_between,flat,8,2018_485933__event_003,10.544789214856632,False
tokyo_23925_relational_between,23925,stress_test,relational_between,flat,9,2018_485935__event_003,10.544789214856632,False
tokyo_23925_relational_between,23925,stress_test,relational_between,flat,10,2018_485910__event_003,10.390358820037745,False
tokyo_23925_relational_between,23925,stress_test,relational_between,flat,11,2018_485933__event_002,10.390358820037745,False
tokyo_23925_relational_between,23925,stress_test,relational_between,flat,12,2018_485944__event_002,8.585608421856215,False
tokyo_23925_relational_between,23925,stress_test,relational_between,flat,13,2018_485944__event_001,8.487068687852807,False
tokyo_23925_relational_between,23925,stress_test,relational_between,flat,14,2018_485932__event_002,2.561262011389068,False
tokyo_23925_relational_between,23925,stress_test,relational_between,flat,15,2018_485932__event_001,2.3765371922658027,False
tokyo_23925_relational_between,23925,stress_test,relational_between,flat,16,2018_485912__event_001,2.3569975615563057,False
tokyo_23925_relational_between,23925,stress_test,relational_between,flat,17,2018_485887__event_002,2.248352994472491,False
tokyo_23925_relational_between,23925,stress_test,relational_between,flat,18,2018_485892__event_001,2.0605299430790147,False
tokyo_23925_relational_between,23925,stress_test,relational_between,flat,19,2018_485902__event_002,1.921519964206448,False
tokyo_23925_relational_between,23925,stress_test,relational_between,flat,20,2018_485917__event_002,1.921519964206448,False
tokyo_23925_relational_between,23925,stress_test,relational_between,flat,21,2018_485910__event_001,1.887871052103248,False
tokyo_23925_relational_between,23925,stress_test,relational_between,flat,22,2018_485894__event_001,1.8683021195422742,False
tokyo_23925_relational_between,23925,stress_test,relational_between,flat,23,2018_485887__event_001,1.7589091366747565,False
tokyo_23925_relational_between,23925,stress_test,relational_between,flat,24,2018_485902__event_001,1.7589091366747565,False
tokyo_23925_relational_between,23925,stress_test,relational_between,flat,25,2018_485917__event_001,1.7589091366747565,False
tokyo_23925_relational_between,23925,stress_test,relational_between,flat,26,2018_485934__event_001,1.7589091366747565,False
tokyo_23925_relational_between,23925,stress_test,relational_between,flat,27,2018_485910__event_002,1.5884014126044272,False
tokyo_23925_relational_between,23925,stress_test,relational_between,flat,28,2018_485892__event_002,1.5632689294735727,False
tokyo_23925_relational_between,23925,stress_test,relational_between,flat,29,2018_485894__event_002,1.3454413168951243,False
tokyo_23925_relational_between,23925,stress_test,relational_between,flat,30,2018_485912__event_002,1.3191818525060675,False
tokyo_23925_relational_between,23925,stress_test,relational_between,flat,31,2018_485934__event_002,1.3191818525060675,False
tokyo_23925_relational_between,23925,stress_test,relational_between,flat,32,2018_485921__event_002,0.621089611464556,False
tokyo_23925_relational_between,23925,stress_test,relational_between,flat,33,2018_485898__event_002,0.6150871721568749,False
tokyo_23925_relational_between,23925,stress_test,relational_between,flat,34,2018_485881__event_002,0.5921944297424961,False
tokyo_23925_relational_between,23925,stress_test,relational_between,flat,35,2018_485904__event_002,0.5709446157127932,False
tokyo_23925_relational_between,23925,stress_test,relational_between,flat,36,2018_485906__event_002,0.5709446157127932,False
tokyo_23925_relational_between,23925,stress_test,relational_between,flat,37,2018_485921__event_001,0.4354775973498578,False
tokyo_23925_relational_between,23925,stress_test,relational_between,flat,38,2018_485933__event_001,0.4354775973498578,False
tokyo_23925_relational_between,23925,stress_test,relational_between,flat,39,2018_485898__event_001,0.4313092653725533,False
tokyo_23925_relational_between,23925,stress_test,relational_between,flat,40,2018_485881__event_001,0.42320749686391707,False
tokyo_23925_relational_between,23925,stress_test,relational_between,flat,41,2018_485904__event_001,0.40788400599437935,False
tokyo_23925_relational_between,23925,stress_test,relational_between,flat,42,2018_485906__event_001,0.40788400599437935,False
tokyo_23925_relational_between,23925,stress_test,relational_between,flat,43,2018_485887__event_003,0.0,False
tokyo_24664_relational_between,24664,stress_test,relational_between,flat,1,2018_501939__event_003,36.17264082657732,True
tokyo_24664_relational_between,24664,stress_test,relational_between,flat,2,2018_501939__event_005,22.891906010680373,True
tokyo_24664_relational_between,24664,stress_test,relational_between,flat,3,2018_501939__event_004,21.761275184282383,True
tokyo_24664_relational_between,24664,stress_test,relational_between,flat,4,2018_501939__event_001,15.367650639802784,True
tokyo_24664_relational_between,24664,stress_test,relational_between,flat,5,2018_501939__event_002,11.267452524051201,True
tokyo_24664_relational_between,24664,stress_test,relational_between,flat,6,2018_501939__event_008,2.587412339037971,True
tokyo_24664_relational_between,24664,stress_test,relational_between,flat,7,2018_501939__event_006,2.5050413686410513,True
tokyo_24664_relational_between,24664,stress_test,relational_between,flat,8,2018_501909__event_001,0.0,True
tokyo_24664_relational_between,24664,stress_test,relational_between,flat,9,2018_501909__event_002,0.0,True
tokyo_24664_relational_between,24664,stress_test,relational_between,flat,10,2018_501911__event_001,0.0,True
tokyo_24664_relational_between,24664,stress_test,relational_between,flat,11,2018_501911__event_002,0.0,True
tokyo_24664_relational_between,24664,stress_test,relational_between,flat,12,2018_501914__event_001,0.0,True
tokyo_24664_relational_between,24664,stress_test,relational_between,flat,13,2018_501914__event_002,0.0,True
tokyo_24664_relational_between,24664,stress_test,relational_between,flat,14,2018_501916__event_001,0.0,True
tokyo_24664_relational_between,24664,stress_test,relational_between,flat,15,2018_501916__event_002,0.0,True
tokyo_24664_relational_between,24664,stress_test,relational_between,flat,16,2018_501916__event_003,0.0,True
tokyo_24664_relational_between,24664,stress_test,relational_between,flat,17,2018_501918__event_001,0.0,True
tokyo_24664_relational_between,24664,stress_test,relational_between,flat,18,2018_501918__event_002,0.0,True
tokyo_24664_relational_between,24664,stress_test,relational_between,flat,19,2018_501920__event_001,0.0,True
tokyo_24664_relational_between,24664,stress_test,relational_between,flat,20,2018_501920__event_002,0.0,True
tokyo_24664_relational_between,24664,stress_test,relational_between,flat,21,2018_501925__event_001,0.0,True
tokyo_24664_relational_between,24664,stress_test,relational_between,flat,22,2018_501925__event_002,0.0,True
tokyo_24664_relational_between,24664,stress_test,relational_between,flat,23,2018_501932__event_001,0.0,True
tokyo_24664_relational_between,24664,stress_test,relational_between,flat,24,2018_501932__event_002,0.0,True
tokyo_24664_relational_between,24664,stress_test,relational_between,flat,25,2018_501932__event_003,0.0,True
tokyo_24664_relational_between,24664,stress_test,relational_between,flat,26,2018_501932__event_004,0.0,True
tokyo_24664_relational_between,24664,stress_test,relational_between,flat,27,2018_501932__event_005,0.0,True
tokyo_24664_relational_between,24664,stress_test,relational_between,flat,28,2018_501935__event_001,0.0,True
tokyo_24664_relational_between,24664,stress_test,relational_between,flat,29,2018_501935__event_002,0.0,True
tokyo_24664_relational_between,24664,stress_test,relational_between,flat,30,2018_501938__event_001,0.0,True
tokyo_24664_relational_between,24664,stress_test,relational_between,flat,31,2018_501938__event_002,0.0,True
tokyo_24664_relational_between,24664,stress_test,relational_between,flat,32,2018_501939__event_007,0.0,True
tokyo_24664_relational_between,24664,stress_test,relational_between,flat,33,2018_501939__event_009,0.0,True
tokyo_24664_relational_between,24664,stress_test,relational_between,flat,34,2018_501940__event_001,0.0,True
tokyo_24664_relational_between,24664,stress_test,relational_between,flat,35,2018_501940__event_002,0.0,True
tokyo_24664_relational_between,24664,stress_test,relational_between,flat,36,2018_501942__event_001,0.0,True
tokyo_24664_relational_between,24664,stress_test,relational_between,flat,37,2018_501942__event_002,0.0,True
tokyo_24664_relational_between,24664,stress_test,relational_between,flat,38,2018_501944__event_001,0.0,True
tokyo_24664_relational_between,24664,stress_test,relational_between,flat,39,2018_501944__event_002,0.0,True
tokyo_24664_relational_between,24664,stress_test,relational_between,flat,40,2018_501947__event_001,0.0,True
tokyo_24664_relational_between,24664,stress_test,relational_between,flat,41,2018_501947__event_002,0.0,True
tokyo_24664_relational_between,24664,stress_test,relational_between,flat,42,2018_501948__event_001,0.0,True
tokyo_24664_relational_between,24664,stress_test,relational_between,flat,43,2018_501948__event_002,0.0,True
tokyo_24664_relational_between,24664,stress_test,relational_between,flat,44,2018_501948__event_003,0.0,True
tokyo_24664_relational_between,24664,stress_test,relational_between,flat,45,2018_501950__event_001,0.0,True
tokyo_24664_relational_between,24664,stress_test,relational_between,flat,46,2018_501950__event_002,0.0,True
tokyo_24664_relational_between,24664,stress_test,relational_between,flat,47,2018_501954__event_001,0.0,True
tokyo_24664_relational_between,24664,stress_test,relational_between,flat,48,2018_501954__event_002,0.0,True
tokyo_24664_relational_between,24664,stress_test,relational_between,flat,49,2018_501955__event_001,0.0,True
tokyo_24664_relational_between,24664,stress_test,relational_between,flat,50,2018_501955__event_002,0.0,True
tokyo_24664_relational_between,24664,stress_test,relational_between,flat,51,2018_501956__event_001,0.0,True
tokyo_24664_relational_between,24664,stress_test,relational_between,flat,52,2018_501956__event_002,0.0,True
tokyo_24664_relational_between,24664,stress_test,relational_between,flat,53,2018_501956__event_003,0.0,True
tokyo_24664_relational_between,24664,stress_test,relational_between,flat,54,2018_501958__event_001,0.0,True
tokyo_24664_relational_between,24664,stress_test,relational_between,flat,55,2018_501958__event_002,0.0,True
tokyo_24664_relational_between,24664,stress_test,relational_between,flat,56,2018_501959__event_001,0.0,True
tokyo_24664_relational_between,24664,stress_test,relational_between,flat,57,2018_501959__event_002,0.0,True
tokyo_24664_relational_between,24664,stress_test,relational_between,flat,58,2018_501962__event_001,0.0,True
tokyo_24664_relational_between,24664,stress_test,relational_between,flat,59,2018_501962__event_002,0.0,True
tokyo_24664_relational_between,24664,stress_test,relational_between,flat,60,2018_501962__event_003,0.0,True
tokyo_24664_relational_between,24664,stress_test,relational_between,flat,61,2018_501962__event_004,0.0,True
tokyo_24664_relational_between,24664,stress_test,relational_between,flat,62,2018_501962__event_005,0.0,True
tokyo_24664_relational_between,24664,stress_test,relational_between,flat,63,2018_501962__event_006,0.0,True
tokyo_24664_relational_between,24664,stress_test,relational_between,flat,64,2018_501965__event_001,0.0,True
tokyo_24664_relational_between,24664,stress_test,relational_between,flat,65,2018_501965__event_002,0.0,True
tokyo_24664_relational_between,24664,stress_test,relational_between,flat,66,2018_501968__event_001,0.0,True
tokyo_24664_relational_between,24664,stress_test,relational_between,flat,67,2018_501968__event_002,0.0,True
tokyo_24664_relational_between,24664,stress_test,relational_between,flat,68,2018_501969__event_001,0.0,True
tokyo_24664_relational_between,24664,stress_test,relational_between,flat,69,2018_501969__event_002,0.0,True
tokyo_24765_relational_between,24765,stress_test,relational_between,flat,1,2018_504023__event_003,92.97297309824712,True
tokyo_24765_relational_between,24765,stress_test,relational_between,flat,2,2018_504023__event_005,67.1187824810516,True
tokyo_24765_relational_between,24765,stress_test,relational_between,flat,3,2018_504023__event_004,64.97474085294037,True
tokyo_24765_relational_between,24765,stress_test,relational_between,flat,4,2018_504023__event_001,46.443753737749354,True
tokyo_24765_relational_between,24765,stress_test,relational_between,flat,5,2018_504023__event_002,42.75003976781536,True
tokyo_24765_relational_between,24765,stress_test,relational_between,flat,6,2018_504026__event_003,24.377563352847577,True
tokyo_24765_relational_between,24765,stress_test,relational_between,flat,7,2018_504026__event_002,21.473538298194548,True
tokyo_24765_relational_between,24765,stress_test,relational_between,flat,8,2018_504028__event_002,20.689667729013784,True
tokyo_24765_relational_between,24765,stress_test,relational_between,flat,9,2018_504028__event_001,20.481975191690204,True
tokyo_24765_relational_between,24765,stress_test,relational_between,flat,10,2018_503988__event_002,3.9371603151321546,True
tokyo_24765_relational_between,24765,stress_test,relational_between,flat,11,2018_503988__event_001,3.903449109792448,True
tokyo_24765_relational_between,24765,stress_test,relational_between,flat,12,2018_504006__event_001,3.6405272091492815,True
tokyo_24765_relational_between,24765,stress_test,relational_between,flat,13,2018_504006__event_002,3.6405272091492815,True
tokyo_24765_relational_between,24765,stress_test,relational_between,flat,14,2018_503989__event_001,2.1461395170279616,True
tokyo_24765_relational_between,24765,stress_test,relational_between,flat,15,2018_503992__event_002,2.1111834999837003,True
tokyo_24765_relational_between,24765,stress_test,relational_between,flat,16,2018_504023__event_006,1.982050093158451,True
tokyo_24765_relational_between,24765,stress_test,relational_between,flat,17,2018_504032__event_003,0.3136699878871964,True
tokyo_24765_relational_between,24765,stress_test,relational_between,flat,18,2018_504000__event_001,0.307494004512101,True
tokyo_24765_relational_between,24765,stress_test,relational_between,flat,19,2018_504033__event_002,0.28855568123283554,True
tokyo_24765_relational_between,24765,stress_test,relational_between,flat,20,2018_503991__event_001,0.2702469456432083,True
tokyo_24765_relational_between,24765,stress_test,relational_between,flat,21,2018_504000__event_002,0.23013677389193848,True
tokyo_24765_relational_between,24765,stress_test,relational_between,flat,22,2018_503997__event_002,0.21732658965516918,True
tokyo_24765_relational_between,24765,stress_test,relational_between,flat,23,2018_504007__event_002,0.21532893461057676,True
tokyo_24765_relational_between,24765,stress_test,relational_between,flat,24,2018_504032__event_001,0.21336766975789084,True
tokyo_24765_relational_between,24765,stress_test,relational_between,flat,25,2018_504020__event_001,0.20769253732358176,True
tokyo_24765_relational_between,24765,stress_test,relational_between,flat,26,2018_504020__event_002,0.20586732433044516,True
tokyo_24765_relational_between,24765,stress_test,relational_between,flat,27,2018_504030__event_001,0.20231147643898453,True
tokyo_24765_relational_between,24765,stress_test,relational_between,flat,28,2018_504011__event_001,0.1988763797909805,True
tokyo_24765_relational_between,24765,stress_test,relational_between,flat,29,2018_504023__event_007,0.19720220724033286,True
tokyo_24765_relational_between,24765,stress_test,relational_between,flat,30,2018_503991__event_002,0.19393702270402302,True
tokyo_24765_relational_between,24765,stress_test,relational_between,flat,31,2018_503992__event_001,0.1862283132387535,True
tokyo_24765_relational_between,24765,stress_test,relational_between,flat,32,2018_503989__event_002,0.0,True
tokyo_24765_relational_between,24765,stress_test,relational_between,flat,33,2018_503997__event_001,0.0,True
tokyo_24765_relational_between,24765,stress_test,relational_between,flat,34,2018_503999__event_001,0.0,True
tokyo_24765_relational_between,24765,stress_test,relational_between,flat,35,2018_503999__event_002,0.0,True
tokyo_24765_relational_between,24765,stress_test,relational_between,flat,36,2018_504005__event_001,0.0,True
tokyo_24765_relational_between,24765,stress_test,relational_between,flat,37,2018_504005__event_002,0.0,True
tokyo_24765_relational_between,24765,stress_test,relational_between,flat,38,2018_504007__event_001,0.0,True
tokyo_24765_relational_between,24765,stress_test,relational_between,flat,39,2018_504011__event_002,0.0,True
tokyo_24765_relational_between,24765,stress_test,relational_between,flat,40,2018_504013__event_001,0.0,True
tokyo_24765_relational_between,24765,stress_test,relational_between,flat,41,2018_504013__event_002,0.0,True
tokyo_24765_relational_between,24765,stress_test,relational_between,flat,42,2018_504019__event_001,0.0,True
tokyo_24765_relational_between,24765,stress_test,relational_between,flat,43,2018_504019__event_002,0.0,True
tokyo_24765_relational_between,24765,stress_test,relational_between,flat,44,2018_504025__event_001,0.0,True
tokyo_24765_relational_between,24765,stress_test,relational_between,flat,45,2018_504025__event_002,0.0,True
tokyo_24765_relational_between,24765,stress_test,relational_between,flat,46,2018_504026__event_001,0.0,True
tokyo_24765_relational_between,24765,stress_test,relational_between,flat,47,2018_504030__event_002,0.0,True
tokyo_24765_relational_between,24765,stress_test,relational_between,flat,48,2018_504031__event_001,0.0,True
tokyo_24765_relational_between,24765,stress_test,relational_between,flat,49,2018_504031__event_002,0.0,True
tokyo_24765_relational_between,24765,stress_test,relational_between,flat,50,2018_504032__event_002,0.0,True
tokyo_24765_relational_between,24765,stress_test,relational_between,flat,51,2018_504033__event_001,0.0,True
tokyo_254908_relational_between,254908,stress_test,relational_between,flat,1,2018_3245120__event_002,24.153467231030163,False
tokyo_254908_relational_between,254908,stress_test,relational_between,flat,2,2018_3245115__event_004,17.87773087334653,False
tokyo_254908_relational_between,254908,stress_test,relational_between,flat,3,2018_3245120__event_001,12.065868509687421,False
tokyo_254908_relational_between,254908,stress_test,relational_between,flat,4,2018_3245104__event_001,11.835880193583248,False
tokyo_254908_relational_between,254908,stress_test,relational_between,flat,5,2018_3245115__event_003,11.401240594498924,False
tokyo_254908_relational_between,254908,stress_test,relational_between,flat,6,2018_3245113__event_001,11.29752310930638,False
tokyo_254908_relational_between,254908,stress_test,relational_between,flat,7,2018_3245113__event_002,11.195675655566388,False
tokyo_254908_relational_between,254908,stress_test,relational_between,flat,8,2018_3245104__event_003,10.712795076172952,False
tokyo_254908_relational_between,254908,stress_test,relational_between,flat,9,2018_3245104__event_002,10.531108225006705,False
tokyo_254908_relational_between,254908,stress_test,relational_between,flat,10,2018_3245115__event_002,9.342727386018762,False
tokyo_254908_relational_between,254908,stress_test,relational_between,flat,11,2018_3245120__event_003,7.596693363006207,False
tokyo_254908_relational_between,254908,stress_test,relational_between,flat,12,2018_3245120__event_004,6.974726891574094,False
tokyo_254908_relational_between,254908,stress_test,relational_between,flat,13,2018_3245119__event_001,4.539486079184935,False
tokyo_254908_relational_between,254908,stress_test,relational_between,flat,14,2018_3245119__event_002,4.17744865557647,False
tokyo_254908_relational_between,254908,stress_test,relational_between,flat,15,2018_3245107__event_001,0.0,False
tokyo_254908_relational_between,254908,stress_test,relational_between,flat,16,2018_3245107__event_002,0.0,False
tokyo_254908_relational_between,254908,stress_test,relational_between,flat,17,2018_3245108__event_001,0.0,False
tokyo_254908_relational_between,254908,stress_test,relational_between,flat,18,2018_3245108__event_002,0.0,False
tokyo_254908_relational_between,254908,stress_test,relational_between,flat,19,2018_3245115__event_001,0.0,False
tokyo_254908_relational_between,254908,stress_test,relational_between,flat,20,2018_3245119__event_003,0.0,False
tokyo_254908_relational_between,254908,stress_test,relational_between,flat,21,2018_3245120__event_005,0.0,False
tokyo_254908_relational_between,254908,stress_test,relational_between,flat,22,2018_3245121__event_001,0.0,False
tokyo_254908_relational_between,254908,stress_test,relational_between,flat,23,2018_3245121__event_002,0.0,False
tokyo_254908_relational_between,254908,stress_test,relational_between,flat,24,2018_3245172__event_001,0.0,False
tokyo_254908_relational_between,254908,stress_test,relational_between,flat,25,2018_3245172__event_002,0.0,False
tokyo_254908_relational_between,254908,stress_test,relational_between,flat,26,2018_3245200__event_001,0.0,False
tokyo_254908_relational_between,254908,stress_test,relational_between,flat,27,2018_3245200__event_002,0.0,False
tokyo_254908_relational_between,254908,stress_test,relational_between,flat,28,2018_3245200__event_003,0.0,False
tokyo_254908_relational_between,254908,stress_test,relational_between,flat,29,2018_3245206__event_001,0.0,False
tokyo_254908_relational_between,254908,stress_test,relational_between,flat,30,2018_3245206__event_002,0.0,False
tokyo_254908_relational_between,254908,stress_test,relational_between,flat,31,2018_3245206__event_003,0.0,False
tokyo_254908_relational_between,254908,stress_test,relational_between,flat,32,2018_3245216__event_001,0.0,False
tokyo_254908_relational_between,254908,stress_test,relational_between,flat,33,2018_3245216__event_002,0.0,False
tokyo_259163_relational_between,259163,stress_test,relational_between,flat,1,2018_3271974__event_002,51.66181504985609,False
tokyo_259163_relational_between,259163,stress_test,relational_between,flat,2,2018_3271974__event_003,42.2067990720528,False
tokyo_259163_relational_between,259163,stress_test,relational_between,flat,3,2018_3271976__event_002,40.43552929950734,False
tokyo_259163_relational_between,259163,stress_test,relational_between,flat,4,2018_3271976__event_001,38.94072882436709,False
tokyo_259163_relational_between,259163,stress_test,relational_between,flat,5,2018_3271974__event_001,16.278089446840966,False
tokyo_259163_relational_between,259163,stress_test,relational_between,flat,6,2018_3271955__event_003,2.9050580716205174,False
tokyo_259163_relational_between,259163,stress_test,relational_between,flat,7,2018_3271967__event_001,2.260083782637976,False
tokyo_259163_relational_between,259163,stress_test,relational_between,flat,8,2018_3271951__event_001,2.1641335967784854,False
tokyo_259163_relational_between,259163,stress_test,relational_between,flat,9,2018_3271983__event_003,2.075998610775676,False
tokyo_259163_relational_between,259163,stress_test,relational_between,flat,10,2018_3271945__event_001,1.9802609778985194,False
tokyo_259163_relational_between,259163,stress_test,relational_between,flat,11,2018_3271982__event_002,1.9428176639663923,False
tokyo_259163_relational_between,259163,stress_test,relational_between,flat,12,2018_3271955__event_001,1.4199624343723933,False
tokyo_259163_relational_between,259163,stress_test,relational_between,flat,13,2018_3271955__event_002,1.2916272659112282,False
tokyo_259163_relational_between,259163,stress_test,relational_between,flat,14,2018_3271980__event_002,1.1772504491512485,False
tokyo_259163_relational_between,259163,stress_test,relational_between,flat,15,2018_3271977__event_002,0.6577382642709759,False
tokyo_259163_relational_between,259163,stress_test,relational_between,flat,16,2018_3271960__event_001,0.44576450602774387,False
tokyo_259163_relational_between,259163,stress_test,relational_between,flat,17,2018_3271945__event_003,0.4417764116080687,False
tokyo_259163_relational_between,259163,stress_test,relational_between,flat,18,2018_3271967__event_002,0.4417764116080687,False
tokyo_259163_relational_between,259163,stress_test,relational_between,flat,19,2018_3271983__event_004,0.43022909745754145,False
tokyo_259163_relational_between,259163,stress_test,relational_between,flat,20,2018_3271960__event_002,0.42651297980340935,False
tokyo_259163_relational_between,259163,stress_test,relational_between,flat,21,2018_3271980__event_001,0.42651297980340935,False
tokyo_259163_relational_between,259163,stress_test,relational_between,flat,22,2018_3271951__event_002,0.41226903176504887,False
tokyo_259163_relational_between,259163,stress_test,relational_between,flat,23,2018_3271945__event_002,0.3989457274779414,False
tokyo_259163_relational_between,259163,stress_test,relational_between,flat,24,2018_3271977__event_001,0.0,False
tokyo_259163_relational_between,259163,stress_test,relational_between,flat,25,2018_3271977__event_003,0.0,False
tokyo_259163_relational_between,259163,stress_test,relational_between,flat,26,2018_3271982__event_001,0.0,False
tokyo_259163_relational_between,259163,stress_test,relational_between,flat,27,2018_3271983__event_001,0.0,False
tokyo_259163_relational_between,259163,stress_test,relational_between,flat,28,2018_3271983__event_002,0.0,False
tokyo_263152_relational_between,263152,stress_test,relational_between,flat,1,2018_3295444__event_002,35.735391190119735,False
tokyo_263152_relational_between,263152,stress_test,relational_between,flat,2,2018_3295444__event_003,24.33467306637518,False
tokyo_263152_relational_between,263152,stress_test,relational_between,flat,3,2018_3295457__event_001,21.903668315990032,False
tokyo_263152_relational_between,263152,stress_test,relational_between,flat,4,2018_3295457__event_002,21.4100893168136,False
tokyo_263152_relational_between,263152,stress_test,relational_between,flat,5,2018_3295444__event_001,14.884175099527146,False
tokyo_263152_relational_between,263152,stress_test,relational_between,flat,6,2018_3295460__event_001,3.718680708419744,False
tokyo_263152_relational_between,263152,stress_test,relational_between,flat,7,2018_3295456__event_004,3.2449704128153045,False
tokyo_263152_relational_between,263152,stress_test,relational_between,flat,8,2018_3295459__event_001,3.2252396918127153,False
tokyo_263152_relational_between,263152,stress_test,relational_between,flat,9,2018_3295443__event_001,2.818685043094773,False
tokyo_263152_relational_between,263152,stress_test,relational_between,flat,10,2018_3295460__event_002,2.5276560193718276,False
tokyo_263152_relational_between,263152,stress_test,relational_between,flat,11,2018_3295467__event_001,2.189578145082313,False
tokyo_263152_relational_between,263152,stress_test,relational_between,flat,12,2018_3295467__event_002,2.176954527662942,False
tokyo_263152_relational_between,263152,stress_test,relational_between,flat,13,2018_3295443__event_002,2.0117034575014325,False
tokyo_263152_relational_between,263152,stress_test,relational_between,flat,14,2018_3295464__event_002,1.917655833217764,False
tokyo_263152_relational_between,263152,stress_test,relational_between,flat,15,2018_3295459__event_002,1.900999638219304,False
tokyo_263152_relational_between,263152,stress_test,relational_between,flat,16,2018_3295464__event_001,1.900999638219304,False
tokyo_263152_relational_between,263152,stress_test,relational_between,flat,17,2018_3295456__event_003,1.8043634502503063,False
tokyo_263152_relational_between,263152,stress_test,relational_between,flat,18,2018_3295455__event_001,1.7774896186110583,False
tokyo_263152_relational_between,263152,stress_test,relational_between,flat,19,2018_3295455__event_002,1.7774896186110583,False
tokyo_263152_relational_between,263152,stress_test,relational_between,flat,20,2018_3295458__event_002,1.7352126224620381,False
tokyo_263152_relational_between,263152,stress_test,relational_between,flat,21,2018_3295458__event_001,1.6948999929399111,False
tokyo_263152_relational_between,263152,stress_test,relational_between,flat,22,2018_3295451__event_002,0.5462629196075758,False
tokyo_263152_relational_between,263152,stress_test,relational_between,flat,23,2018_3295451__event_001,0.5110575385003908,False
tokyo_263152_relational_between,263152,stress_test,relational_between,flat,24,2018_3295456__event_002,0.506973380844075,False
tokyo_263152_relational_between,263152,stress_test,relational_between,flat,25,2018_3295456__event_001,0.48365162124387495,False
tokyo_263152_relational_between,263152,stress_test,relational_between,flat,26,2018_3295452__event_002,0.46600784737986056,False
tokyo_263152_relational_between,263152,stress_test,relational_between,flat,27,2018_3295452__event_001,0.06224224338395458,False
tokyo_264627_relational_between,264627,stress_test,relational_between,flat,1,2018_3303906__event_003,50.833398437406096,True
tokyo_264627_relational_between,264627,stress_test,relational_between,flat,2,2018_3303906__event_004,25.699360630354036,True
tokyo_264627_relational_between,264627,stress_test,relational_between,flat,3,2018_3303957__event_002,24.754872953493134,True
tokyo_264627_relational_between,264627,stress_test,relational_between,flat,4,2018_3303923__event_001,23.238007548987483,True
tokyo_264627_relational_between,264627,stress_test,relational_between,flat,5,2018_3303923__event_002,23.238007548987483,True
tokyo_264627_relational_between,264627,stress_test,relational_between,flat,6,2018_3303957__event_001,22.312044618737424,True
tokyo_264627_relational_between,264627,stress_test,relational_between,flat,7,2018_3303906__event_001,20.47623618541018,True
tokyo_264627_relational_between,264627,stress_test,relational_between,flat,8,2018_3303906__event_002,18.301191431341817,True
tokyo_264627_relational_between,264627,stress_test,relational_between,flat,9,2018_3303896__event_002,3.987077521995472,True
tokyo_264627_relational_between,264627,stress_test,relational_between,flat,10,2018_3303935__event_001,2.662902555848856,True
tokyo_264627_relational_between,264627,stress_test,relational_between,flat,11,2018_3303905__event_002,2.4536075618162494,True
tokyo_264627_relational_between,264627,stress_test,relational_between,flat,12,2018_3303905__event_001,2.4052053842245553,True
tokyo_264627_relational_between,264627,stress_test,relational_between,flat,13,2018_3303874__event_002,2.2241464447152772,True
tokyo_264627_relational_between,264627,stress_test,relational_between,flat,14,2018_3303896__event_001,1.469050507587951,True
tokyo_264627_relational_between,264627,stress_test,relational_between,flat,15,2018_3303867__event_001,0.0,True
tokyo_264627_relational_between,264627,stress_test,relational_between,flat,16,2018_3303867__event_002,0.0,True
tokyo_264627_relational_between,264627,stress_test,relational_between,flat,17,2018_3303867__event_003,0.0,True
tokyo_264627_relational_between,264627,stress_test,relational_between,flat,18,2018_3303874__event_001,0.0,True
tokyo_264627_relational_between,264627,stress_test,relational_between,flat,19,2018_3303877__event_001,0.0,True
tokyo_264627_relational_between,264627,stress_test,relational_between,flat,20,2018_3303877__event_002,0.0,True
tokyo_264627_relational_between,264627,stress_test,relational_between,flat,21,2018_3303881__event_001,0.0,True
tokyo_264627_relational_between,264627,stress_test,relational_between,flat,22,2018_3303881__event_002,0.0,True
tokyo_264627_relational_between,264627,stress_test,relational_between,flat,23,2018_3303886__event_001,0.0,True
tokyo_264627_relational_between,264627,stress_test,relational_between,flat,24,2018_3303886__event_002,0.0,True
tokyo_264627_relational_between,264627,stress_test,relational_between,flat,25,2018_3303889__event_001,0.0,True
tokyo_264627_relational_between,264627,stress_test,relational_between,flat,26,2018_3303889__event_002,0.0,True
tokyo_264627_relational_between,264627,stress_test,relational_between,flat,27,2018_3303890__event_001,0.0,True
tokyo_264627_relational_between,264627,stress_test,relational_between,flat,28,2018_3303890__event_002,0.0,True
tokyo_264627_relational_between,264627,stress_test,relational_between,flat,29,2018_3303892__event_001,0.0,True
tokyo_264627_relational_between,264627,stress_test,relational_between,flat,30,2018_3303892__event_002,0.0,True
tokyo_264627_relational_between,264627,stress_test,relational_between,flat,31,2018_3303898__event_001,0.0,True
tokyo_264627_relational_between,264627,stress_test,relational_between,flat,32,2018_3303898__event_002,0.0,True
tokyo_264627_relational_between,264627,stress_test,relational_between,flat,33,2018_3303899__event_001,0.0,True
tokyo_264627_relational_between,264627,stress_test,relational_between,flat,34,2018_3303899__event_002,0.0,True
tokyo_264627_relational_between,264627,stress_test,relational_between,flat,35,2018_3303899__event_003,0.0,True
tokyo_264627_relational_between,264627,stress_test,relational_between,flat,36,2018_3303904__event_001,0.0,True
tokyo_264627_relational_between,264627,stress_test,relational_between,flat,37,2018_3303904__event_002,0.0,True
tokyo_264627_relational_between,264627,stress_test,relational_between,flat,38,2018_3303907__event_001,0.0,True
tokyo_264627_relational_between,264627,stress_test,relational_between,flat,39,2018_3303907__event_002,0.0,True
tokyo_264627_relational_between,264627,stress_test,relational_between,flat,40,2018_3303913__event_001,0.0,True
tokyo_264627_relational_between,264627,stress_test,relational_between,flat,41,2018_3303913__event_002,0.0,True
tokyo_264627_relational_between,264627,stress_test,relational_between,flat,42,2018_3303913__event_003,0.0,True
tokyo_264627_relational_between,264627,stress_test,relational_between,flat,43,2018_3303916__event_001,0.0,True
tokyo_264627_relational_between,264627,stress_test,relational_between,flat,44,2018_3303916__event_002,0.0,True
tokyo_264627_relational_between,264627,stress_test,relational_between,flat,45,2018_3303916__event_003,0.0,True
tokyo_264627_relational_between,264627,stress_test,relational_between,flat,46,2018_3303922__event_001,0.0,True
tokyo_264627_relational_between,264627,stress_test,relational_between,flat,47,2018_3303922__event_002,0.0,True
tokyo_264627_relational_between,264627,stress_test,relational_between,flat,48,2018_3303923__event_003,0.0,True
tokyo_264627_relational_between,264627,stress_test,relational_between,flat,49,2018_3303924__event_001,0.0,True
tokyo_264627_relational_between,264627,stress_test,relational_between,flat,50,2018_3303924__event_002,0.0,True
tokyo_264627_relational_between,264627,stress_test,relational_between,flat,51,2018_3303924__event_003,0.0,True
tokyo_264627_relational_between,264627,stress_test,relational_between,flat,52,2018_3303925__event_001,0.0,True
tokyo_264627_relational_between,264627,stress_test,relational_between,flat,53,2018_3303925__event_002,0.0,True
tokyo_264627_relational_between,264627,stress_test,relational_between,flat,54,2018_3303935__event_002,0.0,True
tokyo_264627_relational_between,264627,stress_test,relational_between,flat,55,2018_3303943__event_001,0.0,True
tokyo_264627_relational_between,264627,stress_test,relational_between,flat,56,2018_3303943__event_002,0.0,True
tokyo_264627_relational_between,264627,stress_test,relational_between,flat,57,2018_3303955__event_001,0.0,True
tokyo_264627_relational_between,264627,stress_test,relational_between,flat,58,2018_3303955__event_002,0.0,True
tokyo_264627_relational_between,264627,stress_test,relational_between,flat,59,2018_3303955__event_003,0.0,True
tokyo_267704_relational_between,267704,stress_test,relational_between,flat,1,2018_3322362__event_004,41.86963825796203,False
tokyo_267704_relational_between,267704,stress_test,relational_between,flat,2,2018_3322362__event_005,21.722152307546267,False
tokyo_267704_relational_between,267704,stress_test,relational_between,flat,3,2018_3322362__event_002,19.042638393101846,False
tokyo_267704_relational_between,267704,stress_test,relational_between,flat,4,2018_3322362__event_003,18.758185916763313,False
tokyo_267704_relational_between,267704,stress_test,relational_between,flat,5,2018_3322360__event_002,16.758236717348975,False
tokyo_267704_relational_between,267704,stress_test,relational_between,flat,6,2018_3322360__event_003,15.712994617176363,False
tokyo_267704_relational_between,267704,stress_test,relational_between,flat,7,2018_3322360__event_004,15.674364579153362,False
tokyo_267704_relational_between,267704,stress_test,relational_between,flat,8,2018_3322364__event_004,2.571688716880984,False
tokyo_267704_relational_between,267704,stress_test,relational_between,flat,9,2018_3322364__event_003,2.4330032656130736,False
tokyo_267704_relational_between,267704,stress_test,relational_between,flat,10,2018_3322359__event_003,2.3255093684567663,False
tokyo_267704_relational_between,267704,stress_test,relational_between,flat,11,2018_3322363__event_001,0.9760968003972434,False
tokyo_267704_relational_between,267704,stress_test,relational_between,flat,12,2018_3322359__event_005,0.8995589478789593,False
tokyo_267704_relational_between,267704,stress_test,relational_between,flat,13,2018_3322362__event_001,0.8896641022321452,False
tokyo_267704_relational_between,267704,stress_test,relational_between,flat,14,2018_3322363__event_002,0.8755306621259319,False
tokyo_267704_relational_between,267704,stress_test,relational_between,flat,15,2018_3322360__event_006,0.852752628639729,False
tokyo_267704_relational_between,267704,stress_test,relational_between,flat,16,2018_3322366__event_004,0.8454102477296496,False
tokyo_267704_relational_between,267704,stress_test,relational_between,flat,17,2018_3322359__event_006,0.8371949980146027,False
tokyo_267704_relational_between,267704,stress_test,relational_between,flat,18,2018_3322358__event_001,0.8361674009299681,False
tokyo_267704_relational_between,267704,stress_test,relational_between,flat,19,2018_3322365__event_002,0.8139209626330889,False
tokyo_267704_relational_between,267704,stress_test,relational_between,flat,20,2018_3322359__event_007,0.8077227868633735,False
tokyo_267704_relational_between,267704,stress_test,relational_between,flat,21,2018_3322360__event_007,0.8053503454350658,False
tokyo_267704_relational_between,267704,stress_test,relational_between,flat,22,2018_3322367__event_002,0.8011323690129188,False
tokyo_267704_relational_between,267704,stress_test,relational_between,flat,23,2018_3322359__event_008,0.7391890060215066,False
tokyo_267704_relational_between,267704,stress_test,relational_between,flat,24,2018_3322360__event_005,0.7356340654067551,False
tokyo_267704_relational_between,267704,stress_test,relational_between,flat,25,2018_3322372__event_002,0.6986730795767834,False
tokyo_267704_relational_between,267704,stress_test,relational_between,flat,26,2018_3322363__event_003,0.5802683678435921,False
tokyo_267704_relational_between,267704,stress_test,relational_between,flat,27,2018_3322359__event_009,0.5715949102407537,False
tokyo_267704_relational_between,267704,stress_test,relational_between,flat,28,2018_3322365__event_001,0.563176923937585,False
tokyo_267704_relational_between,267704,stress_test,relational_between,flat,29,2018_3322367__event_001,0.5590602310808355,False
tokyo_267704_relational_between,267704,stress_test,relational_between,flat,30,2018_3322360__event_001,0.5510047962351166,False
tokyo_267704_relational_between,267704,stress_test,relational_between,flat,31,2018_3322358__event_002,0.5431782037030642,False
tokyo_267704_relational_between,267704,stress_test,relational_between,flat,32,2018_3322372__event_003,0.5393476974264402,False
tokyo_267704_relational_between,267704,stress_test,relational_between,flat,33,2018_3322359__event_004,0.5139757104778292,False
tokyo_267704_relational_between,267704,stress_test,relational_between,flat,34,2018_3322372__event_001,0.5071592029816614,False
tokyo_267704_relational_between,267704,stress_test,relational_between,flat,35,2018_3322366__event_003,0.4726805905184094,False
tokyo_267704_relational_between,267704,stress_test,relational_between,flat,36,2018_3322358__event_003,0.0,False
tokyo_267704_relational_between,267704,stress_test,relational_between,flat,37,2018_3322359__event_001,0.0,False
tokyo_267704_relational_between,267704,stress_test,relational_between,flat,38,2018_3322359__event_002,0.0,False
tokyo_267704_relational_between,267704,stress_test,relational_between,flat,39,2018_3322359__event_010,0.0,False
tokyo_267704_relational_between,267704,stress_test,relational_between,flat,40,2018_3322359__event_011,0.0,False
tokyo_267704_relational_between,267704,stress_test,relational_between,flat,41,2018_3322364__event_001,0.0,False
tokyo_267704_relational_between,267704,stress_test,relational_between,flat,42,2018_3322364__event_002,0.0,False
tokyo_267704_relational_between,267704,stress_test,relational_between,flat,43,2018_3322364__event_005,0.0,False
tokyo_267704_relational_between,267704,stress_test,relational_between,flat,44,2018_3322364__event_006,0.0,False
tokyo_267704_relational_between,267704,stress_test,relational_between,flat,45,2018_3322366__event_001,0.0,False
tokyo_267704_relational_between,267704,stress_test,relational_between,flat,46,2018_3322366__event_002,0.0,False
tokyo_267704_relational_between,267704,stress_test,relational_between,flat,47,2018_3322372__event_004,0.0,False
tokyo_267704_relational_between,267704,stress_test,relational_between,flat,48,2018_3322372__event_005,0.0,False
tokyo_26786_relational_between,26786,stress_test,relational_between,flat,1,2018_543205__event_002,51.01346853863575,True
tokyo_26786_relational_between,26786,stress_test,relational_between,flat,2,2018_543210__event_002,51.01346853863575,True
tokyo_26786_relational_between,26786,stress_test,relational_between,flat,3,2018_543178__event_002,48.15046451723236,True
tokyo_26786_relational_between,26786,stress_test,relational_between,flat,4,2018_543205__event_004,42.17138933654939,True
tokyo_26786_relational_between,26786,stress_test,relational_between,flat,5,2018_543178__event_001,39.250734202381096,True
tokyo_26786_relational_between,26786,stress_test,relational_between,flat,6,2018_543210__event_001,38.95525527044086,True
tokyo_26786_relational_between,26786,stress_test,relational_between,flat,7,2018_543205__event_003,35.93344244332708,True
tokyo_26786_relational_between,26786,stress_test,relational_between,flat,8,2018_543197__event_004,20.49522030596021,True
tokyo_26786_relational_between,26786,stress_test,relational_between,flat,9,2018_543197__event_003,18.597011311535,True
tokyo_26786_relational_between,26786,stress_test,relational_between,flat,10,2018_543174__event_002,18.14528488298967,True
tokyo_26786_relational_between,26786,stress_test,relational_between,flat,11,2018_543176__event_005,18.02899060703426,True
tokyo_26786_relational_between,26786,stress_test,relational_between,flat,12,2018_543236__event_003,17.91176465541641,True
tokyo_26786_relational_between,26786,stress_test,relational_between,flat,13,2018_543176__event_004,17.896332209411838,True
tokyo_26786_relational_between,26786,stress_test,relational_between,flat,14,2018_543178__event_004,17.609740661776648,True
tokyo_26786_relational_between,26786,stress_test,relational_between,flat,15,2018_543193__event_004,17.609740661776648,True
tokyo_26786_relational_between,26786,stress_test,relational_between,flat,16,2018_543210__event_004,17.609740661776648,True
tokyo_26786_relational_between,26786,stress_test,relational_between,flat,17,2018_543232__event_003,17.609740661776648,True
tokyo_26786_relational_between,26786,stress_test,relational_between,flat,18,2018_543176__event_003,16.937762920618923,True
tokyo_26786_relational_between,26786,stress_test,relational_between,flat,19,2018_543179__event_005,16.63079254639664,True
tokyo_26786_relational_between,26786,stress_test,relational_between,flat,20,2018_543203__event_002,16.24612342684983,True
tokyo_26786_relational_between,26786,stress_test,relational_between,flat,21,2018_543203__event_004,16.24612342684983,True
tokyo_26786_relational_between,26786,stress_test,relational_between,flat,22,2018_543204__event_006,16.24612342684983,True
tokyo_26786_relational_between,26786,stress_test,relational_between,flat,23,2018_543226__event_005,16.24612342684983,True
tokyo_26786_relational_between,26786,stress_test,relational_between,flat,24,2018_543241__event_001,15.739376269970048,True
tokyo_26786_relational_between,26786,stress_test,relational_between,flat,25,2018_543204__event_005,15.33753309867005,True
tokyo_26786_relational_between,26786,stress_test,relational_between,flat,26,2018_543226__event_003,15.33753309867005,True
tokyo_26786_relational_between,26786,stress_test,relational_between,flat,27,2018_543169__event_004,15.14083366483628,True
tokyo_26786_relational_between,26786,stress_test,relational_between,flat,28,2018_543201__event_007,15.14083366483628,True
tokyo_26786_relational_between,26786,stress_test,relational_between,flat,29,2018_543203__event_006,15.14083366483628,True
tokyo_26786_relational_between,26786,stress_test,relational_between,flat,30,2018_543212__event_005,15.14083366483628,True
tokyo_26786_relational_between,26786,stress_test,relational_between,flat,31,2018_543256__event_004,15.14083366483628,True
tokyo_26786_relational_between,26786,stress_test,relational_between,flat,32,2018_543203__event_003,15.085469513273182,True
tokyo_26786_relational_between,26786,stress_test,relational_between,flat,33,2018_543204__event_004,15.085469513273182,True
tokyo_26786_relational_between,26786,stress_test,relational_between,flat,34,2018_543226__event_004,15.085469513273182,True
tokyo_26786_relational_between,26786,stress_test,relational_between,flat,35,2018_543252__event_003,14.96251928932342,True
tokyo_26786_relational_between,26786,stress_test,relational_between,flat,36,2018_543228__event_001,14.841557011239244,True
tokyo_26786_relational_between,26786,stress_test,relational_between,flat,37,2018_543239__event_004,14.605406506210665,True
tokyo_26786_relational_between,26786,stress_test,relational_between,flat,38,2018_543254__event_001,14.605406506210665,True
tokyo_26786_relational_between,26786,stress_test,relational_between,flat,39,2018_543206__event_001,14.560323628731116,True
tokyo_26786_relational_between,26786,stress_test,relational_between,flat,40,2018_543209__event_001,14.560323628731116,True
tokyo_26786_relational_between,26786,stress_test,relational_between,flat,41,2018_543229__event_002,14.544904548292301,True
tokyo_26786_relational_between,26786,stress_test,relational_between,flat,42,2018_543174__event_001,14.49012713096338,True
tokyo_26786_relational_between,26786,stress_test,relational_between,flat,43,2018_543205__event_001,14.49012713096338,True
tokyo_26786_relational_between,26786,stress_test,relational_between,flat,44,2018_543228__event_003,14.43692114923751,True
tokyo_26786_relational_between,26786,stress_test,relational_between,flat,45,2018_543229__event_004,14.43692114923751,True
tokyo_26786_relational_between,26786,stress_test,relational_between,flat,46,2018_543179__event_007,14.330529301897748,True
tokyo_26786_relational_between,26786,stress_test,relational_between,flat,47,2018_543252__event_004,14.154955141467338,True
tokyo_26786_relational_between,26786,stress_test,relational_between,flat,48,2018_543178__event_003,14.122381560761726,True
tokyo_26786_relational_between,26786,stress_test,relational_between,flat,49,2018_543210__event_003,14.020558816270182,True
tokyo_26786_relational_between,26786,stress_test,relational_between,flat,50,2018_543207__event_001,13.95002129154459,True
tokyo_26786_relational_between,26786,stress_test,relational_between,flat,51,2018_543204__event_008,13.94711846797541,True
tokyo_26786_relational_between,26786,stress_test,relational_between,flat,52,2018_543207__event_002,13.94711846797541,True
tokyo_26786_relational_between,26786,stress_test,relational_between,flat,53,2018_543197__event_002,13.83493836221426,True
tokyo_26786_relational_between,26786,stress_test,relational_between,flat,54,2018_543232__event_001,13.731457595461972,True
tokyo_26786_relational_between,26786,stress_test,relational_between,flat,55,2018_543236__event_001,13.731457595461972,True
tokyo_26786_relational_between,26786,stress_test,relational_between,flat,56,2018_543229__event_003,13.629513339986687,True
tokyo_26786_relational_between,26786,stress_test,relational_between,flat,57,2018_543204__event_009,13.625296866305014,True
tokyo_26786_relational_between,26786,stress_test,relational_between,flat,58,2018_543206__event_002,13.625296866305014,True
tokyo_26786_relational_between,26786,stress_test,relational_between,flat,59,2018_543207__event_003,13.625296866305014,True
tokyo_26786_relational_between,26786,stress_test,relational_between,flat,60,2018_543209__event_002,13.625296866305014,True
tokyo_26786_relational_between,26786,stress_test,relational_between,flat,61,2018_543239__event_003,13.394919600906682,True
tokyo_26786_relational_between,26786,stress_test,relational_between,flat,62,2018_543254__event_002,13.394919600906682,True
tokyo_26786_relational_between,26786,stress_test,relational_between,flat,63,2018_543193__event_003,13.255952662478789,True
tokyo_26786_relational_between,26786,stress_test,relational_between,flat,64,2018_543169__event_003,13.215612196682258,True
tokyo_26786_relational_between,26786,stress_test,relational_between,flat,65,2018_543203__event_005,13.215612196682258,True
tokyo_26786_relational_between,26786,stress_test,relational_between,flat,66,2018_543204__event_007,13.215612196682258,True
tokyo_26786_relational_between,26786,stress_test,relational_between,flat,67,2018_543256__event_003,13.215612196682258,True
tokyo_26786_relational_between,26786,stress_test,relational_between,flat,68,2018_543232__event_002,13.1662009060869,True
tokyo_26786_relational_between,26786,stress_test,relational_between,flat,69,2018_543252__event_002,13.14168483844829,True
tokyo_26786_relational_between,26786,stress_test,relational_between,flat,70,2018_543179__event_006,12.95619324592724,True
tokyo_26786_relational_between,26786,stress_test,relational_between,flat,71,2018_543201__event_006,12.924483369337123,True
tokyo_26786_relational_between,26786,stress_test,relational_between,flat,72,2018_543212__event_004,12.924483369337123,True
tokyo_26786_relational_between,26786,stress_test,relational_between,flat,73,2018_543193__event_002,12.687570424106282,True
tokyo_26786_relational_between,26786,stress_test,relational_between,flat,74,2018_543241__event_003,12.625567023829621,True
tokyo_26786_relational_between,26786,stress_test,relational_between,flat,75,2018_543241__event_002,12.600487782872912,True
tokyo_26786_relational_between,26786,stress_test,relational_between,flat,76,2018_543228__event_002,12.42986015033641,True
tokyo_26786_relational_between,26786,stress_test,relational_between,flat,77,2018_543236__event_002,11.641642305275704,True
tokyo_26786_relational_between,26786,stress_test,relational_between,flat,78,2018_543218__event_002,11.131840625791098,True
tokyo_26786_relational_between,26786,stress_test,relational_between,flat,79,2018_543218__event_001,10.98711446736623,True
tokyo_26786_relational_between,26786,stress_test,relational_between,flat,80,2018_543218__event_003,10.025502407778987,True
tokyo_26786_relational_between,26786,stress_test,relational_between,flat,81,2018_543213__event_002,9.99719713023976,True
tokyo_26786_relational_between,26786,stress_test,relational_between,flat,82,2018_543213__event_001,9.579765270001346,True
tokyo_26786_relational_between,26786,stress_test,relational_between,flat,83,2018_543216__event_001,9.438698650883826,True
tokyo_26786_relational_between,26786,stress_test,relational_between,flat,84,2018_543218__event_004,8.887406999368043,True
tokyo_26786_relational_between,26786,stress_test,relational_between,flat,85,2018_543194__event_005,7.345541338794152,True
tokyo_26786_relational_between,26786,stress_test,relational_between,flat,86,2018_543194__event_006,6.744889120721446,True
tokyo_26786_relational_between,26786,stress_test,relational_between,flat,87,2018_543194__event_004,6.614086123119113,True
tokyo_26786_relational_between,26786,stress_test,relational_between,flat,88,2018_543184__event_003,6.17688549898292,True
tokyo_26786_relational_between,26786,stress_test,relational_between,flat,89,2018_543216__event_003,6.00270599070936,True
tokyo_26786_relational_between,26786,stress_test,relational_between,flat,90,2018_543225__event_001,5.726853988220141,True
tokyo_26786_relational_between,26786,stress_test,relational_between,flat,91,2018_543185__event_004,5.594975089369708,True
tokyo_26786_relational_between,26786,stress_test,relational_between,flat,92,2018_543188__event_002,5.594975089369708,True
tokyo_26786_relational_between,26786,stress_test,relational_between,flat,93,2018_543191__event_003,5.594975089369708,True
tokyo_26786_relational_between,26786,stress_test,relational_between,flat,94,2018_543243__event_002,5.594975089369708,True
tokyo_26786_relational_between,26786,stress_test,relational_between,flat,95,2018_543249__event_001,5.585773461260422,True
tokyo_26786_relational_between,26786,stress_test,relational_between,flat,96,2018_543175__event_006,5.284763210711212,True
tokyo_26786_relational_between,26786,stress_test,relational_between,flat,97,2018_543200__event_001,5.272183761892067,True
tokyo_26786_relational_between,26786,stress_test,relational_between,flat,98,2018_543216__event_002,5.141314423442404,True
tokyo_26786_relational_between,26786,stress_test,relational_between,flat,99,2018_543255__event_001,5.127141270902678,True
tokyo_26786_relational_between,26786,stress_test,relational_between,flat,100,2018_543225__event_002,4.973052473317022,True
tokyo_26786_relational_between,26786,stress_test,relational_between,flat,101,2018_543249__event_002,4.96853747654907,True
tokyo_26786_relational_between,26786,stress_test,relational_between,flat,102,2018_543184__event_002,4.828215553917402,True
tokyo_26786_relational_between,26786,stress_test,relational_between,flat,103,2018_543197__event_005,4.657263993342282,True
tokyo_26786_relational_between,26786,stress_test,relational_between,flat,104,2018_543255__event_002,4.492512704730498,True
tokyo_26786_relational_between,26786,stress_test,relational_between,flat,105,2018_543173__event_002,4.442306105764856,True
tokyo_26786_relational_between,26786,stress_test,relational_between,flat,106,2018_543236__event_004,4.351144844831891,True
tokyo_26786_relational_between,26786,stress_test,relational_between,flat,107,2018_543188__event_001,4.350631365738445,True
tokyo_26786_relational_between,26786,stress_test,relational_between,flat,108,2018_543243__event_001,4.350631365738445,True
tokyo_26786_relational_between,26786,stress_test,relational_between,flat,109,2018_543194__event_001,4.33794148376552,True
tokyo_26786_relational_between,26786,stress_test,relational_between,flat,110,2018_543175__event_005,4.197111183504691,True
tokyo_26786_relational_between,26786,stress_test,relational_between,flat,111,2018_543185__event_003,3.9204316272498856,True
tokyo_26786_relational_between,26786,stress_test,relational_between,flat,112,2018_543236__event_005,3.9204316272498856,True
tokyo_26786_relational_between,26786,stress_test,relational_between,flat,113,2018_543186__event_002,3.9093387750680386,True
tokyo_26786_relational_between,26786,stress_test,relational_between,flat,114,2018_543246__event_002,3.9093387750680386,True
tokyo_26786_relational_between,26786,stress_test,relational_between,flat,115,2018_543191__event_002,3.7008621276978255,True
tokyo_26786_relational_between,26786,stress_test,relational_between,flat,116,2018_543222__event_004,3.4344377697525825,True
tokyo_26786_relational_between,26786,stress_test,relational_between,flat,117,2018_543248__event_001,2.509694011338266,True
tokyo_26786_relational_between,26786,stress_test,relational_between,flat,118,2018_543222__event_003,2.3156789945694385,True
tokyo_26786_relational_between,26786,stress_test,relational_between,flat,119,2018_543239__event_001,2.1674379532164774,True
tokyo_26786_relational_between,26786,stress_test,relational_between,flat,120,2018_543225__event_003,2.102579550200174,True
tokyo_26786_relational_between,26786,stress_test,relational_between,flat,121,2018_543194__event_007,1.9227065936813181,True
tokyo_26786_relational_between,26786,stress_test,relational_between,flat,122,2018_543168__event_003,1.7129983626858416,True
tokyo_26786_relational_between,26786,stress_test,relational_between,flat,123,2018_543255__event_004,1.6786687627656198,True
tokyo_26786_relational_between,26786,stress_test,relational_between,flat,124,2018_543230__event_002,1.6456881041499545,True
tokyo_26786_relational_between,26786,stress_test,relational_between,flat,125,2018_543168__event_006,1.6139784112228641,True
tokyo_26786_relational_between,26786,stress_test,relational_between,flat,126,2018_543192__event_001,1.5612138053364912,True
tokyo_26786_relational_between,26786,stress_test,relational_between,flat,127,2018_543242__event_001,1.5612138053364912,True
tokyo_26786_relational_between,26786,stress_test,relational_between,flat,128,2018_543242__event_002,1.5612138053364912,True
tokyo_26786_relational_between,26786,stress_test,relational_between,flat,129,2018_543222__event_002,1.542747547732528,True
tokyo_26786_relational_between,26786,stress_test,relational_between,flat,130,2018_543192__event_002,1.5419439493491083,True
tokyo_26786_relational_between,26786,stress_test,relational_between,flat,131,2018_543192__event_003,1.5257199526586271,True
tokyo_26786_relational_between,26786,stress_test,relational_between,flat,132,2018_543215__event_002,1.4631917974124862,True
tokyo_26786_relational_between,26786,stress_test,relational_between,flat,133,2018_543215__event_001,1.4566591215699078,True
tokyo_26786_relational_between,26786,stress_test,relational_between,flat,134,2018_543192__event_004,1.443767218746382,True
tokyo_26786_relational_between,26786,stress_test,relational_between,flat,135,2018_543169__event_001,1.3868363914438202,True
tokyo_26786_relational_between,26786,stress_test,relational_between,flat,136,2018_543203__event_001,1.3868363914438202,True
tokyo_26786_relational_between,26786,stress_test,relational_between,flat,137,2018_543204__event_001,1.3868363914438202,True
tokyo_26786_relational_between,26786,stress_test,relational_between,flat,138,2018_543226__event_001,1.3868363914438202,True
tokyo_26786_relational_between,26786,stress_test,relational_between,flat,139,2018_543226__event_006,1.3868363914438202,True
tokyo_26786_relational_between,26786,stress_test,relational_between,flat,140,2018_543256__event_001,1.3868363914438202,True
tokyo_26786_relational_between,26786,stress_test,relational_between,flat,141,2018_543168__event_004,1.370966258583736,True
tokyo_26786_relational_between,26786,stress_test,relational_between,flat,142,2018_543195__event_001,1.3608068717267139,True
tokyo_26786_relational_between,26786,stress_test,relational_between,flat,143,2018_543201__event_001,1.3608068717267139,True
tokyo_26786_relational_between,26786,stress_test,relational_between,flat,144,2018_543212__event_001,1.3608068717267139,True
tokyo_26786_relational_between,26786,stress_test,relational_between,flat,145,2018_543168__event_005,1.342754808798562,True
tokyo_26786_relational_between,26786,stress_test,relational_between,flat,146,2018_543195__event_013,1.3357364464167283,True
tokyo_26786_relational_between,26786,stress_test,relational_between,flat,147,2018_543194__event_008,1.3275836639800511,True
tokyo_26786_relational_between,26786,stress_test,relational_between,flat,148,2018_543169__event_002,1.303711713810486,True
tokyo_26786_relational_between,26786,stress_test,relational_between,flat,149,2018_543196__event_003,1.303711713810486,True
tokyo_26786_relational_between,26786,stress_test,relational_between,flat,150,2018_543199__event_003,1.303711713810486,True
tokyo_26786_relational_between,26786,stress_test,relational_between,flat,151,2018_543256__event_002,1.303711713810486,True
tokyo_26786_relational_between,26786,stress_test,relational_between,flat,152,2018_543179__event_008,1.2959440397574902,True
tokyo_26786_relational_between,26786,stress_test,relational_between,flat,153,2018_543229__event_001,1.2959440397574902,True
tokyo_26786_relational_between,26786,stress_test,relational_between,flat,154,2018_543229__event_005,1.288268378984691,True
tokyo_26786_relational_between,26786,stress_test,relational_between,flat,155,2018_543174__event_003,1.2657774123995849,True
tokyo_26786_relational_between,26786,stress_test,relational_between,flat,156,2018_543200__event_002,1.2657774123995849,True
tokyo_26786_relational_between,26786,stress_test,relational_between,flat,157,2018_543225__event_004,1.2512146973586578,True
tokyo_26786_relational_between,26786,stress_test,relational_between,flat,158,2018_543168__event_010,1.244058278690807,True
tokyo_26786_relational_between,26786,stress_test,relational_between,flat,159,2018_543182__event_002,1.244058278690807,True
tokyo_26786_relational_between,26786,stress_test,relational_between,flat,160,2018_543228__event_004,1.244058278690807,True
tokyo_26786_relational_between,26786,stress_test,relational_between,flat,161,2018_543231__event_002,1.244058278690807,True
tokyo_26786_relational_between,26786,stress_test,relational_between,flat,162,2018_543234__event_002,1.244058278690807,True
tokyo_26786_relational_between,26786,stress_test,relational_between,flat,163,2018_543252__event_005,1.2110478092937988,True
tokyo_26786_relational_between,26786,stress_test,relational_between,flat,164,2018_543176__event_001,1.2094699955114472,True
tokyo_26786_relational_between,26786,stress_test,relational_between,flat,165,2018_543227__event_002,1.202781858750325,True
tokyo_26786_relational_between,26786,stress_test,relational_between,flat,166,2018_543230__event_003,1.202781858750325,True
tokyo_26786_relational_between,26786,stress_test,relational_between,flat,167,2018_543245__event_002,1.1457593943811355,True
tokyo_26786_relational_between,26786,stress_test,relational_between,flat,168,2018_543173__event_001,1.1339697637593833,True
tokyo_26786_relational_between,26786,stress_test,relational_between,flat,169,2018_543199__event_001,1.116209269857377,True
tokyo_26786_relational_between,26786,stress_test,relational_between,flat,170,2018_543240__event_002,1.0905877182879047,True
tokyo_26786_relational_between,26786,stress_test,relational_between,flat,171,2018_543255__event_003,1.0830055998629478,True
tokyo_26786_relational_between,26786,stress_test,relational_between,flat,172,2018_543185__event_001,1.0823066025568213,True
tokyo_26786_relational_between,26786,stress_test,relational_between,flat,173,2018_543170__event_001,1.0661160111481118,True
tokyo_26786_relational_between,26786,stress_test,relational_between,flat,174,2018_543180__event_001,1.0504026813138585,True
tokyo_26786_relational_between,26786,stress_test,relational_between,flat,175,2018_543250__event_001,1.0504026813138585,True
tokyo_26786_relational_between,26786,stress_test,relational_between,flat,176,2018_543179__event_004,1.0427184430841019,True
tokyo_26786_relational_between,26786,stress_test,relational_between,flat,177,2018_543220__event_003,1.0059241684274633,True
tokyo_26786_relational_between,26786,stress_test,relational_between,flat,178,2018_543230__event_001,1.0059241684274633,True
tokyo_26786_relational_between,26786,stress_test,relational_between,flat,179,2018_543208__event_004,0.9850681821410727,True
tokyo_26786_relational_between,26786,stress_test,relational_between,flat,180,2018_543195__event_002,0.9650266400479521,True
tokyo_26786_relational_between,26786,stress_test,relational_between,flat,181,2018_543220__event_001,0.9585692887929149,True
tokyo_26786_relational_between,26786,stress_test,relational_between,flat,182,2018_543195__event_012,0.9481990475824508,True
tokyo_26786_relational_between,26786,stress_test,relational_between,flat,183,2018_543226__event_002,0.9481990475824508,True
tokyo_26786_relational_between,26786,stress_test,relational_between,flat,184,2018_543201__event_002,0.9400034217618006,True
tokyo_26786_relational_between,26786,stress_test,relational_between,flat,185,2018_543212__event_002,0.9400034217618006,True
tokyo_26786_relational_between,26786,stress_test,relational_between,flat,186,2018_543212__event_003,0.9400034217618006,True
tokyo_26786_relational_between,26786,stress_test,relational_between,flat,187,2018_543204__event_002,0.9240299741310497,True
tokyo_26786_relational_between,26786,stress_test,relational_between,flat,188,2018_543201__event_005,0.8936581657319735,True
tokyo_26786_relational_between,26786,stress_test,relational_between,flat,189,2018_543183__event_005,0.8760842187802852,True
tokyo_26786_relational_between,26786,stress_test,relational_between,flat,190,2018_543234__event_001,0.8721580378459057,True
tokyo_26786_relational_between,26786,stress_test,relational_between,flat,191,2018_543175__event_004,0.8707323129588861,True
tokyo_26786_relational_between,26786,stress_test,relational_between,flat,192,2018_543183__event_004,0.8602222988975063,True
tokyo_26786_relational_between,26786,stress_test,relational_between,flat,193,2018_543182__event_001,0.8516681297269336,True
tokyo_26786_relational_between,26786,stress_test,relational_between,flat,194,2018_543231__event_001,0.8516681297269336,True
tokyo_26786_relational_between,26786,stress_test,relational_between,flat,195,2018_543168__event_008,0.8350247671371727,True
tokyo_26786_relational_between,26786,stress_test,relational_between,flat,196,2018_543176__event_002,0.8321188753934134,True
tokyo_26786_relational_between,26786,stress_test,relational_between,flat,197,2018_543196__event_002,0.8195771188237073,True
tokyo_26786_relational_between,26786,stress_test,relational_between,flat,198,2018_543238__event_002,0.8195771188237073,True
tokyo_26786_relational_between,26786,stress_test,relational_between,flat,199,2018_543227__event_001,0.8134469528303304,True
tokyo_26786_relational_between,26786,stress_test,relational_between,flat,200,2018_543245__event_001,0.8014576757358739,True
tokyo_26786_relational_between,26786,stress_test,relational_between,flat,201,2018_543199__event_002,0.7955945988216774,True
tokyo_26786_relational_between,26786,stress_test,relational_between,flat,202,2018_543248__event_002,0.7955945988216774,True
tokyo_26786_relational_between,26786,stress_test,relational_between,flat,203,2018_543168__event_009,0.7075953634132721,True
tokyo_26786_relational_between,26786,stress_test,relational_between,flat,204,2018_543239__event_002,0.6810099829457895,True
tokyo_26786_relational_between,26786,stress_test,relational_between,flat,205,2018_543168__event_001,0.0,True
tokyo_26786_relational_between,26786,stress_test,relational_between,flat,206,2018_543168__event_002,0.0,True
tokyo_26786_relational_between,26786,stress_test,relational_between,flat,207,2018_543168__event_007,0.0,True
tokyo_26786_relational_between,26786,stress_test,relational_between,flat,208,2018_543170__event_002,0.0,True
tokyo_26786_relational_between,26786,stress_test,relational_between,flat,209,2018_543175__event_001,0.0,True
tokyo_26786_relational_between,26786,stress_test,relational_between,flat,210,2018_543175__event_002,0.0,True
tokyo_26786_relational_between,26786,stress_test,relational_between,flat,211,2018_543175__event_003,0.0,True
tokyo_26786_relational_between,26786,stress_test,relational_between,flat,212,2018_543179__event_001,0.0,True
tokyo_26786_relational_between,26786,stress_test,relational_between,flat,213,2018_543179__event_002,0.0,True
tokyo_26786_relational_between,26786,stress_test,relational_between,flat,214,2018_543179__event_003,0.0,True
tokyo_26786_relational_between,26786,stress_test,relational_between,flat,215,2018_543180__event_002,0.0,True
tokyo_26786_relational_between,26786,stress_test,relational_between,flat,216,2018_543183__event_001,0.0,True
tokyo_26786_relational_between,26786,stress_test,relational_between,flat,217,2018_543183__event_002,0.0,True
tokyo_26786_relational_between,26786,stress_test,relational_between,flat,218,2018_543183__event_003,0.0,True
tokyo_26786_relational_between,26786,stress_test,relational_between,flat,219,2018_543183__event_006,0.0,True
tokyo_26786_relational_between,26786,stress_test,relational_between,flat,220,2018_543184__event_001,0.0,True
tokyo_26786_relational_between,26786,stress_test,relational_between,flat,221,2018_543185__event_002,0.0,True
tokyo_26786_relational_between,26786,stress_test,relational_between,flat,222,2018_543186__event_001,0.0,True
tokyo_26786_relational_between,26786,stress_test,relational_between,flat,223,2018_543191__event_001,0.0,True
tokyo_26786_relational_between,26786,stress_test,relational_between,flat,224,2018_543193__event_001,0.0,True
tokyo_26786_relational_between,26786,stress_test,relational_between,flat,225,2018_543194__event_002,0.0,True
tokyo_26786_relational_between,26786,stress_test,relational_between,flat,226,2018_543194__event_003,0.0,True
tokyo_26786_relational_between,26786,stress_test,relational_between,flat,227,2018_543195__event_003,0.0,True
tokyo_26786_relational_between,26786,stress_test,relational_between,flat,228,2018_543195__event_004,0.0,True
tokyo_26786_relational_between,26786,stress_test,relational_between,flat,229,2018_543195__event_005,0.0,True
tokyo_26786_relational_between,26786,stress_test,relational_between,flat,230,2018_543195__event_006,0.0,True
tokyo_26786_relational_between,26786,stress_test,relational_between,flat,231,2018_543195__event_007,0.0,True
tokyo_26786_relational_between,26786,stress_test,relational_between,flat,232,2018_543195__event_008,0.0,True
tokyo_26786_relational_between,26786,stress_test,relational_between,flat,233,2018_543195__event_009,0.0,True
tokyo_26786_relational_between,26786,stress_test,relational_between,flat,234,2018_543195__event_010,0.0,True
tokyo_26786_relational_between,26786,stress_test,relational_between,flat,235,2018_543195__event_011,0.0,True
tokyo_26786_relational_between,26786,stress_test,relational_between,flat,236,2018_543196__event_001,0.0,True
tokyo_26786_relational_between,26786,stress_test,relational_between,flat,237,2018_543197__event_001,0.0,True
tokyo_26786_relational_between,26786,stress_test,relational_between,flat,238,2018_543197__event_006,0.0,True
tokyo_26786_relational_between,26786,stress_test,relational_between,flat,239,2018_543201__event_003,0.0,True
tokyo_26786_relational_between,26786,stress_test,relational_between,flat,240,2018_543201__event_004,0.0,True
tokyo_26786_relational_between,26786,stress_test,relational_between,flat,241,2018_543204__event_003,0.0,True
tokyo_26786_relational_between,26786,stress_test,relational_between,flat,242,2018_543208__event_001,0.0,True
tokyo_26786_relational_between,26786,stress_test,relational_between,flat,243,2018_543208__event_002,0.0,True
tokyo_26786_relational_between,26786,stress_test,relational_between,flat,244,2018_543208__event_003,0.0,True
tokyo_26786_relational_between,26786,stress_test,relational_between,flat,245,2018_543220__event_002,0.0,True
tokyo_26786_relational_between,26786,stress_test,relational_between,flat,246,2018_543222__event_001,0.0,True
tokyo_26786_relational_between,26786,stress_test,relational_between,flat,247,2018_543236__event_006,0.0,True
tokyo_26786_relational_between,26786,stress_test,relational_between,flat,248,2018_543238__event_001,0.0,True
tokyo_26786_relational_between,26786,stress_test,relational_between,flat,249,2018_543240__event_001,0.0,True
tokyo_26786_relational_between,26786,stress_test,relational_between,flat,250,2018_543241__event_004,0.0,True
tokyo_26786_relational_between,26786,stress_test,relational_between,flat,251,2018_543246__event_001,0.0,True
tokyo_26786_relational_between,26786,stress_test,relational_between,flat,252,2018_543248__event_003,0.0,True
tokyo_26786_relational_between,26786,stress_test,relational_between,flat,253,2018_543250__event_002,0.0,True
tokyo_26786_relational_between,26786,stress_test,relational_between,flat,254,2018_543252__event_001,0.0,True
tokyo_26786_relational_between,26786,stress_test,relational_between,flat,255,2018_543254__event_003,0.0,True
tokyo_26786_relational_between,26786,stress_test,relational_between,flat,256,2018_543255__event_005,0.0,True
tokyo_277915_relational_between,277915,stress_test,relational_between,flat,1,2018_3383892__event_002,22.95079760193505,False
tokyo_277915_relational_between,277915,stress_test,relational_between,flat,2,2018_3383894__event_001,22.70251904409608,False
tokyo_277915_relational_between,277915,stress_test,relational_between,flat,3,2018_3383887__event_002,21.15359326832149,False
tokyo_277915_relational_between,277915,stress_test,relational_between,flat,4,2018_3383894__event_002,19.947598080942342,False
tokyo_277915_relational_between,277915,stress_test,relational_between,flat,5,2018_3383887__event_001,17.460869703497092,False
tokyo_277915_relational_between,277915,stress_test,relational_between,flat,6,2018_3383892__event_001,16.989612652992275,False
tokyo_277915_relational_between,277915,stress_test,relational_between,flat,7,2018_3383890__event_001,16.948598181173473,False
tokyo_277915_relational_between,277915,stress_test,relational_between,flat,8,2018_3383890__event_002,16.623462545170998,False
tokyo_277915_relational_between,277915,stress_test,relational_between,flat,9,2018_3383909__event_002,7.683756506255814,False
tokyo_277915_relational_between,277915,stress_test,relational_between,flat,10,2018_3383909__event_001,7.453831397457289,False
tokyo_277915_relational_between,277915,stress_test,relational_between,flat,11,2018_3383902__event_002,7.354006600938336,False
tokyo_277915_relational_between,277915,stress_test,relational_between,flat,12,2018_3383887__event_003,7.308043105428349,False
tokyo_277915_relational_between,277915,stress_test,relational_between,flat,13,2018_3383891__event_001,7.2372668351724005,False
tokyo_277915_relational_between,277915,stress_test,relational_between,flat,14,2018_3383892__event_003,7.153139182650462,False
tokyo_277915_relational_between,277915,stress_test,relational_between,flat,15,2018_3383896__event_002,7.099748833448446,False
tokyo_277915_relational_between,277915,stress_test,relational_between,flat,16,2018_3383891__event_002,7.032931161691637,False
tokyo_277915_relational_between,277915,stress_test,relational_between,flat,17,2018_3383896__event_001,7.032931161691637,False
tokyo_277915_relational_between,277915,stress_test,relational_between,flat,18,2018_3383898__event_003,7.032931161691637,False
tokyo_277915_relational_between,277915,stress_test,relational_between,flat,19,2018_3383894__event_003,6.903364770261668,False
tokyo_277915_relational_between,277915,stress_test,relational_between,flat,20,2018_3383898__event_001,6.540496032214051,False
tokyo_277915_relational_between,277915,stress_test,relational_between,flat,21,2018_3383898__event_002,6.162917685261348,False
tokyo_277915_relational_between,277915,stress_test,relational_between,flat,22,2018_3383894__event_004,6.061735055048743,False
tokyo_277915_relational_between,277915,stress_test,relational_between,flat,23,2018_3383886__event_001,5.225556279251052,False
tokyo_277915_relational_between,277915,stress_test,relational_between,flat,24,2018_3383899__event_001,5.225556279251052,False
tokyo_277915_relational_between,277915,stress_test,relational_between,flat,25,2018_3383902__event_001,3.490474978664944,False
tokyo_277915_relational_between,277915,stress_test,relational_between,flat,26,2018_3383901__event_001,2.798979002884713,False
tokyo_277915_relational_between,277915,stress_test,relational_between,flat,27,2018_3383901__event_002,2.798979002884713,False
tokyo_277915_relational_between,277915,stress_test,relational_between,flat,28,2018_3383900__event_002,1.702883588229812,False
tokyo_277915_relational_between,277915,stress_test,relational_between,flat,29,2018_3383900__event_001,1.6667502573467086,False
tokyo_277915_relational_between,277915,stress_test,relational_between,flat,30,2018_3383889__event_002,1.492562275210823,False
tokyo_277915_relational_between,277915,stress_test,relational_between,flat,31,2018_3383886__event_002,1.4512000855046832,False
tokyo_277915_relational_between,277915,stress_test,relational_between,flat,32,2018_3383889__event_001,1.4512000855046832,False
tokyo_277915_relational_between,277915,stress_test,relational_between,flat,33,2018_3383894__event_005,1.4512000855046832,False
tokyo_277915_relational_between,277915,stress_test,relational_between,flat,34,2018_3383899__event_002,1.4512000855046832,False
tokyo_277915_relational_between,277915,stress_test,relational_between,flat,35,2018_3383912__event_002,1.031514280859011,False
tokyo_277915_relational_between,277915,stress_test,relational_between,flat,36,2018_3383912__event_001,0.9879005040680165,False
tokyo_277915_relational_between,277915,stress_test,relational_between,flat,37,2018_3383903__event_001,0.0,False
tokyo_277915_relational_between,277915,stress_test,relational_between,flat,38,2018_3383903__event_002,0.0,False
tokyo_277915_relational_between,277915,stress_test,relational_between,flat,39,2018_3383911__event_001,0.0,False
tokyo_277915_relational_between,277915,stress_test,relational_between,flat,40,2018_3383911__event_002,0.0,False
tokyo_280210_relational_between,280210,stress_test,relational_between,flat,1,2018_3396830__event_002,57.19799367896589,True
tokyo_280210_relational_between,280210,stress_test,relational_between,flat,2,2018_3396833__event_001,42.66247078895563,True
tokyo_280210_relational_between,280210,stress_test,relational_between,flat,3,2018_3396833__event_002,36.91871858766285,True
tokyo_280210_relational_between,280210,stress_test,relational_between,flat,4,2018_3396830__event_004,32.83047150146035,True
tokyo_280210_relational_between,280210,stress_test,relational_between,flat,5,2018_3396830__event_001,32.53804275597246,True
tokyo_280210_relational_between,280210,stress_test,relational_between,flat,6,2018_3396830__event_003,26.71038039069323,True
tokyo_280210_relational_between,280210,stress_test,relational_between,flat,7,2018_3396800__event_001,3.435074759683582,True
tokyo_280210_relational_between,280210,stress_test,relational_between,flat,8,2018_3396800__event_005,3.379407462646295,True
tokyo_280210_relational_between,280210,stress_test,relational_between,flat,9,2018_3396832__event_001,3.352244965569045,True
tokyo_280210_relational_between,280210,stress_test,relational_between,flat,10,2018_3396806__event_003,3.299209182947629,True
tokyo_280210_relational_between,280210,stress_test,relational_between,flat,11,2018_3396800__event_003,3.0799350951567748,True
tokyo_280210_relational_between,280210,stress_test,relational_between,flat,12,2018_3396797__event_002,2.172183649441172,True
tokyo_280210_relational_between,280210,stress_test,relational_between,flat,13,2018_3396788__event_002,1.6957164019219828,True
tokyo_280210_relational_between,280210,stress_test,relational_between,flat,14,2018_3396837__event_002,1.4676793691482064,True
tokyo_280210_relational_between,280210,stress_test,relational_between,flat,15,2018_3396777__event_001,0.0,True
tokyo_280210_relational_between,280210,stress_test,relational_between,flat,16,2018_3396777__event_002,0.0,True
tokyo_280210_relational_between,280210,stress_test,relational_between,flat,17,2018_3396778__event_001,0.0,True
tokyo_280210_relational_between,280210,stress_test,relational_between,flat,18,2018_3396778__event_002,0.0,True
tokyo_280210_relational_between,280210,stress_test,relational_between,flat,19,2018_3396778__event_003,0.0,True
tokyo_280210_relational_between,280210,stress_test,relational_between,flat,20,2018_3396783__event_001,0.0,True
tokyo_280210_relational_between,280210,stress_test,relational_between,flat,21,2018_3396783__event_002,0.0,True
tokyo_280210_relational_between,280210,stress_test,relational_between,flat,22,2018_3396788__event_001,0.0,True
tokyo_280210_relational_between,280210,stress_test,relational_between,flat,23,2018_3396788__event_003,0.0,True
tokyo_280210_relational_between,280210,stress_test,relational_between,flat,24,2018_3396789__event_001,0.0,True
tokyo_280210_relational_between,280210,stress_test,relational_between,flat,25,2018_3396789__event_002,0.0,True
tokyo_280210_relational_between,280210,stress_test,relational_between,flat,26,2018_3396789__event_003,0.0,True
tokyo_280210_relational_between,280210,stress_test,relational_between,flat,27,2018_3396789__event_004,0.0,True
tokyo_280210_relational_between,280210,stress_test,relational_between,flat,28,2018_3396792__event_001,0.0,True
tokyo_280210_relational_between,280210,stress_test,relational_between,flat,29,2018_3396792__event_002,0.0,True
tokyo_280210_relational_between,280210,stress_test,relational_between,flat,30,2018_3396792__event_003,0.0,True
tokyo_280210_relational_between,280210,stress_test,relational_between,flat,31,2018_3396792__event_004,0.0,True
tokyo_280210_relational_between,280210,stress_test,relational_between,flat,32,2018_3396792__event_005,0.0,True
tokyo_280210_relational_between,280210,stress_test,relational_between,flat,33,2018_3396797__event_001,0.0,True
tokyo_280210_relational_between,280210,stress_test,relational_between,flat,34,2018_3396798__event_001,0.0,True
tokyo_280210_relational_between,280210,stress_test,relational_between,flat,35,2018_3396798__event_002,0.0,True
tokyo_280210_relational_between,280210,stress_test,relational_between,flat,36,2018_3396800__event_002,0.0,True
tokyo_280210_relational_between,280210,stress_test,relational_between,flat,37,2018_3396800__event_004,0.0,True
tokyo_280210_relational_between,280210,stress_test,relational_between,flat,38,2018_3396805__event_001,0.0,True
tokyo_280210_relational_between,280210,stress_test,relational_between,flat,39,2018_3396805__event_002,0.0,True
tokyo_280210_relational_between,280210,stress_test,relational_between,flat,40,2018_3396806__event_001,0.0,True
tokyo_280210_relational_between,280210,stress_test,relational_between,flat,41,2018_3396806__event_002,0.0,True
tokyo_280210_relational_between,280210,stress_test,relational_between,flat,42,2018_3396806__event_004,0.0,True
tokyo_280210_relational_between,280210,stress_test,relational_between,flat,43,2018_3396807__event_001,0.0,True
tokyo_280210_relational_between,280210,stress_test,relational_between,flat,44,2018_3396807__event_002,0.0,True
tokyo_280210_relational_between,280210,stress_test,relational_between,flat,45,2018_3396808__event_001,0.0,True
tokyo_280210_relational_between,280210,stress_test,relational_between,flat,46,2018_3396808__event_002,0.0,True
tokyo_280210_relational_between,280210,stress_test,relational_between,flat,47,2018_3396812__event_001,0.0,True
tokyo_280210_relational_between,280210,stress_test,relational_between,flat,48,2018_3396812__event_002,0.0,True
tokyo_280210_relational_between,280210,stress_test,relational_between,flat,49,2018_3396814__event_001,0.0,True
tokyo_280210_relational_between,280210,stress_test,relational_between,flat,50,2018_3396814__event_002,0.0,True
tokyo_280210_relational_between,280210,stress_test,relational_between,flat,51,2018_3396819__event_001,0.0,True
tokyo_280210_relational_between,280210,stress_test,relational_between,flat,52,2018_3396819__event_002,0.0,True
tokyo_280210_relational_between,280210,stress_test,relational_between,flat,53,2018_3396831__event_001,0.0,True
tokyo_280210_relational_between,280210,stress_test,relational_between,flat,54,2018_3396831__event_002,0.0,True
tokyo_280210_relational_between,280210,stress_test,relational_between,flat,55,2018_3396831__event_003,0.0,True
tokyo_280210_relational_between,280210,stress_test,relational_between,flat,56,2018_3396831__event_004,0.0,True
tokyo_280210_relational_between,280210,stress_test,relational_between,flat,57,2018_3396832__event_002,0.0,True
tokyo_280210_relational_between,280210,stress_test,relational_between,flat,58,2018_3396832__event_003,0.0,True
tokyo_280210_relational_between,280210,stress_test,relational_between,flat,59,2018_3396833__event_003,0.0,True
tokyo_280210_relational_between,280210,stress_test,relational_between,flat,60,2018_3396833__event_004,0.0,True
tokyo_280210_relational_between,280210,stress_test,relational_between,flat,61,2018_3396837__event_001,0.0,True
tokyo_280210_relational_between,280210,stress_test,relational_between,flat,62,2018_3396837__event_003,0.0,True
tokyo_280210_relational_between,280210,stress_test,relational_between,flat,63,2018_3396837__event_004,0.0,True
tokyo_281448_relational_between,281448,stress_test,relational_between,flat,1,2018_3403886__event_001,41.310859227204624,False
tokyo_281448_relational_between,281448,stress_test,relational_between,flat,2,2018_3403886__event_003,40.32181380831196,False
tokyo_281448_relational_between,281448,stress_test,relational_between,flat,3,2018_3403847__event_002,38.11632477252435,False
tokyo_281448_relational_between,281448,stress_test,relational_between,flat,4,2018_3403847__event_001,37.889236650059,False
tokyo_281448_relational_between,281448,stress_test,relational_between,flat,5,2018_3403886__event_002,33.533996082092166,False
tokyo_281448_relational_between,281448,stress_test,relational_between,flat,6,2018_3403837__event_001,14.663699133519508,False
tokyo_281448_relational_between,281448,stress_test,relational_between,flat,7,2018_3403834__event_002,12.61688192191594,False
tokyo_281448_relational_between,281448,stress_test,relational_between,flat,8,2018_3403825__event_001,12.187250770731366,False
tokyo_281448_relational_between,281448,stress_test,relational_between,flat,9,2018_3403862__event_001,12.187250770731366,False
tokyo_281448_relational_between,281448,stress_test,relational_between,flat,10,2018_3403837__event_002,12.003091185331956,False
tokyo_281448_relational_between,281448,stress_test,relational_between,flat,11,2018_3403825__event_002,11.842173557897176,False
tokyo_281448_relational_between,281448,stress_test,relational_between,flat,12,2018_3403862__event_002,11.842173557897176,False
tokyo_281448_relational_between,281448,stress_test,relational_between,flat,13,2018_3403886__event_005,9.916430270891468,False
tokyo_281448_relational_between,281448,stress_test,relational_between,flat,14,2018_3403834__event_003,9.568339947968411,False
tokyo_281448_relational_between,281448,stress_test,relational_between,flat,15,2018_3403886__event_004,8.390266579512058,False
tokyo_281448_relational_between,281448,stress_test,relational_between,flat,16,2018_3403848__event_002,4.086708739941308,False
tokyo_281448_relational_between,281448,stress_test,relational_between,flat,17,2018_3403853__event_002,2.321317196256093,False
tokyo_281448_relational_between,281448,stress_test,relational_between,flat,18,2018_3403856__event_002,2.2070323982306963,False
tokyo_281448_relational_between,281448,stress_test,relational_between,flat,19,2018_3403860__event_001,2.203510163314912,False
tokyo_281448_relational_between,281448,stress_test,relational_between,flat,20,2018_3403849__event_002,2.145973684073863,False
tokyo_281448_relational_between,281448,stress_test,relational_between,flat,21,2018_3403853__event_001,2.145973684073863,False
tokyo_281448_relational_between,281448,stress_test,relational_between,flat,22,2018_3403853__event_003,2.145973684073863,False
tokyo_281448_relational_between,281448,stress_test,relational_between,flat,23,2018_3403868__event_002,2.132056004220389,False
tokyo_281448_relational_between,281448,stress_test,relational_between,flat,24,2018_3403888__event_002,2.132056004220389,False
tokyo_281448_relational_between,281448,stress_test,relational_between,flat,25,2018_3403849__event_001,2.118317686917956,False
tokyo_281448_relational_between,281448,stress_test,relational_between,flat,26,2018_3403868__event_001,2.0913654473388723,False
tokyo_281448_relational_between,281448,stress_test,relational_between,flat,27,2018_3403888__event_001,2.0913654473388723,False
tokyo_281448_relational_between,281448,stress_test,relational_between,flat,28,2018_3403848__event_001,2.052198971957675,False
tokyo_281448_relational_between,281448,stress_test,relational_between,flat,29,2018_3403850__event_001,1.990082831267114,False
tokyo_281448_relational_between,281448,stress_test,relational_between,flat,30,2018_3403856__event_001,1.990082831267114,False
tokyo_281448_relational_between,281448,stress_test,relational_between,flat,31,2018_3403856__event_003,1.990082831267114,False
tokyo_281448_relational_between,281448,stress_test,relational_between,flat,32,2018_3403860__event_002,1.990082831267114,False
tokyo_281448_relational_between,281448,stress_test,relational_between,flat,33,2018_3403850__event_002,1.9781081208210938,False
tokyo_281448_relational_between,281448,stress_test,relational_between,flat,34,2018_3403860__event_003,1.4949322957266389,False
tokyo_281448_relational_between,281448,stress_test,relational_between,flat,35,2018_3403834__event_001,1.2648584356294648,False
tokyo_283450_relational_between,283450,stress_test,relational_between,flat,1,2018_3416142__event_005,49.99346691143099,True
tokyo_283450_relational_between,283450,stress_test,relational_between,flat,2,2018_3416152__event_001,46.66375407414324,True
tokyo_283450_relational_between,283450,stress_test,relational_between,flat,3,2018_3416152__event_002,46.66375407414324,True
tokyo_283450_relational_between,283450,stress_test,relational_between,flat,4,2018_3416142__event_004,38.878668850350806,True
tokyo_283450_relational_between,283450,stress_test,relational_between,flat,5,2018_3416142__event_003,38.61709357086371,True
tokyo_283450_relational_between,283450,stress_test,relational_between,flat,6,2018_3416124__event_001,22.166330424235056,True
tokyo_283450_relational_between,283450,stress_test,relational_between,flat,7,2018_3416124__event_002,21.837248910526274,True
tokyo_283450_relational_between,283450,stress_test,relational_between,flat,8,2018_3416120__event_001,21.218719459703724,True
tokyo_283450_relational_between,283450,stress_test,relational_between,flat,9,2018_3416120__event_002,21.015531604241474,True
tokyo_283450_relational_between,283450,stress_test,relational_between,flat,10,2018_3416120__event_003,20.996266826147643,True
tokyo_283450_relational_between,283450,stress_test,relational_between,flat,11,2018_3416143__event_001,20.86081432390427,True
tokyo_283450_relational_between,283450,stress_test,relational_between,flat,12,2018_3416148__event_002,20.558114808898814,True
tokyo_283450_relational_between,283450,stress_test,relational_between,flat,13,2018_3416148__event_001,18.913640652643224,True
tokyo_283450_relational_between,283450,stress_test,relational_between,flat,14,2018_3416143__event_002,17.467134122498916,True
tokyo_283450_relational_between,283450,stress_test,relational_between,flat,15,2018_3416119__event_001,14.229376321643493,True
tokyo_283450_relational_between,283450,stress_test,relational_between,flat,16,2018_3416119__event_002,14.229376321643493,True
tokyo_283450_relational_between,283450,stress_test,relational_between,flat,17,2018_3416130__event_001,14.229376321643493,True
tokyo_283450_relational_between,283450,stress_test,relational_between,flat,18,2018_3416130__event_002,14.229376321643493,True
tokyo_283450_relational_between,283450,stress_test,relational_between,flat,19,2018_3416112__event_005,10.998664793018834,True
tokyo_283450_relational_between,283450,stress_test,relational_between,flat,20,2018_3416140__event_004,10.353979172808588,True
tokyo_283450_relational_between,283450,stress_test,relational_between,flat,21,2018_3416149__event_001,9.554894593713712,True
tokyo_283450_relational_between,283450,stress_test,relational_between,flat,22,2018_3416112__event_004,9.336628047260179,True
tokyo_283450_relational_between,283450,stress_test,relational_between,flat,23,2018_3416112__event_001,9.269013540467691,True
tokyo_283450_relational_between,283450,stress_test,relational_between,flat,24,2018_3416142__event_001,9.269013540467691,True
tokyo_283450_relational_between,283450,stress_test,relational_between,flat,25,2018_3416142__event_006,9.269013540467691,True
tokyo_283450_relational_between,283450,stress_test,relational_between,flat,26,2018_3416142__event_002,8.822787258241592,True
tokyo_283450_relational_between,283450,stress_test,relational_between,flat,27,2018_3416140__event_002,8.703424775224024,True
tokyo_283450_relational_between,283450,stress_test,relational_between,flat,28,2018_3416140__event_001,8.624418624170298,True
tokyo_283450_relational_between,283450,stress_test,relational_between,flat,29,2018_3416112__event_002,8.587248864286853,True
tokyo_283450_relational_between,283450,stress_test,relational_between,flat,30,2018_3416149__event_002,8.395109153956401,True
tokyo_283450_relational_between,283450,stress_test,relational_between,flat,31,2018_3416140__event_003,7.884015017806093,True
tokyo_283450_relational_between,283450,stress_test,relational_between,flat,32,2018_3416101__event_002,2.377091896275304,True
tokyo_283450_relational_between,283450,stress_test,relational_between,flat,33,2018_3416100__event_001,2.2328419461231985,True
tokyo_283450_relational_between,283450,stress_test,relational_between,flat,34,2018_3416102__event_002,2.2328419461231985,True
tokyo_283450_relational_between,283450,stress_test,relational_between,flat,35,2018_3416146__event_003,2.2328419461231985,True
tokyo_283450_relational_between,283450,stress_test,relational_between,flat,36,2018_3416090__event_001,1.9778003154659594,True
tokyo_283450_relational_between,283450,stress_test,relational_between,flat,37,2018_3416090__event_002,1.9778003154659594,True
tokyo_283450_relational_between,283450,stress_test,relational_between,flat,38,2018_3416139__event_001,1.9490476277775584,True
tokyo_283450_relational_between,283450,stress_test,relational_between,flat,39,2018_3416141__event_002,1.9310437876438378,True
tokyo_283450_relational_between,283450,stress_test,relational_between,flat,40,2018_3416139__event_002,1.807591435718181,True
tokyo_283450_relational_between,283450,stress_test,relational_between,flat,41,2018_3416086__event_002,1.735165981730195,True
tokyo_283450_relational_between,283450,stress_test,relational_between,flat,42,2018_3416147__event_002,1.7193089068889118,True
tokyo_283450_relational_between,283450,stress_test,relational_between,flat,43,2018_3416086__event_001,1.66832073972231,True
tokyo_283450_relational_between,283450,stress_test,relational_between,flat,44,2018_3416141__event_001,1.6367929713591338,True
tokyo_283450_relational_between,283450,stress_test,relational_between,flat,45,2018_3416141__event_003,1.5851472526030241,True
tokyo_283450_relational_between,283450,stress_test,relational_between,flat,46,2018_3416144__event_001,1.5851472526030241,True
tokyo_283450_relational_between,283450,stress_test,relational_between,flat,47,2018_3416144__event_003,1.5407878234813501,True
tokyo_283450_relational_between,283450,stress_test,relational_between,flat,48,2018_3416143__event_003,1.5294444748516347,True
tokyo_283450_relational_between,283450,stress_test,relational_between,flat,49,2018_3416146__event_001,1.4843684763886558,True
tokyo_283450_relational_between,283450,stress_test,relational_between,flat,50,2018_3416150__event_002,1.482684947863735,True
tokyo_283450_relational_between,283450,stress_test,relational_between,flat,51,2018_3416100__event_002,1.4168111138413997,True
tokyo_283450_relational_between,283450,stress_test,relational_between,flat,52,2018_3416101__event_001,1.410259831714999,True
tokyo_283450_relational_between,283450,stress_test,relational_between,flat,53,2018_3416102__event_001,1.3852871533360978,True
tokyo_283450_relational_between,283450,stress_test,relational_between,flat,54,2018_3416146__event_002,1.2141882617740494,True
tokyo_283450_relational_between,283450,stress_test,relational_between,flat,55,2018_3416144__event_002,1.2127884678560772,True
tokyo_283450_relational_between,283450,stress_test,relational_between,flat,56,2018_3416149__event_003,0.933013450945317,True
tokyo_283450_relational_between,283450,stress_test,relational_between,flat,57,2018_3416151__event_001,0.933013450945317,True
tokyo_283450_relational_between,283450,stress_test,relational_between,flat,58,2018_3416133__event_002,0.9289316851208129,True
tokyo_283450_relational_between,283450,stress_test,relational_between,flat,59,2018_3416105__event_002,0.9203962073154204,True
tokyo_283450_relational_between,283450,stress_test,relational_between,flat,60,2018_3416099__event_002,0.8723052106309829,True
tokyo_283450_relational_between,283450,stress_test,relational_between,flat,61,2018_3416147__event_001,0.8289902067579134,True
tokyo_283450_relational_between,283450,stress_test,relational_between,flat,62,2018_3416133__event_001,0.8107358804868392,True
tokyo_283450_relational_between,283450,stress_test,relational_between,flat,63,2018_3416150__event_003,0.8107358804868392,True
tokyo_283450_relational_between,283450,stress_test,relational_between,flat,64,2018_3416085__event_001,0.7958370063828067,True
tokyo_283450_relational_between,283450,stress_test,relational_between,flat,65,2018_3416105__event_001,0.7958370063828067,True
tokyo_283450_relational_between,283450,stress_test,relational_between,flat,66,2018_3416085__event_002,0.7814758432904136,True
tokyo_283450_relational_between,283450,stress_test,relational_between,flat,67,2018_3416150__event_001,0.7608803078224898,True
tokyo_283450_relational_between,283450,stress_test,relational_between,flat,68,2018_3416099__event_001,0.7288653040943949,True
tokyo_283450_relational_between,283450,stress_test,relational_between,flat,69,2018_3416112__event_003,0.0,True
tokyo_283450_relational_between,283450,stress_test,relational_between,flat,70,2018_3416115__event_001,0.0,True
tokyo_283450_relational_between,283450,stress_test,relational_between,flat,71,2018_3416115__event_002,0.0,True
tokyo_283450_relational_between,283450,stress_test,relational_between,flat,72,2018_3416122__event_001,0.0,True
tokyo_283450_relational_between,283450,stress_test,relational_between,flat,73,2018_3416122__event_002,0.0,True
tokyo_283450_relational_between,283450,stress_test,relational_between,flat,74,2018_3416151__event_002,0.0,True
tokyo_286142_relational_between,286142,stress_test,relational_between,flat,1,2018_3433042__event_002,31.870728879508736,False
tokyo_286142_relational_between,286142,stress_test,relational_between,flat,2,2018_3433042__event_003,24.908704897101273,False
tokyo_286142_relational_between,286142,stress_test,relational_between,flat,3,2018_3433042__event_001,12.142449788522788,False
tokyo_286142_relational_between,286142,stress_test,relational_between,flat,4,2018_3433018__event_001,2.5367847274494775,False
tokyo_286142_relational_between,286142,stress_test,relational_between,flat,5,2018_3433018__event_002,2.4745694021759634,False
tokyo_286142_relational_between,286142,stress_test,relational_between,flat,6,2018_3433026__event_001,2.454521900499743,False
tokyo_286142_relational_between,286142,stress_test,relational_between,flat,7,2018_3433040__event_002,2.270953325224622,False
tokyo_286142_relational_between,286142,stress_test,relational_between,flat,8,2018_3433020__event_001,2.1933615245019533,False
tokyo_286142_relational_between,286142,stress_test,relational_between,flat,9,2018_3433021__event_001,2.076039588652384,False
tokyo_286142_relational_between,286142,stress_test,relational_between,flat,10,2018_3433026__event_002,2.0643576388889597,False
tokyo_286142_relational_between,286142,stress_test,relational_between,flat,11,2018_3433008__event_002,2.032936474822526,False
tokyo_286142_relational_between,286142,stress_test,relational_between,flat,12,2018_3433030__event_001,2.0114835698542097,False
tokyo_286142_relational_between,286142,stress_test,relational_between,flat,13,2018_3433020__event_002,1.9908479299094426,False
tokyo_286142_relational_between,286142,stress_test,relational_between,flat,14,2018_3433027__event_001,1.9908479299094426,False
tokyo_286142_relational_between,286142,stress_test,relational_between,flat,15,2018_3433030__event_002,1.9908479299094426,False
tokyo_286142_relational_between,286142,stress_test,relational_between,flat,16,2018_3433033__event_001,1.8754098999192954,False
tokyo_286142_relational_between,286142,stress_test,relational_between,flat,17,2018_3433040__event_001,1.8125718513823403,False
tokyo_286142_relational_between,286142,stress_test,relational_between,flat,18,2018_3433008__event_001,1.6504619827976899,False
tokyo_286142_relational_between,286142,stress_test,relational_between,flat,19,2018_3433021__event_002,1.2456237531914303,False
tokyo_286142_relational_between,286142,stress_test,relational_between,flat,20,2018_3433027__event_002,1.1704927848323492,False
tokyo_286142_relational_between,286142,stress_test,relational_between,flat,21,2018_3433033__event_002,1.1144755822765622,False
tokyo_28664_relational_between,28664,stress_test,relational_between,flat,1,2018_580041__event_006,43.931060463541904,True
tokyo_28664_relational_between,28664,stress_test,relational_between,flat,2,2018_580041__event_004,43.55827693942152,True
tokyo_28664_relational_between,28664,stress_test,relational_between,flat,3,2018_580041__event_005,42.1921571206172,True
tokyo_28664_relational_between,28664,stress_test,relational_between,flat,4,2018_580041__event_002,5.461455607050124,True
tokyo_28664_relational_between,28664,stress_test,relational_between,flat,5,2018_580044__event_004,4.725337479467015,True
tokyo_28664_relational_between,28664,stress_test,relational_between,flat,6,2018_580039__event_001,4.360962065274742,True
tokyo_28664_relational_between,28664,stress_test,relational_between,flat,7,2018_580028__event_002,3.7215099295542506,True
tokyo_28664_relational_between,28664,stress_test,relational_between,flat,8,2018_580026__event_001,3.3631048639015115,True
tokyo_28664_relational_between,28664,stress_test,relational_between,flat,9,2018_580041__event_001,3.2776367228973395,True
tokyo_28664_relational_between,28664,stress_test,relational_between,flat,10,2018_580026__event_002,3.2372765234552423,True
tokyo_28664_relational_between,28664,stress_test,relational_between,flat,11,2018_580044__event_002,3.213083416929648,True
tokyo_28664_relational_between,28664,stress_test,relational_between,flat,12,2018_580044__event_003,3.1736552950155836,True
tokyo_28664_relational_between,28664,stress_test,relational_between,flat,13,2018_580019__event_001,3.1216409232257547,True
tokyo_28664_relational_between,28664,stress_test,relational_between,flat,14,2018_580039__event_002,3.0729640776721023,True
tokyo_28664_relational_between,28664,stress_test,relational_between,flat,15,2018_580028__event_003,2.9578005135273595,True
tokyo_28664_relational_between,28664,stress_test,relational_between,flat,16,2018_580044__event_005,2.9457846525102487,True
tokyo_28664_relational_between,28664,stress_test,relational_between,flat,17,2018_580044__event_001,2.892838070449808,True
tokyo_28664_relational_between,28664,stress_test,relational_between,flat,18,2018_580041__event_003,2.810619063872236,True
tokyo_28664_relational_between,28664,stress_test,relational_between,flat,19,2018_580028__event_004,2.752114776041663,True
tokyo_28664_relational_between,28664,stress_test,relational_between,flat,20,2018_580019__event_002,2.6791265351951306,True
tokyo_28664_relational_between,28664,stress_test,relational_between,flat,21,2018_580041__event_007,2.5165173045740343,True
tokyo_28664_relational_between,28664,stress_test,relational_between,flat,22,2018_580044__event_006,1.9909499070555223,True
tokyo_28664_relational_between,28664,stress_test,relational_between,flat,23,2018_580028__event_001,1.7449757610911327,True
tokyo_28664_relational_between,28664,stress_test,relational_between,flat,24,2018_580047__event_001,1.7449757610911327,True
tokyo_28664_relational_between,28664,stress_test,relational_between,flat,25,2018_580047__event_002,1.6815098247975853,True
tokyo_28664_relational_between,28664,stress_test,relational_between,flat,26,2018_580049__event_002,0.9864288518772063,True
tokyo_28664_relational_between,28664,stress_test,relational_between,flat,27,2018_580046__event_002,0.974355997546315,True
tokyo_28664_relational_between,28664,stress_test,relational_between,flat,28,2018_580024__event_001,0.8776791490715995,True
tokyo_28664_relational_between,28664,stress_test,relational_between,flat,29,2018_580044__event_007,0.8728676466010539,True
tokyo_28664_relational_between,28664,stress_test,relational_between,flat,30,2018_580049__event_001,0.7412795591737593,True
tokyo_28664_relational_between,28664,stress_test,relational_between,flat,31,2018_580046__event_001,0.6898896144937627,True
tokyo_28664_relational_between,28664,stress_test,relational_between,flat,32,2018_580041__event_008,0.6152474849570235,True
tokyo_28664_relational_between,28664,stress_test,relational_between,flat,33,2018_580024__event_002,0.6058827612188518,True
tokyo_28664_relational_between,28664,stress_test,relational_between,flat,34,2018_580038__event_002,0.49856536619341385,True
tokyo_28664_relational_between,28664,stress_test,relational_between,flat,35,2018_580029__event_002,0.463079284487231,True
tokyo_28664_relational_between,28664,stress_test,relational_between,flat,36,2018_580047__event_003,0.4117875691892606,True
tokyo_28664_relational_between,28664,stress_test,relational_between,flat,37,2018_580047__event_004,0.08085586706810066,True
tokyo_28664_relational_between,28664,stress_test,relational_between,flat,38,2018_580038__event_001,0.08010299688996138,True
tokyo_28664_relational_between,28664,stress_test,relational_between,flat,39,2018_580029__event_001,0.07722668523190063,True
tokyo_28664_relational_between,28664,stress_test,relational_between,flat,40,2018_580020__event_001,0.0,True
tokyo_28664_relational_between,28664,stress_test,relational_between,flat,41,2018_580020__event_002,0.0,True
tokyo_28664_relational_between,28664,stress_test,relational_between,flat,42,2018_580023__event_001,0.0,True
tokyo_28664_relational_between,28664,stress_test,relational_between,flat,43,2018_580023__event_002,0.0,True
tokyo_28664_relational_between,28664,stress_test,relational_between,flat,44,2018_580032__event_001,0.0,True
tokyo_28664_relational_between,28664,stress_test,relational_between,flat,45,2018_580032__event_002,0.0,True
tokyo_28664_relational_between,28664,stress_test,relational_between,flat,46,2018_580034__event_001,0.0,True
tokyo_28664_relational_between,28664,stress_test,relational_between,flat,47,2018_580034__event_002,0.0,True
tokyo_28664_relational_between,28664,stress_test,relational_between,flat,48,2018_580040__event_001,0.0,True
tokyo_28664_relational_between,28664,stress_test,relational_between,flat,49,2018_580040__event_002,0.0,True
tokyo_28664_relational_between,28664,stress_test,relational_between,flat,50,2018_580048__event_001,0.0,True
tokyo_28664_relational_between,28664,stress_test,relational_between,flat,51,2018_580048__event_002,0.0,True
tokyo_28664_relational_between,28664,stress_test,relational_between,flat,52,2018_580048__event_003,0.0,True
tokyo_28664_relational_between,28664,stress_test,relational_between,flat,53,2018_580050__event_001,0.0,True
tokyo_28664_relational_between,28664,stress_test,relational_between,flat,54,2018_580050__event_002,0.0,True
tokyo_28664_relational_between,28664,stress_test,relational_between,flat,55,2018_580051__event_001,0.0,True
tokyo_28664_relational_between,28664,stress_test,relational_between,flat,56,2018_580051__event_002,0.0,True
tokyo_28697_relational_between,28697,stress_test,relational_between,flat,1,2018_580896__event_002,17.728157533114455,False
tokyo_28697_relational_between,28697,stress_test,relational_between,flat,2,2018_580896__event_003,16.702860551127657,False
tokyo_28697_relational_between,28697,stress_test,relational_between,flat,3,2018_580874__event_002,5.897427265989261,False
tokyo_28697_relational_between,28697,stress_test,relational_between,flat,4,2018_580879__event_002,5.897427265989261,False
tokyo_28697_relational_between,28697,stress_test,relational_between,flat,5,2018_580888__event_001,5.897427265989261,False
tokyo_28697_relational_between,28697,stress_test,relational_between,flat,6,2018_580905__event_002,5.897427265989261,False
tokyo_28697_relational_between,28697,stress_test,relational_between,flat,7,2018_580874__event_001,5.013280975895918,False
tokyo_28697_relational_between,28697,stress_test,relational_between,flat,8,2018_580879__event_001,5.013280975895918,False
tokyo_28697_relational_between,28697,stress_test,relational_between,flat,9,2018_580888__event_002,5.013280975895918,False
tokyo_28697_relational_between,28697,stress_test,relational_between,flat,10,2018_580896__event_001,5.013280975895918,False
tokyo_28697_relational_between,28697,stress_test,relational_between,flat,11,2018_580905__event_001,5.013280975895918,False
tokyo_28697_relational_between,28697,stress_test,relational_between,flat,12,2018_580876__event_001,4.781218794141743,False
tokyo_28697_relational_between,28697,stress_test,relational_between,flat,13,2018_580876__event_002,4.781218794141743,False
tokyo_28697_relational_between,28697,stress_test,relational_between,flat,14,2018_580884__event_003,4.40193589369196,False
tokyo_28697_relational_between,28697,stress_test,relational_between,flat,15,2018_580873__event_001,4.15515296064564,False
tokyo_28697_relational_between,28697,stress_test,relational_between,flat,16,2018_580884__event_002,4.109742284120941,False
tokyo_28697_relational_between,28697,stress_test,relational_between,flat,17,2018_580878__event_001,3.697107727559767,False
tokyo_28697_relational_between,28697,stress_test,relational_between,flat,18,2018_580886__event_004,3.697107727559767,False
tokyo_28697_relational_between,28697,stress_test,relational_between,flat,19,2018_580901__event_002,3.697107727559767,False
tokyo_28697_relational_between,28697,stress_test,relational_between,flat,20,2018_580873__event_004,3.6639627546630025,False
tokyo_28697_relational_between,28697,stress_test,relational_between,flat,21,2018_580903__event_001,3.6639627546630025,False
tokyo_28697_relational_between,28697,stress_test,relational_between,flat,22,2018_580873__event_002,3.58672882840171,False
tokyo_28697_relational_between,28697,stress_test,relational_between,flat,23,2018_580878__event_002,2.760874060843941,False
tokyo_28697_relational_between,28697,stress_test,relational_between,flat,24,2018_580901__event_001,2.760874060843941,False
tokyo_28697_relational_between,28697,stress_test,relational_between,flat,25,2018_580903__event_002,2.7363424531309164,False
tokyo_28697_relational_between,28697,stress_test,relational_between,flat,26,2018_580886__event_003,2.4145297164246413,False
tokyo_28697_relational_between,28697,stress_test,relational_between,flat,27,2018_580873__event_003,2.3590418006484177,False
tokyo_28697_relational_between,28697,stress_test,relational_between,flat,28,2018_580887__event_001,0.5329787386036379,False
tokyo_28697_relational_between,28697,stress_test,relational_between,flat,29,2018_580900__event_001,0.5265990865563693,False
tokyo_28697_relational_between,28697,stress_test,relational_between,flat,30,2018_580900__event_002,0.5265990865563693,False
tokyo_28697_relational_between,28697,stress_test,relational_between,flat,31,2018_580909__event_001,0.5265990865563693,False
tokyo_28697_relational_between,28697,stress_test,relational_between,flat,32,2018_580887__event_002,0.5142872494558097,False
tokyo_28697_relational_between,28697,stress_test,relational_between,flat,33,2018_580909__event_003,0.49686235672369655,False
tokyo_28697_relational_between,28697,stress_test,relational_between,flat,34,2018_580909__event_002,0.47030454536109767,False
tokyo_28697_relational_between,28697,stress_test,relational_between,flat,35,2018_580886__event_002,0.38746327923824897,False
tokyo_28697_relational_between,28697,stress_test,relational_between,flat,36,2018_580884__event_001,0.16143509947248388,False
tokyo_28697_relational_between,28697,stress_test,relational_between,flat,37,2018_580886__event_001,0.0,False
tokyo_290806_relational_between,290806,stress_test,relational_between,flat,1,2018_3462036__event_003,46.840681345220354,False
tokyo_290806_relational_between,290806,stress_test,relational_between,flat,2,2018_3462036__event_001,45.35693597503405,False
tokyo_290806_relational_between,290806,stress_test,relational_between,flat,3,2018_3462036__event_002,38.037856202167724,False
tokyo_290806_relational_between,290806,stress_test,relational_between,flat,4,2018_3462040__event_003,24.140918990542747,False
tokyo_290806_relational_between,290806,stress_test,relational_between,flat,5,2018_3462044__event_001,23.09401811323652,False
tokyo_290806_relational_between,290806,stress_test,relational_between,flat,6,2018_3462038__event_004,22.222957318565513,False
tokyo_290806_relational_between,290806,stress_test,relational_between,flat,7,2018_3462045__event_001,22.222957318565513,False
tokyo_290806_relational_between,290806,stress_test,relational_between,flat,8,2018_3462036__event_004,21.41417151405619,False
tokyo_290806_relational_between,290806,stress_test,relational_between,flat,9,2018_3462045__event_002,20.205472820610126,False
tokyo_290806_relational_between,290806,stress_test,relational_between,flat,10,2018_3462044__event_002,19.34410312411476,False
tokyo_290806_relational_between,290806,stress_test,relational_between,flat,11,2018_3462040__event_002,18.959297122162624,False
tokyo_290806_relational_between,290806,stress_test,relational_between,flat,12,2018_3462038__event_003,17.496055028472878,False
tokyo_290806_relational_between,290806,stress_test,relational_between,flat,13,2018_3462058__event_001,12.08976278275058,False
tokyo_290806_relational_between,290806,stress_test,relational_between,flat,14,2018_3462058__event_002,9.768232605158314,False
tokyo_290806_relational_between,290806,stress_test,relational_between,flat,15,2018_3462044__event_003,5.825704848929446,False
tokyo_290806_relational_between,290806,stress_test,relational_between,flat,16,2018_3462040__event_001,3.7726262551979692,False
tokyo_290806_relational_between,290806,stress_test,relational_between,flat,17,2018_3462038__event_001,3.520229197423516,False
tokyo_290806_relational_between,290806,stress_test,relational_between,flat,18,2018_3462051__event_001,3.2876282093291818,False
tokyo_290806_relational_between,290806,stress_test,relational_between,flat,19,2018_3462051__event_002,3.2876282093291818,False
tokyo_290806_relational_between,290806,stress_test,relational_between,flat,20,2018_3462043__event_002,3.166983701815452,False
tokyo_290806_relational_between,290806,stress_test,relational_between,flat,21,2018_3462039__event_001,2.937278673677989,False
tokyo_290806_relational_between,290806,stress_test,relational_between,flat,22,2018_3462063__event_002,2.6608120082983473,False
tokyo_290806_relational_between,290806,stress_test,relational_between,flat,23,2018_3462043__event_001,2.549143728897934,False
tokyo_290806_relational_between,290806,stress_test,relational_between,flat,24,2018_3462058__event_003,2.3573841900959036,False
tokyo_290806_relational_between,290806,stress_test,relational_between,flat,25,2018_3462058__event_004,2.2509072862735398,False
tokyo_290806_relational_between,290806,stress_test,relational_between,flat,26,2018_3462039__event_002,2.2029590052584918,False
tokyo_290806_relational_between,290806,stress_test,relational_between,flat,27,2018_3462038__event_002,2.052555441221777,False
tokyo_290806_relational_between,290806,stress_test,relational_between,flat,28,2018_3462056__event_002,1.982995573078178,False
tokyo_290806_relational_between,290806,stress_test,relational_between,flat,29,2018_3462056__event_001,1.9489599442347534,False
tokyo_290806_relational_between,290806,stress_test,relational_between,flat,30,2018_3462063__event_001,1.5290518626540641,False
tokyo_290806_relational_between,290806,stress_test,relational_between,flat,31,2018_3462047__event_001,0.9508804855733747,False
tokyo_290806_relational_between,290806,stress_test,relational_between,flat,32,2018_3462055__event_002,0.6178399729175179,False
tokyo_290806_relational_between,290806,stress_test,relational_between,flat,33,2018_3462047__event_002,0.5889969560751075,False
tokyo_290806_relational_between,290806,stress_test,relational_between,flat,34,2018_3462064__event_002,0.577604548232035,False
tokyo_290806_relational_between,290806,stress_test,relational_between,flat,35,2018_3462055__event_001,0.0,False
tokyo_290806_relational_between,290806,stress_test,relational_between,flat,36,2018_3462064__event_001,0.0,False
tokyo_29501_relational_between,29501,stress_test,relational_between,flat,1,2018_596177__event_002,68.67416571867005,False
tokyo_29501_relational_between,29501,stress_test,relational_between,flat,2,2018_596177__event_001,46.27647808282976,False
tokyo_29501_relational_between,29501,stress_test,relational_between,flat,3,2018_596140__event_001,43.45793750922976,False
tokyo_29501_relational_between,29501,stress_test,relational_between,flat,4,2018_596140__event_002,43.45793750922976,False
tokyo_29501_relational_between,29501,stress_test,relational_between,flat,5,2018_596177__event_003,21.21781567422039,False
tokyo_29501_relational_between,29501,stress_test,relational_between,flat,6,2018_596177__event_004,20.261708773593412,False
tokyo_29501_relational_between,29501,stress_test,relational_between,flat,7,2018_596167__event_002,2.5602721509562083,False
tokyo_29501_relational_between,29501,stress_test,relational_between,flat,8,2018_596159__event_001,1.7641303905366506,False
tokyo_29501_relational_between,29501,stress_test,relational_between,flat,9,2018_596137__event_001,0.0,False
tokyo_29501_relational_between,29501,stress_test,relational_between,flat,10,2018_596137__event_002,0.0,False
tokyo_29501_relational_between,29501,stress_test,relational_between,flat,11,2018_596152__event_001,0.0,False
tokyo_29501_relational_between,29501,stress_test,relational_between,flat,12,2018_596152__event_002,0.0,False
tokyo_29501_relational_between,29501,stress_test,relational_between,flat,13,2018_596158__event_001,0.0,False
tokyo_29501_relational_between,29501,stress_test,relational_between,flat,14,2018_596158__event_002,0.0,False
tokyo_29501_relational_between,29501,stress_test,relational_between,flat,15,2018_596159__event_002,0.0,False
tokyo_29501_relational_between,29501,stress_test,relational_between,flat,16,2018_596165__event_001,0.0,False
tokyo_29501_relational_between,29501,stress_test,relational_between,flat,17,2018_596165__event_002,0.0,False
tokyo_29501_relational_between,29501,stress_test,relational_between,flat,18,2018_596167__event_001,0.0,False
tokyo_29501_relational_between,29501,stress_test,relational_between,flat,19,2018_596168__event_001,0.0,False
tokyo_29501_relational_between,29501,stress_test,relational_between,flat,20,2018_596168__event_002,0.0,False
tokyo_29501_relational_between,29501,stress_test,relational_between,flat,21,2018_596168__event_003,0.0,False
tokyo_29501_relational_between,29501,stress_test,relational_between,flat,22,2018_596169__event_001,0.0,False
tokyo_29501_relational_between,29501,stress_test,relational_between,flat,23,2018_596169__event_002,0.0,False
tokyo_29501_relational_between,29501,stress_test,relational_between,flat,24,2018_596175__event_001,0.0,False
tokyo_29501_relational_between,29501,stress_test,relational_between,flat,25,2018_596175__event_002,0.0,False
tokyo_29501_relational_between,29501,stress_test,relational_between,flat,26,2018_596177__event_005,0.0,False
tokyo_29501_relational_between,29501,stress_test,relational_between,flat,27,2018_596185__event_001,0.0,False
tokyo_29501_relational_between,29501,stress_test,relational_between,flat,28,2018_596185__event_002,0.0,False
tokyo_29501_relational_between,29501,stress_test,relational_between,flat,29,2018_596186__event_001,0.0,False
tokyo_29501_relational_between,29501,stress_test,relational_between,flat,30,2018_596186__event_002,0.0,False
tokyo_29501_relational_between,29501,stress_test,relational_between,flat,31,2018_596194__event_001,0.0,False
tokyo_29501_relational_between,29501,stress_test,relational_between,flat,32,2018_596194__event_002,0.0,False
tokyo_29501_relational_between,29501,stress_test,relational_between,flat,33,2018_596195__event_001,0.0,False
tokyo_29501_relational_between,29501,stress_test,relational_between,flat,34,2018_596195__event_002,0.0,False
tokyo_29501_relational_between,29501,stress_test,relational_between,flat,35,2018_596197__event_001,0.0,False
tokyo_29501_relational_between,29501,stress_test,relational_between,flat,36,2018_596197__event_002,0.0,False
tokyo_29757_relational_between,29757,stress_test,relational_between,flat,1,2018_601360__event_002,37.52645018665803,False
tokyo_29757_relational_between,29757,stress_test,relational_between,flat,2,2018_601360__event_001,29.995242617145312,False
tokyo_29757_relational_between,29757,stress_test,relational_between,flat,3,2018_601379__event_002,12.662414047056076,False
tokyo_29757_relational_between,29757,stress_test,relational_between,flat,4,2018_601365__event_002,12.437225436001283,False
tokyo_29757_relational_between,29757,stress_test,relational_between,flat,5,2018_601360__event_003,12.375466827159524,False
tokyo_29757_relational_between,29757,stress_test,relational_between,flat,6,2018_601365__event_001,12.375466827159524,False
tokyo_29757_relational_between,29757,stress_test,relational_between,flat,7,2018_601369__event_001,12.375466827159524,False
tokyo_29757_relational_between,29757,stress_test,relational_between,flat,8,2018_601379__event_001,12.375466827159524,False
tokyo_29757_relational_between,29757,stress_test,relational_between,flat,9,2018_601369__event_002,12.197197392806489,False
tokyo_29757_relational_between,29757,stress_test,relational_between,flat,10,2018_601373__event_001,1.1878443486487824,False
tokyo_29757_relational_between,29757,stress_test,relational_between,flat,11,2018_601389__event_001,1.1616317143365853,False
tokyo_29757_relational_between,29757,stress_test,relational_between,flat,12,2018_601394__event_001,1.1616317143365853,False
tokyo_29757_relational_between,29757,stress_test,relational_between,flat,13,2018_601361__event_001,1.1365509909762275,False
tokyo_29757_relational_between,29757,stress_test,relational_between,flat,14,2018_601377__event_001,1.1365509909762275,False
tokyo_29757_relational_between,29757,stress_test,relational_between,flat,15,2018_601384__event_001,1.1365509909762275,False
tokyo_29757_relational_between,29757,stress_test,relational_between,flat,16,2018_601386__event_001,1.1365509909762275,False
tokyo_29757_relational_between,29757,stress_test,relational_between,flat,17,2018_601388__event_001,1.1365509909762275,False
tokyo_29757_relational_between,29757,stress_test,relational_between,flat,18,2018_601391__event_001,1.1365509909762275,False
tokyo_29757_relational_between,29757,stress_test,relational_between,flat,19,2018_601398__event_001,1.1365509909762275,False
tokyo_29757_relational_between,29757,stress_test,relational_between,flat,20,2018_601408__event_001,1.1365509909762275,False
tokyo_29757_relational_between,29757,stress_test,relational_between,flat,21,2018_601415__event_001,1.1365509909762275,False
tokyo_29757_relational_between,29757,stress_test,relational_between,flat,22,2018_601430__event_001,1.1365509909762275,False
tokyo_29757_relational_between,29757,stress_test,relational_between,flat,23,2018_601440__event_001,1.1365509909762275,False
tokyo_29757_relational_between,29757,stress_test,relational_between,flat,24,2018_601438__event_001,1.0159113342719253,False
tokyo_29757_relational_between,29757,stress_test,relational_between,flat,25,2018_601373__event_002,0.8847094626244482,False
tokyo_29757_relational_between,29757,stress_test,relational_between,flat,26,2018_601365__event_003,0.8651862265685666,False
tokyo_29757_relational_between,29757,stress_test,relational_between,flat,27,2018_601389__event_002,0.8651862265685666,False
tokyo_29757_relational_between,29757,stress_test,relational_between,flat,28,2018_601394__event_002,0.8651862265685666,False
tokyo_29757_relational_between,29757,stress_test,relational_between,flat,29,2018_601361__event_002,0.8465060406404896,False
tokyo_29757_relational_between,29757,stress_test,relational_between,flat,30,2018_601369__event_003,0.8465060406404896,False
tokyo_29757_relational_between,29757,stress_test,relational_between,flat,31,2018_601377__event_002,0.8465060406404896,False
tokyo_29757_relational_between,29757,stress_test,relational_between,flat,32,2018_601384__event_002,0.8465060406404896,False
tokyo_29757_relational_between,29757,stress_test,relational_between,flat,33,2018_601386__event_002,0.8465060406404896,False
tokyo_29757_relational_between,29757,stress_test,relational_between,flat,34,2018_601388__event_002,0.8465060406404896,False
tokyo_29757_relational_between,29757,stress_test,relational_between,flat,35,2018_601391__event_002,0.8465060406404896,False
tokyo_29757_relational_between,29757,stress_test,relational_between,flat,36,2018_601398__event_002,0.8465060406404896,False
tokyo_29757_relational_between,29757,stress_test,relational_between,flat,37,2018_601408__event_002,0.8465060406404896,False
tokyo_29757_relational_between,29757,stress_test,relational_between,flat,38,2018_601415__event_002,0.8465060406404896,False
tokyo_29757_relational_between,29757,stress_test,relational_between,flat,39,2018_601430__event_002,0.8465060406404896,False
tokyo_29757_relational_between,29757,stress_test,relational_between,flat,40,2018_601440__event_002,0.8465060406404896,False
tokyo_29757_relational_between,29757,stress_test,relational_between,flat,41,2018_601438__event_002,0.7566533204794084,False
tokyo_29764_relational_between,29764,stress_test,relational_between,flat,1,2018_601479__event_002,10.941604835778032,False
tokyo_29764_relational_between,29764,stress_test,relational_between,flat,2,2018_601480__event_001,9.993360953720781,False
tokyo_29764_relational_between,29764,stress_test,relational_between,flat,3,2018_601501__event_001,9.993360953720781,False
tokyo_29764_relational_between,29764,stress_test,relational_between,flat,4,2018_601514__event_001,9.993360953720781,False
tokyo_29764_relational_between,29764,stress_test,relational_between,flat,5,2018_601534__event_001,9.993360953720781,False
tokyo_29764_relational_between,29764,stress_test,relational_between,flat,6,2018_601542__event_001,9.993360953720781,False
tokyo_29764_relational_between,29764,stress_test,relational_between,flat,7,2018_601559__event_001,9.993360953720781,False
tokyo_29764_relational_between,29764,stress_test,relational_between,flat,8,2018_601480__event_002,9.91605891427101,False
tokyo_29764_relational_between,29764,stress_test,relational_between,flat,9,2018_601501__event_002,9.91605891427101,False
tokyo_29764_relational_between,29764,stress_test,relational_between,flat,10,2018_601514__event_002,9.91605891427101,False
tokyo_29764_relational_between,29764,stress_test,relational_between,flat,11,2018_601542__event_002,9.91605891427101,False
tokyo_29764_relational_between,29764,stress_test,relational_between,flat,12,2018_601559__event_002,9.91605891427101,False
tokyo_29764_relational_between,29764,stress_test,relational_between,flat,13,2018_601487__event_003,9.847619556753283,False
tokyo_29764_relational_between,29764,stress_test,relational_between,flat,14,2018_601633__event_003,9.847619556753283,False
tokyo_29764_relational_between,29764,stress_test,relational_between,flat,15,2018_601478__event_001,9.295032841176608,False
tokyo_29764_relational_between,29764,stress_test,relational_between,flat,16,2018_601487__event_002,9.194096842227639,False
tokyo_29764_relational_between,29764,stress_test,relational_between,flat,17,2018_601633__event_002,9.194096842227639,False
tokyo_29764_relational_between,29764,stress_test,relational_between,flat,18,2018_601478__event_002,8.93116409501777,False
tokyo_29764_relational_between,29764,stress_test,relational_between,flat,19,2018_601534__event_002,8.826611220217437,False
tokyo_29764_relational_between,29764,stress_test,relational_between,flat,20,2018_601487__event_001,8.600889460083796,False
tokyo_29764_relational_between,29764,stress_test,relational_between,flat,21,2018_601633__event_001,8.600889460083796,False
tokyo_29764_relational_between,29764,stress_test,relational_between,flat,22,2018_601479__event_003,8.324590888608096,False
tokyo_29764_relational_between,29764,stress_test,relational_between,flat,23,2018_601534__event_003,8.258267875521494,False
tokyo_29764_relational_between,29764,stress_test,relational_between,flat,24,2018_601479__event_001,2.6938701669120673,False
tokyo_29764_relational_between,29764,stress_test,relational_between,flat,25,2018_601478__event_003,2.59561170273182,False
tokyo_29764_relational_between,29764,stress_test,relational_between,flat,26,2018_601634__event_002,0.39662457545437896,False
tokyo_29764_relational_between,29764,stress_test,relational_between,flat,27,2018_601534__event_004,0.3888867576162971,False
tokyo_29764_relational_between,29764,stress_test,relational_between,flat,28,2018_601634__event_001,0.3742828588130326,False
tokyo_31204_relational_between,31204,stress_test,relational_between,flat,1,2018_631703__event_002,36.707691146383745,False
tokyo_31204_relational_between,31204,stress_test,relational_between,flat,2,2018_631703__event_003,26.1466586446982,False
tokyo_31204_relational_between,31204,stress_test,relational_between,flat,3,2018_631703__event_001,7.496481465772405,False
tokyo_31204_relational_between,31204,stress_test,relational_between,flat,4,2018_631691__event_001,4.726783822235479,False
tokyo_31204_relational_between,31204,stress_test,relational_between,flat,5,2018_631691__event_002,4.683012301759765,False
tokyo_31204_relational_between,31204,stress_test,relational_between,flat,6,2018_631611__event_001,4.556430322969151,False
tokyo_31204_relational_between,31204,stress_test,relational_between,flat,7,2018_631611__event_002,4.515743424483812,False
tokyo_31204_relational_between,31204,stress_test,relational_between,flat,8,2018_631700__event_001,1.260924716086573,False
tokyo_31204_relational_between,31204,stress_test,relational_between,flat,9,2018_631700__event_002,1.2485612126362633,False
tokyo_31204_relational_between,31204,stress_test,relational_between,flat,10,2018_631588__event_001,1.236437805992348,False
tokyo_31204_relational_between,31204,stress_test,relational_between,flat,11,2018_631614__event_001,1.236437805992348,False
tokyo_31204_relational_between,31204,stress_test,relational_between,flat,12,2018_631654__event_001,1.236437805992348,False
tokyo_31204_relational_between,31204,stress_test,relational_between,flat,13,2018_631677__event_001,1.236437805992348,False
tokyo_31204_relational_between,31204,stress_test,relational_between,flat,14,2018_631588__event_002,1.224547569463157,False
tokyo_31204_relational_between,31204,stress_test,relational_between,flat,15,2018_631614__event_002,1.224547569463157,False
tokyo_31204_relational_between,31204,stress_test,relational_between,flat,16,2018_631654__event_002,1.224547569463157,False
tokyo_31204_relational_between,31204,stress_test,relational_between,flat,17,2018_631677__event_002,1.224547569463157,False
tokyo_31204_relational_between,31204,stress_test,relational_between,flat,18,2018_631604__event_001,0.0,False
tokyo_31204_relational_between,31204,stress_test,relational_between,flat,19,2018_631604__event_002,0.0,False
tokyo_31204_relational_between,31204,stress_test,relational_between,flat,20,2018_631642__event_001,0.0,False
tokyo_31204_relational_between,31204,stress_test,relational_between,flat,21,2018_631642__event_002,0.0,False
tokyo_31204_relational_between,31204,stress_test,relational_between,flat,22,2018_631651__event_001,0.0,False
tokyo_31204_relational_between,31204,stress_test,relational_between,flat,23,2018_631651__event_002,0.0,False
tokyo_31204_relational_between,31204,stress_test,relational_between,flat,24,2018_631666__event_001,0.0,False
tokyo_31204_relational_between,31204,stress_test,relational_between,flat,25,2018_631666__event_002,0.0,False
tokyo_31204_relational_between,31204,stress_test,relational_between,flat,26,2018_631693__event_001,0.0,False
tokyo_31204_relational_between,31204,stress_test,relational_between,flat,27,2018_631693__event_002,0.0,False
tokyo_32545_relational_between,32545,stress_test,relational_between,flat,1,2018_661952__event_001,61.85398097781507,True
tokyo_32545_relational_between,32545,stress_test,relational_between,flat,2,2018_661952__event_003,54.13700589978977,True
tokyo_32545_relational_between,32545,stress_test,relational_between,flat,3,2018_661952__event_002,51.83514807587981,True
tokyo_32545_relational_between,32545,stress_test,relational_between,flat,4,2018_661942__event_004,12.951989296964763,True
tokyo_32545_relational_between,32545,stress_test,relational_between,flat,5,2018_661942__event_003,11.503235384527882,True
tokyo_32545_relational_between,32545,stress_test,relational_between,flat,6,2018_661942__event_002,8.529045107119595,True
tokyo_32545_relational_between,32545,stress_test,relational_between,flat,7,2018_661973__event_002,3.5659978482561194,True
tokyo_32545_relational_between,32545,stress_test,relational_between,flat,8,2018_661946__event_001,3.4003523031468403,True
tokyo_32545_relational_between,32545,stress_test,relational_between,flat,9,2018_661980__event_001,2.746572674655213,True
tokyo_32545_relational_between,32545,stress_test,relational_between,flat,10,2018_661998__event_003,2.5905756316930533,True
tokyo_32545_relational_between,32545,stress_test,relational_between,flat,11,2018_661963__event_001,2.473502720625542,True
tokyo_32545_relational_between,32545,stress_test,relational_between,flat,12,2018_661963__event_002,2.4295837644663583,True
tokyo_32545_relational_between,32545,stress_test,relational_between,flat,13,2018_661937__event_001,2.346264286014936,True
tokyo_32545_relational_between,32545,stress_test,relational_between,flat,14,2018_661962__event_001,2.195668949943871,True
tokyo_32545_relational_between,32545,stress_test,relational_between,flat,15,2018_661988__event_003,2.1109852530970112,True
tokyo_32545_relational_between,32545,stress_test,relational_between,flat,16,2018_661966__event_002,2.0632395972911377,True
tokyo_32545_relational_between,32545,stress_test,relational_between,flat,17,2018_661974__event_002,1.0418055999564433,True
tokyo_32545_relational_between,32545,stress_test,relational_between,flat,18,2018_661994__event_001,1.0418055999564433,True
tokyo_32545_relational_between,32545,stress_test,relational_between,flat,19,2018_661991__event_003,0.9968223442883607,True
tokyo_32545_relational_between,32545,stress_test,relational_between,flat,20,2018_661974__event_001,0.9861770154425822,True
tokyo_32545_relational_between,32545,stress_test,relational_between,flat,21,2018_661973__event_001,0.9555628906817878,True
tokyo_32545_relational_between,32545,stress_test,relational_between,flat,22,2018_661994__event_002,0.945776239355829,True
tokyo_32545_relational_between,32545,stress_test,relational_between,flat,23,2018_661977__event_002,0.9361880209083416,True
tokyo_32545_relational_between,32545,stress_test,relational_between,flat,24,2018_661967__event_001,0.899703477843877,True
tokyo_32545_relational_between,32545,stress_test,relational_between,flat,25,2018_661977__event_001,0.899703477843877,True
tokyo_32545_relational_between,32545,stress_test,relational_between,flat,26,2018_661948__event_002,0.8659559748315877,True
tokyo_32545_relational_between,32545,stress_test,relational_between,flat,27,2018_661967__event_002,0.857911003656871,True
tokyo_32545_relational_between,32545,stress_test,relational_between,flat,28,2018_661938__event_003,0.8500141365808915,True
tokyo_32545_relational_between,32545,stress_test,relational_between,flat,29,2018_661950__event_003,0.8500141365808915,True
tokyo_32545_relational_between,32545,stress_test,relational_between,flat,30,2018_661970__event_001,0.8500141365808915,True
tokyo_32545_relational_between,32545,stress_test,relational_between,flat,31,2018_661950__event_001,0.8422613211166464,True
tokyo_32545_relational_between,32545,stress_test,relational_between,flat,32,2018_662009__event_002,0.8422613211166464,True
tokyo_32545_relational_between,32545,stress_test,relational_between,flat,33,2018_661957__event_001,0.8346486512886477,True
tokyo_32545_relational_between,32545,stress_test,relational_between,flat,34,2018_661991__event_002,0.8271723610711029,True
tokyo_32545_relational_between,32545,stress_test,relational_between,flat,35,2018_661940__event_001,0.8198288181756291,True
tokyo_32545_relational_between,32545,stress_test,relational_between,flat,36,2018_661950__event_002,0.8055260788866444,True
tokyo_32545_relational_between,32545,stress_test,relational_between,flat,37,2018_661948__event_001,0.7985602351660328,True
tokyo_32545_relational_between,32545,stress_test,relational_between,flat,38,2018_662009__event_001,0.7985602351660328,True
tokyo_32545_relational_between,32545,stress_test,relational_between,flat,39,2018_661940__event_002,0.7917138338112835,True
tokyo_32545_relational_between,32545,stress_test,relational_between,flat,40,2018_661970__event_002,0.7849838288441098,True
tokyo_32545_relational_between,32545,stress_test,relational_between,flat,41,2018_661952__event_005,0.7783672769832372,True
tokyo_32545_relational_between,32545,stress_test,relational_between,flat,42,2018_661957__event_002,0.7783672769832372,True
tokyo_32545_relational_between,32545,stress_test,relational_between,flat,43,2018_661946__event_003,0.7178595943964142,True
tokyo_32545_relational_between,32545,stress_test,relational_between,flat,44,2018_661946__event_002,0.7068696553279046,True
tokyo_32545_relational_between,32545,stress_test,relational_between,flat,45,2018_661952__event_004,0.7068696553279046,True
tokyo_32545_relational_between,32545,stress_test,relational_between,flat,46,2018_661938__event_002,0.7014999135520189,True
tokyo_32545_relational_between,32545,stress_test,relational_between,flat,47,2018_661936__event_001,0.0,True
tokyo_32545_relational_between,32545,stress_test,relational_between,flat,48,2018_661936__event_002,0.0,True
tokyo_32545_relational_between,32545,stress_test,relational_between,flat,49,2018_661936__event_003,0.0,True
tokyo_32545_relational_between,32545,stress_test,relational_between,flat,50,2018_661937__event_002,0.0,True
tokyo_32545_relational_between,32545,stress_test,relational_between,flat,51,2018_661938__event_001,0.0,True
tokyo_32545_relational_between,32545,stress_test,relational_between,flat,52,2018_661942__event_001,0.0,True
tokyo_32545_relational_between,32545,stress_test,relational_between,flat,53,2018_661943__event_001,0.0,True
tokyo_32545_relational_between,32545,stress_test,relational_between,flat,54,2018_661943__event_002,0.0,True
tokyo_32545_relational_between,32545,stress_test,relational_between,flat,55,2018_661944__event_001,0.0,True
tokyo_32545_relational_between,32545,stress_test,relational_between,flat,56,2018_661944__event_002,0.0,True
tokyo_32545_relational_between,32545,stress_test,relational_between,flat,57,2018_661944__event_003,0.0,True
tokyo_32545_relational_between,32545,stress_test,relational_between,flat,58,2018_661945__event_001,0.0,True
tokyo_32545_relational_between,32545,stress_test,relational_between,flat,59,2018_661945__event_002,0.0,True
tokyo_32545_relational_between,32545,stress_test,relational_between,flat,60,2018_661945__event_003,0.0,True
tokyo_32545_relational_between,32545,stress_test,relational_between,flat,61,2018_661946__event_004,0.0,True
tokyo_32545_relational_between,32545,stress_test,relational_between,flat,62,2018_661949__event_001,0.0,True
tokyo_32545_relational_between,32545,stress_test,relational_between,flat,63,2018_661949__event_002,0.0,True
tokyo_32545_relational_between,32545,stress_test,relational_between,flat,64,2018_661950__event_004,0.0,True
tokyo_32545_relational_between,32545,stress_test,relational_between,flat,65,2018_661951__event_001,0.0,True
tokyo_32545_relational_between,32545,stress_test,relational_between,flat,66,2018_661951__event_002,0.0,True
tokyo_32545_relational_between,32545,stress_test,relational_between,flat,67,2018_661962__event_002,0.0,True
tokyo_32545_relational_between,32545,stress_test,relational_between,flat,68,2018_661962__event_003,0.0,True
tokyo_32545_relational_between,32545,stress_test,relational_between,flat,69,2018_661965__event_001,0.0,True
tokyo_32545_relational_between,32545,stress_test,relational_between,flat,70,2018_661965__event_002,0.0,True
tokyo_32545_relational_between,32545,stress_test,relational_between,flat,71,2018_661966__event_001,0.0,True
tokyo_32545_relational_between,32545,stress_test,relational_between,flat,72,2018_661968__event_001,0.0,True
tokyo_32545_relational_between,32545,stress_test,relational_between,flat,73,2018_661968__event_002,0.0,True
tokyo_32545_relational_between,32545,stress_test,relational_between,flat,74,2018_661980__event_002,0.0,True
tokyo_32545_relational_between,32545,stress_test,relational_between,flat,75,2018_661981__event_001,0.0,True
tokyo_32545_relational_between,32545,stress_test,relational_between,flat,76,2018_661981__event_002,0.0,True
tokyo_32545_relational_between,32545,stress_test,relational_between,flat,77,2018_661985__event_001,0.0,True
tokyo_32545_relational_between,32545,stress_test,relational_between,flat,78,2018_661985__event_002,0.0,True
tokyo_32545_relational_between,32545,stress_test,relational_between,flat,79,2018_661985__event_003,0.0,True
tokyo_32545_relational_between,32545,stress_test,relational_between,flat,80,2018_661985__event_004,0.0,True
tokyo_32545_relational_between,32545,stress_test,relational_between,flat,81,2018_661987__event_001,0.0,True
tokyo_32545_relational_between,32545,stress_test,relational_between,flat,82,2018_661987__event_002,0.0,True
tokyo_32545_relational_between,32545,stress_test,relational_between,flat,83,2018_661988__event_001,0.0,True
tokyo_32545_relational_between,32545,stress_test,relational_between,flat,84,2018_661988__event_002,0.0,True
tokyo_32545_relational_between,32545,stress_test,relational_between,flat,85,2018_661990__event_001,0.0,True
tokyo_32545_relational_between,32545,stress_test,relational_between,flat,86,2018_661990__event_002,0.0,True
tokyo_32545_relational_between,32545,stress_test,relational_between,flat,87,2018_661991__event_001,0.0,True
tokyo_32545_relational_between,32545,stress_test,relational_between,flat,88,2018_661992__event_001,0.0,True
tokyo_32545_relational_between,32545,stress_test,relational_between,flat,89,2018_661992__event_002,0.0,True
tokyo_32545_relational_between,32545,stress_test,relational_between,flat,90,2018_661992__event_003,0.0,True
tokyo_32545_relational_between,32545,stress_test,relational_between,flat,91,2018_661993__event_001,0.0,True
tokyo_32545_relational_between,32545,stress_test,relational_between,flat,92,2018_661993__event_002,0.0,True
tokyo_32545_relational_between,32545,stress_test,relational_between,flat,93,2018_661996__event_001,0.0,True
tokyo_32545_relational_between,32545,stress_test,relational_between,flat,94,2018_661996__event_002,0.0,True
tokyo_32545_relational_between,32545,stress_test,relational_between,flat,95,2018_661997__event_001,0.0,True
tokyo_32545_relational_between,32545,stress_test,relational_between,flat,96,2018_661997__event_002,0.0,True
tokyo_32545_relational_between,32545,stress_test,relational_between,flat,97,2018_661998__event_001,0.0,True
tokyo_32545_relational_between,32545,stress_test,relational_between,flat,98,2018_661998__event_002,0.0,True
tokyo_32545_relational_between,32545,stress_test,relational_between,flat,99,2018_662002__event_001,0.0,True
tokyo_32545_relational_between,32545,stress_test,relational_between,flat,100,2018_662002__event_002,0.0,True
tokyo_32545_relational_between,32545,stress_test,relational_between,flat,101,2018_662005__event_001,0.0,True
tokyo_32545_relational_between,32545,stress_test,relational_between,flat,102,2018_662005__event_002,0.0,True
tokyo_32545_relational_between,32545,stress_test,relational_between,flat,103,2018_662006__event_001,0.0,True
tokyo_32545_relational_between,32545,stress_test,relational_between,flat,104,2018_662006__event_002,0.0,True
tokyo_32545_relational_between,32545,stress_test,relational_between,flat,105,2018_662008__event_001,0.0,True
tokyo_32545_relational_between,32545,stress_test,relational_between,flat,106,2018_662008__event_002,0.0,True
tokyo_325605_relational_between,325605,stress_test,relational_between,flat,1,2018_3674480__event_002,50.90204861119395,True
tokyo_325605_relational_between,325605,stress_test,relational_between,flat,2,2018_3674480__event_001,50.29841523727577,True
tokyo_325605_relational_between,325605,stress_test,relational_between,flat,3,2018_3674471__event_001,14.709026835064904,True
tokyo_325605_relational_between,325605,stress_test,relational_between,flat,4,2018_3674446__event_002,14.26786858912893,True
tokyo_325605_relational_between,325605,stress_test,relational_between,flat,5,2018_3674427__event_003,14.191840615352124,True
tokyo_325605_relational_between,325605,stress_test,relational_between,flat,6,2018_3674471__event_002,14.191840615352124,True
tokyo_325605_relational_between,325605,stress_test,relational_between,flat,7,2018_3674480__event_003,14.191840615352124,True
tokyo_325605_relational_between,325605,stress_test,relational_between,flat,8,2018_3674436__event_001,13.760946623571071,True
tokyo_325605_relational_between,325605,stress_test,relational_between,flat,9,2018_3674436__event_002,13.641370240440747,True
tokyo_325605_relational_between,325605,stress_test,relational_between,flat,10,2018_3674408__event_002,13.33660481856973,True
tokyo_325605_relational_between,325605,stress_test,relational_between,flat,11,2018_3674443__event_001,12.96945700807895,True
tokyo_325605_relational_between,325605,stress_test,relational_between,flat,12,2018_3674446__event_001,12.88884963863812,True
tokyo_325605_relational_between,325605,stress_test,relational_between,flat,13,2018_3674408__event_001,12.841772763319739,True
tokyo_325605_relational_between,325605,stress_test,relational_between,flat,14,2018_3674422__event_002,12.808084282908569,True
tokyo_325605_relational_between,325605,stress_test,relational_between,flat,15,2018_3674443__event_002,12.808084282908569,True
tokyo_325605_relational_between,325605,stress_test,relational_between,flat,16,2018_3674427__event_004,12.727032652562334,True
tokyo_325605_relational_between,325605,stress_test,relational_between,flat,17,2018_3674422__event_001,12.721937933600792,True
tokyo_325605_relational_between,325605,stress_test,relational_between,flat,18,2018_3674427__event_002,12.195681131550302,True
tokyo_325605_relational_between,325605,stress_test,relational_between,flat,19,2018_3674463__event_003,12.171540896567311,True
tokyo_325605_relational_between,325605,stress_test,relational_between,flat,20,2018_3674463__event_002,10.540283006638123,True
tokyo_325605_relational_between,325605,stress_test,relational_between,flat,21,2018_3674419__event_002,9.85988217983374,True
tokyo_325605_relational_between,325605,stress_test,relational_between,flat,22,2018_3674454__event_002,8.186426029826627,True
tokyo_325605_relational_between,325605,stress_test,relational_between,flat,23,2018_3674469__event_001,8.090667575569237,True
tokyo_325605_relational_between,325605,stress_test,relational_between,flat,24,2018_3674472__event_001,8.090667575569237,True
tokyo_325605_relational_between,325605,stress_test,relational_between,flat,25,2018_3674462__event_001,8.058772860193846,True
tokyo_325605_relational_between,325605,stress_test,relational_between,flat,26,2018_3674455__event_001,7.891715784511367,True
tokyo_325605_relational_between,325605,stress_test,relational_between,flat,27,2018_3674419__event_001,7.886258114837268,True
tokyo_325605_relational_between,325605,stress_test,relational_between,flat,28,2018_3674462__event_002,7.87769628491448,True
tokyo_325605_relational_between,325605,stress_test,relational_between,flat,29,2018_3674454__event_001,7.830469469633192,True
tokyo_325605_relational_between,325605,stress_test,relational_between,flat,30,2018_3674419__event_003,7.722481178911028,True
tokyo_325605_relational_between,325605,stress_test,relational_between,flat,31,2018_3674418__event_004,7.196481393644266,True
tokyo_325605_relational_between,325605,stress_test,relational_between,flat,32,2018_3674455__event_002,7.0383906286157325,True
tokyo_325605_relational_between,325605,stress_test,relational_between,flat,33,2018_3674433__event_001,6.992242286580923,True
tokyo_325605_relational_between,325605,stress_test,relational_between,flat,34,2018_3674472__event_002,6.905057912204361,True
tokyo_325605_relational_between,325605,stress_test,relational_between,flat,35,2018_3674460__event_001,6.901719678434783,True
tokyo_325605_relational_between,325605,stress_test,relational_between,flat,36,2018_3674460__event_002,6.678684078441466,True
tokyo_325605_relational_between,325605,stress_test,relational_between,flat,37,2018_3674418__event_005,6.500307456654161,True
tokyo_325605_relational_between,325605,stress_test,relational_between,flat,38,2018_3674434__event_001,6.493827891681546,True
tokyo_325605_relational_between,325605,stress_test,relational_between,flat,39,2018_3674469__event_002,6.401856828905494,True
tokyo_325605_relational_between,325605,stress_test,relational_between,flat,40,2018_3674411__event_001,6.353544101441928,True
tokyo_325605_relational_between,325605,stress_test,relational_between,flat,41,2018_3674477__event_001,6.28565079320359,True
tokyo_325605_relational_between,325605,stress_test,relational_between,flat,42,2018_3674433__event_002,6.134082518638146,True
tokyo_325605_relational_between,325605,stress_test,relational_between,flat,43,2018_3674458__event_003,5.790626552096517,True
tokyo_325605_relational_between,325605,stress_test,relational_between,flat,44,2018_3674411__event_002,5.347809076504838,True
tokyo_325605_relational_between,325605,stress_test,relational_between,flat,45,2018_3674458__event_002,5.112710430789489,True
tokyo_325605_relational_between,325605,stress_test,relational_between,flat,46,2018_3674418__event_002,5.031819396730443,True
tokyo_325605_relational_between,325605,stress_test,relational_between,flat,47,2018_3674434__event_002,4.710060699796104,True
tokyo_325605_relational_between,325605,stress_test,relational_between,flat,48,2018_3674461__event_001,4.682546437444743,True
tokyo_325605_relational_between,325605,stress_test,relational_between,flat,49,2018_3674461__event_002,4.629684869659354,True
tokyo_325605_relational_between,325605,stress_test,relational_between,flat,50,2018_3674458__event_004,4.619116472163761,True
tokyo_325605_relational_between,325605,stress_test,relational_between,flat,51,2018_3674477__event_002,4.619116472163761,True
tokyo_325605_relational_between,325605,stress_test,relational_between,flat,52,2018_3674427__event_001,4.447372258726803,True
tokyo_325605_relational_between,325605,stress_test,relational_between,flat,53,2018_3674469__event_003,4.42965808978033,True
tokyo_325605_relational_between,325605,stress_test,relational_between,flat,54,2018_3674428__event_003,4.2026853986564054,True
tokyo_325605_relational_between,325605,stress_test,relational_between,flat,55,2018_3674449__event_002,4.0397793236412785,True
tokyo_325605_relational_between,325605,stress_test,relational_between,flat,56,2018_3674418__event_001,4.037194885539518,True
tokyo_325605_relational_between,325605,stress_test,relational_between,flat,57,2018_3674418__event_003,3.9978388347432934,True
tokyo_325605_relational_between,325605,stress_test,relational_between,flat,58,2018_3674428__event_002,3.9592426904260813,True
tokyo_325605_relational_between,325605,stress_test,relational_between,flat,59,2018_3674449__event_001,3.7086153363506598,True
tokyo_325605_relational_between,325605,stress_test,relational_between,flat,60,2018_3674442__event_002,2.607392559918559,True
tokyo_325605_relational_between,325605,stress_test,relational_between,flat,61,2018_3674452__event_001,2.255259544334062,True
tokyo_325605_relational_between,325605,stress_test,relational_between,flat,62,2018_3674476__event_002,2.0572094424899228,True
tokyo_325605_relational_between,325605,stress_test,relational_between,flat,63,2018_3674442__event_001,2.042902778665894,True
tokyo_325605_relational_between,325605,stress_test,relational_between,flat,64,2018_3674452__event_002,1.9807337031368266,True
tokyo_325605_relational_between,325605,stress_test,relational_between,flat,65,2018_3674426__event_001,1.944893422504011,True
tokyo_325605_relational_between,325605,stress_test,relational_between,flat,66,2018_3674426__event_002,1.9238860116615968,True
tokyo_325605_relational_between,325605,stress_test,relational_between,flat,67,2018_3674476__event_001,0.7894381817201669,True
tokyo_325605_relational_between,325605,stress_test,relational_between,flat,68,2018_3674423__event_002,0.5380788532564728,True
tokyo_325605_relational_between,325605,stress_test,relational_between,flat,69,2018_3674434__event_004,0.5208292900879189,True
tokyo_325605_relational_between,325605,stress_test,relational_between,flat,70,2018_3674458__event_001,0.5153226065721399,True
tokyo_325605_relational_between,325605,stress_test,relational_between,flat,71,2018_3674424__event_001,0.5046513357933408,True
tokyo_325605_relational_between,325605,stress_test,relational_between,flat,72,2018_3674424__event_002,0.5046513357933408,True
tokyo_325605_relational_between,325605,stress_test,relational_between,flat,73,2018_3674468__event_002,0.49441305872392816,True
tokyo_325605_relational_between,325605,stress_test,relational_between,flat,74,2018_3674434__event_003,0.4798115605712106,True
tokyo_325605_relational_between,325605,stress_test,relational_between,flat,75,2018_3674423__event_001,0.0,True
tokyo_325605_relational_between,325605,stress_test,relational_between,flat,76,2018_3674428__event_001,0.0,True
tokyo_325605_relational_between,325605,stress_test,relational_between,flat,77,2018_3674444__event_001,0.0,True
tokyo_325605_relational_between,325605,stress_test,relational_between,flat,78,2018_3674444__event_002,0.0,True
tokyo_325605_relational_between,325605,stress_test,relational_between,flat,79,2018_3674458__event_005,0.0,True
tokyo_325605_relational_between,325605,stress_test,relational_between,flat,80,2018_3674463__event_001,0.0,True
tokyo_325605_relational_between,325605,stress_test,relational_between,flat,81,2018_3674468__event_001,0.0,True
tokyo_325605_relational_between,325605,stress_test,relational_between,flat,82,2018_3674477__event_003,0.0,True
tokyo_328941_relational_between,328941,stress_test,relational_between,flat,1,2018_3694436__event_002,28.39965690905899,False
tokyo_328941_relational_between,328941,stress_test,relational_between,flat,2,2018_3694436__event_003,19.483703209593568,False
tokyo_328941_relational_between,328941,stress_test,relational_between,flat,3,2018_3694436__event_001,17.81694191559869,False
tokyo_328941_relational_between,328941,stress_test,relational_between,flat,4,2018_3694438__event_001,11.406671530869843,False
tokyo_328941_relational_between,328941,stress_test,relational_between,flat,5,2018_3694438__event_002,8.723541301717653,False
tokyo_328941_relational_between,328941,stress_test,relational_between,flat,6,2018_3694439__event_001,6.1883088487544375,False
tokyo_328941_relational_between,328941,stress_test,relational_between,flat,7,2018_3694439__event_002,2.7532520206319075,False
tokyo_328941_relational_between,328941,stress_test,relational_between,flat,8,2018_3694433__event_002,0.5176096675082279,False
tokyo_328941_relational_between,328941,stress_test,relational_between,flat,9,2018_3694443__event_001,0.4753480791710768,False
tokyo_328941_relational_between,328941,stress_test,relational_between,flat,10,2018_3694437__event_002,0.46717443505740547,False
tokyo_328941_relational_between,328941,stress_test,relational_between,flat,11,2018_3694433__event_001,0.39242696008973815,False
tokyo_328941_relational_between,328941,stress_test,relational_between,flat,12,2018_3694443__event_002,0.3487680817367744,False
tokyo_328941_relational_between,328941,stress_test,relational_between,flat,13,2018_3694437__event_001,0.3428990472745752,False
tokyo_328941_relational_between,328941,stress_test,relational_between,flat,14,2018_3694430__event_001,0.0,False
tokyo_328941_relational_between,328941,stress_test,relational_between,flat,15,2018_3694430__event_002,0.0,False
tokyo_328941_relational_between,328941,stress_test,relational_between,flat,16,2018_3694432__event_001,0.0,False
tokyo_328941_relational_between,328941,stress_test,relational_between,flat,17,2018_3694432__event_002,0.0,False
tokyo_328941_relational_between,328941,stress_test,relational_between,flat,18,2018_3694434__event_001,0.0,False
tokyo_328941_relational_between,328941,stress_test,relational_between,flat,19,2018_3694434__event_002,0.0,False
tokyo_328941_relational_between,328941,stress_test,relational_between,flat,20,2018_3694435__event_001,0.0,False
tokyo_328941_relational_between,328941,stress_test,relational_between,flat,21,2018_3694435__event_002,0.0,False
tokyo_328941_relational_between,328941,stress_test,relational_between,flat,22,2018_3694440__event_001,0.0,False
tokyo_328941_relational_between,328941,stress_test,relational_between,flat,23,2018_3694440__event_002,0.0,False
tokyo_339444_relational_between,339444,stress_test,relational_between,flat,1,2018_3757165__event_004,51.993003156475346,False
tokyo_339444_relational_between,339444,stress_test,relational_between,flat,2,2018_3757165__event_005,47.23121551044713,False
tokyo_339444_relational_between,339444,stress_test,relational_between,flat,3,2018_3757165__event_006,41.81497180141631,False
tokyo_339444_relational_between,339444,stress_test,relational_between,flat,4,2018_3757165__event_003,22.881911541759706,False
tokyo_339444_relational_between,339444,stress_test,relational_between,flat,5,2018_3757165__event_002,14.228470111894197,False
tokyo_339444_relational_between,339444,stress_test,relational_between,flat,6,2018_3757165__event_007,13.144599884757984,False
tokyo_339444_relational_between,339444,stress_test,relational_between,flat,7,2018_3757175__event_001,2.7638757143583716,False
tokyo_339444_relational_between,339444,stress_test,relational_between,flat,8,2018_3757166__event_001,0.7508422384286022,False
tokyo_339444_relational_between,339444,stress_test,relational_between,flat,9,2018_3757166__event_002,0.7508422384286022,False
tokyo_339444_relational_between,339444,stress_test,relational_between,flat,10,2018_3757180__event_001,0.7219349987474217,False
tokyo_339444_relational_between,339444,stress_test,relational_between,flat,11,2018_3757180__event_002,0.7219349987474217,False
tokyo_339444_relational_between,339444,stress_test,relational_between,flat,12,2018_3757170__event_002,0.6052707840393836,False
tokyo_339444_relational_between,339444,stress_test,relational_between,flat,13,2018_3757170__event_001,0.5900345726668941,False
tokyo_339444_relational_between,339444,stress_test,relational_between,flat,14,2018_3757175__event_002,0.5743716943927258,False
tokyo_339444_relational_between,339444,stress_test,relational_between,flat,15,2018_3757162__event_002,0.5685661785909859,False
tokyo_339444_relational_between,339444,stress_test,relational_between,flat,16,2018_3757162__event_001,0.5617530546882722,False
tokyo_339444_relational_between,339444,stress_test,relational_between,flat,17,2018_3757165__event_001,0.5568066516161553,False
tokyo_339444_relational_between,339444,stress_test,relational_between,flat,18,2018_3757169__event_002,0.4084605386103697,False
tokyo_339444_relational_between,339444,stress_test,relational_between,flat,19,2018_3757169__event_001,0.404434377498471,False
tokyo_339444_relational_between,339444,stress_test,relational_between,flat,20,2018_3757167__event_002,0.4004868127306963,False
tokyo_339444_relational_between,339444,stress_test,relational_between,flat,21,2018_3757167__event_001,0.3648726670202786,False
tokyo_339444_relational_between,339444,stress_test,relational_between,flat,22,2018_3757162__event_003,0.0,False
tokyo_339444_relational_between,339444,stress_test,relational_between,flat,23,2018_3757163__event_001,0.0,False
tokyo_339444_relational_between,339444,stress_test,relational_between,flat,24,2018_3757163__event_002,0.0,False
tokyo_339444_relational_between,339444,stress_test,relational_between,flat,25,2018_3757164__event_001,0.0,False
tokyo_339444_relational_between,339444,stress_test,relational_between,flat,26,2018_3757164__event_002,0.0,False
tokyo_339444_relational_between,339444,stress_test,relational_between,flat,27,2018_3757165__event_008,0.0,False
tokyo_339444_relational_between,339444,stress_test,relational_between,flat,28,2018_3757174__event_001,0.0,False
tokyo_339444_relational_between,339444,stress_test,relational_between,flat,29,2018_3757174__event_002,0.0,False
tokyo_339444_relational_between,339444,stress_test,relational_between,flat,30,2018_3757184__event_001,0.0,False
tokyo_339444_relational_between,339444,stress_test,relational_between,flat,31,2018_3757184__event_002,0.0,False
tokyo_342180_relational_between,342180,stress_test,relational_between,flat,1,2018_3773299__event_002,28.765409779518063,True
tokyo_342180_relational_between,342180,stress_test,relational_between,flat,2,2018_3773296__event_002,23.29572819692065,True
tokyo_342180_relational_between,342180,stress_test,relational_between,flat,3,2018_3773296__event_001,22.992118130066913,True
tokyo_342180_relational_between,342180,stress_test,relational_between,flat,4,2018_3773298__event_001,22.12447809438623,True
tokyo_342180_relational_between,342180,stress_test,relational_between,flat,5,2018_3773300__event_002,22.12447809438623,True
tokyo_342180_relational_between,342180,stress_test,relational_between,flat,6,2018_3773299__event_001,21.690474325016165,True
tokyo_342180_relational_between,342180,stress_test,relational_between,flat,7,2018_3773310__event_001,21.047154195479894,True
tokyo_342180_relational_between,342180,stress_test,relational_between,flat,8,2018_3773298__event_002,20.864508103926898,True
tokyo_342180_relational_between,342180,stress_test,relational_between,flat,9,2018_3773300__event_001,20.864508103926898,True
tokyo_342180_relational_between,342180,stress_test,relational_between,flat,10,2018_3773310__event_002,18.085424476502496,True
tokyo_342180_relational_between,342180,stress_test,relational_between,flat,11,2018_3773311__event_001,10.308023519820338,True
tokyo_342180_relational_between,342180,stress_test,relational_between,flat,12,2018_3773307__event_003,7.620190628657437,True
tokyo_342180_relational_between,342180,stress_test,relational_between,flat,13,2018_3773307__event_001,7.5588302097549525,True
tokyo_342180_relational_between,342180,stress_test,relational_between,flat,14,2018_3773285__event_001,7.390069777475568,True
tokyo_342180_relational_between,342180,stress_test,relational_between,flat,15,2018_3773307__event_002,6.996332494750233,True
tokyo_342180_relational_between,342180,stress_test,relational_between,flat,16,2018_3773285__event_002,6.745813914998646,True
tokyo_342180_relational_between,342180,stress_test,relational_between,flat,17,2018_3773318__event_001,6.494338538583129,True
tokyo_342180_relational_between,342180,stress_test,relational_between,flat,18,2018_3773311__event_003,6.015198184978913,True
tokyo_342180_relational_between,342180,stress_test,relational_between,flat,19,2018_3773311__event_002,5.523830534805736,True
tokyo_342180_relational_between,342180,stress_test,relational_between,flat,20,2018_3773284__event_001,4.517303671681325,True
tokyo_342180_relational_between,342180,stress_test,relational_between,flat,21,2018_3773302__event_001,3.985519249321829,True
tokyo_342180_relational_between,342180,stress_test,relational_between,flat,22,2018_3773301__event_001,3.817014776394154,True
tokyo_342180_relational_between,342180,stress_test,relational_between,flat,23,2018_3773318__event_002,3.7674343235541135,True
tokyo_342180_relational_between,342180,stress_test,relational_between,flat,24,2018_3773299__event_003,3.6185791245467356,True
tokyo_342180_relational_between,342180,stress_test,relational_between,flat,25,2018_3773294__event_002,0.7743731229535822,True
tokyo_342180_relational_between,342180,stress_test,relational_between,flat,26,2018_3773310__event_003,0.7614576300742459,True
tokyo_342180_relational_between,342180,stress_test,relational_between,flat,27,2018_3773294__event_001,0.755160107150503,True
tokyo_342180_relational_between,342180,stress_test,relational_between,flat,28,2018_3773318__event_003,0.6718175847306594,True
tokyo_342180_relational_between,342180,stress_test,relational_between,flat,29,2018_3773314__event_002,0.6479796983342656,True
tokyo_342180_relational_between,342180,stress_test,relational_between,flat,30,2018_3773289__event_002,0.28356265129112507,True
tokyo_342180_relational_between,342180,stress_test,relational_between,flat,31,2018_3773289__event_001,0.26744177161020855,True
tokyo_342180_relational_between,342180,stress_test,relational_between,flat,32,2018_3773284__event_002,0.22130250284097705,True
tokyo_342180_relational_between,342180,stress_test,relational_between,flat,33,2018_3773288__event_002,0.2122263176842857,True
tokyo_342180_relational_between,342180,stress_test,relational_between,flat,34,2018_3773288__event_001,0.20712937251943173,True
tokyo_342180_relational_between,342180,stress_test,relational_between,flat,35,2018_3773313__event_001,0.19613806415199123,True
tokyo_342180_relational_between,342180,stress_test,relational_between,flat,36,2018_3773302__event_002,0.19466238580530476,True
tokyo_342180_relational_between,342180,stress_test,relational_between,flat,37,2018_3773313__event_002,0.19320874668074267,True
tokyo_342180_relational_between,342180,stress_test,relational_between,flat,38,2018_3773301__event_002,0.174921596565659,True
tokyo_342180_relational_between,342180,stress_test,relational_between,flat,39,2018_3773297__event_001,0.0,True
tokyo_342180_relational_between,342180,stress_test,relational_between,flat,40,2018_3773297__event_002,0.0,True
tokyo_342180_relational_between,342180,stress_test,relational_between,flat,41,2018_3773301__event_003,0.0,True
tokyo_342180_relational_between,342180,stress_test,relational_between,flat,42,2018_3773304__event_001,0.0,True
tokyo_342180_relational_between,342180,stress_test,relational_between,flat,43,2018_3773304__event_002,0.0,True
tokyo_342180_relational_between,342180,stress_test,relational_between,flat,44,2018_3773313__event_003,0.0,True
tokyo_342180_relational_between,342180,stress_test,relational_between,flat,45,2018_3773314__event_001,0.0,True
tokyo_342180_relational_between,342180,stress_test,relational_between,flat,46,2018_3773314__event_003,0.0,True
tokyo_342180_relational_between,342180,stress_test,relational_between,flat,47,2018_3773316__event_001,0.0,True
tokyo_342180_relational_between,342180,stress_test,relational_between,flat,48,2018_3773316__event_002,0.0,True
tokyo_342180_relational_between,342180,stress_test,relational_between,flat,49,2018_3773318__event_004,0.0,True
tokyo_34258_relational_between,34258,stress_test,relational_between,flat,1,2018_698472__event_007,40.00868537514831,False
tokyo_34258_relational_between,34258,stress_test,relational_between,flat,2,2018_698472__event_009,40.00868537514831,False
tokyo_34258_relational_between,34258,stress_test,relational_between,flat,3,2018_698472__event_008,37.666485133864526,False
tokyo_34258_relational_between,34258,stress_test,relational_between,flat,4,2018_698472__event_011,10.285678025649347,False
tokyo_34258_relational_between,34258,stress_test,relational_between,flat,5,2018_698472__event_005,10.119150241205126,False
tokyo_34258_relational_between,34258,stress_test,relational_between,flat,6,2018_698472__event_006,8.302062041041037,False
tokyo_34258_relational_between,34258,stress_test,relational_between,flat,7,2018_698472__event_010,8.302062041041037,False
tokyo_34258_relational_between,34258,stress_test,relational_between,flat,8,2018_698467__event_003,7.224283810964427,False
tokyo_34258_relational_between,34258,stress_test,relational_between,flat,9,2018_698467__event_002,6.637380896252893,False
tokyo_34258_relational_between,34258,stress_test,relational_between,flat,10,2018_698471__event_002,6.637380896252893,False
tokyo_34258_relational_between,34258,stress_test,relational_between,flat,11,2018_698471__event_003,6.637380896252893,False
tokyo_34258_relational_between,34258,stress_test,relational_between,flat,12,2018_698472__event_002,6.637380896252893,False
tokyo_34258_relational_between,34258,stress_test,relational_between,flat,13,2018_698472__event_003,6.637380896252893,False
tokyo_34258_relational_between,34258,stress_test,relational_between,flat,14,2018_698482__event_002,6.637380896252893,False
tokyo_34258_relational_between,34258,stress_test,relational_between,flat,15,2018_698467__event_004,6.397222585732226,False
tokyo_34258_relational_between,34258,stress_test,relational_between,flat,16,2018_698472__event_004,6.26719474667987,False
tokyo_34258_relational_between,34258,stress_test,relational_between,flat,17,2018_698462__event_001,6.220883377663426,False
tokyo_34258_relational_between,34258,stress_test,relational_between,flat,18,2018_698462__event_002,6.220883377663426,False
tokyo_34258_relational_between,34258,stress_test,relational_between,flat,19,2018_698467__event_001,6.053641037599803,False
tokyo_34258_relational_between,34258,stress_test,relational_between,flat,20,2018_698471__event_001,6.053641037599803,False
tokyo_34258_relational_between,34258,stress_test,relational_between,flat,21,2018_698471__event_004,6.053641037599803,False
tokyo_34258_relational_between,34258,stress_test,relational_between,flat,22,2018_698472__event_001,6.053641037599803,False
tokyo_34258_relational_between,34258,stress_test,relational_between,flat,23,2018_698473__event_001,6.053641037599803,False
tokyo_34258_relational_between,34258,stress_test,relational_between,flat,24,2018_698473__event_002,6.053641037599803,False
tokyo_34258_relational_between,34258,stress_test,relational_between,flat,25,2018_698478__event_001,6.053641037599803,False
tokyo_34258_relational_between,34258,stress_test,relational_between,flat,26,2018_698478__event_002,6.053641037599803,False
tokyo_34258_relational_between,34258,stress_test,relational_between,flat,27,2018_698479__event_001,6.053641037599803,False
tokyo_34258_relational_between,34258,stress_test,relational_between,flat,28,2018_698479__event_002,6.053641037599803,False
tokyo_34258_relational_between,34258,stress_test,relational_between,flat,29,2018_698480__event_001,6.053641037599803,False
tokyo_34258_relational_between,34258,stress_test,relational_between,flat,30,2018_698480__event_002,6.053641037599803,False
tokyo_34258_relational_between,34258,stress_test,relational_between,flat,31,2018_698482__event_001,6.053641037599803,False
tokyo_34258_relational_between,34258,stress_test,relational_between,flat,32,2018_698483__event_001,6.053641037599803,False
tokyo_34258_relational_between,34258,stress_test,relational_between,flat,33,2018_698483__event_002,6.053641037599803,False
tokyo_34258_relational_between,34258,stress_test,relational_between,flat,34,2018_698467__event_005,5.422502811626446,False
tokyo_34258_relational_between,34258,stress_test,relational_between,flat,35,2018_698482__event_003,5.26850807705765,False
tokyo_34258_relational_between,34258,stress_test,relational_between,flat,36,2018_698463__event_001,5.196240616310563,False
tokyo_34258_relational_between,34258,stress_test,relational_between,flat,37,2018_698463__event_002,5.196240616310563,False
tokyo_34258_relational_between,34258,stress_test,relational_between,flat,38,2018_698482__event_004,4.6112739648453065,False
tokyo_34258_relational_between,34258,stress_test,relational_between,flat,39,2018_698481__event_002,3.9961512893671634,False
tokyo_34258_relational_between,34258,stress_test,relational_between,flat,40,2018_698481__event_001,3.358608616925498,False
tokyo_34258_relational_between,34258,stress_test,relational_between,flat,41,2018_698481__event_003,3.358608616925498,False
tokyo_34258_relational_between,34258,stress_test,relational_between,flat,42,2018_698482__event_005,3.2738096194727313,False
tokyo_348059_relational_between,348059,stress_test,relational_between,flat,1,2018_3807517__event_004,45.19722142232124,False
tokyo_348059_relational_between,348059,stress_test,relational_between,flat,2,2018_3807517__event_003,42.95848228964391,False
tokyo_348059_relational_between,348059,stress_test,relational_between,flat,3,2018_3807517__event_002,29.93583011702675,False
tokyo_348059_relational_between,348059,stress_test,relational_between,flat,4,2018_3807517__event_005,18.42111704740178,False
tokyo_348059_relational_between,348059,stress_test,relational_between,flat,5,2018_3807506__event_005,10.889920761526284,False
tokyo_348059_relational_between,348059,stress_test,relational_between,flat,6,2018_3807506__event_004,9.590281228034593,False
tokyo_348059_relational_between,348059,stress_test,relational_between,flat,7,2018_3807516__event_003,5.303862184114569,False
tokyo_348059_relational_between,348059,stress_test,relational_between,flat,8,2018_3807516__event_004,4.957622009054634,False
tokyo_348059_relational_between,348059,stress_test,relational_between,flat,9,2018_3807506__event_001,4.906196668170309,False
tokyo_348059_relational_between,348059,stress_test,relational_between,flat,10,2018_3807516__event_002,4.002125704426427,False
tokyo_348059_relational_between,348059,stress_test,relational_between,flat,11,2018_3807506__event_003,3.9844415964819158,False
tokyo_348059_relational_between,348059,stress_test,relational_between,flat,12,2018_3807506__event_002,3.8211159634737886,False
tokyo_348059_relational_between,348059,stress_test,relational_between,flat,13,2018_3807524__event_003,3.29177860140278,False
tokyo_348059_relational_between,348059,stress_test,relational_between,flat,14,2018_3807525__event_002,3.288239701535672,False
tokyo_348059_relational_between,348059,stress_test,relational_between,flat,15,2018_3807524__event_002,3.164713115269685,False
tokyo_348059_relational_between,348059,stress_test,relational_between,flat,16,2018_3807524__event_004,3.1463418070005407,False
tokyo_348059_relational_between,348059,stress_test,relational_between,flat,17,2018_3807525__event_001,3.1463418070005407,False
tokyo_348059_relational_between,348059,stress_test,relational_between,flat,18,2018_3807511__event_002,2.689994694821053,False
tokyo_348059_relational_between,348059,stress_test,relational_between,flat,19,2018_3807514__event_002,2.689994694821053,False
tokyo_348059_relational_between,348059,stress_test,relational_between,flat,20,2018_3807520__event_003,2.689994694821053,False
tokyo_348059_relational_between,348059,stress_test,relational_between,flat,21,2018_3807521__event_003,2.689994694821053,False
tokyo_348059_relational_between,348059,stress_test,relational_between,flat,22,2018_3807522__event_003,2.689994694821053,False
tokyo_348059_relational_between,348059,stress_test,relational_between,flat,23,2018_3807523__event_003,2.623405063177179,False
tokyo_348059_relational_between,348059,stress_test,relational_between,flat,24,2018_3807514__event_001,2.6078803969198567,False
tokyo_348059_relational_between,348059,stress_test,relational_between,flat,25,2018_3807523__event_004,2.555298589960639,False
tokyo_348059_relational_between,348059,stress_test,relational_between,flat,26,2018_3807520__event_002,2.462491048368588,False
tokyo_348059_relational_between,348059,stress_test,relational_between,flat,27,2018_3807521__event_002,2.462491048368588,False
tokyo_348059_relational_between,348059,stress_test,relational_between,flat,28,2018_3807522__event_002,2.462491048368588,False
tokyo_348059_relational_between,348059,stress_test,relational_between,flat,29,2018_3807523__event_002,2.462491048368588,False
tokyo_348059_relational_between,348059,stress_test,relational_between,flat,30,2018_3807511__event_001,2.4581484247817933,False
tokyo_348059_relational_between,348059,stress_test,relational_between,flat,31,2018_3807507__event_001,2.3836931924986544,False
tokyo_348059_relational_between,348059,stress_test,relational_between,flat,32,2018_3807512__event_001,2.3836931924986544,False
tokyo_348059_relational_between,348059,stress_test,relational_between,flat,33,2018_3807516__event_001,2.3836931924986544,False
tokyo_348059_relational_between,348059,stress_test,relational_between,flat,34,2018_3807517__event_001,2.3836931924986544,False
tokyo_348059_relational_between,348059,stress_test,relational_between,flat,35,2018_3807520__event_001,2.3836931924986544,False
tokyo_348059_relational_between,348059,stress_test,relational_between,flat,36,2018_3807521__event_001,2.3836931924986544,False
tokyo_348059_relational_between,348059,stress_test,relational_between,flat,37,2018_3807522__event_001,2.3836931924986544,False
tokyo_348059_relational_between,348059,stress_test,relational_between,flat,38,2018_3807523__event_001,2.3836931924986544,False
tokyo_348059_relational_between,348059,stress_test,relational_between,flat,39,2018_3807519__event_001,2.2971988345043783,False
tokyo_348059_relational_between,348059,stress_test,relational_between,flat,40,2018_3807525__event_003,2.2513085196919125,False
tokyo_348059_relational_between,348059,stress_test,relational_between,flat,41,2018_3807507__event_002,2.244710329443296,False
tokyo_348059_relational_between,348059,stress_test,relational_between,flat,42,2018_3807509__event_001,2.244710329443296,False
tokyo_348059_relational_between,348059,stress_test,relational_between,flat,43,2018_3807512__event_002,2.244710329443296,False
tokyo_348059_relational_between,348059,stress_test,relational_between,flat,44,2018_3807505__event_001,2.2231468936081784,False
tokyo_348059_relational_between,348059,stress_test,relational_between,flat,45,2018_3807505__event_002,2.2231468936081784,False
tokyo_348059_relational_between,348059,stress_test,relational_between,flat,46,2018_3807509__event_002,2.14097820000494,False
tokyo_348059_relational_between,348059,stress_test,relational_between,flat,47,2018_3807515__event_001,2.1361846640239373,False
tokyo_348059_relational_between,348059,stress_test,relational_between,flat,48,2018_3807519__event_003,2.132511549238986,False
tokyo_348059_relational_between,348059,stress_test,relational_between,flat,49,2018_3807516__event_005,1.905341212274504,False
tokyo_348059_relational_between,348059,stress_test,relational_between,flat,50,2018_3807516__event_006,1.9049055616592665,False
tokyo_348059_relational_between,348059,stress_test,relational_between,flat,51,2018_3807521__event_004,1.0856579512962237,False
tokyo_348059_relational_between,348059,stress_test,relational_between,flat,52,2018_3807523__event_005,1.033142920828507,False
tokyo_348059_relational_between,348059,stress_test,relational_between,flat,53,2018_3807519__event_002,0.9951783477412129,False
tokyo_348059_relational_between,348059,stress_test,relational_between,flat,54,2018_3807515__event_002,0.9216844973816277,False
tokyo_348059_relational_between,348059,stress_test,relational_between,flat,55,2018_3807509__event_003,0.883556263180779,False
tokyo_348059_relational_between,348059,stress_test,relational_between,flat,56,2018_3807524__event_001,0.865651139743137,False
tokyo_348059_relational_between,348059,stress_test,relational_between,flat,57,2018_3807509__event_004,0.2924875110466289,False
tokyo_348059_relational_between,348059,stress_test,relational_between,flat,58,2018_3807513__event_001,0.0,False
tokyo_348059_relational_between,348059,stress_test,relational_between,flat,59,2018_3807513__event_002,0.0,False
tokyo_348059_relational_between,348059,stress_test,relational_between,flat,60,2018_3807513__event_003,0.0,False
tokyo_348059_relational_between,348059,stress_test,relational_between,flat,61,2018_3807518__event_001,0.0,False
tokyo_348059_relational_between,348059,stress_test,relational_between,flat,62,2018_3807518__event_002,0.0,False
tokyo_348059_relational_between,348059,stress_test,relational_between,flat,63,2018_3807524__event_005,0.0,False
tokyo_350248_relational_between,350248,stress_test,relational_between,flat,1,2018_3820552__event_002,36.57383149707662,True
tokyo_350248_relational_between,350248,stress_test,relational_between,flat,2,2018_3820523__event_001,33.796669456339224,True
tokyo_350248_relational_between,350248,stress_test,relational_between,flat,3,2018_3820554__event_001,33.22340591971709,True
tokyo_350248_relational_between,350248,stress_test,relational_between,flat,4,2018_3820558__event_001,33.22340591971709,True
tokyo_350248_relational_between,350248,stress_test,relational_between,flat,5,2018_3820558__event_002,32.982853754444434,True
tokyo_350248_relational_between,350248,stress_test,relational_between,flat,6,2018_3820552__event_001,32.66935164752342,True
tokyo_350248_relational_between,350248,stress_test,relational_between,flat,7,2018_3820523__event_002,31.894676508198476,True
tokyo_350248_relational_between,350248,stress_test,relational_between,flat,8,2018_3820524__event_006,28.00293405831579,True
tokyo_350248_relational_between,350248,stress_test,relational_between,flat,9,2018_3820554__event_002,27.787604964570168,True
tokyo_350248_relational_between,350248,stress_test,relational_between,flat,10,2018_3820524__event_005,23.974081543316068,True
tokyo_350248_relational_between,350248,stress_test,relational_between,flat,11,2018_3820552__event_003,3.823813254479886,True
tokyo_350248_relational_between,350248,stress_test,relational_between,flat,12,2018_3820543__event_001,3.3655347160250426,True
tokyo_350248_relational_between,350248,stress_test,relational_between,flat,13,2018_3820543__event_002,3.3655347160250426,True
tokyo_350248_relational_between,350248,stress_test,relational_between,flat,14,2018_3820535__event_001,3.2409066517937024,True
tokyo_350248_relational_between,350248,stress_test,relational_between,flat,15,2018_3820524__event_003,2.916865992888854,True
tokyo_350248_relational_between,350248,stress_test,relational_between,flat,16,2018_3820535__event_002,2.8927633511725577,True
tokyo_350248_relational_between,350248,stress_test,relational_between,flat,17,2018_3820524__event_002,2.7779880234992893,True
tokyo_350248_relational_between,350248,stress_test,relational_between,flat,18,2018_3820522__event_003,2.6649339723727246,True
tokyo_350248_relational_between,350248,stress_test,relational_between,flat,19,2018_3820522__event_002,0.9874239534118358,True
tokyo_350248_relational_between,350248,stress_test,relational_between,flat,20,2018_3820522__event_001,0.0,True
tokyo_350248_relational_between,350248,stress_test,relational_between,flat,21,2018_3820524__event_001,0.0,True
tokyo_350248_relational_between,350248,stress_test,relational_between,flat,22,2018_3820524__event_004,0.0,True
tokyo_350248_relational_between,350248,stress_test,relational_between,flat,23,2018_3820526__event_001,0.0,True
tokyo_350248_relational_between,350248,stress_test,relational_between,flat,24,2018_3820526__event_002,0.0,True
tokyo_350248_relational_between,350248,stress_test,relational_between,flat,25,2018_3820528__event_001,0.0,True
tokyo_350248_relational_between,350248,stress_test,relational_between,flat,26,2018_3820528__event_002,0.0,True
tokyo_350248_relational_between,350248,stress_test,relational_between,flat,27,2018_3820528__event_003,0.0,True
tokyo_350248_relational_between,350248,stress_test,relational_between,flat,28,2018_3820529__event_001,0.0,True
tokyo_350248_relational_between,350248,stress_test,relational_between,flat,29,2018_3820529__event_002,0.0,True
tokyo_350248_relational_between,350248,stress_test,relational_between,flat,30,2018_3820531__event_001,0.0,True
tokyo_350248_relational_between,350248,stress_test,relational_between,flat,31,2018_3820531__event_002,0.0,True
tokyo_350248_relational_between,350248,stress_test,relational_between,flat,32,2018_3820535__event_003,0.0,True
tokyo_350248_relational_between,350248,stress_test,relational_between,flat,33,2018_3820539__event_001,0.0,True
tokyo_350248_relational_between,350248,stress_test,relational_between,flat,34,2018_3820539__event_002,0.0,True
tokyo_350248_relational_between,350248,stress_test,relational_between,flat,35,2018_3820541__event_001,0.0,True
tokyo_350248_relational_between,350248,stress_test,relational_between,flat,36,2018_3820541__event_002,0.0,True
tokyo_350248_relational_between,350248,stress_test,relational_between,flat,37,2018_3820549__event_001,0.0,True
tokyo_350248_relational_between,350248,stress_test,relational_between,flat,38,2018_3820549__event_002,0.0,True
tokyo_350248_relational_between,350248,stress_test,relational_between,flat,39,2018_3820550__event_001,0.0,True
tokyo_350248_relational_between,350248,stress_test,relational_between,flat,40,2018_3820550__event_002,0.0,True
tokyo_350248_relational_between,350248,stress_test,relational_between,flat,41,2018_3820551__event_001,0.0,True
tokyo_350248_relational_between,350248,stress_test,relational_between,flat,42,2018_3820551__event_002,0.0,True
tokyo_350248_relational_between,350248,stress_test,relational_between,flat,43,2018_3820554__event_003,0.0,True
tokyo_350248_relational_between,350248,stress_test,relational_between,flat,44,2018_3820556__event_001,0.0,True
tokyo_350248_relational_between,350248,stress_test,relational_between,flat,45,2018_3820556__event_002,0.0,True
tokyo_350248_relational_between,350248,stress_test,relational_between,flat,46,2018_3820557__event_001,0.0,True
tokyo_350248_relational_between,350248,stress_test,relational_between,flat,47,2018_3820557__event_002,0.0,True
tokyo_350248_relational_between,350248,stress_test,relational_between,flat,48,2018_3820557__event_003,0.0,True
tokyo_350248_relational_between,350248,stress_test,relational_between,flat,49,2018_3820561__event_001,0.0,True
tokyo_350248_relational_between,350248,stress_test,relational_between,flat,50,2018_3820561__event_002,0.0,True
tokyo_350248_relational_between,350248,stress_test,relational_between,flat,51,2018_3820562__event_001,0.0,True
tokyo_350248_relational_between,350248,stress_test,relational_between,flat,52,2018_3820562__event_002,0.0,True
tokyo_350248_relational_between,350248,stress_test,relational_between,flat,53,2018_3820563__event_001,0.0,True
tokyo_350248_relational_between,350248,stress_test,relational_between,flat,54,2018_3820563__event_002,0.0,True
tokyo_356419_relational_between,356419,stress_test,relational_between,flat,1,2018_3855574__event_002,19.94205512570787,False
tokyo_356419_relational_between,356419,stress_test,relational_between,flat,2,2018_3855574__event_003,13.265223773045518,False
tokyo_356419_relational_between,356419,stress_test,relational_between,flat,3,2018_3855579__event_001,13.233892036084423,False
tokyo_356419_relational_between,356419,stress_test,relational_between,flat,4,2018_3855579__event_002,12.921395435132819,False
tokyo_356419_relational_between,356419,stress_test,relational_between,flat,5,2018_3855574__event_004,11.668286581201745,False
tokyo_356419_relational_between,356419,stress_test,relational_between,flat,6,2018_3855574__event_001,8.203941106471278,False
tokyo_356419_relational_between,356419,stress_test,relational_between,flat,7,2018_3855582__event_001,6.947459188188318,False
tokyo_356419_relational_between,356419,stress_test,relational_between,flat,8,2018_3855582__event_002,6.765569034615158,False
tokyo_356419_relational_between,356419,stress_test,relational_between,flat,9,2018_3855571__event_002,1.3868151966431537,False
tokyo_356419_relational_between,356419,stress_test,relational_between,flat,10,2018_3855585__event_002,1.338331991169358,False
tokyo_356419_relational_between,356419,stress_test,relational_between,flat,11,2018_3855574__event_005,1.3155202043331737,False
tokyo_356419_relational_between,356419,stress_test,relational_between,flat,12,2018_3855571__event_001,1.2927166720980932,False
tokyo_356419_relational_between,356419,stress_test,relational_between,flat,13,2018_3855571__event_003,1.2927166720980932,False
tokyo_356419_relational_between,356419,stress_test,relational_between,flat,14,2018_3855574__event_006,1.2593609504182148,False
tokyo_356419_relational_between,356419,stress_test,relational_between,flat,15,2018_3855593__event_001,0.8934818644376767,False
tokyo_356419_relational_between,356419,stress_test,relational_between,flat,16,2018_3855593__event_002,0.8186599537205854,False
tokyo_356419_relational_between,356419,stress_test,relational_between,flat,17,2018_3855572__event_001,0.7992474490477655,False
tokyo_356419_relational_between,356419,stress_test,relational_between,flat,18,2018_3855576__event_001,0.7992474490477655,False
tokyo_356419_relational_between,356419,stress_test,relational_between,flat,19,2018_3855583__event_001,0.7992474490477655,False
tokyo_356419_relational_between,356419,stress_test,relational_between,flat,20,2018_3855592__event_001,0.7992474490477655,False
tokyo_356419_relational_between,356419,stress_test,relational_between,flat,21,2018_3855572__event_002,0.7677881038921486,False
tokyo_356419_relational_between,356419,stress_test,relational_between,flat,22,2018_3855576__event_002,0.7677881038921486,False
tokyo_356419_relational_between,356419,stress_test,relational_between,flat,23,2018_3855583__event_002,0.7677881038921486,False
tokyo_356419_relational_between,356419,stress_test,relational_between,flat,24,2018_3855592__event_002,0.7677881038921486,False
tokyo_356419_relational_between,356419,stress_test,relational_between,flat,25,2018_3855580__event_002,0.06103287843358804,False
tokyo_356419_relational_between,356419,stress_test,relational_between,flat,26,2018_3855570__event_001,0.058097211478053225,False
tokyo_356419_relational_between,356419,stress_test,relational_between,flat,27,2018_3855570__event_002,0.058097211478053225,False
tokyo_356419_relational_between,356419,stress_test,relational_between,flat,28,2018_3855575__event_001,0.058097211478053225,False
tokyo_356419_relational_between,356419,stress_test,relational_between,flat,29,2018_3855575__event_002,0.058097211478053225,False
tokyo_356419_relational_between,356419,stress_test,relational_between,flat,30,2018_3855585__event_001,0.05718042321977886,False
tokyo_356419_relational_between,356419,stress_test,relational_between,flat,31,2018_3855594__event_002,0.05459581703629555,False
tokyo_356419_relational_between,356419,stress_test,relational_between,flat,32,2018_3855580__event_001,0.0,False
tokyo_356419_relational_between,356419,stress_test,relational_between,flat,33,2018_3855594__event_001,0.0,False
tokyo_35718_relational_between,35718,stress_test,relational_between,flat,1,2018_727134__event_002,27.968146296722562,False
tokyo_35718_relational_between,35718,stress_test,relational_between,flat,2,2018_727097__event_001,22.286451424213546,False
tokyo_35718_relational_between,35718,stress_test,relational_between,flat,3,2018_727097__event_002,22.286451424213546,False
tokyo_35718_relational_between,35718,stress_test,relational_between,flat,4,2018_727134__event_001,19.96648746406472,False
tokyo_35718_relational_between,35718,stress_test,relational_between,flat,5,2018_727134__event_003,19.96648746406472,False
tokyo_35718_relational_between,35718,stress_test,relational_between,flat,6,2018_727085__event_001,7.677737921929662,False
tokyo_35718_relational_between,35718,stress_test,relational_between,flat,7,2018_727085__event_002,7.677737921929662,False
tokyo_35718_relational_between,35718,stress_test,relational_between,flat,8,2018_727120__event_003,0.95278401901888,False
tokyo_35718_relational_between,35718,stress_test,relational_between,flat,9,2018_727120__event_001,0.9360427792628885,False
tokyo_35718_relational_between,35718,stress_test,relational_between,flat,10,2018_727120__event_002,0.8270525601481851,False
tokyo_35718_relational_between,35718,stress_test,relational_between,flat,11,2018_727082__event_001,0.0,False
tokyo_35718_relational_between,35718,stress_test,relational_between,flat,12,2018_727082__event_002,0.0,False
tokyo_35718_relational_between,35718,stress_test,relational_between,flat,13,2018_727082__event_003,0.0,False
tokyo_35718_relational_between,35718,stress_test,relational_between,flat,14,2018_727114__event_001,0.0,False
tokyo_35718_relational_between,35718,stress_test,relational_between,flat,15,2018_727114__event_002,0.0,False
tokyo_35718_relational_between,35718,stress_test,relational_between,flat,16,2018_727117__event_001,0.0,False
tokyo_35718_relational_between,35718,stress_test,relational_between,flat,17,2018_727117__event_002,0.0,False
tokyo_35718_relational_between,35718,stress_test,relational_between,flat,18,2018_727129__event_001,0.0,False
tokyo_35718_relational_between,35718,stress_test,relational_between,flat,19,2018_727129__event_002,0.0,False
tokyo_35718_relational_between,35718,stress_test,relational_between,flat,20,2018_727132__event_001,0.0,False
tokyo_35718_relational_between,35718,stress_test,relational_between,flat,21,2018_727132__event_002,0.0,False
tokyo_35718_relational_between,35718,stress_test,relational_between,flat,22,2018_727136__event_001,0.0,False
tokyo_35718_relational_between,35718,stress_test,relational_between,flat,23,2018_727136__event_002,0.0,False
tokyo_35718_relational_between,35718,stress_test,relational_between,flat,24,2018_727136__event_003,0.0,False
tokyo_35718_relational_between,35718,stress_test,relational_between,flat,25,2018_727143__event_001,0.0,False
tokyo_35718_relational_between,35718,stress_test,relational_between,flat,26,2018_727143__event_002,0.0,False
tokyo_362630_relational_between,362630,stress_test,relational_between,flat,1,2018_3889075__event_002,65.20234124927988,False
tokyo_362630_relational_between,362630,stress_test,relational_between,flat,2,2018_3889075__event_003,46.00864843180002,False
tokyo_362630_relational_between,362630,stress_test,relational_between,flat,3,2018_3889075__event_001,22.713849372756613,False
tokyo_362630_relational_between,362630,stress_test,relational_between,flat,4,2018_3889096__event_002,2.958090797566436,False
tokyo_362630_relational_between,362630,stress_test,relational_between,flat,5,2018_3889098__event_002,2.9357780579284163,False
tokyo_362630_relational_between,362630,stress_test,relational_between,flat,6,2018_3889074__event_002,2.3086795503758726,False
tokyo_362630_relational_between,362630,stress_test,relational_between,flat,7,2018_3889074__event_001,2.2641497150191765,False
tokyo_362630_relational_between,362630,stress_test,relational_between,flat,8,2018_3889084__event_002,1.6837784183146862,False
tokyo_362630_relational_between,362630,stress_test,relational_between,flat,9,2018_3889084__event_001,1.6521801439136459,False
tokyo_362630_relational_between,362630,stress_test,relational_between,flat,10,2018_3889077__event_001,1.5503500290596826,False
tokyo_362630_relational_between,362630,stress_test,relational_between,flat,11,2018_3889076__event_002,1.4976054068708509,False
tokyo_362630_relational_between,362630,stress_test,relational_between,flat,12,2018_3889072__event_001,1.4725564082736615,False
tokyo_362630_relational_between,362630,stress_test,relational_between,flat,13,2018_3889086__event_003,1.4725564082736615,False
tokyo_362630_relational_between,362630,stress_test,relational_between,flat,14,2018_3889077__event_002,1.4603435306747095,False
tokyo_362630_relational_between,362630,stress_test,relational_between,flat,15,2018_3889072__event_002,1.4483315656089921,False
tokyo_362630_relational_between,362630,stress_test,relational_between,flat,16,2018_3889076__event_001,1.4483315656089921,False
tokyo_362630_relational_between,362630,stress_test,relational_between,flat,17,2018_3889086__event_002,1.34850329431613,False
tokyo_362630_relational_between,362630,stress_test,relational_between,flat,18,2018_3889096__event_001,1.34850329431613,False
tokyo_362630_relational_between,362630,stress_test,relational_between,flat,19,2018_3889098__event_001,1.298770212842922,False
tokyo_362630_relational_between,362630,stress_test,relational_between,flat,20,2018_3889086__event_001,0.0,False
tokyo_362630_relational_between,362630,stress_test,relational_between,flat,21,2018_3889093__event_001,0.0,False
tokyo_362630_relational_between,362630,stress_test,relational_between,flat,22,2018_3889093__event_002,0.0,False
tokyo_362630_relational_between,362630,stress_test,relational_between,flat,23,2018_3889095__event_001,0.0,False
tokyo_362630_relational_between,362630,stress_test,relational_between,flat,24,2018_3889095__event_002,0.0,False
tokyo_36487_relational_between,36487,stress_test,relational_between,flat,1,2018_741725__event_003,67.34381186025334,False
tokyo_36487_relational_between,36487,stress_test,relational_between,flat,2,2018_741725__event_002,39.46240886059663,False
tokyo_36487_relational_between,36487,stress_test,relational_between,flat,3,2018_741725__event_001,38.870255537417606,False
tokyo_36487_relational_between,36487,stress_test,relational_between,flat,4,2018_741725__event_005,35.83826792588335,False
tokyo_36487_relational_between,36487,stress_test,relational_between,flat,5,2018_741725__event_004,33.45170526348785,False
tokyo_36487_relational_between,36487,stress_test,relational_between,flat,6,2018_741712__event_003,21.75253465442556,False
tokyo_36487_relational_between,36487,stress_test,relational_between,flat,7,2018_741721__event_001,21.547047747477947,False
tokyo_36487_relational_between,36487,stress_test,relational_between,flat,8,2018_741721__event_003,21.384572454491117,False
tokyo_36487_relational_between,36487,stress_test,relational_between,flat,9,2018_741707__event_002,19.748823058139372,False
tokyo_36487_relational_between,36487,stress_test,relational_between,flat,10,2018_741721__event_002,19.61261951761155,False
tokyo_36487_relational_between,36487,stress_test,relational_between,flat,11,2018_741707__event_001,19.215208860917247,False
tokyo_36487_relational_between,36487,stress_test,relational_between,flat,12,2018_741712__event_004,18.231110902935104,False
tokyo_36487_relational_between,36487,stress_test,relational_between,flat,13,2018_741712__event_005,17.239264454946735,False
tokyo_36487_relational_between,36487,stress_test,relational_between,flat,14,2018_741710__event_001,12.805390420601553,False
tokyo_36487_relational_between,36487,stress_test,relational_between,flat,15,2018_741710__event_002,12.576651295565716,False
tokyo_36487_relational_between,36487,stress_test,relational_between,flat,16,2018_741716__event_001,6.5968623706176395,False
tokyo_36487_relational_between,36487,stress_test,relational_between,flat,17,2018_741726__event_003,4.080134214516402,False
tokyo_36487_relational_between,36487,stress_test,relational_between,flat,18,2018_741726__event_002,3.9102360467122677,False
tokyo_36487_relational_between,36487,stress_test,relational_between,flat,19,2018_741699__event_002,3.8342258082960994,False
tokyo_36487_relational_between,36487,stress_test,relational_between,flat,20,2018_741716__event_002,3.772773913359834,False
tokyo_36487_relational_between,36487,stress_test,relational_between,flat,21,2018_741699__event_001,3.6838124298009403,False
tokyo_36487_relational_between,36487,stress_test,relational_between,flat,22,2018_741712__event_001,3.6428528553463075,False
tokyo_36487_relational_between,36487,stress_test,relational_between,flat,23,2018_741708__event_001,3.5447547517191706,False
tokyo_36487_relational_between,36487,stress_test,relational_between,flat,24,2018_741712__event_002,3.3012420458661644,False
tokyo_36487_relational_between,36487,stress_test,relational_between,flat,25,2018_741722__event_003,3.2787859322835593,False
tokyo_36487_relational_between,36487,stress_test,relational_between,flat,26,2018_741708__event_002,3.2672547555847298,False
tokyo_36487_relational_between,36487,stress_test,relational_between,flat,27,2018_741726__event_001,3.030048383467818,False
tokyo_36487_relational_between,36487,stress_test,relational_between,flat,28,2018_741716__event_003,2.9819390215257613,False
tokyo_36487_relational_between,36487,stress_test,relational_between,flat,29,2018_741722__event_001,2.9125727931902547,False
tokyo_36487_relational_between,36487,stress_test,relational_between,flat,30,2018_741708__event_003,2.8038663271043918,False
tokyo_36487_relational_between,36487,stress_test,relational_between,flat,31,2018_741722__event_004,2.555846341740085,False
tokyo_36487_relational_between,36487,stress_test,relational_between,flat,32,2018_741712__event_006,2.461603245839153,False
tokyo_36487_relational_between,36487,stress_test,relational_between,flat,33,2018_741722__event_002,2.362909832879682,False
tokyo_36487_relational_between,36487,stress_test,relational_between,flat,34,2018_741640__event_001,1.1836630753034723,False
tokyo_36487_relational_between,36487,stress_test,relational_between,flat,35,2018_741640__event_002,1.1836630753034723,False
tokyo_36487_relational_between,36487,stress_test,relational_between,flat,36,2018_741689__event_001,0.0,False
tokyo_36487_relational_between,36487,stress_test,relational_between,flat,37,2018_741689__event_002,0.0,False
tokyo_36487_relational_between,36487,stress_test,relational_between,flat,38,2018_741694__event_001,0.0,False
tokyo_36487_relational_between,36487,stress_test,relational_between,flat,39,2018_741694__event_002,0.0,False
tokyo_36487_relational_between,36487,stress_test,relational_between,flat,40,2018_741700__event_001,0.0,False
tokyo_36487_relational_between,36487,stress_test,relational_between,flat,41,2018_741700__event_002,0.0,False
tokyo_36487_relational_between,36487,stress_test,relational_between,flat,42,2018_741700__event_003,0.0,False
tokyo_36487_relational_between,36487,stress_test,relational_between,flat,43,2018_741700__event_004,0.0,False
tokyo_36487_relational_between,36487,stress_test,relational_between,flat,44,2018_741706__event_001,0.0,False
tokyo_36487_relational_between,36487,stress_test,relational_between,flat,45,2018_741706__event_002,0.0,False
tokyo_36487_relational_between,36487,stress_test,relational_between,flat,46,2018_741708__event_004,0.0,False
tokyo_36487_relational_between,36487,stress_test,relational_between,flat,47,2018_741711__event_001,0.0,False
tokyo_36487_relational_between,36487,stress_test,relational_between,flat,48,2018_741711__event_002,0.0,False
tokyo_36487_relational_between,36487,stress_test,relational_between,flat,49,2018_741714__event_001,0.0,False
tokyo_36487_relational_between,36487,stress_test,relational_between,flat,50,2018_741714__event_002,0.0,False
tokyo_36487_relational_between,36487,stress_test,relational_between,flat,51,2018_741714__event_003,0.0,False
tokyo_36487_relational_between,36487,stress_test,relational_between,flat,52,2018_741720__event_001,0.0,False
tokyo_36487_relational_between,36487,stress_test,relational_between,flat,53,2018_741720__event_002,0.0,False
tokyo_36487_relational_between,36487,stress_test,relational_between,flat,54,2018_741721__event_004,0.0,False
tokyo_365381_relational_between,365381,stress_test,relational_between,flat,1,2018_3903075__event_002,23.940088932897513,False
tokyo_365381_relational_between,365381,stress_test,relational_between,flat,2,2018_3903074__event_001,23.855663416780317,False
tokyo_365381_relational_between,365381,stress_test,relational_between,flat,3,2018_3903074__event_002,23.438751462573084,False
tokyo_365381_relational_between,365381,stress_test,relational_between,flat,4,2018_3903075__event_001,20.229001847821554,False
tokyo_365381_relational_between,365381,stress_test,relational_between,flat,5,2018_3903071__event_002,3.050547105657756,False
tokyo_365381_relational_between,365381,stress_test,relational_between,flat,6,2018_3903075__event_003,2.8687192496340033,False
tokyo_365381_relational_between,365381,stress_test,relational_between,flat,7,2018_3903071__event_001,2.844498346771909,False
tokyo_365381_relational_between,365381,stress_test,relational_between,flat,8,2018_3903077__event_001,1.880701979340109,False
tokyo_365381_relational_between,365381,stress_test,relational_between,flat,9,2018_3903088__event_002,1.880701979340109,False
tokyo_365381_relational_between,365381,stress_test,relational_between,flat,10,2018_3903074__event_003,1.8093550414630566,False
tokyo_365381_relational_between,365381,stress_test,relational_between,flat,11,2018_3903077__event_002,1.7274391561232914,False
tokyo_365381_relational_between,365381,stress_test,relational_between,flat,12,2018_3903088__event_001,1.7274391561232914,False
tokyo_365381_relational_between,365381,stress_test,relational_between,flat,13,2018_3903079__event_002,1.2549298292769537,False
tokyo_365381_relational_between,365381,stress_test,relational_between,flat,14,2018_3903079__event_001,1.244244102028015,False
tokyo_365381_relational_between,365381,stress_test,relational_between,flat,15,2018_3903087__event_001,1.1742527674446466,False
tokyo_365381_relational_between,365381,stress_test,relational_between,flat,16,2018_3903087__event_002,1.1742527674446466,False
tokyo_365381_relational_between,365381,stress_test,relational_between,flat,17,2018_3903070__event_001,1.137683024047315,False
tokyo_365381_relational_between,365381,stress_test,relational_between,flat,18,2018_3903070__event_002,1.1288937421275675,False
tokyo_365381_relational_between,365381,stress_test,relational_between,flat,19,2018_3903086__event_001,1.0950539546939824,False
tokyo_365381_relational_between,365381,stress_test,relational_between,flat,20,2018_3903086__event_002,1.0950539546939824,False
tokyo_365381_relational_between,365381,stress_test,relational_between,flat,21,2018_3903076__event_001,0.0,False
tokyo_365381_relational_between,365381,stress_test,relational_between,flat,22,2018_3903076__event_002,0.0,False
tokyo_365381_relational_between,365381,stress_test,relational_between,flat,23,2018_3903084__event_001,0.0,False
tokyo_365381_relational_between,365381,stress_test,relational_between,flat,24,2018_3903084__event_002,0.0,False
tokyo_41088_relational_between,41088,stress_test,relational_between,flat,1,2018_830969__event_002,19.307790766252225,True
tokyo_41088_relational_between,41088,stress_test,relational_between,flat,2,2018_831017__event_001,19.307790766252225,True
tokyo_41088_relational_between,41088,stress_test,relational_between,flat,3,2018_830990__event_002,18.0903057876594,True
tokyo_41088_relational_between,41088,stress_test,relational_between,flat,4,2018_831017__event_002,17.257283425611405,True
tokyo_41088_relational_between,41088,stress_test,relational_between,flat,5,2018_830969__event_001,16.643119462221243,True
tokyo_41088_relational_between,41088,stress_test,relational_between,flat,6,2018_830990__event_001,16.643119462221243,True
tokyo_41088_relational_between,41088,stress_test,relational_between,flat,7,2018_830990__event_003,16.643119462221243,True
tokyo_41088_relational_between,41088,stress_test,relational_between,flat,8,2018_830970__event_002,2.311267860649819,True
tokyo_41088_relational_between,41088,stress_test,relational_between,flat,9,2018_830978__event_003,2.311267860649819,True
tokyo_41088_relational_between,41088,stress_test,relational_between,flat,10,2018_831000__event_003,2.311267860649819,True
tokyo_41088_relational_between,41088,stress_test,relational_between,flat,11,2018_831017__event_003,2.311267860649819,True
tokyo_41088_relational_between,41088,stress_test,relational_between,flat,12,2018_831000__event_002,2.277314385492378,True
tokyo_41088_relational_between,41088,stress_test,relational_between,flat,13,2018_831020__event_002,2.277314385492378,True
tokyo_41088_relational_between,41088,stress_test,relational_between,flat,14,2018_830970__event_001,2.1911868027825783,True
tokyo_41088_relational_between,41088,stress_test,relational_between,flat,15,2018_830978__event_002,2.156843952845904,True
tokyo_41088_relational_between,41088,stress_test,relational_between,flat,16,2018_830981__event_002,2.156843952845904,True
tokyo_41088_relational_between,41088,stress_test,relational_between,flat,17,2018_830987__event_002,2.156843952845904,True
tokyo_41088_relational_between,41088,stress_test,relational_between,flat,18,2018_830997__event_002,2.156843952845904,True
tokyo_41088_relational_between,41088,stress_test,relational_between,flat,19,2018_831010__event_002,2.156843952845904,True
tokyo_41088_relational_between,41088,stress_test,relational_between,flat,20,2018_830981__event_003,2.1470770597992965,True
tokyo_41088_relational_between,41088,stress_test,relational_between,flat,21,2018_830987__event_003,2.1470770597992965,True
tokyo_41088_relational_between,41088,stress_test,relational_between,flat,22,2018_830997__event_003,2.1470770597992965,True
tokyo_41088_relational_between,41088,stress_test,relational_between,flat,23,2018_831010__event_003,2.1470770597992965,True
tokyo_41088_relational_between,41088,stress_test,relational_between,flat,24,2018_831020__event_003,2.1470770597992965,True
tokyo_41088_relational_between,41088,stress_test,relational_between,flat,25,2018_830993__event_002,1.702265097040122,True
tokyo_41088_relational_between,41088,stress_test,relational_between,flat,26,2018_831006__event_002,1.702265097040122,True
tokyo_41088_relational_between,41088,stress_test,relational_between,flat,27,2018_830993__event_001,1.657738337183976,True
tokyo_41088_relational_between,41088,stress_test,relational_between,flat,28,2018_831006__event_001,1.657738337183976,True
tokyo_41088_relational_between,41088,stress_test,relational_between,flat,29,2018_830992__event_001,1.4660043271920713,True
tokyo_41088_relational_between,41088,stress_test,relational_between,flat,30,2018_831008__event_001,1.4168427200523797,True
tokyo_41088_relational_between,41088,stress_test,relational_between,flat,31,2018_831008__event_002,1.356203391680573,True
tokyo_41088_relational_between,41088,stress_test,relational_between,flat,32,2018_830992__event_002,1.287332834147221,True
tokyo_41088_relational_between,41088,stress_test,relational_between,flat,33,2018_830972__event_002,1.0832765525626709,True
tokyo_41088_relational_between,41088,stress_test,relational_between,flat,34,2018_830972__event_001,0.9947140125587648,True
tokyo_41088_relational_between,41088,stress_test,relational_between,flat,35,2018_830978__event_001,0.9947140125587648,True
tokyo_41088_relational_between,41088,stress_test,relational_between,flat,36,2018_830999__event_001,0.9947140125587648,True
tokyo_41088_relational_between,41088,stress_test,relational_between,flat,37,2018_830999__event_002,0.9947140125587648,True
tokyo_41088_relational_between,41088,stress_test,relational_between,flat,38,2018_831000__event_001,0.9947140125587648,True
tokyo_41088_relational_between,41088,stress_test,relational_between,flat,39,2018_831026__event_001,0.9947140125587648,True
tokyo_41088_relational_between,41088,stress_test,relational_between,flat,40,2018_831026__event_002,0.9947140125587648,True
tokyo_41088_relational_between,41088,stress_test,relational_between,flat,41,2018_831032__event_002,0.9947140125587648,True
tokyo_41088_relational_between,41088,stress_test,relational_between,flat,42,2018_831034__event_001,0.9947140125587648,True
tokyo_41088_relational_between,41088,stress_test,relational_between,flat,43,2018_830981__event_001,0.9483242395746292,True
tokyo_41088_relational_between,41088,stress_test,relational_between,flat,44,2018_830985__event_001,0.9483242395746292,True
tokyo_41088_relational_between,41088,stress_test,relational_between,flat,45,2018_830985__event_002,0.9483242395746292,True
tokyo_41088_relational_between,41088,stress_test,relational_between,flat,46,2018_830987__event_001,0.9483242395746292,True
tokyo_41088_relational_between,41088,stress_test,relational_between,flat,47,2018_830988__event_001,0.9483242395746292,True
tokyo_41088_relational_between,41088,stress_test,relational_between,flat,48,2018_830988__event_002,0.9483242395746292,True
tokyo_41088_relational_between,41088,stress_test,relational_between,flat,49,2018_830997__event_001,0.9483242395746292,True
tokyo_41088_relational_between,41088,stress_test,relational_between,flat,50,2018_831010__event_001,0.9483242395746292,True
tokyo_41088_relational_between,41088,stress_test,relational_between,flat,51,2018_831020__event_001,0.9483242395746292,True
tokyo_41088_relational_between,41088,stress_test,relational_between,flat,52,2018_831032__event_001,0.9483242395746292,True
tokyo_41088_relational_between,41088,stress_test,relational_between,flat,53,2018_831034__event_002,0.9483242395746292,True
tokyo_41088_relational_between,41088,stress_test,relational_between,flat,54,2018_831024__event_001,0.6827602081144244,True
tokyo_41088_relational_between,41088,stress_test,relational_between,flat,55,2018_831024__event_002,0.49873426116253516,True
tokyo_41088_relational_between,41088,stress_test,relational_between,flat,56,2018_830966__event_001,0.0,True
tokyo_41088_relational_between,41088,stress_test,relational_between,flat,57,2018_830966__event_002,0.0,True
tokyo_41088_relational_between,41088,stress_test,relational_between,flat,58,2018_830967__event_001,0.0,True
tokyo_41088_relational_between,41088,stress_test,relational_between,flat,59,2018_830967__event_002,0.0,True
tokyo_41088_relational_between,41088,stress_test,relational_between,flat,60,2018_830973__event_001,0.0,True
tokyo_41088_relational_between,41088,stress_test,relational_between,flat,61,2018_830973__event_002,0.0,True
tokyo_41088_relational_between,41088,stress_test,relational_between,flat,62,2018_830976__event_001,0.0,True
tokyo_41088_relational_between,41088,stress_test,relational_between,flat,63,2018_830976__event_002,0.0,True
tokyo_41088_relational_between,41088,stress_test,relational_between,flat,64,2018_830976__event_003,0.0,True
tokyo_41088_relational_between,41088,stress_test,relational_between,flat,65,2018_830980__event_001,0.0,True
tokyo_41088_relational_between,41088,stress_test,relational_between,flat,66,2018_830980__event_002,0.0,True
tokyo_41088_relational_between,41088,stress_test,relational_between,flat,67,2018_830982__event_001,0.0,True
tokyo_41088_relational_between,41088,stress_test,relational_between,flat,68,2018_830982__event_002,0.0,True
tokyo_41088_relational_between,41088,stress_test,relational_between,flat,69,2018_830983__event_001,0.0,True
tokyo_41088_relational_between,41088,stress_test,relational_between,flat,70,2018_830983__event_002,0.0,True
tokyo_41088_relational_between,41088,stress_test,relational_between,flat,71,2018_830991__event_001,0.0,True
tokyo_41088_relational_between,41088,stress_test,relational_between,flat,72,2018_830991__event_002,0.0,True
tokyo_41088_relational_between,41088,stress_test,relational_between,flat,73,2018_831021__event_001,0.0,True
tokyo_41088_relational_between,41088,stress_test,relational_between,flat,74,2018_831021__event_002,0.0,True
tokyo_41088_relational_between,41088,stress_test,relational_between,flat,75,2018_831024__event_003,0.0,True
tokyo_41088_relational_between,41088,stress_test,relational_between,flat,76,2018_831031__event_001,0.0,True
tokyo_41088_relational_between,41088,stress_test,relational_between,flat,77,2018_831031__event_002,0.0,True
tokyo_42282_relational_between,42282,stress_test,relational_between,flat,1,2018_852454__event_002,26.069201945245013,False
tokyo_42282_relational_between,42282,stress_test,relational_between,flat,2,2018_852454__event_004,14.849806586427881,False
tokyo_42282_relational_between,42282,stress_test,relational_between,flat,3,2018_852473__event_002,14.584910135806306,False
tokyo_42282_relational_between,42282,stress_test,relational_between,flat,4,2018_852473__event_001,13.998861209428387,False
tokyo_42282_relational_between,42282,stress_test,relational_between,flat,5,2018_852454__event_003,12.373863524906401,False
tokyo_42282_relational_between,42282,stress_test,relational_between,flat,6,2018_852454__event_001,8.830377044522569,False
tokyo_42282_relational_between,42282,stress_test,relational_between,flat,7,2018_852419__event_001,7.80350974068622,False
tokyo_42282_relational_between,42282,stress_test,relational_between,flat,8,2018_852419__event_002,7.80350974068622,False
tokyo_42282_relational_between,42282,stress_test,relational_between,flat,9,2018_852486__event_001,0.9828483052942477,False
tokyo_42282_relational_between,42282,stress_test,relational_between,flat,10,2018_852486__event_002,0.9828483052942477,False
tokyo_42282_relational_between,42282,stress_test,relational_between,flat,11,2018_852427__event_002,0.820777128307903,False
tokyo_42282_relational_between,42282,stress_test,relational_between,flat,12,2018_852441__event_002,0.771314592715972,False
tokyo_42282_relational_between,42282,stress_test,relational_between,flat,13,2018_852451__event_001,0.4598106579734353,False
tokyo_42282_relational_between,42282,stress_test,relational_between,flat,14,2018_852420__event_002,0.4567340486517619,False
tokyo_42282_relational_between,42282,stress_test,relational_between,flat,15,2018_852475__event_001,0.4419485809776445,False
tokyo_42282_relational_between,42282,stress_test,relational_between,flat,16,2018_852475__event_002,0.4419485809776445,False
tokyo_42282_relational_between,42282,stress_test,relational_between,flat,17,2018_852420__event_001,0.31850619023969967,False
tokyo_42282_relational_between,42282,stress_test,relational_between,flat,18,2018_852451__event_002,0.3155613508812639,False
tokyo_42282_relational_between,42282,stress_test,relational_between,flat,19,2018_852427__event_001,0.0,False
tokyo_42282_relational_between,42282,stress_test,relational_between,flat,20,2018_852433__event_001,0.0,False
tokyo_42282_relational_between,42282,stress_test,relational_between,flat,21,2018_852433__event_002,0.0,False
tokyo_42282_relational_between,42282,stress_test,relational_between,flat,22,2018_852441__event_001,0.0,False
tokyo_42282_relational_between,42282,stress_test,relational_between,flat,23,2018_852463__event_001,0.0,False
tokyo_42282_relational_between,42282,stress_test,relational_between,flat,24,2018_852463__event_002,0.0,False
tokyo_44616_relational_between,44616,stress_test,relational_between,flat,1,2018_895858__event_002,47.71837726108354,False
tokyo_44616_relational_between,44616,stress_test,relational_between,flat,2,2018_895858__event_001,40.93005958291836,False
tokyo_44616_relational_between,44616,stress_test,relational_between,flat,3,2018_895857__event_001,13.92919726726208,False
tokyo_44616_relational_between,44616,stress_test,relational_between,flat,4,2018_895858__event_003,13.21083872468068,False
tokyo_44616_relational_between,44616,stress_test,relational_between,flat,5,2018_895859__event_002,10.648148787325525,False
tokyo_44616_relational_between,44616,stress_test,relational_between,flat,6,2018_895857__event_002,9.737440205221102,False
tokyo_44616_relational_between,44616,stress_test,relational_between,flat,7,2018_895859__event_003,8.339073408617239,False
tokyo_44616_relational_between,44616,stress_test,relational_between,flat,8,2018_895859__event_001,8.019181084417825,False
tokyo_44616_relational_between,44616,stress_test,relational_between,flat,9,2018_895860__event_001,4.497258280542612,False
tokyo_44616_relational_between,44616,stress_test,relational_between,flat,10,2018_895859__event_004,4.155237988081874,False
tokyo_44616_relational_between,44616,stress_test,relational_between,flat,11,2018_895848__event_001,1.5369945898671775,False
tokyo_44616_relational_between,44616,stress_test,relational_between,flat,12,2018_895852__event_005,1.1224035477162453,False
tokyo_44616_relational_between,44616,stress_test,relational_between,flat,13,2018_895852__event_004,1.1022421575139267,False
tokyo_44616_relational_between,44616,stress_test,relational_between,flat,14,2018_895852__event_006,1.0114044224789691,False
tokyo_44616_relational_between,44616,stress_test,relational_between,flat,15,2018_895862__event_003,0.9791277590135645,False
tokyo_44616_relational_between,44616,stress_test,relational_between,flat,16,2018_895848__event_002,0.0,False
tokyo_44616_relational_between,44616,stress_test,relational_between,flat,17,2018_895848__event_003,0.0,False
tokyo_44616_relational_between,44616,stress_test,relational_between,flat,18,2018_895850__event_001,0.0,False
tokyo_44616_relational_between,44616,stress_test,relational_between,flat,19,2018_895850__event_002,0.0,False
tokyo_44616_relational_between,44616,stress_test,relational_between,flat,20,2018_895850__event_003,0.0,False
tokyo_44616_relational_between,44616,stress_test,relational_between,flat,21,2018_895850__event_004,0.0,False
tokyo_44616_relational_between,44616,stress_test,relational_between,flat,22,2018_895852__event_001,0.0,False
tokyo_44616_relational_between,44616,stress_test,relational_between,flat,23,2018_895852__event_002,0.0,False
tokyo_44616_relational_between,44616,stress_test,relational_between,flat,24,2018_895852__event_003,0.0,False
tokyo_44616_relational_between,44616,stress_test,relational_between,flat,25,2018_895852__event_007,0.0,False
tokyo_44616_relational_between,44616,stress_test,relational_between,flat,26,2018_895854__event_001,0.0,False
tokyo_44616_relational_between,44616,stress_test,relational_between,flat,27,2018_895854__event_002,0.0,False
tokyo_44616_relational_between,44616,stress_test,relational_between,flat,28,2018_895854__event_003,0.0,False
tokyo_44616_relational_between,44616,stress_test,relational_between,flat,29,2018_895854__event_004,0.0,False
tokyo_44616_relational_between,44616,stress_test,relational_between,flat,30,2018_895854__event_005,0.0,False
tokyo_44616_relational_between,44616,stress_test,relational_between,flat,31,2018_895855__event_001,0.0,False
tokyo_44616_relational_between,44616,stress_test,relational_between,flat,32,2018_895855__event_002,0.0,False
tokyo_44616_relational_between,44616,stress_test,relational_between,flat,33,2018_895855__event_003,0.0,False
tokyo_44616_relational_between,44616,stress_test,relational_between,flat,34,2018_895855__event_004,0.0,False
tokyo_44616_relational_between,44616,stress_test,relational_between,flat,35,2018_895859__event_005,0.0,False
tokyo_44616_relational_between,44616,stress_test,relational_between,flat,36,2018_895860__event_002,0.0,False
tokyo_44616_relational_between,44616,stress_test,relational_between,flat,37,2018_895860__event_003,0.0,False
tokyo_44616_relational_between,44616,stress_test,relational_between,flat,38,2018_895862__event_001,0.0,False
tokyo_44616_relational_between,44616,stress_test,relational_between,flat,39,2018_895862__event_002,0.0,False
tokyo_45189_relational_between,45189,stress_test,relational_between,flat,1,2018_907314__event_002,41.07370977570401,False
tokyo_45189_relational_between,45189,stress_test,relational_between,flat,2,2018_907314__event_001,30.565378213704914,False
tokyo_45189_relational_between,45189,stress_test,relational_between,flat,3,2018_907304__event_002,15.817482176604425,False
tokyo_45189_relational_between,45189,stress_test,relational_between,flat,4,2018_907304__event_001,15.405047656901978,False
tokyo_45189_relational_between,45189,stress_test,relational_between,flat,5,2018_907321__event_001,15.366114433228827,False
tokyo_45189_relational_between,45189,stress_test,relational_between,flat,6,2018_907321__event_002,15.213308999326395,False
tokyo_45189_relational_between,45189,stress_test,relational_between,flat,7,2018_907314__event_003,14.772599005139647,False
tokyo_45189_relational_between,45189,stress_test,relational_between,flat,8,2018_907313__event_005,4.375765340229685,False
tokyo_45189_relational_between,45189,stress_test,relational_between,flat,9,2018_907313__event_004,4.2083680433578525,False
tokyo_45189_relational_between,45189,stress_test,relational_between,flat,10,2018_907313__event_003,4.090990727161556,False
tokyo_45189_relational_between,45189,stress_test,relational_between,flat,11,2018_907300__event_001,3.4849766496588144,False
tokyo_45189_relational_between,45189,stress_test,relational_between,flat,12,2018_907300__event_002,3.399055134627778,False
tokyo_45189_relational_between,45189,stress_test,relational_between,flat,13,2018_907299__event_002,3.222666579254386,False
tokyo_45189_relational_between,45189,stress_test,relational_between,flat,14,2018_907299__event_001,3.185436142802742,False
tokyo_45189_relational_between,45189,stress_test,relational_between,flat,15,2018_907322__event_001,3.113497657192924,False
tokyo_45189_relational_between,45189,stress_test,relational_between,flat,16,2018_907297__event_001,3.0787332796003275,False
tokyo_45189_relational_between,45189,stress_test,relational_between,flat,17,2018_907297__event_002,3.0787332796003275,False
tokyo_45189_relational_between,45189,stress_test,relational_between,flat,18,2018_907301__event_001,3.011482661872054,False
tokyo_45189_relational_between,45189,stress_test,relational_between,flat,19,2018_907301__event_002,3.011482661872054,False
tokyo_45189_relational_between,45189,stress_test,relational_between,flat,20,2018_907322__event_002,2.9471072308786375,False
tokyo_45189_relational_between,45189,stress_test,relational_between,flat,21,2018_907312__event_001,0.0,False
tokyo_45189_relational_between,45189,stress_test,relational_between,flat,22,2018_907312__event_002,0.0,False
tokyo_45189_relational_between,45189,stress_test,relational_between,flat,23,2018_907312__event_003,0.0,False
tokyo_45189_relational_between,45189,stress_test,relational_between,flat,24,2018_907313__event_001,0.0,False
tokyo_45189_relational_between,45189,stress_test,relational_between,flat,25,2018_907313__event_002,0.0,False
tokyo_45205_relational_between,45205,stress_test,relational_between,flat,1,2018_907559__event_005,25.12635016846994,True
tokyo_45205_relational_between,45205,stress_test,relational_between,flat,2,2018_907546__event_003,22.43889867034747,True
tokyo_45205_relational_between,45205,stress_test,relational_between,flat,3,2018_907560__event_006,22.43889867034747,True
tokyo_45205_relational_between,45205,stress_test,relational_between,flat,4,2018_907587__event_002,22.43889867034747,True
tokyo_45205_relational_between,45205,stress_test,relational_between,flat,5,2018_907581__event_003,22.203996067932547,True
tokyo_45205_relational_between,45205,stress_test,relational_between,flat,6,2018_907586__event_002,21.958956013473276,True
tokyo_45205_relational_between,45205,stress_test,relational_between,flat,7,2018_907546__event_002,21.75418934078374,True
tokyo_45205_relational_between,45205,stress_test,relational_between,flat,8,2018_907554__event_002,21.75418934078374,True
tokyo_45205_relational_between,45205,stress_test,relational_between,flat,9,2018_907580__event_002,21.75418934078374,True
tokyo_45205_relational_between,45205,stress_test,relational_between,flat,10,2018_907587__event_003,21.75418934078374,True
tokyo_45205_relational_between,45205,stress_test,relational_between,flat,11,2018_907579__event_002,21.110600643053534,True
tokyo_45205_relational_between,45205,stress_test,relational_between,flat,12,2018_907492__event_004,21.049939383483522,True
tokyo_45205_relational_between,45205,stress_test,relational_between,flat,13,2018_907544__event_004,21.049939383483522,True
tokyo_45205_relational_between,45205,stress_test,relational_between,flat,14,2018_907546__event_001,21.049939383483522,True
tokyo_45205_relational_between,45205,stress_test,relational_between,flat,15,2018_907554__event_003,21.049939383483522,True
tokyo_45205_relational_between,45205,stress_test,relational_between,flat,16,2018_907580__event_001,21.049939383483522,True
tokyo_45205_relational_between,45205,stress_test,relational_between,flat,17,2018_907586__event_001,21.049939383483522,True
tokyo_45205_relational_between,45205,stress_test,relational_between,flat,18,2018_907587__event_004,21.049939383483522,True
tokyo_45205_relational_between,45205,stress_test,relational_between,flat,19,2018_907492__event_003,20.539778511576667,True
tokyo_45205_relational_between,45205,stress_test,relational_between,flat,20,2018_907559__event_004,20.539778511576667,True
tokyo_45205_relational_between,45205,stress_test,relational_between,flat,21,2018_907522__event_001,19.07693678210223,True
tokyo_45205_relational_between,45205,stress_test,relational_between,flat,22,2018_907522__event_002,19.07693678210223,True
tokyo_45205_relational_between,45205,stress_test,relational_between,flat,23,2018_907562__event_001,19.07693678210223,True
tokyo_45205_relational_between,45205,stress_test,relational_between,flat,24,2018_907562__event_002,19.07693678210223,True
tokyo_45205_relational_between,45205,stress_test,relational_between,flat,25,2018_907544__event_003,19.004485874505182,True
tokyo_45205_relational_between,45205,stress_test,relational_between,flat,26,2018_907565__event_002,18.982766789043584,True
tokyo_45205_relational_between,45205,stress_test,relational_between,flat,27,2018_907559__event_003,18.863486438594283,True
tokyo_45205_relational_between,45205,stress_test,relational_between,flat,28,2018_907477__event_001,18.033147958298272,True
tokyo_45205_relational_between,45205,stress_test,relational_between,flat,29,2018_907563__event_002,17.932180460422675,True
tokyo_45205_relational_between,45205,stress_test,relational_between,flat,30,2018_907488__event_002,17.849787354164057,True
tokyo_45205_relational_between,45205,stress_test,relational_between,flat,31,2018_907477__event_002,17.800862115415413,True
tokyo_45205_relational_between,45205,stress_test,relational_between,flat,32,2018_907546__event_004,17.568301946955156,True
tokyo_45205_relational_between,45205,stress_test,relational_between,flat,33,2018_907565__event_001,17.568301946955156,True
tokyo_45205_relational_between,45205,stress_test,relational_between,flat,34,2018_907587__event_001,17.568301946955156,True
tokyo_45205_relational_between,45205,stress_test,relational_between,flat,35,2018_907502__event_002,17.474689178891666,True
tokyo_45205_relational_between,45205,stress_test,relational_between,flat,36,2018_907563__event_003,17.088506704576716,True
tokyo_45205_relational_between,45205,stress_test,relational_between,flat,37,2018_907579__event_001,17.005143719332505,True
tokyo_45205_relational_between,45205,stress_test,relational_between,flat,38,2018_907560__event_005,15.743485978185053,True
tokyo_45205_relational_between,45205,stress_test,relational_between,flat,39,2018_907496__event_002,14.672991646925153,True
tokyo_45205_relational_between,45205,stress_test,relational_between,flat,40,2018_907488__event_001,14.551510521769911,True
tokyo_45205_relational_between,45205,stress_test,relational_between,flat,41,2018_907559__event_006,14.551510521769911,True
tokyo_45205_relational_between,45205,stress_test,relational_between,flat,42,2018_907502__event_001,14.314484598644663,True
tokyo_45205_relational_between,45205,stress_test,relational_between,flat,43,2018_907481__event_002,14.19884388648389,True
tokyo_45205_relational_between,45205,stress_test,relational_between,flat,44,2018_907489__event_001,14.19884388648389,True
tokyo_45205_relational_between,45205,stress_test,relational_between,flat,45,2018_907497__event_001,14.19884388648389,True
tokyo_45205_relational_between,45205,stress_test,relational_between,flat,46,2018_907549__event_001,14.19884388648389,True
tokyo_45205_relational_between,45205,stress_test,relational_between,flat,47,2018_907496__event_001,14.085056626600347,True
tokyo_45205_relational_between,45205,stress_test,relational_between,flat,48,2018_907567__event_001,14.085056626600347,True
tokyo_45205_relational_between,45205,stress_test,relational_between,flat,49,2018_907479__event_003,13.86286703612639,True
tokyo_45205_relational_between,45205,stress_test,relational_between,flat,50,2018_907481__event_001,13.86286703612639,True
tokyo_45205_relational_between,45205,stress_test,relational_between,flat,51,2018_907489__event_002,13.86286703612639,True
tokyo_45205_relational_between,45205,stress_test,relational_between,flat,52,2018_907497__event_002,13.86286703612639,True
tokyo_45205_relational_between,45205,stress_test,relational_between,flat,53,2018_907549__event_002,13.86286703612639,True
tokyo_45205_relational_between,45205,stress_test,relational_between,flat,54,2018_907583__event_002,13.86286703612639,True
tokyo_45205_relational_between,45205,stress_test,relational_between,flat,55,2018_907540__event_001,13.754380423874093,True
tokyo_45205_relational_between,45205,stress_test,relational_between,flat,56,2018_907581__event_001,13.754380423874093,True
tokyo_45205_relational_between,45205,stress_test,relational_between,flat,57,2018_907583__event_001,13.754380423874093,True
tokyo_45205_relational_between,45205,stress_test,relational_between,flat,58,2018_907529__event_001,13.542422602166718,True
tokyo_45205_relational_between,45205,stress_test,relational_between,flat,59,2018_907478__event_001,13.438874695287996,True
tokyo_45205_relational_between,45205,stress_test,relational_between,flat,60,2018_907540__event_002,13.438874695287996,True
tokyo_45205_relational_between,45205,stress_test,relational_between,flat,61,2018_907567__event_002,13.438874695287996,True
tokyo_45205_relational_between,45205,stress_test,relational_between,flat,62,2018_907576__event_001,13.336898266086424,True
tokyo_45205_relational_between,45205,stress_test,relational_between,flat,63,2018_907528__event_001,13.236457810069565,True
tokyo_45205_relational_between,45205,stress_test,relational_between,flat,64,2018_907529__event_002,13.236457810069565,True
tokyo_45205_relational_between,45205,stress_test,relational_between,flat,65,2018_907576__event_002,13.13751888429073,True
tokyo_45205_relational_between,45205,stress_test,relational_between,flat,66,2018_907536__event_001,13.079282060850742,True
tokyo_45205_relational_between,45205,stress_test,relational_between,flat,67,2018_907541__event_001,13.079282060850742,True
tokyo_45205_relational_between,45205,stress_test,relational_between,flat,68,2018_907478__event_002,13.04004806796947,True
tokyo_45205_relational_between,45205,stress_test,relational_between,flat,69,2018_907528__event_002,13.04004806796947,True
tokyo_45205_relational_between,45205,stress_test,relational_between,flat,70,2018_907560__event_004,13.04004806796947,True
tokyo_45205_relational_between,45205,stress_test,relational_between,flat,71,2018_907581__event_002,13.04004806796947,True
tokyo_45205_relational_between,45205,stress_test,relational_between,flat,72,2018_907536__event_002,12.80646000620614,True
tokyo_45205_relational_between,45205,stress_test,relational_between,flat,73,2018_907541__event_002,12.80646000620614,True
tokyo_45205_relational_between,45205,stress_test,relational_between,flat,74,2018_907538__event_002,12.756124621487027,True
tokyo_45205_relational_between,45205,stress_test,relational_between,flat,75,2018_907563__event_004,12.756124621487027,True
tokyo_45205_relational_between,45205,stress_test,relational_between,flat,76,2018_907475__event_002,12.664211195227931,True
tokyo_45205_relational_between,45205,stress_test,relational_between,flat,77,2018_907543__event_001,12.664211195227931,True
tokyo_45205_relational_between,45205,stress_test,relational_between,flat,78,2018_907469__event_003,12.48430154963763,True
tokyo_45205_relational_between,45205,stress_test,relational_between,flat,79,2018_907499__event_001,12.48430154963763,True
tokyo_45205_relational_between,45205,stress_test,relational_between,flat,80,2018_907523__event_001,12.48430154963763,True
tokyo_45205_relational_between,45205,stress_test,relational_between,flat,81,2018_907523__event_002,12.48430154963763,True
tokyo_45205_relational_between,45205,stress_test,relational_between,flat,82,2018_907524__event_001,12.48430154963763,True
tokyo_45205_relational_between,45205,stress_test,relational_between,flat,83,2018_907524__event_002,12.48430154963763,True
tokyo_45205_relational_between,45205,stress_test,relational_between,flat,84,2018_907530__event_003,12.48430154963763,True
tokyo_45205_relational_between,45205,stress_test,relational_between,flat,85,2018_907531__event_001,12.48430154963763,True
tokyo_45205_relational_between,45205,stress_test,relational_between,flat,86,2018_907531__event_002,12.48430154963763,True
tokyo_45205_relational_between,45205,stress_test,relational_between,flat,87,2018_907538__event_001,12.48430154963763,True
tokyo_45205_relational_between,45205,stress_test,relational_between,flat,88,2018_907543__event_002,12.48430154963763,True
tokyo_45205_relational_between,45205,stress_test,relational_between,flat,89,2018_907564__event_003,12.48430154963763,True
tokyo_45205_relational_between,45205,stress_test,relational_between,flat,90,2018_907475__event_001,12.396250074375976,True
tokyo_45205_relational_between,45205,stress_test,relational_between,flat,91,2018_907479__event_002,12.396250074375976,True
tokyo_45205_relational_between,45205,stress_test,relational_between,flat,92,2018_907559__event_002,12.396250074375976,True
tokyo_45205_relational_between,45205,stress_test,relational_between,flat,93,2018_907492__event_002,11.909704927702593,True
tokyo_45205_relational_between,45205,stress_test,relational_between,flat,94,2018_907469__event_002,11.81303093481084,True
tokyo_45205_relational_between,45205,stress_test,relational_between,flat,95,2018_907564__event_002,11.579547411147406,True
tokyo_45205_relational_between,45205,stress_test,relational_between,flat,96,2018_907530__event_002,11.503757159635542,True
tokyo_45205_relational_between,45205,stress_test,relational_between,flat,97,2018_907499__event_002,10.413251092252333,True
tokyo_45205_relational_between,45205,stress_test,relational_between,flat,98,2018_907548__event_002,9.032188078345005,True
tokyo_45205_relational_between,45205,stress_test,relational_between,flat,99,2018_907554__event_001,9.032188078345005,True
tokyo_45205_relational_between,45205,stress_test,relational_between,flat,100,2018_907580__event_003,9.032188078345005,True
tokyo_45205_relational_between,45205,stress_test,relational_between,flat,101,2018_907548__event_001,8.745640068646024,True
tokyo_45205_relational_between,45205,stress_test,relational_between,flat,102,2018_907560__event_007,8.745640068646024,True
tokyo_45205_relational_between,45205,stress_test,relational_between,flat,103,2018_907563__event_001,6.09474999141217,True
tokyo_45205_relational_between,45205,stress_test,relational_between,flat,104,2018_907579__event_004,6.042588359284159,True
tokyo_45205_relational_between,45205,stress_test,relational_between,flat,105,2018_907544__event_002,5.61513723886304,True
tokyo_45205_relational_between,45205,stress_test,relational_between,flat,106,2018_907579__event_003,4.409691626801759,True
tokyo_45205_relational_between,45205,stress_test,relational_between,flat,107,2018_907520__event_001,3.3148558860292665,True
tokyo_45205_relational_between,45205,stress_test,relational_between,flat,108,2018_907579__event_005,0.7641322457707828,True
tokyo_45205_relational_between,45205,stress_test,relational_between,flat,109,2018_907468__event_001,0.0,True
tokyo_45205_relational_between,45205,stress_test,relational_between,flat,110,2018_907468__event_002,0.0,True
tokyo_45205_relational_between,45205,stress_test,relational_between,flat,111,2018_907469__event_001,0.0,True
tokyo_45205_relational_between,45205,stress_test,relational_between,flat,112,2018_907470__event_001,0.0,True
tokyo_45205_relational_between,45205,stress_test,relational_between,flat,113,2018_907470__event_002,0.0,True
tokyo_45205_relational_between,45205,stress_test,relational_between,flat,114,2018_907470__event_003,0.0,True
tokyo_45205_relational_between,45205,stress_test,relational_between,flat,115,2018_907479__event_001,0.0,True
tokyo_45205_relational_between,45205,stress_test,relational_between,flat,116,2018_907483__event_001,0.0,True
tokyo_45205_relational_between,45205,stress_test,relational_between,flat,117,2018_907483__event_002,0.0,True
tokyo_45205_relational_between,45205,stress_test,relational_between,flat,118,2018_907488__event_003,0.0,True
tokyo_45205_relational_between,45205,stress_test,relational_between,flat,119,2018_907492__event_001,0.0,True
tokyo_45205_relational_between,45205,stress_test,relational_between,flat,120,2018_907495__event_001,0.0,True
tokyo_45205_relational_between,45205,stress_test,relational_between,flat,121,2018_907495__event_002,0.0,True
tokyo_45205_relational_between,45205,stress_test,relational_between,flat,122,2018_907498__event_001,0.0,True
tokyo_45205_relational_between,45205,stress_test,relational_between,flat,123,2018_907498__event_002,0.0,True
tokyo_45205_relational_between,45205,stress_test,relational_between,flat,124,2018_907499__event_003,0.0,True
tokyo_45205_relational_between,45205,stress_test,relational_between,flat,125,2018_907508__event_001,0.0,True
tokyo_45205_relational_between,45205,stress_test,relational_between,flat,126,2018_907508__event_002,0.0,True
tokyo_45205_relational_between,45205,stress_test,relational_between,flat,127,2018_907520__event_002,0.0,True
tokyo_45205_relational_between,45205,stress_test,relational_between,flat,128,2018_907530__event_001,0.0,True
tokyo_45205_relational_between,45205,stress_test,relational_between,flat,129,2018_907539__event_001,0.0,True
tokyo_45205_relational_between,45205,stress_test,relational_between,flat,130,2018_907539__event_002,0.0,True
tokyo_45205_relational_between,45205,stress_test,relational_between,flat,131,2018_907544__event_001,0.0,True
tokyo_45205_relational_between,45205,stress_test,relational_between,flat,132,2018_907553__event_001,0.0,True
tokyo_45205_relational_between,45205,stress_test,relational_between,flat,133,2018_907553__event_002,0.0,True
tokyo_45205_relational_between,45205,stress_test,relational_between,flat,134,2018_907559__event_001,0.0,True
tokyo_45205_relational_between,45205,stress_test,relational_between,flat,135,2018_907560__event_001,0.0,True
tokyo_45205_relational_between,45205,stress_test,relational_between,flat,136,2018_907560__event_002,0.0,True
tokyo_45205_relational_between,45205,stress_test,relational_between,flat,137,2018_907560__event_003,0.0,True
tokyo_45205_relational_between,45205,stress_test,relational_between,flat,138,2018_907564__event_001,0.0,True
tokyo_45205_relational_between,45205,stress_test,relational_between,flat,139,2018_907566__event_001,0.0,True
tokyo_45205_relational_between,45205,stress_test,relational_between,flat,140,2018_907566__event_002,0.0,True
tokyo_50046_relational_between,50046,stress_test,relational_between,flat,1,2018_1004024__event_002,65.83643350497769,True
tokyo_50046_relational_between,50046,stress_test,relational_between,flat,2,2018_1004024__event_003,59.300539553789385,True
tokyo_50046_relational_between,50046,stress_test,relational_between,flat,3,2018_1004003__event_002,12.399976749203308,True
tokyo_50046_relational_between,50046,stress_test,relational_between,flat,4,2018_1004059__event_001,7.631095490943813,True
tokyo_50046_relational_between,50046,stress_test,relational_between,flat,5,2018_1003995__event_001,7.427393908024616,True
tokyo_50046_relational_between,50046,stress_test,relational_between,flat,6,2018_1004024__event_001,7.07623491925097,True
tokyo_50046_relational_between,50046,stress_test,relational_between,flat,7,2018_1003981__event_001,7.026285984590386,True
tokyo_50046_relational_between,50046,stress_test,relational_between,flat,8,2018_1003981__event_002,7.026285984590386,True
tokyo_50046_relational_between,50046,stress_test,relational_between,flat,9,2018_1004003__event_001,7.0003831286493785,True
tokyo_50046_relational_between,50046,stress_test,relational_between,flat,10,2018_1003999__event_003,6.542859888513506,True
tokyo_50046_relational_between,50046,stress_test,relational_between,flat,11,2018_1004044__event_002,6.261455601961081,True
tokyo_50046_relational_between,50046,stress_test,relational_between,flat,12,2018_1004044__event_001,6.070815884715987,True
tokyo_50046_relational_between,50046,stress_test,relational_between,flat,13,2018_1003987__event_002,6.009823092840074,True
tokyo_50046_relational_between,50046,stress_test,relational_between,flat,14,2018_1003997__event_002,6.009823092840074,True
tokyo_50046_relational_between,50046,stress_test,relational_between,flat,15,2018_1003987__event_001,5.950043685417923,True
tokyo_50046_relational_between,50046,stress_test,relational_between,flat,16,2018_1003997__event_001,5.950043685417923,True
tokyo_50046_relational_between,50046,stress_test,relational_between,flat,17,2018_1004027__event_001,3.238616388688514,True
tokyo_50046_relational_between,50046,stress_test,relational_between,flat,18,2018_1003995__event_002,1.4973735150729244,True
tokyo_50046_relational_between,50046,stress_test,relational_between,flat,19,2018_1004049__event_001,1.4016014381507318,True
tokyo_50046_relational_between,50046,stress_test,relational_between,flat,20,2018_1003999__event_002,1.2769457274980491,True
tokyo_50046_relational_between,50046,stress_test,relational_between,flat,21,2018_1004052__event_002,1.0997467899951947,True
tokyo_50046_relational_between,50046,stress_test,relational_between,flat,22,2018_1004052__event_001,1.0659199919433942,True
tokyo_50046_relational_between,50046,stress_test,relational_between,flat,23,2018_1004049__event_002,1.043694845178047,True
tokyo_50046_relational_between,50046,stress_test,relational_between,flat,24,2018_1003999__event_001,0.9578875603275097,True
tokyo_50046_relational_between,50046,stress_test,relational_between,flat,25,2018_1003976__event_001,0.9491423908783845,True
tokyo_50046_relational_between,50046,stress_test,relational_between,flat,26,2018_1003976__event_002,0.862522648348001,True
tokyo_50046_relational_between,50046,stress_test,relational_between,flat,27,2018_1004059__event_002,0.7614457754947195,True
tokyo_50046_relational_between,50046,stress_test,relational_between,flat,28,2018_1004027__event_002,0.7587460384110214,True
tokyo_50046_relational_between,50046,stress_test,relational_between,flat,29,2018_1003968__event_001,0.0,True
tokyo_50046_relational_between,50046,stress_test,relational_between,flat,30,2018_1003968__event_002,0.0,True
tokyo_50046_relational_between,50046,stress_test,relational_between,flat,31,2018_1003971__event_001,0.0,True
tokyo_50046_relational_between,50046,stress_test,relational_between,flat,32,2018_1003971__event_002,0.0,True
tokyo_50046_relational_between,50046,stress_test,relational_between,flat,33,2018_1003976__event_003,0.0,True
tokyo_50046_relational_between,50046,stress_test,relational_between,flat,34,2018_1003982__event_001,0.0,True
tokyo_50046_relational_between,50046,stress_test,relational_between,flat,35,2018_1003982__event_002,0.0,True
tokyo_50046_relational_between,50046,stress_test,relational_between,flat,36,2018_1003993__event_001,0.0,True
tokyo_50046_relational_between,50046,stress_test,relational_between,flat,37,2018_1003993__event_002,0.0,True
tokyo_50046_relational_between,50046,stress_test,relational_between,flat,38,2018_1004013__event_001,0.0,True
tokyo_50046_relational_between,50046,stress_test,relational_between,flat,39,2018_1004013__event_002,0.0,True
tokyo_50046_relational_between,50046,stress_test,relational_between,flat,40,2018_1004026__event_001,0.0,True
tokyo_50046_relational_between,50046,stress_test,relational_between,flat,41,2018_1004026__event_002,0.0,True
tokyo_50046_relational_between,50046,stress_test,relational_between,flat,42,2018_1004027__event_003,0.0,True
tokyo_50046_relational_between,50046,stress_test,relational_between,flat,43,2018_1004028__event_001,0.0,True
tokyo_50046_relational_between,50046,stress_test,relational_between,flat,44,2018_1004028__event_002,0.0,True
tokyo_50046_relational_between,50046,stress_test,relational_between,flat,45,2018_1004033__event_001,0.0,True
tokyo_50046_relational_between,50046,stress_test,relational_between,flat,46,2018_1004033__event_002,0.0,True
tokyo_50046_relational_between,50046,stress_test,relational_between,flat,47,2018_1004046__event_001,0.0,True
tokyo_50046_relational_between,50046,stress_test,relational_between,flat,48,2018_1004046__event_002,0.0,True
tokyo_50046_relational_between,50046,stress_test,relational_between,flat,49,2018_1004048__event_001,0.0,True
tokyo_50046_relational_between,50046,stress_test,relational_between,flat,50,2018_1004048__event_002,0.0,True
tokyo_50046_relational_between,50046,stress_test,relational_between,flat,51,2018_1004054__event_001,0.0,True
tokyo_50046_relational_between,50046,stress_test,relational_between,flat,52,2018_1004054__event_002,0.0,True
tokyo_50046_relational_between,50046,stress_test,relational_between,flat,53,2018_1004056__event_001,0.0,True
tokyo_50046_relational_between,50046,stress_test,relational_between,flat,54,2018_1004056__event_002,0.0,True
tokyo_50046_relational_between,50046,stress_test,relational_between,flat,55,2018_1004059__event_003,0.0,True
tokyo_51031_relational_between,51031,stress_test,relational_between,flat,1,2018_1023518__event_002,62.403878946349764,True
tokyo_51031_relational_between,51031,stress_test,relational_between,flat,2,2018_1023518__event_003,53.59347525302539,True
tokyo_51031_relational_between,51031,stress_test,relational_between,flat,3,2018_1023518__event_001,38.51792476404003,True
tokyo_51031_relational_between,51031,stress_test,relational_between,flat,4,2018_1023514__event_002,19.315072286920834,True
tokyo_51031_relational_between,51031,stress_test,relational_between,flat,5,2018_1023514__event_001,18.461365295406637,True
tokyo_51031_relational_between,51031,stress_test,relational_between,flat,6,2018_1023517__event_001,2.9199502713151184,True
tokyo_51031_relational_between,51031,stress_test,relational_between,flat,7,2018_1023517__event_002,2.8775391916958877,True
tokyo_51031_relational_between,51031,stress_test,relational_between,flat,8,2018_1023533__event_001,2.402392624649214,True
tokyo_51031_relational_between,51031,stress_test,relational_between,flat,9,2018_1023516__event_001,2.284772096253639,True
tokyo_51031_relational_between,51031,stress_test,relational_between,flat,10,2018_1023516__event_002,2.262616669575952,True
tokyo_51031_relational_between,51031,stress_test,relational_between,flat,11,2018_1023537__event_001,2.262616669575952,True
tokyo_51031_relational_between,51031,stress_test,relational_between,flat,12,2018_1023537__event_004,2.262616669575952,True
tokyo_51031_relational_between,51031,stress_test,relational_between,flat,13,2018_1023542__event_001,2.2195703386319057,True
tokyo_51031_relational_between,51031,stress_test,relational_between,flat,14,2018_1023537__event_003,2.1781313428511737,True
tokyo_51031_relational_between,51031,stress_test,relational_between,flat,15,2018_1023542__event_002,2.1781313428511737,True
tokyo_51031_relational_between,51031,stress_test,relational_between,flat,16,2018_1023538__event_002,2.157986722709879,True
tokyo_51031_relational_between,51031,stress_test,relational_between,flat,17,2018_1023533__event_002,2.099728214891547,True
tokyo_51031_relational_between,51031,stress_test,relational_between,flat,18,2018_1023534__event_002,2.099728214891547,True
tokyo_51031_relational_between,51031,stress_test,relational_between,flat,19,2018_1023537__event_002,2.099728214891547,True
tokyo_51031_relational_between,51031,stress_test,relational_between,flat,20,2018_1023538__event_001,2.099728214891547,True
tokyo_51031_relational_between,51031,stress_test,relational_between,flat,21,2018_1023534__event_001,2.062605855094916,True
tokyo_51031_relational_between,51031,stress_test,relational_between,flat,22,2018_1023524__event_002,0.8277183156293416,True
tokyo_51031_relational_between,51031,stress_test,relational_between,flat,23,2018_1023527__event_001,0.8277183156293416,True
tokyo_51031_relational_between,51031,stress_test,relational_between,flat,24,2018_1023524__event_001,0.817123482749983,True
tokyo_51031_relational_between,51031,stress_test,relational_between,flat,25,2018_1023527__event_002,0.817123482749983,True
tokyo_51031_relational_between,51031,stress_test,relational_between,flat,26,2018_1023541__event_001,0.7679730304758896,True
tokyo_51031_relational_between,51031,stress_test,relational_between,flat,27,2018_1023542__event_004,0.7679730304758896,True
tokyo_51031_relational_between,51031,stress_test,relational_between,flat,28,2018_1023525__event_002,0.7499295511770155,True
tokyo_51031_relational_between,51031,stress_test,relational_between,flat,29,2018_1023541__event_002,0.7499295511770155,True
tokyo_51031_relational_between,51031,stress_test,relational_between,flat,30,2018_1023525__event_001,0.7162720168732232,True
tokyo_51031_relational_between,51031,stress_test,relational_between,flat,31,2018_1023521__event_002,0.7005513201409737,True
tokyo_51031_relational_between,51031,stress_test,relational_between,flat,32,2018_1023522__event_002,0.7005513201409737,True
tokyo_51031_relational_between,51031,stress_test,relational_between,flat,33,2018_1023532__event_002,0.671093095379861,True
tokyo_51031_relational_between,51031,stress_test,relational_between,flat,34,2018_1023510__event_002,0.6572738922110842,True
tokyo_51031_relational_between,51031,stress_test,relational_between,flat,35,2018_1023510__event_001,0.650575540202555,True
tokyo_51031_relational_between,51031,stress_test,relational_between,flat,36,2018_1023542__event_003,0.6250939305723108,True
tokyo_51031_relational_between,51031,stress_test,relational_between,flat,37,2018_1023540__event_002,0.5404249198776259,True
tokyo_51031_relational_between,51031,stress_test,relational_between,flat,38,2018_1023513__event_001,0.0,True
tokyo_51031_relational_between,51031,stress_test,relational_between,flat,39,2018_1023513__event_002,0.0,True
tokyo_51031_relational_between,51031,stress_test,relational_between,flat,40,2018_1023513__event_003,0.0,True
tokyo_51031_relational_between,51031,stress_test,relational_between,flat,41,2018_1023519__event_001,0.0,True
tokyo_51031_relational_between,51031,stress_test,relational_between,flat,42,2018_1023519__event_002,0.0,True
tokyo_51031_relational_between,51031,stress_test,relational_between,flat,43,2018_1023521__event_001,0.0,True
tokyo_51031_relational_between,51031,stress_test,relational_between,flat,44,2018_1023522__event_001,0.0,True
tokyo_51031_relational_between,51031,stress_test,relational_between,flat,45,2018_1023532__event_001,0.0,True
tokyo_51031_relational_between,51031,stress_test,relational_between,flat,46,2018_1023533__event_003,0.0,True
tokyo_51031_relational_between,51031,stress_test,relational_between,flat,47,2018_1023540__event_001,0.0,True
tokyo_51031_relational_between,51031,stress_test,relational_between,flat,48,2018_1023543__event_001,0.0,True
tokyo_51031_relational_between,51031,stress_test,relational_between,flat,49,2018_1023543__event_002,0.0,True
tokyo_51516_relational_between,51516,stress_test,relational_between,flat,1,2018_1033126__event_002,39.91080029039159,False
tokyo_51516_relational_between,51516,stress_test,relational_between,flat,2,2018_1033126__event_001,28.489545186732283,False
tokyo_51516_relational_between,51516,stress_test,relational_between,flat,3,2018_1033064__event_001,24.65213860322368,False
tokyo_51516_relational_between,51516,stress_test,relational_between,flat,4,2018_1033064__event_002,23.69285946612034,False
tokyo_51516_relational_between,51516,stress_test,relational_between,flat,5,2018_1033029__event_001,13.883994849149175,False
tokyo_51516_relational_between,51516,stress_test,relational_between,flat,6,2018_1033126__event_003,13.767788202146686,False
tokyo_51516_relational_between,51516,stress_test,relational_between,flat,7,2018_1033126__event_004,13.706173586089456,False
tokyo_51516_relational_between,51516,stress_test,relational_between,flat,8,2018_1033040__event_002,12.805000730659618,False
tokyo_51516_relational_between,51516,stress_test,relational_between,flat,9,2018_1033040__event_001,12.568911353664312,False
tokyo_51516_relational_between,51516,stress_test,relational_between,flat,10,2018_1033029__event_002,11.477774932347547,False
tokyo_51516_relational_between,51516,stress_test,relational_between,flat,11,2018_1033007__event_001,7.551865378197019,False
tokyo_51516_relational_between,51516,stress_test,relational_between,flat,12,2018_1033114__event_001,6.219517997831558,False
tokyo_51516_relational_between,51516,stress_test,relational_between,flat,13,2018_1033114__event_002,5.703137352255139,False
tokyo_51516_relational_between,51516,stress_test,relational_between,flat,14,2018_1033014__event_002,3.125999171995878,False
tokyo_51516_relational_between,51516,stress_test,relational_between,flat,15,2018_1033014__event_003,3.0634303916507695,False
tokyo_51516_relational_between,51516,stress_test,relational_between,flat,16,2018_1033007__event_003,2.5315213335979743,False
tokyo_51516_relational_between,51516,stress_test,relational_between,flat,17,2018_1033007__event_004,2.3165000756844107,False
tokyo_51516_relational_between,51516,stress_test,relational_between,flat,18,2018_1033007__event_002,2.28704925926053,False
tokyo_51516_relational_between,51516,stress_test,relational_between,flat,19,2018_1033029__event_003,2.203024812204571,False
tokyo_51516_relational_between,51516,stress_test,relational_between,flat,20,2018_1033014__event_001,1.9626683471304553,False
tokyo_51516_relational_between,51516,stress_test,relational_between,flat,21,2018_1033010__event_002,1.9105565179275596,False
tokyo_51516_relational_between,51516,stress_test,relational_between,flat,22,2018_1033058__event_001,1.6900030918449178,False
tokyo_51516_relational_between,51516,stress_test,relational_between,flat,23,2018_1033115__event_002,1.6742740041235078,False
tokyo_51516_relational_between,51516,stress_test,relational_between,flat,24,2018_1033044__event_001,1.643678133997393,False
tokyo_51516_relational_between,51516,stress_test,relational_between,flat,25,2018_1033096__event_001,1.643678133997393,False
tokyo_51516_relational_between,51516,stress_test,relational_between,flat,26,2018_1033058__event_002,1.6287957364058667,False
tokyo_51516_relational_between,51516,stress_test,relational_between,flat,27,2018_1033115__event_001,1.614180420725256,False
tokyo_51516_relational_between,51516,stress_test,relational_between,flat,28,2018_1033044__event_002,1.5582511664941596,False
tokyo_51516_relational_between,51516,stress_test,relational_between,flat,29,2018_1033096__event_002,1.5582511664941596,False
tokyo_51516_relational_between,51516,stress_test,relational_between,flat,30,2018_1033000__event_001,1.4935636180695866,False
tokyo_51516_relational_between,51516,stress_test,relational_between,flat,31,2018_1033010__event_001,1.4691678420938583,False
tokyo_51516_relational_between,51516,stress_test,relational_between,flat,32,2018_1033000__event_002,1.400538894452796,False
tokyo_51516_relational_between,51516,stress_test,relational_between,flat,33,2018_1033010__event_003,1.379065555355564,False
tokyo_52894_relational_between,52894,stress_test,relational_between,flat,1,2018_1058964__event_002,11.242921841256674,False
tokyo_52894_relational_between,52894,stress_test,relational_between,flat,2,2018_1058964__event_001,3.314816670395638,False
tokyo_52894_relational_between,52894,stress_test,relational_between,flat,3,2018_1058964__event_003,3.2737712345652437,False
tokyo_52894_relational_between,52894,stress_test,relational_between,flat,4,2018_1058958__event_001,1.0770304342957615,False
tokyo_52894_relational_between,52894,stress_test,relational_between,flat,5,2018_1058953__event_001,1.0638573115097416,False
tokyo_52894_relational_between,52894,stress_test,relational_between,flat,6,2018_1058953__event_002,1.0638573115097416,False
tokyo_52894_relational_between,52894,stress_test,relational_between,flat,7,2018_1058986__event_002,1.014236921675246,False
tokyo_52894_relational_between,52894,stress_test,relational_between,flat,8,2018_1058965__event_001,1.0025467355694464,False
tokyo_52894_relational_between,52894,stress_test,relational_between,flat,9,2018_1058982__event_001,0.9276976489866263,False
tokyo_52894_relational_between,52894,stress_test,relational_between,flat,10,2018_1058981__event_001,0.880730224842484,False
tokyo_52894_relational_between,52894,stress_test,relational_between,flat,11,2018_1058967__event_002,0.8464471231512707,False
tokyo_52894_relational_between,52894,stress_test,relational_between,flat,12,2018_1058985__event_002,0.8464471231512707,False
tokyo_52894_relational_between,52894,stress_test,relational_between,flat,13,2018_1058977__event_001,0.822436638898574,False
tokyo_52894_relational_between,52894,stress_test,relational_between,flat,14,2018_1058961__event_001,0.757937251046558,False
tokyo_52894_relational_between,52894,stress_test,relational_between,flat,15,2018_1058956__event_001,0.0,False
tokyo_52894_relational_between,52894,stress_test,relational_between,flat,16,2018_1058956__event_002,0.0,False
tokyo_52894_relational_between,52894,stress_test,relational_between,flat,17,2018_1058958__event_002,0.0,False
tokyo_52894_relational_between,52894,stress_test,relational_between,flat,18,2018_1058960__event_001,0.0,False
tokyo_52894_relational_between,52894,stress_test,relational_between,flat,19,2018_1058960__event_002,0.0,False
tokyo_52894_relational_between,52894,stress_test,relational_between,flat,20,2018_1058960__event_003,0.0,False
tokyo_52894_relational_between,52894,stress_test,relational_between,flat,21,2018_1058960__event_004,0.0,False
tokyo_52894_relational_between,52894,stress_test,relational_between,flat,22,2018_1058961__event_002,0.0,False
tokyo_52894_relational_between,52894,stress_test,relational_between,flat,23,2018_1058963__event_001,0.0,False
tokyo_52894_relational_between,52894,stress_test,relational_between,flat,24,2018_1058963__event_002,0.0,False
tokyo_52894_relational_between,52894,stress_test,relational_between,flat,25,2018_1058965__event_002,0.0,False
tokyo_52894_relational_between,52894,stress_test,relational_between,flat,26,2018_1058967__event_001,0.0,False
tokyo_52894_relational_between,52894,stress_test,relational_between,flat,27,2018_1058972__event_001,0.0,False
tokyo_52894_relational_between,52894,stress_test,relational_between,flat,28,2018_1058972__event_002,0.0,False
tokyo_52894_relational_between,52894,stress_test,relational_between,flat,29,2018_1058974__event_001,0.0,False
tokyo_52894_relational_between,52894,stress_test,relational_between,flat,30,2018_1058974__event_002,0.0,False
tokyo_52894_relational_between,52894,stress_test,relational_between,flat,31,2018_1058975__event_001,0.0,False
tokyo_52894_relational_between,52894,stress_test,relational_between,flat,32,2018_1058975__event_002,0.0,False
tokyo_52894_relational_between,52894,stress_test,relational_between,flat,33,2018_1058977__event_002,0.0,False
tokyo_52894_relational_between,52894,stress_test,relational_between,flat,34,2018_1058978__event_001,0.0,False
tokyo_52894_relational_between,52894,stress_test,relational_between,flat,35,2018_1058978__event_002,0.0,False
tokyo_52894_relational_between,52894,stress_test,relational_between,flat,36,2018_1058980__event_001,0.0,False
tokyo_52894_relational_between,52894,stress_test,relational_between,flat,37,2018_1058980__event_002,0.0,False
tokyo_52894_relational_between,52894,stress_test,relational_between,flat,38,2018_1058981__event_002,0.0,False
tokyo_52894_relational_between,52894,stress_test,relational_between,flat,39,2018_1058982__event_002,0.0,False
tokyo_52894_relational_between,52894,stress_test,relational_between,flat,40,2018_1058982__event_003,0.0,False
tokyo_52894_relational_between,52894,stress_test,relational_between,flat,41,2018_1058985__event_001,0.0,False
tokyo_52894_relational_between,52894,stress_test,relational_between,flat,42,2018_1058986__event_001,0.0,False
tokyo_52894_relational_between,52894,stress_test,relational_between,flat,43,2018_1058986__event_003,0.0,False
tokyo_53205_relational_between,53205,stress_test,relational_between,flat,1,2018_1065518__event_002,81.54450048456961,False
tokyo_53205_relational_between,53205,stress_test,relational_between,flat,2,2018_1065518__event_001,65.36535112714185,False
tokyo_53205_relational_between,53205,stress_test,relational_between,flat,3,2018_1065518__event_004,29.821305827341426,False
tokyo_53205_relational_between,53205,stress_test,relational_between,flat,4,2018_1065518__event_003,26.435121623727557,False
tokyo_53205_relational_between,53205,stress_test,relational_between,flat,5,2018_1065515__event_003,8.264651569085235,False
tokyo_53205_relational_between,53205,stress_test,relational_between,flat,6,2018_1065515__event_002,8.048877155988286,False
tokyo_53205_relational_between,53205,stress_test,relational_between,flat,7,2018_1065531__event_002,6.858845521207334,False
tokyo_53205_relational_between,53205,stress_test,relational_between,flat,8,2018_1065531__event_001,6.799823544689234,False
tokyo_53205_relational_between,53205,stress_test,relational_between,flat,9,2018_1065513__event_002,5.402057778474706,False
tokyo_53205_relational_between,53205,stress_test,relational_between,flat,10,2018_1065503__event_001,5.317751326219396,False
tokyo_53205_relational_between,53205,stress_test,relational_between,flat,11,2018_1065513__event_001,4.688343924679499,False
tokyo_53205_relational_between,53205,stress_test,relational_between,flat,12,2018_1065503__event_002,4.430354478447544,False
tokyo_53205_relational_between,53205,stress_test,relational_between,flat,13,2018_1065520__event_001,3.5699905234334954,False
tokyo_53205_relational_between,53205,stress_test,relational_between,flat,14,2018_1065532__event_002,3.2600245087368283,False
tokyo_53205_relational_between,53205,stress_test,relational_between,flat,15,2018_1065511__event_002,3.0784943142083234,False
tokyo_53205_relational_between,53205,stress_test,relational_between,flat,16,2018_1065515__event_001,1.910852890301638,False
tokyo_53205_relational_between,53205,stress_test,relational_between,flat,17,2018_1065532__event_003,1.4485430528111254,False
tokyo_53205_relational_between,53205,stress_test,relational_between,flat,18,2018_1065536__event_002,1.2536417903773964,False
tokyo_53205_relational_between,53205,stress_test,relational_between,flat,19,2018_1065536__event_001,1.2466202260905683,False
tokyo_53205_relational_between,53205,stress_test,relational_between,flat,20,2018_1065535__event_002,1.2438435909386152,False
tokyo_53205_relational_between,53205,stress_test,relational_between,flat,21,2018_1065533__event_002,1.104470724148418,False
tokyo_53205_relational_between,53205,stress_test,relational_between,flat,22,2018_1065520__event_002,0.8959690823210475,False
tokyo_53205_relational_between,53205,stress_test,relational_between,flat,23,2018_1065516__event_002,0.652939466607478,False
tokyo_53205_relational_between,53205,stress_test,relational_between,flat,24,2018_1065535__event_001,0.5480121481135289,False
tokyo_53205_relational_between,53205,stress_test,relational_between,flat,25,2018_1065530__event_003,0.5335623124430872,False
tokyo_53205_relational_between,53205,stress_test,relational_between,flat,26,2018_1065530__event_001,0.41039685963056827,False
tokyo_53205_relational_between,53205,stress_test,relational_between,flat,27,2018_1065533__event_001,0.376251013131208,False
tokyo_53205_relational_between,53205,stress_test,relational_between,flat,28,2018_1065530__event_002,0.3547829018321911,False
tokyo_53205_relational_between,53205,stress_test,relational_between,flat,29,2018_1065501__event_001,0.0,False
tokyo_53205_relational_between,53205,stress_test,relational_between,flat,30,2018_1065501__event_002,0.0,False
tokyo_53205_relational_between,53205,stress_test,relational_between,flat,31,2018_1065501__event_003,0.0,False
tokyo_53205_relational_between,53205,stress_test,relational_between,flat,32,2018_1065504__event_001,0.0,False
tokyo_53205_relational_between,53205,stress_test,relational_between,flat,33,2018_1065504__event_002,0.0,False
tokyo_53205_relational_between,53205,stress_test,relational_between,flat,34,2018_1065511__event_001,0.0,False
tokyo_53205_relational_between,53205,stress_test,relational_between,flat,35,2018_1065516__event_001,0.0,False
tokyo_53205_relational_between,53205,stress_test,relational_between,flat,36,2018_1065530__event_004,0.0,False
tokyo_53205_relational_between,53205,stress_test,relational_between,flat,37,2018_1065532__event_001,0.0,False
tokyo_53205_relational_between,53205,stress_test,relational_between,flat,38,2018_1065540__event_001,0.0,False
tokyo_53205_relational_between,53205,stress_test,relational_between,flat,39,2018_1065540__event_002,0.0,False
tokyo_53205_relational_between,53205,stress_test,relational_between,flat,40,2018_1065540__event_003,0.0,False
tokyo_53405_relational_between,53405,stress_test,relational_between,flat,1,2018_1069036__event_002,38.38337581310963,False
tokyo_53405_relational_between,53405,stress_test,relational_between,flat,2,2018_1069036__event_001,27.654803861761792,False
tokyo_53405_relational_between,53405,stress_test,relational_between,flat,3,2018_1069036__event_003,9.130247739773763,False
tokyo_53405_relational_between,53405,stress_test,relational_between,flat,4,2018_1069059__event_001,1.5543090054653852,False
tokyo_53405_relational_between,53405,stress_test,relational_between,flat,5,2018_1069059__event_003,1.540944255436764,False
tokyo_53405_relational_between,53405,stress_test,relational_between,flat,6,2018_1069059__event_002,1.4534610067744382,False
tokyo_53405_relational_between,53405,stress_test,relational_between,flat,7,2018_1069003__event_001,1.3148321617688625,False
tokyo_53405_relational_between,53405,stress_test,relational_between,flat,8,2018_1069003__event_002,1.1465865633361432,False
tokyo_53405_relational_between,53405,stress_test,relational_between,flat,9,2018_1068990__event_001,0.0,False
tokyo_53405_relational_between,53405,stress_test,relational_between,flat,10,2018_1068990__event_002,0.0,False
tokyo_53405_relational_between,53405,stress_test,relational_between,flat,11,2018_1068990__event_003,0.0,False
tokyo_53405_relational_between,53405,stress_test,relational_between,flat,12,2018_1068997__event_001,0.0,False
tokyo_53405_relational_between,53405,stress_test,relational_between,flat,13,2018_1068997__event_002,0.0,False
tokyo_53405_relational_between,53405,stress_test,relational_between,flat,14,2018_1069001__event_001,0.0,False
tokyo_53405_relational_between,53405,stress_test,relational_between,flat,15,2018_1069001__event_002,0.0,False
tokyo_53405_relational_between,53405,stress_test,relational_between,flat,16,2018_1069003__event_003,0.0,False
tokyo_53405_relational_between,53405,stress_test,relational_between,flat,17,2018_1069013__event_001,0.0,False
tokyo_53405_relational_between,53405,stress_test,relational_between,flat,18,2018_1069013__event_002,0.0,False
tokyo_53405_relational_between,53405,stress_test,relational_between,flat,19,2018_1069024__event_001,0.0,False
tokyo_53405_relational_between,53405,stress_test,relational_between,flat,20,2018_1069024__event_002,0.0,False
tokyo_53405_relational_between,53405,stress_test,relational_between,flat,21,2018_1069067__event_001,0.0,False
tokyo_53405_relational_between,53405,stress_test,relational_between,flat,22,2018_1069067__event_002,0.0,False
tokyo_53405_relational_between,53405,stress_test,relational_between,flat,23,2018_1069067__event_003,0.0,False
tokyo_53405_relational_between,53405,stress_test,relational_between,flat,24,2018_1069067__event_004,0.0,False
tokyo_53405_relational_between,53405,stress_test,relational_between,flat,25,2018_1069091__event_001,0.0,False
tokyo_53405_relational_between,53405,stress_test,relational_between,flat,26,2018_1069091__event_002,0.0,False
tokyo_55985_relational_between,55985,stress_test,relational_between,flat,1,2018_1115811__event_002,46.599820108010036,False
tokyo_55985_relational_between,55985,stress_test,relational_between,flat,2,2018_1115811__event_003,45.77905882895733,False
tokyo_55985_relational_between,55985,stress_test,relational_between,flat,3,2018_1115816__event_002,12.342183469090553,False
tokyo_55985_relational_between,55985,stress_test,relational_between,flat,4,2018_1115816__event_001,11.544380821323312,False
tokyo_55985_relational_between,55985,stress_test,relational_between,flat,5,2018_1115811__event_001,10.827011287675274,False
tokyo_55985_relational_between,55985,stress_test,relational_between,flat,6,2018_1115809__event_002,10.666107432082937,False
tokyo_55985_relational_between,55985,stress_test,relational_between,flat,7,2018_1115813__event_002,10.666107432082937,False
tokyo_55985_relational_between,55985,stress_test,relational_between,flat,8,2018_1115814__event_004,10.666107432082937,False
tokyo_55985_relational_between,55985,stress_test,relational_between,flat,9,2018_1115818__event_003,10.666107432082937,False
tokyo_55985_relational_between,55985,stress_test,relational_between,flat,10,2018_1115809__event_001,10.216359256688476,False
tokyo_55985_relational_between,55985,stress_test,relational_between,flat,11,2018_1115813__event_001,10.216359256688476,False
tokyo_55985_relational_between,55985,stress_test,relational_between,flat,12,2018_1115818__event_001,10.027833336632032,False
tokyo_55985_relational_between,55985,stress_test,relational_between,flat,13,2018_1115814__event_003,9.93615572173037,False
tokyo_55985_relational_between,55985,stress_test,relational_between,flat,14,2018_1115814__event_002,9.585616794494593,False
tokyo_55985_relational_between,55985,stress_test,relational_between,flat,15,2018_1115818__event_002,9.028227761433188,False
tokyo_55985_relational_between,55985,stress_test,relational_between,flat,16,2018_1115829__event_002,5.090792292494757,False
tokyo_55985_relational_between,55985,stress_test,relational_between,flat,17,2018_1115828__event_002,5.042021263187247,False
tokyo_55985_relational_between,55985,stress_test,relational_between,flat,18,2018_1115829__event_001,4.627992993177052,False
tokyo_55985_relational_between,55985,stress_test,relational_between,flat,19,2018_1115828__event_001,4.583655693806588,False
tokyo_55985_relational_between,55985,stress_test,relational_between,flat,20,2018_1115830__event_001,3.5865156027837117,False
tokyo_55985_relational_between,55985,stress_test,relational_between,flat,21,2018_1115830__event_002,3.5865156027837117,False
tokyo_55985_relational_between,55985,stress_test,relational_between,flat,22,2018_1115817__event_001,3.1781119000803337,False
tokyo_55985_relational_between,55985,stress_test,relational_between,flat,23,2018_1115820__event_002,2.933168066126105,False
tokyo_55985_relational_between,55985,stress_test,relational_between,flat,24,2018_1115823__event_001,2.853211052692573,False
tokyo_55985_relational_between,55985,stress_test,relational_between,flat,25,2018_1115817__event_002,2.7240959143545718,False
tokyo_55985_relational_between,55985,stress_test,relational_between,flat,26,2018_1115823__event_002,2.445609473736491,False
tokyo_55985_relational_between,55985,stress_test,relational_between,flat,27,2018_1115814__event_001,0.5123593718262446,False
tokyo_55985_relational_between,55985,stress_test,relational_between,flat,28,2018_1115810__event_001,0.4964115145008302,False
tokyo_55985_relational_between,55985,stress_test,relational_between,flat,29,2018_1115810__event_002,0.4964115145008302,False
tokyo_55985_relational_between,55985,stress_test,relational_between,flat,30,2018_1115820__event_001,0.0,False
tokyo_59554_relational_between,59554,stress_test,relational_between,flat,1,2018_1176852__event_002,21.668669183020825,False
tokyo_59554_relational_between,59554,stress_test,relational_between,flat,2,2018_1176901__event_002,20.68426212438276,False
tokyo_59554_relational_between,59554,stress_test,relational_between,flat,3,2018_1176901__event_001,19.872861678947963,False
tokyo_59554_relational_between,59554,stress_test,relational_between,flat,4,2018_1176852__event_001,18.31691828056818,False
tokyo_59554_relational_between,59554,stress_test,relational_between,flat,5,2018_1176829__event_001,6.513979760272776,False
tokyo_59554_relational_between,59554,stress_test,relational_between,flat,6,2018_1176840__event_001,6.513979760272776,False
tokyo_59554_relational_between,59554,stress_test,relational_between,flat,7,2018_1176879__event_002,5.739914793349782,False
tokyo_59554_relational_between,59554,stress_test,relational_between,flat,8,2018_1176858__event_002,5.622542239539311,False
tokyo_59554_relational_between,59554,stress_test,relational_between,flat,9,2018_1176879__event_001,5.524653656935823,False
tokyo_59554_relational_between,59554,stress_test,relational_between,flat,10,2018_1176858__event_001,5.422395428289539,False
tokyo_59554_relational_between,59554,stress_test,relational_between,flat,11,2018_1176835__event_002,5.401631877275927,False
tokyo_59554_relational_between,59554,stress_test,relational_between,flat,12,2018_1176835__event_001,5.237198660402691,False
tokyo_59554_relational_between,59554,stress_test,relational_between,flat,13,2018_1176829__event_002,4.761884049469229,False
tokyo_59554_relational_between,59554,stress_test,relational_between,flat,14,2018_1176840__event_002,4.761884049469229,False
tokyo_59554_relational_between,59554,stress_test,relational_between,flat,15,2018_1176852__event_003,4.761884049469229,False
tokyo_59554_relational_between,59554,stress_test,relational_between,flat,16,2018_1176864__event_001,4.243955032087969,False
tokyo_59554_relational_between,59554,stress_test,relational_between,flat,17,2018_1176782__event_002,4.075046902088927,False
tokyo_59554_relational_between,59554,stress_test,relational_between,flat,18,2018_1176782__event_001,4.024284929866714,False
tokyo_59554_relational_between,59554,stress_test,relational_between,flat,19,2018_1176864__event_002,3.8145279307298257,False
tokyo_59554_relational_between,59554,stress_test,relational_between,flat,20,2018_1176890__event_001,3.6675422118800336,False
tokyo_59554_relational_between,59554,stress_test,relational_between,flat,21,2018_1176890__event_002,3.4990075500101305,False
tokyo_59554_relational_between,59554,stress_test,relational_between,flat,22,2018_1176853__event_001,1.07723211472263,False
tokyo_59554_relational_between,59554,stress_test,relational_between,flat,23,2018_1176853__event_002,1.07723211472263,False
tokyo_60393_relational_between,60393,stress_test,relational_between,flat,1,2018_1190503__event_004,55.74344859363294,True
tokyo_60393_relational_between,60393,stress_test,relational_between,flat,2,2018_1190583__event_004,49.02929203504096,True
tokyo_60393_relational_between,60393,stress_test,relational_between,flat,3,2018_1190583__event_003,46.73441454152411,True
tokyo_60393_relational_between,60393,stress_test,relational_between,flat,4,2018_1190480__event_003,45.394702570646984,True
tokyo_60393_relational_between,60393,stress_test,relational_between,flat,5,2018_1190522__event_001,44.97234960797009,True
tokyo_60393_relational_between,60393,stress_test,relational_between,flat,6,2018_1190522__event_003,44.97234960797009,True
tokyo_60393_relational_between,60393,stress_test,relational_between,flat,7,2018_1190539__event_005,44.97234960797009,True
tokyo_60393_relational_between,60393,stress_test,relational_between,flat,8,2018_1190549__event_001,44.97234960797009,True
tokyo_60393_relational_between,60393,stress_test,relational_between,flat,9,2018_1190577__event_001,44.97234960797009,True
tokyo_60393_relational_between,60393,stress_test,relational_between,flat,10,2018_1190549__event_003,44.313812148004885,True
tokyo_60393_relational_between,60393,stress_test,relational_between,flat,11,2018_1190503__event_006,44.07632813067319,True
tokyo_60393_relational_between,60393,stress_test,relational_between,flat,12,2018_1190539__event_004,44.025942286938346,True
tokyo_60393_relational_between,60393,stress_test,relational_between,flat,13,2018_1190511__event_002,43.75176586849093,True
tokyo_60393_relational_between,60393,stress_test,relational_between,flat,14,2018_1190518__event_004,43.75176586849093,True
tokyo_60393_relational_between,60393,stress_test,relational_between,flat,15,2018_1190539__event_006,43.75176586849093,True
tokyo_60393_relational_between,60393,stress_test,relational_between,flat,16,2018_1190549__event_002,42.97465989216381,True
tokyo_60393_relational_between,60393,stress_test,relational_between,flat,17,2018_1190522__event_002,42.75218055085131,True
tokyo_60393_relational_between,60393,stress_test,relational_between,flat,18,2018_1190503__event_002,42.225017072837446,True
tokyo_60393_relational_between,60393,stress_test,relational_between,flat,19,2018_1190583__event_002,42.225017072837446,True
tokyo_60393_relational_between,60393,stress_test,relational_between,flat,20,2018_1190503__event_005,42.212250541424815,True
tokyo_60393_relational_between,60393,stress_test,relational_between,flat,21,2018_1190511__event_001,42.06067975077506,True
tokyo_60393_relational_between,60393,stress_test,relational_between,flat,22,2018_1190503__event_003,41.61396836592187,True
tokyo_60393_relational_between,60393,stress_test,relational_between,flat,23,2018_1190480__event_002,41.148915217259,True
tokyo_60393_relational_between,60393,stress_test,relational_between,flat,24,2018_1190518__event_003,39.812528695353244,True
tokyo_60393_relational_between,60393,stress_test,relational_between,flat,25,2018_1190577__event_003,35.74282483056388,True
tokyo_60393_relational_between,60393,stress_test,relational_between,flat,26,2018_1190577__event_002,35.4404544648215,True
tokyo_60393_relational_between,60393,stress_test,relational_between,flat,27,2018_1190496__event_004,18.664898792382992,True
tokyo_60393_relational_between,60393,stress_test,relational_between,flat,28,2018_1190539__event_003,16.6815141477527,True
tokyo_60393_relational_between,60393,stress_test,relational_between,flat,29,2018_1190496__event_003,15.92988895295911,True
tokyo_60393_relational_between,60393,stress_test,relational_between,flat,30,2018_1190496__event_002,15.43072704030588,True
tokyo_60393_relational_between,60393,stress_test,relational_between,flat,31,2018_1190539__event_002,15.076903208528332,True
tokyo_60393_relational_between,60393,stress_test,relational_between,flat,32,2018_1190491__event_001,13.115427368214474,True
tokyo_60393_relational_between,60393,stress_test,relational_between,flat,33,2018_1190491__event_003,13.115427368214474,True
tokyo_60393_relational_between,60393,stress_test,relational_between,flat,34,2018_1190491__event_002,12.947306247364986,True
tokyo_60393_relational_between,60393,stress_test,relational_between,flat,35,2018_1190495__event_003,10.47176388090083,True
tokyo_60393_relational_between,60393,stress_test,relational_between,flat,36,2018_1190476__event_003,8.660897017048848,True
tokyo_60393_relational_between,60393,stress_test,relational_between,flat,37,2018_1190496__event_007,8.327328834270316,True
tokyo_60393_relational_between,60393,stress_test,relational_between,flat,38,2018_1190486__event_002,8.075002670491626,True
tokyo_60393_relational_between,60393,stress_test,relational_between,flat,39,2018_1190510__event_002,8.036171756993562,True
tokyo_60393_relational_between,60393,stress_test,relational_between,flat,40,2018_1190487__event_001,7.7906747094070194,True
tokyo_60393_relational_between,60393,stress_test,relational_between,flat,41,2018_1190494__event_001,7.7906747094070194,True
tokyo_60393_relational_between,60393,stress_test,relational_between,flat,42,2018_1190516__event_003,7.578689216060298,True
tokyo_60393_relational_between,60393,stress_test,relational_between,flat,43,2018_1190476__event_002,7.42711939434881,True
tokyo_60393_relational_between,60393,stress_test,relational_between,flat,44,2018_1190486__event_001,7.42711939434881,True
tokyo_60393_relational_between,60393,stress_test,relational_between,flat,45,2018_1190562__event_001,7.42711939434881,True
tokyo_60393_relational_between,60393,stress_test,relational_between,flat,46,2018_1190540__event_003,7.281493334868678,True
tokyo_60393_relational_between,60393,stress_test,relational_between,flat,47,2018_1190581__event_002,7.281493334868678,True
tokyo_60393_relational_between,60393,stress_test,relational_between,flat,48,2018_1190496__event_005,7.234212114619856,True
tokyo_60393_relational_between,60393,stress_test,relational_between,flat,49,2018_1190540__event_002,7.187540959197397,True
tokyo_60393_relational_between,60393,stress_test,relational_between,flat,50,2018_1190496__event_006,7.141468136880329,True
tokyo_60393_relational_between,60393,stress_test,relational_between,flat,51,2018_1190494__event_002,7.095982214837555,True
tokyo_60393_relational_between,60393,stress_test,relational_between,flat,52,2018_1190510__event_003,7.095982214837555,True
tokyo_60393_relational_between,60393,stress_test,relational_between,flat,53,2018_1190540__event_004,7.095982214837555,True
tokyo_60393_relational_between,60393,stress_test,relational_between,flat,54,2018_1190542__event_004,7.095982214837555,True
tokyo_60393_relational_between,60393,stress_test,relational_between,flat,55,2018_1190562__event_002,7.095982214837555,True
tokyo_60393_relational_between,60393,stress_test,relational_between,flat,56,2018_1190542__event_002,6.9196888141376744,True
tokyo_60393_relational_between,60393,stress_test,relational_between,flat,57,2018_1190543__event_002,6.631375176892145,True
tokyo_60393_relational_between,60393,stress_test,relational_between,flat,58,2018_1190543__event_003,6.631375176892145,True
tokyo_60393_relational_between,60393,stress_test,relational_between,flat,59,2018_1190475__event_004,6.592137181019965,True
tokyo_60393_relational_between,60393,stress_test,relational_between,flat,60,2018_1190542__event_003,6.294194079077373,True
tokyo_60393_relational_between,60393,stress_test,relational_between,flat,61,2018_1190540__event_001,6.25511347820768,True
tokyo_60393_relational_between,60393,stress_test,relational_between,flat,62,2018_1190529__event_002,6.117721347888289,True
tokyo_60393_relational_between,60393,stress_test,relational_between,flat,63,2018_1190539__event_011,6.117721347888289,True
tokyo_60393_relational_between,60393,stress_test,relational_between,flat,64,2018_1190479__event_001,5.986235070024788,True
tokyo_60393_relational_between,60393,stress_test,relational_between,flat,65,2018_1190519__event_002,5.986235070024788,True
tokyo_60393_relational_between,60393,stress_test,relational_between,flat,66,2018_1190539__event_007,5.986235070024788,True
tokyo_60393_relational_between,60393,stress_test,relational_between,flat,67,2018_1190545__event_001,5.986235070024788,True
tokyo_60393_relational_between,60393,stress_test,relational_between,flat,68,2018_1190495__event_004,5.922588891620172,True
tokyo_60393_relational_between,60393,stress_test,relational_between,flat,69,2018_1190529__event_001,5.922588891620172,True
tokyo_60393_relational_between,60393,stress_test,relational_between,flat,70,2018_1190487__event_002,5.799272147326619,True
tokyo_60393_relational_between,60393,stress_test,relational_between,flat,71,2018_1190496__event_001,5.799272147326619,True
tokyo_60393_relational_between,60393,stress_test,relational_between,flat,72,2018_1190583__event_001,5.799272147326619,True
tokyo_60393_relational_between,60393,stress_test,relational_between,flat,73,2018_1190494__event_003,5.739519656415136,True
tokyo_60393_relational_between,60393,stress_test,relational_between,flat,74,2018_1190480__event_001,5.680985921317317,True
tokyo_60393_relational_between,60393,stress_test,relational_between,flat,75,2018_1190489__event_001,5.680985921317317,True
tokyo_60393_relational_between,60393,stress_test,relational_between,flat,76,2018_1190489__event_002,5.680985921317317,True
tokyo_60393_relational_between,60393,stress_test,relational_between,flat,77,2018_1190510__event_004,5.680985921317317,True
tokyo_60393_relational_between,60393,stress_test,relational_between,flat,78,2018_1190532__event_003,5.680985921317317,True
tokyo_60393_relational_between,60393,stress_test,relational_between,flat,79,2018_1190539__event_001,5.623634030508657,True
tokyo_60393_relational_between,60393,stress_test,relational_between,flat,80,2018_1190543__event_001,5.5674285481154735,True
tokyo_60393_relational_between,60393,stress_test,relational_between,flat,81,2018_1190556__event_001,5.5674285481154735,True
tokyo_60393_relational_between,60393,stress_test,relational_between,flat,82,2018_1190581__event_001,5.5674285481154735,True
tokyo_60393_relational_between,60393,stress_test,relational_between,flat,83,2018_1190581__event_003,5.5674285481154735,True
tokyo_60393_relational_between,60393,stress_test,relational_between,flat,84,2018_1190476__event_001,5.458322009553419,True
tokyo_60393_relational_between,60393,stress_test,relational_between,flat,85,2018_1190479__event_002,5.458322009553419,True
tokyo_60393_relational_between,60393,stress_test,relational_between,flat,86,2018_1190495__event_001,5.458322009553419,True
tokyo_60393_relational_between,60393,stress_test,relational_between,flat,87,2018_1190503__event_001,5.458322009553419,True
tokyo_60393_relational_between,60393,stress_test,relational_between,flat,88,2018_1190519__event_001,5.458322009553419,True
tokyo_60393_relational_between,60393,stress_test,relational_between,flat,89,2018_1190539__event_008,5.458322009553419,True
tokyo_60393_relational_between,60393,stress_test,relational_between,flat,90,2018_1190540__event_005,5.458322009553419,True
tokyo_60393_relational_between,60393,stress_test,relational_between,flat,91,2018_1190545__event_002,5.458322009553419,True
tokyo_60393_relational_between,60393,stress_test,relational_between,flat,92,2018_1190581__event_004,5.458322009553419,True
tokyo_60393_relational_between,60393,stress_test,relational_between,flat,93,2018_1190475__event_002,5.405356823951375,True
tokyo_60393_relational_between,60393,stress_test,relational_between,flat,94,2018_1190516__event_002,5.3534096621925915,True
tokyo_60393_relational_between,60393,stress_test,relational_between,flat,95,2018_1190523__event_001,5.3534096621925915,True
tokyo_60393_relational_between,60393,stress_test,relational_between,flat,96,2018_1190539__event_010,5.3534096621925915,True
tokyo_60393_relational_between,60393,stress_test,relational_between,flat,97,2018_1190495__event_002,5.302451453082167,True
tokyo_60393_relational_between,60393,stress_test,relational_between,flat,98,2018_1190510__event_001,5.302451453082167,True
tokyo_60393_relational_between,60393,stress_test,relational_between,flat,99,2018_1190542__event_001,5.25245422188353,True
tokyo_60393_relational_between,60393,stress_test,relational_between,flat,100,2018_1190556__event_002,5.25245422188353,True
tokyo_60393_relational_between,60393,stress_test,relational_between,flat,101,2018_1190518__event_002,5.203391039108326,True
tokyo_60393_relational_between,60393,stress_test,relational_between,flat,102,2018_1190523__event_002,5.203391039108326,True
tokyo_60393_relational_between,60393,stress_test,relational_between,flat,103,2018_1190543__event_004,5.203391039108326,True
tokyo_60393_relational_between,60393,stress_test,relational_between,flat,104,2018_1190486__event_003,5.01597415080399,True
tokyo_60393_relational_between,60393,stress_test,relational_between,flat,105,2018_1190562__event_003,4.927238959957618,True
tokyo_60393_relational_between,60393,stress_test,relational_between,flat,106,2018_1190532__event_001,4.799870648665885,True
tokyo_60393_relational_between,60393,stress_test,relational_between,flat,107,2018_1190475__event_006,4.639948127543549,True
tokyo_60393_relational_between,60393,stress_test,relational_between,flat,108,2018_1190475__event_003,4.52682915251022,True
tokyo_60393_relational_between,60393,stress_test,relational_between,flat,109,2018_1190532__event_002,4.490338622261434,True
tokyo_60393_relational_between,60393,stress_test,relational_between,flat,110,2018_1190475__event_005,3.788030933534713,True
tokyo_60393_relational_between,60393,stress_test,relational_between,flat,111,2018_1190485__event_001,3.2878168834573303,True
tokyo_60393_relational_between,60393,stress_test,relational_between,flat,112,2018_1190492__event_001,3.1404226084981235,True
tokyo_60393_relational_between,60393,stress_test,relational_between,flat,113,2018_1190501__event_001,3.0168101178404187,True
tokyo_60393_relational_between,60393,stress_test,relational_between,flat,114,2018_1190492__event_002,2.9780637995840826,True
tokyo_60393_relational_between,60393,stress_test,relational_between,flat,115,2018_1190567__event_002,2.379394933121913,True
tokyo_60393_relational_between,60393,stress_test,relational_between,flat,116,2018_1190475__event_001,0.0,True
tokyo_60393_relational_between,60393,stress_test,relational_between,flat,117,2018_1190478__event_001,0.0,True
tokyo_60393_relational_between,60393,stress_test,relational_between,flat,118,2018_1190478__event_002,0.0,True
tokyo_60393_relational_between,60393,stress_test,relational_between,flat,119,2018_1190482__event_001,0.0,True
tokyo_60393_relational_between,60393,stress_test,relational_between,flat,120,2018_1190482__event_002,0.0,True
tokyo_60393_relational_between,60393,stress_test,relational_between,flat,121,2018_1190483__event_001,0.0,True
tokyo_60393_relational_between,60393,stress_test,relational_between,flat,122,2018_1190483__event_002,0.0,True
tokyo_60393_relational_between,60393,stress_test,relational_between,flat,123,2018_1190485__event_002,0.0,True
tokyo_60393_relational_between,60393,stress_test,relational_between,flat,124,2018_1190486__event_004,0.0,True
tokyo_60393_relational_between,60393,stress_test,relational_between,flat,125,2018_1190490__event_001,0.0,True
tokyo_60393_relational_between,60393,stress_test,relational_between,flat,126,2018_1190490__event_002,0.0,True
tokyo_60393_relational_between,60393,stress_test,relational_between,flat,127,2018_1190490__event_003,0.0,True
tokyo_60393_relational_between,60393,stress_test,relational_between,flat,128,2018_1190490__event_004,0.0,True
tokyo_60393_relational_between,60393,stress_test,relational_between,flat,129,2018_1190493__event_001,0.0,True
tokyo_60393_relational_between,60393,stress_test,relational_between,flat,130,2018_1190493__event_002,0.0,True
tokyo_60393_relational_between,60393,stress_test,relational_between,flat,131,2018_1190493__event_003,0.0,True
tokyo_60393_relational_between,60393,stress_test,relational_between,flat,132,2018_1190493__event_004,0.0,True
tokyo_60393_relational_between,60393,stress_test,relational_between,flat,133,2018_1190498__event_001,0.0,True
tokyo_60393_relational_between,60393,stress_test,relational_between,flat,134,2018_1190498__event_002,0.0,True
tokyo_60393_relational_between,60393,stress_test,relational_between,flat,135,2018_1190499__event_001,0.0,True
tokyo_60393_relational_between,60393,stress_test,relational_between,flat,136,2018_1190499__event_002,0.0,True
tokyo_60393_relational_between,60393,stress_test,relational_between,flat,137,2018_1190499__event_003,0.0,True
tokyo_60393_relational_between,60393,stress_test,relational_between,flat,138,2018_1190499__event_004,0.0,True
tokyo_60393_relational_between,60393,stress_test,relational_between,flat,139,2018_1190499__event_005,0.0,True
tokyo_60393_relational_between,60393,stress_test,relational_between,flat,140,2018_1190499__event_006,0.0,True
tokyo_60393_relational_between,60393,stress_test,relational_between,flat,141,2018_1190501__event_002,0.0,True
tokyo_60393_relational_between,60393,stress_test,relational_between,flat,142,2018_1190506__event_001,0.0,True
tokyo_60393_relational_between,60393,stress_test,relational_between,flat,143,2018_1190506__event_002,0.0,True
tokyo_60393_relational_between,60393,stress_test,relational_between,flat,144,2018_1190508__event_001,0.0,True
tokyo_60393_relational_between,60393,stress_test,relational_between,flat,145,2018_1190508__event_002,0.0,True
tokyo_60393_relational_between,60393,stress_test,relational_between,flat,146,2018_1190508__event_003,0.0,True
tokyo_60393_relational_between,60393,stress_test,relational_between,flat,147,2018_1190508__event_004,0.0,True
tokyo_60393_relational_between,60393,stress_test,relational_between,flat,148,2018_1190512__event_001,0.0,True
tokyo_60393_relational_between,60393,stress_test,relational_between,flat,149,2018_1190512__event_002,0.0,True
tokyo_60393_relational_between,60393,stress_test,relational_between,flat,150,2018_1190512__event_003,0.0,True
tokyo_60393_relational_between,60393,stress_test,relational_between,flat,151,2018_1190512__event_004,0.0,True
tokyo_60393_relational_between,60393,stress_test,relational_between,flat,152,2018_1190512__event_005,0.0,True
tokyo_60393_relational_between,60393,stress_test,relational_between,flat,153,2018_1190512__event_006,0.0,True
tokyo_60393_relational_between,60393,stress_test,relational_between,flat,154,2018_1190515__event_001,0.0,True
tokyo_60393_relational_between,60393,stress_test,relational_between,flat,155,2018_1190515__event_002,0.0,True
tokyo_60393_relational_between,60393,stress_test,relational_between,flat,156,2018_1190516__event_001,0.0,True
tokyo_60393_relational_between,60393,stress_test,relational_between,flat,157,2018_1190518__event_001,0.0,True
tokyo_60393_relational_between,60393,stress_test,relational_between,flat,158,2018_1190532__event_004,0.0,True
tokyo_60393_relational_between,60393,stress_test,relational_between,flat,159,2018_1190533__event_001,0.0,True
tokyo_60393_relational_between,60393,stress_test,relational_between,flat,160,2018_1190533__event_002,0.0,True
tokyo_60393_relational_between,60393,stress_test,relational_between,flat,161,2018_1190539__event_009,0.0,True
tokyo_60393_relational_between,60393,stress_test,relational_between,flat,162,2018_1190541__event_001,0.0,True
tokyo_60393_relational_between,60393,stress_test,relational_between,flat,163,2018_1190541__event_002,0.0,True
tokyo_60393_relational_between,60393,stress_test,relational_between,flat,164,2018_1190547__event_001,0.0,True
tokyo_60393_relational_between,60393,stress_test,relational_between,flat,165,2018_1190547__event_002,0.0,True
tokyo_60393_relational_between,60393,stress_test,relational_between,flat,166,2018_1190549__event_004,0.0,True
tokyo_60393_relational_between,60393,stress_test,relational_between,flat,167,2018_1190549__event_005,0.0,True
tokyo_60393_relational_between,60393,stress_test,relational_between,flat,168,2018_1190553__event_001,0.0,True
tokyo_60393_relational_between,60393,stress_test,relational_between,flat,169,2018_1190553__event_002,0.0,True
tokyo_60393_relational_between,60393,stress_test,relational_between,flat,170,2018_1190567__event_001,0.0,True
tokyo_70564_relational_between,70564,stress_test,relational_between,flat,1,2018_1332686__event_002,24.903736995027952,True
tokyo_70564_relational_between,70564,stress_test,relational_between,flat,2,2018_1332611__event_004,23.579753712185937,True
tokyo_70564_relational_between,70564,stress_test,relational_between,flat,3,2018_1332670__event_001,23.199238893620798,True
tokyo_70564_relational_between,70564,stress_test,relational_between,flat,4,2018_1332695__event_001,23.199238893620798,True
tokyo_70564_relational_between,70564,stress_test,relational_between,flat,5,2018_1332695__event_002,23.199238893620798,True
tokyo_70564_relational_between,70564,stress_test,relational_between,flat,6,2018_1332692__event_002,22.68933908070829,True
tokyo_70564_relational_between,70564,stress_test,relational_between,flat,7,2018_1332692__event_003,21.733951050496223,True
tokyo_70564_relational_between,70564,stress_test,relational_between,flat,8,2018_1332670__event_002,21.06859399306588,True
tokyo_70564_relational_between,70564,stress_test,relational_between,flat,9,2018_1332611__event_003,20.647202236234897,True
tokyo_70564_relational_between,70564,stress_test,relational_between,flat,10,2018_1332611__event_005,19.323533734665546,True
tokyo_70564_relational_between,70564,stress_test,relational_between,flat,11,2018_1332622__event_001,19.323533734665546,True
tokyo_70564_relational_between,70564,stress_test,relational_between,flat,12,2018_1332673__event_001,19.323533734665546,True
tokyo_70564_relational_between,70564,stress_test,relational_between,flat,13,2018_1332693__event_001,19.323533734665546,True
tokyo_70564_relational_between,70564,stress_test,relational_between,flat,14,2018_1332673__event_002,19.165205329635427,True
tokyo_70564_relational_between,70564,stress_test,relational_between,flat,15,2018_1332693__event_002,19.165205329635427,True
tokyo_70564_relational_between,70564,stress_test,relational_between,flat,16,2018_1332692__event_001,18.93330046742554,True
tokyo_70564_relational_between,70564,stress_test,relational_between,flat,17,2018_1332713__event_001,18.474558688288663,True
tokyo_70564_relational_between,70564,stress_test,relational_between,flat,18,2018_1332680__event_003,18.263374789532826,True
tokyo_70564_relational_between,70564,stress_test,relational_between,flat,19,2018_1332680__event_002,17.067547418564992,True
tokyo_70564_relational_between,70564,stress_test,relational_between,flat,20,2018_1332622__event_002,16.701937443549586,True
tokyo_70564_relational_between,70564,stress_test,relational_between,flat,21,2018_1332692__event_004,16.37976349846357,True
tokyo_70564_relational_between,70564,stress_test,relational_between,flat,22,2018_1332686__event_004,16.351662688748508,True
tokyo_70564_relational_between,70564,stress_test,relational_between,flat,23,2018_1332622__event_003,16.12619586012967,True
tokyo_70564_relational_between,70564,stress_test,relational_between,flat,24,2018_1332670__event_003,15.998978002995237,True
tokyo_70564_relational_between,70564,stress_test,relational_between,flat,25,2018_1332713__event_003,15.40221128179124,True
tokyo_70564_relational_between,70564,stress_test,relational_between,flat,26,2018_1332686__event_003,14.52406193834535,True
tokyo_70564_relational_between,70564,stress_test,relational_between,flat,27,2018_1332611__event_002,13.945709558591206,True
tokyo_70564_relational_between,70564,stress_test,relational_between,flat,28,2018_1332713__event_002,13.063333140510458,True
tokyo_70564_relational_between,70564,stress_test,relational_between,flat,29,2018_1332618__event_002,8.811843218284968,True
tokyo_70564_relational_between,70564,stress_test,relational_between,flat,30,2018_1332618__event_001,8.606104259007447,True
tokyo_70564_relational_between,70564,stress_test,relational_between,flat,31,2018_1332687__event_002,8.3516525596768,True
tokyo_70564_relational_between,70564,stress_test,relational_between,flat,32,2018_1332669__event_001,8.10894948539889,True
tokyo_70564_relational_between,70564,stress_test,relational_between,flat,33,2018_1332687__event_001,7.896303135934455,True
tokyo_70564_relational_between,70564,stress_test,relational_between,flat,34,2018_1332686__event_001,7.604248301302535,True
tokyo_70564_relational_between,70564,stress_test,relational_between,flat,35,2018_1332660__event_003,6.7772479742402325,True
tokyo_70564_relational_between,70564,stress_test,relational_between,flat,36,2018_1332669__event_002,6.580722732062258,True
tokyo_70564_relational_between,70564,stress_test,relational_between,flat,37,2018_1332644__event_001,6.0827186574901075,True
tokyo_70564_relational_between,70564,stress_test,relational_between,flat,38,2018_1332640__event_002,6.0366539166389295,True
tokyo_70564_relational_between,70564,stress_test,relational_between,flat,39,2018_1332643__event_002,6.0366539166389295,True
tokyo_70564_relational_between,70564,stress_test,relational_between,flat,40,2018_1332649__event_002,6.0366539166389295,True
tokyo_70564_relational_between,70564,stress_test,relational_between,flat,41,2018_1332632__event_002,5.967145184440153,True
tokyo_70564_relational_between,70564,stress_test,relational_between,flat,42,2018_1332657__event_002,5.816413910043032,True
tokyo_70564_relational_between,70564,stress_test,relational_between,flat,43,2018_1332614__event_002,5.563220102014521,True
tokyo_70564_relational_between,70564,stress_test,relational_between,flat,44,2018_1332614__event_001,5.450498361499314,True
tokyo_70564_relational_between,70564,stress_test,relational_between,flat,45,2018_1332668__event_003,3.612049324927165,True
tokyo_70564_relational_between,70564,stress_test,relational_between,flat,46,2018_1332608__event_001,3.3810920186918665,True
tokyo_70564_relational_between,70564,stress_test,relational_between,flat,47,2018_1332660__event_002,3.061378739943356,True
tokyo_70564_relational_between,70564,stress_test,relational_between,flat,48,2018_1332668__event_001,2.9831555398166176,True
tokyo_70564_relational_between,70564,stress_test,relational_between,flat,49,2018_1332650__event_001,2.9510769714959926,True
tokyo_70564_relational_between,70564,stress_test,relational_between,flat,50,2018_1332660__event_001,2.9510769714959926,True
tokyo_70564_relational_between,70564,stress_test,relational_between,flat,51,2018_1332668__event_002,2.9510769714959926,True
tokyo_70564_relational_between,70564,stress_test,relational_between,flat,52,2018_1332650__event_002,2.8588512846073164,True
tokyo_70564_relational_between,70564,stress_test,relational_between,flat,53,2018_1332668__event_004,2.7430684815202024,True
tokyo_70564_relational_between,70564,stress_test,relational_between,flat,54,2018_1332632__event_001,2.717317383262972,True
tokyo_70564_relational_between,70564,stress_test,relational_between,flat,55,2018_1332658__event_003,2.587869517527066,True
tokyo_70564_relational_between,70564,stress_test,relational_between,flat,56,2018_1332619__event_001,2.4492920136837375,True
tokyo_70564_relational_between,70564,stress_test,relational_between,flat,57,2018_1332682__event_003,2.4492920136837375,True
tokyo_70564_relational_between,70564,stress_test,relational_between,flat,58,2018_1332619__event_003,2.385423636451148,True
tokyo_70564_relational_between,70564,stress_test,relational_between,flat,59,2018_1332630__event_001,2.385423636451148,True
tokyo_70564_relational_between,70564,stress_test,relational_between,flat,60,2018_1332630__event_002,2.385423636451148,True
tokyo_70564_relational_between,70564,stress_test,relational_between,flat,61,2018_1332689__event_002,2.344663596882546,True
tokyo_70564_relational_between,70564,stress_test,relational_between,flat,62,2018_1332680__event_001,2.3052730998115343,True
tokyo_70564_relational_between,70564,stress_test,relational_between,flat,63,2018_1332641__event_001,2.2860700390193913,True
tokyo_70564_relational_between,70564,stress_test,relational_between,flat,64,2018_1332689__event_001,2.2671842605036048,True
tokyo_70564_relational_between,70564,stress_test,relational_between,flat,65,2018_1332658__event_001,2.2303336077989537,True
tokyo_70564_relational_between,70564,stress_test,relational_between,flat,66,2018_1332637__event_001,2.2123538859625635,True
tokyo_70564_relational_between,70564,stress_test,relational_between,flat,67,2018_1332619__event_002,2.194661731159694,True
tokyo_70564_relational_between,70564,stress_test,relational_between,flat,68,2018_1332637__event_002,2.194661731159694,True
tokyo_70564_relational_between,70564,stress_test,relational_between,flat,69,2018_1332686__event_005,2.194661731159694,True
tokyo_70564_relational_between,70564,stress_test,relational_between,flat,70,2018_1332641__event_002,2.1772502991184606,True
tokyo_70564_relational_between,70564,stress_test,relational_between,flat,71,2018_1332617__event_002,2.173291849017111,True
tokyo_70564_relational_between,70564,stress_test,relational_between,flat,72,2018_1332645__event_001,2.1601129610545593,True
tokyo_70564_relational_between,70564,stress_test,relational_between,flat,73,2018_1332705__event_001,2.1601129610545593,True
tokyo_70564_relational_between,70564,stress_test,relational_between,flat,74,2018_1332658__event_002,2.1432432952568887,True
tokyo_70564_relational_between,70564,stress_test,relational_between,flat,75,2018_1332608__event_003,2.094179054533277,True
tokyo_70564_relational_between,70564,stress_test,relational_between,flat,76,2018_1332622__event_004,2.094179054533277,True
tokyo_70564_relational_between,70564,stress_test,relational_between,flat,77,2018_1332640__event_001,2.094179054533277,True
tokyo_70564_relational_between,70564,stress_test,relational_between,flat,78,2018_1332643__event_001,2.094179054533277,True
tokyo_70564_relational_between,70564,stress_test,relational_between,flat,79,2018_1332649__event_001,2.094179054533277,True
tokyo_70564_relational_between,70564,stress_test,relational_between,flat,80,2018_1332682__event_001,2.094179054533277,True
tokyo_70564_relational_between,70564,stress_test,relational_between,flat,81,2018_1332682__event_002,2.094179054533277,True
tokyo_70564_relational_between,70564,stress_test,relational_between,flat,82,2018_1332645__event_002,2.0473109470421385,True
tokyo_70564_relational_between,70564,stress_test,relational_between,flat,83,2018_1332705__event_002,2.0473109470421385,True
tokyo_70564_relational_between,70564,stress_test,relational_between,flat,84,2018_1332642__event_001,2.0321509777521305,True
tokyo_70564_relational_between,70564,stress_test,relational_between,flat,85,2018_1332657__event_001,2.017213871889727,True
tokyo_70564_relational_between,70564,stress_test,relational_between,flat,86,2018_1332644__event_002,2.002494750913592,True
tokyo_70564_relational_between,70564,stress_test,relational_between,flat,87,2018_1332642__event_002,1.9595986019886662,True
tokyo_70564_relational_between,70564,stress_test,relational_between,flat,88,2018_1332627__event_002,1.699584187960697,True
tokyo_70564_relational_between,70564,stress_test,relational_between,flat,89,2018_1332608__event_002,1.6729105323205329,True
tokyo_70564_relational_between,70564,stress_test,relational_between,flat,90,2018_1332627__event_001,1.614633600728172,True
tokyo_70564_relational_between,70564,stress_test,relational_between,flat,91,2018_1332628__event_001,1.5483002262650807,True
tokyo_70564_relational_between,70564,stress_test,relational_between,flat,92,2018_1332608__event_004,0.0,True
tokyo_70564_relational_between,70564,stress_test,relational_between,flat,93,2018_1332611__event_001,0.0,True
tokyo_70564_relational_between,70564,stress_test,relational_between,flat,94,2018_1332617__event_001,0.0,True
tokyo_70564_relational_between,70564,stress_test,relational_between,flat,95,2018_1332623__event_001,0.0,True
tokyo_70564_relational_between,70564,stress_test,relational_between,flat,96,2018_1332623__event_002,0.0,True
tokyo_70564_relational_between,70564,stress_test,relational_between,flat,97,2018_1332628__event_002,0.0,True
tokyo_70564_relational_between,70564,stress_test,relational_between,flat,98,2018_1332642__event_003,0.0,True
tokyo_70564_relational_between,70564,stress_test,relational_between,flat,99,2018_1332662__event_001,0.0,True
tokyo_70564_relational_between,70564,stress_test,relational_between,flat,100,2018_1332662__event_002,0.0,True
tokyo_70564_relational_between,70564,stress_test,relational_between,flat,101,2018_1332666__event_001,0.0,True
tokyo_70564_relational_between,70564,stress_test,relational_between,flat,102,2018_1332666__event_002,0.0,True
tokyo_70564_relational_between,70564,stress_test,relational_between,flat,103,2018_1332696__event_001,0.0,True
tokyo_70564_relational_between,70564,stress_test,relational_between,flat,104,2018_1332696__event_002,0.0,True
tokyo_70564_relational_between,70564,stress_test,relational_between,flat,105,2018_1332696__event_003,0.0,True
tokyo_70564_relational_between,70564,stress_test,relational_between,flat,106,2018_1332713__event_004,0.0,True
tokyo_70703_relational_between,70703,stress_test,relational_between,flat,1,2018_1335105__event_003,53.066856671042125,False
tokyo_70703_relational_between,70703,stress_test,relational_between,flat,2,2018_1335105__event_004,48.34256892044876,False
tokyo_70703_relational_between,70703,stress_test,relational_between,flat,3,2018_1335111__event_001,4.549201629669471,False
tokyo_70703_relational_between,70703,stress_test,relational_between,flat,4,2018_1335093__event_003,4.430721652900861,False
tokyo_70703_relational_between,70703,stress_test,relational_between,flat,5,2018_1335105__event_001,2.665350517252897,False
tokyo_70703_relational_between,70703,stress_test,relational_between,flat,6,2018_1335110__event_001,2.5639959139223683,False
tokyo_70703_relational_between,70703,stress_test,relational_between,flat,7,2018_1335110__event_002,2.5639959139223683,False
tokyo_70703_relational_between,70703,stress_test,relational_between,flat,8,2018_1335105__event_002,2.1893530520634776,False
tokyo_70703_relational_between,70703,stress_test,relational_between,flat,9,2018_1335096__event_002,2.1626298818416223,False
tokyo_70703_relational_between,70703,stress_test,relational_between,flat,10,2018_1335094__event_001,2.0459298065728957,False
tokyo_70703_relational_between,70703,stress_test,relational_between,flat,11,2018_1335093__event_005,0.4435311460929537,False
tokyo_70703_relational_between,70703,stress_test,relational_between,flat,12,2018_1335087__event_002,0.4013660320807457,False
tokyo_70703_relational_between,70703,stress_test,relational_between,flat,13,2018_1335087__event_001,0.39758630387445526,False
tokyo_70703_relational_between,70703,stress_test,relational_between,flat,14,2018_1335104__event_001,0.39758630387445526,False
tokyo_70703_relational_between,70703,stress_test,relational_between,flat,15,2018_1335104__event_002,0.39758630387445526,False
tokyo_70703_relational_between,70703,stress_test,relational_between,flat,16,2018_1335091__event_003,0.3902364652878415,False
tokyo_70703_relational_between,70703,stress_test,relational_between,flat,17,2018_1335098__event_001,0.3902364652878415,False
tokyo_70703_relational_between,70703,stress_test,relational_between,flat,18,2018_1335098__event_002,0.3902364652878415,False
tokyo_70703_relational_between,70703,stress_test,relational_between,flat,19,2018_1335093__event_004,0.37632294330396115,False
tokyo_70703_relational_between,70703,stress_test,relational_between,flat,20,2018_1335089__event_002,0.37299821628339724,False
tokyo_70703_relational_between,70703,stress_test,relational_between,flat,21,2018_1335091__event_002,0.36652194145577793,False
tokyo_70703_relational_between,70703,stress_test,relational_between,flat,22,2018_1335089__event_001,0.3293519769370165,False
tokyo_70703_relational_between,70703,stress_test,relational_between,flat,23,2018_1335111__event_004,0.3193858930794903,False
tokyo_70703_relational_between,70703,stress_test,relational_between,flat,24,2018_1335111__event_003,0.2868373716681836,False
tokyo_70703_relational_between,70703,stress_test,relational_between,flat,25,2018_1335091__event_001,0.0,False
tokyo_70703_relational_between,70703,stress_test,relational_between,flat,26,2018_1335093__event_001,0.0,False
tokyo_70703_relational_between,70703,stress_test,relational_between,flat,27,2018_1335093__event_002,0.0,False
tokyo_70703_relational_between,70703,stress_test,relational_between,flat,28,2018_1335094__event_002,0.0,False
tokyo_70703_relational_between,70703,stress_test,relational_between,flat,29,2018_1335096__event_001,0.0,False
tokyo_70703_relational_between,70703,stress_test,relational_between,flat,30,2018_1335097__event_001,0.0,False
tokyo_70703_relational_between,70703,stress_test,relational_between,flat,31,2018_1335097__event_002,0.0,False
tokyo_70703_relational_between,70703,stress_test,relational_between,flat,32,2018_1335097__event_003,0.0,False
tokyo_70703_relational_between,70703,stress_test,relational_between,flat,33,2018_1335099__event_001,0.0,False
tokyo_70703_relational_between,70703,stress_test,relational_between,flat,34,2018_1335099__event_002,0.0,False
tokyo_70703_relational_between,70703,stress_test,relational_between,flat,35,2018_1335099__event_003,0.0,False
tokyo_70703_relational_between,70703,stress_test,relational_between,flat,36,2018_1335100__event_001,0.0,False
tokyo_70703_relational_between,70703,stress_test,relational_between,flat,37,2018_1335100__event_002,0.0,False
tokyo_70703_relational_between,70703,stress_test,relational_between,flat,38,2018_1335100__event_003,0.0,False
tokyo_70703_relational_between,70703,stress_test,relational_between,flat,39,2018_1335107__event_001,0.0,False
tokyo_70703_relational_between,70703,stress_test,relational_between,flat,40,2018_1335107__event_002,0.0,False
tokyo_70703_relational_between,70703,stress_test,relational_between,flat,41,2018_1335108__event_001,0.0,False
tokyo_70703_relational_between,70703,stress_test,relational_between,flat,42,2018_1335108__event_002,0.0,False
tokyo_70703_relational_between,70703,stress_test,relational_between,flat,43,2018_1335109__event_001,0.0,False
tokyo_70703_relational_between,70703,stress_test,relational_between,flat,44,2018_1335109__event_002,0.0,False
tokyo_70703_relational_between,70703,stress_test,relational_between,flat,45,2018_1335111__event_002,0.0,False
tokyo_70703_relational_between,70703,stress_test,relational_between,flat,46,2018_1335116__event_001,0.0,False
tokyo_70703_relational_between,70703,stress_test,relational_between,flat,47,2018_1335116__event_002,0.0,False
tokyo_72210_relational_between,72210,stress_test,relational_between,flat,1,2018_1357857__event_002,42.214381360220294,False
tokyo_72210_relational_between,72210,stress_test,relational_between,flat,2,2018_1357857__event_003,29.175875488524905,False
tokyo_72210_relational_between,72210,stress_test,relational_between,flat,3,2018_1357883__event_001,25.73867844601966,False
tokyo_72210_relational_between,72210,stress_test,relational_between,flat,4,2018_1357883__event_002,25.73867844601966,False
tokyo_72210_relational_between,72210,stress_test,relational_between,flat,5,2018_1357857__event_001,22.691458626221834,False
tokyo_72210_relational_between,72210,stress_test,relational_between,flat,6,2018_1357857__event_004,22.174341148024222,False
tokyo_72210_relational_between,72210,stress_test,relational_between,flat,7,2018_1357878__event_002,10.8935365570539,False
tokyo_72210_relational_between,72210,stress_test,relational_between,flat,8,2018_1357878__event_001,8.373841992144,False
tokyo_72210_relational_between,72210,stress_test,relational_between,flat,9,2018_1357863__event_002,2.8081672653339096,False
tokyo_72210_relational_between,72210,stress_test,relational_between,flat,10,2018_1357875__event_003,2.373407696086416,False
tokyo_72210_relational_between,72210,stress_test,relational_between,flat,11,2018_1357880__event_002,0.8191450774635949,False
tokyo_72210_relational_between,72210,stress_test,relational_between,flat,12,2018_1357856__event_003,0.7296167111191217,False
tokyo_72210_relational_between,72210,stress_test,relational_between,flat,13,2018_1357865__event_002,0.7039699401026223,False
tokyo_72210_relational_between,72210,stress_test,relational_between,flat,14,2018_1357866__event_001,0.6958170473075812,False
tokyo_72210_relational_between,72210,stress_test,relational_between,flat,15,2018_1357856__event_001,0.6800649635171546,False
tokyo_72210_relational_between,72210,stress_test,relational_between,flat,16,2018_1357877__event_002,0.6301367739801191,False
tokyo_72210_relational_between,72210,stress_test,relational_between,flat,17,2018_1357875__event_002,0.5395885233996379,False
tokyo_72210_relational_between,72210,stress_test,relational_between,flat,18,2018_1357855__event_001,0.0,False
tokyo_72210_relational_between,72210,stress_test,relational_between,flat,19,2018_1357855__event_002,0.0,False
tokyo_72210_relational_between,72210,stress_test,relational_between,flat,20,2018_1357855__event_003,0.0,False
tokyo_72210_relational_between,72210,stress_test,relational_between,flat,21,2018_1357856__event_002,0.0,False
tokyo_72210_relational_between,72210,stress_test,relational_between,flat,22,2018_1357857__event_005,0.0,False
tokyo_72210_relational_between,72210,stress_test,relational_between,flat,23,2018_1357863__event_001,0.0,False
tokyo_72210_relational_between,72210,stress_test,relational_between,flat,24,2018_1357865__event_001,0.0,False
tokyo_72210_relational_between,72210,stress_test,relational_between,flat,25,2018_1357866__event_002,0.0,False
tokyo_72210_relational_between,72210,stress_test,relational_between,flat,26,2018_1357875__event_001,0.0,False
tokyo_72210_relational_between,72210,stress_test,relational_between,flat,27,2018_1357876__event_001,0.0,False
tokyo_72210_relational_between,72210,stress_test,relational_between,flat,28,2018_1357876__event_002,0.0,False
tokyo_72210_relational_between,72210,stress_test,relational_between,flat,29,2018_1357877__event_001,0.0,False
tokyo_72210_relational_between,72210,stress_test,relational_between,flat,30,2018_1357880__event_001,0.0,False
tokyo_72210_relational_between,72210,stress_test,relational_between,flat,31,2018_1357892__event_001,0.0,False
tokyo_72210_relational_between,72210,stress_test,relational_between,flat,32,2018_1357892__event_002,0.0,False
tokyo_72210_relational_between,72210,stress_test,relational_between,flat,33,2018_1357892__event_003,0.0,False
tokyo_72210_relational_between,72210,stress_test,relational_between,flat,34,2018_1357894__event_001,0.0,False
tokyo_72210_relational_between,72210,stress_test,relational_between,flat,35,2018_1357894__event_002,0.0,False
tokyo_72444_relational_between,72444,stress_test,relational_between,flat,1,2018_1361371__event_002,38.78959082333929,False
tokyo_72444_relational_between,72444,stress_test,relational_between,flat,2,2018_1361371__event_001,35.506709225596445,False
tokyo_72444_relational_between,72444,stress_test,relational_between,flat,3,2018_1361371__event_003,19.550207827371256,False
tokyo_72444_relational_between,72444,stress_test,relational_between,flat,4,2018_1361355__event_001,7.074226564085111,False
tokyo_72444_relational_between,72444,stress_test,relational_between,flat,5,2018_1361355__event_002,6.544412376704462,False
tokyo_72444_relational_between,72444,stress_test,relational_between,flat,6,2018_1361355__event_003,5.9826916961543315,False
tokyo_72444_relational_between,72444,stress_test,relational_between,flat,7,2018_1361378__event_001,3.2024039754664138,False
tokyo_72444_relational_between,72444,stress_test,relational_between,flat,8,2018_1361378__event_002,3.2024039754664138,False
tokyo_72444_relational_between,72444,stress_test,relational_between,flat,9,2018_1361390__event_001,3.2024039754664138,False
tokyo_72444_relational_between,72444,stress_test,relational_between,flat,10,2018_1361390__event_002,3.2024039754664138,False
tokyo_72444_relational_between,72444,stress_test,relational_between,flat,11,2018_1361416__event_002,3.0476044782248155,False
tokyo_72444_relational_between,72444,stress_test,relational_between,flat,12,2018_1361416__event_001,2.579693972709748,False
tokyo_72444_relational_between,72444,stress_test,relational_between,flat,13,2018_1361413__event_001,2.567167020610426,False
tokyo_72444_relational_between,72444,stress_test,relational_between,flat,14,2018_1361355__event_006,2.3504058018951497,False
tokyo_72444_relational_between,72444,stress_test,relational_between,flat,15,2018_1361348__event_002,2.2640977699167273,False
tokyo_72444_relational_between,72444,stress_test,relational_between,flat,16,2018_1361372__event_002,2.223277853642195,False
tokyo_72444_relational_between,72444,stress_test,relational_between,flat,17,2018_1361354__event_001,1.8451557188434549,False
tokyo_72444_relational_between,72444,stress_test,relational_between,flat,18,2018_1361355__event_005,1.7167200372437905,False
tokyo_72444_relational_between,72444,stress_test,relational_between,flat,19,2018_1361392__event_002,1.7167200372437905,False
tokyo_72444_relational_between,72444,stress_test,relational_between,flat,20,2018_1361413__event_002,1.6044098113702672,False
tokyo_72444_relational_between,72444,stress_test,relational_between,flat,21,2018_1361348__event_001,1.383866789132591,False
tokyo_72444_relational_between,72444,stress_test,relational_between,flat,22,2018_1361372__event_001,1.3710450201597972,False
tokyo_72444_relational_between,72444,stress_test,relational_between,flat,23,2018_1361354__event_002,0.9056391079666909,False
tokyo_72444_relational_between,72444,stress_test,relational_between,flat,24,2018_1361392__event_001,0.8813659710618535,False
tokyo_72444_relational_between,72444,stress_test,relational_between,flat,25,2018_1361355__event_004,0.8090819971908305,False
tokyo_72444_relational_between,72444,stress_test,relational_between,flat,26,2018_1361404__event_002,0.42918000931094763,False
tokyo_72444_relational_between,72444,stress_test,relational_between,flat,27,2018_1361394__event_001,0.3767334661662861,False
tokyo_72444_relational_between,72444,stress_test,relational_between,flat,28,2018_1361394__event_002,0.0,False
tokyo_72444_relational_between,72444,stress_test,relational_between,flat,29,2018_1361404__event_001,0.0,False
tokyo_74188_relational_between,74188,stress_test,relational_between,flat,1,2018_1388327__event_003,45.807820061323696,False
tokyo_74188_relational_between,74188,stress_test,relational_between,flat,2,2018_1388327__event_005,23.54732724793527,False
tokyo_74188_relational_between,74188,stress_test,relational_between,flat,3,2018_1388327__event_004,22.188819212370618,False
tokyo_74188_relational_between,74188,stress_test,relational_between,flat,4,2018_1388327__event_001,20.906331594911432,False
tokyo_74188_relational_between,74188,stress_test,relational_between,flat,5,2018_1388327__event_002,18.96974276618402,False
tokyo_74188_relational_between,74188,stress_test,relational_between,flat,6,2018_1388323__event_003,5.295349328033994,False
tokyo_74188_relational_between,74188,stress_test,relational_between,flat,7,2018_1388323__event_005,5.003740257489328,False
tokyo_74188_relational_between,74188,stress_test,relational_between,flat,8,2018_1388323__event_004,4.913545735451647,False
tokyo_74188_relational_between,74188,stress_test,relational_between,flat,9,2018_1388298__event_001,0.0,False
tokyo_74188_relational_between,74188,stress_test,relational_between,flat,10,2018_1388298__event_002,0.0,False
tokyo_74188_relational_between,74188,stress_test,relational_between,flat,11,2018_1388299__event_001,0.0,False
tokyo_74188_relational_between,74188,stress_test,relational_between,flat,12,2018_1388299__event_002,0.0,False
tokyo_74188_relational_between,74188,stress_test,relational_between,flat,13,2018_1388306__event_001,0.0,False
tokyo_74188_relational_between,74188,stress_test,relational_between,flat,14,2018_1388306__event_002,0.0,False
tokyo_74188_relational_between,74188,stress_test,relational_between,flat,15,2018_1388306__event_003,0.0,False
tokyo_74188_relational_between,74188,stress_test,relational_between,flat,16,2018_1388307__event_001,0.0,False
tokyo_74188_relational_between,74188,stress_test,relational_between,flat,17,2018_1388307__event_002,0.0,False
tokyo_74188_relational_between,74188,stress_test,relational_between,flat,18,2018_1388307__event_003,0.0,False
tokyo_74188_relational_between,74188,stress_test,relational_between,flat,19,2018_1388310__event_001,0.0,False
tokyo_74188_relational_between,74188,stress_test,relational_between,flat,20,2018_1388310__event_002,0.0,False
tokyo_74188_relational_between,74188,stress_test,relational_between,flat,21,2018_1388313__event_001,0.0,False
tokyo_74188_relational_between,74188,stress_test,relational_between,flat,22,2018_1388313__event_002,0.0,False
tokyo_74188_relational_between,74188,stress_test,relational_between,flat,23,2018_1388318__event_001,0.0,False
tokyo_74188_relational_between,74188,stress_test,relational_between,flat,24,2018_1388318__event_002,0.0,False
tokyo_74188_relational_between,74188,stress_test,relational_between,flat,25,2018_1388318__event_003,0.0,False
tokyo_74188_relational_between,74188,stress_test,relational_between,flat,26,2018_1388319__event_001,0.0,False
tokyo_74188_relational_between,74188,stress_test,relational_between,flat,27,2018_1388319__event_002,0.0,False
tokyo_74188_relational_between,74188,stress_test,relational_between,flat,28,2018_1388319__event_003,0.0,False
tokyo_74188_relational_between,74188,stress_test,relational_between,flat,29,2018_1388323__event_001,0.0,False
tokyo_74188_relational_between,74188,stress_test,relational_between,flat,30,2018_1388323__event_002,0.0,False
tokyo_74188_relational_between,74188,stress_test,relational_between,flat,31,2018_1388323__event_006,0.0,False
tokyo_74188_relational_between,74188,stress_test,relational_between,flat,32,2018_1388323__event_007,0.0,False
tokyo_74188_relational_between,74188,stress_test,relational_between,flat,33,2018_1388329__event_001,0.0,False
tokyo_74188_relational_between,74188,stress_test,relational_between,flat,34,2018_1388329__event_002,0.0,False
tokyo_74188_relational_between,74188,stress_test,relational_between,flat,35,2018_1388346__event_001,0.0,False
tokyo_74188_relational_between,74188,stress_test,relational_between,flat,36,2018_1388346__event_002,0.0,False
tokyo_74188_relational_between,74188,stress_test,relational_between,flat,37,2018_1388346__event_003,0.0,False
tokyo_74188_relational_between,74188,stress_test,relational_between,flat,38,2018_1388347__event_001,0.0,False
tokyo_74188_relational_between,74188,stress_test,relational_between,flat,39,2018_1388347__event_002,0.0,False
tokyo_74982_relational_between,74982,stress_test,relational_between,flat,1,2018_1402555__event_002,40.228476245169674,False
tokyo_74982_relational_between,74982,stress_test,relational_between,flat,2,2018_1402555__event_003,20.192168090040852,False
tokyo_74982_relational_between,74982,stress_test,relational_between,flat,3,2018_1402555__event_001,19.69312916899985,False
tokyo_74982_relational_between,74982,stress_test,relational_between,flat,4,2018_1402558__event_001,19.63240231796185,False
tokyo_74982_relational_between,74982,stress_test,relational_between,flat,5,2018_1402558__event_002,19.63240231796185,False
tokyo_74982_relational_between,74982,stress_test,relational_between,flat,6,2018_1402572__event_004,1.698826515119861,False
tokyo_74982_relational_between,74982,stress_test,relational_between,flat,7,2018_1402586__event_001,1.3916912435628368,False
tokyo_74982_relational_between,74982,stress_test,relational_between,flat,8,2018_1402572__event_003,1.329010727432257,False
tokyo_74982_relational_between,74982,stress_test,relational_between,flat,9,2018_1402547__event_001,0.0,False
tokyo_74982_relational_between,74982,stress_test,relational_between,flat,10,2018_1402547__event_002,0.0,False
tokyo_74982_relational_between,74982,stress_test,relational_between,flat,11,2018_1402556__event_001,0.0,False
tokyo_74982_relational_between,74982,stress_test,relational_between,flat,12,2018_1402556__event_002,0.0,False
tokyo_74982_relational_between,74982,stress_test,relational_between,flat,13,2018_1402572__event_001,0.0,False
tokyo_74982_relational_between,74982,stress_test,relational_between,flat,14,2018_1402572__event_002,0.0,False
tokyo_74982_relational_between,74982,stress_test,relational_between,flat,15,2018_1402573__event_001,0.0,False
tokyo_74982_relational_between,74982,stress_test,relational_between,flat,16,2018_1402573__event_002,0.0,False
tokyo_74982_relational_between,74982,stress_test,relational_between,flat,17,2018_1402575__event_001,0.0,False
tokyo_74982_relational_between,74982,stress_test,relational_between,flat,18,2018_1402575__event_002,0.0,False
tokyo_74982_relational_between,74982,stress_test,relational_between,flat,19,2018_1402586__event_002,0.0,False
tokyo_74982_relational_between,74982,stress_test,relational_between,flat,20,2018_1402590__event_001,0.0,False
tokyo_74982_relational_between,74982,stress_test,relational_between,flat,21,2018_1402590__event_002,0.0,False
tokyo_74982_relational_between,74982,stress_test,relational_between,flat,22,2018_1402590__event_003,0.0,False
tokyo_74982_relational_between,74982,stress_test,relational_between,flat,23,2018_1402609__event_001,0.0,False
tokyo_74982_relational_between,74982,stress_test,relational_between,flat,24,2018_1402609__event_002,0.0,False
tokyo_78286_relational_between,78286,stress_test,relational_between,flat,1,2018_1453186__event_002,38.78255375642603,True
tokyo_78286_relational_between,78286,stress_test,relational_between,flat,2,2018_1453186__event_001,31.670545377131333,True
tokyo_78286_relational_between,78286,stress_test,relational_between,flat,3,2018_1453182__event_001,12.09482016664456,True
tokyo_78286_relational_between,78286,stress_test,relational_between,flat,4,2018_1453193__event_001,12.09482016664456,True
tokyo_78286_relational_between,78286,stress_test,relational_between,flat,5,2018_1453215__event_002,12.09482016664456,True
tokyo_78286_relational_between,78286,stress_test,relational_between,flat,6,2018_1453182__event_002,11.674605354376386,True
tokyo_78286_relational_between,78286,stress_test,relational_between,flat,7,2018_1453183__event_001,11.616991782756617,True
tokyo_78286_relational_between,78286,stress_test,relational_between,flat,8,2018_1453185__event_001,11.616991782756617,True
tokyo_78286_relational_between,78286,stress_test,relational_between,flat,9,2018_1453187__event_001,11.616991782756617,True
tokyo_78286_relational_between,78286,stress_test,relational_between,flat,10,2018_1453189__event_001,11.616991782756617,True
tokyo_78286_relational_between,78286,stress_test,relational_between,flat,11,2018_1453194__event_001,11.616991782756617,True
tokyo_78286_relational_between,78286,stress_test,relational_between,flat,12,2018_1453195__event_001,11.616991782756617,True
tokyo_78286_relational_between,78286,stress_test,relational_between,flat,13,2018_1453203__event_001,11.616991782756617,True
tokyo_78286_relational_between,78286,stress_test,relational_between,flat,14,2018_1453205__event_001,11.616991782756617,True
tokyo_78286_relational_between,78286,stress_test,relational_between,flat,15,2018_1453211__event_001,11.616991782756617,True
tokyo_78286_relational_between,78286,stress_test,relational_between,flat,16,2018_1453212__event_001,11.616991782756617,True
tokyo_78286_relational_between,78286,stress_test,relational_between,flat,17,2018_1453186__event_004,11.542986787641155,True
tokyo_78286_relational_between,78286,stress_test,relational_between,flat,18,2018_1453189__event_003,11.542986787641155,True
tokyo_78286_relational_between,78286,stress_test,relational_between,flat,19,2018_1453193__event_002,11.542986787641155,True
tokyo_78286_relational_between,78286,stress_test,relational_between,flat,20,2018_1453215__event_001,11.542986787641155,True
tokyo_78286_relational_between,78286,stress_test,relational_between,flat,21,2018_1453220__event_002,11.331366828770433,True
tokyo_78286_relational_between,78286,stress_test,relational_between,flat,22,2018_1453184__event_003,11.098000180001932,True
tokyo_78286_relational_between,78286,stress_test,relational_between,flat,23,2018_1453202__event_002,11.098000180001932,True
tokyo_78286_relational_between,78286,stress_test,relational_between,flat,24,2018_1453207__event_001,11.051429428874066,True
tokyo_78286_relational_between,78286,stress_test,relational_between,flat,25,2018_1453209__event_002,10.988819312977176,True
tokyo_78286_relational_between,78286,stress_test,relational_between,flat,26,2018_1453207__event_002,10.65914025068855,True
tokyo_78286_relational_between,78286,stress_test,relational_between,flat,27,2018_1453202__event_001,10.588037303916915,True
tokyo_78286_relational_between,78286,stress_test,relational_between,flat,28,2018_1453220__event_001,10.269441328440156,True
tokyo_78286_relational_between,78286,stress_test,relational_between,flat,29,2018_1453183__event_002,10.062645905749518,True
tokyo_78286_relational_between,78286,stress_test,relational_between,flat,30,2018_1453185__event_002,10.062645905749518,True
tokyo_78286_relational_between,78286,stress_test,relational_between,flat,31,2018_1453186__event_003,10.062645905749518,True
tokyo_78286_relational_between,78286,stress_test,relational_between,flat,32,2018_1453187__event_002,10.062645905749518,True
tokyo_78286_relational_between,78286,stress_test,relational_between,flat,33,2018_1453189__event_002,10.062645905749518,True
tokyo_78286_relational_between,78286,stress_test,relational_between,flat,34,2018_1453194__event_002,10.062645905749518,True
tokyo_78286_relational_between,78286,stress_test,relational_between,flat,35,2018_1453195__event_002,10.062645905749518,True
tokyo_78286_relational_between,78286,stress_test,relational_between,flat,36,2018_1453203__event_002,10.062645905749518,True
tokyo_78286_relational_between,78286,stress_test,relational_between,flat,37,2018_1453204__event_002,10.062645905749518,True
tokyo_78286_relational_between,78286,stress_test,relational_between,flat,38,2018_1453205__event_002,10.062645905749518,True
tokyo_78286_relational_between,78286,stress_test,relational_between,flat,39,2018_1453209__event_003,10.062645905749518,True
tokyo_78286_relational_between,78286,stress_test,relational_between,flat,40,2018_1453211__event_002,10.062645905749518,True
tokyo_78286_relational_between,78286,stress_test,relational_between,flat,41,2018_1453212__event_002,10.062645905749518,True
tokyo_78286_relational_between,78286,stress_test,relational_between,flat,42,2018_1453184__event_002,9.96945850204246,True
tokyo_78286_relational_between,78286,stress_test,relational_between,flat,43,2018_1453204__event_001,9.686503981977294,True
tokyo_78286_relational_between,78286,stress_test,relational_between,flat,44,2018_1453199__event_001,9.644083023279203,True
tokyo_78286_relational_between,78286,stress_test,relational_between,flat,45,2018_1453199__event_002,9.450656338787118,True
tokyo_78286_relational_between,78286,stress_test,relational_between,flat,46,2018_1453190__event_003,2.4083092794949574,True
tokyo_78286_relational_between,78286,stress_test,relational_between,flat,47,2018_1453192__event_002,2.270624437091809,True
tokyo_78286_relational_between,78286,stress_test,relational_between,flat,48,2018_1453190__event_001,1.015516500865655,True
tokyo_78286_relational_between,78286,stress_test,relational_between,flat,49,2018_1453213__event_002,0.7737777230905125,True
tokyo_78286_relational_between,78286,stress_test,relational_between,flat,50,2018_1453188__event_003,0.7055285298289952,True
tokyo_78286_relational_between,78286,stress_test,relational_between,flat,51,2018_1453188__event_002,0.6978346772644968,True
tokyo_78286_relational_between,78286,stress_test,relational_between,flat,52,2018_1453192__event_003,0.6111887797536971,True
tokyo_78286_relational_between,78286,stress_test,relational_between,flat,53,2018_1453190__event_002,0.5941640688783448,True
tokyo_78286_relational_between,78286,stress_test,relational_between,flat,54,2018_1453206__event_002,0.5833315714274808,True
tokyo_78286_relational_between,78286,stress_test,relational_between,flat,55,2018_1453180__event_001,0.0,True
tokyo_78286_relational_between,78286,stress_test,relational_between,flat,56,2018_1453180__event_002,0.0,True
tokyo_78286_relational_between,78286,stress_test,relational_between,flat,57,2018_1453181__event_001,0.0,True
tokyo_78286_relational_between,78286,stress_test,relational_between,flat,58,2018_1453181__event_002,0.0,True
tokyo_78286_relational_between,78286,stress_test,relational_between,flat,59,2018_1453182__event_003,0.0,True
tokyo_78286_relational_between,78286,stress_test,relational_between,flat,60,2018_1453184__event_001,0.0,True
tokyo_78286_relational_between,78286,stress_test,relational_between,flat,61,2018_1453186__event_005,0.0,True
tokyo_78286_relational_between,78286,stress_test,relational_between,flat,62,2018_1453188__event_001,0.0,True
tokyo_78286_relational_between,78286,stress_test,relational_between,flat,63,2018_1453192__event_001,0.0,True
tokyo_78286_relational_between,78286,stress_test,relational_between,flat,64,2018_1453196__event_001,0.0,True
tokyo_78286_relational_between,78286,stress_test,relational_between,flat,65,2018_1453196__event_002,0.0,True
tokyo_78286_relational_between,78286,stress_test,relational_between,flat,66,2018_1453197__event_001,0.0,True
tokyo_78286_relational_between,78286,stress_test,relational_between,flat,67,2018_1453197__event_002,0.0,True
tokyo_78286_relational_between,78286,stress_test,relational_between,flat,68,2018_1453198__event_001,0.0,True
tokyo_78286_relational_between,78286,stress_test,relational_between,flat,69,2018_1453198__event_002,0.0,True
tokyo_78286_relational_between,78286,stress_test,relational_between,flat,70,2018_1453206__event_001,0.0,True
tokyo_78286_relational_between,78286,stress_test,relational_between,flat,71,2018_1453206__event_003,0.0,True
tokyo_78286_relational_between,78286,stress_test,relational_between,flat,72,2018_1453206__event_004,0.0,True
tokyo_78286_relational_between,78286,stress_test,relational_between,flat,73,2018_1453209__event_001,0.0,True
tokyo_78286_relational_between,78286,stress_test,relational_between,flat,74,2018_1453213__event_001,0.0,True
tokyo_78286_relational_between,78286,stress_test,relational_between,flat,75,2018_1453219__event_001,0.0,True
tokyo_78286_relational_between,78286,stress_test,relational_between,flat,76,2018_1453219__event_002,0.0,True
tokyo_79139_relational_between,79139,stress_test,relational_between,flat,1,2018_1466948__event_002,37.102481441923345,False
tokyo_79139_relational_between,79139,stress_test,relational_between,flat,2,2018_1466948__event_001,30.071498424814354,False
tokyo_79139_relational_between,79139,stress_test,relational_between,flat,3,2018_1466960__event_003,13.404910705481269,False
tokyo_79139_relational_between,79139,stress_test,relational_between,flat,4,2018_1466960__event_002,12.59757060707777,False
tokyo_79139_relational_between,79139,stress_test,relational_between,flat,5,2018_1466948__event_004,11.561763424529575,False
tokyo_79139_relational_between,79139,stress_test,relational_between,flat,6,2018_1466946__event_003,11.538160020518383,False
tokyo_79139_relational_between,79139,stress_test,relational_between,flat,7,2018_1466946__event_002,11.499304780430577,False
tokyo_79139_relational_between,79139,stress_test,relational_between,flat,8,2018_1466946__event_001,10.2381757133918,False
tokyo_79139_relational_between,79139,stress_test,relational_between,flat,9,2018_1466948__event_005,9.42316490409211,False
tokyo_79139_relational_between,79139,stress_test,relational_between,flat,10,2018_1466948__event_003,8.895947943556607,False
tokyo_79139_relational_between,79139,stress_test,relational_between,flat,11,2018_1466960__event_001,7.681064680234959,False
tokyo_79139_relational_between,79139,stress_test,relational_between,flat,12,2018_1466956__event_002,6.204190141129681,False
tokyo_79139_relational_between,79139,stress_test,relational_between,flat,13,2018_1466944__event_002,6.007410673532933,False
tokyo_79139_relational_between,79139,stress_test,relational_between,flat,14,2018_1466939__event_002,5.738368806619243,False
tokyo_79139_relational_between,79139,stress_test,relational_between,flat,15,2018_1466952__event_003,5.280100716600761,False
tokyo_79139_relational_between,79139,stress_test,relational_between,flat,16,2018_1466958__event_002,5.265250121516384,False
tokyo_79139_relational_between,79139,stress_test,relational_between,flat,17,2018_1466958__event_001,5.238590826421002,False
tokyo_79139_relational_between,79139,stress_test,relational_between,flat,18,2018_1466952__event_002,4.977640528366123,False
tokyo_79139_relational_between,79139,stress_test,relational_between,flat,19,2018_1466944__event_001,4.158685971081492,False
tokyo_79139_relational_between,79139,stress_test,relational_between,flat,20,2018_1466943__event_001,4.095116511120341,False
tokyo_79139_relational_between,79139,stress_test,relational_between,flat,21,2018_1466956__event_001,4.088859324256163,False
tokyo_79139_relational_between,79139,stress_test,relational_between,flat,22,2018_1466952__event_001,4.030683556388611,False
tokyo_79139_relational_between,79139,stress_test,relational_between,flat,23,2018_1466939__event_001,3.971059236338059,False
tokyo_79139_relational_between,79139,stress_test,relational_between,flat,24,2018_1466942__event_003,3.80799299835911,False
tokyo_79139_relational_between,79139,stress_test,relational_between,flat,25,2018_1466942__event_002,3.496871868280408,False
tokyo_79139_relational_between,79139,stress_test,relational_between,flat,26,2018_1466943__event_002,3.3454348334880213,False
tokyo_79139_relational_between,79139,stress_test,relational_between,flat,27,2018_1466945__event_002,2.234077118052294,False
tokyo_79139_relational_between,79139,stress_test,relational_between,flat,28,2018_1466942__event_001,0.0,False
tokyo_79139_relational_between,79139,stress_test,relational_between,flat,29,2018_1466945__event_001,0.0,False
tokyo_79139_relational_between,79139,stress_test,relational_between,flat,30,2018_1466953__event_001,0.0,False
tokyo_79139_relational_between,79139,stress_test,relational_between,flat,31,2018_1466953__event_002,0.0,False
tokyo_79139_relational_between,79139,stress_test,relational_between,flat,32,2018_1466953__event_003,0.0,False
tokyo_79719_relational_between,79719,stress_test,relational_between,flat,1,2018_1475396__event_002,30.770510183406234,True
tokyo_79719_relational_between,79719,stress_test,relational_between,flat,2,2018_1475387__event_002,26.311243937065438,True
tokyo_79719_relational_between,79719,stress_test,relational_between,flat,3,2018_1475387__event_001,23.00680666465751,True
tokyo_79719_relational_between,79719,stress_test,relational_between,flat,4,2018_1475396__event_001,23.00680666465751,True
tokyo_79719_relational_between,79719,stress_test,relational_between,flat,5,2018_1475393__event_002,22.72093355093473,True
tokyo_79719_relational_between,79719,stress_test,relational_between,flat,6,2018_1475343__event_001,22.50523646903626,True
tokyo_79719_relational_between,79719,stress_test,relational_between,flat,7,2018_1475343__event_002,22.50523646903626,True
tokyo_79719_relational_between,79719,stress_test,relational_between,flat,8,2018_1475389__event_001,21.882036963380212,True
tokyo_79719_relational_between,79719,stress_test,relational_between,flat,9,2018_1475355__event_001,21.292421883776548,True
tokyo_79719_relational_between,79719,stress_test,relational_between,flat,10,2018_1475355__event_002,21.292421883776548,True
tokyo_79719_relational_between,79719,stress_test,relational_between,flat,11,2018_1475393__event_001,21.292421883776548,True
tokyo_79719_relational_between,79719,stress_test,relational_between,flat,12,2018_1475391__event_001,20.733747648346803,True
tokyo_79719_relational_between,79719,stress_test,relational_between,flat,13,2018_1475391__event_002,20.032911662803,True
tokyo_79719_relational_between,79719,stress_test,relational_between,flat,14,2018_1475389__event_002,19.220792266939274,True
tokyo_79719_relational_between,79719,stress_test,relational_between,flat,15,2018_1475380__event_001,14.818866144029496,True
tokyo_79719_relational_between,79719,stress_test,relational_between,flat,16,2018_1475385__event_001,14.818866144029496,True
tokyo_79719_relational_between,79719,stress_test,relational_between,flat,17,2018_1475348__event_004,12.898323069646054,True
tokyo_79719_relational_between,79719,stress_test,relational_between,flat,18,2018_1475396__event_003,12.605431186328765,True
tokyo_79719_relational_between,79719,stress_test,relational_between,flat,19,2018_1475380__event_002,12.052310235673724,True
tokyo_79719_relational_between,79719,stress_test,relational_between,flat,20,2018_1475385__event_002,12.052310235673724,True
tokyo_79719_relational_between,79719,stress_test,relational_between,flat,21,2018_1475348__event_005,11.743749429678811,True
tokyo_79719_relational_between,79719,stress_test,relational_between,flat,22,2018_1475372__event_001,11.320283436560352,True
tokyo_79719_relational_between,79719,stress_test,relational_between,flat,23,2018_1475377__event_004,11.080287345932994,True
tokyo_79719_relational_between,79719,stress_test,relational_between,flat,24,2018_1475372__event_002,10.629581662069643,True
tokyo_79719_relational_between,79719,stress_test,relational_between,flat,25,2018_1475377__event_003,10.018318656822556,True
tokyo_79719_relational_between,79719,stress_test,relational_between,flat,26,2018_1475386__event_001,7.860785242841597,True
tokyo_79719_relational_between,79719,stress_test,relational_between,flat,27,2018_1475374__event_001,6.911197449377455,True
tokyo_79719_relational_between,79719,stress_test,relational_between,flat,28,2018_1475338__event_002,5.658108505289897,True
tokyo_79719_relational_between,79719,stress_test,relational_between,flat,29,2018_1475386__event_002,4.257523204034874,True
tokyo_79719_relational_between,79719,stress_test,relational_between,flat,30,2018_1475348__event_003,3.7812767782738037,True
tokyo_79719_relational_between,79719,stress_test,relational_between,flat,31,2018_1475374__event_002,3.743211727503503,True
tokyo_79719_relational_between,79719,stress_test,relational_between,flat,32,2018_1475338__event_003,3.7059054190270344,True
tokyo_79719_relational_between,79719,stress_test,relational_between,flat,33,2018_1475402__event_002,3.5299986978344595,True
tokyo_79719_relational_between,79719,stress_test,relational_between,flat,34,2018_1475337__event_001,3.4885436673766974,True
tokyo_79719_relational_between,79719,stress_test,relational_between,flat,35,2018_1475402__event_001,3.4322484055198825,True
tokyo_79719_relational_between,79719,stress_test,relational_between,flat,36,2018_1475337__event_002,3.398584238009014,True
tokyo_79719_relational_between,79719,stress_test,relational_between,flat,37,2018_1475338__event_001,3.252136555000912,True
tokyo_79719_relational_between,79719,stress_test,relational_between,flat,38,2018_1475331__event_001,3.154544556729851,True
tokyo_79719_relational_between,79719,stress_test,relational_between,flat,39,2018_1475345__event_001,3.1364123401918778,True
tokyo_79719_relational_between,79719,stress_test,relational_between,flat,40,2018_1475331__event_002,3.129575317594482,True
tokyo_79719_relational_between,79719,stress_test,relational_between,flat,41,2018_1475341__event_001,3.115878301757245,True
tokyo_79719_relational_between,79719,stress_test,relational_between,flat,42,2018_1475341__event_002,3.0899854151520016,True
tokyo_79719_relational_between,79719,stress_test,relational_between,flat,43,2018_1475351__event_002,2.852155404955506,True
tokyo_79719_relational_between,79719,stress_test,relational_between,flat,44,2018_1475338__event_004,0.0,True
tokyo_79719_relational_between,79719,stress_test,relational_between,flat,45,2018_1475345__event_002,0.0,True
tokyo_79719_relational_between,79719,stress_test,relational_between,flat,46,2018_1475348__event_001,0.0,True
tokyo_79719_relational_between,79719,stress_test,relational_between,flat,47,2018_1475348__event_002,0.0,True
tokyo_79719_relational_between,79719,stress_test,relational_between,flat,48,2018_1475351__event_001,0.0,True
tokyo_79719_relational_between,79719,stress_test,relational_between,flat,49,2018_1475351__event_003,0.0,True
tokyo_79719_relational_between,79719,stress_test,relational_between,flat,50,2018_1475377__event_001,0.0,True
tokyo_79719_relational_between,79719,stress_test,relational_between,flat,51,2018_1475377__event_002,0.0,True
tokyo_79719_relational_between,79719,stress_test,relational_between,flat,52,2018_1475384__event_001,0.0,True
tokyo_79719_relational_between,79719,stress_test,relational_between,flat,53,2018_1475384__event_002,0.0,True
tokyo_79719_relational_between,79719,stress_test,relational_between,flat,54,2018_1475389__event_003,0.0,True
tokyo_79719_relational_between,79719,stress_test,relational_between,flat,55,2018_1475391__event_003,0.0,True
tokyo_79719_relational_between,79719,stress_test,relational_between,flat,56,2018_1475398__event_001,0.0,True
tokyo_79719_relational_between,79719,stress_test,relational_between,flat,57,2018_1475398__event_002,0.0,True
tokyo_80051_relational_between,80051,stress_test,relational_between,flat,1,2018_1480027__event_002,44.28734626030432,False
tokyo_80051_relational_between,80051,stress_test,relational_between,flat,2,2018_1480027__event_001,33.113927784750786,False
tokyo_80051_relational_between,80051,stress_test,relational_between,flat,3,2018_1480027__event_003,11.278612980966722,False
tokyo_80051_relational_between,80051,stress_test,relational_between,flat,4,2018_1480043__event_001,7.15715588096457,False
tokyo_80051_relational_between,80051,stress_test,relational_between,flat,5,2018_1480003__event_001,1.8194233376000244,False
tokyo_80051_relational_between,80051,stress_test,relational_between,flat,6,2018_1480003__event_002,1.8194233376000244,False
tokyo_80051_relational_between,80051,stress_test,relational_between,flat,7,2018_1480043__event_002,1.7824774060731052,False
tokyo_80051_relational_between,80051,stress_test,relational_between,flat,8,2018_1480012__event_001,0.0,False
tokyo_80051_relational_between,80051,stress_test,relational_between,flat,9,2018_1480012__event_002,0.0,False
tokyo_80051_relational_between,80051,stress_test,relational_between,flat,10,2018_1480015__event_001,0.0,False
tokyo_80051_relational_between,80051,stress_test,relational_between,flat,11,2018_1480015__event_002,0.0,False
tokyo_80051_relational_between,80051,stress_test,relational_between,flat,12,2018_1480016__event_001,0.0,False
tokyo_80051_relational_between,80051,stress_test,relational_between,flat,13,2018_1480016__event_002,0.0,False
tokyo_80051_relational_between,80051,stress_test,relational_between,flat,14,2018_1480018__event_001,0.0,False
tokyo_80051_relational_between,80051,stress_test,relational_between,flat,15,2018_1480018__event_002,0.0,False
tokyo_80051_relational_between,80051,stress_test,relational_between,flat,16,2018_1480018__event_003,0.0,False
tokyo_80051_relational_between,80051,stress_test,relational_between,flat,17,2018_1480024__event_001,0.0,False
tokyo_80051_relational_between,80051,stress_test,relational_between,flat,18,2018_1480024__event_002,0.0,False
tokyo_80051_relational_between,80051,stress_test,relational_between,flat,19,2018_1480032__event_001,0.0,False
tokyo_80051_relational_between,80051,stress_test,relational_between,flat,20,2018_1480032__event_002,0.0,False
tokyo_80051_relational_between,80051,stress_test,relational_between,flat,21,2018_1480032__event_003,0.0,False
tokyo_80051_relational_between,80051,stress_test,relational_between,flat,22,2018_1480041__event_001,0.0,False
tokyo_80051_relational_between,80051,stress_test,relational_between,flat,23,2018_1480041__event_002,0.0,False
tokyo_80051_relational_between,80051,stress_test,relational_between,flat,24,2018_1480044__event_001,0.0,False
tokyo_80051_relational_between,80051,stress_test,relational_between,flat,25,2018_1480044__event_002,0.0,False
tokyo_80051_relational_between,80051,stress_test,relational_between,flat,26,2018_1480044__event_003,0.0,False
tokyo_80051_relational_between,80051,stress_test,relational_between,flat,27,2018_1480045__event_001,0.0,False
tokyo_80051_relational_between,80051,stress_test,relational_between,flat,28,2018_1480045__event_002,0.0,False
tokyo_80051_relational_between,80051,stress_test,relational_between,flat,29,2018_1480047__event_001,0.0,False
tokyo_80051_relational_between,80051,stress_test,relational_between,flat,30,2018_1480047__event_002,0.0,False
tokyo_80051_relational_between,80051,stress_test,relational_between,flat,31,2018_1480050__event_001,0.0,False
tokyo_80051_relational_between,80051,stress_test,relational_between,flat,32,2018_1480050__event_002,0.0,False
tokyo_80051_relational_between,80051,stress_test,relational_between,flat,33,2018_1480056__event_001,0.0,False
tokyo_80051_relational_between,80051,stress_test,relational_between,flat,34,2018_1480056__event_002,0.0,False
tokyo_80415_relational_between,80415,stress_test,relational_between,flat,1,2018_1485455__event_002,37.693225705102584,False
tokyo_80415_relational_between,80415,stress_test,relational_between,flat,2,2018_1485455__event_003,34.936765594916245,False
tokyo_80415_relational_between,80415,stress_test,relational_between,flat,3,2018_1485536__event_002,6.599287461164714,False
tokyo_80415_relational_between,80415,stress_test,relational_between,flat,4,2018_1485536__event_001,6.518197499792055,False
tokyo_80415_relational_between,80415,stress_test,relational_between,flat,5,2018_1485496__event_002,6.174494135791842,False
tokyo_80415_relational_between,80415,stress_test,relational_between,flat,6,2018_1485522__event_003,6.123432342917214,False
tokyo_80415_relational_between,80415,stress_test,relational_between,flat,7,2018_1485532__event_001,5.980179447255903,False
tokyo_80415_relational_between,80415,stress_test,relational_between,flat,8,2018_1485455__event_001,5.975580413747125,False
tokyo_80415_relational_between,80415,stress_test,relational_between,flat,9,2018_1485532__event_002,5.342699841338604,False
tokyo_80415_relational_between,80415,stress_test,relational_between,flat,10,2018_1485496__event_001,5.299949802044954,False
tokyo_80415_relational_between,80415,stress_test,relational_between,flat,11,2018_1485539__event_002,5.26985074261617,False
tokyo_80415_relational_between,80415,stress_test,relational_between,flat,12,2018_1485522__event_002,4.883322403793031,False
tokyo_80415_relational_between,80415,stress_test,relational_between,flat,13,2018_1485473__event_003,2.955483825145298,False
tokyo_80415_relational_between,80415,stress_test,relational_between,flat,14,2018_1485514__event_002,2.896804463957767,False
tokyo_80415_relational_between,80415,stress_test,relational_between,flat,15,2018_1485539__event_001,2.5123511719605833,False
tokyo_80415_relational_between,80415,stress_test,relational_between,flat,16,2018_1485466__event_002,1.3503232456023124,False
tokyo_80415_relational_between,80415,stress_test,relational_between,flat,17,2018_1485522__event_001,0.25888203774219926,False
tokyo_80415_relational_between,80415,stress_test,relational_between,flat,18,2018_1485466__event_001,0.0,False
tokyo_80415_relational_between,80415,stress_test,relational_between,flat,19,2018_1485473__event_001,0.0,False
tokyo_80415_relational_between,80415,stress_test,relational_between,flat,20,2018_1485473__event_002,0.0,False
tokyo_80415_relational_between,80415,stress_test,relational_between,flat,21,2018_1485498__event_001,0.0,False
tokyo_80415_relational_between,80415,stress_test,relational_between,flat,22,2018_1485498__event_002,0.0,False
tokyo_80415_relational_between,80415,stress_test,relational_between,flat,23,2018_1485514__event_001,0.0,False
tokyo_80415_relational_between,80415,stress_test,relational_between,flat,24,2018_1485526__event_001,0.0,False
tokyo_80415_relational_between,80415,stress_test,relational_between,flat,25,2018_1485526__event_002,0.0,False
tokyo_80480_relational_between,80480,stress_test,relational_between,flat,1,2018_1486542__event_002,26.9968800394376,False
tokyo_80480_relational_between,80480,stress_test,relational_between,flat,2,2018_1486542__event_003,19.54686912932149,False
tokyo_80480_relational_between,80480,stress_test,relational_between,flat,3,2018_1486545__event_001,19.109309943418364,False
tokyo_80480_relational_between,80480,stress_test,relational_between,flat,4,2018_1486545__event_002,18.046552508999618,False
tokyo_80480_relational_between,80480,stress_test,relational_between,flat,5,2018_1486547__event_002,16.520599667018207,False
tokyo_80480_relational_between,80480,stress_test,relational_between,flat,6,2018_1486547__event_001,15.333615405228251,False
tokyo_80480_relational_between,80480,stress_test,relational_between,flat,7,2018_1486542__event_001,7.455412997811101,False
tokyo_80480_relational_between,80480,stress_test,relational_between,flat,8,2018_1486537__event_004,3.614716253705273,False
tokyo_80480_relational_between,80480,stress_test,relational_between,flat,9,2018_1486514__event_002,0.7151079296039631,False
tokyo_80480_relational_between,80480,stress_test,relational_between,flat,10,2018_1486548__event_002,0.7076077176337549,False
tokyo_80480_relational_between,80480,stress_test,relational_between,flat,11,2018_1486550__event_001,0.646574916118407,False
tokyo_80480_relational_between,80480,stress_test,relational_between,flat,12,2018_1486523__event_003,0.6404372281725735,False
tokyo_80480_relational_between,80480,stress_test,relational_between,flat,13,2018_1486556__event_003,0.6404372281725735,False
tokyo_80480_relational_between,80480,stress_test,relational_between,flat,14,2018_1486523__event_001,0.6285049154663728,False
tokyo_80480_relational_between,80480,stress_test,relational_between,flat,15,2018_1486505__event_002,0.6114174693041888,False
tokyo_80480_relational_between,80480,stress_test,relational_between,flat,16,2018_1486546__event_002,0.6114174693041888,False
tokyo_80480_relational_between,80480,stress_test,relational_between,flat,17,2018_1486512__event_001,0.6005328316225464,False
tokyo_80480_relational_between,80480,stress_test,relational_between,flat,18,2018_1486505__event_001,0.0,False
tokyo_80480_relational_between,80480,stress_test,relational_between,flat,19,2018_1486512__event_002,0.0,False
tokyo_80480_relational_between,80480,stress_test,relational_between,flat,20,2018_1486514__event_001,0.0,False
tokyo_80480_relational_between,80480,stress_test,relational_between,flat,21,2018_1486523__event_002,0.0,False
tokyo_80480_relational_between,80480,stress_test,relational_between,flat,22,2018_1486537__event_001,0.0,False
tokyo_80480_relational_between,80480,stress_test,relational_between,flat,23,2018_1486537__event_002,0.0,False
tokyo_80480_relational_between,80480,stress_test,relational_between,flat,24,2018_1486537__event_003,0.0,False
tokyo_80480_relational_between,80480,stress_test,relational_between,flat,25,2018_1486540__event_001,0.0,False
tokyo_80480_relational_between,80480,stress_test,relational_between,flat,26,2018_1486540__event_002,0.0,False
tokyo_80480_relational_between,80480,stress_test,relational_between,flat,27,2018_1486540__event_003,0.0,False
tokyo_80480_relational_between,80480,stress_test,relational_between,flat,28,2018_1486544__event_001,0.0,False
tokyo_80480_relational_between,80480,stress_test,relational_between,flat,29,2018_1486544__event_002,0.0,False
tokyo_80480_relational_between,80480,stress_test,relational_between,flat,30,2018_1486546__event_001,0.0,False
tokyo_80480_relational_between,80480,stress_test,relational_between,flat,31,2018_1486548__event_001,0.0,False
tokyo_80480_relational_between,80480,stress_test,relational_between,flat,32,2018_1486550__event_002,0.0,False
tokyo_80480_relational_between,80480,stress_test,relational_between,flat,33,2018_1486551__event_001,0.0,False
tokyo_80480_relational_between,80480,stress_test,relational_between,flat,34,2018_1486551__event_002,0.0,False
tokyo_80480_relational_between,80480,stress_test,relational_between,flat,35,2018_1486556__event_001,0.0,False
tokyo_80480_relational_between,80480,stress_test,relational_between,flat,36,2018_1486556__event_002,0.0,False
tokyo_80480_relational_between,80480,stress_test,relational_between,flat,37,2018_1486558__event_001,0.0,False
tokyo_80480_relational_between,80480,stress_test,relational_between,flat,38,2018_1486558__event_002,0.0,False
tokyo_86988_relational_between,86988,stress_test,relational_between,flat,1,2018_1596327__event_004,65.64559146411142,True
tokyo_86988_relational_between,86988,stress_test,relational_between,flat,2,2018_1596327__event_002,44.50487678419675,True
tokyo_86988_relational_between,86988,stress_test,relational_between,flat,3,2018_1596327__event_003,41.966062028354735,True
tokyo_86988_relational_between,86988,stress_test,relational_between,flat,4,2018_1596327__event_005,25.24140181836433,True
tokyo_86988_relational_between,86988,stress_test,relational_between,flat,5,2018_1596282__event_001,3.858855554330156,True
tokyo_86988_relational_between,86988,stress_test,relational_between,flat,6,2018_1596282__event_002,3.3689491375255933,True
tokyo_86988_relational_between,86988,stress_test,relational_between,flat,7,2018_1596300__event_004,2.458058459528568,True
tokyo_86988_relational_between,86988,stress_test,relational_between,flat,8,2018_1596285__event_001,2.3268561080655292,True
tokyo_86988_relational_between,86988,stress_test,relational_between,flat,9,2018_1596293__event_002,2.3268561080655292,True
tokyo_86988_relational_between,86988,stress_test,relational_between,flat,10,2018_1596314__event_002,2.3268561080655292,True
tokyo_86988_relational_between,86988,stress_test,relational_between,flat,11,2018_1596285__event_002,2.3023074618458454,True
tokyo_86988_relational_between,86988,stress_test,relational_between,flat,12,2018_1596293__event_001,2.3023074618458454,True
tokyo_86988_relational_between,86988,stress_test,relational_between,flat,13,2018_1596314__event_001,2.3023074618458454,True
tokyo_86988_relational_between,86988,stress_test,relational_between,flat,14,2018_1596300__event_002,2.2317221553152553,True
tokyo_86988_relational_between,86988,stress_test,relational_between,flat,15,2018_1596300__event_003,2.150988771829728,True
tokyo_86988_relational_between,86988,stress_test,relational_between,flat,16,2018_1596292__event_001,1.9525886375202517,True
tokyo_86988_relational_between,86988,stress_test,relational_between,flat,17,2018_1596310__event_001,1.9525886375202517,True
tokyo_86988_relational_between,86988,stress_test,relational_between,flat,18,2018_1596311__event_001,1.9525886375202517,True
tokyo_86988_relational_between,86988,stress_test,relational_between,flat,19,2018_1596323__event_001,1.9525886375202517,True
tokyo_86988_relational_between,86988,stress_test,relational_between,flat,20,2018_1596279__event_001,1.824265461456179,True
tokyo_86988_relational_between,86988,stress_test,relational_between,flat,21,2018_1596297__event_001,1.824265461456179,True
tokyo_86988_relational_between,86988,stress_test,relational_between,flat,22,2018_1596312__event_002,1.824265461456179,True
tokyo_86988_relational_between,86988,stress_test,relational_between,flat,23,2018_1596317__event_002,1.824265461456179,True
tokyo_86988_relational_between,86988,stress_test,relational_between,flat,24,2018_1596296__event_003,1.8110409359091277,True
tokyo_86988_relational_between,86988,stress_test,relational_between,flat,25,2018_1596284__event_001,1.772493284992176,True
tokyo_86988_relational_between,86988,stress_test,relational_between,flat,26,2018_1596283__event_001,1.692399161685902,True
tokyo_86988_relational_between,86988,stress_test,relational_between,flat,27,2018_1596283__event_002,1.5311487037841158,True
tokyo_86988_relational_between,86988,stress_test,relational_between,flat,28,2018_1596312__event_001,1.5311487037841158,True
tokyo_86988_relational_between,86988,stress_test,relational_between,flat,29,2018_1596317__event_001,1.5311487037841158,True
tokyo_86988_relational_between,86988,stress_test,relational_between,flat,30,2018_1596327__event_001,1.5311487037841158,True
tokyo_86988_relational_between,86988,stress_test,relational_between,flat,31,2018_1596310__event_002,1.5190872508119257,True
tokyo_86988_relational_between,86988,stress_test,relational_between,flat,32,2018_1596292__event_002,1.4840167226535699,True
tokyo_86988_relational_between,86988,stress_test,relational_between,flat,33,2018_1596311__event_002,1.4840167226535699,True
tokyo_86988_relational_between,86988,stress_test,relational_between,flat,34,2018_1596323__event_002,1.4840167226535699,True
tokyo_86988_relational_between,86988,stress_test,relational_between,flat,35,2018_1596279__event_002,1.4081609445190373,True
tokyo_86988_relational_between,86988,stress_test,relational_between,flat,36,2018_1596297__event_002,1.4081609445190373,True
tokyo_86988_relational_between,86988,stress_test,relational_between,flat,37,2018_1596300__event_001,1.3979528576048186,True
tokyo_86988_relational_between,86988,stress_test,relational_between,flat,38,2018_1596284__event_002,1.3585588194143992,True
tokyo_86988_relational_between,86988,stress_test,relational_between,flat,39,2018_1596296__event_002,1.31233223710703,True
tokyo_86988_relational_between,86988,stress_test,relational_between,flat,40,2018_1596277__event_001,0.0,True
tokyo_86988_relational_between,86988,stress_test,relational_between,flat,41,2018_1596277__event_002,0.0,True
tokyo_86988_relational_between,86988,stress_test,relational_between,flat,42,2018_1596277__event_003,0.0,True
tokyo_86988_relational_between,86988,stress_test,relational_between,flat,43,2018_1596278__event_001,0.0,True
tokyo_86988_relational_between,86988,stress_test,relational_between,flat,44,2018_1596278__event_002,0.0,True
tokyo_86988_relational_between,86988,stress_test,relational_between,flat,45,2018_1596296__event_001,0.0,True
tokyo_86988_relational_between,86988,stress_test,relational_between,flat,46,2018_1596324__event_001,0.0,True
tokyo_86988_relational_between,86988,stress_test,relational_between,flat,47,2018_1596324__event_002,0.0,True
tokyo_88625_relational_between,88625,stress_test,relational_between,flat,1,2018_1619221__event_002,14.517866144865117,False
tokyo_88625_relational_between,88625,stress_test,relational_between,flat,2,2018_1619221__event_001,14.34736470859736,False
tokyo_88625_relational_between,88625,stress_test,relational_between,flat,3,2018_1619225__event_001,3.0456396495889893,False
tokyo_88625_relational_between,88625,stress_test,relational_between,flat,4,2018_1619225__event_003,2.8452640427171154,False
tokyo_88625_relational_between,88625,stress_test,relational_between,flat,5,2018_1619221__event_003,2.811623462188716,False
tokyo_88625_relational_between,88625,stress_test,relational_between,flat,6,2018_1619222__event_001,2.5567936890239116,False
tokyo_88625_relational_between,88625,stress_test,relational_between,flat,7,2018_1619231__event_001,2.47195475716091,False
tokyo_88625_relational_between,88625,stress_test,relational_between,flat,8,2018_1619242__event_003,2.47195475716091,False
tokyo_88625_relational_between,88625,stress_test,relational_between,flat,9,2018_1619235__event_003,2.252489980467343,False
tokyo_88625_relational_between,88625,stress_test,relational_between,flat,10,2018_1619225__event_002,1.8292110999260935,False
tokyo_88625_relational_between,88625,stress_test,relational_between,flat,11,2018_1619234__event_001,1.8001045206808,False
tokyo_88625_relational_between,88625,stress_test,relational_between,flat,12,2018_1619240__event_001,1.8001045206808,False
tokyo_88625_relational_between,88625,stress_test,relational_between,flat,13,2018_1619235__event_002,1.549678661012174,False
tokyo_88625_relational_between,88625,stress_test,relational_between,flat,14,2018_1619231__event_003,1.382960255188341,False
tokyo_88625_relational_between,88625,stress_test,relational_between,flat,15,2018_1619231__event_002,1.2215871448314055,False
tokyo_88625_relational_between,88625,stress_test,relational_between,flat,16,2018_1619222__event_002,1.1844267155384811,False
tokyo_88625_relational_between,88625,stress_test,relational_between,flat,17,2018_1619235__event_001,1.1565332931464056,False
tokyo_88625_relational_between,88625,stress_test,relational_between,flat,18,2018_1619242__event_002,1.1181328871301472,False
tokyo_88625_relational_between,88625,stress_test,relational_between,flat,19,2018_1619230__event_002,0.7207682587587365,False
tokyo_88625_relational_between,88625,stress_test,relational_between,flat,20,2018_1619230__event_001,0.6941219690347203,False
tokyo_88625_relational_between,88625,stress_test,relational_between,flat,21,2018_1619239__event_002,0.5345318615385004,False
tokyo_88625_relational_between,88625,stress_test,relational_between,flat,22,2018_1619234__event_002,0.501793839669824,False
tokyo_88625_relational_between,88625,stress_test,relational_between,flat,23,2018_1619240__event_002,0.501793839669824,False
tokyo_88625_relational_between,88625,stress_test,relational_between,flat,24,2018_1619235__event_004,0.4379635765052191,False
tokyo_88625_relational_between,88625,stress_test,relational_between,flat,25,2018_1619218__event_001,0.0,False
tokyo_88625_relational_between,88625,stress_test,relational_between,flat,26,2018_1619218__event_002,0.0,False
tokyo_88625_relational_between,88625,stress_test,relational_between,flat,27,2018_1619219__event_001,0.0,False
tokyo_88625_relational_between,88625,stress_test,relational_between,flat,28,2018_1619219__event_002,0.0,False
tokyo_88625_relational_between,88625,stress_test,relational_between,flat,29,2018_1619236__event_001,0.0,False
tokyo_88625_relational_between,88625,stress_test,relational_between,flat,30,2018_1619236__event_002,0.0,False
tokyo_88625_relational_between,88625,stress_test,relational_between,flat,31,2018_1619239__event_001,0.0,False
tokyo_88625_relational_between,88625,stress_test,relational_between,flat,32,2018_1619242__event_001,0.0,False
tokyo_88793_relational_between,88793,stress_test,relational_between,flat,1,2018_1621562__event_002,35.12005993517711,True
tokyo_88793_relational_between,88793,stress_test,relational_between,flat,2,2018_1621563__event_002,25.23552752069054,True
tokyo_88793_relational_between,88793,stress_test,relational_between,flat,3,2018_1621563__event_001,24.510750510857832,True
tokyo_88793_relational_between,88793,stress_test,relational_between,flat,4,2018_1621565__event_003,23.35968699619083,True
tokyo_88793_relational_between,88793,stress_test,relational_between,flat,5,2018_1621591__event_002,20.621886221469275,True
tokyo_88793_relational_between,88793,stress_test,relational_between,flat,6,2018_1621561__event_001,20.127200167766397,True
tokyo_88793_relational_between,88793,stress_test,relational_between,flat,7,2018_1621564__event_002,20.127200167766397,True
tokyo_88793_relational_between,88793,stress_test,relational_between,flat,8,2018_1621569__event_002,20.127200167766397,True
tokyo_88793_relational_between,88793,stress_test,relational_between,flat,9,2018_1621591__event_001,19.570847558266898,True
tokyo_88793_relational_between,88793,stress_test,relational_between,flat,10,2018_1621565__event_002,18.41824977838978,True
tokyo_88793_relational_between,88793,stress_test,relational_between,flat,11,2018_1621583__event_002,18.235901920689056,True
tokyo_88793_relational_between,88793,stress_test,relational_between,flat,12,2018_1621592__event_001,18.153507061316066,True
tokyo_88793_relational_between,88793,stress_test,relational_between,flat,13,2018_1621562__event_004,18.15184628128178,True
tokyo_88793_relational_between,88793,stress_test,relational_between,flat,14,2018_1621564__event_001,18.15184628128178,True
tokyo_88793_relational_between,88793,stress_test,relational_between,flat,15,2018_1621569__event_001,18.15184628128178,True
tokyo_88793_relational_between,88793,stress_test,relational_between,flat,16,2018_1621562__event_001,18.0085958772813,True
tokyo_88793_relational_between,88793,stress_test,relational_between,flat,17,2018_1621592__event_002,18.0085958772813,True
tokyo_88793_relational_between,88793,stress_test,relational_between,flat,18,2018_1621562__event_003,17.478546145790837,True
tokyo_88793_relational_between,88793,stress_test,relational_between,flat,19,2018_1621583__event_004,17.185492109592857,True
tokyo_88793_relational_between,88793,stress_test,relational_between,flat,20,2018_1621583__event_003,17.02287519239104,True
tokyo_88793_relational_between,88793,stress_test,relational_between,flat,21,2018_1621561__event_002,15.374215471723108,True
tokyo_88793_relational_between,88793,stress_test,relational_between,flat,22,2018_1621581__event_001,11.964830887720327,True
tokyo_88793_relational_between,88793,stress_test,relational_between,flat,23,2018_1621581__event_002,11.71913580094672,True
tokyo_88793_relational_between,88793,stress_test,relational_between,flat,24,2018_1621589__event_001,9.638222701284775,True
tokyo_88793_relational_between,88793,stress_test,relational_between,flat,25,2018_1621589__event_002,9.638222701284775,True
tokyo_88793_relational_between,88793,stress_test,relational_between,flat,26,2018_1621594__event_001,4.358867361777628,True
tokyo_88793_relational_between,88793,stress_test,relational_between,flat,27,2018_1621590__event_001,3.117581725379644,True
tokyo_88793_relational_between,88793,stress_test,relational_between,flat,28,2018_1621590__event_002,3.117581725379644,True
tokyo_88793_relational_between,88793,stress_test,relational_between,flat,29,2018_1621594__event_002,3.0130108593599325,True
tokyo_88793_relational_between,88793,stress_test,relational_between,flat,30,2018_1621583__event_001,2.931494475555949,True
tokyo_88793_relational_between,88793,stress_test,relational_between,flat,31,2018_1621567__event_002,1.9074221295102416,True
tokyo_88793_relational_between,88793,stress_test,relational_between,flat,32,2018_1621582__event_002,1.88152685388894,True
tokyo_88793_relational_between,88793,stress_test,relational_between,flat,33,2018_1621566__event_002,1.8623810002776966,True
tokyo_88793_relational_between,88793,stress_test,relational_between,flat,34,2018_1621580__event_002,1.7061312736991814,True
tokyo_88793_relational_between,88793,stress_test,relational_between,flat,35,2018_1621580__event_001,1.6749044185890747,True
tokyo_88793_relational_between,88793,stress_test,relational_between,flat,36,2018_1621574__event_002,1.5803774847725989,True
tokyo_88793_relational_between,88793,stress_test,relational_between,flat,37,2018_1621574__event_001,0.3029423572730166,True
tokyo_88793_relational_between,88793,stress_test,relational_between,flat,38,2018_1621568__event_002,0.2857326405424623,True
tokyo_88793_relational_between,88793,stress_test,relational_between,flat,39,2018_1621567__event_001,0.26500359340801116,True
tokyo_88793_relational_between,88793,stress_test,relational_between,flat,40,2018_1621568__event_001,0.2626220381380333,True
tokyo_88793_relational_between,88793,stress_test,relational_between,flat,41,2018_1621561__event_003,0.2192698933801167,True
tokyo_88793_relational_between,88793,stress_test,relational_between,flat,42,2018_1621565__event_001,0.0,True
tokyo_88793_relational_between,88793,stress_test,relational_between,flat,43,2018_1621566__event_001,0.0,True
tokyo_88793_relational_between,88793,stress_test,relational_between,flat,44,2018_1621570__event_001,0.0,True
tokyo_88793_relational_between,88793,stress_test,relational_between,flat,45,2018_1621570__event_002,0.0,True
tokyo_88793_relational_between,88793,stress_test,relational_between,flat,46,2018_1621571__event_001,0.0,True
tokyo_88793_relational_between,88793,stress_test,relational_between,flat,47,2018_1621571__event_002,0.0,True
tokyo_88793_relational_between,88793,stress_test,relational_between,flat,48,2018_1621573__event_001,0.0,True
tokyo_88793_relational_between,88793,stress_test,relational_between,flat,49,2018_1621573__event_002,0.0,True
tokyo_88793_relational_between,88793,stress_test,relational_between,flat,50,2018_1621582__event_001,0.0,True
