query_id,user_id,benchmark_tier,query_type,method,rank,retrieved_event_id,score,is_high_memory_load
tokyo_100312_relational_between,100312,stress_test,relational_between,graph,1,2018_1767907__event_002,0.03278688524590164,True
tokyo_100312_relational_between,100312,stress_test,relational_between,graph,2,2018_1767907__event_003,0.03200204813108039,True
tokyo_100312_relational_between,100312,stress_test,relational_between,graph,3,2018_1767907__event_001,0.0315136476426799,True
tokyo_100312_relational_between,100312,stress_test,relational_between,graph,4,2018_1767903__event_002,0.03149801587301587,True
tokyo_100312_relational_between,100312,stress_test,relational_between,graph,5,2018_1767903__event_001,0.031009615384615385,True
tokyo_100312_relational_between,100312,stress_test,relational_between,graph,6,2018_1767953__event_003,0.015151515151515152,True
tokyo_100312_relational_between,100312,stress_test,relational_between,graph,7,2018_1767866__event_002,0.014925373134328358,True
tokyo_100312_relational_between,100312,stress_test,relational_between,graph,8,2018_1767933__event_002,0.014705882352941176,True
tokyo_100312_relational_between,100312,stress_test,relational_between,graph,9,2018_1767895__event_002,0.014492753623188406,True
tokyo_100312_relational_between,100312,stress_test,relational_between,graph,10,2018_1767921__event_002,0.014285714285714285,True
tokyo_100312_relational_between,100312,stress_test,relational_between,graph,11,2018_1767866__event_001,0.014084507042253521,True
tokyo_100312_relational_between,100312,stress_test,relational_between,graph,12,2018_1767933__event_001,0.013888888888888888,True
tokyo_100312_relational_between,100312,stress_test,relational_between,graph,13,2018_1767953__event_002,0.0136986301369863,True
tokyo_100312_relational_between,100312,stress_test,relational_between,graph,14,2018_1767867__event_001,0.013513513513513514,True
tokyo_100312_relational_between,100312,stress_test,relational_between,graph,15,2018_1767895__event_001,0.013333333333333334,True
tokyo_100312_relational_between,100312,stress_test,relational_between,graph,16,2018_1767921__event_001,0.013157894736842105,True
tokyo_100312_relational_between,100312,stress_test,relational_between,graph,17,2018_1767934__event_001,0.012987012987012988,True
tokyo_100312_relational_between,100312,stress_test,relational_between,graph,18,2018_1767905__event_001,0.01282051282051282,True
tokyo_100312_relational_between,100312,stress_test,relational_between,graph,19,2018_1767893__event_002,0.012658227848101266,True
tokyo_100312_relational_between,100312,stress_test,relational_between,graph,20,2018_1767940__event_001,0.0125,True
tokyo_100312_relational_between,100312,stress_test,relational_between,graph,21,2018_1767947__event_001,0.012345679012345678,True
tokyo_100312_relational_between,100312,stress_test,relational_between,graph,22,2018_1767893__event_001,0.012195121951219513,True
tokyo_100312_relational_between,100312,stress_test,relational_between,graph,23,2018_1767947__event_002,0.012048192771084338,True
tokyo_100312_relational_between,100312,stress_test,relational_between,graph,24,2018_1767914__event_001,0.011904761904761904,True
tokyo_100312_relational_between,100312,stress_test,relational_between,graph,25,2018_1767964__event_001,0.011764705882352941,True
tokyo_100312_relational_between,100312,stress_test,relational_between,graph,26,2018_1767957__event_001,0.011627906976744186,True
tokyo_100312_relational_between,100312,stress_test,relational_between,graph,27,2018_1767890__event_001,0.011494252873563218,True
tokyo_100312_relational_between,100312,stress_test,relational_between,graph,28,2018_1767863__event_001,0.011363636363636364,True
tokyo_100312_relational_between,100312,stress_test,relational_between,graph,29,2018_1767963__event_001,0.011235955056179775,True
tokyo_100312_relational_between,100312,stress_test,relational_between,graph,30,2018_1767879__event_002,0.011111111111111112,True
tokyo_100312_relational_between,100312,stress_test,relational_between,graph,31,2018_1767963__event_002,0.01098901098901099,True
tokyo_100312_relational_between,100312,stress_test,relational_between,graph,32,2018_1767941__event_001,0.010869565217391304,True
tokyo_100312_relational_between,100312,stress_test,relational_between,graph,33,2018_1767879__event_001,0.010752688172043012,True
tokyo_100312_relational_between,100312,stress_test,relational_between,graph,34,2018_1767926__event_001,0.010638297872340425,True
tokyo_100312_relational_between,100312,stress_test,relational_between,graph,35,2018_1767902__event_001,0.010526315789473684,True
tokyo_100312_relational_between,100312,stress_test,relational_between,graph,36,2018_1767925__event_001,0.010416666666666666,True
tokyo_100312_relational_between,100312,stress_test,relational_between,graph,37,2018_1767887__event_001,0.010309278350515464,True
tokyo_100312_relational_between,100312,stress_test,relational_between,graph,38,2018_1767958__event_001,0.01020408163265306,True
tokyo_100312_relational_between,100312,stress_test,relational_between,graph,39,2018_1767863__event_002,0.010101010101010102,True
tokyo_100312_relational_between,100312,stress_test,relational_between,graph,40,2018_1767876__event_001,0.01,True
tokyo_100312_relational_between,100312,stress_test,relational_between,graph,41,2018_1767913__event_001,0.009900990099009901,True
tokyo_100312_relational_between,100312,stress_test,relational_between,graph,42,2018_1767890__event_002,0.00980392156862745,True
tokyo_100312_relational_between,100312,stress_test,relational_between,graph,43,2018_1767957__event_002,0.009708737864077669,True
tokyo_100312_relational_between,100312,stress_test,relational_between,graph,44,2018_1767870__event_001,0.009615384615384616,True
tokyo_100312_relational_between,100312,stress_test,relational_between,graph,45,2018_1767914__event_002,0.009523809523809525,True
tokyo_100312_relational_between,100312,stress_test,relational_between,graph,46,2018_1767950__event_001,0.009433962264150943,True
tokyo_100312_relational_between,100312,stress_test,relational_between,graph,47,2018_1767867__event_002,0.009345794392523364,True
tokyo_100312_relational_between,100312,stress_test,relational_between,graph,48,2018_1767934__event_002,0.009259259259259259,True
tokyo_100312_relational_between,100312,stress_test,relational_between,graph,49,2018_1767950__event_002,0.009174311926605505,True
tokyo_100312_relational_between,100312,stress_test,relational_between,graph,50,2018_1767905__event_002,0.00909090909090909,True
tokyo_100312_relational_between,100312,stress_test,relational_between,graph,51,2018_1767964__event_002,0.009009009009009009,True
tokyo_100312_relational_between,100312,stress_test,relational_between,graph,52,2018_1767940__event_002,0.008928571428571428,True
tokyo_100312_relational_between,100312,stress_test,relational_between,graph,53,2018_1767945__event_002,0.008849557522123894,True
tokyo_100312_relational_between,100312,stress_test,relational_between,graph,54,2018_1767945__event_001,0.008771929824561403,True
tokyo_100312_relational_between,100312,stress_test,relational_between,graph,55,2018_1767935__event_001,0.008695652173913044,True
tokyo_100312_relational_between,100312,stress_test,relational_between,graph,56,2018_1767885__event_002,0.008620689655172414,True
tokyo_100312_relational_between,100312,stress_test,relational_between,graph,57,2018_1767941__event_002,0.008547008547008548,True
tokyo_100312_relational_between,100312,stress_test,relational_between,graph,58,2018_1767887__event_002,0.00847457627118644,True
tokyo_100312_relational_between,100312,stress_test,relational_between,graph,59,2018_1767913__event_002,0.008403361344537815,True
tokyo_100312_relational_between,100312,stress_test,relational_between,graph,60,2018_1767953__event_001,0.008333333333333333,True
tokyo_100312_relational_between,100312,stress_test,relational_between,graph,61,2018_1767958__event_002,0.008264462809917356,True
tokyo_100312_relational_between,100312,stress_test,relational_between,graph,62,2018_1767876__event_002,0.00819672131147541,True
tokyo_100312_relational_between,100312,stress_test,relational_between,graph,63,2018_1767902__event_002,0.008130081300813009,True
tokyo_100312_relational_between,100312,stress_test,relational_between,graph,64,2018_1767870__event_002,0.008064516129032258,True
tokyo_100312_relational_between,100312,stress_test,relational_between,graph,65,2018_1767926__event_002,0.008,True
tokyo_100312_relational_between,100312,stress_test,relational_between,graph,66,2018_1767925__event_002,0.007936507936507936,True
tokyo_100312_relational_between,100312,stress_test,relational_between,graph,67,2018_1767935__event_002,0.007874015748031496,True
tokyo_100312_relational_between,100312,stress_test,relational_between,graph,68,2018_1767885__event_001,0.0078125,True
tokyo_100312_relational_between,100312,stress_test,relational_between,graph,69,2018_1767880__event_002,0.007751937984496124,True
tokyo_100312_relational_between,100312,stress_test,relational_between,graph,70,2018_1767880__event_001,0.007692307692307693,True
tokyo_101467_relational_between,101467,stress_test,relational_between,graph,1,2018_1784994__event_003,0.03278688524590164,False
tokyo_101467_relational_between,101467,stress_test,relational_between,graph,2,2018_1784994__event_002,0.03200204813108039,False
tokyo_101467_relational_between,101467,stress_test,relational_between,graph,3,2018_1784994__event_004,0.03200204813108039,False
tokyo_101467_relational_between,101467,stress_test,relational_between,graph,4,2018_1784994__event_001,0.031009615384615385,False
tokyo_101467_relational_between,101467,stress_test,relational_between,graph,5,2018_1784994__event_005,0.031009615384615385,False
tokyo_101467_relational_between,101467,stress_test,relational_between,graph,6,2018_1784996__event_001,0.015151515151515152,False
tokyo_101467_relational_between,101467,stress_test,relational_between,graph,7,2018_1785004__event_001,0.014925373134328358,False
tokyo_101467_relational_between,101467,stress_test,relational_between,graph,8,2018_1785003__event_003,0.014705882352941176,False
tokyo_101467_relational_between,101467,stress_test,relational_between,graph,9,2018_1784992__event_001,0.014492753623188406,False
tokyo_101467_relational_between,101467,stress_test,relational_between,graph,10,2018_1784989__event_002,0.014285714285714285,False
tokyo_101467_relational_between,101467,stress_test,relational_between,graph,11,2018_1785009__event_001,0.014084507042253521,False
tokyo_101467_relational_between,101467,stress_test,relational_between,graph,12,2018_1784985__event_002,0.013888888888888888,False
tokyo_101467_relational_between,101467,stress_test,relational_between,graph,13,2018_1784990__event_002,0.0136986301369863,False
tokyo_101467_relational_between,101467,stress_test,relational_between,graph,14,2018_1784989__event_001,0.013513513513513514,False
tokyo_101467_relational_between,101467,stress_test,relational_between,graph,15,2018_1784985__event_001,0.013333333333333334,False
tokyo_101467_relational_between,101467,stress_test,relational_between,graph,16,2018_1784986__event_002,0.013157894736842105,False
tokyo_101467_relational_between,101467,stress_test,relational_between,graph,17,2018_1785000__event_001,0.012987012987012988,False
tokyo_101467_relational_between,101467,stress_test,relational_between,graph,18,2018_1784996__event_002,0.01282051282051282,False
tokyo_101467_relational_between,101467,stress_test,relational_between,graph,19,2018_1784987__event_001,0.012658227848101266,False
tokyo_101467_relational_between,101467,stress_test,relational_between,graph,20,2018_1785005__event_001,0.0125,False
tokyo_101467_relational_between,101467,stress_test,relational_between,graph,21,2018_1784992__event_002,0.012345679012345678,False
tokyo_101467_relational_between,101467,stress_test,relational_between,graph,22,2018_1784991__event_001,0.012195121951219513,False
tokyo_101467_relational_between,101467,stress_test,relational_between,graph,23,2018_1784993__event_001,0.012048192771084338,False
tokyo_101467_relational_between,101467,stress_test,relational_between,graph,24,2018_1785003__event_002,0.011904761904761904,False
tokyo_101467_relational_between,101467,stress_test,relational_between,graph,25,2018_1784987__event_002,0.011764705882352941,False
tokyo_101467_relational_between,101467,stress_test,relational_between,graph,26,2018_1784990__event_001,0.011627906976744186,False
tokyo_101467_relational_between,101467,stress_test,relational_between,graph,27,2018_1785003__event_001,0.011494252873563218,False
tokyo_101467_relational_between,101467,stress_test,relational_between,graph,28,2018_1785009__event_002,0.011363636363636364,False
tokyo_101467_relational_between,101467,stress_test,relational_between,graph,29,2018_1785000__event_002,0.011235955056179775,False
tokyo_101467_relational_between,101467,stress_test,relational_between,graph,30,2018_1784991__event_002,0.011111111111111112,False
tokyo_101467_relational_between,101467,stress_test,relational_between,graph,31,2018_1785005__event_002,0.01098901098901099,False
tokyo_101467_relational_between,101467,stress_test,relational_between,graph,32,2018_1785004__event_002,0.010869565217391304,False
tokyo_101467_relational_between,101467,stress_test,relational_between,graph,33,2018_1784986__event_001,0.010752688172043012,False
tokyo_101467_relational_between,101467,stress_test,relational_between,graph,34,2018_1785001__event_002,0.010638297872340425,False
tokyo_101467_relational_between,101467,stress_test,relational_between,graph,35,2018_1785001__event_001,0.010526315789473684,False
tokyo_101467_relational_between,101467,stress_test,relational_between,graph,36,2018_1784993__event_002,0.010416666666666666,False
tokyo_101467_relational_between,101467,stress_test,relational_between,graph,37,2018_1784988__event_001,0.010309278350515464,False
tokyo_101467_relational_between,101467,stress_test,relational_between,graph,38,2018_1785000__event_003,0.01020408163265306,False
tokyo_101467_relational_between,101467,stress_test,relational_between,graph,39,2018_1785013__event_002,0.010101010101010102,False
tokyo_101467_relational_between,101467,stress_test,relational_between,graph,40,2018_1784988__event_002,0.01,False
tokyo_101467_relational_between,101467,stress_test,relational_between,graph,41,2018_1785005__event_003,0.009900990099009901,False
tokyo_101467_relational_between,101467,stress_test,relational_between,graph,42,2018_1785013__event_001,0.00980392156862745,False
tokyo_106628_relational_between,106628,stress_test,relational_between,graph,1,2018_1860411__event_003,0.03278688524590164,True
tokyo_106628_relational_between,106628,stress_test,relational_between,graph,2,2018_1860367__event_001,0.031754032258064516,True
tokyo_106628_relational_between,106628,stress_test,relational_between,graph,3,2018_1860400__event_003,0.031024531024531024,True
tokyo_106628_relational_between,106628,stress_test,relational_between,graph,4,2018_1860367__event_002,0.031009615384615385,True
tokyo_106628_relational_between,106628,stress_test,relational_between,graph,5,2018_1860411__event_002,0.030834914611005692,True
tokyo_106628_relational_between,106628,stress_test,relational_between,graph,6,2018_1860411__event_004,0.030798389007344232,True
tokyo_106628_relational_between,106628,stress_test,relational_between,graph,7,2018_1860395__event_001,0.030090497737556562,True
tokyo_106628_relational_between,106628,stress_test,relational_between,graph,8,2018_1860400__event_002,0.029418126757516764,True
tokyo_106628_relational_between,106628,stress_test,relational_between,graph,9,2018_1860395__event_002,0.026838432635534086,True
tokyo_106628_relational_between,106628,stress_test,relational_between,graph,10,2018_1860406__event_003,0.015151515151515152,True
tokyo_106628_relational_between,106628,stress_test,relational_between,graph,11,2018_1860432__event_001,0.014285714285714285,True
tokyo_106628_relational_between,106628,stress_test,relational_between,graph,12,2018_1860445__event_001,0.014084507042253521,True
tokyo_106628_relational_between,106628,stress_test,relational_between,graph,13,2018_1860443__event_002,0.013888888888888888,True
tokyo_106628_relational_between,106628,stress_test,relational_between,graph,14,2018_1860403__event_001,0.0136986301369863,True
tokyo_106628_relational_between,106628,stress_test,relational_between,graph,15,2018_1860432__event_002,0.013513513513513514,True
tokyo_106628_relational_between,106628,stress_test,relational_between,graph,16,2018_1860406__event_001,0.013333333333333334,True
tokyo_106628_relational_between,106628,stress_test,relational_between,graph,17,2018_1860406__event_002,0.013157894736842105,True
tokyo_106628_relational_between,106628,stress_test,relational_between,graph,18,2018_1860393__event_001,0.012987012987012988,True
tokyo_106628_relational_between,106628,stress_test,relational_between,graph,19,2018_1860391__event_002,0.01282051282051282,True
tokyo_106628_relational_between,106628,stress_test,relational_between,graph,20,2018_1860435__event_001,0.012658227848101266,True
tokyo_106628_relational_between,106628,stress_test,relational_between,graph,21,2018_1860391__event_001,0.0125,True
tokyo_106628_relational_between,106628,stress_test,relational_between,graph,22,2018_1860440__event_001,0.012195121951219513,True
tokyo_106628_relational_between,106628,stress_test,relational_between,graph,23,2018_1860398__event_001,0.012048192771084338,True
tokyo_106628_relational_between,106628,stress_test,relational_between,graph,24,2018_1860397__event_002,0.011904761904761904,True
tokyo_106628_relational_between,106628,stress_test,relational_between,graph,25,2018_1860419__event_001,0.011764705882352941,True
tokyo_106628_relational_between,106628,stress_test,relational_between,graph,26,2018_1860423__event_002,0.011627906976744186,True
tokyo_106628_relational_between,106628,stress_test,relational_between,graph,27,2018_1860370__event_001,0.011494252873563218,True
tokyo_106628_relational_between,106628,stress_test,relational_between,graph,28,2018_1860421__event_001,0.011363636363636364,True
tokyo_106628_relational_between,106628,stress_test,relational_between,graph,29,2018_1860394__event_002,0.011235955056179775,True
tokyo_106628_relational_between,106628,stress_test,relational_between,graph,30,2018_1860441__event_001,0.011111111111111112,True
tokyo_106628_relational_between,106628,stress_test,relational_between,graph,31,2018_1860384__event_001,0.01098901098901099,True
tokyo_106628_relational_between,106628,stress_test,relational_between,graph,32,2018_1860403__event_002,0.010869565217391304,True
tokyo_106628_relational_between,106628,stress_test,relational_between,graph,33,2018_1860401__event_001,0.010752688172043012,True
tokyo_106628_relational_between,106628,stress_test,relational_between,graph,34,2018_1860443__event_003,0.010638297872340425,True
tokyo_106628_relational_between,106628,stress_test,relational_between,graph,35,2018_1860387__event_001,0.010526315789473684,True
tokyo_106628_relational_between,106628,stress_test,relational_between,graph,36,2018_1860405__event_002,0.010416666666666666,True
tokyo_106628_relational_between,106628,stress_test,relational_between,graph,37,2018_1860444__event_001,0.010309278350515464,True
tokyo_106628_relational_between,106628,stress_test,relational_between,graph,38,2018_1860375__event_001,0.01020408163265306,True
tokyo_106628_relational_between,106628,stress_test,relational_between,graph,39,2018_1860407__event_002,0.010101010101010102,True
tokyo_106628_relational_between,106628,stress_test,relational_between,graph,40,2018_1860373__event_001,0.01,True
tokyo_106628_relational_between,106628,stress_test,relational_between,graph,41,2018_1860388__event_001,0.009900990099009901,True
tokyo_106628_relational_between,106628,stress_test,relational_between,graph,42,2018_1860394__event_001,0.00980392156862745,True
tokyo_106628_relational_between,106628,stress_test,relational_between,graph,43,2018_1860401__event_002,0.009708737864077669,True
tokyo_106628_relational_between,106628,stress_test,relational_between,graph,44,2018_1860411__event_001,0.009615384615384616,True
tokyo_106628_relational_between,106628,stress_test,relational_between,graph,45,2018_1860376__event_002,0.009523809523809525,True
tokyo_106628_relational_between,106628,stress_test,relational_between,graph,46,2018_1860407__event_001,0.009433962264150943,True
tokyo_106628_relational_between,106628,stress_test,relational_between,graph,47,2018_1860376__event_001,0.009345794392523364,True
tokyo_106628_relational_between,106628,stress_test,relational_between,graph,48,2018_1860378__event_002,0.009259259259259259,True
tokyo_106628_relational_between,106628,stress_test,relational_between,graph,49,2018_1860440__event_002,0.009174311926605505,True
tokyo_106628_relational_between,106628,stress_test,relational_between,graph,50,2018_1860443__event_001,0.00909090909090909,True
tokyo_106628_relational_between,106628,stress_test,relational_between,graph,51,2018_1860387__event_002,0.009009009009009009,True
tokyo_106628_relational_between,106628,stress_test,relational_between,graph,52,2018_1860405__event_001,0.008928571428571428,True
tokyo_106628_relational_between,106628,stress_test,relational_between,graph,53,2018_1860373__event_002,0.008849557522123894,True
tokyo_106628_relational_between,106628,stress_test,relational_between,graph,54,2018_1860433__event_002,0.008771929824561403,True
tokyo_106628_relational_between,106628,stress_test,relational_between,graph,55,2018_1860379__event_001,0.008695652173913044,True
tokyo_106628_relational_between,106628,stress_test,relational_between,graph,56,2018_1860423__event_001,0.008620689655172414,True
tokyo_106628_relational_between,106628,stress_test,relational_between,graph,57,2018_1860378__event_001,0.008547008547008548,True
tokyo_106628_relational_between,106628,stress_test,relational_between,graph,58,2018_1860400__event_001,0.00847457627118644,True
tokyo_106628_relational_between,106628,stress_test,relational_between,graph,59,2018_1860370__event_002,0.008403361344537815,True
tokyo_106628_relational_between,106628,stress_test,relational_between,graph,60,2018_1860433__event_001,0.008333333333333333,True
tokyo_106628_relational_between,106628,stress_test,relational_between,graph,61,2018_1860445__event_002,0.008264462809917356,True
tokyo_106628_relational_between,106628,stress_test,relational_between,graph,62,2018_1860437__event_002,0.00819672131147541,True
tokyo_106628_relational_between,106628,stress_test,relational_between,graph,63,2018_1860441__event_003,0.008130081300813009,True
tokyo_106628_relational_between,106628,stress_test,relational_between,graph,64,2018_1860420__event_001,0.008064516129032258,True
tokyo_106628_relational_between,106628,stress_test,relational_between,graph,65,2018_1860384__event_002,0.008,True
tokyo_106628_relational_between,106628,stress_test,relational_between,graph,66,2018_1860393__event_002,0.007936507936507936,True
tokyo_106628_relational_between,106628,stress_test,relational_between,graph,67,2018_1860436__event_002,0.007874015748031496,True
tokyo_106628_relational_between,106628,stress_test,relational_between,graph,68,2018_1860397__event_001,0.0078125,True
tokyo_106628_relational_between,106628,stress_test,relational_between,graph,69,2018_1860398__event_002,0.007751937984496124,True
tokyo_106628_relational_between,106628,stress_test,relational_between,graph,70,2018_1860435__event_002,0.007692307692307693,True
tokyo_106628_relational_between,106628,stress_test,relational_between,graph,71,2018_1860444__event_002,0.007633587786259542,True
tokyo_106628_relational_between,106628,stress_test,relational_between,graph,72,2018_1860388__event_002,0.007575757575757576,True
tokyo_106628_relational_between,106628,stress_test,relational_between,graph,73,2018_1860419__event_002,0.007518796992481203,True
tokyo_106628_relational_between,106628,stress_test,relational_between,graph,74,2018_1860437__event_001,0.007462686567164179,True
tokyo_106628_relational_between,106628,stress_test,relational_between,graph,75,2018_1860378__event_003,0.007407407407407408,True
tokyo_106628_relational_between,106628,stress_test,relational_between,graph,76,2018_1860436__event_001,0.007352941176470588,True
tokyo_106628_relational_between,106628,stress_test,relational_between,graph,77,2018_1860421__event_003,0.0072992700729927005,True
tokyo_106628_relational_between,106628,stress_test,relational_between,graph,78,2018_1860412__event_001,0.007246376811594203,True
tokyo_106628_relational_between,106628,stress_test,relational_between,graph,79,2018_1860421__event_002,0.007194244604316547,True
tokyo_106628_relational_between,106628,stress_test,relational_between,graph,80,2018_1860391__event_003,0.007142857142857143,True
tokyo_106628_relational_between,106628,stress_test,relational_between,graph,81,2018_1860379__event_002,0.0070921985815602835,True
tokyo_106628_relational_between,106628,stress_test,relational_between,graph,82,2018_1860375__event_002,0.007042253521126761,True
tokyo_106628_relational_between,106628,stress_test,relational_between,graph,83,2018_1860441__event_002,0.006993006993006993,True
tokyo_106628_relational_between,106628,stress_test,relational_between,graph,84,2018_1860369__event_002,0.006944444444444444,True
tokyo_106628_relational_between,106628,stress_test,relational_between,graph,85,2018_1860412__event_002,0.006896551724137931,True
tokyo_106628_relational_between,106628,stress_test,relational_between,graph,86,2018_1860441__event_004,0.00684931506849315,True
tokyo_106628_relational_between,106628,stress_test,relational_between,graph,87,2018_1860369__event_001,0.006802721088435374,True
tokyo_106628_relational_between,106628,stress_test,relational_between,graph,88,2018_1860420__event_002,0.006756756756756757,True
tokyo_109617_relational_between,109617,stress_test,relational_between,graph,1,2018_1909174__event_002,0.03278688524590164,True
tokyo_109617_relational_between,109617,stress_test,relational_between,graph,2,2018_1909174__event_003,0.03200204813108039,True
tokyo_109617_relational_between,109617,stress_test,relational_between,graph,3,2018_1909177__event_004,0.03149801587301587,True
tokyo_109617_relational_between,109617,stress_test,relational_between,graph,4,2018_1909174__event_001,0.03128054740957967,True
tokyo_109617_relational_between,109617,stress_test,relational_between,graph,5,2018_1909177__event_003,0.031009615384615385,True
tokyo_109617_relational_between,109617,stress_test,relational_between,graph,6,2018_1909179__event_003,0.030309988518943745,True
tokyo_109617_relational_between,109617,stress_test,relational_between,graph,7,2018_1909177__event_002,0.02964426877470356,True
tokyo_109617_relational_between,109617,stress_test,relational_between,graph,8,2018_1909179__event_002,0.029631255487269532,True
tokyo_109617_relational_between,109617,stress_test,relational_between,graph,9,2018_1909135__event_001,0.014705882352941176,True
tokyo_109617_relational_between,109617,stress_test,relational_between,graph,10,2018_1909135__event_002,0.014285714285714285,True
tokyo_109617_relational_between,109617,stress_test,relational_between,graph,11,2018_1909213__event_003,0.014084507042253521,True
tokyo_109617_relational_between,109617,stress_test,relational_between,graph,12,2018_1909214__event_004,0.013888888888888888,True
tokyo_109617_relational_between,109617,stress_test,relational_between,graph,13,2018_1909117__event_001,0.0136986301369863,True
tokyo_109617_relational_between,109617,stress_test,relational_between,graph,14,2018_1909199__event_001,0.013513513513513514,True
tokyo_109617_relational_between,109617,stress_test,relational_between,graph,15,2018_1909137__event_002,0.013333333333333334,True
tokyo_109617_relational_between,109617,stress_test,relational_between,graph,16,2018_1909158__event_003,0.013157894736842105,True
tokyo_109617_relational_between,109617,stress_test,relational_between,graph,17,2018_1909184__event_002,0.012987012987012988,True
tokyo_109617_relational_between,109617,stress_test,relational_between,graph,18,2018_1909152__event_002,0.01282051282051282,True
tokyo_109617_relational_between,109617,stress_test,relational_between,graph,19,2018_1909167__event_002,0.012658227848101266,True
tokyo_109617_relational_between,109617,stress_test,relational_between,graph,20,2018_1909157__event_002,0.0125,True
tokyo_109617_relational_between,109617,stress_test,relational_between,graph,21,2018_1909184__event_001,0.012345679012345678,True
tokyo_109617_relational_between,109617,stress_test,relational_between,graph,22,2018_1909137__event_001,0.012195121951219513,True
tokyo_109617_relational_between,109617,stress_test,relational_between,graph,23,2018_1909178__event_001,0.012048192771084338,True
tokyo_109617_relational_between,109617,stress_test,relational_between,graph,24,2018_1909157__event_003,0.011904761904761904,True
tokyo_109617_relational_between,109617,stress_test,relational_between,graph,25,2018_1909158__event_002,0.011764705882352941,True
tokyo_109617_relational_between,109617,stress_test,relational_between,graph,26,2018_1909144__event_001,0.011627906976744186,True
tokyo_109617_relational_between,109617,stress_test,relational_between,graph,27,2018_1909179__event_001,0.011494252873563218,True
tokyo_109617_relational_between,109617,stress_test,relational_between,graph,28,2018_1909214__event_003,0.011363636363636364,True
tokyo_109617_relational_between,109617,stress_test,relational_between,graph,29,2018_1909144__event_002,0.011235955056179775,True
tokyo_109617_relational_between,109617,stress_test,relational_between,graph,30,2018_1909199__event_002,0.011111111111111112,True
tokyo_109617_relational_between,109617,stress_test,relational_between,graph,31,2018_1909152__event_001,0.01098901098901099,True
tokyo_109617_relational_between,109617,stress_test,relational_between,graph,32,2018_1909117__event_002,0.010869565217391304,True
tokyo_109617_relational_between,109617,stress_test,relational_between,graph,33,2018_1909213__event_002,0.010752688172043012,True
tokyo_109617_relational_between,109617,stress_test,relational_between,graph,34,2018_1909129__event_001,0.010638297872340425,True
tokyo_109617_relational_between,109617,stress_test,relational_between,graph,35,2018_1909212__event_002,0.010526315789473684,True
tokyo_109617_relational_between,109617,stress_test,relational_between,graph,36,2018_1909178__event_002,0.010416666666666666,True
tokyo_109617_relational_between,109617,stress_test,relational_between,graph,37,2018_1909167__event_001,0.010309278350515464,True
tokyo_109617_relational_between,109617,stress_test,relational_between,graph,38,2018_1909212__event_001,0.01020408163265306,True
tokyo_109617_relational_between,109617,stress_test,relational_between,graph,39,2018_1909157__event_001,0.010101010101010102,True
tokyo_109617_relational_between,109617,stress_test,relational_between,graph,40,2018_1909138__event_001,0.01,True
tokyo_109617_relational_between,109617,stress_test,relational_between,graph,41,2018_1909214__event_002,0.009900990099009901,True
tokyo_109617_relational_between,109617,stress_test,relational_between,graph,42,2018_1909150__event_001,0.00980392156862745,True
tokyo_109617_relational_between,109617,stress_test,relational_between,graph,43,2018_1909150__event_002,0.009708737864077669,True
tokyo_109617_relational_between,109617,stress_test,relational_between,graph,44,2018_1909158__event_001,0.009615384615384616,True
tokyo_109617_relational_between,109617,stress_test,relational_between,graph,45,2018_1909175__event_002,0.009523809523809525,True
tokyo_109617_relational_between,109617,stress_test,relational_between,graph,46,2018_1909198__event_002,0.009433962264150943,True
tokyo_109617_relational_between,109617,stress_test,relational_between,graph,47,2018_1909129__event_002,0.009345794392523364,True
tokyo_109617_relational_between,109617,stress_test,relational_between,graph,48,2018_1909214__event_001,0.009259259259259259,True
tokyo_109617_relational_between,109617,stress_test,relational_between,graph,49,2018_1909190__event_002,0.009174311926605505,True
tokyo_109617_relational_between,109617,stress_test,relational_between,graph,50,2018_1909177__event_001,0.00909090909090909,True
tokyo_109617_relational_between,109617,stress_test,relational_between,graph,51,2018_1909138__event_002,0.009009009009009009,True
tokyo_109617_relational_between,109617,stress_test,relational_between,graph,52,2018_1909143__event_001,0.008928571428571428,True
tokyo_109617_relational_between,109617,stress_test,relational_between,graph,53,2018_1909187__event_001,0.008849557522123894,True
tokyo_109617_relational_between,109617,stress_test,relational_between,graph,54,2018_1909211__event_001,0.008771929824561403,True
tokyo_109617_relational_between,109617,stress_test,relational_between,graph,55,2018_1909203__event_002,0.008695652173913044,True
tokyo_109617_relational_between,109617,stress_test,relational_between,graph,56,2018_1909203__event_001,0.008620689655172414,True
tokyo_109617_relational_between,109617,stress_test,relational_between,graph,57,2018_1909187__event_002,0.008547008547008548,True
tokyo_109617_relational_between,109617,stress_test,relational_between,graph,58,2018_1909190__event_001,0.00847457627118644,True
tokyo_109617_relational_between,109617,stress_test,relational_between,graph,59,2018_1909181__event_002,0.008403361344537815,True
tokyo_109617_relational_between,109617,stress_test,relational_between,graph,60,2018_1909143__event_002,0.008333333333333333,True
tokyo_109617_relational_between,109617,stress_test,relational_between,graph,61,2018_1909211__event_002,0.008264462809917356,True
tokyo_109617_relational_between,109617,stress_test,relational_between,graph,62,2018_1909175__event_001,0.00819672131147541,True
tokyo_109617_relational_between,109617,stress_test,relational_between,graph,63,2018_1909198__event_001,0.008130081300813009,True
tokyo_109617_relational_between,109617,stress_test,relational_between,graph,64,2018_1909181__event_001,0.008064516129032258,True
tokyo_109617_relational_between,109617,stress_test,relational_between,graph,65,2018_1909213__event_001,0.008,True
tokyo_109617_relational_between,109617,stress_test,relational_between,graph,66,2018_1909148__event_001,0.007936507936507936,True
tokyo_109617_relational_between,109617,stress_test,relational_between,graph,67,2018_1909195__event_002,0.007874015748031496,True
tokyo_109617_relational_between,109617,stress_test,relational_between,graph,68,2018_1909195__event_001,0.0078125,True
tokyo_109617_relational_between,109617,stress_test,relational_between,graph,69,2018_1909148__event_002,0.007751937984496124,True
tokyo_109621_relational_between,109621,stress_test,relational_between,graph,1,2018_1909372__event_002,0.03278688524590164,True
tokyo_109621_relational_between,109621,stress_test,relational_between,graph,2,2018_1909372__event_001,0.03200204813108039,True
tokyo_109621_relational_between,109621,stress_test,relational_between,graph,3,2018_1909372__event_003,0.03200204813108039,True
tokyo_109621_relational_between,109621,stress_test,relational_between,graph,4,2018_1909371__event_001,0.031009615384615385,True
tokyo_109621_relational_between,109621,stress_test,relational_between,graph,5,2018_1909372__event_004,0.031009615384615385,True
tokyo_109621_relational_between,109621,stress_test,relational_between,graph,6,2018_1909371__event_002,0.030303030303030304,True
tokyo_109621_relational_between,109621,stress_test,relational_between,graph,7,2018_1909384__event_002,0.014925373134328358,True
tokyo_109621_relational_between,109621,stress_test,relational_between,graph,8,2018_1909390__event_002,0.014705882352941176,True
tokyo_109621_relational_between,109621,stress_test,relational_between,graph,9,2018_1909384__event_001,0.014492753623188406,True
tokyo_109621_relational_between,109621,stress_test,relational_between,graph,10,2018_1909390__event_003,0.014285714285714285,True
tokyo_109621_relational_between,109621,stress_test,relational_between,graph,11,2018_1909374__event_002,0.014084507042253521,True
tokyo_109621_relational_between,109621,stress_test,relational_between,graph,12,2018_1909386__event_002,0.013888888888888888,True
tokyo_109621_relational_between,109621,stress_test,relational_between,graph,13,2018_1909366__event_001,0.0136986301369863,True
tokyo_109621_relational_between,109621,stress_test,relational_between,graph,14,2018_1909374__event_005,0.013513513513513514,True
tokyo_109621_relational_between,109621,stress_test,relational_between,graph,15,2018_1909365__event_002,0.013333333333333334,True
tokyo_109621_relational_between,109621,stress_test,relational_between,graph,16,2018_1909390__event_004,0.013157894736842105,True
tokyo_109621_relational_between,109621,stress_test,relational_between,graph,17,2018_1909374__event_001,0.012987012987012988,True
tokyo_109621_relational_between,109621,stress_test,relational_between,graph,18,2018_1909365__event_001,0.01282051282051282,True
tokyo_109621_relational_between,109621,stress_test,relational_between,graph,19,2018_1909383__event_003,0.012658227848101266,True
tokyo_109621_relational_between,109621,stress_test,relational_between,graph,20,2018_1909375__event_004,0.0125,True
tokyo_109621_relational_between,109621,stress_test,relational_between,graph,21,2018_1909386__event_001,0.012345679012345678,True
tokyo_109621_relational_between,109621,stress_test,relational_between,graph,22,2018_1909370__event_003,0.012195121951219513,True
tokyo_109621_relational_between,109621,stress_test,relational_between,graph,23,2018_1909370__event_002,0.012048192771084338,True
tokyo_109621_relational_between,109621,stress_test,relational_between,graph,24,2018_1909383__event_004,0.011904761904761904,True
tokyo_109621_relational_between,109621,stress_test,relational_between,graph,25,2018_1909390__event_001,0.011764705882352941,True
tokyo_109621_relational_between,109621,stress_test,relational_between,graph,26,2018_1909373__event_001,0.011627906976744186,True
tokyo_109621_relational_between,109621,stress_test,relational_between,graph,27,2018_1909370__event_001,0.011494252873563218,True
tokyo_109621_relational_between,109621,stress_test,relational_between,graph,28,2018_1909366__event_002,0.011363636363636364,True
tokyo_109621_relational_between,109621,stress_test,relational_between,graph,29,2018_1909371__event_003,0.011235955056179775,True
tokyo_109621_relational_between,109621,stress_test,relational_between,graph,30,2018_1909389__event_001,0.011111111111111112,True
tokyo_109621_relational_between,109621,stress_test,relational_between,graph,31,2018_1909390__event_005,0.01098901098901099,True
tokyo_109621_relational_between,109621,stress_test,relational_between,graph,32,2018_1909389__event_002,0.010869565217391304,True
tokyo_109621_relational_between,109621,stress_test,relational_between,graph,33,2018_1909369__event_004,0.010752688172043012,True
tokyo_109621_relational_between,109621,stress_test,relational_between,graph,34,2018_1909375__event_003,0.010638297872340425,True
tokyo_109621_relational_between,109621,stress_test,relational_between,graph,35,2018_1909371__event_004,0.010526315789473684,True
tokyo_109621_relational_between,109621,stress_test,relational_between,graph,36,2018_1909368__event_001,0.010416666666666666,True
tokyo_109621_relational_between,109621,stress_test,relational_between,graph,37,2018_1909373__event_002,0.010309278350515464,True
tokyo_109621_relational_between,109621,stress_test,relational_between,graph,38,2018_1909369__event_005,0.01020408163265306,True
tokyo_109621_relational_between,109621,stress_test,relational_between,graph,39,2018_1909370__event_004,0.010101010101010102,True
tokyo_109621_relational_between,109621,stress_test,relational_between,graph,40,2018_1909373__event_003,0.01,True
tokyo_109621_relational_between,109621,stress_test,relational_between,graph,41,2018_1909383__event_002,0.009900990099009901,True
tokyo_109621_relational_between,109621,stress_test,relational_between,graph,42,2018_1909374__event_004,0.00980392156862745,True
tokyo_109621_relational_between,109621,stress_test,relational_between,graph,43,2018_1909375__event_002,0.009708737864077669,True
tokyo_109621_relational_between,109621,stress_test,relational_between,graph,44,2018_1909376__event_002,0.009615384615384616,True
tokyo_109621_relational_between,109621,stress_test,relational_between,graph,45,2018_1909368__event_002,0.009523809523809525,True
tokyo_109621_relational_between,109621,stress_test,relational_between,graph,46,2018_1909379__event_001,0.009433962264150943,True
tokyo_109621_relational_between,109621,stress_test,relational_between,graph,47,2018_1909383__event_001,0.009345794392523364,True
tokyo_109621_relational_between,109621,stress_test,relational_between,graph,48,2018_1909379__event_003,0.009259259259259259,True
tokyo_109621_relational_between,109621,stress_test,relational_between,graph,49,2018_1909379__event_002,0.009174311926605505,True
tokyo_109621_relational_between,109621,stress_test,relational_between,graph,50,2018_1909382__event_001,0.00909090909090909,True
tokyo_109621_relational_between,109621,stress_test,relational_between,graph,51,2018_1909395__event_003,0.009009009009009009,True
tokyo_109621_relational_between,109621,stress_test,relational_between,graph,52,2018_1909382__event_002,0.008928571428571428,True
tokyo_109621_relational_between,109621,stress_test,relational_between,graph,53,2018_1909373__event_005,0.008849557522123894,True
tokyo_109621_relational_between,109621,stress_test,relational_between,graph,54,2018_1909379__event_004,0.008771929824561403,True
tokyo_109621_relational_between,109621,stress_test,relational_between,graph,55,2018_1909374__event_003,0.008695652173913044,True
tokyo_109621_relational_between,109621,stress_test,relational_between,graph,56,2018_1909367__event_002,0.008620689655172414,True
tokyo_109621_relational_between,109621,stress_test,relational_between,graph,57,2018_1909378__event_003,0.008547008547008548,True
tokyo_109621_relational_between,109621,stress_test,relational_between,graph,58,2018_1909378__event_001,0.00847457627118644,True
tokyo_109621_relational_between,109621,stress_test,relational_between,graph,59,2018_1909376__event_001,0.008403361344537815,True
tokyo_109621_relational_between,109621,stress_test,relational_between,graph,60,2018_1909388__event_002,0.008333333333333333,True
tokyo_109621_relational_between,109621,stress_test,relational_between,graph,61,2018_1909375__event_001,0.008264462809917356,True
tokyo_109621_relational_between,109621,stress_test,relational_between,graph,62,2018_1909377__event_002,0.00819672131147541,True
tokyo_109621_relational_between,109621,stress_test,relational_between,graph,63,2018_1909367__event_001,0.008130081300813009,True
tokyo_109621_relational_between,109621,stress_test,relational_between,graph,64,2018_1909373__event_004,0.008064516129032258,True
tokyo_109621_relational_between,109621,stress_test,relational_between,graph,65,2018_1909397__event_002,0.008,True
tokyo_109621_relational_between,109621,stress_test,relational_between,graph,66,2018_1909376__event_003,0.007936507936507936,True
tokyo_109621_relational_between,109621,stress_test,relational_between,graph,67,2018_1909369__event_002,0.007874015748031496,True
tokyo_109621_relational_between,109621,stress_test,relational_between,graph,68,2018_1909371__event_005,0.0078125,True
tokyo_109621_relational_between,109621,stress_test,relational_between,graph,69,2018_1909371__event_008,0.007751937984496124,True
tokyo_109621_relational_between,109621,stress_test,relational_between,graph,70,2018_1909371__event_009,0.007692307692307693,True
tokyo_109621_relational_between,109621,stress_test,relational_between,graph,71,2018_1909396__event_002,0.007633587786259542,True
tokyo_109621_relational_between,109621,stress_test,relational_between,graph,72,2018_1909378__event_002,0.007575757575757576,True
tokyo_109621_relational_between,109621,stress_test,relational_between,graph,73,2018_1909367__event_003,0.007518796992481203,True
tokyo_109621_relational_between,109621,stress_test,relational_between,graph,74,2018_1909394__event_001,0.007462686567164179,True
tokyo_109621_relational_between,109621,stress_test,relational_between,graph,75,2018_1909396__event_001,0.007407407407407408,True
tokyo_109621_relational_between,109621,stress_test,relational_between,graph,76,2018_1909369__event_003,0.007352941176470588,True
tokyo_109621_relational_between,109621,stress_test,relational_between,graph,77,2018_1909368__event_003,0.0072992700729927005,True
tokyo_109621_relational_between,109621,stress_test,relational_between,graph,78,2018_1909371__event_007,0.007246376811594203,True
tokyo_109621_relational_between,109621,stress_test,relational_between,graph,79,2018_1909371__event_006,0.007194244604316547,True
tokyo_109621_relational_between,109621,stress_test,relational_between,graph,80,2018_1909395__event_002,0.007142857142857143,True
tokyo_109621_relational_between,109621,stress_test,relational_between,graph,81,2018_1909394__event_002,0.0070921985815602835,True
tokyo_109621_relational_between,109621,stress_test,relational_between,graph,82,2018_1909373__event_006,0.007042253521126761,True
tokyo_109621_relational_between,109621,stress_test,relational_between,graph,83,2018_1909385__event_002,0.006993006993006993,True
tokyo_109621_relational_between,109621,stress_test,relational_between,graph,84,2018_1909369__event_001,0.006944444444444444,True
tokyo_109621_relational_between,109621,stress_test,relational_between,graph,85,2018_1909371__event_010,0.006896551724137931,True
tokyo_109621_relational_between,109621,stress_test,relational_between,graph,86,2018_1909395__event_001,0.00684931506849315,True
tokyo_109621_relational_between,109621,stress_test,relational_between,graph,87,2018_1909377__event_001,0.006802721088435374,True
tokyo_109621_relational_between,109621,stress_test,relational_between,graph,88,2018_1909397__event_001,0.006756756756756757,True
tokyo_109621_relational_between,109621,stress_test,relational_between,graph,89,2018_1909368__event_004,0.006711409395973154,True
tokyo_109621_relational_between,109621,stress_test,relational_between,graph,90,2018_1909368__event_005,0.006666666666666667,True
tokyo_109621_relational_between,109621,stress_test,relational_between,graph,91,2018_1909388__event_001,0.006622516556291391,True
tokyo_109621_relational_between,109621,stress_test,relational_between,graph,92,2018_1909385__event_001,0.006578947368421052,True
tokyo_113499_relational_between,113499,stress_test,relational_between,graph,1,2018_1959249__event_002,0.03278688524590164,False
tokyo_113499_relational_between,113499,stress_test,relational_between,graph,2,2018_1959249__event_001,0.03225806451612903,False
tokyo_113499_relational_between,113499,stress_test,relational_between,graph,3,2018_1959244__event_002,0.031746031746031744,False
tokyo_113499_relational_between,113499,stress_test,relational_between,graph,4,2018_1959257__event_002,0.031009615384615385,False
tokyo_113499_relational_between,113499,stress_test,relational_between,graph,5,2018_1959268__event_002,0.030309988518943745,False
tokyo_113499_relational_between,113499,stress_test,relational_between,graph,6,2018_1959244__event_001,0.028125,False
tokyo_113499_relational_between,113499,stress_test,relational_between,graph,7,2018_1959257__event_001,0.027809742999616416,False
tokyo_113499_relational_between,113499,stress_test,relational_between,graph,8,2018_1959268__event_001,0.026470588235294117,False
tokyo_113499_relational_between,113499,stress_test,relational_between,graph,9,2018_1959253__event_002,0.015151515151515152,False
tokyo_113499_relational_between,113499,stress_test,relational_between,graph,10,2018_1959236__event_002,0.014925373134328358,False
tokyo_113499_relational_between,113499,stress_test,relational_between,graph,11,2018_1959267__event_002,0.014705882352941176,False
tokyo_113499_relational_between,113499,stress_test,relational_between,graph,12,2018_1959243__event_002,0.014492753623188406,False
tokyo_113499_relational_between,113499,stress_test,relational_between,graph,13,2018_1959242__event_002,0.014285714285714285,False
tokyo_113499_relational_between,113499,stress_test,relational_between,graph,14,2018_1959234__event_002,0.014084507042253521,False
tokyo_113499_relational_between,113499,stress_test,relational_between,graph,15,2018_1959265__event_001,0.013888888888888888,False
tokyo_113499_relational_between,113499,stress_test,relational_between,graph,16,2018_1959250__event_002,0.0136986301369863,False
tokyo_113499_relational_between,113499,stress_test,relational_between,graph,17,2018_1959234__event_003,0.013513513513513514,False
tokyo_113499_relational_between,113499,stress_test,relational_between,graph,18,2018_1959258__event_003,0.013333333333333334,False
tokyo_113499_relational_between,113499,stress_test,relational_between,graph,19,2018_1959247__event_002,0.013157894736842105,False
tokyo_113499_relational_between,113499,stress_test,relational_between,graph,20,2018_1959240__event_002,0.012987012987012988,False
tokyo_113499_relational_between,113499,stress_test,relational_between,graph,21,2018_1959251__event_002,0.01282051282051282,False
tokyo_113499_relational_between,113499,stress_test,relational_between,graph,22,2018_1959253__event_001,0.012345679012345678,False
tokyo_113499_relational_between,113499,stress_test,relational_between,graph,23,2018_1959234__event_001,0.012195121951219513,False
tokyo_113499_relational_between,113499,stress_test,relational_between,graph,24,2018_1959258__event_002,0.012048192771084338,False
tokyo_113499_relational_between,113499,stress_test,relational_between,graph,25,2018_1959243__event_001,0.011904761904761904,False
tokyo_113499_relational_between,113499,stress_test,relational_between,graph,26,2018_1959242__event_001,0.011627906976744186,False
tokyo_113499_relational_between,113499,stress_test,relational_between,graph,27,2018_1959236__event_001,0.011494252873563218,False
tokyo_113499_relational_between,113499,stress_test,relational_between,graph,28,2018_1959267__event_001,0.011363636363636364,False
tokyo_113499_relational_between,113499,stress_test,relational_between,graph,29,2018_1959258__event_001,0.011235955056179775,False
tokyo_113499_relational_between,113499,stress_test,relational_between,graph,30,2018_1959250__event_001,0.011111111111111112,False
tokyo_113499_relational_between,113499,stress_test,relational_between,graph,31,2018_1959240__event_001,0.01098901098901099,False
tokyo_113499_relational_between,113499,stress_test,relational_between,graph,32,2018_1959247__event_001,0.010869565217391304,False
tokyo_113499_relational_between,113499,stress_test,relational_between,graph,33,2018_1959251__event_001,0.010752688172043012,False
tokyo_113499_relational_between,113499,stress_test,relational_between,graph,34,2018_1959234__event_004,0.010638297872340425,False
tokyo_113499_relational_between,113499,stress_test,relational_between,graph,35,2018_1959265__event_002,0.010526315789473684,False
tokyo_113499_relational_between,113499,stress_test,relational_between,graph,36,2018_1959238__event_001,0.010416666666666666,False
tokyo_113499_relational_between,113499,stress_test,relational_between,graph,37,2018_1959238__event_002,0.010309278350515464,False
tokyo_113897_relational_between,113897,stress_test,relational_between,graph,1,2018_1963913__event_002,0.03278688524590164,False
tokyo_113897_relational_between,113897,stress_test,relational_between,graph,2,2018_1963913__event_001,0.031754032258064516,False
tokyo_113897_relational_between,113897,stress_test,relational_between,graph,3,2018_1963921__event_001,0.031754032258064516,False
tokyo_113897_relational_between,113897,stress_test,relational_between,graph,4,2018_1963911__event_002,0.031024531024531024,False
tokyo_113897_relational_between,113897,stress_test,relational_between,graph,5,2018_1963913__event_003,0.029957522915269395,False
tokyo_113897_relational_between,113897,stress_test,relational_between,graph,6,2018_1963887__event_002,0.029877369007803793,False
tokyo_113897_relational_between,113897,stress_test,relational_between,graph,7,2018_1963921__event_002,0.028371628371628373,False
tokyo_113897_relational_between,113897,stress_test,relational_between,graph,8,2018_1963911__event_003,0.02786377708978328,False
tokyo_113897_relational_between,113897,stress_test,relational_between,graph,9,2018_1963911__event_001,0.0266900790166813,False
tokyo_113897_relational_between,113897,stress_test,relational_between,graph,10,2018_1963887__event_001,0.026631393298059962,False
tokyo_113897_relational_between,113897,stress_test,relational_between,graph,11,2018_1963925__event_002,0.015151515151515152,False
tokyo_113897_relational_between,113897,stress_test,relational_between,graph,12,2018_1963902__event_001,0.014925373134328358,False
tokyo_113897_relational_between,113897,stress_test,relational_between,graph,13,2018_1963878__event_002,0.014705882352941176,False
tokyo_113897_relational_between,113897,stress_test,relational_between,graph,14,2018_1963883__event_001,0.014492753623188406,False
tokyo_113897_relational_between,113897,stress_test,relational_between,graph,15,2018_1963910__event_001,0.014285714285714285,False
tokyo_113897_relational_between,113897,stress_test,relational_between,graph,16,2018_1963915__event_001,0.013888888888888888,False
tokyo_113897_relational_between,113897,stress_test,relational_between,graph,17,2018_1963924__event_002,0.0136986301369863,False
tokyo_113897_relational_between,113897,stress_test,relational_between,graph,18,2018_1963895__event_002,0.013513513513513514,False
tokyo_113897_relational_between,113897,stress_test,relational_between,graph,19,2018_1963904__event_001,0.013333333333333334,False
tokyo_113897_relational_between,113897,stress_test,relational_between,graph,20,2018_1963915__event_002,0.01282051282051282,False
tokyo_113897_relational_between,113897,stress_test,relational_between,graph,21,2018_1963902__event_002,0.012658227848101266,False
tokyo_113897_relational_between,113897,stress_test,relational_between,graph,22,2018_1963925__event_001,0.0125,False
tokyo_113897_relational_between,113897,stress_test,relational_between,graph,23,2018_1963895__event_001,0.012195121951219513,False
tokyo_113897_relational_between,113897,stress_test,relational_between,graph,24,2018_1963878__event_001,0.012048192771084338,False
tokyo_113897_relational_between,113897,stress_test,relational_between,graph,25,2018_1963910__event_002,0.011904761904761904,False
tokyo_113897_relational_between,113897,stress_test,relational_between,graph,26,2018_1963922__event_002,0.011627906976744186,False
tokyo_113897_relational_between,113897,stress_test,relational_between,graph,27,2018_1963883__event_002,0.011494252873563218,False
tokyo_113897_relational_between,113897,stress_test,relational_between,graph,28,2018_1963882__event_002,0.011363636363636364,False
tokyo_113897_relational_between,113897,stress_test,relational_between,graph,29,2018_1963884__event_003,0.011235955056179775,False
tokyo_113897_relational_between,113897,stress_test,relational_between,graph,30,2018_1963904__event_002,0.011111111111111112,False
tokyo_113897_relational_between,113897,stress_test,relational_between,graph,31,2018_1963924__event_001,0.01098901098901099,False
tokyo_113897_relational_between,113897,stress_test,relational_between,graph,32,2018_1963884__event_002,0.010869565217391304,False
tokyo_113897_relational_between,113897,stress_test,relational_between,graph,33,2018_1963922__event_001,0.010752688172043012,False
tokyo_113897_relational_between,113897,stress_test,relational_between,graph,34,2018_1963882__event_001,0.010638297872340425,False
tokyo_113897_relational_between,113897,stress_test,relational_between,graph,35,2018_1963899__event_001,0.010526315789473684,False
tokyo_113897_relational_between,113897,stress_test,relational_between,graph,36,2018_1963899__event_002,0.010416666666666666,False
tokyo_113897_relational_between,113897,stress_test,relational_between,graph,37,2018_1963884__event_001,0.010309278350515464,False
tokyo_113897_relational_between,113897,stress_test,relational_between,graph,38,2018_1963919__event_001,0.01020408163265306,False
tokyo_113897_relational_between,113897,stress_test,relational_between,graph,39,2018_1963919__event_002,0.010101010101010102,False
tokyo_115855_relational_between,115855,stress_test,relational_between,graph,1,2018_1984790__event_002,0.03278688524590164,False
tokyo_115855_relational_between,115855,stress_test,relational_between,graph,2,2018_1984790__event_003,0.03200204813108039,False
tokyo_115855_relational_between,115855,stress_test,relational_between,graph,3,2018_1984806__event_001,0.03125763125763126,False
tokyo_115855_relational_between,115855,stress_test,relational_between,graph,4,2018_1984790__event_004,0.03125,False
tokyo_115855_relational_between,115855,stress_test,relational_between,graph,5,2018_1984790__event_001,0.0304147465437788,False
tokyo_115855_relational_between,115855,stress_test,relational_between,graph,6,2018_1984807__event_001,0.030309988518943745,False
tokyo_115855_relational_between,115855,stress_test,relational_between,graph,7,2018_1984806__event_002,0.029857397504456328,False
tokyo_115855_relational_between,115855,stress_test,relational_between,graph,8,2018_1984807__event_002,0.029631255487269532,False
tokyo_115855_relational_between,115855,stress_test,relational_between,graph,9,2018_1984791__event_001,0.015151515151515152,False
tokyo_115855_relational_between,115855,stress_test,relational_between,graph,10,2018_1984791__event_002,0.014492753623188406,False
tokyo_115855_relational_between,115855,stress_test,relational_between,graph,11,2018_1984798__event_002,0.014084507042253521,False
tokyo_115855_relational_between,115855,stress_test,relational_between,graph,12,2018_1984785__event_002,0.013888888888888888,False
tokyo_115855_relational_between,115855,stress_test,relational_between,graph,13,2018_1984800__event_002,0.0136986301369863,False
tokyo_115855_relational_between,115855,stress_test,relational_between,graph,14,2018_1984798__event_001,0.013513513513513514,False
tokyo_115855_relational_between,115855,stress_test,relational_between,graph,15,2018_1984792__event_002,0.013333333333333334,False
tokyo_115855_relational_between,115855,stress_test,relational_between,graph,16,2018_1984785__event_001,0.013157894736842105,False
tokyo_115855_relational_between,115855,stress_test,relational_between,graph,17,2018_1984800__event_001,0.012987012987012988,False
tokyo_115855_relational_between,115855,stress_test,relational_between,graph,18,2018_1984781__event_001,0.01282051282051282,False
tokyo_115855_relational_between,115855,stress_test,relational_between,graph,19,2018_1984781__event_002,0.012658227848101266,False
tokyo_115855_relational_between,115855,stress_test,relational_between,graph,20,2018_1984792__event_001,0.0125,False
tokyo_115855_relational_between,115855,stress_test,relational_between,graph,21,2018_1984793__event_002,0.012345679012345678,False
tokyo_115855_relational_between,115855,stress_test,relational_between,graph,22,2018_1984793__event_001,0.012195121951219513,False
tokyo_1172_relational_between,1172,stress_test,relational_between,graph,1,2018_23932__event_002,0.03278688524590164,True
tokyo_1172_relational_between,1172,stress_test,relational_between,graph,2,2018_23921__event_002,0.031754032258064516,True
tokyo_1172_relational_between,1172,stress_test,relational_between,graph,3,2018_23921__event_001,0.03125763125763126,True
tokyo_1172_relational_between,1172,stress_test,relational_between,graph,4,2018_23932__event_003,0.030798389007344232,True
tokyo_1172_relational_between,1172,stress_test,relational_between,graph,5,2018_23945__event_001,0.030776515151515152,True
tokyo_1172_relational_between,1172,stress_test,relational_between,graph,6,2018_23932__event_001,0.030621785881252923,True
tokyo_1172_relational_between,1172,stress_test,relational_between,graph,7,2018_23945__event_002,0.030309988518943745,True
tokyo_1172_relational_between,1172,stress_test,relational_between,graph,8,2018_23888__event_002,0.015151515151515152,True
tokyo_1172_relational_between,1172,stress_test,relational_between,graph,9,2018_23888__event_001,0.014705882352941176,True
tokyo_1172_relational_between,1172,stress_test,relational_between,graph,10,2018_23905__event_002,0.014285714285714285,True
tokyo_1172_relational_between,1172,stress_test,relational_between,graph,11,2018_23911__event_002,0.014084507042253521,True
tokyo_1172_relational_between,1172,stress_test,relational_between,graph,12,2018_23876__event_001,0.013888888888888888,True
tokyo_1172_relational_between,1172,stress_test,relational_between,graph,13,2018_23883__event_001,0.0136986301369863,True
tokyo_1172_relational_between,1172,stress_test,relational_between,graph,14,2018_23979__event_003,0.013513513513513514,True
tokyo_1172_relational_between,1172,stress_test,relational_between,graph,15,2018_23979__event_001,0.013333333333333334,True
tokyo_1172_relational_between,1172,stress_test,relational_between,graph,16,2018_23885__event_003,0.013157894736842105,True
tokyo_1172_relational_between,1172,stress_test,relational_between,graph,17,2018_23885__event_001,0.012987012987012988,True
tokyo_1172_relational_between,1172,stress_test,relational_between,graph,18,2018_23837__event_001,0.01282051282051282,True
tokyo_1172_relational_between,1172,stress_test,relational_between,graph,19,2018_23860__event_001,0.012658227848101266,True
tokyo_1172_relational_between,1172,stress_test,relational_between,graph,20,2018_23884__event_001,0.0125,True
tokyo_1172_relational_between,1172,stress_test,relational_between,graph,21,2018_23868__event_001,0.012345679012345678,True
tokyo_1172_relational_between,1172,stress_test,relational_between,graph,22,2018_23876__event_004,0.012195121951219513,True
tokyo_1172_relational_between,1172,stress_test,relational_between,graph,23,2018_23968__event_001,0.012048192771084338,True
tokyo_1172_relational_between,1172,stress_test,relational_between,graph,24,2018_23884__event_002,0.011904761904761904,True
tokyo_1172_relational_between,1172,stress_test,relational_between,graph,25,2018_23885__event_002,0.011764705882352941,True
tokyo_1172_relational_between,1172,stress_test,relational_between,graph,26,2018_23965__event_001,0.011627906976744186,True
tokyo_1172_relational_between,1172,stress_test,relational_between,graph,27,2018_23947__event_002,0.011494252873563218,True
tokyo_1172_relational_between,1172,stress_test,relational_between,graph,28,2018_23979__event_002,0.011363636363636364,True
tokyo_1172_relational_between,1172,stress_test,relational_between,graph,29,2018_23868__event_002,0.011235955056179775,True
tokyo_1172_relational_between,1172,stress_test,relational_between,graph,30,2018_23888__event_003,0.011111111111111112,True
tokyo_1172_relational_between,1172,stress_test,relational_between,graph,31,2018_23911__event_001,0.01098901098901099,True
tokyo_1172_relational_between,1172,stress_test,relational_between,graph,32,2018_23947__event_001,0.010869565217391304,True
tokyo_1172_relational_between,1172,stress_test,relational_between,graph,33,2018_23876__event_002,0.010752688172043012,True
tokyo_1172_relational_between,1172,stress_test,relational_between,graph,34,2018_23905__event_001,0.010638297872340425,True
tokyo_1172_relational_between,1172,stress_test,relational_between,graph,35,2018_23883__event_002,0.010526315789473684,True
tokyo_1172_relational_between,1172,stress_test,relational_between,graph,36,2018_23860__event_002,0.010416666666666666,True
tokyo_1172_relational_between,1172,stress_test,relational_between,graph,37,2018_23876__event_003,0.010309278350515464,True
tokyo_1172_relational_between,1172,stress_test,relational_between,graph,38,2018_23837__event_002,0.01020408163265306,True
tokyo_1172_relational_between,1172,stress_test,relational_between,graph,39,2018_23965__event_002,0.010101010101010102,True
tokyo_1172_relational_between,1172,stress_test,relational_between,graph,40,2018_23968__event_002,0.01,True
tokyo_1172_relational_between,1172,stress_test,relational_between,graph,41,2018_23868__event_003,0.009900990099009901,True
tokyo_1172_relational_between,1172,stress_test,relational_between,graph,42,2018_23870__event_001,0.00980392156862745,True
tokyo_1172_relational_between,1172,stress_test,relational_between,graph,43,2018_23870__event_002,0.009708737864077669,True
tokyo_1172_relational_between,1172,stress_test,relational_between,graph,44,2018_23929__event_003,0.009615384615384616,True
tokyo_1172_relational_between,1172,stress_test,relational_between,graph,45,2018_23894__event_001,0.009523809523809525,True
tokyo_1172_relational_between,1172,stress_test,relational_between,graph,46,2018_23879__event_001,0.009433962264150943,True
tokyo_1172_relational_between,1172,stress_test,relational_between,graph,47,2018_23917__event_001,0.009345794392523364,True
tokyo_1172_relational_between,1172,stress_test,relational_between,graph,48,2018_23942__event_002,0.009259259259259259,True
tokyo_1172_relational_between,1172,stress_test,relational_between,graph,49,2018_23863__event_001,0.009174311926605505,True
tokyo_1172_relational_between,1172,stress_test,relational_between,graph,50,2018_23942__event_001,0.00909090909090909,True
tokyo_1172_relational_between,1172,stress_test,relational_between,graph,51,2018_23832__event_001,0.009009009009009009,True
tokyo_1172_relational_between,1172,stress_test,relational_between,graph,52,2018_23935__event_002,0.008928571428571428,True
tokyo_1172_relational_between,1172,stress_test,relational_between,graph,53,2018_23917__event_002,0.008849557522123894,True
tokyo_1172_relational_between,1172,stress_test,relational_between,graph,54,2018_23923__event_002,0.008771929824561403,True
tokyo_1172_relational_between,1172,stress_test,relational_between,graph,55,2018_23894__event_002,0.008695652173913044,True
tokyo_1172_relational_between,1172,stress_test,relational_between,graph,56,2018_23928__event_002,0.008620689655172414,True
tokyo_1172_relational_between,1172,stress_test,relational_between,graph,57,2018_23879__event_002,0.008547008547008548,True
tokyo_1172_relational_between,1172,stress_test,relational_between,graph,58,2018_23935__event_003,0.00847457627118644,True
tokyo_1172_relational_between,1172,stress_test,relational_between,graph,59,2018_23915__event_001,0.008403361344537815,True
tokyo_1172_relational_between,1172,stress_test,relational_between,graph,60,2018_23883__event_003,0.008333333333333333,True
tokyo_1172_relational_between,1172,stress_test,relational_between,graph,61,2018_23942__event_003,0.008264462809917356,True
tokyo_1172_relational_between,1172,stress_test,relational_between,graph,62,2018_23923__event_001,0.00819672131147541,True
tokyo_1172_relational_between,1172,stress_test,relational_between,graph,63,2018_23928__event_001,0.008130081300813009,True
tokyo_1172_relational_between,1172,stress_test,relational_between,graph,64,2018_23929__event_004,0.008064516129032258,True
tokyo_1172_relational_between,1172,stress_test,relational_between,graph,65,2018_23929__event_002,0.008,True
tokyo_1172_relational_between,1172,stress_test,relational_between,graph,66,2018_23879__event_003,0.007936507936507936,True
tokyo_1172_relational_between,1172,stress_test,relational_between,graph,67,2018_23929__event_001,0.007874015748031496,True
tokyo_1172_relational_between,1172,stress_test,relational_between,graph,68,2018_23935__event_001,0.0078125,True
tokyo_1172_relational_between,1172,stress_test,relational_between,graph,69,2018_23931__event_001,0.007751937984496124,True
tokyo_1172_relational_between,1172,stress_test,relational_between,graph,70,2018_23915__event_002,0.007692307692307693,True
tokyo_1172_relational_between,1172,stress_test,relational_between,graph,71,2018_23832__event_002,0.007633587786259542,True
tokyo_1172_relational_between,1172,stress_test,relational_between,graph,72,2018_23863__event_002,0.007575757575757576,True
tokyo_1172_relational_between,1172,stress_test,relational_between,graph,73,2018_23931__event_002,0.007518796992481203,True
tokyo_119597_relational_between,119597,stress_test,relational_between,graph,1,2018_2023481__event_003,0.03278688524590164,False
tokyo_119597_relational_between,119597,stress_test,relational_between,graph,2,2018_2023481__event_004,0.03200204813108039,False
tokyo_119597_relational_between,119597,stress_test,relational_between,graph,3,2018_2023466__event_003,0.03149801587301587,False
tokyo_119597_relational_between,119597,stress_test,relational_between,graph,4,2018_2023481__event_002,0.03128054740957967,False
tokyo_119597_relational_between,119597,stress_test,relational_between,graph,5,2018_2023469__event_002,0.030776515151515152,False
tokyo_119597_relational_between,119597,stress_test,relational_between,graph,6,2018_2023500__event_002,0.030090497737556562,False
tokyo_119597_relational_between,119597,stress_test,relational_between,graph,7,2018_2023469__event_001,0.029631255487269532,False
tokyo_119597_relational_between,119597,stress_test,relational_between,graph,8,2018_2023500__event_001,0.029418126757516764,False
tokyo_119597_relational_between,119597,stress_test,relational_between,graph,9,2018_2023466__event_002,0.029083245521601686,False
tokyo_119597_relational_between,119597,stress_test,relational_between,graph,10,2018_2023466__event_001,0.014492753623188406,False
tokyo_119597_relational_between,119597,stress_test,relational_between,graph,11,2018_2023481__event_001,0.014285714285714285,False
tokyo_119597_relational_between,119597,stress_test,relational_between,graph,12,2018_2023484__event_003,0.014084507042253521,False
tokyo_119597_relational_between,119597,stress_test,relational_between,graph,13,2018_2023503__event_001,0.013888888888888888,False
tokyo_119597_relational_between,119597,stress_test,relational_between,graph,14,2018_2023472__event_002,0.013513513513513514,False
tokyo_119597_relational_between,119597,stress_test,relational_between,graph,15,2018_2023487__event_002,0.013333333333333334,False
tokyo_119597_relational_between,119597,stress_test,relational_between,graph,16,2018_2023487__event_001,0.013157894736842105,False
tokyo_119597_relational_between,119597,stress_test,relational_between,graph,17,2018_2023474__event_001,0.012987012987012988,False
tokyo_119597_relational_between,119597,stress_test,relational_between,graph,18,2018_2023460__event_002,0.01282051282051282,False
tokyo_119597_relational_between,119597,stress_test,relational_between,graph,19,2018_2023457__event_001,0.012658227848101266,False
tokyo_119597_relational_between,119597,stress_test,relational_between,graph,20,2018_2023479__event_002,0.0125,False
tokyo_119597_relational_between,119597,stress_test,relational_between,graph,21,2018_2023495__event_002,0.012345679012345678,False
tokyo_119597_relational_between,119597,stress_test,relational_between,graph,22,2018_2023479__event_001,0.012195121951219513,False
tokyo_119597_relational_between,119597,stress_test,relational_between,graph,23,2018_2023460__event_001,0.012048192771084338,False
tokyo_119597_relational_between,119597,stress_test,relational_between,graph,24,2018_2023495__event_001,0.011904761904761904,False
tokyo_119597_relational_between,119597,stress_test,relational_between,graph,25,2018_2023484__event_002,0.011764705882352941,False
tokyo_119597_relational_between,119597,stress_test,relational_between,graph,26,2018_2023457__event_002,0.011627906976744186,False
tokyo_119597_relational_between,119597,stress_test,relational_between,graph,27,2018_2023472__event_001,0.011494252873563218,False
tokyo_119597_relational_between,119597,stress_test,relational_between,graph,28,2018_2023503__event_002,0.011363636363636364,False
tokyo_119597_relational_between,119597,stress_test,relational_between,graph,29,2018_2023491__event_001,0.011235955056179775,False
tokyo_119597_relational_between,119597,stress_test,relational_between,graph,30,2018_2023484__event_005,0.011111111111111112,False
tokyo_119597_relational_between,119597,stress_test,relational_between,graph,31,2018_2023484__event_004,0.01098901098901099,False
tokyo_119597_relational_between,119597,stress_test,relational_between,graph,32,2018_2023474__event_002,0.010869565217391304,False
tokyo_119597_relational_between,119597,stress_test,relational_between,graph,33,2018_2023484__event_001,0.010752688172043012,False
tokyo_119597_relational_between,119597,stress_test,relational_between,graph,34,2018_2023460__event_003,0.010638297872340425,False
tokyo_119597_relational_between,119597,stress_test,relational_between,graph,35,2018_2023491__event_002,0.010526315789473684,False
tokyo_119597_relational_between,119597,stress_test,relational_between,graph,36,2018_2023473__event_001,0.010416666666666666,False
tokyo_119597_relational_between,119597,stress_test,relational_between,graph,37,2018_2023473__event_002,0.010309278350515464,False
tokyo_121554_relational_between,121554,stress_test,relational_between,graph,1,2018_2047606__event_003,0.03278688524590164,False
tokyo_121554_relational_between,121554,stress_test,relational_between,graph,2,2018_2047606__event_002,0.03225806451612903,False
tokyo_121554_relational_between,121554,stress_test,relational_between,graph,3,2018_2047606__event_004,0.031746031746031744,False
tokyo_121554_relational_between,121554,stress_test,relational_between,graph,4,2018_2047626__event_001,0.030776515151515152,False
tokyo_121554_relational_between,121554,stress_test,relational_between,graph,5,2018_2047619__event_001,0.030090497737556562,False
tokyo_121554_relational_between,121554,stress_test,relational_between,graph,6,2018_2047606__event_005,0.029877369007803793,False
tokyo_121554_relational_between,121554,stress_test,relational_between,graph,7,2018_2047626__event_002,0.028438886647841874,False
tokyo_121554_relational_between,121554,stress_test,relational_between,graph,8,2018_2047606__event_001,0.02797067901234568,False
tokyo_121554_relational_between,121554,stress_test,relational_between,graph,9,2018_2047619__event_002,0.026992753623188405,False
tokyo_121554_relational_between,121554,stress_test,relational_between,graph,10,2018_2047600__event_001,0.015151515151515152,False
tokyo_121554_relational_between,121554,stress_test,relational_between,graph,11,2018_2047612__event_001,0.014925373134328358,False
tokyo_121554_relational_between,121554,stress_test,relational_between,graph,12,2018_2047604__event_001,0.014705882352941176,False
tokyo_121554_relational_between,121554,stress_test,relational_between,graph,13,2018_2047607__event_001,0.014285714285714285,False
tokyo_121554_relational_between,121554,stress_test,relational_between,graph,14,2018_2047610__event_002,0.014084507042253521,False
tokyo_121554_relational_between,121554,stress_test,relational_between,graph,15,2018_2047609__event_003,0.013888888888888888,False
tokyo_121554_relational_between,121554,stress_test,relational_between,graph,16,2018_2047609__event_001,0.0136986301369863,False
tokyo_121554_relational_between,121554,stress_test,relational_between,graph,17,2018_2047600__event_002,0.013333333333333334,False
tokyo_121554_relational_between,121554,stress_test,relational_between,graph,18,2018_2047612__event_002,0.013157894736842105,False
tokyo_121554_relational_between,121554,stress_test,relational_between,graph,19,2018_2047604__event_002,0.012987012987012988,False
tokyo_121554_relational_between,121554,stress_test,relational_between,graph,20,2018_2047607__event_002,0.01282051282051282,False
tokyo_121554_relational_between,121554,stress_test,relational_between,graph,21,2018_2047609__event_002,0.012658227848101266,False
tokyo_121554_relational_between,121554,stress_test,relational_between,graph,22,2018_2047610__event_001,0.012195121951219513,False
tokyo_121554_relational_between,121554,stress_test,relational_between,graph,23,2018_2047613__event_002,0.012048192771084338,False
tokyo_121554_relational_between,121554,stress_test,relational_between,graph,24,2018_2047618__event_002,0.011904761904761904,False
tokyo_121554_relational_between,121554,stress_test,relational_between,graph,25,2018_2047595__event_002,0.011764705882352941,False
tokyo_121554_relational_between,121554,stress_test,relational_between,graph,26,2018_2047618__event_001,0.011627906976744186,False
tokyo_121554_relational_between,121554,stress_test,relational_between,graph,27,2018_2047617__event_001,0.011494252873563218,False
tokyo_121554_relational_between,121554,stress_test,relational_between,graph,28,2018_2047595__event_001,0.011363636363636364,False
tokyo_121554_relational_between,121554,stress_test,relational_between,graph,29,2018_2047617__event_002,0.011235955056179775,False
tokyo_121554_relational_between,121554,stress_test,relational_between,graph,30,2018_2047613__event_003,0.011111111111111112,False
tokyo_121554_relational_between,121554,stress_test,relational_between,graph,31,2018_2047613__event_001,0.01098901098901099,False
tokyo_126183_relational_between,126183,stress_test,relational_between,graph,1,2018_2118381__event_002,0.03278688524590164,True
tokyo_126183_relational_between,126183,stress_test,relational_between,graph,2,2018_2118353__event_002,0.03200204813108039,True
tokyo_126183_relational_between,126183,stress_test,relational_between,graph,3,2018_2118378__event_003,0.03125763125763126,True
tokyo_126183_relational_between,126183,stress_test,relational_between,graph,4,2018_2118381__event_001,0.031054405392392875,True
tokyo_126183_relational_between,126183,stress_test,relational_between,graph,5,2018_2118353__event_001,0.030776515151515152,True
tokyo_126183_relational_between,126183,stress_test,relational_between,graph,6,2018_2118404__event_002,0.03055037313432836,True
tokyo_126183_relational_between,126183,stress_test,relational_between,graph,7,2018_2118354__event_002,0.029877369007803793,True
tokyo_126183_relational_between,126183,stress_test,relational_between,graph,8,2018_2118404__event_001,0.029411764705882353,True
tokyo_126183_relational_between,126183,stress_test,relational_between,graph,9,2018_2118378__event_002,0.028850145288501453,True
tokyo_126183_relational_between,126183,stress_test,relational_between,graph,10,2018_2118354__event_001,0.028370221327967807,True
tokyo_126183_relational_between,126183,stress_test,relational_between,graph,11,2018_2118387__event_003,0.014492753623188406,True
tokyo_126183_relational_between,126183,stress_test,relational_between,graph,12,2018_2118405__event_002,0.014285714285714285,True
tokyo_126183_relational_between,126183,stress_test,relational_between,graph,13,2018_2118385__event_004,0.013888888888888888,True
tokyo_126183_relational_between,126183,stress_test,relational_between,graph,14,2018_2118390__event_003,0.013513513513513514,True
tokyo_126183_relational_between,126183,stress_test,relational_between,graph,15,2018_2118390__event_002,0.013333333333333334,True
tokyo_126183_relational_between,126183,stress_test,relational_between,graph,16,2018_2118384__event_003,0.013157894736842105,True
tokyo_126183_relational_between,126183,stress_test,relational_between,graph,17,2018_2118387__event_002,0.012987012987012988,True
tokyo_126183_relational_between,126183,stress_test,relational_between,graph,18,2018_2118384__event_002,0.01282051282051282,True
tokyo_126183_relational_between,126183,stress_test,relational_between,graph,19,2018_2118405__event_001,0.012658227848101266,True
tokyo_126183_relational_between,126183,stress_test,relational_between,graph,20,2018_2118357__event_002,0.0125,True
tokyo_126183_relational_between,126183,stress_test,relational_between,graph,21,2018_2118347__event_002,0.012345679012345678,True
tokyo_126183_relational_between,126183,stress_test,relational_between,graph,22,2018_2118385__event_003,0.012195121951219513,True
tokyo_126183_relational_between,126183,stress_test,relational_between,graph,23,2018_2118376__event_003,0.012048192771084338,True
tokyo_126183_relational_between,126183,stress_test,relational_between,graph,24,2018_2118350__event_001,0.011904761904761904,True
tokyo_126183_relational_between,126183,stress_test,relational_between,graph,25,2018_2118387__event_001,0.011764705882352941,True
tokyo_126183_relational_between,126183,stress_test,relational_between,graph,26,2018_2118350__event_002,0.011627906976744186,True
tokyo_126183_relational_between,126183,stress_test,relational_between,graph,27,2018_2118347__event_001,0.011494252873563218,True
tokyo_126183_relational_between,126183,stress_test,relational_between,graph,28,2018_2118392__event_003,0.011363636363636364,True
tokyo_126183_relational_between,126183,stress_test,relational_between,graph,29,2018_2118390__event_001,0.011235955056179775,True
tokyo_126183_relational_between,126183,stress_test,relational_between,graph,30,2018_2118375__event_001,0.011111111111111112,True
tokyo_126183_relational_between,126183,stress_test,relational_between,graph,31,2018_2118375__event_002,0.01098901098901099,True
tokyo_126183_relational_between,126183,stress_test,relational_between,graph,32,2018_2118392__event_002,0.010869565217391304,True
tokyo_126183_relational_between,126183,stress_test,relational_between,graph,33,2018_2118382__event_001,0.010752688172043012,True
tokyo_126183_relational_between,126183,stress_test,relational_between,graph,34,2018_2118389__event_001,0.010638297872340425,True
tokyo_126183_relational_between,126183,stress_test,relational_between,graph,35,2018_2118364__event_001,0.010526315789473684,True
tokyo_126183_relational_between,126183,stress_test,relational_between,graph,36,2018_2118384__event_001,0.010416666666666666,True
tokyo_126183_relational_between,126183,stress_test,relational_between,graph,37,2018_2118364__event_002,0.010309278350515464,True
tokyo_126183_relational_between,126183,stress_test,relational_between,graph,38,2018_2118374__event_002,0.01020408163265306,True
tokyo_126183_relational_between,126183,stress_test,relational_between,graph,39,2018_2118382__event_002,0.010101010101010102,True
tokyo_126183_relational_between,126183,stress_test,relational_between,graph,40,2018_2118392__event_001,0.01,True
tokyo_126183_relational_between,126183,stress_test,relational_between,graph,41,2018_2118376__event_001,0.009900990099009901,True
tokyo_126183_relational_between,126183,stress_test,relational_between,graph,42,2018_2118389__event_003,0.00980392156862745,True
tokyo_126183_relational_between,126183,stress_test,relational_between,graph,43,2018_2118370__event_001,0.009708737864077669,True
tokyo_126183_relational_between,126183,stress_test,relational_between,graph,44,2018_2118352__event_001,0.009615384615384616,True
tokyo_126183_relational_between,126183,stress_test,relational_between,graph,45,2018_2118357__event_001,0.009523809523809525,True
tokyo_126183_relational_between,126183,stress_test,relational_between,graph,46,2018_2118377__event_002,0.009433962264150943,True
tokyo_126183_relational_between,126183,stress_test,relational_between,graph,47,2018_2118376__event_004,0.009345794392523364,True
tokyo_126183_relational_between,126183,stress_test,relational_between,graph,48,2018_2118370__event_002,0.009259259259259259,True
tokyo_126183_relational_between,126183,stress_test,relational_between,graph,49,2018_2118377__event_003,0.009174311926605505,True
tokyo_126183_relational_between,126183,stress_test,relational_between,graph,50,2018_2118382__event_003,0.00909090909090909,True
tokyo_126183_relational_between,126183,stress_test,relational_between,graph,51,2018_2118389__event_002,0.009009009009009009,True
tokyo_126183_relational_between,126183,stress_test,relational_between,graph,52,2018_2118377__event_001,0.008928571428571428,True
tokyo_126183_relational_between,126183,stress_test,relational_between,graph,53,2018_2118378__event_001,0.008849557522123894,True
tokyo_126183_relational_between,126183,stress_test,relational_between,graph,54,2018_2118349__event_001,0.008771929824561403,True
tokyo_126183_relational_between,126183,stress_test,relational_between,graph,55,2018_2118393__event_001,0.008695652173913044,True
tokyo_126183_relational_between,126183,stress_test,relational_between,graph,56,2018_2118350__event_003,0.008620689655172414,True
tokyo_126183_relational_between,126183,stress_test,relational_between,graph,57,2018_2118385__event_002,0.008547008547008548,True
tokyo_126183_relational_between,126183,stress_test,relational_between,graph,58,2018_2118376__event_002,0.00847457627118644,True
tokyo_126183_relational_between,126183,stress_test,relational_between,graph,59,2018_2118352__event_002,0.008403361344537815,True
tokyo_126183_relational_between,126183,stress_test,relational_between,graph,60,2018_2118370__event_003,0.008333333333333333,True
tokyo_126183_relational_between,126183,stress_test,relational_between,graph,61,2018_2118349__event_002,0.008264462809917356,True
tokyo_126183_relational_between,126183,stress_test,relational_between,graph,62,2018_2118407__event_002,0.00819672131147541,True
tokyo_126183_relational_between,126183,stress_test,relational_between,graph,63,2018_2118393__event_002,0.008130081300813009,True
tokyo_126183_relational_between,126183,stress_test,relational_between,graph,64,2018_2118423__event_001,0.008064516129032258,True
tokyo_126183_relational_between,126183,stress_test,relational_between,graph,65,2018_2118411__event_001,0.008,True
tokyo_126183_relational_between,126183,stress_test,relational_between,graph,66,2018_2118423__event_002,0.007936507936507936,True
tokyo_126183_relational_between,126183,stress_test,relational_between,graph,67,2018_2118407__event_001,0.007874015748031496,True
tokyo_126183_relational_between,126183,stress_test,relational_between,graph,68,2018_2118374__event_001,0.0078125,True
tokyo_126183_relational_between,126183,stress_test,relational_between,graph,69,2018_2118385__event_001,0.007751937984496124,True
tokyo_126183_relational_between,126183,stress_test,relational_between,graph,70,2018_2118411__event_002,0.007692307692307693,True
tokyo_126183_relational_between,126183,stress_test,relational_between,graph,71,2018_2118407__event_003,0.007633587786259542,True
tokyo_127201_relational_between,127201,stress_test,relational_between,graph,1,2018_2134912__event_002,0.03278688524590164,False
tokyo_127201_relational_between,127201,stress_test,relational_between,graph,2,2018_2134912__event_001,0.03200204813108039,False
tokyo_127201_relational_between,127201,stress_test,relational_between,graph,3,2018_2134912__event_003,0.03200204813108039,False
tokyo_127201_relational_between,127201,stress_test,relational_between,graph,4,2018_2134938__event_005,0.03125,False
tokyo_127201_relational_between,127201,stress_test,relational_between,graph,5,2018_2134938__event_004,0.03076923076923077,False
tokyo_127201_relational_between,127201,stress_test,relational_between,graph,6,2018_2134938__event_003,0.029850746268656716,False
tokyo_127201_relational_between,127201,stress_test,relational_between,graph,7,2018_2134938__event_006,0.029236022193768675,False
tokyo_127201_relational_between,127201,stress_test,relational_between,graph,8,2018_2134919__event_001,0.015151515151515152,False
tokyo_127201_relational_between,127201,stress_test,relational_between,graph,9,2018_2134922__event_001,0.014705882352941176,False
tokyo_127201_relational_between,127201,stress_test,relational_between,graph,10,2018_2134938__event_002,0.014492753623188406,False
tokyo_127201_relational_between,127201,stress_test,relational_between,graph,11,2018_2134922__event_002,0.014285714285714285,False
tokyo_127201_relational_between,127201,stress_test,relational_between,graph,12,2018_2134921__event_002,0.013888888888888888,False
tokyo_127201_relational_between,127201,stress_test,relational_between,graph,13,2018_2134919__event_002,0.0136986301369863,False
tokyo_127201_relational_between,127201,stress_test,relational_between,graph,14,2018_2134939__event_003,0.013513513513513514,False
tokyo_127201_relational_between,127201,stress_test,relational_between,graph,15,2018_2134921__event_001,0.013333333333333334,False
tokyo_127201_relational_between,127201,stress_test,relational_between,graph,16,2018_2134927__event_001,0.013157894736842105,False
tokyo_127201_relational_between,127201,stress_test,relational_between,graph,17,2018_2134923__event_001,0.012987012987012988,False
tokyo_127201_relational_between,127201,stress_test,relational_between,graph,18,2018_2134926__event_001,0.01282051282051282,False
tokyo_127201_relational_between,127201,stress_test,relational_between,graph,19,2018_2134917__event_002,0.012658227848101266,False
tokyo_127201_relational_between,127201,stress_test,relational_between,graph,20,2018_2134931__event_001,0.0125,False
tokyo_127201_relational_between,127201,stress_test,relational_between,graph,21,2018_2134939__event_001,0.012345679012345678,False
tokyo_127201_relational_between,127201,stress_test,relational_between,graph,22,2018_2134916__event_002,0.012195121951219513,False
tokyo_127201_relational_between,127201,stress_test,relational_between,graph,23,2018_2134931__event_002,0.012048192771084338,False
tokyo_127201_relational_between,127201,stress_test,relational_between,graph,24,2018_2134916__event_001,0.011904761904761904,False
tokyo_127201_relational_between,127201,stress_test,relational_between,graph,25,2018_2134933__event_001,0.011764705882352941,False
tokyo_127201_relational_between,127201,stress_test,relational_between,graph,26,2018_2134914__event_002,0.011627906976744186,False
tokyo_127201_relational_between,127201,stress_test,relational_between,graph,27,2018_2134914__event_001,0.011494252873563218,False
tokyo_127201_relational_between,127201,stress_test,relational_between,graph,28,2018_2134939__event_002,0.011363636363636364,False
tokyo_127201_relational_between,127201,stress_test,relational_between,graph,29,2018_2134926__event_002,0.011235955056179775,False
tokyo_127201_relational_between,127201,stress_test,relational_between,graph,30,2018_2134924__event_001,0.011111111111111112,False
tokyo_127201_relational_between,127201,stress_test,relational_between,graph,31,2018_2134933__event_002,0.01098901098901099,False
tokyo_127201_relational_between,127201,stress_test,relational_between,graph,32,2018_2134924__event_002,0.010869565217391304,False
tokyo_127201_relational_between,127201,stress_test,relational_between,graph,33,2018_2134934__event_002,0.010752688172043012,False
tokyo_127201_relational_between,127201,stress_test,relational_between,graph,34,2018_2134923__event_002,0.010638297872340425,False
tokyo_127201_relational_between,127201,stress_test,relational_between,graph,35,2018_2134927__event_002,0.010526315789473684,False
tokyo_127201_relational_between,127201,stress_test,relational_between,graph,36,2018_2134938__event_001,0.010416666666666666,False
tokyo_127201_relational_between,127201,stress_test,relational_between,graph,37,2018_2134934__event_001,0.010309278350515464,False
tokyo_127201_relational_between,127201,stress_test,relational_between,graph,38,2018_2134917__event_001,0.01020408163265306,False
tokyo_130084_relational_between,130084,stress_test,relational_between,graph,1,2018_2179325__event_003,0.03278688524590164,True
tokyo_130084_relational_between,130084,stress_test,relational_between,graph,2,2018_2179311__event_002,0.03200204813108039,True
tokyo_130084_relational_between,130084,stress_test,relational_between,graph,3,2018_2179303__event_002,0.03125763125763126,True
tokyo_130084_relational_between,130084,stress_test,relational_between,graph,4,2018_2179321__event_002,0.03055037313432836,True
tokyo_130084_relational_between,130084,stress_test,relational_between,graph,5,2018_2179311__event_001,0.029910714285714284,True
tokyo_130084_relational_between,130084,stress_test,relational_between,graph,6,2018_2179334__event_002,0.029877369007803793,True
tokyo_130084_relational_between,130084,stress_test,relational_between,graph,7,2018_2179303__event_001,0.02964426877470356,True
tokyo_130084_relational_between,130084,stress_test,relational_between,graph,8,2018_2179321__event_001,0.029411764705882353,True
tokyo_130084_relational_between,130084,stress_test,relational_between,graph,9,2018_2179334__event_001,0.028370221327967807,True
tokyo_130084_relational_between,130084,stress_test,relational_between,graph,10,2018_2179325__event_002,0.02623004235907462,True
tokyo_130084_relational_between,130084,stress_test,relational_between,graph,11,2018_2179341__event_003,0.015151515151515152,True
tokyo_130084_relational_between,130084,stress_test,relational_between,graph,12,2018_2179306__event_002,0.014925373134328358,True
tokyo_130084_relational_between,130084,stress_test,relational_between,graph,13,2018_2179306__event_001,0.013888888888888888,True
tokyo_130084_relational_between,130084,stress_test,relational_between,graph,14,2018_2179314__event_002,0.0136986301369863,True
tokyo_130084_relational_between,130084,stress_test,relational_between,graph,15,2018_2179338__event_003,0.013513513513513514,True
tokyo_130084_relational_between,130084,stress_test,relational_between,graph,16,2018_2179306__event_004,0.013333333333333334,True
tokyo_130084_relational_between,130084,stress_test,relational_between,graph,17,2018_2179293__event_002,0.013157894736842105,True
tokyo_130084_relational_between,130084,stress_test,relational_between,graph,18,2018_2179304__event_003,0.012987012987012988,True
tokyo_130084_relational_between,130084,stress_test,relational_between,graph,19,2018_2179338__event_002,0.01282051282051282,True
tokyo_130084_relational_between,130084,stress_test,relational_between,graph,20,2018_2179312__event_002,0.012658227848101266,True
tokyo_130084_relational_between,130084,stress_test,relational_between,graph,21,2018_2179305__event_002,0.0125,True
tokyo_130084_relational_between,130084,stress_test,relational_between,graph,22,2018_2179299__event_002,0.012345679012345678,True
tokyo_130084_relational_between,130084,stress_test,relational_between,graph,23,2018_2179309__event_002,0.012195121951219513,True
tokyo_130084_relational_between,130084,stress_test,relational_between,graph,24,2018_2179324__event_002,0.012048192771084338,True
tokyo_130084_relational_between,130084,stress_test,relational_between,graph,25,2018_2179342__event_002,0.011904761904761904,True
tokyo_130084_relational_between,130084,stress_test,relational_between,graph,26,2018_2179315__event_002,0.011764705882352941,True
tokyo_130084_relational_between,130084,stress_test,relational_between,graph,27,2018_2179320__event_002,0.011627906976744186,True
tokyo_130084_relational_between,130084,stress_test,relational_between,graph,28,2018_2179313__event_002,0.011494252873563218,True
tokyo_130084_relational_between,130084,stress_test,relational_between,graph,29,2018_2179316__event_002,0.011363636363636364,True
tokyo_130084_relational_between,130084,stress_test,relational_between,graph,30,2018_2179300__event_002,0.011235955056179775,True
tokyo_130084_relational_between,130084,stress_test,relational_between,graph,31,2018_2179318__event_002,0.011111111111111112,True
tokyo_130084_relational_between,130084,stress_test,relational_between,graph,32,2018_2179333__event_003,0.01098901098901099,True
tokyo_130084_relational_between,130084,stress_test,relational_between,graph,33,2018_2179335__event_002,0.010869565217391304,True
tokyo_130084_relational_between,130084,stress_test,relational_between,graph,34,2018_2179308__event_004,0.010752688172043012,True
tokyo_130084_relational_between,130084,stress_test,relational_between,graph,35,2018_2179339__event_002,0.010638297872340425,True
tokyo_130084_relational_between,130084,stress_test,relational_between,graph,36,2018_2179292__event_001,0.010526315789473684,True
tokyo_130084_relational_between,130084,stress_test,relational_between,graph,37,2018_2179302__event_001,0.010416666666666666,True
tokyo_130084_relational_between,130084,stress_test,relational_between,graph,38,2018_2179314__event_001,0.010309278350515464,True
tokyo_130084_relational_between,130084,stress_test,relational_between,graph,39,2018_2179341__event_002,0.01020408163265306,True
tokyo_130084_relational_between,130084,stress_test,relational_between,graph,40,2018_2179308__event_003,0.01,True
tokyo_130084_relational_between,130084,stress_test,relational_between,graph,41,2018_2179305__event_001,0.009900990099009901,True
tokyo_130084_relational_between,130084,stress_test,relational_between,graph,42,2018_2179304__event_002,0.00980392156862745,True
tokyo_130084_relational_between,130084,stress_test,relational_between,graph,43,2018_2179339__event_001,0.009708737864077669,True
tokyo_130084_relational_between,130084,stress_test,relational_between,graph,44,2018_2179293__event_001,0.009615384615384616,True
tokyo_130084_relational_between,130084,stress_test,relational_between,graph,45,2018_2179313__event_001,0.009523809523809525,True
tokyo_130084_relational_between,130084,stress_test,relational_between,graph,46,2018_2179309__event_001,0.009433962264150943,True
tokyo_130084_relational_between,130084,stress_test,relational_between,graph,47,2018_2179324__event_001,0.009345794392523364,True
tokyo_130084_relational_between,130084,stress_test,relational_between,graph,48,2018_2179299__event_001,0.009259259259259259,True
tokyo_130084_relational_between,130084,stress_test,relational_between,graph,49,2018_2179316__event_001,0.009174311926605505,True
tokyo_130084_relational_between,130084,stress_test,relational_between,graph,50,2018_2179320__event_001,0.00909090909090909,True
tokyo_130084_relational_between,130084,stress_test,relational_between,graph,51,2018_2179318__event_001,0.009009009009009009,True
tokyo_130084_relational_between,130084,stress_test,relational_between,graph,52,2018_2179335__event_001,0.008928571428571428,True
tokyo_130084_relational_between,130084,stress_test,relational_between,graph,53,2018_2179342__event_001,0.008849557522123894,True
tokyo_130084_relational_between,130084,stress_test,relational_between,graph,54,2018_2179306__event_003,0.008771929824561403,True
tokyo_130084_relational_between,130084,stress_test,relational_between,graph,55,2018_2179312__event_001,0.008695652173913044,True
tokyo_130084_relational_between,130084,stress_test,relational_between,graph,56,2018_2179315__event_001,0.008620689655172414,True
tokyo_130084_relational_between,130084,stress_test,relational_between,graph,57,2018_2179300__event_001,0.008547008547008548,True
tokyo_130084_relational_between,130084,stress_test,relational_between,graph,58,2018_2179333__event_002,0.00847457627118644,True
tokyo_130084_relational_between,130084,stress_test,relational_between,graph,59,2018_2179308__event_005,0.008403361344537815,True
tokyo_130084_relational_between,130084,stress_test,relational_between,graph,60,2018_2179292__event_002,0.008333333333333333,True
tokyo_130084_relational_between,130084,stress_test,relational_between,graph,61,2018_2179304__event_001,0.008264462809917356,True
tokyo_130084_relational_between,130084,stress_test,relational_between,graph,62,2018_2179302__event_002,0.00819672131147541,True
tokyo_130084_relational_between,130084,stress_test,relational_between,graph,63,2018_2179308__event_002,0.008130081300813009,True
tokyo_130084_relational_between,130084,stress_test,relational_between,graph,64,2018_2179331__event_001,0.008064516129032258,True
tokyo_130084_relational_between,130084,stress_test,relational_between,graph,65,2018_2179338__event_001,0.008,True
tokyo_130084_relational_between,130084,stress_test,relational_between,graph,66,2018_2179308__event_001,0.007936507936507936,True
tokyo_130084_relational_between,130084,stress_test,relational_between,graph,67,2018_2179341__event_001,0.007874015748031496,True
tokyo_130084_relational_between,130084,stress_test,relational_between,graph,68,2018_2179331__event_002,0.0078125,True
tokyo_130084_relational_between,130084,stress_test,relational_between,graph,69,2018_2179325__event_001,0.007751937984496124,True
tokyo_130084_relational_between,130084,stress_test,relational_between,graph,70,2018_2179326__event_001,0.007692307692307693,True
tokyo_130084_relational_between,130084,stress_test,relational_between,graph,71,2018_2179326__event_002,0.007633587786259542,True
tokyo_130084_relational_between,130084,stress_test,relational_between,graph,72,2018_2179310__event_001,0.007575757575757576,True
tokyo_130084_relational_between,130084,stress_test,relational_between,graph,73,2018_2179329__event_003,0.007518796992481203,True
tokyo_130084_relational_between,130084,stress_test,relational_between,graph,74,2018_2179323__event_002,0.007462686567164179,True
tokyo_130084_relational_between,130084,stress_test,relational_between,graph,75,2018_2179310__event_002,0.007407407407407408,True
tokyo_130084_relational_between,130084,stress_test,relational_between,graph,76,2018_2179329__event_002,0.007352941176470588,True
tokyo_130084_relational_between,130084,stress_test,relational_between,graph,77,2018_2179333__event_001,0.0072992700729927005,True
tokyo_130084_relational_between,130084,stress_test,relational_between,graph,78,2018_2179323__event_001,0.007246376811594203,True
tokyo_130084_relational_between,130084,stress_test,relational_between,graph,79,2018_2179329__event_001,0.007194244604316547,True
tokyo_130568_relational_between,130568,stress_test,relational_between,graph,1,2018_2187165__event_004,0.03278688524590164,False
tokyo_130568_relational_between,130568,stress_test,relational_between,graph,2,2018_2187165__event_003,0.03200204813108039,False
tokyo_130568_relational_between,130568,stress_test,relational_between,graph,3,2018_2187165__event_005,0.03200204813108039,False
tokyo_130568_relational_between,130568,stress_test,relational_between,graph,4,2018_2187165__event_006,0.031009615384615385,False
tokyo_130568_relational_between,130568,stress_test,relational_between,graph,5,2018_2187170__event_001,0.030776515151515152,False
tokyo_130568_relational_between,130568,stress_test,relational_between,graph,6,2018_2187165__event_002,0.029083245521601686,False
tokyo_130568_relational_between,130568,stress_test,relational_between,graph,7,2018_2187170__event_002,0.02900988017658188,False
tokyo_130568_relational_between,130568,stress_test,relational_between,graph,8,2018_2187165__event_007,0.0253441802252816,False
tokyo_130568_relational_between,130568,stress_test,relational_between,graph,9,2018_2187171__event_002,0.015151515151515152,False
tokyo_130568_relational_between,130568,stress_test,relational_between,graph,10,2018_2187171__event_001,0.014925373134328358,False
tokyo_130568_relational_between,130568,stress_test,relational_between,graph,11,2018_2187162__event_002,0.014705882352941176,False
tokyo_130568_relational_between,130568,stress_test,relational_between,graph,12,2018_2187162__event_003,0.014492753623188406,False
tokyo_130568_relational_between,130568,stress_test,relational_between,graph,13,2018_2187162__event_001,0.014285714285714285,False
tokyo_130568_relational_between,130568,stress_test,relational_between,graph,14,2018_2187168__event_002,0.013888888888888888,False
tokyo_130568_relational_between,130568,stress_test,relational_between,graph,15,2018_2187166__event_001,0.013513513513513514,False
tokyo_130568_relational_between,130568,stress_test,relational_between,graph,16,2018_2187164__event_002,0.013333333333333334,False
tokyo_130568_relational_between,130568,stress_test,relational_between,graph,17,2018_2187164__event_001,0.013157894736842105,False
tokyo_130568_relational_between,130568,stress_test,relational_between,graph,18,2018_2187168__event_001,0.012987012987012988,False
tokyo_130568_relational_between,130568,stress_test,relational_between,graph,19,2018_2187164__event_003,0.01282051282051282,False
tokyo_130568_relational_between,130568,stress_test,relational_between,graph,20,2018_2187166__event_002,0.012658227848101266,False
tokyo_130568_relational_between,130568,stress_test,relational_between,graph,21,2018_2187173__event_005,0.0125,False
tokyo_130568_relational_between,130568,stress_test,relational_between,graph,22,2018_2187171__event_003,0.012345679012345678,False
tokyo_130568_relational_between,130568,stress_test,relational_between,graph,23,2018_2187170__event_003,0.012195121951219513,False
tokyo_130568_relational_between,130568,stress_test,relational_between,graph,24,2018_2187173__event_006,0.012048192771084338,False
tokyo_130568_relational_between,130568,stress_test,relational_between,graph,25,2018_2187173__event_001,0.011904761904761904,False
tokyo_130568_relational_between,130568,stress_test,relational_between,graph,26,2018_2187163__event_002,0.011764705882352941,False
tokyo_130568_relational_between,130568,stress_test,relational_between,graph,27,2018_2187165__event_001,0.011627906976744186,False
tokyo_130568_relational_between,130568,stress_test,relational_between,graph,28,2018_2187169__event_001,0.011494252873563218,False
tokyo_130568_relational_between,130568,stress_test,relational_between,graph,29,2018_2187173__event_002,0.011363636363636364,False
tokyo_130568_relational_between,130568,stress_test,relational_between,graph,30,2018_2187163__event_001,0.011235955056179775,False
tokyo_130568_relational_between,130568,stress_test,relational_between,graph,31,2018_2187169__event_002,0.011111111111111112,False
tokyo_130568_relational_between,130568,stress_test,relational_between,graph,32,2018_2187173__event_003,0.01098901098901099,False
tokyo_130568_relational_between,130568,stress_test,relational_between,graph,33,2018_2187173__event_007,0.010869565217391304,False
tokyo_130568_relational_between,130568,stress_test,relational_between,graph,34,2018_2187173__event_004,0.010752688172043012,False
tokyo_130777_relational_between,130777,stress_test,relational_between,graph,1,2018_2190768__event_004,0.03278688524590164,False
tokyo_130777_relational_between,130777,stress_test,relational_between,graph,2,2018_2190768__event_003,0.03225806451612903,False
tokyo_130777_relational_between,130777,stress_test,relational_between,graph,3,2018_2190768__event_005,0.031746031746031744,False
tokyo_130777_relational_between,130777,stress_test,relational_between,graph,4,2018_2190688__event_003,0.031009615384615385,False
tokyo_130777_relational_between,130777,stress_test,relational_between,graph,5,2018_2190768__event_002,0.030776515151515152,False
tokyo_130777_relational_between,130777,stress_test,relational_between,graph,6,2018_2190688__event_002,0.030536130536130537,False
tokyo_130777_relational_between,130777,stress_test,relational_between,graph,7,2018_2190688__event_001,0.029631255487269532,False
tokyo_130777_relational_between,130777,stress_test,relational_between,graph,8,2018_2190702__event_001,0.014925373134328358,False
tokyo_130777_relational_between,130777,stress_test,relational_between,graph,9,2018_2190702__event_002,0.014492753623188406,False
tokyo_130777_relational_between,130777,stress_test,relational_between,graph,10,2018_2190753__event_001,0.014285714285714285,False
tokyo_130777_relational_between,130777,stress_test,relational_between,graph,11,2018_2190728__event_001,0.014084507042253521,False
tokyo_130777_relational_between,130777,stress_test,relational_between,graph,12,2018_2190696__event_003,0.013888888888888888,False
tokyo_130777_relational_between,130777,stress_test,relational_between,graph,13,2018_2190727__event_001,0.0136986301369863,False
tokyo_130777_relational_between,130777,stress_test,relational_between,graph,14,2018_2190703__event_003,0.013513513513513514,False
tokyo_130777_relational_between,130777,stress_test,relational_between,graph,15,2018_2190753__event_002,0.013333333333333334,False
tokyo_130777_relational_between,130777,stress_test,relational_between,graph,16,2018_2190763__event_001,0.013157894736842105,False
tokyo_130777_relational_between,130777,stress_test,relational_between,graph,17,2018_2190696__event_002,0.012987012987012988,False
tokyo_130777_relational_between,130777,stress_test,relational_between,graph,18,2018_2190713__event_001,0.01282051282051282,False
tokyo_130777_relational_between,130777,stress_test,relational_between,graph,19,2018_2190703__event_001,0.012658227848101266,False
tokyo_130777_relational_between,130777,stress_test,relational_between,graph,20,2018_2190696__event_001,0.0125,False
tokyo_130777_relational_between,130777,stress_test,relational_between,graph,21,2018_2190727__event_002,0.012345679012345678,False
tokyo_130777_relational_between,130777,stress_test,relational_between,graph,22,2018_2190718__event_002,0.012195121951219513,False
tokyo_130777_relational_between,130777,stress_test,relational_between,graph,23,2018_2190728__event_002,0.012048192771084338,False
tokyo_130777_relational_between,130777,stress_test,relational_between,graph,24,2018_2190768__event_001,0.011904761904761904,False
tokyo_130777_relational_between,130777,stress_test,relational_between,graph,25,2018_2190703__event_002,0.011764705882352941,False
tokyo_130777_relational_between,130777,stress_test,relational_between,graph,26,2018_2190763__event_002,0.011627906976744186,False
tokyo_130777_relational_between,130777,stress_test,relational_between,graph,27,2018_2190713__event_002,0.011494252873563218,False
tokyo_130777_relational_between,130777,stress_test,relational_between,graph,28,2018_2190742__event_002,0.011363636363636364,False
tokyo_130777_relational_between,130777,stress_test,relational_between,graph,29,2018_2190757__event_002,0.011235955056179775,False
tokyo_130777_relational_between,130777,stress_test,relational_between,graph,30,2018_2190750__event_002,0.011111111111111112,False
tokyo_130777_relational_between,130777,stress_test,relational_between,graph,31,2018_2190757__event_001,0.01098901098901099,False
tokyo_130777_relational_between,130777,stress_test,relational_between,graph,32,2018_2190742__event_001,0.010869565217391304,False
tokyo_130777_relational_between,130777,stress_test,relational_between,graph,33,2018_2190750__event_001,0.010752688172043012,False
tokyo_130777_relational_between,130777,stress_test,relational_between,graph,34,2018_2190718__event_001,0.010638297872340425,False
tokyo_130872_relational_between,130872,stress_test,relational_between,graph,1,2018_2192442__event_002,0.03278688524590164,False
tokyo_130872_relational_between,130872,stress_test,relational_between,graph,2,2018_2192442__event_003,0.03200204813108039,False
tokyo_130872_relational_between,130872,stress_test,relational_between,graph,3,2018_2192451__event_002,0.03149801587301587,False
tokyo_130872_relational_between,130872,stress_test,relational_between,graph,4,2018_2192442__event_001,0.030621785881252923,False
tokyo_130872_relational_between,130872,stress_test,relational_between,graph,5,2018_2192461__event_002,0.03055037313432836,False
tokyo_130872_relational_between,130872,stress_test,relational_between,graph,6,2018_2192468__event_002,0.029877369007803793,False
tokyo_130872_relational_between,130872,stress_test,relational_between,graph,7,2018_2192451__event_003,0.027809742999616416,False
tokyo_130872_relational_between,130872,stress_test,relational_between,graph,8,2018_2192468__event_001,0.026631393298059962,False
tokyo_130872_relational_between,130872,stress_test,relational_between,graph,9,2018_2192451__event_001,0.0264957264957265,False
tokyo_130872_relational_between,130872,stress_test,relational_between,graph,10,2018_2192461__event_001,0.026470588235294117,False
tokyo_130872_relational_between,130872,stress_test,relational_between,graph,11,2018_2192464__event_003,0.015151515151515152,False
tokyo_130872_relational_between,130872,stress_test,relational_between,graph,12,2018_2192448__event_002,0.014925373134328358,False
tokyo_130872_relational_between,130872,stress_test,relational_between,graph,13,2018_2192457__event_002,0.014705882352941176,False
tokyo_130872_relational_between,130872,stress_test,relational_between,graph,14,2018_2192445__event_001,0.014285714285714285,False
tokyo_130872_relational_between,130872,stress_test,relational_between,graph,15,2018_2192477__event_002,0.014084507042253521,False
tokyo_130872_relational_between,130872,stress_test,relational_between,graph,16,2018_2192462__event_002,0.013888888888888888,False
tokyo_130872_relational_between,130872,stress_test,relational_between,graph,17,2018_2192471__event_002,0.0136986301369863,False
tokyo_130872_relational_between,130872,stress_test,relational_between,graph,18,2018_2192458__event_002,0.013513513513513514,False
tokyo_130872_relational_between,130872,stress_test,relational_between,graph,19,2018_2192476__event_002,0.013333333333333334,False
tokyo_130872_relational_between,130872,stress_test,relational_between,graph,20,2018_2192469__event_003,0.013157894736842105,False
tokyo_130872_relational_between,130872,stress_test,relational_between,graph,21,2018_2192457__event_003,0.012987012987012988,False
tokyo_130872_relational_between,130872,stress_test,relational_between,graph,22,2018_2192464__event_001,0.01282051282051282,False
tokyo_130872_relational_between,130872,stress_test,relational_between,graph,23,2018_2192477__event_001,0.0125,False
tokyo_130872_relational_between,130872,stress_test,relational_between,graph,24,2018_2192448__event_001,0.012195121951219513,False
tokyo_130872_relational_between,130872,stress_test,relational_between,graph,25,2018_2192464__event_002,0.012048192771084338,False
tokyo_130872_relational_between,130872,stress_test,relational_between,graph,26,2018_2192471__event_001,0.011904761904761904,False
tokyo_130872_relational_between,130872,stress_test,relational_between,graph,27,2018_2192462__event_001,0.011627906976744186,False
tokyo_130872_relational_between,130872,stress_test,relational_between,graph,28,2018_2192464__event_004,0.011494252873563218,False
tokyo_130872_relational_between,130872,stress_test,relational_between,graph,29,2018_2192469__event_002,0.011363636363636364,False
tokyo_130872_relational_between,130872,stress_test,relational_between,graph,30,2018_2192458__event_001,0.011235955056179775,False
tokyo_130872_relational_between,130872,stress_test,relational_between,graph,31,2018_2192445__event_002,0.01098901098901099,False
tokyo_130872_relational_between,130872,stress_test,relational_between,graph,32,2018_2192469__event_001,0.010869565217391304,False
tokyo_130872_relational_between,130872,stress_test,relational_between,graph,33,2018_2192457__event_001,0.010752688172043012,False
tokyo_130872_relational_between,130872,stress_test,relational_between,graph,34,2018_2192476__event_001,0.010638297872340425,False
tokyo_131525_relational_between,131525,stress_test,relational_between,graph,1,2018_2202064__event_002,0.03278688524590164,False
tokyo_131525_relational_between,131525,stress_test,relational_between,graph,2,2018_2202064__event_003,0.03200204813108039,False
tokyo_131525_relational_between,131525,stress_test,relational_between,graph,3,2018_2202061__event_002,0.03149801587301587,False
tokyo_131525_relational_between,131525,stress_test,relational_between,graph,4,2018_2202054__event_002,0.030776515151515152,False
tokyo_131525_relational_between,131525,stress_test,relational_between,graph,5,2018_2202064__event_001,0.0304147465437788,False
tokyo_131525_relational_between,131525,stress_test,relational_between,graph,6,2018_2202055__event_002,0.030090497737556562,False
tokyo_131525_relational_between,131525,stress_test,relational_between,graph,7,2018_2202061__event_001,0.029083245521601686,False
tokyo_131525_relational_between,131525,stress_test,relational_between,graph,8,2018_2202054__event_001,0.028258706467661692,False
tokyo_131525_relational_between,131525,stress_test,relational_between,graph,9,2018_2202055__event_001,0.027650648360030512,False
tokyo_131525_relational_between,131525,stress_test,relational_between,graph,10,2018_2202084__event_002,0.015151515151515152,False
tokyo_131525_relational_between,131525,stress_test,relational_between,graph,11,2018_2202086__event_002,0.014925373134328358,False
tokyo_131525_relational_between,131525,stress_test,relational_between,graph,12,2018_2202065__event_003,0.014705882352941176,False
tokyo_131525_relational_between,131525,stress_test,relational_between,graph,13,2018_2202078__event_001,0.014492753623188406,False
tokyo_131525_relational_between,131525,stress_test,relational_between,graph,14,2018_2202086__event_001,0.014084507042253521,False
tokyo_131525_relational_between,131525,stress_test,relational_between,graph,15,2018_2202084__event_001,0.013888888888888888,False
tokyo_131525_relational_between,131525,stress_test,relational_between,graph,16,2018_2202065__event_002,0.013513513513513514,False
tokyo_131525_relational_between,131525,stress_test,relational_between,graph,17,2018_2202053__event_001,0.012987012987012988,False
tokyo_131525_relational_between,131525,stress_test,relational_between,graph,18,2018_2202067__event_001,0.01282051282051282,False
tokyo_131525_relational_between,131525,stress_test,relational_between,graph,19,2018_2202078__event_002,0.012658227848101266,False
tokyo_131525_relational_between,131525,stress_test,relational_between,graph,20,2018_2202056__event_001,0.0125,False
tokyo_131525_relational_between,131525,stress_test,relational_between,graph,21,2018_2202067__event_002,0.012345679012345678,False
tokyo_131525_relational_between,131525,stress_test,relational_between,graph,22,2018_2202071__event_002,0.012195121951219513,False
tokyo_131525_relational_between,131525,stress_test,relational_between,graph,23,2018_2202076__event_001,0.012048192771084338,False
tokyo_131525_relational_between,131525,stress_test,relational_between,graph,24,2018_2202056__event_002,0.011904761904761904,False
tokyo_131525_relational_between,131525,stress_test,relational_between,graph,25,2018_2202065__event_001,0.011764705882352941,False
tokyo_131525_relational_between,131525,stress_test,relational_between,graph,26,2018_2202071__event_001,0.011627906976744186,False
tokyo_131525_relational_between,131525,stress_test,relational_between,graph,27,2018_2202062__event_001,0.011494252873563218,False
tokyo_131525_relational_between,131525,stress_test,relational_between,graph,28,2018_2202076__event_002,0.011363636363636364,False
tokyo_131525_relational_between,131525,stress_test,relational_between,graph,29,2018_2202056__event_003,0.011235955056179775,False
tokyo_131525_relational_between,131525,stress_test,relational_between,graph,30,2018_2202053__event_002,0.011111111111111112,False
tokyo_131525_relational_between,131525,stress_test,relational_between,graph,31,2018_2202062__event_002,0.01098901098901099,False
tokyo_131525_relational_between,131525,stress_test,relational_between,graph,32,2018_2202058__event_002,0.010869565217391304,False
tokyo_131525_relational_between,131525,stress_test,relational_between,graph,33,2018_2202058__event_001,0.010752688172043012,False
tokyo_131525_relational_between,131525,stress_test,relational_between,graph,34,2018_2202071__event_003,0.010638297872340425,False
tokyo_131525_relational_between,131525,stress_test,relational_between,graph,35,2018_2202069__event_001,0.010526315789473684,False
tokyo_131525_relational_between,131525,stress_test,relational_between,graph,36,2018_2202069__event_002,0.010416666666666666,False
tokyo_132723_relational_between,132723,stress_test,relational_between,graph,1,2018_2219917__event_003,0.03278688524590164,True
tokyo_132723_relational_between,132723,stress_test,relational_between,graph,2,2018_2219917__event_002,0.03225806451612903,True
tokyo_132723_relational_between,132723,stress_test,relational_between,graph,3,2018_2219917__event_001,0.031746031746031744,True
tokyo_132723_relational_between,132723,stress_test,relational_between,graph,4,2018_2219866__event_001,0.03125,True
tokyo_132723_relational_between,132723,stress_test,relational_between,graph,5,2018_2219871__event_001,0.030536130536130537,True
tokyo_132723_relational_between,132723,stress_test,relational_between,graph,6,2018_2219866__event_002,0.030090497737556562,True
tokyo_132723_relational_between,132723,stress_test,relational_between,graph,7,2018_2219871__event_002,0.028438886647841874,True
tokyo_132723_relational_between,132723,stress_test,relational_between,graph,8,2018_2219923__event_002,0.015151515151515152,True
tokyo_132723_relational_between,132723,stress_test,relational_between,graph,9,2018_2219894__event_002,0.014925373134328358,True
tokyo_132723_relational_between,132723,stress_test,relational_between,graph,10,2018_2219923__event_001,0.014492753623188406,True
tokyo_132723_relational_between,132723,stress_test,relational_between,graph,11,2018_2219886__event_001,0.014285714285714285,True
tokyo_132723_relational_between,132723,stress_test,relational_between,graph,12,2018_2219876__event_002,0.014084507042253521,True
tokyo_132723_relational_between,132723,stress_test,relational_between,graph,13,2018_2219915__event_002,0.013888888888888888,True
tokyo_132723_relational_between,132723,stress_test,relational_between,graph,14,2018_2219895__event_001,0.0136986301369863,True
tokyo_132723_relational_between,132723,stress_test,relational_between,graph,15,2018_2219867__event_002,0.013333333333333334,True
tokyo_132723_relational_between,132723,stress_test,relational_between,graph,16,2018_2219886__event_002,0.013157894736842105,True
tokyo_132723_relational_between,132723,stress_test,relational_between,graph,17,2018_2219888__event_002,0.012987012987012988,True
tokyo_132723_relational_between,132723,stress_test,relational_between,graph,18,2018_2219904__event_001,0.01282051282051282,True
tokyo_132723_relational_between,132723,stress_test,relational_between,graph,19,2018_2219906__event_002,0.012658227848101266,True
tokyo_132723_relational_between,132723,stress_test,relational_between,graph,20,2018_2219894__event_001,0.0125,True
tokyo_132723_relational_between,132723,stress_test,relational_between,graph,21,2018_2219919__event_002,0.012345679012345678,True
tokyo_132723_relational_between,132723,stress_test,relational_between,graph,22,2018_2219880__event_002,0.012195121951219513,True
tokyo_132723_relational_between,132723,stress_test,relational_between,graph,23,2018_2219903__event_001,0.012048192771084338,True
tokyo_132723_relational_between,132723,stress_test,relational_between,graph,24,2018_2219878__event_002,0.011904761904761904,True
tokyo_132723_relational_between,132723,stress_test,relational_between,graph,25,2018_2219876__event_001,0.011764705882352941,True
tokyo_132723_relational_between,132723,stress_test,relational_between,graph,26,2018_2219895__event_002,0.011627906976744186,True
tokyo_132723_relational_between,132723,stress_test,relational_between,graph,27,2018_2219904__event_002,0.011494252873563218,True
tokyo_132723_relational_between,132723,stress_test,relational_between,graph,28,2018_2219878__event_001,0.011363636363636364,True
tokyo_132723_relational_between,132723,stress_test,relational_between,graph,29,2018_2219888__event_001,0.011235955056179775,True
tokyo_132723_relational_between,132723,stress_test,relational_between,graph,30,2018_2219867__event_001,0.011111111111111112,True
tokyo_132723_relational_between,132723,stress_test,relational_between,graph,31,2018_2219897__event_003,0.01098901098901099,True
tokyo_132723_relational_between,132723,stress_test,relational_between,graph,32,2018_2219918__event_001,0.010869565217391304,True
tokyo_132723_relational_between,132723,stress_test,relational_between,graph,33,2018_2219903__event_002,0.010752688172043012,True
tokyo_132723_relational_between,132723,stress_test,relational_between,graph,34,2018_2219915__event_001,0.010638297872340425,True
tokyo_132723_relational_between,132723,stress_test,relational_between,graph,35,2018_2219920__event_002,0.010526315789473684,True
tokyo_132723_relational_between,132723,stress_test,relational_between,graph,36,2018_2219880__event_001,0.010416666666666666,True
tokyo_132723_relational_between,132723,stress_test,relational_between,graph,37,2018_2219920__event_001,0.010309278350515464,True
tokyo_132723_relational_between,132723,stress_test,relational_between,graph,38,2018_2219919__event_001,0.01020408163265306,True
tokyo_132723_relational_between,132723,stress_test,relational_between,graph,39,2018_2219891__event_001,0.010101010101010102,True
tokyo_132723_relational_between,132723,stress_test,relational_between,graph,40,2018_2219906__event_001,0.01,True
tokyo_132723_relational_between,132723,stress_test,relational_between,graph,41,2018_2219897__event_001,0.009900990099009901,True
tokyo_132723_relational_between,132723,stress_test,relational_between,graph,42,2018_2219891__event_002,0.00980392156862745,True
tokyo_132723_relational_between,132723,stress_test,relational_between,graph,43,2018_2219918__event_002,0.009708737864077669,True
tokyo_132723_relational_between,132723,stress_test,relational_between,graph,44,2018_2219895__event_003,0.009615384615384616,True
tokyo_132723_relational_between,132723,stress_test,relational_between,graph,45,2018_2219879__event_001,0.009523809523809525,True
tokyo_132723_relational_between,132723,stress_test,relational_between,graph,46,2018_2219879__event_002,0.009433962264150943,True
tokyo_132723_relational_between,132723,stress_test,relational_between,graph,47,2018_2219897__event_002,0.009345794392523364,True
tokyo_132723_relational_between,132723,stress_test,relational_between,graph,48,2018_2219891__event_003,0.009259259259259259,True
tokyo_134307_relational_between,134307,stress_test,relational_between,graph,1,2018_2242051__event_002,0.03278688524590164,False
tokyo_134307_relational_between,134307,stress_test,relational_between,graph,2,2018_2242051__event_001,0.03200204813108039,False
tokyo_134307_relational_between,134307,stress_test,relational_between,graph,3,2018_2242051__event_003,0.03200204813108039,False
tokyo_134307_relational_between,134307,stress_test,relational_between,graph,4,2018_2242029__event_001,0.03125,False
tokyo_134307_relational_between,134307,stress_test,relational_between,graph,5,2018_2242026__event_001,0.030536130536130537,False
tokyo_134307_relational_between,134307,stress_test,relational_between,graph,6,2018_2242029__event_002,0.029877369007803793,False
tokyo_134307_relational_between,134307,stress_test,relational_between,graph,7,2018_2242026__event_002,0.028258706467661692,False
tokyo_134307_relational_between,134307,stress_test,relational_between,graph,8,2018_2242009__event_001,0.015151515151515152,False
tokyo_134307_relational_between,134307,stress_test,relational_between,graph,9,2018_2242058__event_002,0.014925373134328358,False
tokyo_134307_relational_between,134307,stress_test,relational_between,graph,10,2018_2242034__event_001,0.014705882352941176,False
tokyo_134307_relational_between,134307,stress_test,relational_between,graph,11,2018_2242058__event_001,0.014285714285714285,False
tokyo_134307_relational_between,134307,stress_test,relational_between,graph,12,2018_2242049__event_001,0.014084507042253521,False
tokyo_134307_relational_between,134307,stress_test,relational_between,graph,13,2018_2242009__event_002,0.013888888888888888,False
tokyo_134307_relational_between,134307,stress_test,relational_between,graph,14,2018_2242035__event_001,0.0136986301369863,False
tokyo_134307_relational_between,134307,stress_test,relational_between,graph,15,2018_2242043__event_002,0.013513513513513514,False
tokyo_134307_relational_between,134307,stress_test,relational_between,graph,16,2018_2242038__event_002,0.013157894736842105,False
tokyo_134307_relational_between,134307,stress_test,relational_between,graph,17,2018_2242049__event_002,0.012987012987012988,False
tokyo_134307_relational_between,134307,stress_test,relational_between,graph,18,2018_2242035__event_002,0.01282051282051282,False
tokyo_134307_relational_between,134307,stress_test,relational_between,graph,19,2018_2242033__event_001,0.012658227848101266,False
tokyo_134307_relational_between,134307,stress_test,relational_between,graph,20,2018_2242033__event_002,0.0125,False
tokyo_134307_relational_between,134307,stress_test,relational_between,graph,21,2018_2242038__event_001,0.012345679012345678,False
tokyo_134307_relational_between,134307,stress_test,relational_between,graph,22,2018_2242034__event_002,0.012195121951219513,False
tokyo_134307_relational_between,134307,stress_test,relational_between,graph,23,2018_2242043__event_001,0.012048192771084338,False
tokyo_134307_relational_between,134307,stress_test,relational_between,graph,24,2018_2242042__event_001,0.011904761904761904,False
tokyo_134307_relational_between,134307,stress_test,relational_between,graph,25,2018_2242042__event_002,0.011764705882352941,False
tokyo_134307_relational_between,134307,stress_test,relational_between,graph,26,2018_2242033__event_003,0.011627906976744186,False
tokyo_134307_relational_between,134307,stress_test,relational_between,graph,27,2018_2242027__event_002,0.011494252873563218,False
tokyo_134307_relational_between,134307,stress_test,relational_between,graph,28,2018_2242027__event_001,0.011363636363636364,False
tokyo_135393_relational_between,135393,stress_test,relational_between,graph,1,2018_2257318__event_003,0.03278688524590164,False
tokyo_135393_relational_between,135393,stress_test,relational_between,graph,2,2018_2257318__event_002,0.03225806451612903,False
tokyo_135393_relational_between,135393,stress_test,relational_between,graph,3,2018_2257318__event_004,0.031746031746031744,False
tokyo_135393_relational_between,135393,stress_test,relational_between,graph,4,2018_2257318__event_001,0.03125,False
tokyo_135393_relational_between,135393,stress_test,relational_between,graph,5,2018_2257267__event_001,0.03076923076923077,False
tokyo_135393_relational_between,135393,stress_test,relational_between,graph,6,2018_2257267__event_002,0.027809742999616416,False
tokyo_135393_relational_between,135393,stress_test,relational_between,graph,7,2018_2257283__event_004,0.015151515151515152,False
tokyo_135393_relational_between,135393,stress_test,relational_between,graph,8,2018_2257269__event_002,0.014925373134328358,False
tokyo_135393_relational_between,135393,stress_test,relational_between,graph,9,2018_2257269__event_001,0.014705882352941176,False
tokyo_135393_relational_between,135393,stress_test,relational_between,graph,10,2018_2257268__event_002,0.014492753623188406,False
tokyo_135393_relational_between,135393,stress_test,relational_between,graph,11,2018_2257266__event_002,0.014285714285714285,False
tokyo_135393_relational_between,135393,stress_test,relational_between,graph,12,2018_2257283__event_002,0.014084507042253521,False
tokyo_135393_relational_between,135393,stress_test,relational_between,graph,13,2018_2257260__event_002,0.013888888888888888,False
tokyo_135393_relational_between,135393,stress_test,relational_between,graph,14,2018_2257273__event_001,0.0136986301369863,False
tokyo_135393_relational_between,135393,stress_test,relational_between,graph,15,2018_2257293__event_002,0.013513513513513514,False
tokyo_135393_relational_between,135393,stress_test,relational_between,graph,16,2018_2257283__event_003,0.013333333333333334,False
tokyo_135393_relational_between,135393,stress_test,relational_between,graph,17,2018_2257299__event_001,0.013157894736842105,False
tokyo_135393_relational_between,135393,stress_test,relational_between,graph,18,2018_2257283__event_001,0.012987012987012988,False
tokyo_135393_relational_between,135393,stress_test,relational_between,graph,19,2018_2257274__event_003,0.01282051282051282,False
tokyo_135393_relational_between,135393,stress_test,relational_between,graph,20,2018_2257273__event_002,0.0125,False
tokyo_135393_relational_between,135393,stress_test,relational_between,graph,21,2018_2257293__event_001,0.012345679012345678,False
tokyo_135393_relational_between,135393,stress_test,relational_between,graph,22,2018_2257293__event_003,0.012195121951219513,False
tokyo_135393_relational_between,135393,stress_test,relational_between,graph,23,2018_2257274__event_002,0.012048192771084338,False
tokyo_135393_relational_between,135393,stress_test,relational_between,graph,24,2018_2257295__event_002,0.011904761904761904,False
tokyo_135393_relational_between,135393,stress_test,relational_between,graph,25,2018_2257276__event_002,0.011764705882352941,False
tokyo_135393_relational_between,135393,stress_test,relational_between,graph,26,2018_2257271__event_001,0.011627906976744186,False
tokyo_135393_relational_between,135393,stress_test,relational_between,graph,27,2018_2257268__event_001,0.011494252873563218,False
tokyo_135393_relational_between,135393,stress_test,relational_between,graph,28,2018_2257260__event_001,0.011363636363636364,False
tokyo_135393_relational_between,135393,stress_test,relational_between,graph,29,2018_2257282__event_002,0.011235955056179775,False
tokyo_135393_relational_between,135393,stress_test,relational_between,graph,30,2018_2257280__event_001,0.011111111111111112,False
tokyo_135393_relational_between,135393,stress_test,relational_between,graph,31,2018_2257271__event_002,0.01098901098901099,False
tokyo_135393_relational_between,135393,stress_test,relational_between,graph,32,2018_2257266__event_001,0.010869565217391304,False
tokyo_135393_relational_between,135393,stress_test,relational_between,graph,33,2018_2257299__event_003,0.010752688172043012,False
tokyo_135393_relational_between,135393,stress_test,relational_between,graph,34,2018_2257299__event_002,0.010638297872340425,False
tokyo_135393_relational_between,135393,stress_test,relational_between,graph,35,2018_2257276__event_001,0.010526315789473684,False
tokyo_135393_relational_between,135393,stress_test,relational_between,graph,36,2018_2257295__event_001,0.010416666666666666,False
tokyo_135393_relational_between,135393,stress_test,relational_between,graph,37,2018_2257280__event_002,0.010309278350515464,False
tokyo_135393_relational_between,135393,stress_test,relational_between,graph,38,2018_2257272__event_001,0.01020408163265306,False
tokyo_135393_relational_between,135393,stress_test,relational_between,graph,39,2018_2257265__event_001,0.010101010101010102,False
tokyo_135393_relational_between,135393,stress_test,relational_between,graph,40,2018_2257274__event_001,0.01,False
tokyo_135393_relational_between,135393,stress_test,relational_between,graph,41,2018_2257282__event_001,0.009900990099009901,False
tokyo_135393_relational_between,135393,stress_test,relational_between,graph,42,2018_2257262__event_001,0.00980392156862745,False
tokyo_135393_relational_between,135393,stress_test,relational_between,graph,43,2018_2257272__event_002,0.009708737864077669,False
tokyo_135393_relational_between,135393,stress_test,relational_between,graph,44,2018_2257265__event_003,0.009615384615384616,False
tokyo_135393_relational_between,135393,stress_test,relational_between,graph,45,2018_2257262__event_002,0.009523809523809525,False
tokyo_135393_relational_between,135393,stress_test,relational_between,graph,46,2018_2257265__event_002,0.009433962264150943,False
tokyo_138301_relational_between,138301,stress_test,relational_between,graph,1,2018_2294113__event_002,0.03278688524590164,False
tokyo_138301_relational_between,138301,stress_test,relational_between,graph,2,2018_2294113__event_001,0.03225806451612903,False
tokyo_138301_relational_between,138301,stress_test,relational_between,graph,3,2018_2294113__event_003,0.03149801587301587,False
tokyo_138301_relational_between,138301,stress_test,relational_between,graph,4,2018_2294120__event_002,0.03149801587301587,False
tokyo_138301_relational_between,138301,stress_test,relational_between,graph,5,2018_2294102__event_003,0.030309988518943745,False
tokyo_138301_relational_between,138301,stress_test,relational_between,graph,6,2018_2294113__event_004,0.03007688828584351,False
tokyo_138301_relational_between,138301,stress_test,relational_between,graph,7,2018_2294120__event_001,0.029877369007803793,False
tokyo_138301_relational_between,138301,stress_test,relational_between,graph,8,2018_2294102__event_002,0.029857397504456328,False
tokyo_138301_relational_between,138301,stress_test,relational_between,graph,9,2018_2294104__event_003,0.014705882352941176,False
tokyo_138301_relational_between,138301,stress_test,relational_between,graph,10,2018_2294132__event_002,0.014285714285714285,False
tokyo_138301_relational_between,138301,stress_test,relational_between,graph,11,2018_2294102__event_001,0.014084507042253521,False
tokyo_138301_relational_between,138301,stress_test,relational_between,graph,12,2018_2294109__event_002,0.013888888888888888,False
tokyo_138301_relational_between,138301,stress_test,relational_between,graph,13,2018_2294109__event_003,0.0136986301369863,False
tokyo_138301_relational_between,138301,stress_test,relational_between,graph,14,2018_2294115__event_001,0.013513513513513514,False
tokyo_138301_relational_between,138301,stress_test,relational_between,graph,15,2018_2294065__event_003,0.013333333333333334,False
tokyo_138301_relational_between,138301,stress_test,relational_between,graph,16,2018_2294104__event_002,0.013157894736842105,False
tokyo_138301_relational_between,138301,stress_test,relational_between,graph,17,2018_2294131__event_002,0.012987012987012988,False
tokyo_138301_relational_between,138301,stress_test,relational_between,graph,18,2018_2294126__event_001,0.01282051282051282,False
tokyo_138301_relational_between,138301,stress_test,relational_between,graph,19,2018_2294115__event_002,0.012658227848101266,False
tokyo_138301_relational_between,138301,stress_test,relational_between,graph,20,2018_2294132__event_001,0.0125,False
tokyo_138301_relational_between,138301,stress_test,relational_between,graph,21,2018_2294131__event_001,0.012345679012345678,False
tokyo_138301_relational_between,138301,stress_test,relational_between,graph,22,2018_2294104__event_004,0.012195121951219513,False
tokyo_138301_relational_between,138301,stress_test,relational_between,graph,23,2018_2294107__event_001,0.012048192771084338,False
tokyo_138301_relational_between,138301,stress_test,relational_between,graph,24,2018_2294065__event_002,0.011904761904761904,False
tokyo_138301_relational_between,138301,stress_test,relational_between,graph,25,2018_2294107__event_002,0.011764705882352941,False
tokyo_138301_relational_between,138301,stress_test,relational_between,graph,26,2018_2294097__event_002,0.011627906976744186,False
tokyo_138301_relational_between,138301,stress_test,relational_between,graph,27,2018_2294109__event_001,0.011494252873563218,False
tokyo_138301_relational_between,138301,stress_test,relational_between,graph,28,2018_2294067__event_002,0.011363636363636364,False
tokyo_138301_relational_between,138301,stress_test,relational_between,graph,29,2018_2294100__event_002,0.011235955056179775,False
tokyo_138301_relational_between,138301,stress_test,relational_between,graph,30,2018_2294117__event_002,0.011111111111111112,False
tokyo_138301_relational_between,138301,stress_test,relational_between,graph,31,2018_2294065__event_001,0.01098901098901099,False
tokyo_138301_relational_between,138301,stress_test,relational_between,graph,32,2018_2294126__event_002,0.010869565217391304,False
tokyo_138301_relational_between,138301,stress_test,relational_between,graph,33,2018_2294104__event_001,0.010752688172043012,False
tokyo_138301_relational_between,138301,stress_test,relational_between,graph,34,2018_2294117__event_001,0.010638297872340425,False
tokyo_138301_relational_between,138301,stress_test,relational_between,graph,35,2018_2294097__event_001,0.010526315789473684,False
tokyo_138301_relational_between,138301,stress_test,relational_between,graph,36,2018_2294067__event_001,0.010416666666666666,False
tokyo_138301_relational_between,138301,stress_test,relational_between,graph,37,2018_2294100__event_001,0.010309278350515464,False
tokyo_138301_relational_between,138301,stress_test,relational_between,graph,38,2018_2294095__event_002,0.01020408163265306,False
tokyo_138301_relational_between,138301,stress_test,relational_between,graph,39,2018_2294095__event_001,0.010101010101010102,False
tokyo_139656_relational_between,139656,stress_test,relational_between,graph,1,2018_2308851__event_002,0.03278688524590164,True
tokyo_139656_relational_between,139656,stress_test,relational_between,graph,2,2018_2308869__event_002,0.031754032258064516,True
tokyo_139656_relational_between,139656,stress_test,relational_between,graph,3,2018_2308866__event_002,0.031024531024531024,True
tokyo_139656_relational_between,139656,stress_test,relational_between,graph,4,2018_2308864__event_002,0.030330882352941176,True
tokyo_139656_relational_between,139656,stress_test,relational_between,graph,5,2018_2308868__event_002,0.02967032967032967,True
tokyo_139656_relational_between,139656,stress_test,relational_between,graph,6,2018_2308851__event_003,0.027777777777777776,True
tokyo_139656_relational_between,139656,stress_test,relational_between,graph,7,2018_2308851__event_001,0.02749266862170088,True
tokyo_139656_relational_between,139656,stress_test,relational_between,graph,8,2018_2308869__event_001,0.026373626373626377,True
tokyo_139656_relational_between,139656,stress_test,relational_between,graph,9,2018_2308866__event_001,0.02603648424543947,True
tokyo_139656_relational_between,139656,stress_test,relational_between,graph,10,2018_2308868__event_001,0.025320462098433298,True
tokyo_139656_relational_between,139656,stress_test,relational_between,graph,11,2018_2308864__event_001,0.025245441795231416,True
tokyo_139656_relational_between,139656,stress_test,relational_between,graph,12,2018_2308861__event_002,0.015151515151515152,True
tokyo_139656_relational_between,139656,stress_test,relational_between,graph,13,2018_2308849__event_002,0.014925373134328358,True
tokyo_139656_relational_between,139656,stress_test,relational_between,graph,14,2018_2308875__event_002,0.014705882352941176,True
tokyo_139656_relational_between,139656,stress_test,relational_between,graph,15,2018_2308874__event_002,0.014492753623188406,True
tokyo_139656_relational_between,139656,stress_test,relational_between,graph,16,2018_2308879__event_002,0.014285714285714285,True
tokyo_139656_relational_between,139656,stress_test,relational_between,graph,17,2018_2308845__event_002,0.014084507042253521,True
tokyo_139656_relational_between,139656,stress_test,relational_between,graph,18,2018_2308859__event_002,0.013888888888888888,True
tokyo_139656_relational_between,139656,stress_test,relational_between,graph,19,2018_2308840__event_002,0.0136986301369863,True
tokyo_139656_relational_between,139656,stress_test,relational_between,graph,20,2018_2308846__event_002,0.013513513513513514,True
tokyo_139656_relational_between,139656,stress_test,relational_between,graph,21,2018_2308839__event_002,0.013333333333333334,True
tokyo_139656_relational_between,139656,stress_test,relational_between,graph,22,2018_2308887__event_002,0.013157894736842105,True
tokyo_139656_relational_between,139656,stress_test,relational_between,graph,23,2018_2308880__event_002,0.012987012987012988,True
tokyo_139656_relational_between,139656,stress_test,relational_between,graph,24,2018_2308844__event_002,0.01282051282051282,True
tokyo_139656_relational_between,139656,stress_test,relational_between,graph,25,2018_2308857__event_002,0.012658227848101266,True
tokyo_139656_relational_between,139656,stress_test,relational_between,graph,26,2018_2308852__event_002,0.0125,True
tokyo_139656_relational_between,139656,stress_test,relational_between,graph,27,2018_2308886__event_002,0.012345679012345678,True
tokyo_139656_relational_between,139656,stress_test,relational_between,graph,28,2018_2308836__event_002,0.012195121951219513,True
tokyo_139656_relational_between,139656,stress_test,relational_between,graph,29,2018_2308837__event_002,0.012048192771084338,True
tokyo_139656_relational_between,139656,stress_test,relational_between,graph,30,2018_2308834__event_002,0.011764705882352941,True
tokyo_139656_relational_between,139656,stress_test,relational_between,graph,31,2018_2308885__event_002,0.011627906976744186,True
tokyo_139656_relational_between,139656,stress_test,relational_between,graph,32,2018_2308884__event_002,0.011494252873563218,True
tokyo_139656_relational_between,139656,stress_test,relational_between,graph,33,2018_2308879__event_001,0.010869565217391304,True
tokyo_139656_relational_between,139656,stress_test,relational_between,graph,34,2018_2308880__event_001,0.010638297872340425,True
tokyo_139656_relational_between,139656,stress_test,relational_between,graph,35,2018_2308839__event_001,0.010526315789473684,True
tokyo_139656_relational_between,139656,stress_test,relational_between,graph,36,2018_2308845__event_001,0.010416666666666666,True
tokyo_139656_relational_between,139656,stress_test,relational_between,graph,37,2018_2308849__event_001,0.010309278350515464,True
tokyo_139656_relational_between,139656,stress_test,relational_between,graph,38,2018_2308859__event_001,0.01020408163265306,True
tokyo_139656_relational_between,139656,stress_test,relational_between,graph,39,2018_2308857__event_001,0.010101010101010102,True
tokyo_139656_relational_between,139656,stress_test,relational_between,graph,40,2018_2308844__event_001,0.01,True
tokyo_139656_relational_between,139656,stress_test,relational_between,graph,41,2018_2308852__event_001,0.009900990099009901,True
tokyo_139656_relational_between,139656,stress_test,relational_between,graph,42,2018_2308846__event_001,0.00980392156862745,True
tokyo_139656_relational_between,139656,stress_test,relational_between,graph,43,2018_2308875__event_001,0.009708737864077669,True
tokyo_139656_relational_between,139656,stress_test,relational_between,graph,44,2018_2308874__event_001,0.009615384615384616,True
tokyo_139656_relational_between,139656,stress_test,relational_between,graph,45,2018_2308837__event_001,0.009523809523809525,True
tokyo_139656_relational_between,139656,stress_test,relational_between,graph,46,2018_2308861__event_001,0.009433962264150943,True
tokyo_139656_relational_between,139656,stress_test,relational_between,graph,47,2018_2308884__event_001,0.009345794392523364,True
tokyo_139656_relational_between,139656,stress_test,relational_between,graph,48,2018_2308887__event_001,0.009259259259259259,True
tokyo_139656_relational_between,139656,stress_test,relational_between,graph,49,2018_2308840__event_001,0.009174311926605505,True
tokyo_139656_relational_between,139656,stress_test,relational_between,graph,50,2018_2308836__event_001,0.00909090909090909,True
tokyo_139656_relational_between,139656,stress_test,relational_between,graph,51,2018_2308886__event_001,0.009009009009009009,True
tokyo_139656_relational_between,139656,stress_test,relational_between,graph,52,2018_2308834__event_001,0.008928571428571428,True
tokyo_139656_relational_between,139656,stress_test,relational_between,graph,53,2018_2308885__event_001,0.008849557522123894,True
tokyo_139656_relational_between,139656,stress_test,relational_between,graph,54,2018_2308863__event_001,0.008771929824561403,True
tokyo_139656_relational_between,139656,stress_test,relational_between,graph,55,2018_2308863__event_002,0.008695652173913044,True
tokyo_140775_relational_between,140775,stress_test,relational_between,graph,1,2018_2320646__event_002,0.03278688524590164,False
tokyo_140775_relational_between,140775,stress_test,relational_between,graph,2,2018_2320646__event_001,0.03200204813108039,False
tokyo_140775_relational_between,140775,stress_test,relational_between,graph,3,2018_2320646__event_003,0.03200204813108039,False
tokyo_140775_relational_between,140775,stress_test,relational_between,graph,4,2018_2320646__event_004,0.03125,False
tokyo_140775_relational_between,140775,stress_test,relational_between,graph,5,2018_2320657__event_001,0.03076923076923077,False
tokyo_140775_relational_between,140775,stress_test,relational_between,graph,6,2018_2320657__event_002,0.028850145288501453,False
tokyo_140775_relational_between,140775,stress_test,relational_between,graph,7,2018_2320660__event_001,0.015151515151515152,False
tokyo_140775_relational_between,140775,stress_test,relational_between,graph,8,2018_2320666__event_001,0.014925373134328358,False
tokyo_140775_relational_between,140775,stress_test,relational_between,graph,9,2018_2320666__event_002,0.014705882352941176,False
tokyo_140775_relational_between,140775,stress_test,relational_between,graph,10,2018_2320634__event_003,0.014492753623188406,False
tokyo_140775_relational_between,140775,stress_test,relational_between,graph,11,2018_2320664__event_001,0.014285714285714285,False
tokyo_140775_relational_between,140775,stress_test,relational_between,graph,12,2018_2320665__event_002,0.014084507042253521,False
tokyo_140775_relational_between,140775,stress_test,relational_between,graph,13,2018_2320634__event_002,0.013888888888888888,False
tokyo_140775_relational_between,140775,stress_test,relational_between,graph,14,2018_2320665__event_001,0.013513513513513514,False
tokyo_140775_relational_between,140775,stress_test,relational_between,graph,15,2018_2320664__event_002,0.013333333333333334,False
tokyo_140775_relational_between,140775,stress_test,relational_between,graph,16,2018_2320660__event_002,0.013157894736842105,False
tokyo_140775_relational_between,140775,stress_test,relational_between,graph,17,2018_2320675__event_002,0.012987012987012988,False
tokyo_140775_relational_between,140775,stress_test,relational_between,graph,18,2018_2320675__event_001,0.01282051282051282,False
tokyo_140775_relational_between,140775,stress_test,relational_between,graph,19,2018_2320634__event_001,0.012658227848101266,False
tokyo_140775_relational_between,140775,stress_test,relational_between,graph,20,2018_2320655__event_002,0.0125,False
tokyo_140775_relational_between,140775,stress_test,relational_between,graph,21,2018_2320655__event_001,0.012345679012345678,False
tokyo_140775_relational_between,140775,stress_test,relational_between,graph,22,2018_2320676__event_001,0.012195121951219513,False
tokyo_140775_relational_between,140775,stress_test,relational_between,graph,23,2018_2320676__event_002,0.012048192771084338,False
tokyo_149225_relational_between,149225,stress_test,relational_between,graph,1,2018_2402512__event_001,0.03278688524590164,False
tokyo_149225_relational_between,149225,stress_test,relational_between,graph,2,2018_2402534__event_001,0.03200204813108039,False
tokyo_149225_relational_between,149225,stress_test,relational_between,graph,3,2018_2402512__event_002,0.0315136476426799,False
tokyo_149225_relational_between,149225,stress_test,relational_between,graph,4,2018_2402520__event_001,0.03125763125763126,False
tokyo_149225_relational_between,149225,stress_test,relational_between,graph,5,2018_2402534__event_002,0.03125,False
tokyo_149225_relational_between,149225,stress_test,relational_between,graph,6,2018_2402520__event_002,0.030303030303030304,False
tokyo_149225_relational_between,149225,stress_test,relational_between,graph,7,2018_2402538__event_001,0.014925373134328358,False
tokyo_149225_relational_between,149225,stress_test,relational_between,graph,8,2018_2402531__event_001,0.014705882352941176,False
tokyo_149225_relational_between,149225,stress_test,relational_between,graph,9,2018_2402528__event_001,0.014492753623188406,False
tokyo_149225_relational_between,149225,stress_test,relational_between,graph,10,2018_2402537__event_002,0.014285714285714285,False
tokyo_149225_relational_between,149225,stress_test,relational_between,graph,11,2018_2402538__event_002,0.014084507042253521,False
tokyo_149225_relational_between,149225,stress_test,relational_between,graph,12,2018_2402528__event_002,0.013888888888888888,False
tokyo_149225_relational_between,149225,stress_test,relational_between,graph,13,2018_2402531__event_002,0.0136986301369863,False
tokyo_149225_relational_between,149225,stress_test,relational_between,graph,14,2018_2402516__event_003,0.013513513513513514,False
tokyo_149225_relational_between,149225,stress_test,relational_between,graph,15,2018_2402537__event_001,0.013333333333333334,False
tokyo_149225_relational_between,149225,stress_test,relational_between,graph,16,2018_2402517__event_001,0.013157894736842105,False
tokyo_149225_relational_between,149225,stress_test,relational_between,graph,17,2018_2402533__event_002,0.012987012987012988,False
tokyo_149225_relational_between,149225,stress_test,relational_between,graph,18,2018_2402519__event_002,0.01282051282051282,False
tokyo_149225_relational_between,149225,stress_test,relational_between,graph,19,2018_2402529__event_002,0.012658227848101266,False
tokyo_149225_relational_between,149225,stress_test,relational_between,graph,20,2018_2402514__event_002,0.0125,False
tokyo_149225_relational_between,149225,stress_test,relational_between,graph,21,2018_2402514__event_001,0.012345679012345678,False
tokyo_149225_relational_between,149225,stress_test,relational_between,graph,22,2018_2402523__event_001,0.012195121951219513,False
tokyo_149225_relational_between,149225,stress_test,relational_between,graph,23,2018_2402516__event_002,0.012048192771084338,False
tokyo_149225_relational_between,149225,stress_test,relational_between,graph,24,2018_2402537__event_003,0.011904761904761904,False
tokyo_149225_relational_between,149225,stress_test,relational_between,graph,25,2018_2402517__event_002,0.011764705882352941,False
tokyo_149225_relational_between,149225,stress_test,relational_between,graph,26,2018_2402526__event_001,0.011627906976744186,False
tokyo_149225_relational_between,149225,stress_test,relational_between,graph,27,2018_2402519__event_001,0.011494252873563218,False
tokyo_149225_relational_between,149225,stress_test,relational_between,graph,28,2018_2402529__event_001,0.011363636363636364,False
tokyo_149225_relational_between,149225,stress_test,relational_between,graph,29,2018_2402533__event_001,0.011235955056179775,False
tokyo_149225_relational_between,149225,stress_test,relational_between,graph,30,2018_2402526__event_002,0.011111111111111112,False
tokyo_149225_relational_between,149225,stress_test,relational_between,graph,31,2018_2402523__event_002,0.01098901098901099,False
tokyo_149225_relational_between,149225,stress_test,relational_between,graph,32,2018_2402517__event_003,0.010869565217391304,False
tokyo_149225_relational_between,149225,stress_test,relational_between,graph,33,2018_2402516__event_001,0.010752688172043012,False
tokyo_152722_relational_between,152722,stress_test,relational_between,graph,1,2018_2446524__event_004,0.03278688524590164,False
tokyo_152722_relational_between,152722,stress_test,relational_between,graph,2,2018_2446524__event_005,0.03200204813108039,False
tokyo_152722_relational_between,152722,stress_test,relational_between,graph,3,2018_2446524__event_003,0.0315136476426799,False
tokyo_152722_relational_between,152722,stress_test,relational_between,graph,4,2018_2446524__event_002,0.03149801587301587,False
tokyo_152722_relational_between,152722,stress_test,relational_between,graph,5,2018_2446525__event_002,0.030776515151515152,False
tokyo_152722_relational_between,152722,stress_test,relational_between,graph,6,2018_2446524__event_001,0.02967032967032967,False
tokyo_152722_relational_between,152722,stress_test,relational_between,graph,7,2018_2446525__event_001,0.029418126757516764,False
tokyo_152722_relational_between,152722,stress_test,relational_between,graph,8,2018_2446525__event_003,0.028790389395194696,False
tokyo_152722_relational_between,152722,stress_test,relational_between,graph,9,2018_2446527__event_001,0.015151515151515152,False
tokyo_152722_relational_between,152722,stress_test,relational_between,graph,10,2018_2446527__event_002,0.014925373134328358,False
tokyo_152722_relational_between,152722,stress_test,relational_between,graph,11,2018_2446506__event_002,0.014705882352941176,False
tokyo_152722_relational_between,152722,stress_test,relational_between,graph,12,2018_2446520__event_002,0.013888888888888888,False
tokyo_152722_relational_between,152722,stress_test,relational_between,graph,13,2018_2446535__event_002,0.0136986301369863,False
tokyo_152722_relational_between,152722,stress_test,relational_between,graph,14,2018_2446519__event_003,0.013513513513513514,False
tokyo_152722_relational_between,152722,stress_test,relational_between,graph,15,2018_2446571__event_002,0.013333333333333334,False
tokyo_152722_relational_between,152722,stress_test,relational_between,graph,16,2018_2446526__event_001,0.013157894736842105,False
tokyo_152722_relational_between,152722,stress_test,relational_between,graph,17,2018_2446526__event_002,0.012987012987012988,False
tokyo_152722_relational_between,152722,stress_test,relational_between,graph,18,2018_2446508__event_001,0.01282051282051282,False
tokyo_152722_relational_between,152722,stress_test,relational_between,graph,19,2018_2446548__event_001,0.012658227848101266,False
tokyo_152722_relational_between,152722,stress_test,relational_between,graph,20,2018_2446506__event_001,0.0125,False
tokyo_152722_relational_between,152722,stress_test,relational_between,graph,21,2018_2446526__event_003,0.012345679012345678,False
tokyo_152722_relational_between,152722,stress_test,relational_between,graph,22,2018_2446535__event_001,0.012195121951219513,False
tokyo_152722_relational_between,152722,stress_test,relational_between,graph,23,2018_2446508__event_002,0.012048192771084338,False
tokyo_152722_relational_between,152722,stress_test,relational_between,graph,24,2018_2446517__event_001,0.011904761904761904,False
tokyo_152722_relational_between,152722,stress_test,relational_between,graph,25,2018_2446548__event_002,0.011764705882352941,False
tokyo_152722_relational_between,152722,stress_test,relational_between,graph,26,2018_2446517__event_003,0.011627906976744186,False
tokyo_152722_relational_between,152722,stress_test,relational_between,graph,27,2018_2446520__event_001,0.011494252873563218,False
tokyo_152722_relational_between,152722,stress_test,relational_between,graph,28,2018_2446571__event_001,0.011363636363636364,False
tokyo_152722_relational_between,152722,stress_test,relational_between,graph,29,2018_2446517__event_002,0.011235955056179775,False
tokyo_152722_relational_between,152722,stress_test,relational_between,graph,30,2018_2446519__event_002,0.011111111111111112,False
tokyo_152722_relational_between,152722,stress_test,relational_between,graph,31,2018_2446519__event_001,0.01098901098901099,False
tokyo_152722_relational_between,152722,stress_test,relational_between,graph,32,2018_2446518__event_002,0.010869565217391304,False
tokyo_152722_relational_between,152722,stress_test,relational_between,graph,33,2018_2446518__event_001,0.010752688172043012,False
tokyo_156873_relational_between,156873,stress_test,relational_between,graph,1,2018_2498147__event_002,0.03278688524590164,True
tokyo_156873_relational_between,156873,stress_test,relational_between,graph,2,2018_2498115__event_001,0.031754032258064516,True
tokyo_156873_relational_between,156873,stress_test,relational_between,graph,3,2018_2498147__event_003,0.03149801587301587,True
tokyo_156873_relational_between,156873,stress_test,relational_between,graph,4,2018_2498115__event_002,0.03125763125763126,True
tokyo_156873_relational_between,156873,stress_test,relational_between,graph,5,2018_2498144__event_001,0.030536130536130537,True
tokyo_156873_relational_between,156873,stress_test,relational_between,graph,6,2018_2498144__event_002,0.03007688828584351,True
tokyo_156873_relational_between,156873,stress_test,relational_between,graph,7,2018_2498147__event_001,0.028629032258064516,True
tokyo_156873_relational_between,156873,stress_test,relational_between,graph,8,2018_2498144__event_003,0.014925373134328358,True
tokyo_156873_relational_between,156873,stress_test,relational_between,graph,9,2018_2498153__event_001,0.014705882352941176,True
tokyo_156873_relational_between,156873,stress_test,relational_between,graph,10,2018_2498121__event_001,0.014492753623188406,True
tokyo_156873_relational_between,156873,stress_test,relational_between,graph,11,2018_2498119__event_001,0.014285714285714285,True
tokyo_156873_relational_between,156873,stress_test,relational_between,graph,12,2018_2498120__event_002,0.014084507042253521,True
tokyo_156873_relational_between,156873,stress_test,relational_between,graph,13,2018_2498121__event_002,0.013888888888888888,True
tokyo_156873_relational_between,156873,stress_test,relational_between,graph,14,2018_2498135__event_001,0.0136986301369863,True
tokyo_156873_relational_between,156873,stress_test,relational_between,graph,15,2018_2498126__event_001,0.013513513513513514,True
tokyo_156873_relational_between,156873,stress_test,relational_between,graph,16,2018_2498120__event_001,0.013333333333333334,True
tokyo_156873_relational_between,156873,stress_test,relational_between,graph,17,2018_2498124__event_002,0.013157894736842105,True
tokyo_156873_relational_between,156873,stress_test,relational_between,graph,18,2018_2498174__event_001,0.012987012987012988,True
tokyo_156873_relational_between,156873,stress_test,relational_between,graph,19,2018_2498133__event_002,0.01282051282051282,True
tokyo_156873_relational_between,156873,stress_test,relational_between,graph,20,2018_2498142__event_001,0.012658227848101266,True
tokyo_156873_relational_between,156873,stress_test,relational_between,graph,21,2018_2498174__event_003,0.012345679012345678,True
tokyo_156873_relational_between,156873,stress_test,relational_between,graph,22,2018_2498157__event_003,0.012195121951219513,True
tokyo_156873_relational_between,156873,stress_test,relational_between,graph,23,2018_2498165__event_001,0.012048192771084338,True
tokyo_156873_relational_between,156873,stress_test,relational_between,graph,24,2018_2498146__event_001,0.011904761904761904,True
tokyo_156873_relational_between,156873,stress_test,relational_between,graph,25,2018_2498136__event_002,0.011764705882352941,True
tokyo_156873_relational_between,156873,stress_test,relational_between,graph,26,2018_2498153__event_002,0.011627906976744186,True
tokyo_156873_relational_between,156873,stress_test,relational_between,graph,27,2018_2498124__event_003,0.011494252873563218,True
tokyo_156873_relational_between,156873,stress_test,relational_between,graph,28,2018_2498143__event_002,0.011363636363636364,True
tokyo_156873_relational_between,156873,stress_test,relational_between,graph,29,2018_2498166__event_001,0.011235955056179775,True
tokyo_156873_relational_between,156873,stress_test,relational_between,graph,30,2018_2498114__event_001,0.011111111111111112,True
tokyo_156873_relational_between,156873,stress_test,relational_between,graph,31,2018_2498135__event_002,0.01098901098901099,True
tokyo_156873_relational_between,156873,stress_test,relational_between,graph,32,2018_2498133__event_001,0.010869565217391304,True
tokyo_156873_relational_between,156873,stress_test,relational_between,graph,33,2018_2498126__event_002,0.010752688172043012,True
tokyo_156873_relational_between,156873,stress_test,relational_between,graph,34,2018_2498157__event_002,0.010638297872340425,True
tokyo_156873_relational_between,156873,stress_test,relational_between,graph,35,2018_2498119__event_002,0.010526315789473684,True
tokyo_156873_relational_between,156873,stress_test,relational_between,graph,36,2018_2498140__event_001,0.010416666666666666,True
tokyo_156873_relational_between,156873,stress_test,relational_between,graph,37,2018_2498170__event_001,0.010309278350515464,True
tokyo_156873_relational_between,156873,stress_test,relational_between,graph,38,2018_2498146__event_002,0.01020408163265306,True
tokyo_156873_relational_between,156873,stress_test,relational_between,graph,39,2018_2498136__event_001,0.010101010101010102,True
tokyo_156873_relational_between,156873,stress_test,relational_between,graph,40,2018_2498174__event_002,0.01,True
tokyo_156873_relational_between,156873,stress_test,relational_between,graph,41,2018_2498155__event_001,0.009900990099009901,True
tokyo_156873_relational_between,156873,stress_test,relational_between,graph,42,2018_2498144__event_004,0.00980392156862745,True
tokyo_156873_relational_between,156873,stress_test,relational_between,graph,43,2018_2498179__event_001,0.009708737864077669,True
tokyo_156873_relational_between,156873,stress_test,relational_between,graph,44,2018_2498142__event_002,0.009615384615384616,True
tokyo_156873_relational_between,156873,stress_test,relational_between,graph,45,2018_2498140__event_002,0.009523809523809525,True
tokyo_156873_relational_between,156873,stress_test,relational_between,graph,46,2018_2498171__event_001,0.009433962264150943,True
tokyo_156873_relational_between,156873,stress_test,relational_between,graph,47,2018_2498171__event_002,0.009345794392523364,True
tokyo_156873_relational_between,156873,stress_test,relational_between,graph,48,2018_2498171__event_003,0.009259259259259259,True
tokyo_156873_relational_between,156873,stress_test,relational_between,graph,49,2018_2498124__event_004,0.009174311926605505,True
tokyo_156873_relational_between,156873,stress_test,relational_between,graph,50,2018_2498165__event_002,0.00909090909090909,True
tokyo_156873_relational_between,156873,stress_test,relational_between,graph,51,2018_2498158__event_002,0.009009009009009009,True
tokyo_156873_relational_between,156873,stress_test,relational_between,graph,52,2018_2498150__event_001,0.008928571428571428,True
tokyo_156873_relational_between,156873,stress_test,relational_between,graph,53,2018_2498145__event_001,0.008849557522123894,True
tokyo_156873_relational_between,156873,stress_test,relational_between,graph,54,2018_2498139__event_002,0.008771929824561403,True
tokyo_156873_relational_between,156873,stress_test,relational_between,graph,55,2018_2498157__event_001,0.008695652173913044,True
tokyo_156873_relational_between,156873,stress_test,relational_between,graph,56,2018_2498117__event_001,0.008620689655172414,True
tokyo_156873_relational_between,156873,stress_test,relational_between,graph,57,2018_2498143__event_001,0.008547008547008548,True
tokyo_156873_relational_between,156873,stress_test,relational_between,graph,58,2018_2498118__event_002,0.00847457627118644,True
tokyo_156873_relational_between,156873,stress_test,relational_between,graph,59,2018_2498123__event_001,0.008403361344537815,True
tokyo_156873_relational_between,156873,stress_test,relational_between,graph,60,2018_2498139__event_001,0.008333333333333333,True
tokyo_156873_relational_between,156873,stress_test,relational_between,graph,61,2018_2498127__event_002,0.008264462809917356,True
tokyo_156873_relational_between,156873,stress_test,relational_between,graph,62,2018_2498145__event_002,0.00819672131147541,True
tokyo_156873_relational_between,156873,stress_test,relational_between,graph,63,2018_2498154__event_001,0.008130081300813009,True
tokyo_156873_relational_between,156873,stress_test,relational_between,graph,64,2018_2498154__event_002,0.008064516129032258,True
tokyo_156873_relational_between,156873,stress_test,relational_between,graph,65,2018_2498149__event_003,0.008,True
tokyo_156873_relational_between,156873,stress_test,relational_between,graph,66,2018_2498155__event_002,0.007936507936507936,True
tokyo_156873_relational_between,156873,stress_test,relational_between,graph,67,2018_2498178__event_001,0.007874015748031496,True
tokyo_156873_relational_between,156873,stress_test,relational_between,graph,68,2018_2498127__event_001,0.0078125,True
tokyo_156873_relational_between,156873,stress_test,relational_between,graph,69,2018_2498175__event_002,0.007751937984496124,True
tokyo_156873_relational_between,156873,stress_test,relational_between,graph,70,2018_2498170__event_002,0.007692307692307693,True
tokyo_156873_relational_between,156873,stress_test,relational_between,graph,71,2018_2498141__event_002,0.007633587786259542,True
tokyo_156873_relational_between,156873,stress_test,relational_between,graph,72,2018_2498130__event_001,0.007575757575757576,True
tokyo_156873_relational_between,156873,stress_test,relational_between,graph,73,2018_2498117__event_002,0.007518796992481203,True
tokyo_156873_relational_between,156873,stress_test,relational_between,graph,74,2018_2498143__event_003,0.007462686567164179,True
tokyo_156873_relational_between,156873,stress_test,relational_between,graph,75,2018_2498126__event_003,0.007407407407407408,True
tokyo_156873_relational_between,156873,stress_test,relational_between,graph,76,2018_2498140__event_003,0.007352941176470588,True
tokyo_156873_relational_between,156873,stress_test,relational_between,graph,77,2018_2498130__event_002,0.0072992700729927005,True
tokyo_156873_relational_between,156873,stress_test,relational_between,graph,78,2018_2498158__event_001,0.007246376811594203,True
tokyo_156873_relational_between,156873,stress_test,relational_between,graph,79,2018_2498179__event_002,0.007194244604316547,True
tokyo_156873_relational_between,156873,stress_test,relational_between,graph,80,2018_2498118__event_001,0.007142857142857143,True
tokyo_156873_relational_between,156873,stress_test,relational_between,graph,81,2018_2498127__event_003,0.0070921985815602835,True
tokyo_156873_relational_between,156873,stress_test,relational_between,graph,82,2018_2498134__event_002,0.007042253521126761,True
tokyo_156873_relational_between,156873,stress_test,relational_between,graph,83,2018_2498178__event_003,0.006993006993006993,True
tokyo_156873_relational_between,156873,stress_test,relational_between,graph,84,2018_2498158__event_003,0.006944444444444444,True
tokyo_156873_relational_between,156873,stress_test,relational_between,graph,85,2018_2498114__event_003,0.006896551724137931,True
tokyo_156873_relational_between,156873,stress_test,relational_between,graph,86,2018_2498134__event_001,0.00684931506849315,True
tokyo_156873_relational_between,156873,stress_test,relational_between,graph,87,2018_2498126__event_004,0.006802721088435374,True
tokyo_156873_relational_between,156873,stress_test,relational_between,graph,88,2018_2498114__event_002,0.006756756756756757,True
tokyo_156873_relational_between,156873,stress_test,relational_between,graph,89,2018_2498175__event_001,0.006711409395973154,True
tokyo_156873_relational_between,156873,stress_test,relational_between,graph,90,2018_2498135__event_003,0.006666666666666667,True
tokyo_156873_relational_between,156873,stress_test,relational_between,graph,91,2018_2498149__event_001,0.006622516556291391,True
tokyo_156873_relational_between,156873,stress_test,relational_between,graph,92,2018_2498119__event_003,0.006578947368421052,True
tokyo_156873_relational_between,156873,stress_test,relational_between,graph,93,2018_2498166__event_002,0.006535947712418301,True
tokyo_156873_relational_between,156873,stress_test,relational_between,graph,94,2018_2498124__event_001,0.006493506493506494,True
tokyo_156873_relational_between,156873,stress_test,relational_between,graph,95,2018_2498128__event_001,0.0064516129032258064,True
tokyo_156873_relational_between,156873,stress_test,relational_between,graph,96,2018_2498167__event_002,0.00641025641025641,True
tokyo_156873_relational_between,156873,stress_test,relational_between,graph,97,2018_2498123__event_002,0.006369426751592357,True
tokyo_156873_relational_between,156873,stress_test,relational_between,graph,98,2018_2498137__event_001,0.006329113924050633,True
tokyo_156873_relational_between,156873,stress_test,relational_between,graph,99,2018_2498137__event_002,0.006289308176100629,True
tokyo_156873_relational_between,156873,stress_test,relational_between,graph,100,2018_2498172__event_002,0.00625,True
tokyo_156873_relational_between,156873,stress_test,relational_between,graph,101,2018_2498117__event_003,0.006211180124223602,True
tokyo_156873_relational_between,156873,stress_test,relational_between,graph,102,2018_2498141__event_001,0.006172839506172839,True
tokyo_156873_relational_between,156873,stress_test,relational_between,graph,103,2018_2498140__event_004,0.006134969325153374,True
tokyo_156873_relational_between,156873,stress_test,relational_between,graph,104,2018_2498167__event_001,0.006097560975609756,True
tokyo_156873_relational_between,156873,stress_test,relational_between,graph,105,2018_2498172__event_001,0.006060606060606061,True
tokyo_156873_relational_between,156873,stress_test,relational_between,graph,106,2018_2498149__event_002,0.006024096385542169,True
tokyo_156873_relational_between,156873,stress_test,relational_between,graph,107,2018_2498128__event_002,0.005988023952095809,True
tokyo_156873_relational_between,156873,stress_test,relational_between,graph,108,2018_2498116__event_002,0.005952380952380952,True
tokyo_156873_relational_between,156873,stress_test,relational_between,graph,109,2018_2498152__event_002,0.005917159763313609,True
tokyo_156873_relational_between,156873,stress_test,relational_between,graph,110,2018_2498166__event_003,0.0058823529411764705,True
tokyo_156873_relational_between,156873,stress_test,relational_between,graph,111,2018_2498138__event_001,0.005847953216374269,True
tokyo_156873_relational_between,156873,stress_test,relational_between,graph,112,2018_2498150__event_002,0.005813953488372093,True
tokyo_156873_relational_between,156873,stress_test,relational_between,graph,113,2018_2498116__event_001,0.005780346820809248,True
tokyo_156873_relational_between,156873,stress_test,relational_between,graph,114,2018_2498152__event_001,0.005747126436781609,True
tokyo_156873_relational_between,156873,stress_test,relational_between,graph,115,2018_2498178__event_002,0.005714285714285714,True
tokyo_156873_relational_between,156873,stress_test,relational_between,graph,116,2018_2498138__event_002,0.005681818181818182,True
tokyo_167728_relational_between,167728,stress_test,relational_between,graph,1,2018_2604374__event_004,0.03278688524590164,True
tokyo_167728_relational_between,167728,stress_test,relational_between,graph,2,2018_2604374__event_005,0.03200204813108039,True
tokyo_167728_relational_between,167728,stress_test,relational_between,graph,3,2018_2604350__event_002,0.03149801587301587,True
tokyo_167728_relational_between,167728,stress_test,relational_between,graph,4,2018_2604374__event_003,0.030834914611005692,True
tokyo_167728_relational_between,167728,stress_test,relational_between,graph,5,2018_2604359__event_002,0.030776515151515152,True
tokyo_167728_relational_between,167728,stress_test,relational_between,graph,6,2018_2604350__event_001,0.030309988518943745,True
tokyo_167728_relational_between,167728,stress_test,relational_between,graph,7,2018_2604352__event_001,0.030090497737556562,True
tokyo_167728_relational_between,167728,stress_test,relational_between,graph,8,2018_2604359__event_001,0.029418126757516764,True
tokyo_167728_relational_between,167728,stress_test,relational_between,graph,9,2018_2604352__event_002,0.028577260665441927,True
tokyo_167728_relational_between,167728,stress_test,relational_between,graph,10,2018_2604378__event_001,0.015151515151515152,True
tokyo_167728_relational_between,167728,stress_test,relational_between,graph,11,2018_2604378__event_002,0.014285714285714285,True
tokyo_167728_relational_between,167728,stress_test,relational_between,graph,12,2018_2604349__event_003,0.013888888888888888,True
tokyo_167728_relational_between,167728,stress_test,relational_between,graph,13,2018_2604362__event_005,0.0136986301369863,True
tokyo_167728_relational_between,167728,stress_test,relational_between,graph,14,2018_2604362__event_006,0.013513513513513514,True
tokyo_167728_relational_between,167728,stress_test,relational_between,graph,15,2018_2604368__event_002,0.013333333333333334,True
tokyo_167728_relational_between,167728,stress_test,relational_between,graph,16,2018_2604368__event_001,0.013157894736842105,True
tokyo_167728_relational_between,167728,stress_test,relational_between,graph,17,2018_2604364__event_001,0.012987012987012988,True
tokyo_167728_relational_between,167728,stress_test,relational_between,graph,18,2018_2604362__event_001,0.01282051282051282,True
tokyo_167728_relational_between,167728,stress_test,relational_between,graph,19,2018_2604362__event_003,0.012658227848101266,True
tokyo_167728_relational_between,167728,stress_test,relational_between,graph,20,2018_2604362__event_004,0.0125,True
tokyo_167728_relational_between,167728,stress_test,relational_between,graph,21,2018_2604378__event_003,0.012345679012345678,True
tokyo_167728_relational_between,167728,stress_test,relational_between,graph,22,2018_2604362__event_002,0.012195121951219513,True
tokyo_167728_relational_between,167728,stress_test,relational_between,graph,23,2018_2604374__event_002,0.012048192771084338,True
tokyo_167728_relational_between,167728,stress_test,relational_between,graph,24,2018_2604364__event_002,0.011904761904761904,True
tokyo_167728_relational_between,167728,stress_test,relational_between,graph,25,2018_2604412__event_001,0.011764705882352941,True
tokyo_167728_relational_between,167728,stress_test,relational_between,graph,26,2018_2604352__event_003,0.011627906976744186,True
tokyo_167728_relational_between,167728,stress_test,relational_between,graph,27,2018_2604366__event_001,0.011494252873563218,True
tokyo_167728_relational_between,167728,stress_test,relational_between,graph,28,2018_2604398__event_001,0.011363636363636364,True
tokyo_167728_relational_between,167728,stress_test,relational_between,graph,29,2018_2604349__event_002,0.011235955056179775,True
tokyo_167728_relational_between,167728,stress_test,relational_between,graph,30,2018_2604366__event_002,0.011111111111111112,True
tokyo_167728_relational_between,167728,stress_test,relational_between,graph,31,2018_2604398__event_002,0.01098901098901099,True
tokyo_167728_relational_between,167728,stress_test,relational_between,graph,32,2018_2604357__event_001,0.010869565217391304,True
tokyo_167728_relational_between,167728,stress_test,relational_between,graph,33,2018_2604412__event_002,0.010752688172043012,True
tokyo_167728_relational_between,167728,stress_test,relational_between,graph,34,2018_2604358__event_001,0.010638297872340425,True
tokyo_167728_relational_between,167728,stress_test,relational_between,graph,35,2018_2604382__event_003,0.010526315789473684,True
tokyo_167728_relational_between,167728,stress_test,relational_between,graph,36,2018_2604416__event_002,0.010416666666666666,True
tokyo_167728_relational_between,167728,stress_test,relational_between,graph,37,2018_2604409__event_002,0.010309278350515464,True
tokyo_167728_relational_between,167728,stress_test,relational_between,graph,38,2018_2604416__event_001,0.01020408163265306,True
tokyo_167728_relational_between,167728,stress_test,relational_between,graph,39,2018_2604357__event_002,0.010101010101010102,True
tokyo_167728_relational_between,167728,stress_test,relational_between,graph,40,2018_2604402__event_003,0.01,True
tokyo_167728_relational_between,167728,stress_test,relational_between,graph,41,2018_2604382__event_002,0.009900990099009901,True
tokyo_167728_relational_between,167728,stress_test,relational_between,graph,42,2018_2604409__event_001,0.00980392156862745,True
tokyo_167728_relational_between,167728,stress_test,relational_between,graph,43,2018_2604406__event_002,0.009708737864077669,True
tokyo_167728_relational_between,167728,stress_test,relational_between,graph,44,2018_2604382__event_001,0.009615384615384616,True
tokyo_167728_relational_between,167728,stress_test,relational_between,graph,45,2018_2604396__event_001,0.009523809523809525,True
tokyo_167728_relational_between,167728,stress_test,relational_between,graph,46,2018_2604352__event_005,0.009433962264150943,True
tokyo_167728_relational_between,167728,stress_test,relational_between,graph,47,2018_2604406__event_001,0.009345794392523364,True
tokyo_167728_relational_between,167728,stress_test,relational_between,graph,48,2018_2604358__event_002,0.009259259259259259,True
tokyo_167728_relational_between,167728,stress_test,relational_between,graph,49,2018_2604352__event_004,0.009174311926605505,True
tokyo_167728_relational_between,167728,stress_test,relational_between,graph,50,2018_2604411__event_002,0.00909090909090909,True
tokyo_167728_relational_between,167728,stress_test,relational_between,graph,51,2018_2604402__event_002,0.009009009009009009,True
tokyo_167728_relational_between,167728,stress_test,relational_between,graph,52,2018_2604374__event_001,0.008928571428571428,True
tokyo_167728_relational_between,167728,stress_test,relational_between,graph,53,2018_2604366__event_003,0.008849557522123894,True
tokyo_167728_relational_between,167728,stress_test,relational_between,graph,54,2018_2604396__event_002,0.008771929824561403,True
tokyo_167728_relational_between,167728,stress_test,relational_between,graph,55,2018_2604345__event_002,0.008695652173913044,True
tokyo_167728_relational_between,167728,stress_test,relational_between,graph,56,2018_2604402__event_001,0.008620689655172414,True
tokyo_167728_relational_between,167728,stress_test,relational_between,graph,57,2018_2604349__event_001,0.008547008547008548,True
tokyo_167728_relational_between,167728,stress_test,relational_between,graph,58,2018_2604345__event_001,0.00847457627118644,True
tokyo_167728_relational_between,167728,stress_test,relational_between,graph,59,2018_2604411__event_001,0.008403361344537815,True
tokyo_169053_relational_between,169053,stress_test,relational_between,graph,1,2018_2620285__event_003,0.03278688524590164,False
tokyo_169053_relational_between,169053,stress_test,relational_between,graph,2,2018_2620285__event_001,0.03200204813108039,False
tokyo_169053_relational_between,169053,stress_test,relational_between,graph,3,2018_2620285__event_002,0.031754032258064516,False
tokyo_169053_relational_between,169053,stress_test,relational_between,graph,4,2018_2620269__event_001,0.03149801587301587,False
tokyo_169053_relational_between,169053,stress_test,relational_between,graph,5,2018_2620269__event_002,0.03076923076923077,False
tokyo_169053_relational_between,169053,stress_test,relational_between,graph,6,2018_2620302__event_001,0.015151515151515152,False
tokyo_169053_relational_between,169053,stress_test,relational_between,graph,7,2018_2620268__event_002,0.014925373134328358,False
tokyo_169053_relational_between,169053,stress_test,relational_between,graph,8,2018_2620294__event_001,0.014705882352941176,False
tokyo_169053_relational_between,169053,stress_test,relational_between,graph,9,2018_2620313__event_001,0.014492753623188406,False
tokyo_169053_relational_between,169053,stress_test,relational_between,graph,10,2018_2620250__event_001,0.014285714285714285,False
tokyo_169053_relational_between,169053,stress_test,relational_between,graph,11,2018_2620313__event_002,0.014084507042253521,False
tokyo_169053_relational_between,169053,stress_test,relational_between,graph,12,2018_2620294__event_002,0.013888888888888888,False
tokyo_169053_relational_between,169053,stress_test,relational_between,graph,13,2018_2620287__event_001,0.0136986301369863,False
tokyo_169053_relational_between,169053,stress_test,relational_between,graph,14,2018_2620268__event_001,0.013513513513513514,False
tokyo_169053_relational_between,169053,stress_test,relational_between,graph,15,2018_2620302__event_002,0.013333333333333334,False
tokyo_169053_relational_between,169053,stress_test,relational_between,graph,16,2018_2620254__event_001,0.013157894736842105,False
tokyo_169053_relational_between,169053,stress_test,relational_between,graph,17,2018_2620311__event_002,0.012987012987012988,False
tokyo_169053_relational_between,169053,stress_test,relational_between,graph,18,2018_2620311__event_001,0.01282051282051282,False
tokyo_169053_relational_between,169053,stress_test,relational_between,graph,19,2018_2620297__event_002,0.012658227848101266,False
tokyo_169053_relational_between,169053,stress_test,relational_between,graph,20,2018_2620297__event_001,0.0125,False
tokyo_169053_relational_between,169053,stress_test,relational_between,graph,21,2018_2620302__event_003,0.012345679012345678,False
tokyo_169053_relational_between,169053,stress_test,relational_between,graph,22,2018_2620250__event_002,0.012195121951219513,False
tokyo_169053_relational_between,169053,stress_test,relational_between,graph,23,2018_2620287__event_002,0.012048192771084338,False
tokyo_169053_relational_between,169053,stress_test,relational_between,graph,24,2018_2620302__event_004,0.011904761904761904,False
tokyo_169053_relational_between,169053,stress_test,relational_between,graph,25,2018_2620254__event_002,0.011764705882352941,False
tokyo_171659_relational_between,171659,stress_test,relational_between,graph,1,2018_2647186__event_002,0.03278688524590164,False
tokyo_171659_relational_between,171659,stress_test,relational_between,graph,2,2018_2647186__event_001,0.03225806451612903,False
tokyo_171659_relational_between,171659,stress_test,relational_between,graph,3,2018_2647177__event_002,0.03149801587301587,False
tokyo_171659_relational_between,171659,stress_test,relational_between,graph,4,2018_2647186__event_003,0.03149801587301587,False
tokyo_171659_relational_between,171659,stress_test,relational_between,graph,5,2018_2647177__event_001,0.030536130536130537,False
tokyo_171659_relational_between,171659,stress_test,relational_between,graph,6,2018_2647177__event_003,0.030536130536130537,False
tokyo_171659_relational_between,171659,stress_test,relational_between,graph,7,2018_2647177__event_004,0.026830135039090264,False
tokyo_171659_relational_between,171659,stress_test,relational_between,graph,8,2018_2647180__event_001,0.014925373134328358,False
tokyo_171659_relational_between,171659,stress_test,relational_between,graph,9,2018_2647182__event_001,0.014705882352941176,False
tokyo_171659_relational_between,171659,stress_test,relational_between,graph,10,2018_2647197__event_001,0.014492753623188406,False
tokyo_171659_relational_between,171659,stress_test,relational_between,graph,11,2018_2647182__event_002,0.014285714285714285,False
tokyo_171659_relational_between,171659,stress_test,relational_between,graph,12,2018_2647199__event_001,0.014084507042253521,False
tokyo_171659_relational_between,171659,stress_test,relational_between,graph,13,2018_2647196__event_001,0.013888888888888888,False
tokyo_171659_relational_between,171659,stress_test,relational_between,graph,14,2018_2647187__event_001,0.0136986301369863,False
tokyo_171659_relational_between,171659,stress_test,relational_between,graph,15,2018_2647180__event_002,0.013513513513513514,False
tokyo_171659_relational_between,171659,stress_test,relational_between,graph,16,2018_2647182__event_003,0.013333333333333334,False
tokyo_171659_relational_between,171659,stress_test,relational_between,graph,17,2018_2647197__event_002,0.013157894736842105,False
tokyo_171659_relational_between,171659,stress_test,relational_between,graph,18,2018_2647175__event_001,0.012987012987012988,False
tokyo_171659_relational_between,171659,stress_test,relational_between,graph,19,2018_2647176__event_001,0.01282051282051282,False
tokyo_171659_relational_between,171659,stress_test,relational_between,graph,20,2018_2647175__event_002,0.012658227848101266,False
tokyo_171659_relational_between,171659,stress_test,relational_between,graph,21,2018_2647196__event_002,0.0125,False
tokyo_171659_relational_between,171659,stress_test,relational_between,graph,22,2018_2647199__event_002,0.012345679012345678,False
tokyo_171659_relational_between,171659,stress_test,relational_between,graph,23,2018_2647187__event_002,0.012195121951219513,False
tokyo_171659_relational_between,171659,stress_test,relational_between,graph,24,2018_2647176__event_002,0.012048192771084338,False
tokyo_171659_relational_between,171659,stress_test,relational_between,graph,25,2018_2647205__event_002,0.011764705882352941,False
tokyo_171659_relational_between,171659,stress_test,relational_between,graph,26,2018_2647205__event_001,0.011627906976744186,False
tokyo_178798_relational_between,178798,stress_test,relational_between,graph,1,2018_2707932__event_002,0.03278688524590164,False
tokyo_178798_relational_between,178798,stress_test,relational_between,graph,2,2018_2707932__event_003,0.03200204813108039,False
tokyo_178798_relational_between,178798,stress_test,relational_between,graph,3,2018_2707932__event_001,0.031754032258064516,False
tokyo_178798_relational_between,178798,stress_test,relational_between,graph,4,2018_2707945__event_002,0.03149801587301587,False
tokyo_178798_relational_between,178798,stress_test,relational_between,graph,5,2018_2707945__event_001,0.03076923076923077,False
tokyo_178798_relational_between,178798,stress_test,relational_between,graph,6,2018_2707926__event_003,0.015151515151515152,False
tokyo_178798_relational_between,178798,stress_test,relational_between,graph,7,2018_2707923__event_002,0.014925373134328358,False
tokyo_178798_relational_between,178798,stress_test,relational_between,graph,8,2018_2707929__event_001,0.014705882352941176,False
tokyo_178798_relational_between,178798,stress_test,relational_between,graph,9,2018_2707935__event_002,0.014492753623188406,False
tokyo_178798_relational_between,178798,stress_test,relational_between,graph,10,2018_2707928__event_001,0.014285714285714285,False
tokyo_178798_relational_between,178798,stress_test,relational_between,graph,11,2018_2707928__event_002,0.014084507042253521,False
tokyo_178798_relational_between,178798,stress_test,relational_between,graph,12,2018_2707926__event_002,0.013888888888888888,False
tokyo_178798_relational_between,178798,stress_test,relational_between,graph,13,2018_2707929__event_002,0.0136986301369863,False
tokyo_178798_relational_between,178798,stress_test,relational_between,graph,14,2018_2707939__event_002,0.013513513513513514,False
tokyo_178798_relational_between,178798,stress_test,relational_between,graph,15,2018_2707936__event_001,0.013333333333333334,False
tokyo_178798_relational_between,178798,stress_test,relational_between,graph,16,2018_2707926__event_001,0.013157894736842105,False
tokyo_178798_relational_between,178798,stress_test,relational_between,graph,17,2018_2707936__event_002,0.012987012987012988,False
tokyo_178798_relational_between,178798,stress_test,relational_between,graph,18,2018_2707923__event_001,0.01282051282051282,False
tokyo_178798_relational_between,178798,stress_test,relational_between,graph,19,2018_2707935__event_001,0.012658227848101266,False
tokyo_178798_relational_between,178798,stress_test,relational_between,graph,20,2018_2707939__event_001,0.0125,False
tokyo_178798_relational_between,178798,stress_test,relational_between,graph,21,2018_2707934__event_002,0.012345679012345678,False
tokyo_178798_relational_between,178798,stress_test,relational_between,graph,22,2018_2707940__event_001,0.012195121951219513,False
tokyo_178798_relational_between,178798,stress_test,relational_between,graph,23,2018_2707940__event_002,0.012048192771084338,False
tokyo_178798_relational_between,178798,stress_test,relational_between,graph,24,2018_2707934__event_001,0.011904761904761904,False
tokyo_178798_relational_between,178798,stress_test,relational_between,graph,25,2018_2707942__event_002,0.011764705882352941,False
tokyo_178798_relational_between,178798,stress_test,relational_between,graph,26,2018_2707942__event_001,0.011627906976744186,False
tokyo_19379_relational_between,19379,stress_test,relational_between,graph,1,2018_395435__event_001,0.03278688524590164,True
tokyo_19379_relational_between,19379,stress_test,relational_between,graph,2,2018_395427__event_001,0.03200204813108039,True
tokyo_19379_relational_between,19379,stress_test,relational_between,graph,3,2018_395498__event_001,0.03125763125763126,True
tokyo_19379_relational_between,19379,stress_test,relational_between,graph,4,2018_395498__event_002,0.030776515151515152,True
tokyo_19379_relational_between,19379,stress_test,relational_between,graph,5,2018_395417__event_002,0.030309988518943745,True
tokyo_19379_relational_between,19379,stress_test,relational_between,graph,6,2018_395435__event_002,0.02803379416282642,True
tokyo_19379_relational_between,19379,stress_test,relational_between,graph,7,2018_395427__event_002,0.027252906976744186,True
tokyo_19379_relational_between,19379,stress_test,relational_between,graph,8,2018_395417__event_001,0.026754075124025514,True
tokyo_19379_relational_between,19379,stress_test,relational_between,graph,9,2018_395436__event_002,0.015151515151515152,True
tokyo_19379_relational_between,19379,stress_test,relational_between,graph,10,2018_395382__event_001,0.014925373134328358,True
tokyo_19379_relational_between,19379,stress_test,relational_between,graph,11,2018_395370__event_003,0.014705882352941176,True
tokyo_19379_relational_between,19379,stress_test,relational_between,graph,12,2018_395370__event_001,0.014492753623188406,True
tokyo_19379_relational_between,19379,stress_test,relational_between,graph,13,2018_395342__event_002,0.014285714285714285,True
tokyo_19379_relational_between,19379,stress_test,relational_between,graph,14,2018_395302__event_001,0.014084507042253521,True
tokyo_19379_relational_between,19379,stress_test,relational_between,graph,15,2018_395431__event_002,0.013888888888888888,True
tokyo_19379_relational_between,19379,stress_test,relational_between,graph,16,2018_395493__event_002,0.0136986301369863,True
tokyo_19379_relational_between,19379,stress_test,relational_between,graph,17,2018_395514__event_002,0.013513513513513514,True
tokyo_19379_relational_between,19379,stress_test,relational_between,graph,18,2018_395347__event_002,0.013333333333333334,True
tokyo_19379_relational_between,19379,stress_test,relational_between,graph,19,2018_395290__event_001,0.013157894736842105,True
tokyo_19379_relational_between,19379,stress_test,relational_between,graph,20,2018_395281__event_002,0.012987012987012988,True
tokyo_19379_relational_between,19379,stress_test,relational_between,graph,21,2018_395325__event_002,0.01282051282051282,True
tokyo_19379_relational_between,19379,stress_test,relational_between,graph,22,2018_395315__event_001,0.012658227848101266,True
tokyo_19379_relational_between,19379,stress_test,relational_between,graph,23,2018_395519__event_002,0.0125,True
tokyo_19379_relational_between,19379,stress_test,relational_between,graph,24,2018_395381__event_001,0.012345679012345678,True
tokyo_19379_relational_between,19379,stress_test,relational_between,graph,25,2018_395370__event_002,0.012195121951219513,True
tokyo_19379_relational_between,19379,stress_test,relational_between,graph,26,2018_395436__event_001,0.011764705882352941,True
tokyo_19379_relational_between,19379,stress_test,relational_between,graph,27,2018_395342__event_001,0.011494252873563218,True
tokyo_19379_relational_between,19379,stress_test,relational_between,graph,28,2018_395382__event_002,0.011363636363636364,True
tokyo_19379_relational_between,19379,stress_test,relational_between,graph,29,2018_395302__event_002,0.011235955056179775,True
tokyo_19379_relational_between,19379,stress_test,relational_between,graph,30,2018_395514__event_001,0.011111111111111112,True
tokyo_19379_relational_between,19379,stress_test,relational_between,graph,31,2018_395431__event_001,0.01098901098901099,True
tokyo_19379_relational_between,19379,stress_test,relational_between,graph,32,2018_395347__event_001,0.010869565217391304,True
tokyo_19379_relational_between,19379,stress_test,relational_between,graph,33,2018_395290__event_002,0.010752688172043012,True
tokyo_19379_relational_between,19379,stress_test,relational_between,graph,34,2018_395493__event_001,0.010638297872340425,True
tokyo_19379_relational_between,19379,stress_test,relational_between,graph,35,2018_395281__event_001,0.010526315789473684,True
tokyo_19379_relational_between,19379,stress_test,relational_between,graph,36,2018_395325__event_001,0.010416666666666666,True
tokyo_19379_relational_between,19379,stress_test,relational_between,graph,37,2018_395325__event_003,0.010309278350515464,True
tokyo_19379_relational_between,19379,stress_test,relational_between,graph,38,2018_395315__event_002,0.01020408163265306,True
tokyo_19379_relational_between,19379,stress_test,relational_between,graph,39,2018_395519__event_001,0.010101010101010102,True
tokyo_19379_relational_between,19379,stress_test,relational_between,graph,40,2018_395380__event_002,0.01,True
tokyo_19379_relational_between,19379,stress_test,relational_between,graph,41,2018_395380__event_001,0.009900990099009901,True
tokyo_19379_relational_between,19379,stress_test,relational_between,graph,42,2018_395381__event_002,0.00980392156862745,True
tokyo_19379_relational_between,19379,stress_test,relational_between,graph,43,2018_395384__event_002,0.009708737864077669,True
tokyo_19379_relational_between,19379,stress_test,relational_between,graph,44,2018_395345__event_002,0.009615384615384616,True
tokyo_19379_relational_between,19379,stress_test,relational_between,graph,45,2018_395374__event_003,0.009523809523809525,True
tokyo_19379_relational_between,19379,stress_test,relational_between,graph,46,2018_395345__event_001,0.009433962264150943,True
tokyo_19379_relational_between,19379,stress_test,relational_between,graph,47,2018_395384__event_001,0.009345794392523364,True
tokyo_19379_relational_between,19379,stress_test,relational_between,graph,48,2018_395513__event_001,0.009259259259259259,True
tokyo_19379_relational_between,19379,stress_test,relational_between,graph,49,2018_395374__event_002,0.009174311926605505,True
tokyo_19379_relational_between,19379,stress_test,relational_between,graph,50,2018_395490__event_001,0.00909090909090909,True
tokyo_19379_relational_between,19379,stress_test,relational_between,graph,51,2018_395361__event_001,0.009009009009009009,True
tokyo_19379_relational_between,19379,stress_test,relational_between,graph,52,2018_395366__event_002,0.008928571428571428,True
tokyo_19379_relational_between,19379,stress_test,relational_between,graph,53,2018_395489__event_001,0.008849557522123894,True
tokyo_19379_relational_between,19379,stress_test,relational_between,graph,54,2018_395294__event_001,0.008771929824561403,True
tokyo_19379_relational_between,19379,stress_test,relational_between,graph,55,2018_395452__event_001,0.008695652173913044,True
tokyo_19379_relational_between,19379,stress_test,relational_between,graph,56,2018_395490__event_002,0.008620689655172414,True
tokyo_19379_relational_between,19379,stress_test,relational_between,graph,57,2018_395362__event_001,0.008547008547008548,True
tokyo_19379_relational_between,19379,stress_test,relational_between,graph,58,2018_395497__event_001,0.00847457627118644,True
tokyo_19379_relational_between,19379,stress_test,relational_between,graph,59,2018_395404__event_002,0.008403361344537815,True
tokyo_19379_relational_between,19379,stress_test,relational_between,graph,60,2018_395387__event_002,0.008333333333333333,True
tokyo_19379_relational_between,19379,stress_test,relational_between,graph,61,2018_395404__event_001,0.008264462809917356,True
tokyo_19379_relational_between,19379,stress_test,relational_between,graph,62,2018_395480__event_001,0.00819672131147541,True
tokyo_19379_relational_between,19379,stress_test,relational_between,graph,63,2018_395361__event_002,0.008130081300813009,True
tokyo_19379_relational_between,19379,stress_test,relational_between,graph,64,2018_395497__event_002,0.008064516129032258,True
tokyo_19379_relational_between,19379,stress_test,relational_between,graph,65,2018_395480__event_002,0.008,True
tokyo_19379_relational_between,19379,stress_test,relational_between,graph,66,2018_395452__event_002,0.007936507936507936,True
tokyo_19379_relational_between,19379,stress_test,relational_between,graph,67,2018_395366__event_001,0.007874015748031496,True
tokyo_19379_relational_between,19379,stress_test,relational_between,graph,68,2018_395489__event_002,0.0078125,True
tokyo_19379_relational_between,19379,stress_test,relational_between,graph,69,2018_395327__event_001,0.007751937984496124,True
tokyo_19379_relational_between,19379,stress_test,relational_between,graph,70,2018_395327__event_002,0.007692307692307693,True
tokyo_19379_relational_between,19379,stress_test,relational_between,graph,71,2018_395374__event_001,0.007633587786259542,True
tokyo_19379_relational_between,19379,stress_test,relational_between,graph,72,2018_395513__event_002,0.007575757575757576,True
tokyo_19379_relational_between,19379,stress_test,relational_between,graph,73,2018_395362__event_003,0.007518796992481203,True
tokyo_19379_relational_between,19379,stress_test,relational_between,graph,74,2018_395294__event_002,0.007462686567164179,True
tokyo_19379_relational_between,19379,stress_test,relational_between,graph,75,2018_395387__event_001,0.007407407407407408,True
tokyo_19379_relational_between,19379,stress_test,relational_between,graph,76,2018_395340__event_001,0.007352941176470588,True
tokyo_19379_relational_between,19379,stress_test,relational_between,graph,77,2018_395340__event_002,0.0072992700729927005,True
tokyo_19379_relational_between,19379,stress_test,relational_between,graph,78,2018_395333__event_002,0.007246376811594203,True
tokyo_19379_relational_between,19379,stress_test,relational_between,graph,79,2018_395362__event_002,0.007194244604316547,True
tokyo_19379_relational_between,19379,stress_test,relational_between,graph,80,2018_395333__event_001,0.007142857142857143,True
tokyo_210254_relational_between,210254,stress_test,relational_between,graph,1,2018_2949696__event_003,0.03278688524590164,False
tokyo_210254_relational_between,210254,stress_test,relational_between,graph,2,2018_2949695__event_002,0.031754032258064516,False
tokyo_210254_relational_between,210254,stress_test,relational_between,graph,3,2018_2949696__event_004,0.031746031746031744,False
tokyo_210254_relational_between,210254,stress_test,relational_between,graph,4,2018_2949696__event_002,0.031054405392392875,False
tokyo_210254_relational_between,210254,stress_test,relational_between,graph,5,2018_2949678__event_002,0.030776515151515152,False
tokyo_210254_relational_between,210254,stress_test,relational_between,graph,6,2018_2949695__event_001,0.030536130536130537,False
tokyo_210254_relational_between,210254,stress_test,relational_between,graph,7,2018_2949678__event_001,0.030309988518943745,False
tokyo_210254_relational_between,210254,stress_test,relational_between,graph,8,2018_2949702__event_001,0.014705882352941176,False
tokyo_210254_relational_between,210254,stress_test,relational_between,graph,9,2018_2949684__event_001,0.014492753623188406,False
tokyo_210254_relational_between,210254,stress_test,relational_between,graph,10,2018_2949692__event_001,0.014285714285714285,False
tokyo_210254_relational_between,210254,stress_test,relational_between,graph,11,2018_2949684__event_002,0.014084507042253521,False
tokyo_210254_relational_between,210254,stress_test,relational_between,graph,12,2018_2949696__event_001,0.013888888888888888,False
tokyo_210254_relational_between,210254,stress_test,relational_between,graph,13,2018_2949690__event_001,0.0136986301369863,False
tokyo_210254_relational_between,210254,stress_test,relational_between,graph,14,2018_2949691__event_002,0.013513513513513514,False
tokyo_210254_relational_between,210254,stress_test,relational_between,graph,15,2018_2949690__event_002,0.013333333333333334,False
tokyo_210254_relational_between,210254,stress_test,relational_between,graph,16,2018_2949692__event_002,0.013157894736842105,False
tokyo_210254_relational_between,210254,stress_test,relational_between,graph,17,2018_2949676__event_001,0.012987012987012988,False
tokyo_210254_relational_between,210254,stress_test,relational_between,graph,18,2018_2949693__event_001,0.01282051282051282,False
tokyo_210254_relational_between,210254,stress_test,relational_between,graph,19,2018_2949693__event_002,0.012658227848101266,False
tokyo_210254_relational_between,210254,stress_test,relational_between,graph,20,2018_2949676__event_002,0.0125,False
tokyo_210254_relational_between,210254,stress_test,relational_between,graph,21,2018_2949702__event_002,0.012345679012345678,False
tokyo_210254_relational_between,210254,stress_test,relational_between,graph,22,2018_2949691__event_001,0.012195121951219513,False
tokyo_210254_relational_between,210254,stress_test,relational_between,graph,23,2018_2949690__event_003,0.012048192771084338,False
tokyo_210254_relational_between,210254,stress_test,relational_between,graph,24,2018_2949683__event_002,0.011904761904761904,False
tokyo_210254_relational_between,210254,stress_test,relational_between,graph,25,2018_2949686__event_002,0.011764705882352941,False
tokyo_210254_relational_between,210254,stress_test,relational_between,graph,26,2018_2949689__event_001,0.011627906976744186,False
tokyo_210254_relational_between,210254,stress_test,relational_between,graph,27,2018_2949689__event_002,0.011494252873563218,False
tokyo_210254_relational_between,210254,stress_test,relational_between,graph,28,2018_2949683__event_001,0.011363636363636364,False
tokyo_210254_relational_between,210254,stress_test,relational_between,graph,29,2018_2949686__event_001,0.011235955056179775,False
tokyo_223807_relational_between,223807,stress_test,relational_between,graph,1,2018_3045879__event_003,0.03278688524590164,False
tokyo_223807_relational_between,223807,stress_test,relational_between,graph,2,2018_3045879__event_002,0.03225806451612903,False
tokyo_223807_relational_between,223807,stress_test,relational_between,graph,3,2018_3045879__event_004,0.031746031746031744,False
tokyo_223807_relational_between,223807,stress_test,relational_between,graph,4,2018_3045879__event_001,0.03125,False
tokyo_223807_relational_between,223807,stress_test,relational_between,graph,5,2018_3045879__event_005,0.03076923076923077,False
tokyo_223807_relational_between,223807,stress_test,relational_between,graph,6,2018_3045886__event_002,0.015151515151515152,False
tokyo_223807_relational_between,223807,stress_test,relational_between,graph,7,2018_3045888__event_002,0.014925373134328358,False
tokyo_223807_relational_between,223807,stress_test,relational_between,graph,8,2018_3045886__event_001,0.014705882352941176,False
tokyo_223807_relational_between,223807,stress_test,relational_between,graph,9,2018_3045888__event_001,0.014492753623188406,False
tokyo_223807_relational_between,223807,stress_test,relational_between,graph,10,2018_3045895__event_001,0.014285714285714285,False
tokyo_223807_relational_between,223807,stress_test,relational_between,graph,11,2018_3045895__event_002,0.014084507042253521,False
tokyo_223807_relational_between,223807,stress_test,relational_between,graph,12,2018_3045903__event_002,0.013888888888888888,False
tokyo_223807_relational_between,223807,stress_test,relational_between,graph,13,2018_3045880__event_002,0.0136986301369863,False
tokyo_223807_relational_between,223807,stress_test,relational_between,graph,14,2018_3045890__event_001,0.013513513513513514,False
tokyo_223807_relational_between,223807,stress_test,relational_between,graph,15,2018_3045900__event_001,0.013333333333333334,False
tokyo_223807_relational_between,223807,stress_test,relational_between,graph,16,2018_3045890__event_002,0.013157894736842105,False
tokyo_223807_relational_between,223807,stress_test,relational_between,graph,17,2018_3045903__event_001,0.012987012987012988,False
tokyo_223807_relational_between,223807,stress_test,relational_between,graph,18,2018_3045885__event_001,0.01282051282051282,False
tokyo_223807_relational_between,223807,stress_test,relational_between,graph,19,2018_3045877__event_001,0.012658227848101266,False
tokyo_223807_relational_between,223807,stress_test,relational_between,graph,20,2018_3045900__event_002,0.0125,False
tokyo_223807_relational_between,223807,stress_test,relational_between,graph,21,2018_3045880__event_001,0.012345679012345678,False
tokyo_223807_relational_between,223807,stress_test,relational_between,graph,22,2018_3045877__event_002,0.012195121951219513,False
tokyo_223807_relational_between,223807,stress_test,relational_between,graph,23,2018_3045878__event_003,0.012048192771084338,False
tokyo_223807_relational_between,223807,stress_test,relational_between,graph,24,2018_3045885__event_002,0.011904761904761904,False
tokyo_223807_relational_between,223807,stress_test,relational_between,graph,25,2018_3045878__event_002,0.011764705882352941,False
tokyo_223807_relational_between,223807,stress_test,relational_between,graph,26,2018_3045878__event_001,0.011627906976744186,False
tokyo_2309_relational_between,2309,stress_test,relational_between,graph,1,2018_50035__event_004,0.03278688524590164,False
tokyo_2309_relational_between,2309,stress_test,relational_between,graph,2,2018_50035__event_003,0.03225806451612903,False
tokyo_2309_relational_between,2309,stress_test,relational_between,graph,3,2018_50057__event_001,0.03149801587301587,False
tokyo_2309_relational_between,2309,stress_test,relational_between,graph,4,2018_50035__event_002,0.030798389007344232,False
tokyo_2309_relational_between,2309,stress_test,relational_between,graph,5,2018_50038__event_002,0.030776515151515152,False
tokyo_2309_relational_between,2309,stress_test,relational_between,graph,6,2018_50031__event_002,0.030090497737556562,False
tokyo_2309_relational_between,2309,stress_test,relational_between,graph,7,2018_50057__event_002,0.030090497737556562,False
tokyo_2309_relational_between,2309,stress_test,relational_between,graph,8,2018_50038__event_001,0.029211087420042643,False
tokyo_2309_relational_between,2309,stress_test,relational_between,graph,9,2018_50031__event_001,0.028985507246376812,False
tokyo_2309_relational_between,2309,stress_test,relational_between,graph,10,2018_50031__event_003,0.027984344422700584,False
tokyo_2309_relational_between,2309,stress_test,relational_between,graph,11,2018_50033__event_002,0.015151515151515152,False
tokyo_2309_relational_between,2309,stress_test,relational_between,graph,12,2018_50033__event_001,0.014084507042253521,False
tokyo_2309_relational_between,2309,stress_test,relational_between,graph,13,2018_50035__event_001,0.013888888888888888,False
tokyo_2309_relational_between,2309,stress_test,relational_between,graph,14,2018_50057__event_003,0.013513513513513514,False
tokyo_2309_relational_between,2309,stress_test,relational_between,graph,15,2018_50056__event_002,0.013333333333333334,False
tokyo_2309_relational_between,2309,stress_test,relational_between,graph,16,2018_50033__event_003,0.013157894736842105,False
tokyo_2309_relational_between,2309,stress_test,relational_between,graph,17,2018_50037__event_002,0.012987012987012988,False
tokyo_2309_relational_between,2309,stress_test,relational_between,graph,18,2018_50056__event_001,0.01282051282051282,False
tokyo_2309_relational_between,2309,stress_test,relational_between,graph,19,2018_50042__event_001,0.012658227848101266,False
tokyo_2309_relational_between,2309,stress_test,relational_between,graph,20,2018_50055__event_001,0.0125,False
tokyo_2309_relational_between,2309,stress_test,relational_between,graph,21,2018_50037__event_003,0.012345679012345678,False
tokyo_2309_relational_between,2309,stress_test,relational_between,graph,22,2018_50051__event_001,0.012195121951219513,False
tokyo_2309_relational_between,2309,stress_test,relational_between,graph,23,2018_50042__event_002,0.012048192771084338,False
tokyo_2309_relational_between,2309,stress_test,relational_between,graph,24,2018_50051__event_002,0.011904761904761904,False
tokyo_2309_relational_between,2309,stress_test,relational_between,graph,25,2018_50055__event_002,0.011764705882352941,False
tokyo_2309_relational_between,2309,stress_test,relational_between,graph,26,2018_50037__event_001,0.011627906976744186,False
tokyo_2309_relational_between,2309,stress_test,relational_between,graph,27,2018_50041__event_001,0.011494252873563218,False
tokyo_2309_relational_between,2309,stress_test,relational_between,graph,28,2018_50060__event_002,0.011363636363636364,False
tokyo_2309_relational_between,2309,stress_test,relational_between,graph,29,2018_50060__event_001,0.011235955056179775,False
tokyo_2309_relational_between,2309,stress_test,relational_between,graph,30,2018_50040__event_002,0.011111111111111112,False
tokyo_2309_relational_between,2309,stress_test,relational_between,graph,31,2018_50041__event_002,0.01098901098901099,False
tokyo_2309_relational_between,2309,stress_test,relational_between,graph,32,2018_50059__event_002,0.010869565217391304,False
tokyo_2309_relational_between,2309,stress_test,relational_between,graph,33,2018_50059__event_001,0.010752688172043012,False
tokyo_2309_relational_between,2309,stress_test,relational_between,graph,34,2018_50040__event_001,0.010638297872340425,False
tokyo_23925_relational_between,23925,stress_test,relational_between,graph,1,2018_485886__event_002,0.03278688524590164,False
tokyo_23925_relational_between,23925,stress_test,relational_between,graph,2,2018_485886__event_001,0.03225806451612903,False
tokyo_23925_relational_between,23925,stress_test,relational_between,graph,3,2018_485935__event_002,0.031746031746031744,False
tokyo_23925_relational_between,23925,stress_test,relational_between,graph,4,2018_485935__event_001,0.03125,False
tokyo_23925_relational_between,23925,stress_test,relational_between,graph,5,2018_485882__event_002,0.030536130536130537,False
tokyo_23925_relational_between,23925,stress_test,relational_between,graph,6,2018_485935__event_003,0.030536130536130537,False
tokyo_23925_relational_between,23925,stress_test,relational_between,graph,7,2018_485882__event_001,0.029418126757516764,False
tokyo_23925_relational_between,23925,stress_test,relational_between,graph,8,2018_485910__event_004,0.014925373134328358,False
tokyo_23925_relational_between,23925,stress_test,relational_between,graph,9,2018_485933__event_003,0.014705882352941176,False
tokyo_23925_relational_between,23925,stress_test,relational_between,graph,10,2018_485933__event_002,0.014285714285714285,False
tokyo_23925_relational_between,23925,stress_test,relational_between,graph,11,2018_485910__event_003,0.014084507042253521,False
tokyo_23925_relational_between,23925,stress_test,relational_between,graph,12,2018_485910__event_002,0.013888888888888888,False
tokyo_23925_relational_between,23925,stress_test,relational_between,graph,13,2018_485902__event_001,0.0136986301369863,False
tokyo_23925_relational_between,23925,stress_test,relational_between,graph,14,2018_485910__event_001,0.013513513513513514,False
tokyo_23925_relational_between,23925,stress_test,relational_between,graph,15,2018_485917__event_001,0.013333333333333334,False
tokyo_23925_relational_between,23925,stress_test,relational_between,graph,16,2018_485944__event_001,0.013157894736842105,False
tokyo_23925_relational_between,23925,stress_test,relational_between,graph,17,2018_485934__event_001,0.012987012987012988,False
tokyo_23925_relational_between,23925,stress_test,relational_between,graph,18,2018_485887__event_001,0.01282051282051282,False
tokyo_23925_relational_between,23925,stress_test,relational_between,graph,19,2018_485912__event_001,0.012658227848101266,False
tokyo_23925_relational_between,23925,stress_test,relational_between,graph,20,2018_485887__event_002,0.0125,False
tokyo_23925_relational_between,23925,stress_test,relational_between,graph,21,2018_485934__event_002,0.012345679012345678,False
tokyo_23925_relational_between,23925,stress_test,relational_between,graph,22,2018_485944__event_002,0.012195121951219513,False
tokyo_23925_relational_between,23925,stress_test,relational_between,graph,23,2018_485894__event_001,0.012048192771084338,False
tokyo_23925_relational_between,23925,stress_test,relational_between,graph,24,2018_485912__event_002,0.011904761904761904,False
tokyo_23925_relational_between,23925,stress_test,relational_between,graph,25,2018_485917__event_002,0.011764705882352941,False
tokyo_23925_relational_between,23925,stress_test,relational_between,graph,26,2018_485902__event_002,0.011627906976744186,False
tokyo_23925_relational_between,23925,stress_test,relational_between,graph,27,2018_485933__event_001,0.011494252873563218,False
tokyo_23925_relational_between,23925,stress_test,relational_between,graph,28,2018_485892__event_002,0.011363636363636364,False
tokyo_23925_relational_between,23925,stress_test,relational_between,graph,29,2018_485892__event_001,0.011235955056179775,False
tokyo_23925_relational_between,23925,stress_test,relational_between,graph,30,2018_485906__event_001,0.011111111111111112,False
tokyo_23925_relational_between,23925,stress_test,relational_between,graph,31,2018_485904__event_001,0.01098901098901099,False
tokyo_23925_relational_between,23925,stress_test,relational_between,graph,32,2018_485894__event_002,0.010869565217391304,False
tokyo_23925_relational_between,23925,stress_test,relational_between,graph,33,2018_485932__event_001,0.010752688172043012,False
tokyo_23925_relational_between,23925,stress_test,relational_between,graph,34,2018_485904__event_002,0.010638297872340425,False
tokyo_23925_relational_between,23925,stress_test,relational_between,graph,35,2018_485906__event_002,0.010526315789473684,False
tokyo_23925_relational_between,23925,stress_test,relational_between,graph,36,2018_485898__event_001,0.010416666666666666,False
tokyo_23925_relational_between,23925,stress_test,relational_between,graph,37,2018_485898__event_002,0.010309278350515464,False
tokyo_23925_relational_between,23925,stress_test,relational_between,graph,38,2018_485932__event_002,0.01020408163265306,False
tokyo_23925_relational_between,23925,stress_test,relational_between,graph,39,2018_485921__event_002,0.010101010101010102,False
tokyo_23925_relational_between,23925,stress_test,relational_between,graph,40,2018_485887__event_003,0.01,False
tokyo_23925_relational_between,23925,stress_test,relational_between,graph,41,2018_485921__event_001,0.009900990099009901,False
tokyo_23925_relational_between,23925,stress_test,relational_between,graph,42,2018_485881__event_001,0.00980392156862745,False
tokyo_23925_relational_between,23925,stress_test,relational_between,graph,43,2018_485881__event_002,0.009708737864077669,False
tokyo_24664_relational_between,24664,stress_test,relational_between,graph,1,2018_501939__event_004,0.03278688524590164,True
tokyo_24664_relational_between,24664,stress_test,relational_between,graph,2,2018_501939__event_003,0.03225806451612903,True
tokyo_24664_relational_between,24664,stress_test,relational_between,graph,3,2018_501939__event_001,0.03125763125763126,True
tokyo_24664_relational_between,24664,stress_test,relational_between,graph,4,2018_501939__event_005,0.03125763125763126,True
tokyo_24664_relational_between,24664,stress_test,relational_between,graph,5,2018_501939__event_002,0.03125,True
tokyo_24664_relational_between,24664,stress_test,relational_between,graph,6,2018_501939__event_006,0.030303030303030304,True
tokyo_24664_relational_between,24664,stress_test,relational_between,graph,7,2018_501939__event_007,0.014925373134328358,True
tokyo_24664_relational_between,24664,stress_test,relational_between,graph,8,2018_501939__event_008,0.014705882352941176,True
tokyo_24664_relational_between,24664,stress_test,relational_between,graph,9,2018_501911__event_001,0.014492753623188406,True
tokyo_24664_relational_between,24664,stress_test,relational_between,graph,10,2018_501914__event_001,0.014285714285714285,True
tokyo_24664_relational_between,24664,stress_test,relational_between,graph,11,2018_501959__event_001,0.014084507042253521,True
tokyo_24664_relational_between,24664,stress_test,relational_between,graph,12,2018_501938__event_002,0.013888888888888888,True
tokyo_24664_relational_between,24664,stress_test,relational_between,graph,13,2018_501948__event_002,0.0136986301369863,True
tokyo_24664_relational_between,24664,stress_test,relational_between,graph,14,2018_501940__event_001,0.013513513513513514,True
tokyo_24664_relational_between,24664,stress_test,relational_between,graph,15,2018_501909__event_002,0.013333333333333334,True
tokyo_24664_relational_between,24664,stress_test,relational_between,graph,16,2018_501948__event_001,0.013157894736842105,True
tokyo_24664_relational_between,24664,stress_test,relational_between,graph,17,2018_501940__event_002,0.012987012987012988,True
tokyo_24664_relational_between,24664,stress_test,relational_between,graph,18,2018_501935__event_001,0.01282051282051282,True
tokyo_24664_relational_between,24664,stress_test,relational_between,graph,19,2018_501944__event_001,0.012658227848101266,True
tokyo_24664_relational_between,24664,stress_test,relational_between,graph,20,2018_501938__event_001,0.0125,True
tokyo_24664_relational_between,24664,stress_test,relational_between,graph,21,2018_501925__event_001,0.012345679012345678,True
tokyo_24664_relational_between,24664,stress_test,relational_between,graph,22,2018_501959__event_002,0.012195121951219513,True
tokyo_24664_relational_between,24664,stress_test,relational_between,graph,23,2018_501962__event_001,0.012048192771084338,True
tokyo_24664_relational_between,24664,stress_test,relational_between,graph,24,2018_501932__event_003,0.011904761904761904,True
tokyo_24664_relational_between,24664,stress_test,relational_between,graph,25,2018_501948__event_003,0.011764705882352941,True
tokyo_24664_relational_between,24664,stress_test,relational_between,graph,26,2018_501935__event_002,0.011627906976744186,True
tokyo_24664_relational_between,24664,stress_test,relational_between,graph,27,2018_501962__event_006,0.011494252873563218,True
tokyo_24664_relational_between,24664,stress_test,relational_between,graph,28,2018_501918__event_002,0.011363636363636364,True
tokyo_24664_relational_between,24664,stress_test,relational_between,graph,29,2018_501955__event_002,0.011235955056179775,True
tokyo_24664_relational_between,24664,stress_test,relational_between,graph,30,2018_501956__event_001,0.011111111111111112,True
tokyo_24664_relational_between,24664,stress_test,relational_between,graph,31,2018_501944__event_002,0.01098901098901099,True
tokyo_24664_relational_between,24664,stress_test,relational_between,graph,32,2018_501962__event_005,0.010869565217391304,True
tokyo_24664_relational_between,24664,stress_test,relational_between,graph,33,2018_501914__event_002,0.010752688172043012,True
tokyo_24664_relational_between,24664,stress_test,relational_between,graph,34,2018_501932__event_005,0.010638297872340425,True
tokyo_24664_relational_between,24664,stress_test,relational_between,graph,35,2018_501968__event_002,0.010526315789473684,True
tokyo_24664_relational_between,24664,stress_test,relational_between,graph,36,2018_501925__event_002,0.010416666666666666,True
tokyo_24664_relational_between,24664,stress_test,relational_between,graph,37,2018_501911__event_002,0.010309278350515464,True
tokyo_24664_relational_between,24664,stress_test,relational_between,graph,38,2018_501939__event_009,0.01020408163265306,True
tokyo_24664_relational_between,24664,stress_test,relational_between,graph,39,2018_501916__event_001,0.010101010101010102,True
tokyo_24664_relational_between,24664,stress_test,relational_between,graph,40,2018_501965__event_001,0.01,True
tokyo_24664_relational_between,24664,stress_test,relational_between,graph,41,2018_501932__event_001,0.009900990099009901,True
tokyo_24664_relational_between,24664,stress_test,relational_between,graph,42,2018_501950__event_001,0.00980392156862745,True
tokyo_24664_relational_between,24664,stress_test,relational_between,graph,43,2018_501968__event_001,0.009708737864077669,True
tokyo_24664_relational_between,24664,stress_test,relational_between,graph,44,2018_501962__event_002,0.009615384615384616,True
tokyo_24664_relational_between,24664,stress_test,relational_between,graph,45,2018_501969__event_001,0.009523809523809525,True
tokyo_24664_relational_between,24664,stress_test,relational_between,graph,46,2018_501909__event_001,0.009433962264150943,True
tokyo_24664_relational_between,24664,stress_test,relational_between,graph,47,2018_501962__event_004,0.009345794392523364,True
tokyo_24664_relational_between,24664,stress_test,relational_between,graph,48,2018_501965__event_002,0.009259259259259259,True
tokyo_24664_relational_between,24664,stress_test,relational_between,graph,49,2018_501932__event_002,0.009174311926605505,True
tokyo_24664_relational_between,24664,stress_test,relational_between,graph,50,2018_501932__event_004,0.00909090909090909,True
tokyo_24664_relational_between,24664,stress_test,relational_between,graph,51,2018_501947__event_002,0.009009009009009009,True
tokyo_24664_relational_between,24664,stress_test,relational_between,graph,52,2018_501958__event_002,0.008928571428571428,True
tokyo_24664_relational_between,24664,stress_test,relational_between,graph,53,2018_501942__event_002,0.008849557522123894,True
tokyo_24664_relational_between,24664,stress_test,relational_between,graph,54,2018_501947__event_001,0.008771929824561403,True
tokyo_24664_relational_between,24664,stress_test,relational_between,graph,55,2018_501920__event_002,0.008695652173913044,True
tokyo_24664_relational_between,24664,stress_test,relational_between,graph,56,2018_501958__event_001,0.008620689655172414,True
tokyo_24664_relational_between,24664,stress_test,relational_between,graph,57,2018_501920__event_001,0.008547008547008548,True
tokyo_24664_relational_between,24664,stress_test,relational_between,graph,58,2018_501969__event_002,0.00847457627118644,True
tokyo_24664_relational_between,24664,stress_test,relational_between,graph,59,2018_501942__event_001,0.008403361344537815,True
tokyo_24664_relational_between,24664,stress_test,relational_between,graph,60,2018_501956__event_002,0.008333333333333333,True
tokyo_24664_relational_between,24664,stress_test,relational_between,graph,61,2018_501962__event_003,0.008264462809917356,True
tokyo_24664_relational_between,24664,stress_test,relational_between,graph,62,2018_501950__event_002,0.00819672131147541,True
tokyo_24664_relational_between,24664,stress_test,relational_between,graph,63,2018_501916__event_002,0.008130081300813009,True
tokyo_24664_relational_between,24664,stress_test,relational_between,graph,64,2018_501956__event_003,0.008064516129032258,True
tokyo_24664_relational_between,24664,stress_test,relational_between,graph,65,2018_501955__event_001,0.008,True
tokyo_24664_relational_between,24664,stress_test,relational_between,graph,66,2018_501918__event_001,0.007936507936507936,True
tokyo_24664_relational_between,24664,stress_test,relational_between,graph,67,2018_501954__event_002,0.007874015748031496,True
tokyo_24664_relational_between,24664,stress_test,relational_between,graph,68,2018_501954__event_001,0.0078125,True
tokyo_24664_relational_between,24664,stress_test,relational_between,graph,69,2018_501916__event_003,0.007751937984496124,True
tokyo_24765_relational_between,24765,stress_test,relational_between,graph,1,2018_504023__event_004,0.03278688524590164,True
tokyo_24765_relational_between,24765,stress_test,relational_between,graph,2,2018_504023__event_003,0.03225806451612903,True
tokyo_24765_relational_between,24765,stress_test,relational_between,graph,3,2018_504023__event_005,0.031746031746031744,True
tokyo_24765_relational_between,24765,stress_test,relational_between,graph,4,2018_504023__event_002,0.03125,True
tokyo_24765_relational_between,24765,stress_test,relational_between,graph,5,2018_504026__event_003,0.030309988518943745,True
tokyo_24765_relational_between,24765,stress_test,relational_between,graph,6,2018_504023__event_001,0.030303030303030304,True
tokyo_24765_relational_between,24765,stress_test,relational_between,graph,7,2018_504026__event_002,0.02919863597612958,True
tokyo_24765_relational_between,24765,stress_test,relational_between,graph,8,2018_504023__event_006,0.028371628371628373,True
tokyo_24765_relational_between,24765,stress_test,relational_between,graph,9,2018_504031__event_001,0.014925373134328358,True
tokyo_24765_relational_between,24765,stress_test,relational_between,graph,10,2018_504028__event_002,0.014705882352941176,True
tokyo_24765_relational_between,24765,stress_test,relational_between,graph,11,2018_503989__event_001,0.014285714285714285,True
tokyo_24765_relational_between,24765,stress_test,relational_between,graph,12,2018_503992__event_002,0.014084507042253521,True
tokyo_24765_relational_between,24765,stress_test,relational_between,graph,13,2018_503989__event_002,0.013888888888888888,True
tokyo_24765_relational_between,24765,stress_test,relational_between,graph,14,2018_504031__event_002,0.0136986301369863,True
tokyo_24765_relational_between,24765,stress_test,relational_between,graph,15,2018_504028__event_001,0.013513513513513514,True
tokyo_24765_relational_between,24765,stress_test,relational_between,graph,16,2018_504011__event_001,0.013333333333333334,True
tokyo_24765_relational_between,24765,stress_test,relational_between,graph,17,2018_503991__event_002,0.013157894736842105,True
tokyo_24765_relational_between,24765,stress_test,relational_between,graph,18,2018_503992__event_001,0.01282051282051282,True
tokyo_24765_relational_between,24765,stress_test,relational_between,graph,19,2018_504006__event_002,0.012658227848101266,True
tokyo_24765_relational_between,24765,stress_test,relational_between,graph,20,2018_504006__event_001,0.0125,True
tokyo_24765_relational_between,24765,stress_test,relational_between,graph,21,2018_504032__event_001,0.012345679012345678,True
tokyo_24765_relational_between,24765,stress_test,relational_between,graph,22,2018_503988__event_002,0.012195121951219513,True
tokyo_24765_relational_between,24765,stress_test,relational_between,graph,23,2018_504030__event_001,0.012048192771084338,True
tokyo_24765_relational_between,24765,stress_test,relational_between,graph,24,2018_503988__event_001,0.011904761904761904,True
tokyo_24765_relational_between,24765,stress_test,relational_between,graph,25,2018_504030__event_002,0.011764705882352941,True
tokyo_24765_relational_between,24765,stress_test,relational_between,graph,26,2018_504019__event_002,0.011627906976744186,True
tokyo_24765_relational_between,24765,stress_test,relational_between,graph,27,2018_503997__event_001,0.011494252873563218,True
tokyo_24765_relational_between,24765,stress_test,relational_between,graph,28,2018_504019__event_001,0.011363636363636364,True
tokyo_24765_relational_between,24765,stress_test,relational_between,graph,29,2018_503991__event_001,0.011235955056179775,True
tokyo_24765_relational_between,24765,stress_test,relational_between,graph,30,2018_503999__event_001,0.011111111111111112,True
tokyo_24765_relational_between,24765,stress_test,relational_between,graph,31,2018_504007__event_001,0.01098901098901099,True
tokyo_24765_relational_between,24765,stress_test,relational_between,graph,32,2018_504023__event_007,0.010869565217391304,True
tokyo_24765_relational_between,24765,stress_test,relational_between,graph,33,2018_504011__event_002,0.010752688172043012,True
tokyo_24765_relational_between,24765,stress_test,relational_between,graph,34,2018_504000__event_001,0.010638297872340425,True
tokyo_24765_relational_between,24765,stress_test,relational_between,graph,35,2018_504020__event_002,0.010526315789473684,True
tokyo_24765_relational_between,24765,stress_test,relational_between,graph,36,2018_504013__event_001,0.010416666666666666,True
tokyo_24765_relational_between,24765,stress_test,relational_between,graph,37,2018_504007__event_002,0.010309278350515464,True
tokyo_24765_relational_between,24765,stress_test,relational_between,graph,38,2018_504033__event_001,0.01020408163265306,True
tokyo_24765_relational_between,24765,stress_test,relational_between,graph,39,2018_504005__event_002,0.010101010101010102,True
tokyo_24765_relational_between,24765,stress_test,relational_between,graph,40,2018_503997__event_002,0.01,True
tokyo_24765_relational_between,24765,stress_test,relational_between,graph,41,2018_504013__event_002,0.009900990099009901,True
tokyo_24765_relational_between,24765,stress_test,relational_between,graph,42,2018_504005__event_001,0.00980392156862745,True
tokyo_24765_relational_between,24765,stress_test,relational_between,graph,43,2018_503999__event_002,0.009708737864077669,True
tokyo_24765_relational_between,24765,stress_test,relational_between,graph,44,2018_504032__event_002,0.009615384615384616,True
tokyo_24765_relational_between,24765,stress_test,relational_between,graph,45,2018_504033__event_002,0.009523809523809525,True
tokyo_24765_relational_between,24765,stress_test,relational_between,graph,46,2018_504000__event_002,0.009433962264150943,True
tokyo_24765_relational_between,24765,stress_test,relational_between,graph,47,2018_504032__event_003,0.009345794392523364,True
tokyo_24765_relational_between,24765,stress_test,relational_between,graph,48,2018_504020__event_001,0.009259259259259259,True
tokyo_24765_relational_between,24765,stress_test,relational_between,graph,49,2018_504026__event_001,0.009174311926605505,True
tokyo_24765_relational_between,24765,stress_test,relational_between,graph,50,2018_504025__event_001,0.00909090909090909,True
tokyo_24765_relational_between,24765,stress_test,relational_between,graph,51,2018_504025__event_002,0.009009009009009009,True
tokyo_254908_relational_between,254908,stress_test,relational_between,graph,1,2018_3245115__event_003,0.03278688524590164,False
tokyo_254908_relational_between,254908,stress_test,relational_between,graph,2,2018_3245120__event_001,0.031754032258064516,False
tokyo_254908_relational_between,254908,stress_test,relational_between,graph,3,2018_3245120__event_002,0.03125763125763126,False
tokyo_254908_relational_between,254908,stress_test,relational_between,graph,4,2018_3245115__event_004,0.030798389007344232,False
tokyo_254908_relational_between,254908,stress_test,relational_between,graph,5,2018_3245104__event_002,0.03055037313432836,False
tokyo_254908_relational_between,254908,stress_test,relational_between,graph,6,2018_3245120__event_003,0.030303030303030304,False
tokyo_254908_relational_between,254908,stress_test,relational_between,graph,7,2018_3245113__event_001,0.02967032967032967,False
tokyo_254908_relational_between,254908,stress_test,relational_between,graph,8,2018_3245115__event_002,0.02964254577157803,False
tokyo_254908_relational_between,254908,stress_test,relational_between,graph,9,2018_3245104__event_001,0.029411764705882353,False
tokyo_254908_relational_between,254908,stress_test,relational_between,graph,10,2018_3245104__event_003,0.028985507246376812,False
tokyo_254908_relational_between,254908,stress_test,relational_between,graph,11,2018_3245113__event_002,0.02690501986276634,False
tokyo_254908_relational_between,254908,stress_test,relational_between,graph,12,2018_3245119__event_001,0.014285714285714285,False
tokyo_254908_relational_between,254908,stress_test,relational_between,graph,13,2018_3245120__event_004,0.014084507042253521,False
tokyo_254908_relational_between,254908,stress_test,relational_between,graph,14,2018_3245119__event_002,0.013888888888888888,False
tokyo_254908_relational_between,254908,stress_test,relational_between,graph,15,2018_3245206__event_001,0.0136986301369863,False
tokyo_254908_relational_between,254908,stress_test,relational_between,graph,16,2018_3245206__event_002,0.013333333333333334,False
tokyo_254908_relational_between,254908,stress_test,relational_between,graph,17,2018_3245200__event_003,0.013157894736842105,False
tokyo_254908_relational_between,254908,stress_test,relational_between,graph,18,2018_3245200__event_002,0.012987012987012988,False
tokyo_254908_relational_between,254908,stress_test,relational_between,graph,19,2018_3245172__event_002,0.012658227848101266,False
tokyo_254908_relational_between,254908,stress_test,relational_between,graph,20,2018_3245200__event_001,0.0125,False
tokyo_254908_relational_between,254908,stress_test,relational_between,graph,21,2018_3245216__event_002,0.012345679012345678,False
tokyo_254908_relational_between,254908,stress_test,relational_between,graph,22,2018_3245121__event_002,0.012195121951219513,False
tokyo_254908_relational_between,254908,stress_test,relational_between,graph,23,2018_3245121__event_001,0.012048192771084338,False
tokyo_254908_relational_between,254908,stress_test,relational_between,graph,24,2018_3245107__event_002,0.011904761904761904,False
tokyo_254908_relational_between,254908,stress_test,relational_between,graph,25,2018_3245107__event_001,0.011764705882352941,False
tokyo_254908_relational_between,254908,stress_test,relational_between,graph,26,2018_3245120__event_005,0.011627906976744186,False
tokyo_254908_relational_between,254908,stress_test,relational_between,graph,27,2018_3245115__event_001,0.011494252873563218,False
tokyo_254908_relational_between,254908,stress_test,relational_between,graph,28,2018_3245119__event_003,0.011363636363636364,False
tokyo_254908_relational_between,254908,stress_test,relational_between,graph,29,2018_3245172__event_001,0.011235955056179775,False
tokyo_254908_relational_between,254908,stress_test,relational_between,graph,30,2018_3245108__event_001,0.011111111111111112,False
tokyo_254908_relational_between,254908,stress_test,relational_between,graph,31,2018_3245108__event_002,0.01098901098901099,False
tokyo_254908_relational_between,254908,stress_test,relational_between,graph,32,2018_3245216__event_001,0.010869565217391304,False
tokyo_254908_relational_between,254908,stress_test,relational_between,graph,33,2018_3245206__event_003,0.010752688172043012,False
tokyo_259163_relational_between,259163,stress_test,relational_between,graph,1,2018_3271974__event_002,0.03278688524590164,False
tokyo_259163_relational_between,259163,stress_test,relational_between,graph,2,2018_3271974__event_003,0.03200204813108039,False
tokyo_259163_relational_between,259163,stress_test,relational_between,graph,3,2018_3271974__event_001,0.031754032258064516,False
tokyo_259163_relational_between,259163,stress_test,relational_between,graph,4,2018_3271976__event_002,0.03149801587301587,False
tokyo_259163_relational_between,259163,stress_test,relational_between,graph,5,2018_3271955__event_003,0.030536130536130537,False
tokyo_259163_relational_between,259163,stress_test,relational_between,graph,6,2018_3271976__event_001,0.029877369007803793,False
tokyo_259163_relational_between,259163,stress_test,relational_between,graph,7,2018_3271955__event_002,0.028258706467661692,False
tokyo_259163_relational_between,259163,stress_test,relational_between,graph,8,2018_3271951__event_001,0.015151515151515152,False
tokyo_259163_relational_between,259163,stress_test,relational_between,graph,9,2018_3271967__event_001,0.014925373134328358,False
tokyo_259163_relational_between,259163,stress_test,relational_between,graph,10,2018_3271982__event_002,0.014705882352941176,False
tokyo_259163_relational_between,259163,stress_test,relational_between,graph,11,2018_3271945__event_001,0.014285714285714285,False
tokyo_259163_relational_between,259163,stress_test,relational_between,graph,12,2018_3271983__event_003,0.014084507042253521,False
tokyo_259163_relational_between,259163,stress_test,relational_between,graph,13,2018_3271977__event_002,0.013888888888888888,False
tokyo_259163_relational_between,259163,stress_test,relational_between,graph,14,2018_3271980__event_002,0.0136986301369863,False
tokyo_259163_relational_between,259163,stress_test,relational_between,graph,15,2018_3271977__event_001,0.013513513513513514,False
tokyo_259163_relational_between,259163,stress_test,relational_between,graph,16,2018_3271980__event_001,0.013157894736842105,False
tokyo_259163_relational_between,259163,stress_test,relational_between,graph,17,2018_3271945__event_002,0.012987012987012988,False
tokyo_259163_relational_between,259163,stress_test,relational_between,graph,18,2018_3271951__event_002,0.01282051282051282,False
tokyo_259163_relational_between,259163,stress_test,relational_between,graph,19,2018_3271955__event_001,0.012658227848101266,False
tokyo_259163_relational_between,259163,stress_test,relational_between,graph,20,2018_3271977__event_003,0.0125,False
tokyo_259163_relational_between,259163,stress_test,relational_between,graph,21,2018_3271983__event_004,0.012345679012345678,False
tokyo_259163_relational_between,259163,stress_test,relational_between,graph,22,2018_3271967__event_002,0.012195121951219513,False
tokyo_259163_relational_between,259163,stress_test,relational_between,graph,23,2018_3271945__event_003,0.012048192771084338,False
tokyo_259163_relational_between,259163,stress_test,relational_between,graph,24,2018_3271960__event_001,0.011904761904761904,False
tokyo_259163_relational_between,259163,stress_test,relational_between,graph,25,2018_3271960__event_002,0.011764705882352941,False
tokyo_259163_relational_between,259163,stress_test,relational_between,graph,26,2018_3271982__event_001,0.011627906976744186,False
tokyo_259163_relational_between,259163,stress_test,relational_between,graph,27,2018_3271983__event_002,0.011494252873563218,False
tokyo_259163_relational_between,259163,stress_test,relational_between,graph,28,2018_3271983__event_001,0.011363636363636364,False
tokyo_263152_relational_between,263152,stress_test,relational_between,graph,1,2018_3295444__event_002,0.03278688524590164,False
tokyo_263152_relational_between,263152,stress_test,relational_between,graph,2,2018_3295444__event_003,0.03200204813108039,False
tokyo_263152_relational_between,263152,stress_test,relational_between,graph,3,2018_3295444__event_001,0.0315136476426799,False
tokyo_263152_relational_between,263152,stress_test,relational_between,graph,4,2018_3295457__event_002,0.03149801587301587,False
tokyo_263152_relational_between,263152,stress_test,relational_between,graph,5,2018_3295457__event_001,0.031009615384615385,False
tokyo_263152_relational_between,263152,stress_test,relational_between,graph,6,2018_3295456__event_003,0.015151515151515152,False
tokyo_263152_relational_between,263152,stress_test,relational_between,graph,7,2018_3295443__event_002,0.014925373134328358,False
tokyo_263152_relational_between,263152,stress_test,relational_between,graph,8,2018_3295456__event_004,0.014705882352941176,False
tokyo_263152_relational_between,263152,stress_test,relational_between,graph,9,2018_3295459__event_001,0.014492753623188406,False
tokyo_263152_relational_between,263152,stress_test,relational_between,graph,10,2018_3295451__event_002,0.014285714285714285,False
tokyo_263152_relational_between,263152,stress_test,relational_between,graph,11,2018_3295459__event_002,0.014084507042253521,False
tokyo_263152_relational_between,263152,stress_test,relational_between,graph,12,2018_3295455__event_002,0.013888888888888888,False
tokyo_263152_relational_between,263152,stress_test,relational_between,graph,13,2018_3295443__event_001,0.0136986301369863,False
tokyo_263152_relational_between,263152,stress_test,relational_between,graph,14,2018_3295458__event_001,0.013513513513513514,False
tokyo_263152_relational_between,263152,stress_test,relational_between,graph,15,2018_3295460__event_001,0.013333333333333334,False
tokyo_263152_relational_between,263152,stress_test,relational_between,graph,16,2018_3295464__event_001,0.013157894736842105,False
tokyo_263152_relational_between,263152,stress_test,relational_between,graph,17,2018_3295458__event_002,0.012987012987012988,False
tokyo_263152_relational_between,263152,stress_test,relational_between,graph,18,2018_3295460__event_002,0.01282051282051282,False
tokyo_263152_relational_between,263152,stress_test,relational_between,graph,19,2018_3295467__event_002,0.012658227848101266,False
tokyo_263152_relational_between,263152,stress_test,relational_between,graph,20,2018_3295455__event_001,0.0125,False
tokyo_263152_relational_between,263152,stress_test,relational_between,graph,21,2018_3295467__event_001,0.012345679012345678,False
tokyo_263152_relational_between,263152,stress_test,relational_between,graph,22,2018_3295464__event_002,0.012195121951219513,False
tokyo_263152_relational_between,263152,stress_test,relational_between,graph,23,2018_3295456__event_002,0.012048192771084338,False
tokyo_263152_relational_between,263152,stress_test,relational_between,graph,24,2018_3295452__event_002,0.011904761904761904,False
tokyo_263152_relational_between,263152,stress_test,relational_between,graph,25,2018_3295452__event_001,0.011764705882352941,False
tokyo_263152_relational_between,263152,stress_test,relational_between,graph,26,2018_3295456__event_001,0.011627906976744186,False
tokyo_263152_relational_between,263152,stress_test,relational_between,graph,27,2018_3295451__event_001,0.011494252873563218,False
tokyo_264627_relational_between,264627,stress_test,relational_between,graph,1,2018_3303906__event_003,0.03278688524590164,True
tokyo_264627_relational_between,264627,stress_test,relational_between,graph,2,2018_3303906__event_002,0.03200204813108039,True
tokyo_264627_relational_between,264627,stress_test,relational_between,graph,3,2018_3303906__event_004,0.03200204813108039,True
tokyo_264627_relational_between,264627,stress_test,relational_between,graph,4,2018_3303923__event_001,0.031009615384615385,True
tokyo_264627_relational_between,264627,stress_test,relational_between,graph,5,2018_3303906__event_001,0.030776515151515152,True
tokyo_264627_relational_between,264627,stress_test,relational_between,graph,6,2018_3303957__event_001,0.030309988518943745,True
tokyo_264627_relational_between,264627,stress_test,relational_between,graph,7,2018_3303923__event_002,0.03007688828584351,True
tokyo_264627_relational_between,264627,stress_test,relational_between,graph,8,2018_3303957__event_002,0.02919863597612958,True
tokyo_264627_relational_between,264627,stress_test,relational_between,graph,9,2018_3303899__event_002,0.014705882352941176,True
tokyo_264627_relational_between,264627,stress_test,relational_between,graph,10,2018_3303924__event_003,0.014285714285714285,True
tokyo_264627_relational_between,264627,stress_test,relational_between,graph,11,2018_3303904__event_001,0.014084507042253521,True
tokyo_264627_relational_between,264627,stress_test,relational_between,graph,12,2018_3303924__event_001,0.013888888888888888,True
tokyo_264627_relational_between,264627,stress_test,relational_between,graph,13,2018_3303924__event_002,0.0136986301369863,True
tokyo_264627_relational_between,264627,stress_test,relational_between,graph,14,2018_3303899__event_003,0.013513513513513514,True
tokyo_264627_relational_between,264627,stress_test,relational_between,graph,15,2018_3303898__event_002,0.013333333333333334,True
tokyo_264627_relational_between,264627,stress_test,relational_between,graph,16,2018_3303898__event_001,0.013157894736842105,True
tokyo_264627_relational_between,264627,stress_test,relational_between,graph,17,2018_3303907__event_002,0.012987012987012988,True
tokyo_264627_relational_between,264627,stress_test,relational_between,graph,18,2018_3303955__event_003,0.01282051282051282,True
tokyo_264627_relational_between,264627,stress_test,relational_between,graph,19,2018_3303892__event_002,0.012658227848101266,True
tokyo_264627_relational_between,264627,stress_test,relational_between,graph,20,2018_3303886__event_002,0.0125,True
tokyo_264627_relational_between,264627,stress_test,relational_between,graph,21,2018_3303892__event_001,0.012345679012345678,True
tokyo_264627_relational_between,264627,stress_test,relational_between,graph,22,2018_3303874__event_001,0.012195121951219513,True
tokyo_264627_relational_between,264627,stress_test,relational_between,graph,23,2018_3303922__event_002,0.012048192771084338,True
tokyo_264627_relational_between,264627,stress_test,relational_between,graph,24,2018_3303899__event_001,0.011904761904761904,True
tokyo_264627_relational_between,264627,stress_test,relational_between,graph,25,2018_3303886__event_001,0.011764705882352941,True
tokyo_264627_relational_between,264627,stress_test,relational_between,graph,26,2018_3303881__event_001,0.011627906976744186,True
tokyo_264627_relational_between,264627,stress_test,relational_between,graph,27,2018_3303916__event_002,0.011494252873563218,True
tokyo_264627_relational_between,264627,stress_test,relational_between,graph,28,2018_3303923__event_003,0.011363636363636364,True
tokyo_264627_relational_between,264627,stress_test,relational_between,graph,29,2018_3303955__event_001,0.011235955056179775,True
tokyo_264627_relational_between,264627,stress_test,relational_between,graph,30,2018_3303913__event_003,0.011111111111111112,True
tokyo_264627_relational_between,264627,stress_test,relational_between,graph,31,2018_3303881__event_002,0.01098901098901099,True
tokyo_264627_relational_between,264627,stress_test,relational_between,graph,32,2018_3303896__event_001,0.010869565217391304,True
tokyo_264627_relational_between,264627,stress_test,relational_between,graph,33,2018_3303943__event_002,0.010752688172043012,True
tokyo_264627_relational_between,264627,stress_test,relational_between,graph,34,2018_3303896__event_002,0.010638297872340425,True
tokyo_264627_relational_between,264627,stress_test,relational_between,graph,35,2018_3303874__event_002,0.010526315789473684,True
tokyo_264627_relational_between,264627,stress_test,relational_between,graph,36,2018_3303905__event_002,0.010416666666666666,True
tokyo_264627_relational_between,264627,stress_test,relational_between,graph,37,2018_3303904__event_002,0.010309278350515464,True
tokyo_264627_relational_between,264627,stress_test,relational_between,graph,38,2018_3303907__event_001,0.01020408163265306,True
tokyo_264627_relational_between,264627,stress_test,relational_between,graph,39,2018_3303889__event_001,0.010101010101010102,True
tokyo_264627_relational_between,264627,stress_test,relational_between,graph,40,2018_3303935__event_001,0.01,True
tokyo_264627_relational_between,264627,stress_test,relational_between,graph,41,2018_3303935__event_002,0.009900990099009901,True
tokyo_264627_relational_between,264627,stress_test,relational_between,graph,42,2018_3303922__event_001,0.00980392156862745,True
tokyo_264627_relational_between,264627,stress_test,relational_between,graph,43,2018_3303867__event_002,0.009708737864077669,True
tokyo_264627_relational_between,264627,stress_test,relational_between,graph,44,2018_3303955__event_002,0.009615384615384616,True
tokyo_264627_relational_between,264627,stress_test,relational_between,graph,45,2018_3303943__event_001,0.009523809523809525,True
tokyo_264627_relational_between,264627,stress_test,relational_between,graph,46,2018_3303867__event_003,0.009433962264150943,True
tokyo_264627_relational_between,264627,stress_test,relational_between,graph,47,2018_3303889__event_002,0.009345794392523364,True
tokyo_264627_relational_between,264627,stress_test,relational_between,graph,48,2018_3303890__event_002,0.009259259259259259,True
tokyo_264627_relational_between,264627,stress_test,relational_between,graph,49,2018_3303905__event_001,0.009174311926605505,True
tokyo_264627_relational_between,264627,stress_test,relational_between,graph,50,2018_3303867__event_001,0.00909090909090909,True
tokyo_264627_relational_between,264627,stress_test,relational_between,graph,51,2018_3303925__event_001,0.009009009009009009,True
tokyo_264627_relational_between,264627,stress_test,relational_between,graph,52,2018_3303877__event_002,0.008928571428571428,True
tokyo_264627_relational_between,264627,stress_test,relational_between,graph,53,2018_3303877__event_001,0.008849557522123894,True
tokyo_264627_relational_between,264627,stress_test,relational_between,graph,54,2018_3303890__event_001,0.008771929824561403,True
tokyo_264627_relational_between,264627,stress_test,relational_between,graph,55,2018_3303916__event_003,0.008695652173913044,True
tokyo_264627_relational_between,264627,stress_test,relational_between,graph,56,2018_3303913__event_001,0.008620689655172414,True
tokyo_264627_relational_between,264627,stress_test,relational_between,graph,57,2018_3303916__event_001,0.008547008547008548,True
tokyo_264627_relational_between,264627,stress_test,relational_between,graph,58,2018_3303925__event_002,0.00847457627118644,True
tokyo_264627_relational_between,264627,stress_test,relational_between,graph,59,2018_3303913__event_002,0.008403361344537815,True
tokyo_267704_relational_between,267704,stress_test,relational_between,graph,1,2018_3322362__event_004,0.03278688524590164,False
tokyo_267704_relational_between,267704,stress_test,relational_between,graph,2,2018_3322362__event_003,0.03225806451612903,False
tokyo_267704_relational_between,267704,stress_test,relational_between,graph,3,2018_3322362__event_005,0.03149801587301587,False
tokyo_267704_relational_between,267704,stress_test,relational_between,graph,4,2018_3322360__event_003,0.03125763125763126,False
tokyo_267704_relational_between,267704,stress_test,relational_between,graph,5,2018_3322362__event_002,0.030776515151515152,False
tokyo_267704_relational_between,267704,stress_test,relational_between,graph,6,2018_3322360__event_002,0.030536130536130537,False
tokyo_267704_relational_between,267704,stress_test,relational_between,graph,7,2018_3322360__event_004,0.029850746268656716,False
tokyo_267704_relational_between,267704,stress_test,relational_between,graph,8,2018_3322360__event_001,0.027364110201042444,False
tokyo_267704_relational_between,267704,stress_test,relational_between,graph,9,2018_3322359__event_003,0.014705882352941176,False
tokyo_267704_relational_between,267704,stress_test,relational_between,graph,10,2018_3322364__event_003,0.014492753623188406,False
tokyo_267704_relational_between,267704,stress_test,relational_between,graph,11,2018_3322363__event_002,0.014285714285714285,False
tokyo_267704_relational_between,267704,stress_test,relational_between,graph,12,2018_3322362__event_001,0.014084507042253521,False
tokyo_267704_relational_between,267704,stress_test,relational_between,graph,13,2018_3322364__event_004,0.013888888888888888,False
tokyo_267704_relational_between,267704,stress_test,relational_between,graph,14,2018_3322366__event_003,0.0136986301369863,False
tokyo_267704_relational_between,267704,stress_test,relational_between,graph,15,2018_3322363__event_001,0.013513513513513514,False
tokyo_267704_relational_between,267704,stress_test,relational_between,graph,16,2018_3322359__event_004,0.013333333333333334,False
tokyo_267704_relational_between,267704,stress_test,relational_between,graph,17,2018_3322365__event_002,0.013157894736842105,False
tokyo_267704_relational_between,267704,stress_test,relational_between,graph,18,2018_3322366__event_004,0.012987012987012988,False
tokyo_267704_relational_between,267704,stress_test,relational_between,graph,19,2018_3322359__event_006,0.01282051282051282,False
tokyo_267704_relational_between,267704,stress_test,relational_between,graph,20,2018_3322366__event_001,0.0125,False
tokyo_267704_relational_between,267704,stress_test,relational_between,graph,21,2018_3322360__event_005,0.012345679012345678,False
tokyo_267704_relational_between,267704,stress_test,relational_between,graph,22,2018_3322359__event_009,0.012195121951219513,False
tokyo_267704_relational_between,267704,stress_test,relational_between,graph,23,2018_3322359__event_005,0.012048192771084338,False
tokyo_267704_relational_between,267704,stress_test,relational_between,graph,24,2018_3322359__event_008,0.011904761904761904,False
tokyo_267704_relational_between,267704,stress_test,relational_between,graph,25,2018_3322365__event_001,0.011764705882352941,False
tokyo_267704_relational_between,267704,stress_test,relational_between,graph,26,2018_3322359__event_007,0.011627906976744186,False
tokyo_267704_relational_between,267704,stress_test,relational_between,graph,27,2018_3322359__event_002,0.011494252873563218,False
tokyo_267704_relational_between,267704,stress_test,relational_between,graph,28,2018_3322363__event_003,0.011363636363636364,False
tokyo_267704_relational_between,267704,stress_test,relational_between,graph,29,2018_3322360__event_006,0.011235955056179775,False
tokyo_267704_relational_between,267704,stress_test,relational_between,graph,30,2018_3322359__event_010,0.011111111111111112,False
tokyo_267704_relational_between,267704,stress_test,relational_between,graph,31,2018_3322367__event_002,0.01098901098901099,False
tokyo_267704_relational_between,267704,stress_test,relational_between,graph,32,2018_3322360__event_007,0.010869565217391304,False
tokyo_267704_relational_between,267704,stress_test,relational_between,graph,33,2018_3322372__event_002,0.010752688172043012,False
tokyo_267704_relational_between,267704,stress_test,relational_between,graph,34,2018_3322358__event_001,0.010638297872340425,False
tokyo_267704_relational_between,267704,stress_test,relational_between,graph,35,2018_3322366__event_002,0.010526315789473684,False
tokyo_267704_relational_between,267704,stress_test,relational_between,graph,36,2018_3322359__event_001,0.010416666666666666,False
tokyo_267704_relational_between,267704,stress_test,relational_between,graph,37,2018_3322364__event_002,0.010309278350515464,False
tokyo_267704_relational_between,267704,stress_test,relational_between,graph,38,2018_3322359__event_011,0.01020408163265306,False
tokyo_267704_relational_between,267704,stress_test,relational_between,graph,39,2018_3322372__event_001,0.010101010101010102,False
tokyo_267704_relational_between,267704,stress_test,relational_between,graph,40,2018_3322367__event_001,0.01,False
tokyo_267704_relational_between,267704,stress_test,relational_between,graph,41,2018_3322358__event_002,0.009900990099009901,False
tokyo_267704_relational_between,267704,stress_test,relational_between,graph,42,2018_3322364__event_001,0.00980392156862745,False
tokyo_267704_relational_between,267704,stress_test,relational_between,graph,43,2018_3322364__event_005,0.009708737864077669,False
tokyo_267704_relational_between,267704,stress_test,relational_between,graph,44,2018_3322372__event_004,0.009615384615384616,False
tokyo_267704_relational_between,267704,stress_test,relational_between,graph,45,2018_3322372__event_003,0.009523809523809525,False
tokyo_267704_relational_between,267704,stress_test,relational_between,graph,46,2018_3322364__event_006,0.009433962264150943,False
tokyo_267704_relational_between,267704,stress_test,relational_between,graph,47,2018_3322372__event_005,0.009345794392523364,False
tokyo_267704_relational_between,267704,stress_test,relational_between,graph,48,2018_3322358__event_003,0.009259259259259259,False
tokyo_26786_relational_between,26786,stress_test,relational_between,graph,1,2018_543205__event_002,0.03278688524590164,True
tokyo_26786_relational_between,26786,stress_test,relational_between,graph,2,2018_543210__event_002,0.031754032258064516,True
tokyo_26786_relational_between,26786,stress_test,relational_between,graph,3,2018_543205__event_003,0.03149801587301587,True
tokyo_26786_relational_between,26786,stress_test,relational_between,graph,4,2018_543210__event_003,0.031024531024531024,True
tokyo_26786_relational_between,26786,stress_test,relational_between,graph,5,2018_543210__event_001,0.03076923076923077,True
tokyo_26786_relational_between,26786,stress_test,relational_between,graph,6,2018_543205__event_001,0.029827662395050816,True
tokyo_26786_relational_between,26786,stress_test,relational_between,graph,7,2018_543210__event_004,0.02482636323333826,True
tokyo_26786_relational_between,26786,stress_test,relational_between,graph,8,2018_543205__event_004,0.02340153452685422,True
tokyo_26786_relational_between,26786,stress_test,relational_between,graph,9,2018_543176__event_004,0.015151515151515152,True
tokyo_26786_relational_between,26786,stress_test,relational_between,graph,10,2018_543178__event_001,0.014925373134328358,True
tokyo_26786_relational_between,26786,stress_test,relational_between,graph,11,2018_543197__event_003,0.014705882352941176,True
tokyo_26786_relational_between,26786,stress_test,relational_between,graph,12,2018_543193__event_003,0.014492753623188406,True
tokyo_26786_relational_between,26786,stress_test,relational_between,graph,13,2018_543174__event_001,0.014285714285714285,True
tokyo_26786_relational_between,26786,stress_test,relational_between,graph,14,2018_543179__event_006,0.014084507042253521,True
tokyo_26786_relational_between,26786,stress_test,relational_between,graph,15,2018_543178__event_003,0.013888888888888888,True
tokyo_26786_relational_between,26786,stress_test,relational_between,graph,16,2018_543252__event_003,0.013513513513513514,True
tokyo_26786_relational_between,26786,stress_test,relational_between,graph,17,2018_543229__event_003,0.013333333333333334,True
tokyo_26786_relational_between,26786,stress_test,relational_between,graph,18,2018_543204__event_005,0.013157894736842105,True
tokyo_26786_relational_between,26786,stress_test,relational_between,graph,19,2018_543226__event_004,0.012987012987012988,True
tokyo_26786_relational_between,26786,stress_test,relational_between,graph,20,2018_543229__event_004,0.01282051282051282,True
tokyo_26786_relational_between,26786,stress_test,relational_between,graph,21,2018_543203__event_003,0.012658227848101266,True
tokyo_26786_relational_between,26786,stress_test,relational_between,graph,22,2018_543232__event_002,0.0125,True
tokyo_26786_relational_between,26786,stress_test,relational_between,graph,23,2018_543206__event_001,0.012345679012345678,True
tokyo_26786_relational_between,26786,stress_test,relational_between,graph,24,2018_543228__event_002,0.012195121951219513,True
tokyo_26786_relational_between,26786,stress_test,relational_between,graph,25,2018_543209__event_001,0.012048192771084338,True
tokyo_26786_relational_between,26786,stress_test,relational_between,graph,26,2018_543174__event_002,0.011904761904761904,True
tokyo_26786_relational_between,26786,stress_test,relational_between,graph,27,2018_543169__event_004,0.011764705882352941,True
tokyo_26786_relational_between,26786,stress_test,relational_between,graph,28,2018_543204__event_008,0.011627906976744186,True
tokyo_26786_relational_between,26786,stress_test,relational_between,graph,29,2018_543207__event_002,0.011494252873563218,True
tokyo_26786_relational_between,26786,stress_test,relational_between,graph,30,2018_543256__event_004,0.011363636363636364,True
tokyo_26786_relational_between,26786,stress_test,relational_between,graph,31,2018_543212__event_005,0.011235955056179775,True
tokyo_26786_relational_between,26786,stress_test,relational_between,graph,32,2018_543201__event_007,0.011111111111111112,True
tokyo_26786_relational_between,26786,stress_test,relational_between,graph,33,2018_543203__event_006,0.01098901098901099,True
tokyo_26786_relational_between,26786,stress_test,relational_between,graph,34,2018_543178__event_002,0.010869565217391304,True
tokyo_26786_relational_between,26786,stress_test,relational_between,graph,35,2018_543228__event_003,0.010752688172043012,True
tokyo_26786_relational_between,26786,stress_test,relational_between,graph,36,2018_543239__event_004,0.010638297872340425,True
tokyo_26786_relational_between,26786,stress_test,relational_between,graph,37,2018_543236__event_002,0.010526315789473684,True
tokyo_26786_relational_between,26786,stress_test,relational_between,graph,38,2018_543254__event_001,0.010416666666666666,True
tokyo_26786_relational_between,26786,stress_test,relational_between,graph,39,2018_543178__event_004,0.010309278350515464,True
tokyo_26786_relational_between,26786,stress_test,relational_between,graph,40,2018_543241__event_002,0.01020408163265306,True
tokyo_26786_relational_between,26786,stress_test,relational_between,graph,41,2018_543193__event_004,0.010101010101010102,True
tokyo_26786_relational_between,26786,stress_test,relational_between,graph,42,2018_543176__event_005,0.01,True
tokyo_26786_relational_between,26786,stress_test,relational_between,graph,43,2018_543179__event_007,0.00980392156862745,True
tokyo_26786_relational_between,26786,stress_test,relational_between,graph,44,2018_543232__event_003,0.009708737864077669,True
tokyo_26786_relational_between,26786,stress_test,relational_between,graph,45,2018_543228__event_001,0.009615384615384616,True
tokyo_26786_relational_between,26786,stress_test,relational_between,graph,46,2018_543194__event_004,0.009523809523809525,True
tokyo_26786_relational_between,26786,stress_test,relational_between,graph,47,2018_543226__event_005,0.009433962264150943,True
tokyo_26786_relational_between,26786,stress_test,relational_between,graph,48,2018_543204__event_006,0.009345794392523364,True
tokyo_26786_relational_between,26786,stress_test,relational_between,graph,49,2018_543203__event_004,0.009259259259259259,True
tokyo_26786_relational_between,26786,stress_test,relational_between,graph,50,2018_543197__event_004,0.009174311926605505,True
tokyo_26786_relational_between,26786,stress_test,relational_between,graph,51,2018_543229__event_002,0.00909090909090909,True
tokyo_26786_relational_between,26786,stress_test,relational_between,graph,52,2018_543236__event_003,0.009009009009009009,True
tokyo_26786_relational_between,26786,stress_test,relational_between,graph,53,2018_543179__event_005,0.008928571428571428,True
tokyo_26786_relational_between,26786,stress_test,relational_between,graph,54,2018_543203__event_002,0.008849557522123894,True
tokyo_26786_relational_between,26786,stress_test,relational_between,graph,55,2018_543197__event_002,0.008771929824561403,True
tokyo_26786_relational_between,26786,stress_test,relational_between,graph,56,2018_543218__event_003,0.008620689655172414,True
tokyo_26786_relational_between,26786,stress_test,relational_between,graph,57,2018_543218__event_001,0.008547008547008548,True
tokyo_26786_relational_between,26786,stress_test,relational_between,graph,58,2018_543176__event_003,0.00847457627118644,True
tokyo_26786_relational_between,26786,stress_test,relational_between,graph,59,2018_543200__event_001,0.008403361344537815,True
tokyo_26786_relational_between,26786,stress_test,relational_between,graph,60,2018_543194__event_005,0.008333333333333333,True
tokyo_26786_relational_between,26786,stress_test,relational_between,graph,61,2018_543241__event_003,0.008264462809917356,True
tokyo_26786_relational_between,26786,stress_test,relational_between,graph,62,2018_543252__event_002,0.00819672131147541,True
tokyo_26786_relational_between,26786,stress_test,relational_between,graph,63,2018_543207__event_001,0.008130081300813009,True
tokyo_26786_relational_between,26786,stress_test,relational_between,graph,64,2018_543204__event_004,0.008064516129032258,True
tokyo_26786_relational_between,26786,stress_test,relational_between,graph,65,2018_543218__event_002,0.008,True
tokyo_26786_relational_between,26786,stress_test,relational_between,graph,66,2018_543204__event_009,0.007936507936507936,True
tokyo_26786_relational_between,26786,stress_test,relational_between,graph,67,2018_543207__event_003,0.007874015748031496,True
tokyo_26786_relational_between,26786,stress_test,relational_between,graph,68,2018_543206__event_002,0.0078125,True
tokyo_26786_relational_between,26786,stress_test,relational_between,graph,69,2018_543209__event_002,0.007751937984496124,True
tokyo_26786_relational_between,26786,stress_test,relational_between,graph,70,2018_543182__event_001,0.007692307692307693,True
tokyo_26786_relational_between,26786,stress_test,relational_between,graph,71,2018_543216__event_001,0.007633587786259542,True
tokyo_26786_relational_between,26786,stress_test,relational_between,graph,72,2018_543218__event_004,0.007575757575757576,True
tokyo_26786_relational_between,26786,stress_test,relational_between,graph,73,2018_543252__event_004,0.007518796992481203,True
tokyo_26786_relational_between,26786,stress_test,relational_between,graph,74,2018_543196__event_002,0.007462686567164179,True
tokyo_26786_relational_between,26786,stress_test,relational_between,graph,75,2018_543231__event_001,0.007407407407407408,True
tokyo_26786_relational_between,26786,stress_test,relational_between,graph,76,2018_543213__event_002,0.007352941176470588,True
tokyo_26786_relational_between,26786,stress_test,relational_between,graph,77,2018_543201__event_006,0.0072992700729927005,True
tokyo_26786_relational_between,26786,stress_test,relational_between,graph,78,2018_543212__event_004,0.007246376811594203,True
tokyo_26786_relational_between,26786,stress_test,relational_between,graph,79,2018_543176__event_002,0.007194244604316547,True
tokyo_26786_relational_between,26786,stress_test,relational_between,graph,80,2018_543169__event_003,0.007142857142857143,True
tokyo_26786_relational_between,26786,stress_test,relational_between,graph,81,2018_543256__event_003,0.0070921985815602835,True
tokyo_26786_relational_between,26786,stress_test,relational_between,graph,82,2018_543204__event_007,0.007042253521126761,True
tokyo_26786_relational_between,26786,stress_test,relational_between,graph,83,2018_543203__event_005,0.006993006993006993,True
tokyo_26786_relational_between,26786,stress_test,relational_between,graph,84,2018_543226__event_003,0.006944444444444444,True
tokyo_26786_relational_between,26786,stress_test,relational_between,graph,85,2018_543246__event_002,0.006896551724137931,True
tokyo_26786_relational_between,26786,stress_test,relational_between,graph,86,2018_543239__event_001,0.00684931506849315,True
tokyo_26786_relational_between,26786,stress_test,relational_between,graph,87,2018_543186__event_002,0.006802721088435374,True
tokyo_26786_relational_between,26786,stress_test,relational_between,graph,88,2018_543194__event_001,0.006756756756756757,True
tokyo_26786_relational_between,26786,stress_test,relational_between,graph,89,2018_543175__event_006,0.006711409395973154,True
tokyo_26786_relational_between,26786,stress_test,relational_between,graph,90,2018_543222__event_003,0.006666666666666667,True
tokyo_26786_relational_between,26786,stress_test,relational_between,graph,91,2018_543241__event_001,0.006622516556291391,True
tokyo_26786_relational_between,26786,stress_test,relational_between,graph,92,2018_543168__event_009,0.006578947368421052,True
tokyo_26786_relational_between,26786,stress_test,relational_between,graph,93,2018_543234__event_001,0.006535947712418301,True
tokyo_26786_relational_between,26786,stress_test,relational_between,graph,94,2018_543248__event_002,0.006493506493506494,True
tokyo_26786_relational_between,26786,stress_test,relational_between,graph,95,2018_543188__event_002,0.0064516129032258064,True
tokyo_26786_relational_between,26786,stress_test,relational_between,graph,96,2018_543193__event_002,0.00641025641025641,True
tokyo_26786_relational_between,26786,stress_test,relational_between,graph,97,2018_543185__event_004,0.006369426751592357,True
tokyo_26786_relational_between,26786,stress_test,relational_between,graph,98,2018_543194__event_006,0.006329113924050633,True
tokyo_26786_relational_between,26786,stress_test,relational_between,graph,99,2018_543176__event_001,0.006289308176100629,True
tokyo_26786_relational_between,26786,stress_test,relational_between,graph,100,2018_543168__event_010,0.00625,True
tokyo_26786_relational_between,26786,stress_test,relational_between,graph,101,2018_543191__event_003,0.006211180124223602,True
tokyo_26786_relational_between,26786,stress_test,relational_between,graph,102,2018_543243__event_002,0.006172839506172839,True
tokyo_26786_relational_between,26786,stress_test,relational_between,graph,103,2018_543182__event_002,0.006134969325153374,True
tokyo_26786_relational_between,26786,stress_test,relational_between,graph,104,2018_543199__event_003,0.006097560975609756,True
tokyo_26786_relational_between,26786,stress_test,relational_between,graph,105,2018_543236__event_004,0.006060606060606061,True
tokyo_26786_relational_between,26786,stress_test,relational_between,graph,106,2018_543231__event_002,0.006024096385542169,True
tokyo_26786_relational_between,26786,stress_test,relational_between,graph,107,2018_543234__event_002,0.005988023952095809,True
tokyo_26786_relational_between,26786,stress_test,relational_between,graph,108,2018_543191__event_002,0.005952380952380952,True
tokyo_26786_relational_between,26786,stress_test,relational_between,graph,109,2018_543216__event_002,0.005917159763313609,True
tokyo_26786_relational_between,26786,stress_test,relational_between,graph,110,2018_543199__event_002,0.0058823529411764705,True
tokyo_26786_relational_between,26786,stress_test,relational_between,graph,111,2018_543249__event_002,0.005847953216374269,True
tokyo_26786_relational_between,26786,stress_test,relational_between,graph,112,2018_543222__event_001,0.005813953488372093,True
tokyo_26786_relational_between,26786,stress_test,relational_between,graph,113,2018_543225__event_001,0.005780346820809248,True
tokyo_26786_relational_between,26786,stress_test,relational_between,graph,114,2018_543184__event_003,0.005747126436781609,True
tokyo_26786_relational_between,26786,stress_test,relational_between,graph,115,2018_543228__event_004,0.005714285714285714,True
tokyo_26786_relational_between,26786,stress_test,relational_between,graph,116,2018_543197__event_005,0.005681818181818182,True
tokyo_26786_relational_between,26786,stress_test,relational_between,graph,117,2018_543239__event_003,0.005649717514124294,True
tokyo_26786_relational_between,26786,stress_test,relational_between,graph,118,2018_543175__event_005,0.0056179775280898875,True
tokyo_26786_relational_between,26786,stress_test,relational_between,graph,119,2018_543168__event_001,0.00558659217877095,True
tokyo_26786_relational_between,26786,stress_test,relational_between,graph,120,2018_543248__event_001,0.005555555555555556,True
tokyo_26786_relational_between,26786,stress_test,relational_between,graph,121,2018_543239__event_002,0.0055248618784530384,True
tokyo_26786_relational_between,26786,stress_test,relational_between,graph,122,2018_543249__event_001,0.005494505494505495,True
tokyo_26786_relational_between,26786,stress_test,relational_between,graph,123,2018_543245__event_002,0.00546448087431694,True
tokyo_26786_relational_between,26786,stress_test,relational_between,graph,124,2018_543191__event_001,0.005434782608695652,True
tokyo_26786_relational_between,26786,stress_test,relational_between,graph,125,2018_543173__event_002,0.005405405405405406,True
tokyo_26786_relational_between,26786,stress_test,relational_between,graph,126,2018_543254__event_002,0.005376344086021506,True
tokyo_26786_relational_between,26786,stress_test,relational_between,graph,127,2018_543184__event_002,0.0053475935828877,True
tokyo_26786_relational_between,26786,stress_test,relational_between,graph,128,2018_543168__event_003,0.005319148936170213,True
tokyo_26786_relational_between,26786,stress_test,relational_between,graph,129,2018_543193__event_001,0.005291005291005291,True
tokyo_26786_relational_between,26786,stress_test,relational_between,graph,130,2018_543194__event_002,0.005263157894736842,True
tokyo_26786_relational_between,26786,stress_test,relational_between,graph,131,2018_543188__event_001,0.005235602094240838,True
tokyo_26786_relational_between,26786,stress_test,relational_between,graph,132,2018_543194__event_007,0.005208333333333333,True
tokyo_26786_relational_between,26786,stress_test,relational_between,graph,133,2018_543208__event_001,0.0051813471502590676,True
tokyo_26786_relational_between,26786,stress_test,relational_between,graph,134,2018_543225__event_003,0.005154639175257732,True
tokyo_26786_relational_between,26786,stress_test,relational_between,graph,135,2018_543194__event_003,0.005128205128205128,True
tokyo_26786_relational_between,26786,stress_test,relational_between,graph,136,2018_543185__event_003,0.00510204081632653,True
tokyo_26786_relational_between,26786,stress_test,relational_between,graph,137,2018_543225__event_002,0.005076142131979695,True
tokyo_26786_relational_between,26786,stress_test,relational_between,graph,138,2018_543192__event_003,0.005050505050505051,True
tokyo_26786_relational_between,26786,stress_test,relational_between,graph,139,2018_543243__event_001,0.005025125628140704,True
tokyo_26786_relational_between,26786,stress_test,relational_between,graph,140,2018_543200__event_002,0.005,True
tokyo_26786_relational_between,26786,stress_test,relational_between,graph,141,2018_543225__event_004,0.004975124378109453,True
tokyo_26786_relational_between,26786,stress_test,relational_between,graph,142,2018_543208__event_002,0.0049504950495049506,True
tokyo_26786_relational_between,26786,stress_test,relational_between,graph,143,2018_543196__event_003,0.0049261083743842365,True
tokyo_26786_relational_between,26786,stress_test,relational_between,graph,144,2018_543174__event_003,0.004901960784313725,True
tokyo_26786_relational_between,26786,stress_test,relational_between,graph,145,2018_543185__event_002,0.004878048780487805,True
tokyo_26786_relational_between,26786,stress_test,relational_between,graph,146,2018_543179__event_001,0.0048543689320388345,True
tokyo_26786_relational_between,26786,stress_test,relational_between,graph,147,2018_543213__event_001,0.004830917874396135,True
tokyo_26786_relational_between,26786,stress_test,relational_between,graph,148,2018_543179__event_008,0.004807692307692308,True
tokyo_26786_relational_between,26786,stress_test,relational_between,graph,149,2018_543236__event_001,0.004784688995215311,True
tokyo_26786_relational_between,26786,stress_test,relational_between,graph,150,2018_543255__event_001,0.004761904761904762,True
tokyo_26786_relational_between,26786,stress_test,relational_between,graph,151,2018_543196__event_001,0.004739336492890996,True
tokyo_26786_relational_between,26786,stress_test,relational_between,graph,152,2018_543197__event_006,0.0047169811320754715,True
tokyo_26786_relational_between,26786,stress_test,relational_between,graph,153,2018_543248__event_003,0.004694835680751174,True
tokyo_26786_relational_between,26786,stress_test,relational_between,graph,154,2018_543232__event_001,0.004672897196261682,True
tokyo_26786_relational_between,26786,stress_test,relational_between,graph,155,2018_543197__event_001,0.004651162790697674,True
tokyo_26786_relational_between,26786,stress_test,relational_between,graph,156,2018_543245__event_001,0.004629629629629629,True
tokyo_26786_relational_between,26786,stress_test,relational_between,graph,157,2018_543179__event_002,0.004608294930875576,True
tokyo_26786_relational_between,26786,stress_test,relational_between,graph,158,2018_543194__event_008,0.0045871559633027525,True
tokyo_26786_relational_between,26786,stress_test,relational_between,graph,159,2018_543185__event_001,0.0045662100456621,True
tokyo_26786_relational_between,26786,stress_test,relational_between,graph,160,2018_543216__event_003,0.004545454545454545,True
tokyo_26786_relational_between,26786,stress_test,relational_between,graph,161,2018_543229__event_005,0.004524886877828055,True
tokyo_26786_relational_between,26786,stress_test,relational_between,graph,162,2018_543222__event_002,0.0045045045045045045,True
tokyo_26786_relational_between,26786,stress_test,relational_between,graph,163,2018_543229__event_001,0.004484304932735426,True
tokyo_26786_relational_between,26786,stress_test,relational_between,graph,164,2018_543222__event_004,0.004464285714285714,True
tokyo_26786_relational_between,26786,stress_test,relational_between,graph,165,2018_543236__event_006,0.0044444444444444444,True
tokyo_26786_relational_between,26786,stress_test,relational_between,graph,166,2018_543208__event_003,0.004424778761061947,True
tokyo_26786_relational_between,26786,stress_test,relational_between,graph,167,2018_543175__event_001,0.004405286343612335,True
tokyo_26786_relational_between,26786,stress_test,relational_between,graph,168,2018_543215__event_001,0.0043859649122807015,True
tokyo_26786_relational_between,26786,stress_test,relational_between,graph,169,2018_543183__event_001,0.004366812227074236,True
tokyo_26786_relational_between,26786,stress_test,relational_between,graph,170,2018_543170__event_002,0.004347826086956522,True
tokyo_26786_relational_between,26786,stress_test,relational_between,graph,171,2018_543186__event_001,0.004329004329004329,True
tokyo_26786_relational_between,26786,stress_test,relational_between,graph,172,2018_543226__event_001,0.004310344827586207,True
tokyo_26786_relational_between,26786,stress_test,relational_between,graph,173,2018_543195__event_001,0.004291845493562232,True
tokyo_26786_relational_between,26786,stress_test,relational_between,graph,174,2018_543246__event_001,0.004273504273504274,True
tokyo_26786_relational_between,26786,stress_test,relational_between,graph,175,2018_543201__event_005,0.00425531914893617,True
tokyo_26786_relational_between,26786,stress_test,relational_between,graph,176,2018_543201__event_001,0.00423728813559322,True
tokyo_26786_relational_between,26786,stress_test,relational_between,graph,177,2018_543240__event_002,0.004219409282700422,True
tokyo_26786_relational_between,26786,stress_test,relational_between,graph,178,2018_543226__event_006,0.004201680672268907,True
tokyo_26786_relational_between,26786,stress_test,relational_between,graph,179,2018_543179__event_003,0.0041841004184100415,True
tokyo_26786_relational_between,26786,stress_test,relational_between,graph,180,2018_543168__event_004,0.004166666666666667,True
tokyo_26786_relational_between,26786,stress_test,relational_between,graph,181,2018_543212__event_001,0.004149377593360996,True
tokyo_26786_relational_between,26786,stress_test,relational_between,graph,182,2018_543169__event_001,0.004132231404958678,True
tokyo_26786_relational_between,26786,stress_test,relational_between,graph,183,2018_543204__event_001,0.00411522633744856,True
tokyo_26786_relational_between,26786,stress_test,relational_between,graph,184,2018_543180__event_002,0.004098360655737705,True
tokyo_26786_relational_between,26786,stress_test,relational_between,graph,185,2018_543169__event_002,0.004081632653061225,True
tokyo_26786_relational_between,26786,stress_test,relational_between,graph,186,2018_543175__event_002,0.0040650406504065045,True
tokyo_26786_relational_between,26786,stress_test,relational_between,graph,187,2018_543168__event_002,0.004048582995951417,True
tokyo_26786_relational_between,26786,stress_test,relational_between,graph,188,2018_543204__event_003,0.004032258064516129,True
tokyo_26786_relational_between,26786,stress_test,relational_between,graph,189,2018_543255__event_004,0.004016064257028112,True
tokyo_26786_relational_between,26786,stress_test,relational_between,graph,190,2018_543203__event_001,0.004,True
tokyo_26786_relational_between,26786,stress_test,relational_between,graph,191,2018_543192__event_004,0.00398406374501992,True
tokyo_26786_relational_between,26786,stress_test,relational_between,graph,192,2018_543230__event_002,0.003968253968253968,True
tokyo_26786_relational_between,26786,stress_test,relational_between,graph,193,2018_543241__event_004,0.003952569169960474,True
tokyo_26786_relational_between,26786,stress_test,relational_between,graph,194,2018_543256__event_001,0.003937007874015748,True
tokyo_26786_relational_between,26786,stress_test,relational_between,graph,195,2018_543230__event_003,0.00392156862745098,True
tokyo_26786_relational_between,26786,stress_test,relational_between,graph,196,2018_543255__event_005,0.00390625,True
tokyo_26786_relational_between,26786,stress_test,relational_between,graph,197,2018_543254__event_003,0.0038910505836575876,True
tokyo_26786_relational_between,26786,stress_test,relational_between,graph,198,2018_543215__event_002,0.003875968992248062,True
tokyo_26786_relational_between,26786,stress_test,relational_between,graph,199,2018_543238__event_002,0.003861003861003861,True
tokyo_26786_relational_between,26786,stress_test,relational_between,graph,200,2018_543252__event_001,0.0038461538461538464,True
tokyo_26786_relational_between,26786,stress_test,relational_between,graph,201,2018_543183__event_004,0.0038314176245210726,True
tokyo_26786_relational_between,26786,stress_test,relational_between,graph,202,2018_543256__event_002,0.003816793893129771,True
tokyo_26786_relational_between,26786,stress_test,relational_between,graph,203,2018_543250__event_002,0.0038022813688212928,True
tokyo_26786_relational_between,26786,stress_test,relational_between,graph,204,2018_543183__event_002,0.003787878787878788,True
tokyo_26786_relational_between,26786,stress_test,relational_between,graph,205,2018_543201__event_004,0.0037735849056603774,True
tokyo_26786_relational_between,26786,stress_test,relational_between,graph,206,2018_543192__event_001,0.0037593984962406013,True
tokyo_26786_relational_between,26786,stress_test,relational_between,graph,207,2018_543195__event_013,0.003745318352059925,True
tokyo_26786_relational_between,26786,stress_test,relational_between,graph,208,2018_543204__event_002,0.0037313432835820895,True
tokyo_26786_relational_between,26786,stress_test,relational_between,graph,209,2018_543226__event_002,0.0037174721189591076,True
tokyo_26786_relational_between,26786,stress_test,relational_between,graph,210,2018_543227__event_002,0.003703703703703704,True
tokyo_26786_relational_between,26786,stress_test,relational_between,graph,211,2018_543168__event_005,0.0036900369003690036,True
tokyo_26786_relational_between,26786,stress_test,relational_between,graph,212,2018_543255__event_002,0.003676470588235294,True
tokyo_26786_relational_between,26786,stress_test,relational_between,graph,213,2018_543242__event_001,0.003663003663003663,True
tokyo_26786_relational_between,26786,stress_test,relational_between,graph,214,2018_543173__event_001,0.0036496350364963502,True
tokyo_26786_relational_between,26786,stress_test,relational_between,graph,215,2018_543175__event_003,0.0036363636363636364,True
tokyo_26786_relational_between,26786,stress_test,relational_between,graph,216,2018_543201__event_002,0.0036231884057971015,True
tokyo_26786_relational_between,26786,stress_test,relational_between,graph,217,2018_543192__event_002,0.0036101083032490976,True
tokyo_26786_relational_between,26786,stress_test,relational_between,graph,218,2018_543170__event_001,0.0035971223021582736,True
tokyo_26786_relational_between,26786,stress_test,relational_between,graph,219,2018_543212__event_002,0.0035842293906810036,True
tokyo_26786_relational_between,26786,stress_test,relational_between,graph,220,2018_543212__event_003,0.0035714285714285713,True
tokyo_26786_relational_between,26786,stress_test,relational_between,graph,221,2018_543168__event_006,0.0035587188612099642,True
tokyo_26786_relational_between,26786,stress_test,relational_between,graph,222,2018_543242__event_002,0.0035460992907801418,True
tokyo_26786_relational_between,26786,stress_test,relational_between,graph,223,2018_543195__event_002,0.0035335689045936395,True
tokyo_26786_relational_between,26786,stress_test,relational_between,graph,224,2018_543255__event_003,0.0035211267605633804,True
tokyo_26786_relational_between,26786,stress_test,relational_between,graph,225,2018_543236__event_005,0.0035087719298245615,True
tokyo_26786_relational_between,26786,stress_test,relational_between,graph,226,2018_543183__event_005,0.0034965034965034965,True
tokyo_26786_relational_between,26786,stress_test,relational_between,graph,227,2018_543175__event_004,0.003484320557491289,True
tokyo_26786_relational_between,26786,stress_test,relational_between,graph,228,2018_543183__event_006,0.003472222222222222,True
tokyo_26786_relational_between,26786,stress_test,relational_between,graph,229,2018_543199__event_001,0.0034602076124567475,True
tokyo_26786_relational_between,26786,stress_test,relational_between,graph,230,2018_543168__event_008,0.0034482758620689655,True
tokyo_26786_relational_between,26786,stress_test,relational_between,graph,231,2018_543180__event_001,0.003436426116838488,True
tokyo_26786_relational_between,26786,stress_test,relational_between,graph,232,2018_543184__event_001,0.003424657534246575,True
tokyo_26786_relational_between,26786,stress_test,relational_between,graph,233,2018_543227__event_001,0.0034129692832764505,True
tokyo_26786_relational_between,26786,stress_test,relational_between,graph,234,2018_543240__event_001,0.003401360544217687,True
tokyo_26786_relational_between,26786,stress_test,relational_between,graph,235,2018_543250__event_001,0.003389830508474576,True
tokyo_26786_relational_between,26786,stress_test,relational_between,graph,236,2018_543179__event_004,0.0033783783783783786,True
tokyo_26786_relational_between,26786,stress_test,relational_between,graph,237,2018_543238__event_001,0.003367003367003367,True
tokyo_26786_relational_between,26786,stress_test,relational_between,graph,238,2018_543220__event_001,0.003355704697986577,True
tokyo_26786_relational_between,26786,stress_test,relational_between,graph,239,2018_543195__event_012,0.0033444816053511705,True
tokyo_26786_relational_between,26786,stress_test,relational_between,graph,240,2018_543208__event_004,0.0033333333333333335,True
tokyo_26786_relational_between,26786,stress_test,relational_between,graph,241,2018_543220__event_003,0.0033222591362126247,True
tokyo_26786_relational_between,26786,stress_test,relational_between,graph,242,2018_543252__event_005,0.0033112582781456954,True
tokyo_26786_relational_between,26786,stress_test,relational_between,graph,243,2018_543230__event_001,0.0033003300330033004,True
tokyo_26786_relational_between,26786,stress_test,relational_between,graph,244,2018_543195__event_005,0.003289473684210526,True
tokyo_26786_relational_between,26786,stress_test,relational_between,graph,245,2018_543183__event_003,0.003278688524590164,True
tokyo_26786_relational_between,26786,stress_test,relational_between,graph,246,2018_543195__event_010,0.0032679738562091504,True
tokyo_26786_relational_between,26786,stress_test,relational_between,graph,247,2018_543195__event_011,0.003257328990228013,True
tokyo_26786_relational_between,26786,stress_test,relational_between,graph,248,2018_543201__event_003,0.003246753246753247,True
tokyo_26786_relational_between,26786,stress_test,relational_between,graph,249,2018_543195__event_009,0.003236245954692557,True
tokyo_26786_relational_between,26786,stress_test,relational_between,graph,250,2018_543220__event_002,0.0032258064516129032,True
tokyo_26786_relational_between,26786,stress_test,relational_between,graph,251,2018_543195__event_006,0.003215434083601286,True
tokyo_26786_relational_between,26786,stress_test,relational_between,graph,252,2018_543168__event_007,0.003205128205128205,True
tokyo_26786_relational_between,26786,stress_test,relational_between,graph,253,2018_543195__event_008,0.003194888178913738,True
tokyo_26786_relational_between,26786,stress_test,relational_between,graph,254,2018_543195__event_003,0.0031847133757961785,True
tokyo_26786_relational_between,26786,stress_test,relational_between,graph,255,2018_543195__event_007,0.0031746031746031746,True
tokyo_26786_relational_between,26786,stress_test,relational_between,graph,256,2018_543195__event_004,0.0031645569620253164,True
tokyo_277915_relational_between,277915,stress_test,relational_between,graph,1,2018_3383894__event_001,0.03278688524590164,False
tokyo_277915_relational_between,277915,stress_test,relational_between,graph,2,2018_3383894__event_002,0.03225806451612903,False
tokyo_277915_relational_between,277915,stress_test,relational_between,graph,3,2018_3383892__event_002,0.03149801587301587,False
tokyo_277915_relational_between,277915,stress_test,relational_between,graph,4,2018_3383896__event_002,0.03055037313432836,False
tokyo_277915_relational_between,277915,stress_test,relational_between,graph,5,2018_3383898__event_002,0.029877369007803793,False
tokyo_277915_relational_between,277915,stress_test,relational_between,graph,6,2018_3383892__event_001,0.02946912242686891,False
tokyo_277915_relational_between,277915,stress_test,relational_between,graph,7,2018_3383892__event_003,0.029437229437229435,False
tokyo_277915_relational_between,277915,stress_test,relational_between,graph,8,2018_3383894__event_003,0.02886002886002886,False
tokyo_277915_relational_between,277915,stress_test,relational_between,graph,9,2018_3383896__event_001,0.028594771241830064,False
tokyo_277915_relational_between,277915,stress_test,relational_between,graph,10,2018_3383898__event_001,0.027799227799227798,False
tokyo_277915_relational_between,277915,stress_test,relational_between,graph,11,2018_3383898__event_003,0.027783137179239824,False
tokyo_277915_relational_between,277915,stress_test,relational_between,graph,12,2018_3383909__event_002,0.015151515151515152,False
tokyo_277915_relational_between,277915,stress_test,relational_between,graph,13,2018_3383887__event_003,0.014925373134328358,False
tokyo_277915_relational_between,277915,stress_test,relational_between,graph,14,2018_3383891__event_001,0.014705882352941176,False
tokyo_277915_relational_between,277915,stress_test,relational_between,graph,15,2018_3383887__event_002,0.014492753623188406,False
tokyo_277915_relational_between,277915,stress_test,relational_between,graph,16,2018_3383891__event_002,0.013333333333333334,False
tokyo_277915_relational_between,277915,stress_test,relational_between,graph,17,2018_3383909__event_001,0.013157894736842105,False
tokyo_277915_relational_between,277915,stress_test,relational_between,graph,18,2018_3383890__event_001,0.01282051282051282,False
tokyo_277915_relational_between,277915,stress_test,relational_between,graph,19,2018_3383886__event_001,0.012658227848101266,False
tokyo_277915_relational_between,277915,stress_test,relational_between,graph,20,2018_3383899__event_001,0.0125,False
tokyo_277915_relational_between,277915,stress_test,relational_between,graph,21,2018_3383900__event_002,0.012345679012345678,False
tokyo_277915_relational_between,277915,stress_test,relational_between,graph,22,2018_3383887__event_001,0.012195121951219513,False
tokyo_277915_relational_between,277915,stress_test,relational_between,graph,23,2018_3383901__event_001,0.012048192771084338,False
tokyo_277915_relational_between,277915,stress_test,relational_between,graph,24,2018_3383901__event_002,0.011904761904761904,False
tokyo_277915_relational_between,277915,stress_test,relational_between,graph,25,2018_3383889__event_002,0.011764705882352941,False
tokyo_277915_relational_between,277915,stress_test,relational_between,graph,26,2018_3383894__event_004,0.011627906976744186,False
tokyo_277915_relational_between,277915,stress_test,relational_between,graph,27,2018_3383902__event_002,0.011494252873563218,False
tokyo_277915_relational_between,277915,stress_test,relational_between,graph,28,2018_3383900__event_001,0.011363636363636364,False
tokyo_277915_relational_between,277915,stress_test,relational_between,graph,29,2018_3383902__event_001,0.011235955056179775,False
tokyo_277915_relational_between,277915,stress_test,relational_between,graph,30,2018_3383894__event_005,0.011111111111111112,False
tokyo_277915_relational_between,277915,stress_test,relational_between,graph,31,2018_3383899__event_002,0.01098901098901099,False
tokyo_277915_relational_between,277915,stress_test,relational_between,graph,32,2018_3383886__event_002,0.010869565217391304,False
tokyo_277915_relational_between,277915,stress_test,relational_between,graph,33,2018_3383890__event_002,0.010752688172043012,False
tokyo_277915_relational_between,277915,stress_test,relational_between,graph,34,2018_3383912__event_002,0.010638297872340425,False
tokyo_277915_relational_between,277915,stress_test,relational_between,graph,35,2018_3383912__event_001,0.010526315789473684,False
tokyo_277915_relational_between,277915,stress_test,relational_between,graph,36,2018_3383889__event_001,0.010416666666666666,False
tokyo_277915_relational_between,277915,stress_test,relational_between,graph,37,2018_3383911__event_002,0.010309278350515464,False
tokyo_277915_relational_between,277915,stress_test,relational_between,graph,38,2018_3383903__event_002,0.01020408163265306,False
tokyo_277915_relational_between,277915,stress_test,relational_between,graph,39,2018_3383911__event_001,0.010101010101010102,False
tokyo_277915_relational_between,277915,stress_test,relational_between,graph,40,2018_3383903__event_001,0.01,False
tokyo_280210_relational_between,280210,stress_test,relational_between,graph,1,2018_3396830__event_002,0.03278688524590164,True
tokyo_280210_relational_between,280210,stress_test,relational_between,graph,2,2018_3396830__event_001,0.03225806451612903,True
tokyo_280210_relational_between,280210,stress_test,relational_between,graph,3,2018_3396830__event_003,0.03149801587301587,True
tokyo_280210_relational_between,280210,stress_test,relational_between,graph,4,2018_3396833__event_001,0.03149801587301587,True
tokyo_280210_relational_between,280210,stress_test,relational_between,graph,5,2018_3396833__event_002,0.03076923076923077,True
tokyo_280210_relational_between,280210,stress_test,relational_between,graph,6,2018_3396830__event_004,0.030303030303030304,True
tokyo_280210_relational_between,280210,stress_test,relational_between,graph,7,2018_3396833__event_003,0.029631255487269532,True
tokyo_280210_relational_between,280210,stress_test,relational_between,graph,8,2018_3396831__event_002,0.014925373134328358,True
tokyo_280210_relational_between,280210,stress_test,relational_between,graph,9,2018_3396831__event_001,0.014492753623188406,True
tokyo_280210_relational_between,280210,stress_test,relational_between,graph,10,2018_3396800__event_001,0.014285714285714285,True
tokyo_280210_relational_between,280210,stress_test,relational_between,graph,11,2018_3396783__event_002,0.014084507042253521,True
tokyo_280210_relational_between,280210,stress_test,relational_between,graph,12,2018_3396831__event_003,0.013888888888888888,True
tokyo_280210_relational_between,280210,stress_test,relational_between,graph,13,2018_3396777__event_002,0.0136986301369863,True
tokyo_280210_relational_between,280210,stress_test,relational_between,graph,14,2018_3396812__event_001,0.013513513513513514,True
tokyo_280210_relational_between,280210,stress_test,relational_between,graph,15,2018_3396788__event_002,0.013333333333333334,True
tokyo_280210_relational_between,280210,stress_test,relational_between,graph,16,2018_3396777__event_001,0.013157894736842105,True
tokyo_280210_relational_between,280210,stress_test,relational_between,graph,17,2018_3396805__event_002,0.012987012987012988,True
tokyo_280210_relational_between,280210,stress_test,relational_between,graph,18,2018_3396789__event_004,0.01282051282051282,True
tokyo_280210_relational_between,280210,stress_test,relational_between,graph,19,2018_3396783__event_001,0.012658227848101266,True
tokyo_280210_relational_between,280210,stress_test,relational_between,graph,20,2018_3396792__event_003,0.0125,True
tokyo_280210_relational_between,280210,stress_test,relational_between,graph,21,2018_3396831__event_004,0.012345679012345678,True
tokyo_280210_relational_between,280210,stress_test,relational_between,graph,22,2018_3396800__event_005,0.012195121951219513,True
tokyo_280210_relational_between,280210,stress_test,relational_between,graph,23,2018_3396837__event_002,0.012048192771084338,True
tokyo_280210_relational_between,280210,stress_test,relational_between,graph,24,2018_3396805__event_001,0.011904761904761904,True
tokyo_280210_relational_between,280210,stress_test,relational_between,graph,25,2018_3396837__event_003,0.011764705882352941,True
tokyo_280210_relational_between,280210,stress_test,relational_between,graph,26,2018_3396800__event_003,0.011627906976744186,True
tokyo_280210_relational_between,280210,stress_test,relational_between,graph,27,2018_3396797__event_002,0.011494252873563218,True
tokyo_280210_relational_between,280210,stress_test,relational_between,graph,28,2018_3396788__event_003,0.011363636363636364,True
tokyo_280210_relational_between,280210,stress_test,relational_between,graph,29,2018_3396792__event_004,0.011235955056179775,True
tokyo_280210_relational_between,280210,stress_test,relational_between,graph,30,2018_3396832__event_001,0.011111111111111112,True
tokyo_280210_relational_between,280210,stress_test,relational_between,graph,31,2018_3396800__event_002,0.01098901098901099,True
tokyo_280210_relational_between,280210,stress_test,relational_between,graph,32,2018_3396806__event_003,0.010869565217391304,True
tokyo_280210_relational_between,280210,stress_test,relational_between,graph,33,2018_3396837__event_001,0.010752688172043012,True
tokyo_280210_relational_between,280210,stress_test,relational_between,graph,34,2018_3396792__event_002,0.010638297872340425,True
tokyo_280210_relational_between,280210,stress_test,relational_between,graph,35,2018_3396788__event_001,0.010526315789473684,True
tokyo_280210_relational_between,280210,stress_test,relational_between,graph,36,2018_3396789__event_003,0.010416666666666666,True
tokyo_280210_relational_between,280210,stress_test,relational_between,graph,37,2018_3396808__event_001,0.010309278350515464,True
tokyo_280210_relational_between,280210,stress_test,relational_between,graph,38,2018_3396792__event_001,0.01020408163265306,True
tokyo_280210_relational_between,280210,stress_test,relational_between,graph,39,2018_3396800__event_004,0.010101010101010102,True
tokyo_280210_relational_between,280210,stress_test,relational_between,graph,40,2018_3396806__event_004,0.01,True
tokyo_280210_relational_between,280210,stress_test,relational_between,graph,41,2018_3396819__event_001,0.009900990099009901,True
tokyo_280210_relational_between,280210,stress_test,relational_between,graph,42,2018_3396797__event_001,0.00980392156862745,True
tokyo_280210_relational_between,280210,stress_test,relational_between,graph,43,2018_3396832__event_002,0.009708737864077669,True
tokyo_280210_relational_between,280210,stress_test,relational_between,graph,44,2018_3396814__event_002,0.009615384615384616,True
tokyo_280210_relational_between,280210,stress_test,relational_between,graph,45,2018_3396789__event_002,0.009523809523809525,True
tokyo_280210_relational_between,280210,stress_test,relational_between,graph,46,2018_3396789__event_001,0.009433962264150943,True
tokyo_280210_relational_between,280210,stress_test,relational_between,graph,47,2018_3396806__event_001,0.009345794392523364,True
tokyo_280210_relational_between,280210,stress_test,relational_between,graph,48,2018_3396807__event_001,0.009259259259259259,True
tokyo_280210_relational_between,280210,stress_test,relational_between,graph,49,2018_3396806__event_002,0.009174311926605505,True
tokyo_280210_relational_between,280210,stress_test,relational_between,graph,50,2018_3396778__event_003,0.00909090909090909,True
tokyo_280210_relational_between,280210,stress_test,relational_between,graph,51,2018_3396798__event_001,0.009009009009009009,True
tokyo_280210_relational_between,280210,stress_test,relational_between,graph,52,2018_3396814__event_001,0.008928571428571428,True
tokyo_280210_relational_between,280210,stress_test,relational_between,graph,53,2018_3396808__event_002,0.008849557522123894,True
tokyo_280210_relational_between,280210,stress_test,relational_between,graph,54,2018_3396837__event_004,0.008771929824561403,True
tokyo_280210_relational_between,280210,stress_test,relational_between,graph,55,2018_3396832__event_003,0.008695652173913044,True
tokyo_280210_relational_between,280210,stress_test,relational_between,graph,56,2018_3396778__event_002,0.008620689655172414,True
tokyo_280210_relational_between,280210,stress_test,relational_between,graph,57,2018_3396833__event_004,0.008547008547008548,True
tokyo_280210_relational_between,280210,stress_test,relational_between,graph,58,2018_3396819__event_002,0.00847457627118644,True
tokyo_280210_relational_between,280210,stress_test,relational_between,graph,59,2018_3396792__event_005,0.008403361344537815,True
tokyo_280210_relational_between,280210,stress_test,relational_between,graph,60,2018_3396798__event_002,0.008333333333333333,True
tokyo_280210_relational_between,280210,stress_test,relational_between,graph,61,2018_3396807__event_002,0.008264462809917356,True
tokyo_280210_relational_between,280210,stress_test,relational_between,graph,62,2018_3396812__event_002,0.00819672131147541,True
tokyo_280210_relational_between,280210,stress_test,relational_between,graph,63,2018_3396778__event_001,0.008130081300813009,True
tokyo_281448_relational_between,281448,stress_test,relational_between,graph,1,2018_3403825__event_002,0.03278688524590164,False
tokyo_281448_relational_between,281448,stress_test,relational_between,graph,2,2018_3403862__event_002,0.03200204813108039,False
tokyo_281448_relational_between,281448,stress_test,relational_between,graph,3,2018_3403886__event_002,0.03125763125763126,False
tokyo_281448_relational_between,281448,stress_test,relational_between,graph,4,2018_3403825__event_001,0.030834914611005692,False
tokyo_281448_relational_between,281448,stress_test,relational_between,graph,5,2018_3403847__event_001,0.030330882352941176,False
tokyo_281448_relational_between,281448,stress_test,relational_between,graph,6,2018_3403886__event_003,0.030309988518943745,False
tokyo_281448_relational_between,281448,stress_test,relational_between,graph,7,2018_3403862__event_001,0.030117753623188408,False
tokyo_281448_relational_between,281448,stress_test,relational_between,graph,8,2018_3403886__event_001,0.029437229437229435,False
tokyo_281448_relational_between,281448,stress_test,relational_between,graph,9,2018_3403886__event_004,0.029211087420042643,False
tokyo_281448_relational_between,281448,stress_test,relational_between,graph,10,2018_3403847__event_002,0.02819138376017471,False
tokyo_281448_relational_between,281448,stress_test,relational_between,graph,11,2018_3403834__event_003,0.015151515151515152,False
tokyo_281448_relational_between,281448,stress_test,relational_between,graph,12,2018_3403834__event_002,0.014084507042253521,False
tokyo_281448_relational_between,281448,stress_test,relational_between,graph,13,2018_3403860__event_002,0.013888888888888888,False
tokyo_281448_relational_between,281448,stress_test,relational_between,graph,14,2018_3403837__event_001,0.013513513513513514,False
tokyo_281448_relational_between,281448,stress_test,relational_between,graph,15,2018_3403886__event_005,0.013333333333333334,False
tokyo_281448_relational_between,281448,stress_test,relational_between,graph,16,2018_3403853__event_002,0.013157894736842105,False
tokyo_281448_relational_between,281448,stress_test,relational_between,graph,17,2018_3403849__event_001,0.012987012987012988,False
tokyo_281448_relational_between,281448,stress_test,relational_between,graph,18,2018_3403848__event_002,0.01282051282051282,False
tokyo_281448_relational_between,281448,stress_test,relational_between,graph,19,2018_3403848__event_001,0.012658227848101266,False
tokyo_281448_relational_between,281448,stress_test,relational_between,graph,20,2018_3403853__event_001,0.0125,False
tokyo_281448_relational_between,281448,stress_test,relational_between,graph,21,2018_3403834__event_001,0.012345679012345678,False
tokyo_281448_relational_between,281448,stress_test,relational_between,graph,22,2018_3403853__event_003,0.012195121951219513,False
tokyo_281448_relational_between,281448,stress_test,relational_between,graph,23,2018_3403837__event_002,0.012048192771084338,False
tokyo_281448_relational_between,281448,stress_test,relational_between,graph,24,2018_3403849__event_002,0.011904761904761904,False
tokyo_281448_relational_between,281448,stress_test,relational_between,graph,25,2018_3403850__event_001,0.011764705882352941,False
tokyo_281448_relational_between,281448,stress_test,relational_between,graph,26,2018_3403856__event_001,0.011627906976744186,False
tokyo_281448_relational_between,281448,stress_test,relational_between,graph,27,2018_3403856__event_003,0.011494252873563218,False
tokyo_281448_relational_between,281448,stress_test,relational_between,graph,28,2018_3403860__event_003,0.011363636363636364,False
tokyo_281448_relational_between,281448,stress_test,relational_between,graph,29,2018_3403850__event_002,0.011235955056179775,False
tokyo_281448_relational_between,281448,stress_test,relational_between,graph,30,2018_3403856__event_002,0.011111111111111112,False
tokyo_281448_relational_between,281448,stress_test,relational_between,graph,31,2018_3403888__event_002,0.01098901098901099,False
tokyo_281448_relational_between,281448,stress_test,relational_between,graph,32,2018_3403868__event_002,0.010869565217391304,False
tokyo_281448_relational_between,281448,stress_test,relational_between,graph,33,2018_3403860__event_001,0.010752688172043012,False
tokyo_281448_relational_between,281448,stress_test,relational_between,graph,34,2018_3403888__event_001,0.010638297872340425,False
tokyo_281448_relational_between,281448,stress_test,relational_between,graph,35,2018_3403868__event_001,0.010526315789473684,False
tokyo_283450_relational_between,283450,stress_test,relational_between,graph,1,2018_3416152__event_002,0.03278688524590164,True
tokyo_283450_relational_between,283450,stress_test,relational_between,graph,2,2018_3416142__event_005,0.03200204813108039,True
tokyo_283450_relational_between,283450,stress_test,relational_between,graph,3,2018_3416142__event_004,0.03149801587301587,True
tokyo_283450_relational_between,283450,stress_test,relational_between,graph,4,2018_3416142__event_001,0.03055037313432836,True
tokyo_283450_relational_between,283450,stress_test,relational_between,graph,5,2018_3416142__event_006,0.030536130536130537,True
tokyo_283450_relational_between,283450,stress_test,relational_between,graph,6,2018_3416112__event_001,0.029877369007803793,True
tokyo_283450_relational_between,283450,stress_test,relational_between,graph,7,2018_3416152__event_001,0.02928692699490662,True
tokyo_283450_relational_between,283450,stress_test,relational_between,graph,8,2018_3416142__event_002,0.026200135226504394,True
tokyo_283450_relational_between,283450,stress_test,relational_between,graph,9,2018_3416112__event_002,0.026050420168067225,True
tokyo_283450_relational_between,283450,stress_test,relational_between,graph,10,2018_3416142__event_003,0.025252525252525256,True
tokyo_283450_relational_between,283450,stress_test,relational_between,graph,11,2018_3416140__event_001,0.014925373134328358,True
tokyo_283450_relational_between,283450,stress_test,relational_between,graph,12,2018_3416112__event_005,0.014705882352941176,True
tokyo_283450_relational_between,283450,stress_test,relational_between,graph,13,2018_3416148__event_002,0.014492753623188406,True
tokyo_283450_relational_between,283450,stress_test,relational_between,graph,14,2018_3416140__event_004,0.014285714285714285,True
tokyo_283450_relational_between,283450,stress_test,relational_between,graph,15,2018_3416119__event_001,0.014084507042253521,True
tokyo_283450_relational_between,283450,stress_test,relational_between,graph,16,2018_3416149__event_001,0.013888888888888888,True
tokyo_283450_relational_between,283450,stress_test,relational_between,graph,17,2018_3416130__event_001,0.0136986301369863,True
tokyo_283450_relational_between,283450,stress_test,relational_between,graph,18,2018_3416130__event_002,0.013513513513513514,True
tokyo_283450_relational_between,283450,stress_test,relational_between,graph,19,2018_3416119__event_002,0.013333333333333334,True
tokyo_283450_relational_between,283450,stress_test,relational_between,graph,20,2018_3416120__event_002,0.012987012987012988,True
tokyo_283450_relational_between,283450,stress_test,relational_between,graph,21,2018_3416124__event_001,0.01282051282051282,True
tokyo_283450_relational_between,283450,stress_test,relational_between,graph,22,2018_3416090__event_002,0.012658227848101266,True
tokyo_283450_relational_between,283450,stress_test,relational_between,graph,23,2018_3416143__event_001,0.0125,True
tokyo_283450_relational_between,283450,stress_test,relational_between,graph,24,2018_3416100__event_002,0.012345679012345678,True
tokyo_283450_relational_between,283450,stress_test,relational_between,graph,25,2018_3416102__event_002,0.012195121951219513,True
tokyo_283450_relational_between,283450,stress_test,relational_between,graph,26,2018_3416146__event_002,0.012048192771084338,True
tokyo_283450_relational_between,283450,stress_test,relational_between,graph,27,2018_3416100__event_001,0.011904761904761904,True
tokyo_283450_relational_between,283450,stress_test,relational_between,graph,28,2018_3416144__event_001,0.011627906976744186,True
tokyo_283450_relational_between,283450,stress_test,relational_between,graph,29,2018_3416112__event_004,0.011363636363636364,True
tokyo_283450_relational_between,283450,stress_test,relational_between,graph,30,2018_3416090__event_001,0.011235955056179775,True
tokyo_283450_relational_between,283450,stress_test,relational_between,graph,31,2018_3416124__event_002,0.011111111111111112,True
tokyo_283450_relational_between,283450,stress_test,relational_between,graph,32,2018_3416140__event_002,0.01098901098901099,True
tokyo_283450_relational_between,283450,stress_test,relational_between,graph,33,2018_3416146__event_003,0.010869565217391304,True
tokyo_283450_relational_between,283450,stress_test,relational_between,graph,34,2018_3416143__event_002,0.010752688172043012,True
tokyo_283450_relational_between,283450,stress_test,relational_between,graph,35,2018_3416141__event_003,0.010638297872340425,True
tokyo_283450_relational_between,283450,stress_test,relational_between,graph,36,2018_3416141__event_001,0.010526315789473684,True
tokyo_283450_relational_between,283450,stress_test,relational_between,graph,37,2018_3416140__event_003,0.010416666666666666,True
tokyo_283450_relational_between,283450,stress_test,relational_between,graph,38,2018_3416086__event_002,0.010309278350515464,True
tokyo_283450_relational_between,283450,stress_test,relational_between,graph,39,2018_3416102__event_001,0.01020408163265306,True
tokyo_283450_relational_between,283450,stress_test,relational_between,graph,40,2018_3416120__event_003,0.01,True
tokyo_283450_relational_between,283450,stress_test,relational_between,graph,41,2018_3416101__event_002,0.009900990099009901,True
tokyo_283450_relational_between,283450,stress_test,relational_between,graph,42,2018_3416120__event_001,0.00980392156862745,True
tokyo_283450_relational_between,283450,stress_test,relational_between,graph,43,2018_3416148__event_001,0.009708737864077669,True
tokyo_283450_relational_between,283450,stress_test,relational_between,graph,44,2018_3416139__event_001,0.009615384615384616,True
tokyo_283450_relational_between,283450,stress_test,relational_between,graph,45,2018_3416144__event_002,0.009523809523809525,True
tokyo_283450_relational_between,283450,stress_test,relational_between,graph,46,2018_3416147__event_002,0.009433962264150943,True
tokyo_283450_relational_between,283450,stress_test,relational_between,graph,47,2018_3416149__event_002,0.009345794392523364,True
tokyo_283450_relational_between,283450,stress_test,relational_between,graph,48,2018_3416143__event_003,0.009259259259259259,True
tokyo_283450_relational_between,283450,stress_test,relational_between,graph,49,2018_3416147__event_001,0.009174311926605505,True
tokyo_283450_relational_between,283450,stress_test,relational_between,graph,50,2018_3416101__event_001,0.00909090909090909,True
tokyo_283450_relational_between,283450,stress_test,relational_between,graph,51,2018_3416144__event_003,0.009009009009009009,True
tokyo_283450_relational_between,283450,stress_test,relational_between,graph,52,2018_3416146__event_001,0.008928571428571428,True
tokyo_283450_relational_between,283450,stress_test,relational_between,graph,53,2018_3416086__event_001,0.008849557522123894,True
tokyo_283450_relational_between,283450,stress_test,relational_between,graph,54,2018_3416141__event_002,0.008771929824561403,True
tokyo_283450_relational_between,283450,stress_test,relational_between,graph,55,2018_3416112__event_003,0.008695652173913044,True
tokyo_283450_relational_between,283450,stress_test,relational_between,graph,56,2018_3416150__event_002,0.008620689655172414,True
tokyo_283450_relational_between,283450,stress_test,relational_between,graph,57,2018_3416133__event_002,0.008547008547008548,True
tokyo_283450_relational_between,283450,stress_test,relational_between,graph,58,2018_3416115__event_001,0.00847457627118644,True
tokyo_283450_relational_between,283450,stress_test,relational_between,graph,59,2018_3416105__event_002,0.008403361344537815,True
tokyo_283450_relational_between,283450,stress_test,relational_between,graph,60,2018_3416085__event_001,0.008333333333333333,True
tokyo_283450_relational_between,283450,stress_test,relational_between,graph,61,2018_3416150__event_001,0.008264462809917356,True
tokyo_283450_relational_between,283450,stress_test,relational_between,graph,62,2018_3416122__event_001,0.00819672131147541,True
tokyo_283450_relational_between,283450,stress_test,relational_between,graph,63,2018_3416133__event_001,0.008130081300813009,True
tokyo_283450_relational_between,283450,stress_test,relational_between,graph,64,2018_3416115__event_002,0.008064516129032258,True
tokyo_283450_relational_between,283450,stress_test,relational_between,graph,65,2018_3416139__event_002,0.008,True
tokyo_283450_relational_between,283450,stress_test,relational_between,graph,66,2018_3416099__event_002,0.007936507936507936,True
tokyo_283450_relational_between,283450,stress_test,relational_between,graph,67,2018_3416122__event_002,0.007874015748031496,True
tokyo_283450_relational_between,283450,stress_test,relational_between,graph,68,2018_3416085__event_002,0.0078125,True
tokyo_283450_relational_between,283450,stress_test,relational_between,graph,69,2018_3416149__event_003,0.007751937984496124,True
tokyo_283450_relational_between,283450,stress_test,relational_between,graph,70,2018_3416151__event_001,0.007692307692307693,True
tokyo_283450_relational_between,283450,stress_test,relational_between,graph,71,2018_3416099__event_001,0.007633587786259542,True
tokyo_283450_relational_between,283450,stress_test,relational_between,graph,72,2018_3416105__event_001,0.007575757575757576,True
tokyo_283450_relational_between,283450,stress_test,relational_between,graph,73,2018_3416151__event_002,0.007518796992481203,True
tokyo_283450_relational_between,283450,stress_test,relational_between,graph,74,2018_3416150__event_003,0.007462686567164179,True
tokyo_286142_relational_between,286142,stress_test,relational_between,graph,1,2018_3433042__event_002,0.03278688524590164,False
tokyo_286142_relational_between,286142,stress_test,relational_between,graph,2,2018_3433042__event_001,0.03225806451612903,False
tokyo_286142_relational_between,286142,stress_test,relational_between,graph,3,2018_3433042__event_003,0.031746031746031744,False
tokyo_286142_relational_between,286142,stress_test,relational_between,graph,4,2018_3433033__event_001,0.03125,False
tokyo_286142_relational_between,286142,stress_test,relational_between,graph,5,2018_3433018__event_002,0.030536130536130537,False
tokyo_286142_relational_between,286142,stress_test,relational_between,graph,6,2018_3433018__event_001,0.03007688828584351,False
tokyo_286142_relational_between,286142,stress_test,relational_between,graph,7,2018_3433033__event_002,0.028371628371628373,False
tokyo_286142_relational_between,286142,stress_test,relational_between,graph,8,2018_3433021__event_001,0.014925373134328358,False
tokyo_286142_relational_between,286142,stress_test,relational_between,graph,9,2018_3433027__event_001,0.014705882352941176,False
tokyo_286142_relational_between,286142,stress_test,relational_between,graph,10,2018_3433026__event_001,0.014492753623188406,False
tokyo_286142_relational_between,286142,stress_test,relational_between,graph,11,2018_3433040__event_002,0.014285714285714285,False
tokyo_286142_relational_between,286142,stress_test,relational_between,graph,12,2018_3433030__event_002,0.014084507042253521,False
tokyo_286142_relational_between,286142,stress_test,relational_between,graph,13,2018_3433020__event_001,0.013888888888888888,False
tokyo_286142_relational_between,286142,stress_test,relational_between,graph,14,2018_3433040__event_001,0.0136986301369863,False
tokyo_286142_relational_between,286142,stress_test,relational_between,graph,15,2018_3433030__event_001,0.013513513513513514,False
tokyo_286142_relational_between,286142,stress_test,relational_between,graph,16,2018_3433026__event_002,0.013333333333333334,False
tokyo_286142_relational_between,286142,stress_test,relational_between,graph,17,2018_3433008__event_002,0.013157894736842105,False
tokyo_286142_relational_between,286142,stress_test,relational_between,graph,18,2018_3433020__event_002,0.01282051282051282,False
tokyo_286142_relational_between,286142,stress_test,relational_between,graph,19,2018_3433021__event_002,0.012658227848101266,False
tokyo_286142_relational_between,286142,stress_test,relational_between,graph,20,2018_3433027__event_002,0.0125,False
tokyo_286142_relational_between,286142,stress_test,relational_between,graph,21,2018_3433008__event_001,0.012345679012345678,False
tokyo_28664_relational_between,28664,stress_test,relational_between,graph,1,2018_580041__event_005,0.03278688524590164,True
tokyo_28664_relational_between,28664,stress_test,relational_between,graph,2,2018_580041__event_004,0.03200204813108039,True
tokyo_28664_relational_between,28664,stress_test,relational_between,graph,3,2018_580041__event_006,0.03200204813108039,True
tokyo_28664_relational_between,28664,stress_test,relational_between,graph,4,2018_580028__event_003,0.030776515151515152,True
tokyo_28664_relational_between,28664,stress_test,relational_between,graph,5,2018_580044__event_003,0.029877369007803793,True
tokyo_28664_relational_between,28664,stress_test,relational_between,graph,6,2018_580041__event_003,0.029273504273504274,True
tokyo_28664_relational_between,28664,stress_test,relational_between,graph,7,2018_580028__event_002,0.028258706467661692,True
tokyo_28664_relational_between,28664,stress_test,relational_between,graph,8,2018_580044__event_004,0.028169014084507043,True
tokyo_28664_relational_between,28664,stress_test,relational_between,graph,9,2018_580041__event_007,0.02797067901234568,True
tokyo_28664_relational_between,28664,stress_test,relational_between,graph,10,2018_580028__event_004,0.027692895339954164,True
tokyo_28664_relational_between,28664,stress_test,relational_between,graph,11,2018_580044__event_002,0.02694394213381555,True
tokyo_28664_relational_between,28664,stress_test,relational_between,graph,12,2018_580019__event_001,0.015151515151515152,True
tokyo_28664_relational_between,28664,stress_test,relational_between,graph,13,2018_580039__event_002,0.014925373134328358,True
tokyo_28664_relational_between,28664,stress_test,relational_between,graph,14,2018_580044__event_001,0.014705882352941176,True
tokyo_28664_relational_between,28664,stress_test,relational_between,graph,15,2018_580041__event_001,0.014492753623188406,True
tokyo_28664_relational_between,28664,stress_test,relational_between,graph,16,2018_580026__event_001,0.014285714285714285,True
tokyo_28664_relational_between,28664,stress_test,relational_between,graph,17,2018_580039__event_001,0.0136986301369863,True
tokyo_28664_relational_between,28664,stress_test,relational_between,graph,18,2018_580026__event_002,0.013513513513513514,True
tokyo_28664_relational_between,28664,stress_test,relational_between,graph,19,2018_580041__event_002,0.013157894736842105,True
tokyo_28664_relational_between,28664,stress_test,relational_between,graph,20,2018_580019__event_002,0.01282051282051282,True
tokyo_28664_relational_between,28664,stress_test,relational_between,graph,21,2018_580044__event_005,0.0125,True
tokyo_28664_relational_between,28664,stress_test,relational_between,graph,22,2018_580038__event_002,0.012195121951219513,True
tokyo_28664_relational_between,28664,stress_test,relational_between,graph,23,2018_580046__event_002,0.012048192771084338,True
tokyo_28664_relational_between,28664,stress_test,relational_between,graph,24,2018_580044__event_006,0.011904761904761904,True
tokyo_28664_relational_between,28664,stress_test,relational_between,graph,25,2018_580047__event_003,0.011764705882352941,True
tokyo_28664_relational_between,28664,stress_test,relational_between,graph,26,2018_580024__event_001,0.011627906976744186,True
tokyo_28664_relational_between,28664,stress_test,relational_between,graph,27,2018_580049__event_001,0.011494252873563218,True
tokyo_28664_relational_between,28664,stress_test,relational_between,graph,28,2018_580029__event_002,0.011363636363636364,True
tokyo_28664_relational_between,28664,stress_test,relational_between,graph,29,2018_580038__event_001,0.011235955056179775,True
tokyo_28664_relational_between,28664,stress_test,relational_between,graph,30,2018_580049__event_002,0.011111111111111112,True
tokyo_28664_relational_between,28664,stress_test,relational_between,graph,31,2018_580044__event_007,0.01098901098901099,True
tokyo_28664_relational_between,28664,stress_test,relational_between,graph,32,2018_580046__event_001,0.010869565217391304,True
tokyo_28664_relational_between,28664,stress_test,relational_between,graph,33,2018_580047__event_002,0.010752688172043012,True
tokyo_28664_relational_between,28664,stress_test,relational_between,graph,34,2018_580028__event_001,0.010638297872340425,True
tokyo_28664_relational_between,28664,stress_test,relational_between,graph,35,2018_580047__event_001,0.010526315789473684,True
tokyo_28664_relational_between,28664,stress_test,relational_between,graph,36,2018_580029__event_001,0.010416666666666666,True
tokyo_28664_relational_between,28664,stress_test,relational_between,graph,37,2018_580047__event_004,0.010309278350515464,True
tokyo_28664_relational_between,28664,stress_test,relational_between,graph,38,2018_580040__event_002,0.01020408163265306,True
tokyo_28664_relational_between,28664,stress_test,relational_between,graph,39,2018_580024__event_002,0.010101010101010102,True
tokyo_28664_relational_between,28664,stress_test,relational_between,graph,40,2018_580034__event_001,0.01,True
tokyo_28664_relational_between,28664,stress_test,relational_between,graph,41,2018_580041__event_008,0.009900990099009901,True
tokyo_28664_relational_between,28664,stress_test,relational_between,graph,42,2018_580040__event_001,0.00980392156862745,True
tokyo_28664_relational_between,28664,stress_test,relational_between,graph,43,2018_580020__event_001,0.009708737864077669,True
tokyo_28664_relational_between,28664,stress_test,relational_between,graph,44,2018_580048__event_003,0.009615384615384616,True
tokyo_28664_relational_between,28664,stress_test,relational_between,graph,45,2018_580034__event_002,0.009523809523809525,True
tokyo_28664_relational_between,28664,stress_test,relational_between,graph,46,2018_580020__event_002,0.009433962264150943,True
tokyo_28664_relational_between,28664,stress_test,relational_between,graph,47,2018_580048__event_002,0.009345794392523364,True
tokyo_28664_relational_between,28664,stress_test,relational_between,graph,48,2018_580048__event_001,0.009259259259259259,True
tokyo_28664_relational_between,28664,stress_test,relational_between,graph,49,2018_580032__event_001,0.009174311926605505,True
tokyo_28664_relational_between,28664,stress_test,relational_between,graph,50,2018_580032__event_002,0.00909090909090909,True
tokyo_28664_relational_between,28664,stress_test,relational_between,graph,51,2018_580050__event_002,0.009009009009009009,True
tokyo_28664_relational_between,28664,stress_test,relational_between,graph,52,2018_580051__event_002,0.008928571428571428,True
tokyo_28664_relational_between,28664,stress_test,relational_between,graph,53,2018_580050__event_001,0.008849557522123894,True
tokyo_28664_relational_between,28664,stress_test,relational_between,graph,54,2018_580051__event_001,0.008771929824561403,True
tokyo_28664_relational_between,28664,stress_test,relational_between,graph,55,2018_580023__event_001,0.008695652173913044,True
tokyo_28664_relational_between,28664,stress_test,relational_between,graph,56,2018_580023__event_002,0.008620689655172414,True
tokyo_28697_relational_between,28697,stress_test,relational_between,graph,1,2018_580879__event_001,0.03278688524590164,False
tokyo_28697_relational_between,28697,stress_test,relational_between,graph,2,2018_580874__event_001,0.03200204813108039,False
tokyo_28697_relational_between,28697,stress_test,relational_between,graph,3,2018_580896__event_003,0.03125763125763126,False
tokyo_28697_relational_between,28697,stress_test,relational_between,graph,4,2018_580896__event_002,0.030776515151515152,False
tokyo_28697_relational_between,28697,stress_test,relational_between,graph,5,2018_580879__event_002,0.030621785881252923,False
tokyo_28697_relational_between,28697,stress_test,relational_between,graph,6,2018_580896__event_001,0.030309988518943745,False
tokyo_28697_relational_between,28697,stress_test,relational_between,graph,7,2018_580874__event_002,0.029910714285714284,False
tokyo_28697_relational_between,28697,stress_test,relational_between,graph,8,2018_580888__event_002,0.015151515151515152,False
tokyo_28697_relational_between,28697,stress_test,relational_between,graph,9,2018_580905__event_001,0.014925373134328358,False
tokyo_28697_relational_between,28697,stress_test,relational_between,graph,10,2018_580888__event_001,0.014705882352941176,False
tokyo_28697_relational_between,28697,stress_test,relational_between,graph,11,2018_580884__event_003,0.014084507042253521,False
tokyo_28697_relational_between,28697,stress_test,relational_between,graph,12,2018_580905__event_002,0.013888888888888888,False
tokyo_28697_relational_between,28697,stress_test,relational_between,graph,13,2018_580873__event_001,0.0136986301369863,False
tokyo_28697_relational_between,28697,stress_test,relational_between,graph,14,2018_580878__event_001,0.013513513513513514,False
tokyo_28697_relational_between,28697,stress_test,relational_between,graph,15,2018_580886__event_004,0.013333333333333334,False
tokyo_28697_relational_between,28697,stress_test,relational_between,graph,16,2018_580901__event_002,0.013157894736842105,False
tokyo_28697_relational_between,28697,stress_test,relational_between,graph,17,2018_580876__event_001,0.012987012987012988,False
tokyo_28697_relational_between,28697,stress_test,relational_between,graph,18,2018_580873__event_004,0.01282051282051282,False
tokyo_28697_relational_between,28697,stress_test,relational_between,graph,19,2018_580903__event_001,0.012658227848101266,False
tokyo_28697_relational_between,28697,stress_test,relational_between,graph,20,2018_580901__event_001,0.0125,False
tokyo_28697_relational_between,28697,stress_test,relational_between,graph,21,2018_580878__event_002,0.012345679012345678,False
tokyo_28697_relational_between,28697,stress_test,relational_between,graph,22,2018_580886__event_003,0.012195121951219513,False
tokyo_28697_relational_between,28697,stress_test,relational_between,graph,23,2018_580903__event_002,0.012048192771084338,False
tokyo_28697_relational_between,28697,stress_test,relational_between,graph,24,2018_580873__event_003,0.011904761904761904,False
tokyo_28697_relational_between,28697,stress_test,relational_between,graph,25,2018_580873__event_002,0.011764705882352941,False
tokyo_28697_relational_between,28697,stress_test,relational_between,graph,26,2018_580884__event_002,0.011627906976744186,False
tokyo_28697_relational_between,28697,stress_test,relational_between,graph,27,2018_580876__event_002,0.011494252873563218,False
tokyo_28697_relational_between,28697,stress_test,relational_between,graph,28,2018_580887__event_002,0.011363636363636364,False
tokyo_28697_relational_between,28697,stress_test,relational_between,graph,29,2018_580886__event_002,0.011235955056179775,False
tokyo_28697_relational_between,28697,stress_test,relational_between,graph,30,2018_580884__event_001,0.011111111111111112,False
tokyo_28697_relational_between,28697,stress_test,relational_between,graph,31,2018_580887__event_001,0.01098901098901099,False
tokyo_28697_relational_between,28697,stress_test,relational_between,graph,32,2018_580909__event_003,0.010869565217391304,False
tokyo_28697_relational_between,28697,stress_test,relational_between,graph,33,2018_580900__event_002,0.010752688172043012,False
tokyo_28697_relational_between,28697,stress_test,relational_between,graph,34,2018_580909__event_001,0.010638297872340425,False
tokyo_28697_relational_between,28697,stress_test,relational_between,graph,35,2018_580900__event_001,0.010526315789473684,False
tokyo_28697_relational_between,28697,stress_test,relational_between,graph,36,2018_580909__event_002,0.010416666666666666,False
tokyo_28697_relational_between,28697,stress_test,relational_between,graph,37,2018_580886__event_001,0.010309278350515464,False
tokyo_290806_relational_between,290806,stress_test,relational_between,graph,1,2018_3462044__event_001,0.03278688524590164,False
tokyo_290806_relational_between,290806,stress_test,relational_between,graph,2,2018_3462036__event_004,0.03200204813108039,False
tokyo_290806_relational_between,290806,stress_test,relational_between,graph,3,2018_3462038__event_004,0.03125763125763126,False
tokyo_290806_relational_between,290806,stress_test,relational_between,graph,4,2018_3462044__event_002,0.031054405392392875,False
tokyo_290806_relational_between,290806,stress_test,relational_between,graph,5,2018_3462036__event_003,0.030776515151515152,False
tokyo_290806_relational_between,290806,stress_test,relational_between,graph,6,2018_3462040__event_003,0.03055037313432836,False
tokyo_290806_relational_between,290806,stress_test,relational_between,graph,7,2018_3462045__event_001,0.029877369007803793,False
tokyo_290806_relational_between,290806,stress_test,relational_between,graph,8,2018_3462038__event_003,0.029437229437229435,False
tokyo_290806_relational_between,290806,stress_test,relational_between,graph,9,2018_3462045__event_002,0.028991596638655463,False
tokyo_290806_relational_between,290806,stress_test,relational_between,graph,10,2018_3462040__event_002,0.028790389395194696,False
tokyo_290806_relational_between,290806,stress_test,relational_between,graph,11,2018_3462036__event_002,0.014492753623188406,False
tokyo_290806_relational_between,290806,stress_test,relational_between,graph,12,2018_3462058__event_001,0.013888888888888888,False
tokyo_290806_relational_between,290806,stress_test,relational_between,graph,13,2018_3462036__event_001,0.0136986301369863,False
tokyo_290806_relational_between,290806,stress_test,relational_between,graph,14,2018_3462038__event_001,0.013513513513513514,False
tokyo_290806_relational_between,290806,stress_test,relational_between,graph,15,2018_3462038__event_002,0.013333333333333334,False
tokyo_290806_relational_between,290806,stress_test,relational_between,graph,16,2018_3462040__event_001,0.013157894736842105,False
tokyo_290806_relational_between,290806,stress_test,relational_between,graph,17,2018_3462056__event_001,0.012987012987012988,False
tokyo_290806_relational_between,290806,stress_test,relational_between,graph,18,2018_3462044__event_003,0.01282051282051282,False
tokyo_290806_relational_between,290806,stress_test,relational_between,graph,19,2018_3462051__event_002,0.012658227848101266,False
tokyo_290806_relational_between,290806,stress_test,relational_between,graph,20,2018_3462051__event_001,0.0125,False
tokyo_290806_relational_between,290806,stress_test,relational_between,graph,21,2018_3462058__event_004,0.012345679012345678,False
tokyo_290806_relational_between,290806,stress_test,relational_between,graph,22,2018_3462058__event_003,0.012195121951219513,False
tokyo_290806_relational_between,290806,stress_test,relational_between,graph,23,2018_3462063__event_001,0.012048192771084338,False
tokyo_290806_relational_between,290806,stress_test,relational_between,graph,24,2018_3462056__event_002,0.011904761904761904,False
tokyo_290806_relational_between,290806,stress_test,relational_between,graph,25,2018_3462039__event_002,0.011764705882352941,False
tokyo_290806_relational_between,290806,stress_test,relational_between,graph,26,2018_3462058__event_002,0.011627906976744186,False
tokyo_290806_relational_between,290806,stress_test,relational_between,graph,27,2018_3462043__event_001,0.011494252873563218,False
tokyo_290806_relational_between,290806,stress_test,relational_between,graph,28,2018_3462043__event_002,0.011363636363636364,False
tokyo_290806_relational_between,290806,stress_test,relational_between,graph,29,2018_3462039__event_001,0.011235955056179775,False
tokyo_290806_relational_between,290806,stress_test,relational_between,graph,30,2018_3462063__event_002,0.011111111111111112,False
tokyo_290806_relational_between,290806,stress_test,relational_between,graph,31,2018_3462047__event_001,0.01098901098901099,False
tokyo_290806_relational_between,290806,stress_test,relational_between,graph,32,2018_3462047__event_002,0.010869565217391304,False
tokyo_290806_relational_between,290806,stress_test,relational_between,graph,33,2018_3462055__event_002,0.010752688172043012,False
tokyo_290806_relational_between,290806,stress_test,relational_between,graph,34,2018_3462055__event_001,0.010638297872340425,False
tokyo_290806_relational_between,290806,stress_test,relational_between,graph,35,2018_3462064__event_002,0.010526315789473684,False
tokyo_290806_relational_between,290806,stress_test,relational_between,graph,36,2018_3462064__event_001,0.010416666666666666,False
tokyo_29501_relational_between,29501,stress_test,relational_between,graph,1,2018_596177__event_002,0.03278688524590164,False
tokyo_29501_relational_between,29501,stress_test,relational_between,graph,2,2018_596177__event_001,0.03200204813108039,False
tokyo_29501_relational_between,29501,stress_test,relational_between,graph,3,2018_596140__event_002,0.031754032258064516,False
tokyo_29501_relational_between,29501,stress_test,relational_between,graph,4,2018_596177__event_003,0.03125763125763126,False
tokyo_29501_relational_between,29501,stress_test,relational_between,graph,5,2018_596140__event_001,0.031009615384615385,False
tokyo_29501_relational_between,29501,stress_test,relational_between,graph,6,2018_596177__event_004,0.030303030303030304,False
tokyo_29501_relational_between,29501,stress_test,relational_between,graph,7,2018_596194__event_002,0.014925373134328358,False
tokyo_29501_relational_between,29501,stress_test,relational_between,graph,8,2018_596159__event_002,0.014705882352941176,False
tokyo_29501_relational_between,29501,stress_test,relational_between,graph,9,2018_596168__event_003,0.014492753623188406,False
tokyo_29501_relational_between,29501,stress_test,relational_between,graph,10,2018_596194__event_001,0.014285714285714285,False
tokyo_29501_relational_between,29501,stress_test,relational_between,graph,11,2018_596197__event_001,0.014084507042253521,False
tokyo_29501_relational_between,29501,stress_test,relational_between,graph,12,2018_596165__event_002,0.013888888888888888,False
tokyo_29501_relational_between,29501,stress_test,relational_between,graph,13,2018_596185__event_002,0.0136986301369863,False
tokyo_29501_relational_between,29501,stress_test,relational_between,graph,14,2018_596165__event_001,0.013513513513513514,False
tokyo_29501_relational_between,29501,stress_test,relational_between,graph,15,2018_596158__event_001,0.013333333333333334,False
tokyo_29501_relational_between,29501,stress_test,relational_between,graph,16,2018_596195__event_002,0.013157894736842105,False
tokyo_29501_relational_between,29501,stress_test,relational_between,graph,17,2018_596167__event_002,0.012987012987012988,False
tokyo_29501_relational_between,29501,stress_test,relational_between,graph,18,2018_596185__event_001,0.01282051282051282,False
tokyo_29501_relational_between,29501,stress_test,relational_between,graph,19,2018_596195__event_001,0.012658227848101266,False
tokyo_29501_relational_between,29501,stress_test,relational_between,graph,20,2018_596167__event_001,0.0125,False
tokyo_29501_relational_between,29501,stress_test,relational_between,graph,21,2018_596169__event_001,0.012345679012345678,False
tokyo_29501_relational_between,29501,stress_test,relational_between,graph,22,2018_596159__event_001,0.012195121951219513,False
tokyo_29501_relational_between,29501,stress_test,relational_between,graph,23,2018_596168__event_001,0.012048192771084338,False
tokyo_29501_relational_between,29501,stress_test,relational_between,graph,24,2018_596168__event_002,0.011904761904761904,False
tokyo_29501_relational_between,29501,stress_test,relational_between,graph,25,2018_596152__event_001,0.011764705882352941,False
tokyo_29501_relational_between,29501,stress_test,relational_between,graph,26,2018_596197__event_002,0.011627906976744186,False
tokyo_29501_relational_between,29501,stress_test,relational_between,graph,27,2018_596186__event_002,0.011494252873563218,False
tokyo_29501_relational_between,29501,stress_test,relational_between,graph,28,2018_596152__event_002,0.011363636363636364,False
tokyo_29501_relational_between,29501,stress_test,relational_between,graph,29,2018_596158__event_002,0.011235955056179775,False
tokyo_29501_relational_between,29501,stress_test,relational_between,graph,30,2018_596175__event_002,0.011111111111111112,False
tokyo_29501_relational_between,29501,stress_test,relational_between,graph,31,2018_596186__event_001,0.01098901098901099,False
tokyo_29501_relational_between,29501,stress_test,relational_between,graph,32,2018_596177__event_005,0.010869565217391304,False
tokyo_29501_relational_between,29501,stress_test,relational_between,graph,33,2018_596175__event_001,0.010752688172043012,False
tokyo_29501_relational_between,29501,stress_test,relational_between,graph,34,2018_596137__event_001,0.010638297872340425,False
tokyo_29501_relational_between,29501,stress_test,relational_between,graph,35,2018_596169__event_002,0.010526315789473684,False
tokyo_29501_relational_between,29501,stress_test,relational_between,graph,36,2018_596137__event_002,0.010416666666666666,False
tokyo_29757_relational_between,29757,stress_test,relational_between,graph,1,2018_601360__event_002,0.03278688524590164,False
tokyo_29757_relational_between,29757,stress_test,relational_between,graph,2,2018_601369__event_001,0.031754032258064516,False
tokyo_29757_relational_between,29757,stress_test,relational_between,graph,3,2018_601360__event_003,0.03149801587301587,False
tokyo_29757_relational_between,29757,stress_test,relational_between,graph,4,2018_601365__event_001,0.031024531024531024,False
tokyo_29757_relational_between,29757,stress_test,relational_between,graph,5,2018_601360__event_001,0.030834914611005692,False
tokyo_29757_relational_between,29757,stress_test,relational_between,graph,6,2018_601365__event_002,0.030309988518943745,False
tokyo_29757_relational_between,29757,stress_test,relational_between,graph,7,2018_601369__event_002,0.030309988518943745,False
tokyo_29757_relational_between,29757,stress_test,relational_between,graph,8,2018_601365__event_003,0.028991596638655463,False
tokyo_29757_relational_between,29757,stress_test,relational_between,graph,9,2018_601379__event_001,0.015151515151515152,False
tokyo_29757_relational_between,29757,stress_test,relational_between,graph,10,2018_601379__event_002,0.014492753623188406,False
tokyo_29757_relational_between,29757,stress_test,relational_between,graph,11,2018_601369__event_003,0.014084507042253521,False
tokyo_29757_relational_between,29757,stress_test,relational_between,graph,12,2018_601394__event_002,0.013888888888888888,False
tokyo_29757_relational_between,29757,stress_test,relational_between,graph,13,2018_601398__event_002,0.0136986301369863,False
tokyo_29757_relational_between,29757,stress_test,relational_between,graph,14,2018_601384__event_002,0.013513513513513514,False
tokyo_29757_relational_between,29757,stress_test,relational_between,graph,15,2018_601386__event_002,0.013333333333333334,False
tokyo_29757_relational_between,29757,stress_test,relational_between,graph,16,2018_601408__event_002,0.013157894736842105,False
tokyo_29757_relational_between,29757,stress_test,relational_between,graph,17,2018_601389__event_002,0.012987012987012988,False
tokyo_29757_relational_between,29757,stress_test,relational_between,graph,18,2018_601377__event_002,0.01282051282051282,False
tokyo_29757_relational_between,29757,stress_test,relational_between,graph,19,2018_601388__event_002,0.012658227848101266,False
tokyo_29757_relational_between,29757,stress_test,relational_between,graph,20,2018_601415__event_002,0.0125,False
tokyo_29757_relational_between,29757,stress_test,relational_between,graph,21,2018_601440__event_002,0.012345679012345678,False
tokyo_29757_relational_between,29757,stress_test,relational_between,graph,22,2018_601389__event_001,0.012195121951219513,False
tokyo_29757_relational_between,29757,stress_test,relational_between,graph,23,2018_601430__event_002,0.012048192771084338,False
tokyo_29757_relational_between,29757,stress_test,relational_between,graph,24,2018_601361__event_002,0.011904761904761904,False
tokyo_29757_relational_between,29757,stress_test,relational_between,graph,25,2018_601391__event_002,0.011764705882352941,False
tokyo_29757_relational_between,29757,stress_test,relational_between,graph,26,2018_601394__event_001,0.011627906976744186,False
tokyo_29757_relational_between,29757,stress_test,relational_between,graph,27,2018_601373__event_002,0.011494252873563218,False
tokyo_29757_relational_between,29757,stress_test,relational_between,graph,28,2018_601373__event_001,0.011363636363636364,False
tokyo_29757_relational_between,29757,stress_test,relational_between,graph,29,2018_601415__event_001,0.011235955056179775,False
tokyo_29757_relational_between,29757,stress_test,relational_between,graph,30,2018_601384__event_001,0.011111111111111112,False
tokyo_29757_relational_between,29757,stress_test,relational_between,graph,31,2018_601398__event_001,0.01098901098901099,False
tokyo_29757_relational_between,29757,stress_test,relational_between,graph,32,2018_601386__event_001,0.010869565217391304,False
tokyo_29757_relational_between,29757,stress_test,relational_between,graph,33,2018_601408__event_001,0.010752688172043012,False
tokyo_29757_relational_between,29757,stress_test,relational_between,graph,34,2018_601388__event_001,0.010638297872340425,False
tokyo_29757_relational_between,29757,stress_test,relational_between,graph,35,2018_601377__event_001,0.010526315789473684,False
tokyo_29757_relational_between,29757,stress_test,relational_between,graph,36,2018_601361__event_001,0.010416666666666666,False
tokyo_29757_relational_between,29757,stress_test,relational_between,graph,37,2018_601391__event_001,0.010309278350515464,False
tokyo_29757_relational_between,29757,stress_test,relational_between,graph,38,2018_601440__event_001,0.01020408163265306,False
tokyo_29757_relational_between,29757,stress_test,relational_between,graph,39,2018_601430__event_001,0.010101010101010102,False
tokyo_29757_relational_between,29757,stress_test,relational_between,graph,40,2018_601438__event_001,0.01,False
tokyo_29757_relational_between,29757,stress_test,relational_between,graph,41,2018_601438__event_002,0.009900990099009901,False
tokyo_29764_relational_between,29764,stress_test,relational_between,graph,1,2018_601542__event_002,0.03278688524590164,False
tokyo_29764_relational_between,29764,stress_test,relational_between,graph,2,2018_601479__event_003,0.03200204813108039,False
tokyo_29764_relational_between,29764,stress_test,relational_between,graph,3,2018_601514__event_002,0.03125763125763126,False
tokyo_29764_relational_between,29764,stress_test,relational_between,graph,4,2018_601542__event_001,0.031054405392392875,False
tokyo_29764_relational_between,29764,stress_test,relational_between,graph,5,2018_601501__event_002,0.03055037313432836,False
tokyo_29764_relational_between,29764,stress_test,relational_between,graph,6,2018_601559__event_002,0.029877369007803793,False
tokyo_29764_relational_between,29764,stress_test,relational_between,graph,7,2018_601514__event_001,0.029236022193768675,False
tokyo_29764_relational_between,29764,stress_test,relational_between,graph,8,2018_601479__event_002,0.028612012987012988,False
tokyo_29764_relational_between,29764,stress_test,relational_between,graph,9,2018_601501__event_001,0.028594771241830064,False
tokyo_29764_relational_between,29764,stress_test,relational_between,graph,10,2018_601559__event_001,0.02857142857142857,False
tokyo_29764_relational_between,29764,stress_test,relational_between,graph,11,2018_601480__event_002,0.015151515151515152,False
tokyo_29764_relational_between,29764,stress_test,relational_between,graph,12,2018_601534__event_001,0.014705882352941176,False
tokyo_29764_relational_between,29764,stress_test,relational_between,graph,13,2018_601480__event_001,0.014492753623188406,False
tokyo_29764_relational_between,29764,stress_test,relational_between,graph,14,2018_601633__event_002,0.0136986301369863,False
tokyo_29764_relational_between,29764,stress_test,relational_between,graph,15,2018_601487__event_002,0.013513513513513514,False
tokyo_29764_relational_between,29764,stress_test,relational_between,graph,16,2018_601534__event_002,0.013333333333333334,False
tokyo_29764_relational_between,29764,stress_test,relational_between,graph,17,2018_601478__event_001,0.013157894736842105,False
tokyo_29764_relational_between,29764,stress_test,relational_between,graph,18,2018_601633__event_001,0.01282051282051282,False
tokyo_29764_relational_between,29764,stress_test,relational_between,graph,19,2018_601487__event_001,0.012658227848101266,False
tokyo_29764_relational_between,29764,stress_test,relational_between,graph,20,2018_601479__event_001,0.0125,False
tokyo_29764_relational_between,29764,stress_test,relational_between,graph,21,2018_601487__event_003,0.012345679012345678,False
tokyo_29764_relational_between,29764,stress_test,relational_between,graph,22,2018_601633__event_003,0.012195121951219513,False
tokyo_29764_relational_between,29764,stress_test,relational_between,graph,23,2018_601478__event_002,0.012048192771084338,False
tokyo_29764_relational_between,29764,stress_test,relational_between,graph,24,2018_601534__event_003,0.011904761904761904,False
tokyo_29764_relational_between,29764,stress_test,relational_between,graph,25,2018_601478__event_003,0.011764705882352941,False
tokyo_29764_relational_between,29764,stress_test,relational_between,graph,26,2018_601634__event_002,0.011627906976744186,False
tokyo_29764_relational_between,29764,stress_test,relational_between,graph,27,2018_601634__event_001,0.011494252873563218,False
tokyo_29764_relational_between,29764,stress_test,relational_between,graph,28,2018_601534__event_004,0.011363636363636364,False
tokyo_31204_relational_between,31204,stress_test,relational_between,graph,1,2018_631703__event_002,0.03278688524590164,False
tokyo_31204_relational_between,31204,stress_test,relational_between,graph,2,2018_631703__event_003,0.03200204813108039,False
tokyo_31204_relational_between,31204,stress_test,relational_between,graph,3,2018_631691__event_001,0.03149801587301587,False
tokyo_31204_relational_between,31204,stress_test,relational_between,graph,4,2018_631654__event_001,0.030776515151515152,False
tokyo_31204_relational_between,31204,stress_test,relational_between,graph,5,2018_631703__event_001,0.0304147465437788,False
tokyo_31204_relational_between,31204,stress_test,relational_between,graph,6,2018_631588__event_001,0.030090497737556562,False
tokyo_31204_relational_between,31204,stress_test,relational_between,graph,7,2018_631691__event_002,0.030090497737556562,False
tokyo_31204_relational_between,31204,stress_test,relational_between,graph,8,2018_631654__event_002,0.02862400327131466,False
tokyo_31204_relational_between,31204,stress_test,relational_between,graph,9,2018_631588__event_002,0.028577260665441927,False
tokyo_31204_relational_between,31204,stress_test,relational_between,graph,10,2018_631614__event_001,0.015151515151515152,False
tokyo_31204_relational_between,31204,stress_test,relational_between,graph,11,2018_631677__event_001,0.014925373134328358,False
tokyo_31204_relational_between,31204,stress_test,relational_between,graph,12,2018_631611__event_001,0.014492753623188406,False
tokyo_31204_relational_between,31204,stress_test,relational_between,graph,13,2018_631614__event_002,0.013888888888888888,False
tokyo_31204_relational_between,31204,stress_test,relational_between,graph,14,2018_631700__event_001,0.013513513513513514,False
tokyo_31204_relational_between,31204,stress_test,relational_between,graph,15,2018_631677__event_002,0.013333333333333334,False
tokyo_31204_relational_between,31204,stress_test,relational_between,graph,16,2018_631611__event_002,0.013157894736842105,False
tokyo_31204_relational_between,31204,stress_test,relational_between,graph,17,2018_631700__event_002,0.012987012987012988,False
tokyo_31204_relational_between,31204,stress_test,relational_between,graph,18,2018_631642__event_001,0.01282051282051282,False
tokyo_31204_relational_between,31204,stress_test,relational_between,graph,19,2018_631642__event_002,0.012658227848101266,False
tokyo_31204_relational_between,31204,stress_test,relational_between,graph,20,2018_631666__event_001,0.0125,False
tokyo_31204_relational_between,31204,stress_test,relational_between,graph,21,2018_631604__event_002,0.012345679012345678,False
tokyo_31204_relational_between,31204,stress_test,relational_between,graph,22,2018_631666__event_002,0.012195121951219513,False
tokyo_31204_relational_between,31204,stress_test,relational_between,graph,23,2018_631604__event_001,0.012048192771084338,False
tokyo_31204_relational_between,31204,stress_test,relational_between,graph,24,2018_631651__event_002,0.011904761904761904,False
tokyo_31204_relational_between,31204,stress_test,relational_between,graph,25,2018_631693__event_002,0.011764705882352941,False
tokyo_31204_relational_between,31204,stress_test,relational_between,graph,26,2018_631693__event_001,0.011627906976744186,False
tokyo_31204_relational_between,31204,stress_test,relational_between,graph,27,2018_631651__event_001,0.011494252873563218,False
tokyo_32545_relational_between,32545,stress_test,relational_between,graph,1,2018_661952__event_003,0.03278688524590164,True
tokyo_32545_relational_between,32545,stress_test,relational_between,graph,2,2018_661952__event_002,0.03225806451612903,True
tokyo_32545_relational_between,32545,stress_test,relational_between,graph,3,2018_661952__event_004,0.03149801587301587,True
tokyo_32545_relational_between,32545,stress_test,relational_between,graph,4,2018_661946__event_002,0.03125763125763126,True
tokyo_32545_relational_between,32545,stress_test,relational_between,graph,5,2018_661957__event_001,0.029877369007803793,True
tokyo_32545_relational_between,32545,stress_test,relational_between,graph,6,2018_661952__event_001,0.028283227848101264,True
tokyo_32545_relational_between,32545,stress_test,relational_between,graph,7,2018_661946__event_001,0.027972027972027972,True
tokyo_32545_relational_between,32545,stress_test,relational_between,graph,8,2018_661952__event_005,0.025816993464052286,True
tokyo_32545_relational_between,32545,stress_test,relational_between,graph,9,2018_661957__event_002,0.025274725274725275,True
tokyo_32545_relational_between,32545,stress_test,relational_between,graph,10,2018_661946__event_003,0.02502638323533846,True
tokyo_32545_relational_between,32545,stress_test,relational_between,graph,11,2018_661991__event_003,0.015151515151515152,True
tokyo_32545_relational_between,32545,stress_test,relational_between,graph,12,2018_661940__event_001,0.014925373134328358,True
tokyo_32545_relational_between,32545,stress_test,relational_between,graph,13,2018_661950__event_002,0.014705882352941176,True
tokyo_32545_relational_between,32545,stress_test,relational_between,graph,14,2018_661970__event_001,0.014492753623188406,True
tokyo_32545_relational_between,32545,stress_test,relational_between,graph,15,2018_661938__event_003,0.014285714285714285,True
tokyo_32545_relational_between,32545,stress_test,relational_between,graph,16,2018_661977__event_002,0.014084507042253521,True
tokyo_32545_relational_between,32545,stress_test,relational_between,graph,17,2018_661948__event_002,0.013888888888888888,True
tokyo_32545_relational_between,32545,stress_test,relational_between,graph,18,2018_661967__event_001,0.0136986301369863,True
tokyo_32545_relational_between,32545,stress_test,relational_between,graph,19,2018_662009__event_002,0.013513513513513514,True
tokyo_32545_relational_between,32545,stress_test,relational_between,graph,20,2018_661994__event_001,0.013333333333333334,True
tokyo_32545_relational_between,32545,stress_test,relational_between,graph,21,2018_661974__event_002,0.013157894736842105,True
tokyo_32545_relational_between,32545,stress_test,relational_between,graph,22,2018_661973__event_001,0.012987012987012988,True
tokyo_32545_relational_between,32545,stress_test,relational_between,graph,23,2018_661974__event_001,0.0125,True
tokyo_32545_relational_between,32545,stress_test,relational_between,graph,24,2018_661973__event_002,0.012345679012345678,True
tokyo_32545_relational_between,32545,stress_test,relational_between,graph,25,2018_661942__event_003,0.012195121951219513,True
tokyo_32545_relational_between,32545,stress_test,relational_between,graph,26,2018_661950__event_001,0.012048192771084338,True
tokyo_32545_relational_between,32545,stress_test,relational_between,graph,27,2018_661940__event_002,0.011904761904761904,True
tokyo_32545_relational_between,32545,stress_test,relational_between,graph,28,2018_661942__event_002,0.011764705882352941,True
tokyo_32545_relational_between,32545,stress_test,relational_between,graph,29,2018_661963__event_001,0.011627906976744186,True
tokyo_32545_relational_between,32545,stress_test,relational_between,graph,30,2018_661970__event_002,0.011494252873563218,True
tokyo_32545_relational_between,32545,stress_test,relational_between,graph,31,2018_661994__event_002,0.011363636363636364,True
tokyo_32545_relational_between,32545,stress_test,relational_between,graph,32,2018_661948__event_001,0.011235955056179775,True
tokyo_32545_relational_between,32545,stress_test,relational_between,graph,33,2018_661950__event_003,0.010869565217391304,True
tokyo_32545_relational_between,32545,stress_test,relational_between,graph,34,2018_661942__event_004,0.010752688172043012,True
tokyo_32545_relational_between,32545,stress_test,relational_between,graph,35,2018_661991__event_002,0.010638297872340425,True
tokyo_32545_relational_between,32545,stress_test,relational_between,graph,36,2018_661963__event_002,0.010526315789473684,True
tokyo_32545_relational_between,32545,stress_test,relational_between,graph,37,2018_661977__event_001,0.010416666666666666,True
tokyo_32545_relational_between,32545,stress_test,relational_between,graph,38,2018_662009__event_001,0.010309278350515464,True
tokyo_32545_relational_between,32545,stress_test,relational_between,graph,39,2018_661938__event_002,0.01020408163265306,True
tokyo_32545_relational_between,32545,stress_test,relational_between,graph,40,2018_661937__event_001,0.01,True
tokyo_32545_relational_between,32545,stress_test,relational_between,graph,41,2018_661998__event_003,0.009900990099009901,True
tokyo_32545_relational_between,32545,stress_test,relational_between,graph,42,2018_661962__event_001,0.00980392156862745,True
tokyo_32545_relational_between,32545,stress_test,relational_between,graph,43,2018_661966__event_002,0.009708737864077669,True
tokyo_32545_relational_between,32545,stress_test,relational_between,graph,44,2018_661988__event_003,0.009615384615384616,True
tokyo_32545_relational_between,32545,stress_test,relational_between,graph,45,2018_661967__event_002,0.009523809523809525,True
tokyo_32545_relational_between,32545,stress_test,relational_between,graph,46,2018_661980__event_001,0.009433962264150943,True
tokyo_32545_relational_between,32545,stress_test,relational_between,graph,47,2018_661937__event_002,0.009345794392523364,True
tokyo_32545_relational_between,32545,stress_test,relational_between,graph,48,2018_662002__event_002,0.009259259259259259,True
tokyo_32545_relational_between,32545,stress_test,relational_between,graph,49,2018_661936__event_001,0.009174311926605505,True
tokyo_32545_relational_between,32545,stress_test,relational_between,graph,50,2018_661942__event_001,0.00909090909090909,True
tokyo_32545_relational_between,32545,stress_test,relational_between,graph,51,2018_661990__event_002,0.009009009009009009,True
tokyo_32545_relational_between,32545,stress_test,relational_between,graph,52,2018_661985__event_001,0.008928571428571428,True
tokyo_32545_relational_between,32545,stress_test,relational_between,graph,53,2018_661985__event_004,0.008849557522123894,True
tokyo_32545_relational_between,32545,stress_test,relational_between,graph,54,2018_661962__event_003,0.008771929824561403,True
tokyo_32545_relational_between,32545,stress_test,relational_between,graph,55,2018_661993__event_001,0.008695652173913044,True
tokyo_32545_relational_between,32545,stress_test,relational_between,graph,56,2018_661966__event_001,0.008620689655172414,True
tokyo_32545_relational_between,32545,stress_test,relational_between,graph,57,2018_661945__event_002,0.008547008547008548,True
tokyo_32545_relational_between,32545,stress_test,relational_between,graph,58,2018_661951__event_001,0.00847457627118644,True
tokyo_32545_relational_between,32545,stress_test,relational_between,graph,59,2018_661985__event_003,0.008403361344537815,True
tokyo_32545_relational_between,32545,stress_test,relational_between,graph,60,2018_661980__event_002,0.008333333333333333,True
tokyo_32545_relational_between,32545,stress_test,relational_between,graph,61,2018_662005__event_002,0.008264462809917356,True
tokyo_32545_relational_between,32545,stress_test,relational_between,graph,62,2018_662006__event_001,0.00819672131147541,True
tokyo_32545_relational_between,32545,stress_test,relational_between,graph,63,2018_661998__event_002,0.008130081300813009,True
tokyo_32545_relational_between,32545,stress_test,relational_between,graph,64,2018_661949__event_002,0.008064516129032258,True
tokyo_32545_relational_between,32545,stress_test,relational_between,graph,65,2018_661990__event_001,0.008,True
tokyo_32545_relational_between,32545,stress_test,relational_between,graph,66,2018_661981__event_002,0.007936507936507936,True
tokyo_32545_relational_between,32545,stress_test,relational_between,graph,67,2018_661936__event_003,0.007874015748031496,True
tokyo_32545_relational_between,32545,stress_test,relational_between,graph,68,2018_661936__event_002,0.0078125,True
tokyo_32545_relational_between,32545,stress_test,relational_between,graph,69,2018_661988__event_001,0.007751937984496124,True
tokyo_32545_relational_between,32545,stress_test,relational_between,graph,70,2018_662008__event_001,0.007692307692307693,True
tokyo_32545_relational_between,32545,stress_test,relational_between,graph,71,2018_661951__event_002,0.007633587786259542,True
tokyo_32545_relational_between,32545,stress_test,relational_between,graph,72,2018_661987__event_002,0.007575757575757576,True
tokyo_32545_relational_between,32545,stress_test,relational_between,graph,73,2018_661962__event_002,0.007518796992481203,True
tokyo_32545_relational_between,32545,stress_test,relational_between,graph,74,2018_661949__event_001,0.007462686567164179,True
tokyo_32545_relational_between,32545,stress_test,relational_between,graph,75,2018_661965__event_002,0.007407407407407408,True
tokyo_32545_relational_between,32545,stress_test,relational_between,graph,76,2018_662008__event_002,0.007352941176470588,True
tokyo_32545_relational_between,32545,stress_test,relational_between,graph,77,2018_661945__event_003,0.0072992700729927005,True
tokyo_32545_relational_between,32545,stress_test,relational_between,graph,78,2018_661944__event_003,0.007246376811594203,True
tokyo_32545_relational_between,32545,stress_test,relational_between,graph,79,2018_661950__event_004,0.007194244604316547,True
tokyo_32545_relational_between,32545,stress_test,relational_between,graph,80,2018_662002__event_001,0.007142857142857143,True
tokyo_32545_relational_between,32545,stress_test,relational_between,graph,81,2018_661997__event_002,0.0070921985815602835,True
tokyo_32545_relational_between,32545,stress_test,relational_between,graph,82,2018_661991__event_001,0.007042253521126761,True
tokyo_32545_relational_between,32545,stress_test,relational_between,graph,83,2018_661945__event_001,0.006993006993006993,True
tokyo_32545_relational_between,32545,stress_test,relational_between,graph,84,2018_662006__event_002,0.006944444444444444,True
tokyo_32545_relational_between,32545,stress_test,relational_between,graph,85,2018_661943__event_001,0.006896551724137931,True
tokyo_32545_relational_between,32545,stress_test,relational_between,graph,86,2018_661946__event_004,0.00684931506849315,True
tokyo_32545_relational_between,32545,stress_test,relational_between,graph,87,2018_661965__event_001,0.006802721088435374,True
tokyo_32545_relational_between,32545,stress_test,relational_between,graph,88,2018_661985__event_002,0.006756756756756757,True
tokyo_32545_relational_between,32545,stress_test,relational_between,graph,89,2018_661993__event_002,0.006711409395973154,True
tokyo_32545_relational_between,32545,stress_test,relational_between,graph,90,2018_661992__event_003,0.006666666666666667,True
tokyo_32545_relational_between,32545,stress_test,relational_between,graph,91,2018_661968__event_002,0.006622516556291391,True
tokyo_32545_relational_between,32545,stress_test,relational_between,graph,92,2018_661992__event_002,0.006578947368421052,True
tokyo_32545_relational_between,32545,stress_test,relational_between,graph,93,2018_661997__event_001,0.006535947712418301,True
tokyo_32545_relational_between,32545,stress_test,relational_between,graph,94,2018_661988__event_002,0.006493506493506494,True
tokyo_32545_relational_between,32545,stress_test,relational_between,graph,95,2018_661998__event_001,0.0064516129032258064,True
tokyo_32545_relational_between,32545,stress_test,relational_between,graph,96,2018_662005__event_001,0.00641025641025641,True
tokyo_32545_relational_between,32545,stress_test,relational_between,graph,97,2018_661943__event_002,0.006369426751592357,True
tokyo_32545_relational_between,32545,stress_test,relational_between,graph,98,2018_661938__event_001,0.006329113924050633,True
tokyo_32545_relational_between,32545,stress_test,relational_between,graph,99,2018_661981__event_001,0.006289308176100629,True
tokyo_32545_relational_between,32545,stress_test,relational_between,graph,100,2018_661992__event_001,0.00625,True
tokyo_32545_relational_between,32545,stress_test,relational_between,graph,101,2018_661968__event_001,0.006211180124223602,True
tokyo_32545_relational_between,32545,stress_test,relational_between,graph,102,2018_661987__event_001,0.006172839506172839,True
tokyo_32545_relational_between,32545,stress_test,relational_between,graph,103,2018_661944__event_001,0.006134969325153374,True
tokyo_32545_relational_between,32545,stress_test,relational_between,graph,104,2018_661944__event_002,0.006097560975609756,True
tokyo_32545_relational_between,32545,stress_test,relational_between,graph,105,2018_661996__event_002,0.006060606060606061,True
tokyo_32545_relational_between,32545,stress_test,relational_between,graph,106,2018_661996__event_001,0.006024096385542169,True
tokyo_325605_relational_between,325605,stress_test,relational_between,graph,1,2018_3674480__event_002,0.03278688524590164,True
tokyo_325605_relational_between,325605,stress_test,relational_between,graph,2,2018_3674446__event_002,0.031754032258064516,True
tokyo_325605_relational_between,325605,stress_test,relational_between,graph,3,2018_3674427__event_003,0.031024531024531024,True
tokyo_325605_relational_between,325605,stress_test,relational_between,graph,4,2018_3674480__event_003,0.031024531024531024,True
tokyo_325605_relational_between,325605,stress_test,relational_between,graph,5,2018_3674422__event_002,0.030117753623188408,True
tokyo_325605_relational_between,325605,stress_test,relational_between,graph,6,2018_3674480__event_001,0.030017921146953404,True
tokyo_325605_relational_between,325605,stress_test,relational_between,graph,7,2018_3674471__event_002,0.02946912242686891,True
tokyo_325605_relational_between,325605,stress_test,relational_between,graph,8,2018_3674427__event_002,0.02862400327131466,True
tokyo_325605_relational_between,325605,stress_test,relational_between,graph,9,2018_3674471__event_001,0.02797339593114241,True
tokyo_325605_relational_between,325605,stress_test,relational_between,graph,10,2018_3674422__event_001,0.02761904761904762,True
tokyo_325605_relational_between,325605,stress_test,relational_between,graph,11,2018_3674446__event_001,0.027579737335834898,True
tokyo_325605_relational_between,325605,stress_test,relational_between,graph,12,2018_3674427__event_004,0.027526395173453996,True
tokyo_325605_relational_between,325605,stress_test,relational_between,graph,13,2018_3674463__event_003,0.014925373134328358,True
tokyo_325605_relational_between,325605,stress_test,relational_between,graph,14,2018_3674443__event_002,0.014705882352941176,True
tokyo_325605_relational_between,325605,stress_test,relational_between,graph,15,2018_3674436__event_002,0.014492753623188406,True
tokyo_325605_relational_between,325605,stress_test,relational_between,graph,16,2018_3674408__event_002,0.014285714285714285,True
tokyo_325605_relational_between,325605,stress_test,relational_between,graph,17,2018_3674455__event_001,0.013513513513513514,True
tokyo_325605_relational_between,325605,stress_test,relational_between,graph,18,2018_3674455__event_002,0.013157894736842105,True
tokyo_325605_relational_between,325605,stress_test,relational_between,graph,19,2018_3674436__event_001,0.012987012987012988,True
tokyo_325605_relational_between,325605,stress_test,relational_between,graph,20,2018_3674419__event_002,0.012658227848101266,True
tokyo_325605_relational_between,325605,stress_test,relational_between,graph,21,2018_3674443__event_001,0.0125,True
tokyo_325605_relational_between,325605,stress_test,relational_between,graph,22,2018_3674419__event_001,0.012345679012345678,True
tokyo_325605_relational_between,325605,stress_test,relational_between,graph,23,2018_3674454__event_002,0.012048192771084338,True
tokyo_325605_relational_between,325605,stress_test,relational_between,graph,24,2018_3674411__event_001,0.011904761904761904,True
tokyo_325605_relational_between,325605,stress_test,relational_between,graph,25,2018_3674418__event_005,0.011764705882352941,True
tokyo_325605_relational_between,325605,stress_test,relational_between,graph,26,2018_3674477__event_001,0.011627906976744186,True
tokyo_325605_relational_between,325605,stress_test,relational_between,graph,27,2018_3674472__event_001,0.011494252873563218,True
tokyo_325605_relational_between,325605,stress_test,relational_between,graph,28,2018_3674469__event_001,0.011363636363636364,True
tokyo_325605_relational_between,325605,stress_test,relational_between,graph,29,2018_3674458__event_003,0.011235955056179775,True
tokyo_325605_relational_between,325605,stress_test,relational_between,graph,30,2018_3674408__event_001,0.011111111111111112,True
tokyo_325605_relational_between,325605,stress_test,relational_between,graph,31,2018_3674433__event_001,0.01098901098901099,True
tokyo_325605_relational_between,325605,stress_test,relational_between,graph,32,2018_3674434__event_001,0.010869565217391304,True
tokyo_325605_relational_between,325605,stress_test,relational_between,graph,33,2018_3674462__event_001,0.010752688172043012,True
tokyo_325605_relational_between,325605,stress_test,relational_between,graph,34,2018_3674460__event_002,0.010638297872340425,True
tokyo_325605_relational_between,325605,stress_test,relational_between,graph,35,2018_3674454__event_001,0.010526315789473684,True
tokyo_325605_relational_between,325605,stress_test,relational_between,graph,36,2018_3674419__event_003,0.010416666666666666,True
tokyo_325605_relational_between,325605,stress_test,relational_between,graph,37,2018_3674462__event_002,0.010309278350515464,True
tokyo_325605_relational_between,325605,stress_test,relational_between,graph,38,2018_3674463__event_002,0.01020408163265306,True
tokyo_325605_relational_between,325605,stress_test,relational_between,graph,39,2018_3674411__event_002,0.010101010101010102,True
tokyo_325605_relational_between,325605,stress_test,relational_between,graph,40,2018_3674460__event_001,0.01,True
tokyo_325605_relational_between,325605,stress_test,relational_between,graph,41,2018_3674449__event_002,0.009900990099009901,True
tokyo_325605_relational_between,325605,stress_test,relational_between,graph,42,2018_3674428__event_003,0.00980392156862745,True
tokyo_325605_relational_between,325605,stress_test,relational_between,graph,43,2018_3674472__event_002,0.009708737864077669,True
tokyo_325605_relational_between,325605,stress_test,relational_between,graph,44,2018_3674427__event_001,0.009615384615384616,True
tokyo_325605_relational_between,325605,stress_test,relational_between,graph,45,2018_3674469__event_002,0.009523809523809525,True
tokyo_325605_relational_between,325605,stress_test,relational_between,graph,46,2018_3674433__event_002,0.009433962264150943,True
tokyo_325605_relational_between,325605,stress_test,relational_between,graph,47,2018_3674418__event_004,0.009345794392523364,True
tokyo_325605_relational_between,325605,stress_test,relational_between,graph,48,2018_3674428__event_002,0.009259259259259259,True
tokyo_325605_relational_between,325605,stress_test,relational_between,graph,49,2018_3674418__event_001,0.009174311926605505,True
tokyo_325605_relational_between,325605,stress_test,relational_between,graph,50,2018_3674449__event_001,0.00909090909090909,True
tokyo_325605_relational_between,325605,stress_test,relational_between,graph,51,2018_3674434__event_003,0.009009009009009009,True
tokyo_325605_relational_between,325605,stress_test,relational_between,graph,52,2018_3674477__event_002,0.008928571428571428,True
tokyo_325605_relational_between,325605,stress_test,relational_between,graph,53,2018_3674442__event_002,0.008849557522123894,True
tokyo_325605_relational_between,325605,stress_test,relational_between,graph,54,2018_3674476__event_002,0.008771929824561403,True
tokyo_325605_relational_between,325605,stress_test,relational_between,graph,55,2018_3674461__event_001,0.008695652173913044,True
tokyo_325605_relational_between,325605,stress_test,relational_between,graph,56,2018_3674458__event_002,0.008620689655172414,True
tokyo_325605_relational_between,325605,stress_test,relational_between,graph,57,2018_3674458__event_004,0.008547008547008548,True
tokyo_325605_relational_between,325605,stress_test,relational_between,graph,58,2018_3674423__event_002,0.00847457627118644,True
tokyo_325605_relational_between,325605,stress_test,relational_between,graph,59,2018_3674461__event_002,0.008403361344537815,True
tokyo_325605_relational_between,325605,stress_test,relational_between,graph,60,2018_3674434__event_002,0.008333333333333333,True
tokyo_325605_relational_between,325605,stress_test,relational_between,graph,61,2018_3674426__event_001,0.008264462809917356,True
tokyo_325605_relational_between,325605,stress_test,relational_between,graph,62,2018_3674468__event_002,0.00819672131147541,True
tokyo_325605_relational_between,325605,stress_test,relational_between,graph,63,2018_3674469__event_003,0.008130081300813009,True
tokyo_325605_relational_between,325605,stress_test,relational_between,graph,64,2018_3674418__event_002,0.008064516129032258,True
tokyo_325605_relational_between,325605,stress_test,relational_between,graph,65,2018_3674424__event_002,0.008,True
tokyo_325605_relational_between,325605,stress_test,relational_between,graph,66,2018_3674426__event_002,0.007936507936507936,True
tokyo_325605_relational_between,325605,stress_test,relational_between,graph,67,2018_3674434__event_004,0.007874015748031496,True
tokyo_325605_relational_between,325605,stress_test,relational_between,graph,68,2018_3674418__event_003,0.0078125,True
tokyo_325605_relational_between,325605,stress_test,relational_between,graph,69,2018_3674458__event_001,0.007751937984496124,True
tokyo_325605_relational_between,325605,stress_test,relational_between,graph,70,2018_3674452__event_002,0.007692307692307693,True
tokyo_325605_relational_between,325605,stress_test,relational_between,graph,71,2018_3674424__event_001,0.007633587786259542,True
tokyo_325605_relational_between,325605,stress_test,relational_between,graph,72,2018_3674442__event_001,0.007575757575757576,True
tokyo_325605_relational_between,325605,stress_test,relational_between,graph,73,2018_3674444__event_002,0.007518796992481203,True
tokyo_325605_relational_between,325605,stress_test,relational_between,graph,74,2018_3674452__event_001,0.007462686567164179,True
tokyo_325605_relational_between,325605,stress_test,relational_between,graph,75,2018_3674428__event_001,0.007407407407407408,True
tokyo_325605_relational_between,325605,stress_test,relational_between,graph,76,2018_3674476__event_001,0.007352941176470588,True
tokyo_325605_relational_between,325605,stress_test,relational_between,graph,77,2018_3674477__event_003,0.0072992700729927005,True
tokyo_325605_relational_between,325605,stress_test,relational_between,graph,78,2018_3674444__event_001,0.007246376811594203,True
tokyo_325605_relational_between,325605,stress_test,relational_between,graph,79,2018_3674468__event_001,0.007194244604316547,True
tokyo_325605_relational_between,325605,stress_test,relational_between,graph,80,2018_3674463__event_001,0.007142857142857143,True
tokyo_325605_relational_between,325605,stress_test,relational_between,graph,81,2018_3674423__event_001,0.0070921985815602835,True
tokyo_325605_relational_between,325605,stress_test,relational_between,graph,82,2018_3674458__event_005,0.007042253521126761,True
tokyo_328941_relational_between,328941,stress_test,relational_between,graph,1,2018_3694436__event_003,0.03278688524590164,False
tokyo_328941_relational_between,328941,stress_test,relational_between,graph,2,2018_3694436__event_002,0.03225806451612903,False
tokyo_328941_relational_between,328941,stress_test,relational_between,graph,3,2018_3694436__event_001,0.03149801587301587,False
tokyo_328941_relational_between,328941,stress_test,relational_between,graph,4,2018_3694438__event_001,0.03149801587301587,False
tokyo_328941_relational_between,328941,stress_test,relational_between,graph,5,2018_3694439__event_001,0.030536130536130537,False
tokyo_328941_relational_between,328941,stress_test,relational_between,graph,6,2018_3694439__event_002,0.03007688828584351,False
tokyo_328941_relational_between,328941,stress_test,relational_between,graph,7,2018_3694438__event_002,0.029877369007803793,False
tokyo_328941_relational_between,328941,stress_test,relational_between,graph,8,2018_3694443__event_001,0.014925373134328358,False
tokyo_328941_relational_between,328941,stress_test,relational_between,graph,9,2018_3694437__event_002,0.014705882352941176,False
tokyo_328941_relational_between,328941,stress_test,relational_between,graph,10,2018_3694433__event_002,0.014285714285714285,False
tokyo_328941_relational_between,328941,stress_test,relational_between,graph,11,2018_3694443__event_002,0.014084507042253521,False
tokyo_328941_relational_between,328941,stress_test,relational_between,graph,12,2018_3694435__event_002,0.013888888888888888,False
tokyo_328941_relational_between,328941,stress_test,relational_between,graph,13,2018_3694430__event_001,0.0136986301369863,False
tokyo_328941_relational_between,328941,stress_test,relational_between,graph,14,2018_3694437__event_001,0.013513513513513514,False
tokyo_328941_relational_between,328941,stress_test,relational_between,graph,15,2018_3694433__event_001,0.013333333333333334,False
tokyo_328941_relational_between,328941,stress_test,relational_between,graph,16,2018_3694440__event_002,0.013157894736842105,False
tokyo_328941_relational_between,328941,stress_test,relational_between,graph,17,2018_3694440__event_001,0.012987012987012988,False
tokyo_328941_relational_between,328941,stress_test,relational_between,graph,18,2018_3694432__event_002,0.01282051282051282,False
tokyo_328941_relational_between,328941,stress_test,relational_between,graph,19,2018_3694432__event_001,0.012658227848101266,False
tokyo_328941_relational_between,328941,stress_test,relational_between,graph,20,2018_3694434__event_001,0.0125,False
tokyo_328941_relational_between,328941,stress_test,relational_between,graph,21,2018_3694434__event_002,0.012345679012345678,False
tokyo_328941_relational_between,328941,stress_test,relational_between,graph,22,2018_3694435__event_001,0.012195121951219513,False
tokyo_328941_relational_between,328941,stress_test,relational_between,graph,23,2018_3694430__event_002,0.012048192771084338,False
tokyo_339444_relational_between,339444,stress_test,relational_between,graph,1,2018_3757165__event_005,0.03278688524590164,False
tokyo_339444_relational_between,339444,stress_test,relational_between,graph,2,2018_3757165__event_004,0.03200204813108039,False
tokyo_339444_relational_between,339444,stress_test,relational_between,graph,3,2018_3757165__event_006,0.03200204813108039,False
tokyo_339444_relational_between,339444,stress_test,relational_between,graph,4,2018_3757165__event_003,0.031009615384615385,False
tokyo_339444_relational_between,339444,stress_test,relational_between,graph,5,2018_3757165__event_002,0.030536130536130537,False
tokyo_339444_relational_between,339444,stress_test,relational_between,graph,6,2018_3757165__event_007,0.030117753623188408,False
tokyo_339444_relational_between,339444,stress_test,relational_between,graph,7,2018_3757165__event_001,0.029850746268656716,False
tokyo_339444_relational_between,339444,stress_test,relational_between,graph,8,2018_3757162__event_001,0.015151515151515152,False
tokyo_339444_relational_between,339444,stress_test,relational_between,graph,9,2018_3757167__event_001,0.014705882352941176,False
tokyo_339444_relational_between,339444,stress_test,relational_between,graph,10,2018_3757170__event_001,0.014285714285714285,False
tokyo_339444_relational_between,339444,stress_test,relational_between,graph,11,2018_3757180__event_001,0.014084507042253521,False
tokyo_339444_relational_between,339444,stress_test,relational_between,graph,12,2018_3757180__event_002,0.013888888888888888,False
tokyo_339444_relational_between,339444,stress_test,relational_between,graph,13,2018_3757169__event_001,0.0136986301369863,False
tokyo_339444_relational_between,339444,stress_test,relational_between,graph,14,2018_3757170__event_002,0.013513513513513514,False
tokyo_339444_relational_between,339444,stress_test,relational_between,graph,15,2018_3757162__event_002,0.013333333333333334,False
tokyo_339444_relational_between,339444,stress_test,relational_between,graph,16,2018_3757175__event_001,0.013157894736842105,False
tokyo_339444_relational_between,339444,stress_test,relational_between,graph,17,2018_3757166__event_001,0.012987012987012988,False
tokyo_339444_relational_between,339444,stress_test,relational_between,graph,18,2018_3757166__event_002,0.01282051282051282,False
tokyo_339444_relational_between,339444,stress_test,relational_between,graph,19,2018_3757174__event_001,0.012658227848101266,False
tokyo_339444_relational_between,339444,stress_test,relational_between,graph,20,2018_3757175__event_002,0.0125,False
tokyo_339444_relational_between,339444,stress_test,relational_between,graph,21,2018_3757169__event_002,0.012345679012345678,False
tokyo_339444_relational_between,339444,stress_test,relational_between,graph,22,2018_3757167__event_002,0.012195121951219513,False
tokyo_339444_relational_between,339444,stress_test,relational_between,graph,23,2018_3757184__event_001,0.012048192771084338,False
tokyo_339444_relational_between,339444,stress_test,relational_between,graph,24,2018_3757184__event_002,0.011904761904761904,False
tokyo_339444_relational_between,339444,stress_test,relational_between,graph,25,2018_3757174__event_002,0.011764705882352941,False
tokyo_339444_relational_between,339444,stress_test,relational_between,graph,26,2018_3757163__event_001,0.011627906976744186,False
tokyo_339444_relational_between,339444,stress_test,relational_between,graph,27,2018_3757164__event_001,0.011494252873563218,False
tokyo_339444_relational_between,339444,stress_test,relational_between,graph,28,2018_3757165__event_008,0.011363636363636364,False
tokyo_339444_relational_between,339444,stress_test,relational_between,graph,29,2018_3757162__event_003,0.011235955056179775,False
tokyo_339444_relational_between,339444,stress_test,relational_between,graph,30,2018_3757163__event_002,0.011111111111111112,False
tokyo_339444_relational_between,339444,stress_test,relational_between,graph,31,2018_3757164__event_002,0.01098901098901099,False
tokyo_342180_relational_between,342180,stress_test,relational_between,graph,1,2018_3773299__event_002,0.03278688524590164,True
tokyo_342180_relational_between,342180,stress_test,relational_between,graph,2,2018_3773299__event_001,0.03225806451612903,True
tokyo_342180_relational_between,342180,stress_test,relational_between,graph,3,2018_3773299__event_003,0.03149801587301587,True
tokyo_342180_relational_between,342180,stress_test,relational_between,graph,4,2018_3773310__event_001,0.03149801587301587,True
tokyo_342180_relational_between,342180,stress_test,relational_between,graph,5,2018_3773300__event_002,0.030536130536130537,True
tokyo_342180_relational_between,342180,stress_test,relational_between,graph,6,2018_3773310__event_002,0.030090497737556562,True
tokyo_342180_relational_between,342180,stress_test,relational_between,graph,7,2018_3773300__event_001,0.029418126757516764,True
tokyo_342180_relational_between,342180,stress_test,relational_between,graph,8,2018_3773298__event_001,0.015151515151515152,True
tokyo_342180_relational_between,342180,stress_test,relational_between,graph,9,2018_3773296__event_002,0.014925373134328358,True
tokyo_342180_relational_between,342180,stress_test,relational_between,graph,10,2018_3773307__event_002,0.014285714285714285,True
tokyo_342180_relational_between,342180,stress_test,relational_between,graph,11,2018_3773298__event_002,0.014084507042253521,True
tokyo_342180_relational_between,342180,stress_test,relational_between,graph,12,2018_3773296__event_001,0.013888888888888888,True
tokyo_342180_relational_between,342180,stress_test,relational_between,graph,13,2018_3773311__event_002,0.0136986301369863,True
tokyo_342180_relational_between,342180,stress_test,relational_between,graph,14,2018_3773307__event_001,0.013513513513513514,True
tokyo_342180_relational_between,342180,stress_test,relational_between,graph,15,2018_3773285__event_002,0.013333333333333334,True
tokyo_342180_relational_between,342180,stress_test,relational_between,graph,16,2018_3773307__event_003,0.013157894736842105,True
tokyo_342180_relational_between,342180,stress_test,relational_between,graph,17,2018_3773302__event_001,0.012987012987012988,True
tokyo_342180_relational_between,342180,stress_test,relational_between,graph,18,2018_3773311__event_003,0.01282051282051282,True
tokyo_342180_relational_between,342180,stress_test,relational_between,graph,19,2018_3773313__event_001,0.012658227848101266,True
tokyo_342180_relational_between,342180,stress_test,relational_between,graph,20,2018_3773301__event_001,0.0125,True
tokyo_342180_relational_between,342180,stress_test,relational_between,graph,21,2018_3773285__event_001,0.012345679012345678,True
tokyo_342180_relational_between,342180,stress_test,relational_between,graph,22,2018_3773284__event_001,0.012195121951219513,True
tokyo_342180_relational_between,342180,stress_test,relational_between,graph,23,2018_3773311__event_001,0.012048192771084338,True
tokyo_342180_relational_between,342180,stress_test,relational_between,graph,24,2018_3773313__event_002,0.011904761904761904,True
tokyo_342180_relational_between,342180,stress_test,relational_between,graph,25,2018_3773289__event_001,0.011764705882352941,True
tokyo_342180_relational_between,342180,stress_test,relational_between,graph,26,2018_3773316__event_001,0.011627906976744186,True
tokyo_342180_relational_between,342180,stress_test,relational_between,graph,27,2018_3773318__event_001,0.011494252873563218,True
tokyo_342180_relational_between,342180,stress_test,relational_between,graph,28,2018_3773289__event_002,0.011363636363636364,True
tokyo_342180_relational_between,342180,stress_test,relational_between,graph,29,2018_3773304__event_001,0.011235955056179775,True
tokyo_342180_relational_between,342180,stress_test,relational_between,graph,30,2018_3773318__event_002,0.011111111111111112,True
tokyo_342180_relational_between,342180,stress_test,relational_between,graph,31,2018_3773294__event_001,0.01098901098901099,True
tokyo_342180_relational_between,342180,stress_test,relational_between,graph,32,2018_3773314__event_001,0.010869565217391304,True
tokyo_342180_relational_between,342180,stress_test,relational_between,graph,33,2018_3773310__event_003,0.010752688172043012,True
tokyo_342180_relational_between,342180,stress_test,relational_between,graph,34,2018_3773302__event_002,0.010638297872340425,True
tokyo_342180_relational_between,342180,stress_test,relational_between,graph,35,2018_3773304__event_002,0.010526315789473684,True
tokyo_342180_relational_between,342180,stress_test,relational_between,graph,36,2018_3773284__event_002,0.010416666666666666,True
tokyo_342180_relational_between,342180,stress_test,relational_between,graph,37,2018_3773288__event_001,0.010309278350515464,True
tokyo_342180_relational_between,342180,stress_test,relational_between,graph,38,2018_3773288__event_002,0.01020408163265306,True
tokyo_342180_relational_between,342180,stress_test,relational_between,graph,39,2018_3773318__event_004,0.010101010101010102,True
tokyo_342180_relational_between,342180,stress_test,relational_between,graph,40,2018_3773301__event_002,0.01,True
tokyo_342180_relational_between,342180,stress_test,relational_between,graph,41,2018_3773316__event_002,0.009900990099009901,True
tokyo_342180_relational_between,342180,stress_test,relational_between,graph,42,2018_3773314__event_002,0.00980392156862745,True
tokyo_342180_relational_between,342180,stress_test,relational_between,graph,43,2018_3773313__event_003,0.009708737864077669,True
tokyo_342180_relational_between,342180,stress_test,relational_between,graph,44,2018_3773297__event_001,0.009615384615384616,True
tokyo_342180_relational_between,342180,stress_test,relational_between,graph,45,2018_3773314__event_003,0.009523809523809525,True
tokyo_342180_relational_between,342180,stress_test,relational_between,graph,46,2018_3773294__event_002,0.009433962264150943,True
tokyo_342180_relational_between,342180,stress_test,relational_between,graph,47,2018_3773318__event_003,0.009345794392523364,True
tokyo_342180_relational_between,342180,stress_test,relational_between,graph,48,2018_3773297__event_002,0.009259259259259259,True
tokyo_342180_relational_between,342180,stress_test,relational_between,graph,49,2018_3773301__event_003,0.009174311926605505,True
tokyo_34258_relational_between,34258,stress_test,relational_between,graph,1,2018_698472__event_007,0.03278688524590164,False
tokyo_34258_relational_between,34258,stress_test,relational_between,graph,2,2018_698472__event_009,0.031754032258064516,False
tokyo_34258_relational_between,34258,stress_test,relational_between,graph,3,2018_698472__event_008,0.031746031746031744,False
tokyo_34258_relational_between,34258,stress_test,relational_between,graph,4,2018_698472__event_006,0.03128054740957967,False
tokyo_34258_relational_between,34258,stress_test,relational_between,graph,5,2018_698472__event_011,0.030776515151515152,False
tokyo_34258_relational_between,34258,stress_test,relational_between,graph,6,2018_698472__event_005,0.030309988518943745,False
tokyo_34258_relational_between,34258,stress_test,relational_between,graph,7,2018_698472__event_010,0.030309988518943745,False
tokyo_34258_relational_between,34258,stress_test,relational_between,graph,8,2018_698472__event_004,0.0253441802252816,False
tokyo_34258_relational_between,34258,stress_test,relational_between,graph,9,2018_698467__event_003,0.014705882352941176,False
tokyo_34258_relational_between,34258,stress_test,relational_between,graph,10,2018_698471__event_002,0.014492753623188406,False
tokyo_34258_relational_between,34258,stress_test,relational_between,graph,11,2018_698471__event_003,0.014285714285714285,False
tokyo_34258_relational_between,34258,stress_test,relational_between,graph,12,2018_698462__event_002,0.014084507042253521,False
tokyo_34258_relational_between,34258,stress_test,relational_between,graph,13,2018_698482__event_002,0.013888888888888888,False
tokyo_34258_relational_between,34258,stress_test,relational_between,graph,14,2018_698467__event_002,0.0136986301369863,False
tokyo_34258_relational_between,34258,stress_test,relational_between,graph,15,2018_698472__event_002,0.013513513513513514,False
tokyo_34258_relational_between,34258,stress_test,relational_between,graph,16,2018_698479__event_002,0.013333333333333334,False
tokyo_34258_relational_between,34258,stress_test,relational_between,graph,17,2018_698472__event_003,0.013157894736842105,False
tokyo_34258_relational_between,34258,stress_test,relational_between,graph,18,2018_698478__event_002,0.012987012987012988,False
tokyo_34258_relational_between,34258,stress_test,relational_between,graph,19,2018_698480__event_002,0.01282051282051282,False
tokyo_34258_relational_between,34258,stress_test,relational_between,graph,20,2018_698473__event_002,0.012658227848101266,False
tokyo_34258_relational_between,34258,stress_test,relational_between,graph,21,2018_698471__event_001,0.0125,False
tokyo_34258_relational_between,34258,stress_test,relational_between,graph,22,2018_698483__event_002,0.012345679012345678,False
tokyo_34258_relational_between,34258,stress_test,relational_between,graph,23,2018_698462__event_001,0.012195121951219513,False
tokyo_34258_relational_between,34258,stress_test,relational_between,graph,24,2018_698479__event_001,0.012048192771084338,False
tokyo_34258_relational_between,34258,stress_test,relational_between,graph,25,2018_698467__event_005,0.011904761904761904,False
tokyo_34258_relational_between,34258,stress_test,relational_between,graph,26,2018_698467__event_001,0.011764705882352941,False
tokyo_34258_relational_between,34258,stress_test,relational_between,graph,27,2018_698473__event_001,0.011627906976744186,False
tokyo_34258_relational_between,34258,stress_test,relational_between,graph,28,2018_698478__event_001,0.011494252873563218,False
tokyo_34258_relational_between,34258,stress_test,relational_between,graph,29,2018_698482__event_001,0.011363636363636364,False
tokyo_34258_relational_between,34258,stress_test,relational_between,graph,30,2018_698480__event_001,0.011235955056179775,False
tokyo_34258_relational_between,34258,stress_test,relational_between,graph,31,2018_698472__event_001,0.011111111111111112,False
tokyo_34258_relational_between,34258,stress_test,relational_between,graph,32,2018_698483__event_001,0.01098901098901099,False
tokyo_34258_relational_between,34258,stress_test,relational_between,graph,33,2018_698471__event_004,0.010869565217391304,False
tokyo_34258_relational_between,34258,stress_test,relational_between,graph,34,2018_698482__event_003,0.010752688172043012,False
tokyo_34258_relational_between,34258,stress_test,relational_between,graph,35,2018_698463__event_001,0.010526315789473684,False
tokyo_34258_relational_between,34258,stress_test,relational_between,graph,36,2018_698463__event_002,0.010416666666666666,False
tokyo_34258_relational_between,34258,stress_test,relational_between,graph,37,2018_698481__event_001,0.010309278350515464,False
tokyo_34258_relational_between,34258,stress_test,relational_between,graph,38,2018_698481__event_003,0.01020408163265306,False
tokyo_34258_relational_between,34258,stress_test,relational_between,graph,39,2018_698467__event_004,0.010101010101010102,False
tokyo_34258_relational_between,34258,stress_test,relational_between,graph,40,2018_698482__event_005,0.01,False
tokyo_34258_relational_between,34258,stress_test,relational_between,graph,41,2018_698481__event_002,0.009900990099009901,False
tokyo_34258_relational_between,34258,stress_test,relational_between,graph,42,2018_698482__event_004,0.00980392156862745,False
tokyo_348059_relational_between,348059,stress_test,relational_between,graph,1,2018_3807517__event_004,0.03278688524590164,False
tokyo_348059_relational_between,348059,stress_test,relational_between,graph,2,2018_3807517__event_003,0.03200204813108039,False
tokyo_348059_relational_between,348059,stress_test,relational_between,graph,3,2018_3807517__event_005,0.03200204813108039,False
tokyo_348059_relational_between,348059,stress_test,relational_between,graph,4,2018_3807516__event_003,0.031009615384615385,False
tokyo_348059_relational_between,348059,stress_test,relational_between,graph,5,2018_3807506__event_004,0.030090497737556562,False
tokyo_348059_relational_between,348059,stress_test,relational_between,graph,6,2018_3807516__event_004,0.03007688828584351,False
tokyo_348059_relational_between,348059,stress_test,relational_between,graph,7,2018_3807506__event_005,0.029211087420042643,False
tokyo_348059_relational_between,348059,stress_test,relational_between,graph,8,2018_3807506__event_003,0.02919863597612958,False
tokyo_348059_relational_between,348059,stress_test,relational_between,graph,9,2018_3807517__event_002,0.026736111111111113,False
tokyo_348059_relational_between,348059,stress_test,relational_between,graph,10,2018_3807516__event_002,0.026515151515151516,False
tokyo_348059_relational_between,348059,stress_test,relational_between,graph,11,2018_3807514__event_002,0.014492753623188406,False
tokyo_348059_relational_between,348059,stress_test,relational_between,graph,12,2018_3807523__event_004,0.014285714285714285,False
tokyo_348059_relational_between,348059,stress_test,relational_between,graph,13,2018_3807524__event_004,0.014084507042253521,False
tokyo_348059_relational_between,348059,stress_test,relational_between,graph,14,2018_3807524__event_002,0.013888888888888888,False
tokyo_348059_relational_between,348059,stress_test,relational_between,graph,15,2018_3807525__event_001,0.0136986301369863,False
tokyo_348059_relational_between,348059,stress_test,relational_between,graph,16,2018_3807521__event_003,0.013513513513513514,False
tokyo_348059_relational_between,348059,stress_test,relational_between,graph,17,2018_3807520__event_003,0.013333333333333334,False
tokyo_348059_relational_between,348059,stress_test,relational_between,graph,18,2018_3807522__event_003,0.013157894736842105,False
tokyo_348059_relational_between,348059,stress_test,relational_between,graph,19,2018_3807511__event_002,0.012987012987012988,False
tokyo_348059_relational_between,348059,stress_test,relational_between,graph,20,2018_3807523__event_003,0.01282051282051282,False
tokyo_348059_relational_between,348059,stress_test,relational_between,graph,21,2018_3807506__event_001,0.012658227848101266,False
tokyo_348059_relational_between,348059,stress_test,relational_between,graph,22,2018_3807521__event_004,0.0125,False
tokyo_348059_relational_between,348059,stress_test,relational_between,graph,23,2018_3807509__event_003,0.012345679012345678,False
tokyo_348059_relational_between,348059,stress_test,relational_between,graph,24,2018_3807525__event_002,0.012195121951219513,False
tokyo_348059_relational_between,348059,stress_test,relational_between,graph,25,2018_3807524__event_003,0.012048192771084338,False
tokyo_348059_relational_between,348059,stress_test,relational_between,graph,26,2018_3807514__event_001,0.011904761904761904,False
tokyo_348059_relational_between,348059,stress_test,relational_between,graph,27,2018_3807523__event_005,0.011764705882352941,False
tokyo_348059_relational_between,348059,stress_test,relational_between,graph,28,2018_3807515__event_001,0.011627906976744186,False
tokyo_348059_relational_between,348059,stress_test,relational_between,graph,29,2018_3807525__event_003,0.011494252873563218,False
tokyo_348059_relational_between,348059,stress_test,relational_between,graph,30,2018_3807524__event_005,0.011235955056179775,False
tokyo_348059_relational_between,348059,stress_test,relational_between,graph,31,2018_3807506__event_002,0.01098901098901099,False
tokyo_348059_relational_between,348059,stress_test,relational_between,graph,32,2018_3807515__event_002,0.010869565217391304,False
tokyo_348059_relational_between,348059,stress_test,relational_between,graph,33,2018_3807516__event_006,0.010752688172043012,False
tokyo_348059_relational_between,348059,stress_test,relational_between,graph,34,2018_3807511__event_001,0.010638297872340425,False
tokyo_348059_relational_between,348059,stress_test,relational_between,graph,35,2018_3807524__event_001,0.010526315789473684,False
tokyo_348059_relational_between,348059,stress_test,relational_between,graph,36,2018_3807522__event_002,0.010416666666666666,False
tokyo_348059_relational_between,348059,stress_test,relational_between,graph,37,2018_3807509__event_004,0.010309278350515464,False
tokyo_348059_relational_between,348059,stress_test,relational_between,graph,38,2018_3807521__event_002,0.01020408163265306,False
tokyo_348059_relational_between,348059,stress_test,relational_between,graph,39,2018_3807520__event_002,0.010101010101010102,False
tokyo_348059_relational_between,348059,stress_test,relational_between,graph,40,2018_3807523__event_002,0.01,False
tokyo_348059_relational_between,348059,stress_test,relational_between,graph,41,2018_3807519__event_002,0.009900990099009901,False
tokyo_348059_relational_between,348059,stress_test,relational_between,graph,42,2018_3807518__event_001,0.00980392156862745,False
tokyo_348059_relational_between,348059,stress_test,relational_between,graph,43,2018_3807505__event_001,0.009708737864077669,False
tokyo_348059_relational_between,348059,stress_test,relational_between,graph,44,2018_3807519__event_001,0.009615384615384616,False
tokyo_348059_relational_between,348059,stress_test,relational_between,graph,45,2018_3807516__event_005,0.009523809523809525,False
tokyo_348059_relational_between,348059,stress_test,relational_between,graph,46,2018_3807507__event_001,0.009433962264150943,False
tokyo_348059_relational_between,348059,stress_test,relational_between,graph,47,2018_3807521__event_001,0.009345794392523364,False
tokyo_348059_relational_between,348059,stress_test,relational_between,graph,48,2018_3807520__event_001,0.009259259259259259,False
tokyo_348059_relational_between,348059,stress_test,relational_between,graph,49,2018_3807522__event_001,0.009174311926605505,False
tokyo_348059_relational_between,348059,stress_test,relational_between,graph,50,2018_3807516__event_001,0.00909090909090909,False
tokyo_348059_relational_between,348059,stress_test,relational_between,graph,51,2018_3807523__event_001,0.009009009009009009,False
tokyo_348059_relational_between,348059,stress_test,relational_between,graph,52,2018_3807519__event_003,0.008928571428571428,False
tokyo_348059_relational_between,348059,stress_test,relational_between,graph,53,2018_3807517__event_001,0.008849557522123894,False
tokyo_348059_relational_between,348059,stress_test,relational_between,graph,54,2018_3807512__event_001,0.008771929824561403,False
tokyo_348059_relational_between,348059,stress_test,relational_between,graph,55,2018_3807507__event_002,0.008695652173913044,False
tokyo_348059_relational_between,348059,stress_test,relational_between,graph,56,2018_3807518__event_002,0.008620689655172414,False
tokyo_348059_relational_between,348059,stress_test,relational_between,graph,57,2018_3807512__event_002,0.008547008547008548,False
tokyo_348059_relational_between,348059,stress_test,relational_between,graph,58,2018_3807505__event_002,0.00847457627118644,False
tokyo_348059_relational_between,348059,stress_test,relational_between,graph,59,2018_3807509__event_002,0.008403361344537815,False
tokyo_348059_relational_between,348059,stress_test,relational_between,graph,60,2018_3807509__event_001,0.008333333333333333,False
tokyo_348059_relational_between,348059,stress_test,relational_between,graph,61,2018_3807513__event_003,0.008264462809917356,False
tokyo_348059_relational_between,348059,stress_test,relational_between,graph,62,2018_3807513__event_001,0.00819672131147541,False
tokyo_348059_relational_between,348059,stress_test,relational_between,graph,63,2018_3807513__event_002,0.008130081300813009,False
tokyo_350248_relational_between,350248,stress_test,relational_between,graph,1,2018_3820552__event_002,0.03278688524590164,True
tokyo_350248_relational_between,350248,stress_test,relational_between,graph,2,2018_3820523__event_001,0.031754032258064516,True
tokyo_350248_relational_between,350248,stress_test,relational_between,graph,3,2018_3820552__event_001,0.031754032258064516,True
tokyo_350248_relational_between,350248,stress_test,relational_between,graph,4,2018_3820554__event_001,0.031024531024531024,True
tokyo_350248_relational_between,350248,stress_test,relational_between,graph,5,2018_3820552__event_003,0.03057889822595705,True
tokyo_350248_relational_between,350248,stress_test,relational_between,graph,6,2018_3820558__event_001,0.030090497737556562,True
tokyo_350248_relational_between,350248,stress_test,relational_between,graph,7,2018_3820523__event_002,0.029877369007803793,True
tokyo_350248_relational_between,350248,stress_test,relational_between,graph,8,2018_3820558__event_002,0.029418126757516764,True
tokyo_350248_relational_between,350248,stress_test,relational_between,graph,9,2018_3820554__event_002,0.029211087420042643,True
tokyo_350248_relational_between,350248,stress_test,relational_between,graph,10,2018_3820524__event_006,0.015151515151515152,True
tokyo_350248_relational_between,350248,stress_test,relational_between,graph,11,2018_3820524__event_005,0.014084507042253521,True
tokyo_350248_relational_between,350248,stress_test,relational_between,graph,12,2018_3820524__event_002,0.013888888888888888,True
tokyo_350248_relational_between,350248,stress_test,relational_between,graph,13,2018_3820531__event_001,0.0136986301369863,True
tokyo_350248_relational_between,350248,stress_test,relational_between,graph,14,2018_3820543__event_001,0.013513513513513514,True
tokyo_350248_relational_between,350248,stress_test,relational_between,graph,15,2018_3820543__event_002,0.013333333333333334,True
tokyo_350248_relational_between,350248,stress_test,relational_between,graph,16,2018_3820524__event_003,0.013157894736842105,True
tokyo_350248_relational_between,350248,stress_test,relational_between,graph,17,2018_3820529__event_001,0.012987012987012988,True
tokyo_350248_relational_between,350248,stress_test,relational_between,graph,18,2018_3820563__event_001,0.01282051282051282,True
tokyo_350248_relational_between,350248,stress_test,relational_between,graph,19,2018_3820524__event_001,0.012658227848101266,True
tokyo_350248_relational_between,350248,stress_test,relational_between,graph,20,2018_3820531__event_002,0.0125,True
tokyo_350248_relational_between,350248,stress_test,relational_between,graph,21,2018_3820539__event_002,0.012345679012345678,True
tokyo_350248_relational_between,350248,stress_test,relational_between,graph,22,2018_3820522__event_003,0.012195121951219513,True
tokyo_350248_relational_between,350248,stress_test,relational_between,graph,23,2018_3820529__event_002,0.012048192771084338,True
tokyo_350248_relational_between,350248,stress_test,relational_between,graph,24,2018_3820551__event_002,0.011904761904761904,True
tokyo_350248_relational_between,350248,stress_test,relational_between,graph,25,2018_3820522__event_002,0.011764705882352941,True
tokyo_350248_relational_between,350248,stress_test,relational_between,graph,26,2018_3820535__event_001,0.011627906976744186,True
tokyo_350248_relational_between,350248,stress_test,relational_between,graph,27,2018_3820528__event_001,0.011494252873563218,True
tokyo_350248_relational_between,350248,stress_test,relational_between,graph,28,2018_3820535__event_002,0.011363636363636364,True
tokyo_350248_relational_between,350248,stress_test,relational_between,graph,29,2018_3820539__event_001,0.011235955056179775,True
tokyo_350248_relational_between,350248,stress_test,relational_between,graph,30,2018_3820554__event_003,0.011111111111111112,True
tokyo_350248_relational_between,350248,stress_test,relational_between,graph,31,2018_3820528__event_002,0.01098901098901099,True
tokyo_350248_relational_between,350248,stress_test,relational_between,graph,32,2018_3820551__event_001,0.010869565217391304,True
tokyo_350248_relational_between,350248,stress_test,relational_between,graph,33,2018_3820563__event_002,0.010752688172043012,True
tokyo_350248_relational_between,350248,stress_test,relational_between,graph,34,2018_3820557__event_001,0.010638297872340425,True
tokyo_350248_relational_between,350248,stress_test,relational_between,graph,35,2018_3820562__event_001,0.010526315789473684,True
tokyo_350248_relational_between,350248,stress_test,relational_between,graph,36,2018_3820550__event_002,0.010416666666666666,True
tokyo_350248_relational_between,350248,stress_test,relational_between,graph,37,2018_3820549__event_001,0.010309278350515464,True
tokyo_350248_relational_between,350248,stress_test,relational_between,graph,38,2018_3820541__event_002,0.01020408163265306,True
tokyo_350248_relational_between,350248,stress_test,relational_between,graph,39,2018_3820556__event_002,0.010101010101010102,True
tokyo_350248_relational_between,350248,stress_test,relational_between,graph,40,2018_3820556__event_001,0.01,True
tokyo_350248_relational_between,350248,stress_test,relational_between,graph,41,2018_3820526__event_001,0.009900990099009901,True
tokyo_350248_relational_between,350248,stress_test,relational_between,graph,42,2018_3820561__event_001,0.00980392156862745,True
tokyo_350248_relational_between,350248,stress_test,relational_between,graph,43,2018_3820557__event_002,0.009708737864077669,True
tokyo_350248_relational_between,350248,stress_test,relational_between,graph,44,2018_3820561__event_002,0.009615384615384616,True
tokyo_350248_relational_between,350248,stress_test,relational_between,graph,45,2018_3820522__event_001,0.009523809523809525,True
tokyo_350248_relational_between,350248,stress_test,relational_between,graph,46,2018_3820526__event_002,0.009433962264150943,True
tokyo_350248_relational_between,350248,stress_test,relational_between,graph,47,2018_3820557__event_003,0.009345794392523364,True
tokyo_350248_relational_between,350248,stress_test,relational_between,graph,48,2018_3820549__event_002,0.009259259259259259,True
tokyo_350248_relational_between,350248,stress_test,relational_between,graph,49,2018_3820524__event_004,0.009174311926605505,True
tokyo_350248_relational_between,350248,stress_test,relational_between,graph,50,2018_3820528__event_003,0.00909090909090909,True
tokyo_350248_relational_between,350248,stress_test,relational_between,graph,51,2018_3820550__event_001,0.009009009009009009,True
tokyo_350248_relational_between,350248,stress_test,relational_between,graph,52,2018_3820541__event_001,0.008928571428571428,True
tokyo_350248_relational_between,350248,stress_test,relational_between,graph,53,2018_3820562__event_002,0.008849557522123894,True
tokyo_350248_relational_between,350248,stress_test,relational_between,graph,54,2018_3820535__event_003,0.008771929824561403,True
tokyo_356419_relational_between,356419,stress_test,relational_between,graph,1,2018_3855574__event_002,0.03278688524590164,False
tokyo_356419_relational_between,356419,stress_test,relational_between,graph,2,2018_3855574__event_001,0.03225806451612903,False
tokyo_356419_relational_between,356419,stress_test,relational_between,graph,3,2018_3855574__event_003,0.031746031746031744,False
tokyo_356419_relational_between,356419,stress_test,relational_between,graph,4,2018_3855579__event_001,0.031009615384615385,False
tokyo_356419_relational_between,356419,stress_test,relational_between,graph,5,2018_3855574__event_004,0.030776515151515152,False
tokyo_356419_relational_between,356419,stress_test,relational_between,graph,6,2018_3855582__event_001,0.030309988518943745,False
tokyo_356419_relational_between,356419,stress_test,relational_between,graph,7,2018_3855579__event_002,0.03007688828584351,False
tokyo_356419_relational_between,356419,stress_test,relational_between,graph,8,2018_3855582__event_002,0.029411764705882353,False
tokyo_356419_relational_between,356419,stress_test,relational_between,graph,9,2018_3855585__event_001,0.014492753623188406,False
tokyo_356419_relational_between,356419,stress_test,relational_between,graph,10,2018_3855593__event_002,0.014285714285714285,False
tokyo_356419_relational_between,356419,stress_test,relational_between,graph,11,2018_3855580__event_002,0.014084507042253521,False
tokyo_356419_relational_between,356419,stress_test,relational_between,graph,12,2018_3855572__event_002,0.013888888888888888,False
tokyo_356419_relational_between,356419,stress_test,relational_between,graph,13,2018_3855576__event_002,0.0136986301369863,False
tokyo_356419_relational_between,356419,stress_test,relational_between,graph,14,2018_3855583__event_002,0.013513513513513514,False
tokyo_356419_relational_between,356419,stress_test,relational_between,graph,15,2018_3855593__event_001,0.013333333333333334,False
tokyo_356419_relational_between,356419,stress_test,relational_between,graph,16,2018_3855592__event_002,0.013157894736842105,False
tokyo_356419_relational_between,356419,stress_test,relational_between,graph,17,2018_3855570__event_001,0.012987012987012988,False
tokyo_356419_relational_between,356419,stress_test,relational_between,graph,18,2018_3855571__event_003,0.01282051282051282,False
tokyo_356419_relational_between,356419,stress_test,relational_between,graph,19,2018_3855594__event_002,0.012658227848101266,False
tokyo_356419_relational_between,356419,stress_test,relational_between,graph,20,2018_3855571__event_001,0.0125,False
tokyo_356419_relational_between,356419,stress_test,relational_between,graph,21,2018_3855585__event_002,0.012345679012345678,False
tokyo_356419_relational_between,356419,stress_test,relational_between,graph,22,2018_3855571__event_002,0.012195121951219513,False
tokyo_356419_relational_between,356419,stress_test,relational_between,graph,23,2018_3855574__event_005,0.012048192771084338,False
tokyo_356419_relational_between,356419,stress_test,relational_between,graph,24,2018_3855574__event_006,0.011904761904761904,False
tokyo_356419_relational_between,356419,stress_test,relational_between,graph,25,2018_3855570__event_002,0.011764705882352941,False
tokyo_356419_relational_between,356419,stress_test,relational_between,graph,26,2018_3855575__event_001,0.011627906976744186,False
tokyo_356419_relational_between,356419,stress_test,relational_between,graph,27,2018_3855572__event_001,0.011494252873563218,False
tokyo_356419_relational_between,356419,stress_test,relational_between,graph,28,2018_3855576__event_001,0.011363636363636364,False
tokyo_356419_relational_between,356419,stress_test,relational_between,graph,29,2018_3855592__event_001,0.011235955056179775,False
tokyo_356419_relational_between,356419,stress_test,relational_between,graph,30,2018_3855583__event_001,0.011111111111111112,False
tokyo_356419_relational_between,356419,stress_test,relational_between,graph,31,2018_3855575__event_002,0.01098901098901099,False
tokyo_356419_relational_between,356419,stress_test,relational_between,graph,32,2018_3855594__event_001,0.010869565217391304,False
tokyo_356419_relational_between,356419,stress_test,relational_between,graph,33,2018_3855580__event_001,0.010752688172043012,False
tokyo_35718_relational_between,35718,stress_test,relational_between,graph,1,2018_727097__event_002,0.03278688524590164,False
tokyo_35718_relational_between,35718,stress_test,relational_between,graph,2,2018_727134__event_003,0.03200204813108039,False
tokyo_35718_relational_between,35718,stress_test,relational_between,graph,3,2018_727097__event_001,0.0315136476426799,False
tokyo_35718_relational_between,35718,stress_test,relational_between,graph,4,2018_727134__event_002,0.03149801587301587,False
tokyo_35718_relational_between,35718,stress_test,relational_between,graph,5,2018_727134__event_001,0.031009615384615385,False
tokyo_35718_relational_between,35718,stress_test,relational_between,graph,6,2018_727085__event_002,0.015151515151515152,False
tokyo_35718_relational_between,35718,stress_test,relational_between,graph,7,2018_727085__event_001,0.014925373134328358,False
tokyo_35718_relational_between,35718,stress_test,relational_between,graph,8,2018_727120__event_002,0.014705882352941176,False
tokyo_35718_relational_between,35718,stress_test,relational_between,graph,9,2018_727120__event_003,0.014492753623188406,False
tokyo_35718_relational_between,35718,stress_test,relational_between,graph,10,2018_727120__event_001,0.014285714285714285,False
tokyo_35718_relational_between,35718,stress_test,relational_between,graph,11,2018_727082__event_002,0.014084507042253521,False
tokyo_35718_relational_between,35718,stress_test,relational_between,graph,12,2018_727082__event_001,0.013888888888888888,False
tokyo_35718_relational_between,35718,stress_test,relational_between,graph,13,2018_727114__event_002,0.0136986301369863,False
tokyo_35718_relational_between,35718,stress_test,relational_between,graph,14,2018_727132__event_002,0.013513513513513514,False
tokyo_35718_relational_between,35718,stress_test,relational_between,graph,15,2018_727114__event_001,0.013333333333333334,False
tokyo_35718_relational_between,35718,stress_test,relational_between,graph,16,2018_727132__event_001,0.013157894736842105,False
tokyo_35718_relational_between,35718,stress_test,relational_between,graph,17,2018_727082__event_003,0.012987012987012988,False
tokyo_35718_relational_between,35718,stress_test,relational_between,graph,18,2018_727143__event_001,0.01282051282051282,False
tokyo_35718_relational_between,35718,stress_test,relational_between,graph,19,2018_727136__event_003,0.012658227848101266,False
tokyo_35718_relational_between,35718,stress_test,relational_between,graph,20,2018_727143__event_002,0.0125,False
tokyo_35718_relational_between,35718,stress_test,relational_between,graph,21,2018_727117__event_002,0.012345679012345678,False
tokyo_35718_relational_between,35718,stress_test,relational_between,graph,22,2018_727136__event_001,0.012195121951219513,False
tokyo_35718_relational_between,35718,stress_test,relational_between,graph,23,2018_727117__event_001,0.012048192771084338,False
tokyo_35718_relational_between,35718,stress_test,relational_between,graph,24,2018_727129__event_001,0.011904761904761904,False
tokyo_35718_relational_between,35718,stress_test,relational_between,graph,25,2018_727136__event_002,0.011764705882352941,False
tokyo_35718_relational_between,35718,stress_test,relational_between,graph,26,2018_727129__event_002,0.011627906976744186,False
tokyo_362630_relational_between,362630,stress_test,relational_between,graph,1,2018_3889075__event_002,0.03278688524590164,False
tokyo_362630_relational_between,362630,stress_test,relational_between,graph,2,2018_3889075__event_001,0.03200204813108039,False
tokyo_362630_relational_between,362630,stress_test,relational_between,graph,3,2018_3889075__event_003,0.03200204813108039,False
tokyo_362630_relational_between,362630,stress_test,relational_between,graph,4,2018_3889096__event_002,0.03125,False
tokyo_362630_relational_between,362630,stress_test,relational_between,graph,5,2018_3889084__event_002,0.030536130536130537,False
tokyo_362630_relational_between,362630,stress_test,relational_between,graph,6,2018_3889096__event_001,0.02967032967032967,False
tokyo_362630_relational_between,362630,stress_test,relational_between,graph,7,2018_3889084__event_001,0.027583600982429624,False
tokyo_362630_relational_between,362630,stress_test,relational_between,graph,8,2018_3889098__event_002,0.015151515151515152,False
tokyo_362630_relational_between,362630,stress_test,relational_between,graph,9,2018_3889086__event_002,0.014925373134328358,False
tokyo_362630_relational_between,362630,stress_test,relational_between,graph,10,2018_3889074__event_002,0.014705882352941176,False
tokyo_362630_relational_between,362630,stress_test,relational_between,graph,11,2018_3889076__event_002,0.014492753623188406,False
tokyo_362630_relational_between,362630,stress_test,relational_between,graph,12,2018_3889086__event_003,0.014084507042253521,False
tokyo_362630_relational_between,362630,stress_test,relational_between,graph,13,2018_3889098__event_001,0.013888888888888888,False
tokyo_362630_relational_between,362630,stress_test,relational_between,graph,14,2018_3889074__event_001,0.0136986301369863,False
tokyo_362630_relational_between,362630,stress_test,relational_between,graph,15,2018_3889076__event_001,0.013513513513513514,False
tokyo_362630_relational_between,362630,stress_test,relational_between,graph,16,2018_3889072__event_002,0.013333333333333334,False
tokyo_362630_relational_between,362630,stress_test,relational_between,graph,17,2018_3889077__event_001,0.013157894736842105,False
tokyo_362630_relational_between,362630,stress_test,relational_between,graph,18,2018_3889077__event_002,0.012987012987012988,False
tokyo_362630_relational_between,362630,stress_test,relational_between,graph,19,2018_3889072__event_001,0.01282051282051282,False
tokyo_362630_relational_between,362630,stress_test,relational_between,graph,20,2018_3889095__event_002,0.0125,False
tokyo_362630_relational_between,362630,stress_test,relational_between,graph,21,2018_3889093__event_002,0.012345679012345678,False
tokyo_362630_relational_between,362630,stress_test,relational_between,graph,22,2018_3889093__event_001,0.012195121951219513,False
tokyo_362630_relational_between,362630,stress_test,relational_between,graph,23,2018_3889086__event_001,0.012048192771084338,False
tokyo_362630_relational_between,362630,stress_test,relational_between,graph,24,2018_3889095__event_001,0.011904761904761904,False
tokyo_36487_relational_between,36487,stress_test,relational_between,graph,1,2018_741725__event_003,0.03278688524590164,False
tokyo_36487_relational_between,36487,stress_test,relational_between,graph,2,2018_741725__event_002,0.03225806451612903,False
tokyo_36487_relational_between,36487,stress_test,relational_between,graph,3,2018_741725__event_004,0.03149801587301587,False
tokyo_36487_relational_between,36487,stress_test,relational_between,graph,4,2018_741721__event_002,0.03125763125763126,False
tokyo_36487_relational_between,36487,stress_test,relational_between,graph,5,2018_741721__event_001,0.03007688828584351,False
tokyo_36487_relational_between,36487,stress_test,relational_between,graph,6,2018_741712__event_004,0.029877369007803793,False
tokyo_36487_relational_between,36487,stress_test,relational_between,graph,7,2018_741725__event_001,0.0293236301369863,False
tokyo_36487_relational_between,36487,stress_test,relational_between,graph,8,2018_741725__event_005,0.02821939586645469,False
tokyo_36487_relational_between,36487,stress_test,relational_between,graph,9,2018_741721__event_003,0.028083267871170464,False
tokyo_36487_relational_between,36487,stress_test,relational_between,graph,10,2018_741712__event_003,0.027272727272727275,False
tokyo_36487_relational_between,36487,stress_test,relational_between,graph,11,2018_741712__event_005,0.02690501986276634,False
tokyo_36487_relational_between,36487,stress_test,relational_between,graph,12,2018_741707__event_001,0.015151515151515152,False
tokyo_36487_relational_between,36487,stress_test,relational_between,graph,13,2018_741716__event_002,0.014705882352941176,False
tokyo_36487_relational_between,36487,stress_test,relational_between,graph,14,2018_741716__event_001,0.014492753623188406,False
tokyo_36487_relational_between,36487,stress_test,relational_between,graph,15,2018_741722__event_002,0.014285714285714285,False
tokyo_36487_relational_between,36487,stress_test,relational_between,graph,16,2018_741722__event_004,0.014084507042253521,False
tokyo_36487_relational_between,36487,stress_test,relational_between,graph,17,2018_741722__event_003,0.013888888888888888,False
tokyo_36487_relational_between,36487,stress_test,relational_between,graph,18,2018_741710__event_002,0.013333333333333334,False
tokyo_36487_relational_between,36487,stress_test,relational_between,graph,19,2018_741707__event_002,0.012658227848101266,False
tokyo_36487_relational_between,36487,stress_test,relational_between,graph,20,2018_741710__event_001,0.0125,False
tokyo_36487_relational_between,36487,stress_test,relational_between,graph,21,2018_741722__event_001,0.012345679012345678,False
tokyo_36487_relational_between,36487,stress_test,relational_between,graph,22,2018_741708__event_002,0.012195121951219513,False
tokyo_36487_relational_between,36487,stress_test,relational_between,graph,23,2018_741726__event_003,0.012048192771084338,False
tokyo_36487_relational_between,36487,stress_test,relational_between,graph,24,2018_741716__event_003,0.011904761904761904,False
tokyo_36487_relational_between,36487,stress_test,relational_between,graph,25,2018_741699__event_002,0.011764705882352941,False
tokyo_36487_relational_between,36487,stress_test,relational_between,graph,26,2018_741712__event_006,0.011627906976744186,False
tokyo_36487_relational_between,36487,stress_test,relational_between,graph,27,2018_741726__event_001,0.011494252873563218,False
tokyo_36487_relational_between,36487,stress_test,relational_between,graph,28,2018_741699__event_001,0.011363636363636364,False
tokyo_36487_relational_between,36487,stress_test,relational_between,graph,29,2018_741708__event_003,0.011235955056179775,False
tokyo_36487_relational_between,36487,stress_test,relational_between,graph,30,2018_741726__event_002,0.011111111111111112,False
tokyo_36487_relational_between,36487,stress_test,relational_between,graph,31,2018_741640__event_001,0.01098901098901099,False
tokyo_36487_relational_between,36487,stress_test,relational_between,graph,32,2018_741640__event_002,0.010869565217391304,False
tokyo_36487_relational_between,36487,stress_test,relational_between,graph,33,2018_741700__event_002,0.010752688172043012,False
tokyo_36487_relational_between,36487,stress_test,relational_between,graph,34,2018_741689__event_001,0.010638297872340425,False
tokyo_36487_relational_between,36487,stress_test,relational_between,graph,35,2018_741694__event_001,0.010526315789473684,False
tokyo_36487_relational_between,36487,stress_test,relational_between,graph,36,2018_741712__event_002,0.010416666666666666,False
tokyo_36487_relational_between,36487,stress_test,relational_between,graph,37,2018_741708__event_001,0.010309278350515464,False
tokyo_36487_relational_between,36487,stress_test,relational_between,graph,38,2018_741706__event_001,0.01020408163265306,False
tokyo_36487_relational_between,36487,stress_test,relational_between,graph,39,2018_741700__event_003,0.010101010101010102,False
tokyo_36487_relational_between,36487,stress_test,relational_between,graph,40,2018_741694__event_002,0.01,False
tokyo_36487_relational_between,36487,stress_test,relational_between,graph,41,2018_741714__event_002,0.009900990099009901,False
tokyo_36487_relational_between,36487,stress_test,relational_between,graph,42,2018_741689__event_002,0.00980392156862745,False
tokyo_36487_relational_between,36487,stress_test,relational_between,graph,43,2018_741712__event_001,0.009708737864077669,False
tokyo_36487_relational_between,36487,stress_test,relational_between,graph,44,2018_741708__event_004,0.009615384615384616,False
tokyo_36487_relational_between,36487,stress_test,relational_between,graph,45,2018_741700__event_004,0.009523809523809525,False
tokyo_36487_relational_between,36487,stress_test,relational_between,graph,46,2018_741720__event_002,0.009433962264150943,False
tokyo_36487_relational_between,36487,stress_test,relational_between,graph,47,2018_741714__event_003,0.009345794392523364,False
tokyo_36487_relational_between,36487,stress_test,relational_between,graph,48,2018_741714__event_001,0.009259259259259259,False
tokyo_36487_relational_between,36487,stress_test,relational_between,graph,49,2018_741721__event_004,0.009174311926605505,False
tokyo_36487_relational_between,36487,stress_test,relational_between,graph,50,2018_741700__event_001,0.00909090909090909,False
tokyo_36487_relational_between,36487,stress_test,relational_between,graph,51,2018_741711__event_001,0.009009009009009009,False
tokyo_36487_relational_between,36487,stress_test,relational_between,graph,52,2018_741706__event_002,0.008928571428571428,False
tokyo_36487_relational_between,36487,stress_test,relational_between,graph,53,2018_741720__event_001,0.008849557522123894,False
tokyo_36487_relational_between,36487,stress_test,relational_between,graph,54,2018_741711__event_002,0.008771929824561403,False
tokyo_365381_relational_between,365381,stress_test,relational_between,graph,1,2018_3903074__event_001,0.03278688524590164,False
tokyo_365381_relational_between,365381,stress_test,relational_between,graph,2,2018_3903074__event_002,0.03225806451612903,False
tokyo_365381_relational_between,365381,stress_test,relational_between,graph,3,2018_3903075__event_002,0.03149801587301587,False
tokyo_365381_relational_between,365381,stress_test,relational_between,graph,4,2018_3903075__event_003,0.030776515151515152,False
tokyo_365381_relational_between,365381,stress_test,relational_between,graph,5,2018_3903075__event_001,0.03076923076923077,False
tokyo_365381_relational_between,365381,stress_test,relational_between,graph,6,2018_3903074__event_003,0.02886002886002886,False
tokyo_365381_relational_between,365381,stress_test,relational_between,graph,7,2018_3903071__event_002,0.015151515151515152,False
tokyo_365381_relational_between,365381,stress_test,relational_between,graph,8,2018_3903077__event_001,0.014925373134328358,False
tokyo_365381_relational_between,365381,stress_test,relational_between,graph,9,2018_3903071__event_001,0.014705882352941176,False
tokyo_365381_relational_between,365381,stress_test,relational_between,graph,10,2018_3903088__event_002,0.014492753623188406,False
tokyo_365381_relational_between,365381,stress_test,relational_between,graph,11,2018_3903087__event_001,0.014285714285714285,False
tokyo_365381_relational_between,365381,stress_test,relational_between,graph,12,2018_3903087__event_002,0.014084507042253521,False
tokyo_365381_relational_between,365381,stress_test,relational_between,graph,13,2018_3903086__event_001,0.013888888888888888,False
tokyo_365381_relational_between,365381,stress_test,relational_between,graph,14,2018_3903086__event_002,0.0136986301369863,False
tokyo_365381_relational_between,365381,stress_test,relational_between,graph,15,2018_3903077__event_002,0.013513513513513514,False
tokyo_365381_relational_between,365381,stress_test,relational_between,graph,16,2018_3903088__event_001,0.013333333333333334,False
tokyo_365381_relational_between,365381,stress_test,relational_between,graph,17,2018_3903070__event_002,0.013157894736842105,False
tokyo_365381_relational_between,365381,stress_test,relational_between,graph,18,2018_3903070__event_001,0.01282051282051282,False
tokyo_365381_relational_between,365381,stress_test,relational_between,graph,19,2018_3903079__event_002,0.012658227848101266,False
tokyo_365381_relational_between,365381,stress_test,relational_between,graph,20,2018_3903084__event_001,0.0125,False
tokyo_365381_relational_between,365381,stress_test,relational_between,graph,21,2018_3903076__event_002,0.012345679012345678,False
tokyo_365381_relational_between,365381,stress_test,relational_between,graph,22,2018_3903076__event_001,0.012195121951219513,False
tokyo_365381_relational_between,365381,stress_test,relational_between,graph,23,2018_3903084__event_002,0.012048192771084338,False
tokyo_365381_relational_between,365381,stress_test,relational_between,graph,24,2018_3903079__event_001,0.011904761904761904,False
tokyo_41088_relational_between,41088,stress_test,relational_between,graph,1,2018_831017__event_002,0.03278688524590164,True
tokyo_41088_relational_between,41088,stress_test,relational_between,graph,2,2018_830987__event_003,0.031754032258064516,True
tokyo_41088_relational_between,41088,stress_test,relational_between,graph,3,2018_830997__event_003,0.031024531024531024,True
tokyo_41088_relational_between,41088,stress_test,relational_between,graph,4,2018_831010__event_003,0.030330882352941176,True
tokyo_41088_relational_between,41088,stress_test,relational_between,graph,5,2018_831017__event_003,0.030158730158730156,True
tokyo_41088_relational_between,41088,stress_test,relational_between,graph,6,2018_830981__event_003,0.02967032967032967,True
tokyo_41088_relational_between,41088,stress_test,relational_between,graph,7,2018_831017__event_001,0.02964254577157803,True
tokyo_41088_relational_between,41088,stress_test,relational_between,graph,8,2018_830987__event_002,0.028205128205128206,True
tokyo_41088_relational_between,41088,stress_test,relational_between,graph,9,2018_830997__event_002,0.027583600982429624,True
tokyo_41088_relational_between,41088,stress_test,relational_between,graph,10,2018_831010__event_002,0.026687875574407917,True
tokyo_41088_relational_between,41088,stress_test,relational_between,graph,11,2018_830981__event_002,0.0264301860545992,True
tokyo_41088_relational_between,41088,stress_test,relational_between,graph,12,2018_830970__event_002,0.015151515151515152,True
tokyo_41088_relational_between,41088,stress_test,relational_between,graph,13,2018_831020__event_003,0.014925373134328358,True
tokyo_41088_relational_between,41088,stress_test,relational_between,graph,14,2018_831000__event_003,0.014705882352941176,True
tokyo_41088_relational_between,41088,stress_test,relational_between,graph,15,2018_830978__event_003,0.014492753623188406,True
tokyo_41088_relational_between,41088,stress_test,relational_between,graph,16,2018_830969__event_002,0.014084507042253521,True
tokyo_41088_relational_between,41088,stress_test,relational_between,graph,17,2018_830970__event_001,0.013888888888888888,True
tokyo_41088_relational_between,41088,stress_test,relational_between,graph,18,2018_830990__event_002,0.0136986301369863,True
tokyo_41088_relational_between,41088,stress_test,relational_between,graph,19,2018_830992__event_001,0.013333333333333334,True
tokyo_41088_relational_between,41088,stress_test,relational_between,graph,20,2018_831000__event_002,0.013157894736842105,True
tokyo_41088_relational_between,41088,stress_test,relational_between,graph,21,2018_831006__event_001,0.012987012987012988,True
tokyo_41088_relational_between,41088,stress_test,relational_between,graph,22,2018_831020__event_002,0.0125,True
tokyo_41088_relational_between,41088,stress_test,relational_between,graph,23,2018_830978__event_002,0.012048192771084338,True
tokyo_41088_relational_between,41088,stress_test,relational_between,graph,24,2018_830969__event_001,0.011904761904761904,True
tokyo_41088_relational_between,41088,stress_test,relational_between,graph,25,2018_830993__event_001,0.011764705882352941,True
tokyo_41088_relational_between,41088,stress_test,relational_between,graph,26,2018_830990__event_001,0.011627906976744186,True
tokyo_41088_relational_between,41088,stress_test,relational_between,graph,27,2018_830990__event_003,0.011494252873563218,True
tokyo_41088_relational_between,41088,stress_test,relational_between,graph,28,2018_831008__event_001,0.011363636363636364,True
tokyo_41088_relational_between,41088,stress_test,relational_between,graph,29,2018_831006__event_002,0.011235955056179775,True
tokyo_41088_relational_between,41088,stress_test,relational_between,graph,30,2018_830999__event_002,0.011111111111111112,True
tokyo_41088_relational_between,41088,stress_test,relational_between,graph,31,2018_831000__event_001,0.01098901098901099,True
tokyo_41088_relational_between,41088,stress_test,relational_between,graph,32,2018_831026__event_002,0.010869565217391304,True
tokyo_41088_relational_between,41088,stress_test,relational_between,graph,33,2018_830999__event_001,0.010752688172043012,True
tokyo_41088_relational_between,41088,stress_test,relational_between,graph,34,2018_831026__event_001,0.010638297872340425,True
tokyo_41088_relational_between,41088,stress_test,relational_between,graph,35,2018_830978__event_001,0.010526315789473684,True
tokyo_41088_relational_between,41088,stress_test,relational_between,graph,36,2018_830981__event_001,0.010416666666666666,True
tokyo_41088_relational_between,41088,stress_test,relational_between,graph,37,2018_830988__event_002,0.010309278350515464,True
tokyo_41088_relational_between,41088,stress_test,relational_between,graph,38,2018_831034__event_002,0.01020408163265306,True
tokyo_41088_relational_between,41088,stress_test,relational_between,graph,39,2018_830985__event_002,0.010101010101010102,True
tokyo_41088_relational_between,41088,stress_test,relational_between,graph,40,2018_830997__event_001,0.01,True
tokyo_41088_relational_between,41088,stress_test,relational_between,graph,41,2018_831010__event_001,0.009900990099009901,True
tokyo_41088_relational_between,41088,stress_test,relational_between,graph,42,2018_830987__event_001,0.00980392156862745,True
tokyo_41088_relational_between,41088,stress_test,relational_between,graph,43,2018_831032__event_002,0.009708737864077669,True
tokyo_41088_relational_between,41088,stress_test,relational_between,graph,44,2018_831034__event_001,0.009615384615384616,True
tokyo_41088_relational_between,41088,stress_test,relational_between,graph,45,2018_830988__event_001,0.009523809523809525,True
tokyo_41088_relational_between,41088,stress_test,relational_between,graph,46,2018_830972__event_001,0.009433962264150943,True
tokyo_41088_relational_between,41088,stress_test,relational_between,graph,47,2018_830985__event_001,0.009345794392523364,True
tokyo_41088_relational_between,41088,stress_test,relational_between,graph,48,2018_831032__event_001,0.009259259259259259,True
tokyo_41088_relational_between,41088,stress_test,relational_between,graph,49,2018_830993__event_002,0.009174311926605505,True
tokyo_41088_relational_between,41088,stress_test,relational_between,graph,50,2018_830992__event_002,0.00909090909090909,True
tokyo_41088_relational_between,41088,stress_test,relational_between,graph,51,2018_831020__event_001,0.009009009009009009,True
tokyo_41088_relational_between,41088,stress_test,relational_between,graph,52,2018_830972__event_002,0.008928571428571428,True
tokyo_41088_relational_between,41088,stress_test,relational_between,graph,53,2018_831024__event_001,0.008849557522123894,True
tokyo_41088_relational_between,41088,stress_test,relational_between,graph,54,2018_831008__event_002,0.008771929824561403,True
tokyo_41088_relational_between,41088,stress_test,relational_between,graph,55,2018_831024__event_002,0.008695652173913044,True
tokyo_41088_relational_between,41088,stress_test,relational_between,graph,56,2018_830973__event_002,0.008620689655172414,True
tokyo_41088_relational_between,41088,stress_test,relational_between,graph,57,2018_830976__event_003,0.008547008547008548,True
tokyo_41088_relational_between,41088,stress_test,relational_between,graph,58,2018_831031__event_002,0.00847457627118644,True
tokyo_41088_relational_between,41088,stress_test,relational_between,graph,59,2018_831021__event_001,0.008403361344537815,True
tokyo_41088_relational_between,41088,stress_test,relational_between,graph,60,2018_830967__event_001,0.008333333333333333,True
tokyo_41088_relational_between,41088,stress_test,relational_between,graph,61,2018_830973__event_001,0.008264462809917356,True
tokyo_41088_relational_between,41088,stress_test,relational_between,graph,62,2018_831031__event_001,0.00819672131147541,True
tokyo_41088_relational_between,41088,stress_test,relational_between,graph,63,2018_830967__event_002,0.008130081300813009,True
tokyo_41088_relational_between,41088,stress_test,relational_between,graph,64,2018_831021__event_002,0.008064516129032258,True
tokyo_41088_relational_between,41088,stress_test,relational_between,graph,65,2018_831024__event_003,0.008,True
tokyo_41088_relational_between,41088,stress_test,relational_between,graph,66,2018_830966__event_001,0.007936507936507936,True
tokyo_41088_relational_between,41088,stress_test,relational_between,graph,67,2018_830980__event_001,0.007874015748031496,True
tokyo_41088_relational_between,41088,stress_test,relational_between,graph,68,2018_830982__event_001,0.0078125,True
tokyo_41088_relational_between,41088,stress_test,relational_between,graph,69,2018_830983__event_002,0.007751937984496124,True
tokyo_41088_relational_between,41088,stress_test,relational_between,graph,70,2018_830991__event_002,0.007692307692307693,True
tokyo_41088_relational_between,41088,stress_test,relational_between,graph,71,2018_830976__event_002,0.007633587786259542,True
tokyo_41088_relational_between,41088,stress_test,relational_between,graph,72,2018_830983__event_001,0.007575757575757576,True
tokyo_41088_relational_between,41088,stress_test,relational_between,graph,73,2018_830991__event_001,0.007518796992481203,True
tokyo_41088_relational_between,41088,stress_test,relational_between,graph,74,2018_830966__event_002,0.007462686567164179,True
tokyo_41088_relational_between,41088,stress_test,relational_between,graph,75,2018_830982__event_002,0.007407407407407408,True
tokyo_41088_relational_between,41088,stress_test,relational_between,graph,76,2018_830980__event_002,0.007352941176470588,True
tokyo_41088_relational_between,41088,stress_test,relational_between,graph,77,2018_830976__event_001,0.0072992700729927005,True
tokyo_42282_relational_between,42282,stress_test,relational_between,graph,1,2018_852454__event_002,0.03278688524590164,False
tokyo_42282_relational_between,42282,stress_test,relational_between,graph,2,2018_852454__event_003,0.03200204813108039,False
tokyo_42282_relational_between,42282,stress_test,relational_between,graph,3,2018_852454__event_001,0.031754032258064516,False
tokyo_42282_relational_between,42282,stress_test,relational_between,graph,4,2018_852473__event_001,0.03125763125763126,False
tokyo_42282_relational_between,42282,stress_test,relational_between,graph,5,2018_852454__event_004,0.030776515151515152,False
tokyo_42282_relational_between,42282,stress_test,relational_between,graph,6,2018_852473__event_002,0.030536130536130537,False
tokyo_42282_relational_between,42282,stress_test,relational_between,graph,7,2018_852475__event_001,0.014925373134328358,False
tokyo_42282_relational_between,42282,stress_test,relational_between,graph,8,2018_852419__event_001,0.014705882352941176,False
tokyo_42282_relational_between,42282,stress_test,relational_between,graph,9,2018_852419__event_002,0.014492753623188406,False
tokyo_42282_relational_between,42282,stress_test,relational_between,graph,10,2018_852475__event_002,0.014285714285714285,False
tokyo_42282_relational_between,42282,stress_test,relational_between,graph,11,2018_852451__event_001,0.014084507042253521,False
tokyo_42282_relational_between,42282,stress_test,relational_between,graph,12,2018_852420__event_001,0.013888888888888888,False
tokyo_42282_relational_between,42282,stress_test,relational_between,graph,13,2018_852420__event_002,0.0136986301369863,False
tokyo_42282_relational_between,42282,stress_test,relational_between,graph,14,2018_852427__event_002,0.013513513513513514,False
tokyo_42282_relational_between,42282,stress_test,relational_between,graph,15,2018_852451__event_002,0.013333333333333334,False
tokyo_42282_relational_between,42282,stress_test,relational_between,graph,16,2018_852441__event_002,0.013157894736842105,False
tokyo_42282_relational_between,42282,stress_test,relational_between,graph,17,2018_852486__event_001,0.012987012987012988,False
tokyo_42282_relational_between,42282,stress_test,relational_between,graph,18,2018_852486__event_002,0.01282051282051282,False
tokyo_42282_relational_between,42282,stress_test,relational_between,graph,19,2018_852441__event_001,0.012658227848101266,False
tokyo_42282_relational_between,42282,stress_test,relational_between,graph,20,2018_852463__event_002,0.0125,False
tokyo_42282_relational_between,42282,stress_test,relational_between,graph,21,2018_852427__event_001,0.012345679012345678,False
tokyo_42282_relational_between,42282,stress_test,relational_between,graph,22,2018_852463__event_001,0.012195121951219513,False
tokyo_42282_relational_between,42282,stress_test,relational_between,graph,23,2018_852433__event_002,0.012048192771084338,False
tokyo_42282_relational_between,42282,stress_test,relational_between,graph,24,2018_852433__event_001,0.011904761904761904,False
tokyo_44616_relational_between,44616,stress_test,relational_between,graph,1,2018_895858__event_002,0.03278688524590164,False
tokyo_44616_relational_between,44616,stress_test,relational_between,graph,2,2018_895858__event_001,0.03225806451612903,False
tokyo_44616_relational_between,44616,stress_test,relational_between,graph,3,2018_895858__event_003,0.031746031746031744,False
tokyo_44616_relational_between,44616,stress_test,relational_between,graph,4,2018_895857__event_001,0.03125,False
tokyo_44616_relational_between,44616,stress_test,relational_between,graph,5,2018_895859__event_002,0.030536130536130537,False
tokyo_44616_relational_between,44616,stress_test,relational_between,graph,6,2018_895857__event_002,0.02967032967032967,False
tokyo_44616_relational_between,44616,stress_test,relational_between,graph,7,2018_895859__event_003,0.029631255487269532,False
tokyo_44616_relational_between,44616,stress_test,relational_between,graph,8,2018_895859__event_001,0.029418126757516764,False
tokyo_44616_relational_between,44616,stress_test,relational_between,graph,9,2018_895859__event_004,0.015151515151515152,False
tokyo_44616_relational_between,44616,stress_test,relational_between,graph,10,2018_895860__event_001,0.014705882352941176,False
tokyo_44616_relational_between,44616,stress_test,relational_between,graph,11,2018_895852__event_005,0.014084507042253521,False
tokyo_44616_relational_between,44616,stress_test,relational_between,graph,12,2018_895855__event_002,0.013888888888888888,False
tokyo_44616_relational_between,44616,stress_test,relational_between,graph,13,2018_895855__event_003,0.0136986301369863,False
tokyo_44616_relational_between,44616,stress_test,relational_between,graph,14,2018_895860__event_002,0.013513513513513514,False
tokyo_44616_relational_between,44616,stress_test,relational_between,graph,15,2018_895854__event_005,0.013333333333333334,False
tokyo_44616_relational_between,44616,stress_test,relational_between,graph,16,2018_895859__event_005,0.013157894736842105,False
tokyo_44616_relational_between,44616,stress_test,relational_between,graph,17,2018_895852__event_006,0.012987012987012988,False
tokyo_44616_relational_between,44616,stress_test,relational_between,graph,18,2018_895854__event_004,0.01282051282051282,False
tokyo_44616_relational_between,44616,stress_test,relational_between,graph,19,2018_895855__event_004,0.012658227848101266,False
tokyo_44616_relational_between,44616,stress_test,relational_between,graph,20,2018_895852__event_004,0.0125,False
tokyo_44616_relational_between,44616,stress_test,relational_between,graph,21,2018_895860__event_003,0.012345679012345678,False
tokyo_44616_relational_between,44616,stress_test,relational_between,graph,22,2018_895850__event_003,0.012195121951219513,False
tokyo_44616_relational_between,44616,stress_test,relational_between,graph,23,2018_895862__event_003,0.012048192771084338,False
tokyo_44616_relational_between,44616,stress_test,relational_between,graph,24,2018_895855__event_001,0.011904761904761904,False
tokyo_44616_relational_between,44616,stress_test,relational_between,graph,25,2018_895850__event_002,0.011764705882352941,False
tokyo_44616_relational_between,44616,stress_test,relational_between,graph,26,2018_895852__event_007,0.011627906976744186,False
tokyo_44616_relational_between,44616,stress_test,relational_between,graph,27,2018_895850__event_001,0.011494252873563218,False
tokyo_44616_relational_between,44616,stress_test,relational_between,graph,28,2018_895852__event_002,0.011363636363636364,False
tokyo_44616_relational_between,44616,stress_test,relational_between,graph,29,2018_895862__event_002,0.011235955056179775,False
tokyo_44616_relational_between,44616,stress_test,relational_between,graph,30,2018_895854__event_001,0.011111111111111112,False
tokyo_44616_relational_between,44616,stress_test,relational_between,graph,31,2018_895862__event_001,0.01098901098901099,False
tokyo_44616_relational_between,44616,stress_test,relational_between,graph,32,2018_895852__event_001,0.010869565217391304,False
tokyo_44616_relational_between,44616,stress_test,relational_between,graph,33,2018_895854__event_003,0.010752688172043012,False
tokyo_44616_relational_between,44616,stress_test,relational_between,graph,34,2018_895852__event_003,0.010638297872340425,False
tokyo_44616_relational_between,44616,stress_test,relational_between,graph,35,2018_895850__event_004,0.010526315789473684,False
tokyo_44616_relational_between,44616,stress_test,relational_between,graph,36,2018_895854__event_002,0.010416666666666666,False
tokyo_44616_relational_between,44616,stress_test,relational_between,graph,37,2018_895848__event_001,0.010309278350515464,False
tokyo_44616_relational_between,44616,stress_test,relational_between,graph,38,2018_895848__event_002,0.01020408163265306,False
tokyo_44616_relational_between,44616,stress_test,relational_between,graph,39,2018_895848__event_003,0.010101010101010102,False
tokyo_45189_relational_between,45189,stress_test,relational_between,graph,1,2018_907304__event_002,0.03278688524590164,False
tokyo_45189_relational_between,45189,stress_test,relational_between,graph,2,2018_907321__event_001,0.03200204813108039,False
tokyo_45189_relational_between,45189,stress_test,relational_between,graph,3,2018_907304__event_001,0.0315136476426799,False
tokyo_45189_relational_between,45189,stress_test,relational_between,graph,4,2018_907314__event_003,0.03125763125763126,False
tokyo_45189_relational_between,45189,stress_test,relational_between,graph,5,2018_907314__event_001,0.03055037313432836,False
tokyo_45189_relational_between,45189,stress_test,relational_between,graph,6,2018_907321__event_002,0.03055037313432836,False
tokyo_45189_relational_between,45189,stress_test,relational_between,graph,7,2018_907314__event_002,0.030303030303030304,False
tokyo_45189_relational_between,45189,stress_test,relational_between,graph,8,2018_907297__event_002,0.014705882352941176,False
tokyo_45189_relational_between,45189,stress_test,relational_between,graph,9,2018_907297__event_001,0.014492753623188406,False
tokyo_45189_relational_between,45189,stress_test,relational_between,graph,10,2018_907301__event_002,0.014285714285714285,False
tokyo_45189_relational_between,45189,stress_test,relational_between,graph,11,2018_907301__event_001,0.014084507042253521,False
tokyo_45189_relational_between,45189,stress_test,relational_between,graph,12,2018_907299__event_001,0.013888888888888888,False
tokyo_45189_relational_between,45189,stress_test,relational_between,graph,13,2018_907300__event_001,0.0136986301369863,False
tokyo_45189_relational_between,45189,stress_test,relational_between,graph,14,2018_907313__event_003,0.013513513513513514,False
tokyo_45189_relational_between,45189,stress_test,relational_between,graph,15,2018_907299__event_002,0.013333333333333334,False
tokyo_45189_relational_between,45189,stress_test,relational_between,graph,16,2018_907300__event_002,0.013157894736842105,False
tokyo_45189_relational_between,45189,stress_test,relational_between,graph,17,2018_907313__event_004,0.012987012987012988,False
tokyo_45189_relational_between,45189,stress_test,relational_between,graph,18,2018_907322__event_001,0.01282051282051282,False
tokyo_45189_relational_between,45189,stress_test,relational_between,graph,19,2018_907313__event_005,0.012658227848101266,False
tokyo_45189_relational_between,45189,stress_test,relational_between,graph,20,2018_907312__event_001,0.0125,False
tokyo_45189_relational_between,45189,stress_test,relational_between,graph,21,2018_907313__event_001,0.012345679012345678,False
tokyo_45189_relational_between,45189,stress_test,relational_between,graph,22,2018_907312__event_003,0.012195121951219513,False
tokyo_45189_relational_between,45189,stress_test,relational_between,graph,23,2018_907322__event_002,0.012048192771084338,False
tokyo_45189_relational_between,45189,stress_test,relational_between,graph,24,2018_907312__event_002,0.011904761904761904,False
tokyo_45189_relational_between,45189,stress_test,relational_between,graph,25,2018_907313__event_002,0.011764705882352941,False
tokyo_45205_relational_between,45205,stress_test,relational_between,graph,1,2018_907559__event_004,0.03278688524590164,True
tokyo_45205_relational_between,45205,stress_test,relational_between,graph,2,2018_907492__event_003,0.031754032258064516,True
tokyo_45205_relational_between,45205,stress_test,relational_between,graph,3,2018_907559__event_005,0.030798389007344232,True
tokyo_45205_relational_between,45205,stress_test,relational_between,graph,4,2018_907586__event_002,0.030798389007344232,True
tokyo_45205_relational_between,45205,stress_test,relational_between,graph,5,2018_907580__event_002,0.030117753623188408,True
tokyo_45205_relational_between,45205,stress_test,relational_between,graph,6,2018_907554__event_002,0.029273504273504274,True
tokyo_45205_relational_between,45205,stress_test,relational_between,graph,7,2018_907586__event_001,0.028594771241830064,True
tokyo_45205_relational_between,45205,stress_test,relational_between,graph,8,2018_907492__event_004,0.028484848484848488,True
tokyo_45205_relational_between,45205,stress_test,relational_between,graph,9,2018_907580__event_001,0.028370221327967807,True
tokyo_45205_relational_between,45205,stress_test,relational_between,graph,10,2018_907559__event_003,0.0277569392348087,True
tokyo_45205_relational_between,45205,stress_test,relational_between,graph,11,2018_907554__event_003,0.02667140825035562,True
tokyo_45205_relational_between,45205,stress_test,relational_between,graph,12,2018_907492__event_002,0.02455892731122089,True
tokyo_45205_relational_between,45205,stress_test,relational_between,graph,13,2018_907580__event_003,0.023518469306404464,True
tokyo_45205_relational_between,45205,stress_test,relational_between,graph,14,2018_907554__event_001,0.023314014752370917,True
tokyo_45205_relational_between,45205,stress_test,relational_between,graph,15,2018_907587__event_003,0.015151515151515152,True
tokyo_45205_relational_between,45205,stress_test,relational_between,graph,16,2018_907546__event_002,0.014705882352941176,True
tokyo_45205_relational_between,45205,stress_test,relational_between,graph,17,2018_907579__event_002,0.014492753623188406,True
tokyo_45205_relational_between,45205,stress_test,relational_between,graph,18,2018_907544__event_003,0.014285714285714285,True
tokyo_45205_relational_between,45205,stress_test,relational_between,graph,19,2018_907546__event_001,0.0136986301369863,True
tokyo_45205_relational_between,45205,stress_test,relational_between,graph,20,2018_907544__event_004,0.013513513513513514,True
tokyo_45205_relational_between,45205,stress_test,relational_between,graph,21,2018_907587__event_002,0.012987012987012988,True
tokyo_45205_relational_between,45205,stress_test,relational_between,graph,22,2018_907587__event_004,0.01282051282051282,True
tokyo_45205_relational_between,45205,stress_test,relational_between,graph,23,2018_907560__event_006,0.012658227848101266,True
tokyo_45205_relational_between,45205,stress_test,relational_between,graph,24,2018_907581__event_003,0.0125,True
tokyo_45205_relational_between,45205,stress_test,relational_between,graph,25,2018_907546__event_003,0.012345679012345678,True
tokyo_45205_relational_between,45205,stress_test,relational_between,graph,26,2018_907563__event_002,0.012195121951219513,True
tokyo_45205_relational_between,45205,stress_test,relational_between,graph,27,2018_907477__event_001,0.012048192771084338,True
tokyo_45205_relational_between,45205,stress_test,relational_between,graph,28,2018_907488__event_002,0.011904761904761904,True
tokyo_45205_relational_between,45205,stress_test,relational_between,graph,29,2018_907579__event_001,0.011764705882352941,True
tokyo_45205_relational_between,45205,stress_test,relational_between,graph,30,2018_907563__event_003,0.011494252873563218,True
tokyo_45205_relational_between,45205,stress_test,relational_between,graph,31,2018_907565__event_001,0.011363636363636364,True
tokyo_45205_relational_between,45205,stress_test,relational_between,graph,32,2018_907587__event_001,0.011235955056179775,True
tokyo_45205_relational_between,45205,stress_test,relational_between,graph,33,2018_907546__event_004,0.011111111111111112,True
tokyo_45205_relational_between,45205,stress_test,relational_between,graph,34,2018_907502__event_001,0.01098901098901099,True
tokyo_45205_relational_between,45205,stress_test,relational_between,graph,35,2018_907565__event_002,0.010869565217391304,True
tokyo_45205_relational_between,45205,stress_test,relational_between,graph,36,2018_907548__event_001,0.010752688172043012,True
tokyo_45205_relational_between,45205,stress_test,relational_between,graph,37,2018_907560__event_005,0.010638297872340425,True
tokyo_45205_relational_between,45205,stress_test,relational_between,graph,38,2018_907560__event_007,0.010526315789473684,True
tokyo_45205_relational_between,45205,stress_test,relational_between,graph,39,2018_907488__event_001,0.010416666666666666,True
tokyo_45205_relational_between,45205,stress_test,relational_between,graph,40,2018_907531__event_002,0.010309278350515464,True
tokyo_45205_relational_between,45205,stress_test,relational_between,graph,41,2018_907523__event_001,0.01020408163265306,True
tokyo_45205_relational_between,45205,stress_test,relational_between,graph,42,2018_907524__event_002,0.010101010101010102,True
tokyo_45205_relational_between,45205,stress_test,relational_between,graph,43,2018_907530__event_003,0.01,True
tokyo_45205_relational_between,45205,stress_test,relational_between,graph,44,2018_907559__event_006,0.009900990099009901,True
tokyo_45205_relational_between,45205,stress_test,relational_between,graph,45,2018_907499__event_001,0.00980392156862745,True
tokyo_45205_relational_between,45205,stress_test,relational_between,graph,46,2018_907581__event_002,0.009708737864077669,True
tokyo_45205_relational_between,45205,stress_test,relational_between,graph,47,2018_907564__event_003,0.009523809523809525,True
tokyo_45205_relational_between,45205,stress_test,relational_between,graph,48,2018_907583__event_002,0.009345794392523364,True
tokyo_45205_relational_between,45205,stress_test,relational_between,graph,49,2018_907548__event_002,0.009259259259259259,True
tokyo_45205_relational_between,45205,stress_test,relational_between,graph,50,2018_907502__event_002,0.00909090909090909,True
tokyo_45205_relational_between,45205,stress_test,relational_between,graph,51,2018_907475__event_002,0.009009009009009009,True
tokyo_45205_relational_between,45205,stress_test,relational_between,graph,52,2018_907549__event_002,0.008928571428571428,True
tokyo_45205_relational_between,45205,stress_test,relational_between,graph,53,2018_907479__event_003,0.008849557522123894,True
tokyo_45205_relational_between,45205,stress_test,relational_between,graph,54,2018_907489__event_002,0.008771929824561403,True
tokyo_45205_relational_between,45205,stress_test,relational_between,graph,55,2018_907478__event_002,0.008695652173913044,True
tokyo_45205_relational_between,45205,stress_test,relational_between,graph,56,2018_907497__event_002,0.008620689655172414,True
tokyo_45205_relational_between,45205,stress_test,relational_between,graph,57,2018_907481__event_001,0.008547008547008548,True
tokyo_45205_relational_between,45205,stress_test,relational_between,graph,58,2018_907536__event_002,0.00847457627118644,True
tokyo_45205_relational_between,45205,stress_test,relational_between,graph,59,2018_907541__event_002,0.008403361344537815,True
tokyo_45205_relational_between,45205,stress_test,relational_between,graph,60,2018_907543__event_001,0.008333333333333333,True
tokyo_45205_relational_between,45205,stress_test,relational_between,graph,61,2018_907540__event_002,0.008264462809917356,True
tokyo_45205_relational_between,45205,stress_test,relational_between,graph,62,2018_907567__event_002,0.00819672131147541,True
tokyo_45205_relational_between,45205,stress_test,relational_between,graph,63,2018_907529__event_002,0.008130081300813009,True
tokyo_45205_relational_between,45205,stress_test,relational_between,graph,64,2018_907528__event_002,0.008064516129032258,True
tokyo_45205_relational_between,45205,stress_test,relational_between,graph,65,2018_907562__event_001,0.008,True
tokyo_45205_relational_between,45205,stress_test,relational_between,graph,66,2018_907469__event_003,0.007936507936507936,True
tokyo_45205_relational_between,45205,stress_test,relational_between,graph,67,2018_907522__event_001,0.007874015748031496,True
tokyo_45205_relational_between,45205,stress_test,relational_between,graph,68,2018_907477__event_002,0.0078125,True
tokyo_45205_relational_between,45205,stress_test,relational_between,graph,69,2018_907538__event_001,0.007751937984496124,True
tokyo_45205_relational_between,45205,stress_test,relational_between,graph,70,2018_907496__event_001,0.007692307692307693,True
tokyo_45205_relational_between,45205,stress_test,relational_between,graph,71,2018_907576__event_002,0.007633587786259542,True
tokyo_45205_relational_between,45205,stress_test,relational_between,graph,72,2018_907522__event_002,0.007575757575757576,True
tokyo_45205_relational_between,45205,stress_test,relational_between,graph,73,2018_907562__event_002,0.007518796992481203,True
tokyo_45205_relational_between,45205,stress_test,relational_between,graph,74,2018_907579__event_003,0.007462686567164179,True
tokyo_45205_relational_between,45205,stress_test,relational_between,graph,75,2018_907531__event_001,0.007407407407407408,True
tokyo_45205_relational_between,45205,stress_test,relational_between,graph,76,2018_907524__event_001,0.007352941176470588,True
tokyo_45205_relational_between,45205,stress_test,relational_between,graph,77,2018_907489__event_001,0.0072992700729927005,True
tokyo_45205_relational_between,45205,stress_test,relational_between,graph,78,2018_907549__event_001,0.007246376811594203,True
tokyo_45205_relational_between,45205,stress_test,relational_between,graph,79,2018_907497__event_001,0.007194244604316547,True
tokyo_45205_relational_between,45205,stress_test,relational_between,graph,80,2018_907581__event_001,0.007142857142857143,True
tokyo_45205_relational_between,45205,stress_test,relational_between,graph,81,2018_907499__event_002,0.0070921985815602835,True
tokyo_45205_relational_between,45205,stress_test,relational_between,graph,82,2018_907583__event_001,0.007042253521126761,True
tokyo_45205_relational_between,45205,stress_test,relational_between,graph,83,2018_907523__event_002,0.006993006993006993,True
tokyo_45205_relational_between,45205,stress_test,relational_between,graph,84,2018_907530__event_002,0.006944444444444444,True
tokyo_45205_relational_between,45205,stress_test,relational_between,graph,85,2018_907481__event_002,0.006896551724137931,True
tokyo_45205_relational_between,45205,stress_test,relational_between,graph,86,2018_907564__event_002,0.00684931506849315,True
tokyo_45205_relational_between,45205,stress_test,relational_between,graph,87,2018_907475__event_001,0.006802721088435374,True
tokyo_45205_relational_between,45205,stress_test,relational_between,graph,88,2018_907536__event_001,0.006756756756756757,True
tokyo_45205_relational_between,45205,stress_test,relational_between,graph,89,2018_907540__event_001,0.006711409395973154,True
tokyo_45205_relational_between,45205,stress_test,relational_between,graph,90,2018_907541__event_001,0.006666666666666667,True
tokyo_45205_relational_between,45205,stress_test,relational_between,graph,91,2018_907567__event_001,0.006622516556291391,True
tokyo_45205_relational_between,45205,stress_test,relational_between,graph,92,2018_907478__event_001,0.006578947368421052,True
tokyo_45205_relational_between,45205,stress_test,relational_between,graph,93,2018_907520__event_001,0.006535947712418301,True
tokyo_45205_relational_between,45205,stress_test,relational_between,graph,94,2018_907479__event_002,0.006493506493506494,True
tokyo_45205_relational_between,45205,stress_test,relational_between,graph,95,2018_907579__event_004,0.0064516129032258064,True
tokyo_45205_relational_between,45205,stress_test,relational_between,graph,96,2018_907576__event_001,0.00641025641025641,True
tokyo_45205_relational_between,45205,stress_test,relational_between,graph,97,2018_907560__event_004,0.006369426751592357,True
tokyo_45205_relational_between,45205,stress_test,relational_between,graph,98,2018_907528__event_001,0.006329113924050633,True
tokyo_45205_relational_between,45205,stress_test,relational_between,graph,99,2018_907496__event_002,0.006289308176100629,True
tokyo_45205_relational_between,45205,stress_test,relational_between,graph,100,2018_907563__event_001,0.00625,True
tokyo_45205_relational_between,45205,stress_test,relational_between,graph,101,2018_907529__event_001,0.006211180124223602,True
tokyo_45205_relational_between,45205,stress_test,relational_between,graph,102,2018_907559__event_002,0.006172839506172839,True
tokyo_45205_relational_between,45205,stress_test,relational_between,graph,103,2018_907544__event_002,0.006134969325153374,True
tokyo_45205_relational_between,45205,stress_test,relational_between,graph,104,2018_907543__event_002,0.006097560975609756,True
tokyo_45205_relational_between,45205,stress_test,relational_between,graph,105,2018_907538__event_002,0.006060606060606061,True
tokyo_45205_relational_between,45205,stress_test,relational_between,graph,106,2018_907563__event_004,0.006024096385542169,True
tokyo_45205_relational_between,45205,stress_test,relational_between,graph,107,2018_907539__event_001,0.005988023952095809,True
tokyo_45205_relational_between,45205,stress_test,relational_between,graph,108,2018_907488__event_003,0.005952380952380952,True
tokyo_45205_relational_between,45205,stress_test,relational_between,graph,109,2018_907530__event_001,0.005917159763313609,True
tokyo_45205_relational_between,45205,stress_test,relational_between,graph,110,2018_907469__event_002,0.0058823529411764705,True
tokyo_45205_relational_between,45205,stress_test,relational_between,graph,111,2018_907579__event_005,0.005847953216374269,True
tokyo_45205_relational_between,45205,stress_test,relational_between,graph,112,2018_907499__event_003,0.005813953488372093,True
tokyo_45205_relational_between,45205,stress_test,relational_between,graph,113,2018_907468__event_001,0.005780346820809248,True
tokyo_45205_relational_between,45205,stress_test,relational_between,graph,114,2018_907483__event_002,0.005747126436781609,True
tokyo_45205_relational_between,45205,stress_test,relational_between,graph,115,2018_907470__event_001,0.005714285714285714,True
tokyo_45205_relational_between,45205,stress_test,relational_between,graph,116,2018_907508__event_002,0.005681818181818182,True
tokyo_45205_relational_between,45205,stress_test,relational_between,graph,117,2018_907520__event_002,0.005649717514124294,True
tokyo_45205_relational_between,45205,stress_test,relational_between,graph,118,2018_907539__event_002,0.0056179775280898875,True
tokyo_45205_relational_between,45205,stress_test,relational_between,graph,119,2018_907468__event_002,0.00558659217877095,True
tokyo_45205_relational_between,45205,stress_test,relational_between,graph,120,2018_907564__event_001,0.005555555555555556,True
tokyo_45205_relational_between,45205,stress_test,relational_between,graph,121,2018_907470__event_002,0.0055248618784530384,True
tokyo_45205_relational_between,45205,stress_test,relational_between,graph,122,2018_907559__event_001,0.005494505494505495,True
tokyo_45205_relational_between,45205,stress_test,relational_between,graph,123,2018_907470__event_003,0.00546448087431694,True
tokyo_45205_relational_between,45205,stress_test,relational_between,graph,124,2018_907492__event_001,0.005434782608695652,True
tokyo_45205_relational_between,45205,stress_test,relational_between,graph,125,2018_907560__event_003,0.005405405405405406,True
tokyo_45205_relational_between,45205,stress_test,relational_between,graph,126,2018_907508__event_001,0.005376344086021506,True
tokyo_45205_relational_between,45205,stress_test,relational_between,graph,127,2018_907483__event_001,0.0053475935828877,True
tokyo_45205_relational_between,45205,stress_test,relational_between,graph,128,2018_907553__event_001,0.005319148936170213,True
tokyo_45205_relational_between,45205,stress_test,relational_between,graph,129,2018_907560__event_001,0.005291005291005291,True
tokyo_45205_relational_between,45205,stress_test,relational_between,graph,130,2018_907544__event_001,0.005263157894736842,True
tokyo_45205_relational_between,45205,stress_test,relational_between,graph,131,2018_907479__event_001,0.005235602094240838,True
tokyo_45205_relational_between,45205,stress_test,relational_between,graph,132,2018_907560__event_002,0.005208333333333333,True
tokyo_45205_relational_between,45205,stress_test,relational_between,graph,133,2018_907495__event_001,0.0051813471502590676,True
tokyo_45205_relational_between,45205,stress_test,relational_between,graph,134,2018_907495__event_002,0.005154639175257732,True
tokyo_45205_relational_between,45205,stress_test,relational_between,graph,135,2018_907566__event_001,0.005128205128205128,True
tokyo_45205_relational_between,45205,stress_test,relational_between,graph,136,2018_907553__event_002,0.00510204081632653,True
tokyo_45205_relational_between,45205,stress_test,relational_between,graph,137,2018_907498__event_002,0.005076142131979695,True
tokyo_45205_relational_between,45205,stress_test,relational_between,graph,138,2018_907498__event_001,0.005050505050505051,True
tokyo_45205_relational_between,45205,stress_test,relational_between,graph,139,2018_907566__event_002,0.005025125628140704,True
tokyo_45205_relational_between,45205,stress_test,relational_between,graph,140,2018_907469__event_001,0.005,True
tokyo_50046_relational_between,50046,stress_test,relational_between,graph,1,2018_1004024__event_003,0.03278688524590164,True
tokyo_50046_relational_between,50046,stress_test,relational_between,graph,2,2018_1004024__event_002,0.03225806451612903,True
tokyo_50046_relational_between,50046,stress_test,relational_between,graph,3,2018_1004024__event_001,0.031746031746031744,True
tokyo_50046_relational_between,50046,stress_test,relational_between,graph,4,2018_1003995__event_001,0.03125,True
tokyo_50046_relational_between,50046,stress_test,relational_between,graph,5,2018_1003997__event_002,0.030536130536130537,True
tokyo_50046_relational_between,50046,stress_test,relational_between,graph,6,2018_1003995__event_002,0.02804284323271665,True
tokyo_50046_relational_between,50046,stress_test,relational_between,graph,7,2018_1003997__event_001,0.027912386121341344,True
tokyo_50046_relational_between,50046,stress_test,relational_between,graph,8,2018_1003987__event_002,0.015151515151515152,True
tokyo_50046_relational_between,50046,stress_test,relational_between,graph,9,2018_1004044__event_002,0.014925373134328358,True
tokyo_50046_relational_between,50046,stress_test,relational_between,graph,10,2018_1004003__event_001,0.014705882352941176,True
tokyo_50046_relational_between,50046,stress_test,relational_between,graph,11,2018_1004059__event_001,0.014492753623188406,True
tokyo_50046_relational_between,50046,stress_test,relational_between,graph,12,2018_1003999__event_003,0.014285714285714285,True
tokyo_50046_relational_between,50046,stress_test,relational_between,graph,13,2018_1003981__event_002,0.014084507042253521,True
tokyo_50046_relational_between,50046,stress_test,relational_between,graph,14,2018_1003981__event_001,0.013888888888888888,True
tokyo_50046_relational_between,50046,stress_test,relational_between,graph,15,2018_1004003__event_002,0.0136986301369863,True
tokyo_50046_relational_between,50046,stress_test,relational_between,graph,16,2018_1004052__event_001,0.013513513513513514,True
tokyo_50046_relational_between,50046,stress_test,relational_between,graph,17,2018_1004052__event_002,0.013333333333333334,True
tokyo_50046_relational_between,50046,stress_test,relational_between,graph,18,2018_1003987__event_001,0.013157894736842105,True
tokyo_50046_relational_between,50046,stress_test,relational_between,graph,19,2018_1004044__event_001,0.01282051282051282,True
tokyo_50046_relational_between,50046,stress_test,relational_between,graph,20,2018_1004049__event_002,0.0125,True
tokyo_50046_relational_between,50046,stress_test,relational_between,graph,21,2018_1004027__event_001,0.012345679012345678,True
tokyo_50046_relational_between,50046,stress_test,relational_between,graph,22,2018_1004049__event_001,0.012195121951219513,True
tokyo_50046_relational_between,50046,stress_test,relational_between,graph,23,2018_1003976__event_003,0.012048192771084338,True
tokyo_50046_relational_between,50046,stress_test,relational_between,graph,24,2018_1004056__event_002,0.011904761904761904,True
tokyo_50046_relational_between,50046,stress_test,relational_between,graph,25,2018_1003976__event_002,0.011764705882352941,True
tokyo_50046_relational_between,50046,stress_test,relational_between,graph,26,2018_1003999__event_001,0.011627906976744186,True
tokyo_50046_relational_between,50046,stress_test,relational_between,graph,27,2018_1004059__event_002,0.011494252873563218,True
tokyo_50046_relational_between,50046,stress_test,relational_between,graph,28,2018_1004013__event_002,0.011363636363636364,True
tokyo_50046_relational_between,50046,stress_test,relational_between,graph,29,2018_1004054__event_002,0.011235955056179775,True
tokyo_50046_relational_between,50046,stress_test,relational_between,graph,30,2018_1004048__event_002,0.011111111111111112,True
tokyo_50046_relational_between,50046,stress_test,relational_between,graph,31,2018_1003976__event_001,0.01098901098901099,True
tokyo_50046_relational_between,50046,stress_test,relational_between,graph,32,2018_1004027__event_002,0.010869565217391304,True
tokyo_50046_relational_between,50046,stress_test,relational_between,graph,33,2018_1004026__event_001,0.010752688172043012,True
tokyo_50046_relational_between,50046,stress_test,relational_between,graph,34,2018_1004013__event_001,0.010638297872340425,True
tokyo_50046_relational_between,50046,stress_test,relational_between,graph,35,2018_1003971__event_001,0.010526315789473684,True
tokyo_50046_relational_between,50046,stress_test,relational_between,graph,36,2018_1004048__event_001,0.010416666666666666,True
tokyo_50046_relational_between,50046,stress_test,relational_between,graph,37,2018_1004056__event_001,0.010309278350515464,True
tokyo_50046_relational_between,50046,stress_test,relational_between,graph,38,2018_1004026__event_002,0.01020408163265306,True
tokyo_50046_relational_between,50046,stress_test,relational_between,graph,39,2018_1003999__event_002,0.010101010101010102,True
tokyo_50046_relational_between,50046,stress_test,relational_between,graph,40,2018_1003971__event_002,0.01,True
tokyo_50046_relational_between,50046,stress_test,relational_between,graph,41,2018_1004054__event_001,0.009900990099009901,True
tokyo_50046_relational_between,50046,stress_test,relational_between,graph,42,2018_1003993__event_001,0.00980392156862745,True
tokyo_50046_relational_between,50046,stress_test,relational_between,graph,43,2018_1004046__event_001,0.009708737864077669,True
tokyo_50046_relational_between,50046,stress_test,relational_between,graph,44,2018_1003968__event_002,0.009615384615384616,True
tokyo_50046_relational_between,50046,stress_test,relational_between,graph,45,2018_1003993__event_002,0.009523809523809525,True
tokyo_50046_relational_between,50046,stress_test,relational_between,graph,46,2018_1003982__event_002,0.009433962264150943,True
tokyo_50046_relational_between,50046,stress_test,relational_between,graph,47,2018_1004028__event_002,0.009345794392523364,True
tokyo_50046_relational_between,50046,stress_test,relational_between,graph,48,2018_1004027__event_003,0.009259259259259259,True
tokyo_50046_relational_between,50046,stress_test,relational_between,graph,49,2018_1004028__event_001,0.009174311926605505,True
tokyo_50046_relational_between,50046,stress_test,relational_between,graph,50,2018_1004059__event_003,0.00909090909090909,True
tokyo_50046_relational_between,50046,stress_test,relational_between,graph,51,2018_1003968__event_001,0.009009009009009009,True
tokyo_50046_relational_between,50046,stress_test,relational_between,graph,52,2018_1003982__event_001,0.008928571428571428,True
tokyo_50046_relational_between,50046,stress_test,relational_between,graph,53,2018_1004033__event_001,0.008849557522123894,True
tokyo_50046_relational_between,50046,stress_test,relational_between,graph,54,2018_1004046__event_002,0.008771929824561403,True
tokyo_50046_relational_between,50046,stress_test,relational_between,graph,55,2018_1004033__event_002,0.008695652173913044,True
tokyo_51031_relational_between,51031,stress_test,relational_between,graph,1,2018_1023518__event_002,0.03278688524590164,True
tokyo_51031_relational_between,51031,stress_test,relational_between,graph,2,2018_1023518__event_001,0.03225806451612903,True
tokyo_51031_relational_between,51031,stress_test,relational_between,graph,3,2018_1023518__event_003,0.031746031746031744,True
tokyo_51031_relational_between,51031,stress_test,relational_between,graph,4,2018_1023537__event_002,0.03125,True
tokyo_51031_relational_between,51031,stress_test,relational_between,graph,5,2018_1023533__event_002,0.030309988518943745,True
tokyo_51031_relational_between,51031,stress_test,relational_between,graph,6,2018_1023537__event_001,0.02946912242686891,True
tokyo_51031_relational_between,51031,stress_test,relational_between,graph,7,2018_1023533__event_001,0.02786377708978328,True
tokyo_51031_relational_between,51031,stress_test,relational_between,graph,8,2018_1023537__event_003,0.02749719416386083,True
tokyo_51031_relational_between,51031,stress_test,relational_between,graph,9,2018_1023533__event_003,0.024016563146997932,True
tokyo_51031_relational_between,51031,stress_test,relational_between,graph,10,2018_1023517__event_002,0.015151515151515152,True
tokyo_51031_relational_between,51031,stress_test,relational_between,graph,11,2018_1023534__event_001,0.014925373134328358,True
tokyo_51031_relational_between,51031,stress_test,relational_between,graph,12,2018_1023514__event_001,0.014705882352941176,True
tokyo_51031_relational_between,51031,stress_test,relational_between,graph,13,2018_1023538__event_001,0.014492753623188406,True
tokyo_51031_relational_between,51031,stress_test,relational_between,graph,14,2018_1023534__event_002,0.014285714285714285,True
tokyo_51031_relational_between,51031,stress_test,relational_between,graph,15,2018_1023517__event_001,0.013888888888888888,True
tokyo_51031_relational_between,51031,stress_test,relational_between,graph,16,2018_1023514__event_002,0.0136986301369863,True
tokyo_51031_relational_between,51031,stress_test,relational_between,graph,17,2018_1023516__event_001,0.013513513513513514,True
tokyo_51031_relational_between,51031,stress_test,relational_between,graph,18,2018_1023538__event_002,0.013333333333333334,True
tokyo_51031_relational_between,51031,stress_test,relational_between,graph,19,2018_1023542__event_001,0.012987012987012988,True
tokyo_51031_relational_between,51031,stress_test,relational_between,graph,20,2018_1023537__event_004,0.01282051282051282,True
tokyo_51031_relational_between,51031,stress_test,relational_between,graph,21,2018_1023541__event_001,0.012658227848101266,True
tokyo_51031_relational_between,51031,stress_test,relational_between,graph,22,2018_1023522__event_002,0.0125,True
tokyo_51031_relational_between,51031,stress_test,relational_between,graph,23,2018_1023521__event_002,0.012195121951219513,True
tokyo_51031_relational_between,51031,stress_test,relational_between,graph,24,2018_1023532__event_002,0.012048192771084338,True
tokyo_51031_relational_between,51031,stress_test,relational_between,graph,25,2018_1023541__event_002,0.011904761904761904,True
tokyo_51031_relational_between,51031,stress_test,relational_between,graph,26,2018_1023542__event_003,0.011764705882352941,True
tokyo_51031_relational_between,51031,stress_test,relational_between,graph,27,2018_1023542__event_002,0.011627906976744186,True
tokyo_51031_relational_between,51031,stress_test,relational_between,graph,28,2018_1023527__event_002,0.011494252873563218,True
tokyo_51031_relational_between,51031,stress_test,relational_between,graph,29,2018_1023524__event_001,0.011363636363636364,True
tokyo_51031_relational_between,51031,stress_test,relational_between,graph,30,2018_1023525__event_002,0.011235955056179775,True
tokyo_51031_relational_between,51031,stress_test,relational_between,graph,31,2018_1023516__event_002,0.011111111111111112,True
tokyo_51031_relational_between,51031,stress_test,relational_between,graph,32,2018_1023540__event_002,0.01098901098901099,True
tokyo_51031_relational_between,51031,stress_test,relational_between,graph,33,2018_1023527__event_001,0.010869565217391304,True
tokyo_51031_relational_between,51031,stress_test,relational_between,graph,34,2018_1023525__event_001,0.010752688172043012,True
tokyo_51031_relational_between,51031,stress_test,relational_between,graph,35,2018_1023543__event_001,0.010638297872340425,True
tokyo_51031_relational_between,51031,stress_test,relational_between,graph,36,2018_1023542__event_004,0.010526315789473684,True
tokyo_51031_relational_between,51031,stress_test,relational_between,graph,37,2018_1023510__event_001,0.010416666666666666,True
tokyo_51031_relational_between,51031,stress_test,relational_between,graph,38,2018_1023524__event_002,0.010309278350515464,True
tokyo_51031_relational_between,51031,stress_test,relational_between,graph,39,2018_1023540__event_001,0.01020408163265306,True
tokyo_51031_relational_between,51031,stress_test,relational_between,graph,40,2018_1023510__event_002,0.010101010101010102,True
tokyo_51031_relational_between,51031,stress_test,relational_between,graph,41,2018_1023543__event_002,0.01,True
tokyo_51031_relational_between,51031,stress_test,relational_between,graph,42,2018_1023513__event_001,0.009900990099009901,True
tokyo_51031_relational_between,51031,stress_test,relational_between,graph,43,2018_1023513__event_002,0.00980392156862745,True
tokyo_51031_relational_between,51031,stress_test,relational_between,graph,44,2018_1023532__event_001,0.009708737864077669,True
tokyo_51031_relational_between,51031,stress_test,relational_between,graph,45,2018_1023522__event_001,0.009615384615384616,True
tokyo_51031_relational_between,51031,stress_test,relational_between,graph,46,2018_1023521__event_001,0.009433962264150943,True
tokyo_51031_relational_between,51031,stress_test,relational_between,graph,47,2018_1023519__event_001,0.009345794392523364,True
tokyo_51031_relational_between,51031,stress_test,relational_between,graph,48,2018_1023519__event_002,0.009259259259259259,True
tokyo_51031_relational_between,51031,stress_test,relational_between,graph,49,2018_1023513__event_003,0.009174311926605505,True
tokyo_51516_relational_between,51516,stress_test,relational_between,graph,1,2018_1033126__event_002,0.03278688524590164,False
tokyo_51516_relational_between,51516,stress_test,relational_between,graph,2,2018_1033040__event_002,0.031754032258064516,False
tokyo_51516_relational_between,51516,stress_test,relational_between,graph,3,2018_1033126__event_003,0.031746031746031744,False
tokyo_51516_relational_between,51516,stress_test,relational_between,graph,4,2018_1033029__event_001,0.03055037313432836,False
tokyo_51516_relational_between,51516,stress_test,relational_between,graph,5,2018_1033040__event_001,0.030536130536130537,False
tokyo_51516_relational_between,51516,stress_test,relational_between,graph,6,2018_1033126__event_001,0.0304147465437788,False
tokyo_51516_relational_between,51516,stress_test,relational_between,graph,7,2018_1033029__event_002,0.030090497737556562,False
tokyo_51516_relational_between,51516,stress_test,relational_between,graph,8,2018_1033126__event_004,0.03007688828584351,False
tokyo_51516_relational_between,51516,stress_test,relational_between,graph,9,2018_1033029__event_003,0.02782608695652174,False
tokyo_51516_relational_between,51516,stress_test,relational_between,graph,10,2018_1033007__event_001,0.014705882352941176,False
tokyo_51516_relational_between,51516,stress_test,relational_between,graph,11,2018_1033014__event_003,0.014492753623188406,False
tokyo_51516_relational_between,51516,stress_test,relational_between,graph,12,2018_1033064__event_001,0.014084507042253521,False
tokyo_51516_relational_between,51516,stress_test,relational_between,graph,13,2018_1033058__event_001,0.013888888888888888,False
tokyo_51516_relational_between,51516,stress_test,relational_between,graph,14,2018_1033058__event_002,0.0136986301369863,False
tokyo_51516_relational_between,51516,stress_test,relational_between,graph,15,2018_1033007__event_003,0.013513513513513514,False
tokyo_51516_relational_between,51516,stress_test,relational_between,graph,16,2018_1033014__event_001,0.013157894736842105,False
tokyo_51516_relational_between,51516,stress_test,relational_between,graph,17,2018_1033014__event_002,0.012987012987012988,False
tokyo_51516_relational_between,51516,stress_test,relational_between,graph,18,2018_1033114__event_002,0.01282051282051282,False
tokyo_51516_relational_between,51516,stress_test,relational_between,graph,19,2018_1033007__event_002,0.012658227848101266,False
tokyo_51516_relational_between,51516,stress_test,relational_between,graph,20,2018_1033007__event_004,0.0125,False
tokyo_51516_relational_between,51516,stress_test,relational_between,graph,21,2018_1033064__event_002,0.012345679012345678,False
tokyo_51516_relational_between,51516,stress_test,relational_between,graph,22,2018_1033000__event_001,0.012195121951219513,False
tokyo_51516_relational_between,51516,stress_test,relational_between,graph,23,2018_1033115__event_002,0.012048192771084338,False
tokyo_51516_relational_between,51516,stress_test,relational_between,graph,24,2018_1033044__event_001,0.011904761904761904,False
tokyo_51516_relational_between,51516,stress_test,relational_between,graph,25,2018_1033096__event_001,0.011764705882352941,False
tokyo_51516_relational_between,51516,stress_test,relational_between,graph,26,2018_1033000__event_002,0.011627906976744186,False
tokyo_51516_relational_between,51516,stress_test,relational_between,graph,27,2018_1033010__event_001,0.011494252873563218,False
tokyo_51516_relational_between,51516,stress_test,relational_between,graph,28,2018_1033114__event_001,0.011363636363636364,False
tokyo_51516_relational_between,51516,stress_test,relational_between,graph,29,2018_1033010__event_003,0.011235955056179775,False
tokyo_51516_relational_between,51516,stress_test,relational_between,graph,30,2018_1033044__event_002,0.011111111111111112,False
tokyo_51516_relational_between,51516,stress_test,relational_between,graph,31,2018_1033096__event_002,0.01098901098901099,False
tokyo_51516_relational_between,51516,stress_test,relational_between,graph,32,2018_1033115__event_001,0.010869565217391304,False
tokyo_51516_relational_between,51516,stress_test,relational_between,graph,33,2018_1033010__event_002,0.010752688172043012,False
tokyo_52894_relational_between,52894,stress_test,relational_between,graph,1,2018_1058964__event_002,0.03278688524590164,False
tokyo_52894_relational_between,52894,stress_test,relational_between,graph,2,2018_1058964__event_001,0.03225806451612903,False
tokyo_52894_relational_between,52894,stress_test,relational_between,graph,3,2018_1058964__event_003,0.031746031746031744,False
tokyo_52894_relational_between,52894,stress_test,relational_between,graph,4,2018_1058986__event_002,0.03125,False
tokyo_52894_relational_between,52894,stress_test,relational_between,graph,5,2018_1058972__event_001,0.030309988518943745,False
tokyo_52894_relational_between,52894,stress_test,relational_between,graph,6,2018_1058972__event_002,0.02803921568627451,False
tokyo_52894_relational_between,52894,stress_test,relational_between,graph,7,2018_1058986__event_003,0.02749719416386083,False
tokyo_52894_relational_between,52894,stress_test,relational_between,graph,8,2018_1058986__event_001,0.026137303556658397,False
tokyo_52894_relational_between,52894,stress_test,relational_between,graph,9,2018_1058961__event_001,0.015151515151515152,False
tokyo_52894_relational_between,52894,stress_test,relational_between,graph,10,2018_1058963__event_001,0.014925373134328358,False
tokyo_52894_relational_between,52894,stress_test,relational_between,graph,11,2018_1058977__event_001,0.014705882352941176,False
tokyo_52894_relational_between,52894,stress_test,relational_between,graph,12,2018_1058961__event_002,0.014492753623188406,False
tokyo_52894_relational_between,52894,stress_test,relational_between,graph,13,2018_1058960__event_003,0.014285714285714285,False
tokyo_52894_relational_between,52894,stress_test,relational_between,graph,14,2018_1058965__event_001,0.014084507042253521,False
tokyo_52894_relational_between,52894,stress_test,relational_between,graph,15,2018_1058953__event_002,0.013888888888888888,False
tokyo_52894_relational_between,52894,stress_test,relational_between,graph,16,2018_1058980__event_001,0.0136986301369863,False
tokyo_52894_relational_between,52894,stress_test,relational_between,graph,17,2018_1058980__event_002,0.013513513513513514,False
tokyo_52894_relational_between,52894,stress_test,relational_between,graph,18,2018_1058975__event_001,0.013157894736842105,False
tokyo_52894_relational_between,52894,stress_test,relational_between,graph,19,2018_1058974__event_001,0.012987012987012988,False
tokyo_52894_relational_between,52894,stress_test,relational_between,graph,20,2018_1058981__event_001,0.01282051282051282,False
tokyo_52894_relational_between,52894,stress_test,relational_between,graph,21,2018_1058985__event_002,0.012658227848101266,False
tokyo_52894_relational_between,52894,stress_test,relational_between,graph,22,2018_1058958__event_001,0.0125,False
tokyo_52894_relational_between,52894,stress_test,relational_between,graph,23,2018_1058965__event_002,0.012195121951219513,False
tokyo_52894_relational_between,52894,stress_test,relational_between,graph,24,2018_1058953__event_001,0.012048192771084338,False
tokyo_52894_relational_between,52894,stress_test,relational_between,graph,25,2018_1058960__event_001,0.011904761904761904,False
tokyo_52894_relational_between,52894,stress_test,relational_between,graph,26,2018_1058982__event_003,0.011764705882352941,False
tokyo_52894_relational_between,52894,stress_test,relational_between,graph,27,2018_1058963__event_002,0.011627906976744186,False
tokyo_52894_relational_between,52894,stress_test,relational_between,graph,28,2018_1058960__event_002,0.011494252873563218,False
tokyo_52894_relational_between,52894,stress_test,relational_between,graph,29,2018_1058960__event_004,0.011363636363636364,False
tokyo_52894_relational_between,52894,stress_test,relational_between,graph,30,2018_1058985__event_001,0.011235955056179775,False
tokyo_52894_relational_between,52894,stress_test,relational_between,graph,31,2018_1058956__event_002,0.011111111111111112,False
tokyo_52894_relational_between,52894,stress_test,relational_between,graph,32,2018_1058981__event_002,0.01098901098901099,False
tokyo_52894_relational_between,52894,stress_test,relational_between,graph,33,2018_1058975__event_002,0.010869565217391304,False
tokyo_52894_relational_between,52894,stress_test,relational_between,graph,34,2018_1058967__event_002,0.010638297872340425,False
tokyo_52894_relational_between,52894,stress_test,relational_between,graph,35,2018_1058978__event_001,0.010526315789473684,False
tokyo_52894_relational_between,52894,stress_test,relational_between,graph,36,2018_1058982__event_001,0.010416666666666666,False
tokyo_52894_relational_between,52894,stress_test,relational_between,graph,37,2018_1058956__event_001,0.010309278350515464,False
tokyo_52894_relational_between,52894,stress_test,relational_between,graph,38,2018_1058978__event_002,0.01020408163265306,False
tokyo_52894_relational_between,52894,stress_test,relational_between,graph,39,2018_1058977__event_002,0.010101010101010102,False
tokyo_52894_relational_between,52894,stress_test,relational_between,graph,40,2018_1058982__event_002,0.01,False
tokyo_52894_relational_between,52894,stress_test,relational_between,graph,41,2018_1058974__event_002,0.009900990099009901,False
tokyo_52894_relational_between,52894,stress_test,relational_between,graph,42,2018_1058967__event_001,0.00980392156862745,False
tokyo_52894_relational_between,52894,stress_test,relational_between,graph,43,2018_1058958__event_002,0.009708737864077669,False
tokyo_53205_relational_between,53205,stress_test,relational_between,graph,1,2018_1065518__event_002,0.03278688524590164,False
tokyo_53205_relational_between,53205,stress_test,relational_between,graph,2,2018_1065518__event_003,0.03200204813108039,False
tokyo_53205_relational_between,53205,stress_test,relational_between,graph,3,2018_1065518__event_001,0.031754032258064516,False
tokyo_53205_relational_between,53205,stress_test,relational_between,graph,4,2018_1065518__event_004,0.03149801587301587,False
tokyo_53205_relational_between,53205,stress_test,relational_between,graph,5,2018_1065513__event_002,0.03076923076923077,False
tokyo_53205_relational_between,53205,stress_test,relational_between,graph,6,2018_1065513__event_001,0.03007688828584351,False
tokyo_53205_relational_between,53205,stress_test,relational_between,graph,7,2018_1065503__event_001,0.015151515151515152,False
tokyo_53205_relational_between,53205,stress_test,relational_between,graph,8,2018_1065515__event_003,0.014705882352941176,False
tokyo_53205_relational_between,53205,stress_test,relational_between,graph,9,2018_1065533__event_001,0.014492753623188406,False
tokyo_53205_relational_between,53205,stress_test,relational_between,graph,10,2018_1065530__event_001,0.014285714285714285,False
tokyo_53205_relational_between,53205,stress_test,relational_between,graph,11,2018_1065533__event_002,0.014084507042253521,False
tokyo_53205_relational_between,53205,stress_test,relational_between,graph,12,2018_1065515__event_002,0.013888888888888888,False
tokyo_53205_relational_between,53205,stress_test,relational_between,graph,13,2018_1065535__event_001,0.0136986301369863,False
tokyo_53205_relational_between,53205,stress_test,relational_between,graph,14,2018_1065535__event_002,0.013513513513513514,False
tokyo_53205_relational_between,53205,stress_test,relational_between,graph,15,2018_1065503__event_002,0.013333333333333334,False
tokyo_53205_relational_between,53205,stress_test,relational_between,graph,16,2018_1065515__event_001,0.013157894736842105,False
tokyo_53205_relational_between,53205,stress_test,relational_between,graph,17,2018_1065536__event_002,0.012987012987012988,False
tokyo_53205_relational_between,53205,stress_test,relational_between,graph,18,2018_1065520__event_001,0.01282051282051282,False
tokyo_53205_relational_between,53205,stress_test,relational_between,graph,19,2018_1065532__event_003,0.012658227848101266,False
tokyo_53205_relational_between,53205,stress_test,relational_between,graph,20,2018_1065530__event_002,0.0125,False
tokyo_53205_relational_between,53205,stress_test,relational_between,graph,21,2018_1065532__event_002,0.012345679012345678,False
tokyo_53205_relational_between,53205,stress_test,relational_between,graph,22,2018_1065504__event_001,0.012195121951219513,False
tokyo_53205_relational_between,53205,stress_test,relational_between,graph,23,2018_1065530__event_004,0.012048192771084338,False
tokyo_53205_relational_between,53205,stress_test,relational_between,graph,24,2018_1065540__event_003,0.011904761904761904,False
tokyo_53205_relational_between,53205,stress_test,relational_between,graph,25,2018_1065530__event_003,0.011764705882352941,False
tokyo_53205_relational_between,53205,stress_test,relational_between,graph,26,2018_1065536__event_001,0.011627906976744186,False
tokyo_53205_relational_between,53205,stress_test,relational_between,graph,27,2018_1065531__event_001,0.011494252873563218,False
tokyo_53205_relational_between,53205,stress_test,relational_between,graph,28,2018_1065531__event_002,0.011363636363636364,False
tokyo_53205_relational_between,53205,stress_test,relational_between,graph,29,2018_1065504__event_002,0.011235955056179775,False
tokyo_53205_relational_between,53205,stress_test,relational_between,graph,30,2018_1065516__event_001,0.011111111111111112,False
tokyo_53205_relational_between,53205,stress_test,relational_between,graph,31,2018_1065540__event_001,0.01098901098901099,False
tokyo_53205_relational_between,53205,stress_test,relational_between,graph,32,2018_1065501__event_001,0.010869565217391304,False
tokyo_53205_relational_between,53205,stress_test,relational_between,graph,33,2018_1065501__event_003,0.010752688172043012,False
tokyo_53205_relational_between,53205,stress_test,relational_between,graph,34,2018_1065540__event_002,0.010638297872340425,False
tokyo_53205_relational_between,53205,stress_test,relational_between,graph,35,2018_1065511__event_002,0.010526315789473684,False
tokyo_53205_relational_between,53205,stress_test,relational_between,graph,36,2018_1065520__event_002,0.010416666666666666,False
tokyo_53205_relational_between,53205,stress_test,relational_between,graph,37,2018_1065501__event_002,0.010309278350515464,False
tokyo_53205_relational_between,53205,stress_test,relational_between,graph,38,2018_1065516__event_002,0.01020408163265306,False
tokyo_53205_relational_between,53205,stress_test,relational_between,graph,39,2018_1065511__event_001,0.010101010101010102,False
tokyo_53205_relational_between,53205,stress_test,relational_between,graph,40,2018_1065532__event_001,0.01,False
tokyo_53405_relational_between,53405,stress_test,relational_between,graph,1,2018_1069036__event_002,0.03278688524590164,False
tokyo_53405_relational_between,53405,stress_test,relational_between,graph,2,2018_1069036__event_001,0.03200204813108039,False
tokyo_53405_relational_between,53405,stress_test,relational_between,graph,3,2018_1069036__event_003,0.03200204813108039,False
tokyo_53405_relational_between,53405,stress_test,relational_between,graph,4,2018_1068997__event_001,0.03125,False
tokyo_53405_relational_between,53405,stress_test,relational_between,graph,5,2018_1068997__event_002,0.030536130536130537,False
tokyo_53405_relational_between,53405,stress_test,relational_between,graph,6,2018_1069003__event_001,0.030536130536130537,False
tokyo_53405_relational_between,53405,stress_test,relational_between,graph,7,2018_1069003__event_002,0.028438886647841874,False
tokyo_53405_relational_between,53405,stress_test,relational_between,graph,8,2018_1069091__event_001,0.014925373134328358,False
tokyo_53405_relational_between,53405,stress_test,relational_between,graph,9,2018_1069024__event_001,0.014705882352941176,False
tokyo_53405_relational_between,53405,stress_test,relational_between,graph,10,2018_1069067__event_002,0.014492753623188406,False
tokyo_53405_relational_between,53405,stress_test,relational_between,graph,11,2018_1068990__event_002,0.014285714285714285,False
tokyo_53405_relational_between,53405,stress_test,relational_between,graph,12,2018_1069059__event_002,0.014084507042253521,False
tokyo_53405_relational_between,53405,stress_test,relational_between,graph,13,2018_1069091__event_002,0.013888888888888888,False
tokyo_53405_relational_between,53405,stress_test,relational_between,graph,14,2018_1069013__event_001,0.0136986301369863,False
tokyo_53405_relational_between,53405,stress_test,relational_between,graph,15,2018_1069001__event_002,0.013333333333333334,False
tokyo_53405_relational_between,53405,stress_test,relational_between,graph,16,2018_1068990__event_001,0.013157894736842105,False
tokyo_53405_relational_between,53405,stress_test,relational_between,graph,17,2018_1068990__event_003,0.012987012987012988,False
tokyo_53405_relational_between,53405,stress_test,relational_between,graph,18,2018_1069024__event_002,0.01282051282051282,False
tokyo_53405_relational_between,53405,stress_test,relational_between,graph,19,2018_1069067__event_003,0.012658227848101266,False
tokyo_53405_relational_between,53405,stress_test,relational_between,graph,20,2018_1069067__event_001,0.0125,False
tokyo_53405_relational_between,53405,stress_test,relational_between,graph,21,2018_1069001__event_001,0.012345679012345678,False
tokyo_53405_relational_between,53405,stress_test,relational_between,graph,22,2018_1069059__event_003,0.012195121951219513,False
tokyo_53405_relational_between,53405,stress_test,relational_between,graph,23,2018_1069059__event_001,0.012048192771084338,False
tokyo_53405_relational_between,53405,stress_test,relational_between,graph,24,2018_1069067__event_004,0.011904761904761904,False
tokyo_53405_relational_between,53405,stress_test,relational_between,graph,25,2018_1069013__event_002,0.011764705882352941,False
tokyo_53405_relational_between,53405,stress_test,relational_between,graph,26,2018_1069003__event_003,0.011627906976744186,False
tokyo_55985_relational_between,55985,stress_test,relational_between,graph,1,2018_1115811__event_002,0.03278688524590164,False
tokyo_55985_relational_between,55985,stress_test,relational_between,graph,2,2018_1115811__event_003,0.03200204813108039,False
tokyo_55985_relational_between,55985,stress_test,relational_between,graph,3,2018_1115811__event_001,0.0315136476426799,False
tokyo_55985_relational_between,55985,stress_test,relational_between,graph,4,2018_1115809__event_001,0.03149801587301587,False
tokyo_55985_relational_between,55985,stress_test,relational_between,graph,5,2018_1115813__event_001,0.030776515151515152,False
tokyo_55985_relational_between,55985,stress_test,relational_between,graph,6,2018_1115809__event_002,0.02967032967032967,False
tokyo_55985_relational_between,55985,stress_test,relational_between,graph,7,2018_1115813__event_002,0.02900988017658188,False
tokyo_55985_relational_between,55985,stress_test,relational_between,graph,8,2018_1115814__event_003,0.015151515151515152,False
tokyo_55985_relational_between,55985,stress_test,relational_between,graph,9,2018_1115818__event_002,0.014925373134328358,False
tokyo_55985_relational_between,55985,stress_test,relational_between,graph,10,2018_1115814__event_004,0.014705882352941176,False
tokyo_55985_relational_between,55985,stress_test,relational_between,graph,11,2018_1115818__event_003,0.014492753623188406,False
tokyo_55985_relational_between,55985,stress_test,relational_between,graph,12,2018_1115816__event_002,0.013888888888888888,False
tokyo_55985_relational_between,55985,stress_test,relational_between,graph,13,2018_1115818__event_001,0.0136986301369863,False
tokyo_55985_relational_between,55985,stress_test,relational_between,graph,14,2018_1115814__event_002,0.013513513513513514,False
tokyo_55985_relational_between,55985,stress_test,relational_between,graph,15,2018_1115830__event_001,0.013333333333333334,False
tokyo_55985_relational_between,55985,stress_test,relational_between,graph,16,2018_1115816__event_001,0.013157894736842105,False
tokyo_55985_relational_between,55985,stress_test,relational_between,graph,17,2018_1115817__event_002,0.012987012987012988,False
tokyo_55985_relational_between,55985,stress_test,relational_between,graph,18,2018_1115817__event_001,0.01282051282051282,False
tokyo_55985_relational_between,55985,stress_test,relational_between,graph,19,2018_1115830__event_002,0.012658227848101266,False
tokyo_55985_relational_between,55985,stress_test,relational_between,graph,20,2018_1115828__event_002,0.0125,False
tokyo_55985_relational_between,55985,stress_test,relational_between,graph,21,2018_1115823__event_001,0.012345679012345678,False
tokyo_55985_relational_between,55985,stress_test,relational_between,graph,22,2018_1115828__event_001,0.012195121951219513,False
tokyo_55985_relational_between,55985,stress_test,relational_between,graph,23,2018_1115810__event_002,0.012048192771084338,False
tokyo_55985_relational_between,55985,stress_test,relational_between,graph,24,2018_1115829__event_002,0.011904761904761904,False
tokyo_55985_relational_between,55985,stress_test,relational_between,graph,25,2018_1115820__event_001,0.011764705882352941,False
tokyo_55985_relational_between,55985,stress_test,relational_between,graph,26,2018_1115820__event_002,0.011627906976744186,False
tokyo_55985_relational_between,55985,stress_test,relational_between,graph,27,2018_1115829__event_001,0.011494252873563218,False
tokyo_55985_relational_between,55985,stress_test,relational_between,graph,28,2018_1115810__event_001,0.011363636363636364,False
tokyo_55985_relational_between,55985,stress_test,relational_between,graph,29,2018_1115814__event_001,0.011235955056179775,False
tokyo_55985_relational_between,55985,stress_test,relational_between,graph,30,2018_1115823__event_002,0.011111111111111112,False
tokyo_59554_relational_between,59554,stress_test,relational_between,graph,1,2018_1176901__event_001,0.03278688524590164,False
tokyo_59554_relational_between,59554,stress_test,relational_between,graph,2,2018_1176835__event_001,0.03200204813108039,False
tokyo_59554_relational_between,59554,stress_test,relational_between,graph,3,2018_1176879__event_001,0.03125763125763126,False
tokyo_59554_relational_between,59554,stress_test,relational_between,graph,4,2018_1176901__event_002,0.030834914611005692,False
tokyo_59554_relational_between,59554,stress_test,relational_between,graph,5,2018_1176858__event_001,0.03055037313432836,False
tokyo_59554_relational_between,59554,stress_test,relational_between,graph,6,2018_1176835__event_002,0.030117753623188408,False
tokyo_59554_relational_between,59554,stress_test,relational_between,graph,7,2018_1176852__event_001,0.029877369007803793,False
tokyo_59554_relational_between,59554,stress_test,relational_between,graph,8,2018_1176852__event_002,0.029211087420042643,False
tokyo_59554_relational_between,59554,stress_test,relational_between,graph,9,2018_1176879__event_002,0.028665028665028666,False
tokyo_59554_relational_between,59554,stress_test,relational_between,graph,10,2018_1176858__event_002,0.02803921568627451,False
tokyo_59554_relational_between,59554,stress_test,relational_between,graph,11,2018_1176782__event_001,0.015151515151515152,False
tokyo_59554_relational_between,59554,stress_test,relational_between,graph,12,2018_1176864__event_001,0.014285714285714285,False
tokyo_59554_relational_between,59554,stress_test,relational_between,graph,13,2018_1176890__event_002,0.014084507042253521,False
tokyo_59554_relational_between,59554,stress_test,relational_between,graph,14,2018_1176890__event_001,0.013888888888888888,False
tokyo_59554_relational_between,59554,stress_test,relational_between,graph,15,2018_1176782__event_002,0.0136986301369863,False
tokyo_59554_relational_between,59554,stress_test,relational_between,graph,16,2018_1176864__event_002,0.013157894736842105,False
tokyo_59554_relational_between,59554,stress_test,relational_between,graph,17,2018_1176829__event_001,0.012987012987012988,False
tokyo_59554_relational_between,59554,stress_test,relational_between,graph,18,2018_1176840__event_001,0.01282051282051282,False
tokyo_59554_relational_between,59554,stress_test,relational_between,graph,19,2018_1176829__event_002,0.012658227848101266,False
tokyo_59554_relational_between,59554,stress_test,relational_between,graph,20,2018_1176852__event_003,0.0125,False
tokyo_59554_relational_between,59554,stress_test,relational_between,graph,21,2018_1176840__event_002,0.012345679012345678,False
tokyo_59554_relational_between,59554,stress_test,relational_between,graph,22,2018_1176853__event_001,0.012195121951219513,False
tokyo_59554_relational_between,59554,stress_test,relational_between,graph,23,2018_1176853__event_002,0.012048192771084338,False
tokyo_60393_relational_between,60393,stress_test,relational_between,graph,1,2018_1190549__event_002,0.03278688524590164,True
tokyo_60393_relational_between,60393,stress_test,relational_between,graph,2,2018_1190503__event_003,0.031754032258064516,True
tokyo_60393_relational_between,60393,stress_test,relational_between,graph,3,2018_1190539__event_005,0.030798389007344232,True
tokyo_60393_relational_between,60393,stress_test,relational_between,graph,4,2018_1190480__event_003,0.029910714285714284,True
tokyo_60393_relational_between,60393,stress_test,relational_between,graph,5,2018_1190549__event_001,0.02946236559139785,True
tokyo_60393_relational_between,60393,stress_test,relational_between,graph,6,2018_1190583__event_003,0.029273504273504274,True
tokyo_60393_relational_between,60393,stress_test,relational_between,graph,7,2018_1190503__event_004,0.029236022193768675,True
tokyo_60393_relational_between,60393,stress_test,relational_between,graph,8,2018_1190549__event_003,0.029030910609857977,True
tokyo_60393_relational_between,60393,stress_test,relational_between,graph,9,2018_1190539__event_006,0.028381642512077296,True
tokyo_60393_relational_between,60393,stress_test,relational_between,graph,10,2018_1190539__event_004,0.027364110201042444,True
tokyo_60393_relational_between,60393,stress_test,relational_between,graph,11,2018_1190503__event_002,0.027149321266968326,True
tokyo_60393_relational_between,60393,stress_test,relational_between,graph,12,2018_1190480__event_002,0.0264301860545992,True
tokyo_60393_relational_between,60393,stress_test,relational_between,graph,13,2018_1190583__event_004,0.026334026334026334,True
tokyo_60393_relational_between,60393,stress_test,relational_between,graph,14,2018_1190583__event_002,0.025893752088205813,True
tokyo_60393_relational_between,60393,stress_test,relational_between,graph,15,2018_1190503__event_005,0.015151515151515152,True
tokyo_60393_relational_between,60393,stress_test,relational_between,graph,16,2018_1190522__event_002,0.014925373134328358,True
tokyo_60393_relational_between,60393,stress_test,relational_between,graph,17,2018_1190577__event_002,0.014705882352941176,True
tokyo_60393_relational_between,60393,stress_test,relational_between,graph,18,2018_1190518__event_004,0.014492753623188406,True
tokyo_60393_relational_between,60393,stress_test,relational_between,graph,19,2018_1190511__event_002,0.014285714285714285,True
tokyo_60393_relational_between,60393,stress_test,relational_between,graph,20,2018_1190522__event_001,0.0136986301369863,True
tokyo_60393_relational_between,60393,stress_test,relational_between,graph,21,2018_1190577__event_001,0.013513513513513514,True
tokyo_60393_relational_between,60393,stress_test,relational_between,graph,22,2018_1190522__event_003,0.012987012987012988,True
tokyo_60393_relational_between,60393,stress_test,relational_between,graph,23,2018_1190511__event_001,0.0125,True
tokyo_60393_relational_between,60393,stress_test,relational_between,graph,24,2018_1190503__event_006,0.012048192771084338,True
tokyo_60393_relational_between,60393,stress_test,relational_between,graph,25,2018_1190518__event_003,0.011904761904761904,True
tokyo_60393_relational_between,60393,stress_test,relational_between,graph,26,2018_1190577__event_003,0.011627906976744186,True
tokyo_60393_relational_between,60393,stress_test,relational_between,graph,27,2018_1190529__event_002,0.011494252873563218,True
tokyo_60393_relational_between,60393,stress_test,relational_between,graph,28,2018_1190539__event_003,0.011363636363636364,True
tokyo_60393_relational_between,60393,stress_test,relational_between,graph,29,2018_1190496__event_003,0.011235955056179775,True
tokyo_60393_relational_between,60393,stress_test,relational_between,graph,30,2018_1190491__event_002,0.011111111111111112,True
tokyo_60393_relational_between,60393,stress_test,relational_between,graph,31,2018_1190496__event_004,0.01098901098901099,True
tokyo_60393_relational_between,60393,stress_test,relational_between,graph,32,2018_1190496__event_007,0.010869565217391304,True
tokyo_60393_relational_between,60393,stress_test,relational_between,graph,33,2018_1190495__event_003,0.010752688172043012,True
tokyo_60393_relational_between,60393,stress_test,relational_between,graph,34,2018_1190542__event_004,0.010638297872340425,True
tokyo_60393_relational_between,60393,stress_test,relational_between,graph,35,2018_1190542__event_003,0.010526315789473684,True
tokyo_60393_relational_between,60393,stress_test,relational_between,graph,36,2018_1190539__event_007,0.010416666666666666,True
tokyo_60393_relational_between,60393,stress_test,relational_between,graph,37,2018_1190495__event_004,0.010309278350515464,True
tokyo_60393_relational_between,60393,stress_test,relational_between,graph,38,2018_1190539__event_011,0.01020408163265306,True
tokyo_60393_relational_between,60393,stress_test,relational_between,graph,39,2018_1190539__event_010,0.010101010101010102,True
tokyo_60393_relational_between,60393,stress_test,relational_between,graph,40,2018_1190540__event_002,0.01,True
tokyo_60393_relational_between,60393,stress_test,relational_between,graph,41,2018_1190494__event_003,0.009900990099009901,True
tokyo_60393_relational_between,60393,stress_test,relational_between,graph,42,2018_1190532__event_002,0.00980392156862745,True
tokyo_60393_relational_between,60393,stress_test,relational_between,graph,43,2018_1190496__event_005,0.009708737864077669,True
tokyo_60393_relational_between,60393,stress_test,relational_between,graph,44,2018_1190539__event_008,0.009615384615384616,True
tokyo_60393_relational_between,60393,stress_test,relational_between,graph,45,2018_1190540__event_003,0.009523809523809525,True
tokyo_60393_relational_between,60393,stress_test,relational_between,graph,46,2018_1190562__event_001,0.009433962264150943,True
tokyo_60393_relational_between,60393,stress_test,relational_between,graph,47,2018_1190532__event_003,0.009345794392523364,True
tokyo_60393_relational_between,60393,stress_test,relational_between,graph,48,2018_1190496__event_006,0.009259259259259259,True
tokyo_60393_relational_between,60393,stress_test,relational_between,graph,49,2018_1190475__event_003,0.009174311926605505,True
tokyo_60393_relational_between,60393,stress_test,relational_between,graph,50,2018_1190523__event_001,0.00909090909090909,True
tokyo_60393_relational_between,60393,stress_test,relational_between,graph,51,2018_1190491__event_001,0.009009009009009009,True
tokyo_60393_relational_between,60393,stress_test,relational_between,graph,52,2018_1190480__event_001,0.008928571428571428,True
tokyo_60393_relational_between,60393,stress_test,relational_between,graph,53,2018_1190475__event_005,0.008849557522123894,True
tokyo_60393_relational_between,60393,stress_test,relational_between,graph,54,2018_1190496__event_002,0.008771929824561403,True
tokyo_60393_relational_between,60393,stress_test,relational_between,graph,55,2018_1190540__event_001,0.008695652173913044,True
tokyo_60393_relational_between,60393,stress_test,relational_between,graph,56,2018_1190495__event_002,0.008620689655172414,True
tokyo_60393_relational_between,60393,stress_test,relational_between,graph,57,2018_1190532__event_001,0.008547008547008548,True
tokyo_60393_relational_between,60393,stress_test,relational_between,graph,58,2018_1190475__event_004,0.00847457627118644,True
tokyo_60393_relational_between,60393,stress_test,relational_between,graph,59,2018_1190491__event_003,0.008403361344537815,True
tokyo_60393_relational_between,60393,stress_test,relational_between,graph,60,2018_1190489__event_001,0.008333333333333333,True
tokyo_60393_relational_between,60393,stress_test,relational_between,graph,61,2018_1190581__event_001,0.008264462809917356,True
tokyo_60393_relational_between,60393,stress_test,relational_between,graph,62,2018_1190487__event_002,0.00819672131147541,True
tokyo_60393_relational_between,60393,stress_test,relational_between,graph,63,2018_1190539__event_002,0.008130081300813009,True
tokyo_60393_relational_between,60393,stress_test,relational_between,graph,64,2018_1190510__event_001,0.008064516129032258,True
tokyo_60393_relational_between,60393,stress_test,relational_between,graph,65,2018_1190543__event_004,0.008,True
tokyo_60393_relational_between,60393,stress_test,relational_between,graph,66,2018_1190475__event_006,0.007936507936507936,True
tokyo_60393_relational_between,60393,stress_test,relational_between,graph,67,2018_1190494__event_002,0.007874015748031496,True
tokyo_60393_relational_between,60393,stress_test,relational_between,graph,68,2018_1190562__event_002,0.0078125,True
tokyo_60393_relational_between,60393,stress_test,relational_between,graph,69,2018_1190486__event_001,0.007751937984496124,True
tokyo_60393_relational_between,60393,stress_test,relational_between,graph,70,2018_1190510__event_004,0.007692307692307693,True
tokyo_60393_relational_between,60393,stress_test,relational_between,graph,71,2018_1190529__event_001,0.007633587786259542,True
tokyo_60393_relational_between,60393,stress_test,relational_between,graph,72,2018_1190542__event_001,0.007575757575757576,True
tokyo_60393_relational_between,60393,stress_test,relational_between,graph,73,2018_1190540__event_004,0.007518796992481203,True
tokyo_60393_relational_between,60393,stress_test,relational_between,graph,74,2018_1190489__event_002,0.007462686567164179,True
tokyo_60393_relational_between,60393,stress_test,relational_between,graph,75,2018_1190486__event_003,0.007407407407407408,True
tokyo_60393_relational_between,60393,stress_test,relational_between,graph,76,2018_1190581__event_003,0.007352941176470588,True
tokyo_60393_relational_between,60393,stress_test,relational_between,graph,77,2018_1190493__event_002,0.0072992700729927005,True
tokyo_60393_relational_between,60393,stress_test,relational_between,graph,78,2018_1190496__event_001,0.007246376811594203,True
tokyo_60393_relational_between,60393,stress_test,relational_between,graph,79,2018_1190486__event_002,0.007194244604316547,True
tokyo_60393_relational_between,60393,stress_test,relational_between,graph,80,2018_1190583__event_001,0.007142857142857143,True
tokyo_60393_relational_between,60393,stress_test,relational_between,graph,81,2018_1190543__event_003,0.0070921985815602835,True
tokyo_60393_relational_between,60393,stress_test,relational_between,graph,82,2018_1190556__event_001,0.007042253521126761,True
tokyo_60393_relational_between,60393,stress_test,relational_between,graph,83,2018_1190523__event_002,0.006993006993006993,True
tokyo_60393_relational_between,60393,stress_test,relational_between,graph,84,2018_1190519__event_002,0.006944444444444444,True
tokyo_60393_relational_between,60393,stress_test,relational_between,graph,85,2018_1190510__event_002,0.006896551724137931,True
tokyo_60393_relational_between,60393,stress_test,relational_between,graph,86,2018_1190487__event_001,0.00684931506849315,True
tokyo_60393_relational_between,60393,stress_test,relational_between,graph,87,2018_1190581__event_002,0.006802721088435374,True
tokyo_60393_relational_between,60393,stress_test,relational_between,graph,88,2018_1190479__event_001,0.006756756756756757,True
tokyo_60393_relational_between,60393,stress_test,relational_between,graph,89,2018_1190543__event_002,0.006711409395973154,True
tokyo_60393_relational_between,60393,stress_test,relational_between,graph,90,2018_1190543__event_001,0.006666666666666667,True
tokyo_60393_relational_between,60393,stress_test,relational_between,graph,91,2018_1190545__event_001,0.006622516556291391,True
tokyo_60393_relational_between,60393,stress_test,relational_between,graph,92,2018_1190510__event_003,0.006578947368421052,True
tokyo_60393_relational_between,60393,stress_test,relational_between,graph,93,2018_1190494__event_001,0.006535947712418301,True
tokyo_60393_relational_between,60393,stress_test,relational_between,graph,94,2018_1190476__event_003,0.006493506493506494,True
tokyo_60393_relational_between,60393,stress_test,relational_between,graph,95,2018_1190539__event_001,0.0064516129032258064,True
tokyo_60393_relational_between,60393,stress_test,relational_between,graph,96,2018_1190516__event_003,0.00641025641025641,True
tokyo_60393_relational_between,60393,stress_test,relational_between,graph,97,2018_1190493__event_003,0.006369426751592357,True
tokyo_60393_relational_between,60393,stress_test,relational_between,graph,98,2018_1190476__event_002,0.006329113924050633,True
tokyo_60393_relational_between,60393,stress_test,relational_between,graph,99,2018_1190508__event_003,0.006289308176100629,True
tokyo_60393_relational_between,60393,stress_test,relational_between,graph,100,2018_1190542__event_002,0.00625,True
tokyo_60393_relational_between,60393,stress_test,relational_between,graph,101,2018_1190475__event_002,0.006211180124223602,True
tokyo_60393_relational_between,60393,stress_test,relational_between,graph,102,2018_1190539__event_009,0.006172839506172839,True
tokyo_60393_relational_between,60393,stress_test,relational_between,graph,103,2018_1190567__event_002,0.006134969325153374,True
tokyo_60393_relational_between,60393,stress_test,relational_between,graph,104,2018_1190485__event_001,0.006097560975609756,True
tokyo_60393_relational_between,60393,stress_test,relational_between,graph,105,2018_1190516__event_002,0.006060606060606061,True
tokyo_60393_relational_between,60393,stress_test,relational_between,graph,106,2018_1190499__event_004,0.006024096385542169,True
tokyo_60393_relational_between,60393,stress_test,relational_between,graph,107,2018_1190493__event_001,0.005988023952095809,True
tokyo_60393_relational_between,60393,stress_test,relational_between,graph,108,2018_1190567__event_001,0.005952380952380952,True
tokyo_60393_relational_between,60393,stress_test,relational_between,graph,109,2018_1190501__event_001,0.005917159763313609,True
tokyo_60393_relational_between,60393,stress_test,relational_between,graph,110,2018_1190518__event_002,0.0058823529411764705,True
tokyo_60393_relational_between,60393,stress_test,relational_between,graph,111,2018_1190519__event_001,0.005847953216374269,True
tokyo_60393_relational_between,60393,stress_test,relational_between,graph,112,2018_1190512__event_001,0.005813953488372093,True
tokyo_60393_relational_between,60393,stress_test,relational_between,graph,113,2018_1190532__event_004,0.005780346820809248,True
tokyo_60393_relational_between,60393,stress_test,relational_between,graph,114,2018_1190490__event_002,0.005747126436781609,True
tokyo_60393_relational_between,60393,stress_test,relational_between,graph,115,2018_1190476__event_001,0.005714285714285714,True
tokyo_60393_relational_between,60393,stress_test,relational_between,graph,116,2018_1190492__event_001,0.005681818181818182,True
tokyo_60393_relational_between,60393,stress_test,relational_between,graph,117,2018_1190503__event_001,0.005649717514124294,True
tokyo_60393_relational_between,60393,stress_test,relational_between,graph,118,2018_1190547__event_001,0.0056179775280898875,True
tokyo_60393_relational_between,60393,stress_test,relational_between,graph,119,2018_1190493__event_004,0.00558659217877095,True
tokyo_60393_relational_between,60393,stress_test,relational_between,graph,120,2018_1190495__event_001,0.005555555555555556,True
tokyo_60393_relational_between,60393,stress_test,relational_between,graph,121,2018_1190499__event_006,0.0055248618784530384,True
tokyo_60393_relational_between,60393,stress_test,relational_between,graph,122,2018_1190498__event_002,0.005494505494505495,True
tokyo_60393_relational_between,60393,stress_test,relational_between,graph,123,2018_1190508__event_002,0.00546448087431694,True
tokyo_60393_relational_between,60393,stress_test,relational_between,graph,124,2018_1190562__event_003,0.005434782608695652,True
tokyo_60393_relational_between,60393,stress_test,relational_between,graph,125,2018_1190549__event_004,0.005405405405405406,True
tokyo_60393_relational_between,60393,stress_test,relational_between,graph,126,2018_1190540__event_005,0.005376344086021506,True
tokyo_60393_relational_between,60393,stress_test,relational_between,graph,127,2018_1190547__event_002,0.0053475935828877,True
tokyo_60393_relational_between,60393,stress_test,relational_between,graph,128,2018_1190512__event_003,0.005319148936170213,True
tokyo_60393_relational_between,60393,stress_test,relational_between,graph,129,2018_1190479__event_002,0.005291005291005291,True
tokyo_60393_relational_between,60393,stress_test,relational_between,graph,130,2018_1190545__event_002,0.005263157894736842,True
tokyo_60393_relational_between,60393,stress_test,relational_between,graph,131,2018_1190508__event_004,0.005235602094240838,True
tokyo_60393_relational_between,60393,stress_test,relational_between,graph,132,2018_1190485__event_002,0.005208333333333333,True
tokyo_60393_relational_between,60393,stress_test,relational_between,graph,133,2018_1190581__event_004,0.0051813471502590676,True
tokyo_60393_relational_between,60393,stress_test,relational_between,graph,134,2018_1190499__event_005,0.005154639175257732,True
tokyo_60393_relational_between,60393,stress_test,relational_between,graph,135,2018_1190498__event_001,0.005128205128205128,True
tokyo_60393_relational_between,60393,stress_test,relational_between,graph,136,2018_1190499__event_002,0.00510204081632653,True
tokyo_60393_relational_between,60393,stress_test,relational_between,graph,137,2018_1190556__event_002,0.005076142131979695,True
tokyo_60393_relational_between,60393,stress_test,relational_between,graph,138,2018_1190499__event_001,0.005050505050505051,True
tokyo_60393_relational_between,60393,stress_test,relational_between,graph,139,2018_1190512__event_002,0.005025125628140704,True
tokyo_60393_relational_between,60393,stress_test,relational_between,graph,140,2018_1190512__event_004,0.005,True
tokyo_60393_relational_between,60393,stress_test,relational_between,graph,141,2018_1190499__event_003,0.004975124378109453,True
tokyo_60393_relational_between,60393,stress_test,relational_between,graph,142,2018_1190506__event_002,0.0049504950495049506,True
tokyo_60393_relational_between,60393,stress_test,relational_between,graph,143,2018_1190492__event_002,0.0049261083743842365,True
tokyo_60393_relational_between,60393,stress_test,relational_between,graph,144,2018_1190508__event_001,0.004901960784313725,True
tokyo_60393_relational_between,60393,stress_test,relational_between,graph,145,2018_1190501__event_002,0.004878048780487805,True
tokyo_60393_relational_between,60393,stress_test,relational_between,graph,146,2018_1190541__event_002,0.0048543689320388345,True
tokyo_60393_relational_between,60393,stress_test,relational_between,graph,147,2018_1190515__event_002,0.004830917874396135,True
tokyo_60393_relational_between,60393,stress_test,relational_between,graph,148,2018_1190482__event_002,0.004807692307692308,True
tokyo_60393_relational_between,60393,stress_test,relational_between,graph,149,2018_1190541__event_001,0.004784688995215311,True
tokyo_60393_relational_between,60393,stress_test,relational_between,graph,150,2018_1190512__event_006,0.004761904761904762,True
tokyo_60393_relational_between,60393,stress_test,relational_between,graph,151,2018_1190553__event_002,0.004739336492890996,True
tokyo_60393_relational_between,60393,stress_test,relational_between,graph,152,2018_1190515__event_001,0.0047169811320754715,True
tokyo_60393_relational_between,60393,stress_test,relational_between,graph,153,2018_1190490__event_001,0.004694835680751174,True
tokyo_60393_relational_between,60393,stress_test,relational_between,graph,154,2018_1190482__event_001,0.004672897196261682,True
tokyo_60393_relational_between,60393,stress_test,relational_between,graph,155,2018_1190506__event_001,0.004651162790697674,True
tokyo_60393_relational_between,60393,stress_test,relational_between,graph,156,2018_1190516__event_001,0.004629629629629629,True
tokyo_60393_relational_between,60393,stress_test,relational_between,graph,157,2018_1190483__event_002,0.004608294930875576,True
tokyo_60393_relational_between,60393,stress_test,relational_between,graph,158,2018_1190490__event_004,0.0045871559633027525,True
tokyo_60393_relational_between,60393,stress_test,relational_between,graph,159,2018_1190486__event_004,0.0045662100456621,True
tokyo_60393_relational_between,60393,stress_test,relational_between,graph,160,2018_1190478__event_002,0.004545454545454545,True
tokyo_60393_relational_between,60393,stress_test,relational_between,graph,161,2018_1190490__event_003,0.004524886877828055,True
tokyo_60393_relational_between,60393,stress_test,relational_between,graph,162,2018_1190512__event_005,0.0045045045045045045,True
tokyo_60393_relational_between,60393,stress_test,relational_between,graph,163,2018_1190553__event_001,0.004484304932735426,True
tokyo_60393_relational_between,60393,stress_test,relational_between,graph,164,2018_1190478__event_001,0.004464285714285714,True
tokyo_60393_relational_between,60393,stress_test,relational_between,graph,165,2018_1190475__event_001,0.0044444444444444444,True
tokyo_60393_relational_between,60393,stress_test,relational_between,graph,166,2018_1190483__event_001,0.004424778761061947,True
tokyo_60393_relational_between,60393,stress_test,relational_between,graph,167,2018_1190549__event_005,0.004405286343612335,True
tokyo_60393_relational_between,60393,stress_test,relational_between,graph,168,2018_1190518__event_001,0.0043859649122807015,True
tokyo_60393_relational_between,60393,stress_test,relational_between,graph,169,2018_1190533__event_002,0.004366812227074236,True
tokyo_60393_relational_between,60393,stress_test,relational_between,graph,170,2018_1190533__event_001,0.004347826086956522,True
tokyo_70564_relational_between,70564,stress_test,relational_between,graph,1,2018_1332686__event_002,0.03278688524590164,True
tokyo_70564_relational_between,70564,stress_test,relational_between,graph,2,2018_1332686__event_003,0.03200204813108039,True
tokyo_70564_relational_between,70564,stress_test,relational_between,graph,3,2018_1332673__event_002,0.03125763125763126,True
tokyo_70564_relational_between,70564,stress_test,relational_between,graph,4,2018_1332686__event_001,0.031054405392392875,True
tokyo_70564_relational_between,70564,stress_test,relational_between,graph,5,2018_1332693__event_002,0.03055037313432836,True
tokyo_70564_relational_between,70564,stress_test,relational_between,graph,6,2018_1332611__event_004,0.029877369007803793,True
tokyo_70564_relational_between,70564,stress_test,relational_between,graph,7,2018_1332673__event_001,0.02964426877470356,True
tokyo_70564_relational_between,70564,stress_test,relational_between,graph,8,2018_1332693__event_001,0.029411764705882353,True
tokyo_70564_relational_between,70564,stress_test,relational_between,graph,9,2018_1332611__event_003,0.02761904761904762,True
tokyo_70564_relational_between,70564,stress_test,relational_between,graph,10,2018_1332611__event_005,0.027598020555767037,True
tokyo_70564_relational_between,70564,stress_test,relational_between,graph,11,2018_1332686__event_004,0.02637768817204301,True
tokyo_70564_relational_between,70564,stress_test,relational_between,graph,12,2018_1332622__event_002,0.015151515151515152,True
tokyo_70564_relational_between,70564,stress_test,relational_between,graph,13,2018_1332622__event_001,0.014285714285714285,True
tokyo_70564_relational_between,70564,stress_test,relational_between,graph,14,2018_1332669__event_002,0.014084507042253521,True
tokyo_70564_relational_between,70564,stress_test,relational_between,graph,15,2018_1332687__event_001,0.013888888888888888,True
tokyo_70564_relational_between,70564,stress_test,relational_between,graph,16,2018_1332618__event_001,0.0136986301369863,True
tokyo_70564_relational_between,70564,stress_test,relational_between,graph,17,2018_1332680__event_003,0.013157894736842105,True
tokyo_70564_relational_between,70564,stress_test,relational_between,graph,18,2018_1332670__event_001,0.012987012987012988,True
tokyo_70564_relational_between,70564,stress_test,relational_between,graph,19,2018_1332670__event_002,0.01282051282051282,True
tokyo_70564_relational_between,70564,stress_test,relational_between,graph,20,2018_1332680__event_002,0.012658227848101266,True
tokyo_70564_relational_between,70564,stress_test,relational_between,graph,21,2018_1332669__event_001,0.0125,True
tokyo_70564_relational_between,70564,stress_test,relational_between,graph,22,2018_1332713__event_001,0.012345679012345678,True
tokyo_70564_relational_between,70564,stress_test,relational_between,graph,23,2018_1332713__event_002,0.012195121951219513,True
tokyo_70564_relational_between,70564,stress_test,relational_between,graph,24,2018_1332695__event_001,0.012048192771084338,True
tokyo_70564_relational_between,70564,stress_test,relational_between,graph,25,2018_1332692__event_002,0.011904761904761904,True
tokyo_70564_relational_between,70564,stress_test,relational_between,graph,26,2018_1332692__event_003,0.011764705882352941,True
tokyo_70564_relational_between,70564,stress_test,relational_between,graph,27,2018_1332695__event_002,0.011627906976744186,True
tokyo_70564_relational_between,70564,stress_test,relational_between,graph,28,2018_1332692__event_001,0.011494252873563218,True
tokyo_70564_relational_between,70564,stress_test,relational_between,graph,29,2018_1332614__event_001,0.011363636363636364,True
tokyo_70564_relational_between,70564,stress_test,relational_between,graph,30,2018_1332640__event_002,0.011235955056179775,True
tokyo_70564_relational_between,70564,stress_test,relational_between,graph,31,2018_1332643__event_002,0.011111111111111112,True
tokyo_70564_relational_between,70564,stress_test,relational_between,graph,32,2018_1332687__event_002,0.01098901098901099,True
tokyo_70564_relational_between,70564,stress_test,relational_between,graph,33,2018_1332649__event_002,0.010869565217391304,True
tokyo_70564_relational_between,70564,stress_test,relational_between,graph,34,2018_1332692__event_004,0.010638297872340425,True
tokyo_70564_relational_between,70564,stress_test,relational_between,graph,35,2018_1332618__event_002,0.010526315789473684,True
tokyo_70564_relational_between,70564,stress_test,relational_between,graph,36,2018_1332657__event_002,0.010416666666666666,True
tokyo_70564_relational_between,70564,stress_test,relational_between,graph,37,2018_1332622__event_003,0.010309278350515464,True
tokyo_70564_relational_between,70564,stress_test,relational_between,graph,38,2018_1332642__event_001,0.01020408163265306,True
tokyo_70564_relational_between,70564,stress_test,relational_between,graph,39,2018_1332632__event_002,0.010101010101010102,True
tokyo_70564_relational_between,70564,stress_test,relational_between,graph,40,2018_1332644__event_001,0.01,True
tokyo_70564_relational_between,70564,stress_test,relational_between,graph,41,2018_1332637__event_002,0.009900990099009901,True
tokyo_70564_relational_between,70564,stress_test,relational_between,graph,42,2018_1332660__event_003,0.00980392156862745,True
tokyo_70564_relational_between,70564,stress_test,relational_between,graph,43,2018_1332668__event_001,0.009708737864077669,True
tokyo_70564_relational_between,70564,stress_test,relational_between,graph,44,2018_1332641__event_002,0.009615384615384616,True
tokyo_70564_relational_between,70564,stress_test,relational_between,graph,45,2018_1332640__event_001,0.009523809523809525,True
tokyo_70564_relational_between,70564,stress_test,relational_between,graph,46,2018_1332632__event_001,0.009433962264150943,True
tokyo_70564_relational_between,70564,stress_test,relational_between,graph,47,2018_1332643__event_001,0.009345794392523364,True
tokyo_70564_relational_between,70564,stress_test,relational_between,graph,48,2018_1332641__event_001,0.009259259259259259,True
tokyo_70564_relational_between,70564,stress_test,relational_between,graph,49,2018_1332637__event_001,0.009174311926605505,True
tokyo_70564_relational_between,70564,stress_test,relational_between,graph,50,2018_1332649__event_001,0.00909090909090909,True
tokyo_70564_relational_between,70564,stress_test,relational_between,graph,51,2018_1332650__event_001,0.009009009009009009,True
tokyo_70564_relational_between,70564,stress_test,relational_between,graph,52,2018_1332611__event_002,0.008928571428571428,True
tokyo_70564_relational_between,70564,stress_test,relational_between,graph,53,2018_1332668__event_004,0.008849557522123894,True
tokyo_70564_relational_between,70564,stress_test,relational_between,graph,54,2018_1332668__event_003,0.008771929824561403,True
tokyo_70564_relational_between,70564,stress_test,relational_between,graph,55,2018_1332650__event_002,0.008695652173913044,True
tokyo_70564_relational_between,70564,stress_test,relational_between,graph,56,2018_1332658__event_001,0.008620689655172414,True
tokyo_70564_relational_between,70564,stress_test,relational_between,graph,57,2018_1332682__event_001,0.008547008547008548,True
tokyo_70564_relational_between,70564,stress_test,relational_between,graph,58,2018_1332670__event_003,0.00847457627118644,True
tokyo_70564_relational_between,70564,stress_test,relational_between,graph,59,2018_1332657__event_001,0.008403361344537815,True
tokyo_70564_relational_between,70564,stress_test,relational_between,graph,60,2018_1332668__event_002,0.008333333333333333,True
tokyo_70564_relational_between,70564,stress_test,relational_between,graph,61,2018_1332705__event_001,0.008264462809917356,True
tokyo_70564_relational_between,70564,stress_test,relational_between,graph,62,2018_1332630__event_001,0.00819672131147541,True
tokyo_70564_relational_between,70564,stress_test,relational_between,graph,63,2018_1332658__event_002,0.008130081300813009,True
tokyo_70564_relational_between,70564,stress_test,relational_between,graph,64,2018_1332614__event_002,0.008064516129032258,True
tokyo_70564_relational_between,70564,stress_test,relational_between,graph,65,2018_1332645__event_001,0.008,True
tokyo_70564_relational_between,70564,stress_test,relational_between,graph,66,2018_1332660__event_002,0.007936507936507936,True
tokyo_70564_relational_between,70564,stress_test,relational_between,graph,67,2018_1332630__event_002,0.007874015748031496,True
tokyo_70564_relational_between,70564,stress_test,relational_between,graph,68,2018_1332622__event_004,0.0078125,True
tokyo_70564_relational_between,70564,stress_test,relational_between,graph,69,2018_1332660__event_001,0.007751937984496124,True
tokyo_70564_relational_between,70564,stress_test,relational_between,graph,70,2018_1332682__event_002,0.007692307692307693,True
tokyo_70564_relational_between,70564,stress_test,relational_between,graph,71,2018_1332608__event_002,0.007633587786259542,True
tokyo_70564_relational_between,70564,stress_test,relational_between,graph,72,2018_1332680__event_001,0.007575757575757576,True
tokyo_70564_relational_between,70564,stress_test,relational_between,graph,73,2018_1332619__event_001,0.007518796992481203,True
tokyo_70564_relational_between,70564,stress_test,relational_between,graph,74,2018_1332642__event_002,0.007462686567164179,True
tokyo_70564_relational_between,70564,stress_test,relational_between,graph,75,2018_1332644__event_002,0.007407407407407408,True
tokyo_70564_relational_between,70564,stress_test,relational_between,graph,76,2018_1332705__event_002,0.007352941176470588,True
tokyo_70564_relational_between,70564,stress_test,relational_between,graph,77,2018_1332608__event_001,0.0072992700729927005,True
tokyo_70564_relational_between,70564,stress_test,relational_between,graph,78,2018_1332682__event_003,0.007246376811594203,True
tokyo_70564_relational_between,70564,stress_test,relational_between,graph,79,2018_1332645__event_002,0.007194244604316547,True
tokyo_70564_relational_between,70564,stress_test,relational_between,graph,80,2018_1332619__event_002,0.007142857142857143,True
tokyo_70564_relational_between,70564,stress_test,relational_between,graph,81,2018_1332686__event_005,0.0070921985815602835,True
tokyo_70564_relational_between,70564,stress_test,relational_between,graph,82,2018_1332658__event_003,0.007042253521126761,True
tokyo_70564_relational_between,70564,stress_test,relational_between,graph,83,2018_1332689__event_001,0.006993006993006993,True
tokyo_70564_relational_between,70564,stress_test,relational_between,graph,84,2018_1332689__event_002,0.006944444444444444,True
tokyo_70564_relational_between,70564,stress_test,relational_between,graph,85,2018_1332713__event_003,0.006896551724137931,True
tokyo_70564_relational_between,70564,stress_test,relational_between,graph,86,2018_1332619__event_003,0.00684931506849315,True
tokyo_70564_relational_between,70564,stress_test,relational_between,graph,87,2018_1332608__event_003,0.006802721088435374,True
tokyo_70564_relational_between,70564,stress_test,relational_between,graph,88,2018_1332627__event_001,0.006756756756756757,True
tokyo_70564_relational_between,70564,stress_test,relational_between,graph,89,2018_1332617__event_002,0.006711409395973154,True
tokyo_70564_relational_between,70564,stress_test,relational_between,graph,90,2018_1332627__event_002,0.006666666666666667,True
tokyo_70564_relational_between,70564,stress_test,relational_between,graph,91,2018_1332666__event_001,0.006622516556291391,True
tokyo_70564_relational_between,70564,stress_test,relational_between,graph,92,2018_1332617__event_001,0.006578947368421052,True
tokyo_70564_relational_between,70564,stress_test,relational_between,graph,93,2018_1332642__event_003,0.006535947712418301,True
tokyo_70564_relational_between,70564,stress_test,relational_between,graph,94,2018_1332628__event_001,0.006493506493506494,True
tokyo_70564_relational_between,70564,stress_test,relational_between,graph,95,2018_1332662__event_001,0.0064516129032258064,True
tokyo_70564_relational_between,70564,stress_test,relational_between,graph,96,2018_1332623__event_001,0.00641025641025641,True
tokyo_70564_relational_between,70564,stress_test,relational_between,graph,97,2018_1332608__event_004,0.006369426751592357,True
tokyo_70564_relational_between,70564,stress_test,relational_between,graph,98,2018_1332696__event_002,0.006329113924050633,True
tokyo_70564_relational_between,70564,stress_test,relational_between,graph,99,2018_1332666__event_002,0.006289308176100629,True
tokyo_70564_relational_between,70564,stress_test,relational_between,graph,100,2018_1332623__event_002,0.00625,True
tokyo_70564_relational_between,70564,stress_test,relational_between,graph,101,2018_1332696__event_001,0.006211180124223602,True
tokyo_70564_relational_between,70564,stress_test,relational_between,graph,102,2018_1332611__event_001,0.006172839506172839,True
tokyo_70564_relational_between,70564,stress_test,relational_between,graph,103,2018_1332628__event_002,0.006134969325153374,True
tokyo_70564_relational_between,70564,stress_test,relational_between,graph,104,2018_1332662__event_002,0.006097560975609756,True
tokyo_70564_relational_between,70564,stress_test,relational_between,graph,105,2018_1332713__event_004,0.006060606060606061,True
tokyo_70564_relational_between,70564,stress_test,relational_between,graph,106,2018_1332696__event_003,0.006024096385542169,True
tokyo_70703_relational_between,70703,stress_test,relational_between,graph,1,2018_1335105__event_004,0.03278688524590164,False
tokyo_70703_relational_between,70703,stress_test,relational_between,graph,2,2018_1335105__event_003,0.03225806451612903,False
tokyo_70703_relational_between,70703,stress_test,relational_between,graph,3,2018_1335105__event_002,0.03149801587301587,False
tokyo_70703_relational_between,70703,stress_test,relational_between,graph,4,2018_1335110__event_001,0.03149801587301587,False
tokyo_70703_relational_between,70703,stress_test,relational_between,graph,5,2018_1335105__event_001,0.030536130536130537,False
tokyo_70703_relational_between,70703,stress_test,relational_between,graph,6,2018_1335110__event_002,0.030536130536130537,False
tokyo_70703_relational_between,70703,stress_test,relational_between,graph,7,2018_1335089__event_001,0.014925373134328358,False
tokyo_70703_relational_between,70703,stress_test,relational_between,graph,8,2018_1335089__event_002,0.014705882352941176,False
tokyo_70703_relational_between,70703,stress_test,relational_between,graph,9,2018_1335100__event_003,0.014492753623188406,False
tokyo_70703_relational_between,70703,stress_test,relational_between,graph,10,2018_1335107__event_001,0.014285714285714285,False
tokyo_70703_relational_between,70703,stress_test,relational_between,graph,11,2018_1335091__event_003,0.014084507042253521,False
tokyo_70703_relational_between,70703,stress_test,relational_between,graph,12,2018_1335091__event_002,0.013888888888888888,False
tokyo_70703_relational_between,70703,stress_test,relational_between,graph,13,2018_1335116__event_002,0.0136986301369863,False
tokyo_70703_relational_between,70703,stress_test,relational_between,graph,14,2018_1335104__event_001,0.013513513513513514,False
tokyo_70703_relational_between,70703,stress_test,relational_between,graph,15,2018_1335104__event_002,0.013333333333333334,False
tokyo_70703_relational_between,70703,stress_test,relational_between,graph,16,2018_1335107__event_002,0.013157894736842105,False
tokyo_70703_relational_between,70703,stress_test,relational_between,graph,17,2018_1335098__event_001,0.012987012987012988,False
tokyo_70703_relational_between,70703,stress_test,relational_between,graph,18,2018_1335111__event_001,0.01282051282051282,False
tokyo_70703_relational_between,70703,stress_test,relational_between,graph,19,2018_1335093__event_003,0.012658227848101266,False
tokyo_70703_relational_between,70703,stress_test,relational_between,graph,20,2018_1335091__event_001,0.0125,False
tokyo_70703_relational_between,70703,stress_test,relational_between,graph,21,2018_1335093__event_004,0.012345679012345678,False
tokyo_70703_relational_between,70703,stress_test,relational_between,graph,22,2018_1335116__event_001,0.012195121951219513,False
tokyo_70703_relational_between,70703,stress_test,relational_between,graph,23,2018_1335108__event_002,0.012048192771084338,False
tokyo_70703_relational_between,70703,stress_test,relational_between,graph,24,2018_1335093__event_005,0.011904761904761904,False
tokyo_70703_relational_between,70703,stress_test,relational_between,graph,25,2018_1335097__event_003,0.011764705882352941,False
tokyo_70703_relational_between,70703,stress_test,relational_between,graph,26,2018_1335108__event_001,0.011627906976744186,False
tokyo_70703_relational_between,70703,stress_test,relational_between,graph,27,2018_1335096__event_002,0.011494252873563218,False
tokyo_70703_relational_between,70703,stress_test,relational_between,graph,28,2018_1335094__event_001,0.011363636363636364,False
tokyo_70703_relational_between,70703,stress_test,relational_between,graph,29,2018_1335097__event_001,0.011235955056179775,False
tokyo_70703_relational_between,70703,stress_test,relational_between,graph,30,2018_1335111__event_002,0.011111111111111112,False
tokyo_70703_relational_between,70703,stress_test,relational_between,graph,31,2018_1335100__event_002,0.01098901098901099,False
tokyo_70703_relational_between,70703,stress_test,relational_between,graph,32,2018_1335093__event_001,0.010869565217391304,False
tokyo_70703_relational_between,70703,stress_test,relational_between,graph,33,2018_1335087__event_002,0.010752688172043012,False
tokyo_70703_relational_between,70703,stress_test,relational_between,graph,34,2018_1335098__event_002,0.010638297872340425,False
tokyo_70703_relational_between,70703,stress_test,relational_between,graph,35,2018_1335099__event_001,0.010526315789473684,False
tokyo_70703_relational_between,70703,stress_test,relational_between,graph,36,2018_1335111__event_003,0.010416666666666666,False
tokyo_70703_relational_between,70703,stress_test,relational_between,graph,37,2018_1335111__event_004,0.010309278350515464,False
tokyo_70703_relational_between,70703,stress_test,relational_between,graph,38,2018_1335093__event_002,0.01020408163265306,False
tokyo_70703_relational_between,70703,stress_test,relational_between,graph,39,2018_1335099__event_002,0.010101010101010102,False
tokyo_70703_relational_between,70703,stress_test,relational_between,graph,40,2018_1335096__event_001,0.01,False
tokyo_70703_relational_between,70703,stress_test,relational_between,graph,41,2018_1335094__event_002,0.009900990099009901,False
tokyo_70703_relational_between,70703,stress_test,relational_between,graph,42,2018_1335100__event_001,0.00980392156862745,False
tokyo_70703_relational_between,70703,stress_test,relational_between,graph,43,2018_1335099__event_003,0.009708737864077669,False
tokyo_70703_relational_between,70703,stress_test,relational_between,graph,44,2018_1335087__event_001,0.009615384615384616,False
tokyo_70703_relational_between,70703,stress_test,relational_between,graph,45,2018_1335097__event_002,0.009523809523809525,False
tokyo_70703_relational_between,70703,stress_test,relational_between,graph,46,2018_1335109__event_002,0.009433962264150943,False
tokyo_70703_relational_between,70703,stress_test,relational_between,graph,47,2018_1335109__event_001,0.009345794392523364,False
tokyo_72210_relational_between,72210,stress_test,relational_between,graph,1,2018_1357857__event_002,0.03278688524590164,False
tokyo_72210_relational_between,72210,stress_test,relational_between,graph,2,2018_1357857__event_003,0.03200204813108039,False
tokyo_72210_relational_between,72210,stress_test,relational_between,graph,3,2018_1357857__event_001,0.031754032258064516,False
tokyo_72210_relational_between,72210,stress_test,relational_between,graph,4,2018_1357883__event_002,0.03125763125763126,False
tokyo_72210_relational_between,72210,stress_test,relational_between,graph,5,2018_1357857__event_004,0.030776515151515152,False
tokyo_72210_relational_between,72210,stress_test,relational_between,graph,6,2018_1357878__event_002,0.030309988518943745,False
tokyo_72210_relational_between,72210,stress_test,relational_between,graph,7,2018_1357883__event_001,0.03007688828584351,False
tokyo_72210_relational_between,72210,stress_test,relational_between,graph,8,2018_1357878__event_001,0.028790389395194696,False
tokyo_72210_relational_between,72210,stress_test,relational_between,graph,9,2018_1357863__event_002,0.014705882352941176,False
tokyo_72210_relational_between,72210,stress_test,relational_between,graph,10,2018_1357875__event_003,0.014492753623188406,False
tokyo_72210_relational_between,72210,stress_test,relational_between,graph,11,2018_1357865__event_001,0.014285714285714285,False
tokyo_72210_relational_between,72210,stress_test,relational_between,graph,12,2018_1357877__event_001,0.013888888888888888,False
tokyo_72210_relational_between,72210,stress_test,relational_between,graph,13,2018_1357863__event_001,0.0136986301369863,False
tokyo_72210_relational_between,72210,stress_test,relational_between,graph,14,2018_1357865__event_002,0.013513513513513514,False
tokyo_72210_relational_between,72210,stress_test,relational_between,graph,15,2018_1357856__event_002,0.013333333333333334,False
tokyo_72210_relational_between,72210,stress_test,relational_between,graph,16,2018_1357875__event_002,0.013157894736842105,False
tokyo_72210_relational_between,72210,stress_test,relational_between,graph,17,2018_1357866__event_001,0.012987012987012988,False
tokyo_72210_relational_between,72210,stress_test,relational_between,graph,18,2018_1357866__event_002,0.01282051282051282,False
tokyo_72210_relational_between,72210,stress_test,relational_between,graph,19,2018_1357892__event_001,0.012658227848101266,False
tokyo_72210_relational_between,72210,stress_test,relational_between,graph,20,2018_1357857__event_005,0.0125,False
tokyo_72210_relational_between,72210,stress_test,relational_between,graph,21,2018_1357875__event_001,0.012345679012345678,False
tokyo_72210_relational_between,72210,stress_test,relational_between,graph,22,2018_1357855__event_003,0.012195121951219513,False
tokyo_72210_relational_between,72210,stress_test,relational_between,graph,23,2018_1357876__event_002,0.012048192771084338,False
tokyo_72210_relational_between,72210,stress_test,relational_between,graph,24,2018_1357855__event_001,0.011904761904761904,False
tokyo_72210_relational_between,72210,stress_test,relational_between,graph,25,2018_1357855__event_002,0.011764705882352941,False
tokyo_72210_relational_between,72210,stress_test,relational_between,graph,26,2018_1357877__event_002,0.011627906976744186,False
tokyo_72210_relational_between,72210,stress_test,relational_between,graph,27,2018_1357856__event_001,0.011494252873563218,False
tokyo_72210_relational_between,72210,stress_test,relational_between,graph,28,2018_1357856__event_003,0.011363636363636364,False
tokyo_72210_relational_between,72210,stress_test,relational_between,graph,29,2018_1357880__event_001,0.011235955056179775,False
tokyo_72210_relational_between,72210,stress_test,relational_between,graph,30,2018_1357880__event_002,0.011111111111111112,False
tokyo_72210_relational_between,72210,stress_test,relational_between,graph,31,2018_1357892__event_002,0.01098901098901099,False
tokyo_72210_relational_between,72210,stress_test,relational_between,graph,32,2018_1357892__event_003,0.010869565217391304,False
tokyo_72210_relational_between,72210,stress_test,relational_between,graph,33,2018_1357876__event_001,0.010752688172043012,False
tokyo_72210_relational_between,72210,stress_test,relational_between,graph,34,2018_1357894__event_002,0.010638297872340425,False
tokyo_72210_relational_between,72210,stress_test,relational_between,graph,35,2018_1357894__event_001,0.010526315789473684,False
tokyo_72444_relational_between,72444,stress_test,relational_between,graph,1,2018_1361371__event_003,0.03278688524590164,False
tokyo_72444_relational_between,72444,stress_test,relational_between,graph,2,2018_1361371__event_002,0.03225806451612903,False
tokyo_72444_relational_between,72444,stress_test,relational_between,graph,3,2018_1361355__event_002,0.03149801587301587,False
tokyo_72444_relational_between,72444,stress_test,relational_between,graph,4,2018_1361371__event_001,0.03125763125763126,False
tokyo_72444_relational_between,72444,stress_test,relational_between,graph,5,2018_1361355__event_001,0.031009615384615385,False
tokyo_72444_relational_between,72444,stress_test,relational_between,graph,6,2018_1361355__event_003,0.030303030303030304,False
tokyo_72444_relational_between,72444,stress_test,relational_between,graph,7,2018_1361416__event_002,0.014925373134328358,False
tokyo_72444_relational_between,72444,stress_test,relational_between,graph,8,2018_1361372__event_002,0.014705882352941176,False
tokyo_72444_relational_between,72444,stress_test,relational_between,graph,9,2018_1361390__event_001,0.014492753623188406,False
tokyo_72444_relational_between,72444,stress_test,relational_between,graph,10,2018_1361390__event_002,0.014285714285714285,False
tokyo_72444_relational_between,72444,stress_test,relational_between,graph,11,2018_1361378__event_002,0.014084507042253521,False
tokyo_72444_relational_between,72444,stress_test,relational_between,graph,12,2018_1361378__event_001,0.013888888888888888,False
tokyo_72444_relational_between,72444,stress_test,relational_between,graph,13,2018_1361354__event_001,0.0136986301369863,False
tokyo_72444_relational_between,72444,stress_test,relational_between,graph,14,2018_1361413__event_001,0.013513513513513514,False
tokyo_72444_relational_between,72444,stress_test,relational_between,graph,15,2018_1361348__event_002,0.013333333333333334,False
tokyo_72444_relational_between,72444,stress_test,relational_between,graph,16,2018_1361355__event_006,0.013157894736842105,False
tokyo_72444_relational_between,72444,stress_test,relational_between,graph,17,2018_1361416__event_001,0.012987012987012988,False
tokyo_72444_relational_between,72444,stress_test,relational_between,graph,18,2018_1361392__event_002,0.01282051282051282,False
tokyo_72444_relational_between,72444,stress_test,relational_between,graph,19,2018_1361404__event_002,0.012658227848101266,False
tokyo_72444_relational_between,72444,stress_test,relational_between,graph,20,2018_1361394__event_001,0.0125,False
tokyo_72444_relational_between,72444,stress_test,relational_between,graph,21,2018_1361372__event_001,0.012345679012345678,False
tokyo_72444_relational_between,72444,stress_test,relational_between,graph,22,2018_1361355__event_005,0.012195121951219513,False
tokyo_72444_relational_between,72444,stress_test,relational_between,graph,23,2018_1361413__event_002,0.012048192771084338,False
tokyo_72444_relational_between,72444,stress_test,relational_between,graph,24,2018_1361404__event_001,0.011904761904761904,False
tokyo_72444_relational_between,72444,stress_test,relational_between,graph,25,2018_1361348__event_001,0.011764705882352941,False
tokyo_72444_relational_between,72444,stress_test,relational_between,graph,26,2018_1361354__event_002,0.011627906976744186,False
tokyo_72444_relational_between,72444,stress_test,relational_between,graph,27,2018_1361355__event_004,0.011494252873563218,False
tokyo_72444_relational_between,72444,stress_test,relational_between,graph,28,2018_1361394__event_002,0.011363636363636364,False
tokyo_72444_relational_between,72444,stress_test,relational_between,graph,29,2018_1361392__event_001,0.011235955056179775,False
tokyo_74188_relational_between,74188,stress_test,relational_between,graph,1,2018_1388327__event_003,0.03278688524590164,False
tokyo_74188_relational_between,74188,stress_test,relational_between,graph,2,2018_1388327__event_002,0.03200204813108039,False
tokyo_74188_relational_between,74188,stress_test,relational_between,graph,3,2018_1388327__event_004,0.03200204813108039,False
tokyo_74188_relational_between,74188,stress_test,relational_between,graph,4,2018_1388327__event_001,0.031009615384615385,False
tokyo_74188_relational_between,74188,stress_test,relational_between,graph,5,2018_1388327__event_005,0.031009615384615385,False
tokyo_74188_relational_between,74188,stress_test,relational_between,graph,6,2018_1388323__event_006,0.015151515151515152,False
tokyo_74188_relational_between,74188,stress_test,relational_between,graph,7,2018_1388323__event_004,0.014925373134328358,False
tokyo_74188_relational_between,74188,stress_test,relational_between,graph,8,2018_1388323__event_005,0.014705882352941176,False
tokyo_74188_relational_between,74188,stress_test,relational_between,graph,9,2018_1388323__event_007,0.014492753623188406,False
tokyo_74188_relational_between,74188,stress_test,relational_between,graph,10,2018_1388346__event_001,0.014285714285714285,False
tokyo_74188_relational_between,74188,stress_test,relational_between,graph,11,2018_1388298__event_001,0.014084507042253521,False
tokyo_74188_relational_between,74188,stress_test,relational_between,graph,12,2018_1388306__event_002,0.013888888888888888,False
tokyo_74188_relational_between,74188,stress_test,relational_between,graph,13,2018_1388306__event_001,0.0136986301369863,False
tokyo_74188_relational_between,74188,stress_test,relational_between,graph,14,2018_1388323__event_003,0.013513513513513514,False
tokyo_74188_relational_between,74188,stress_test,relational_between,graph,15,2018_1388323__event_001,0.013333333333333334,False
tokyo_74188_relational_between,74188,stress_test,relational_between,graph,16,2018_1388347__event_001,0.013157894736842105,False
tokyo_74188_relational_between,74188,stress_test,relational_between,graph,17,2018_1388310__event_002,0.012987012987012988,False
tokyo_74188_relational_between,74188,stress_test,relational_between,graph,18,2018_1388347__event_002,0.01282051282051282,False
tokyo_74188_relational_between,74188,stress_test,relational_between,graph,19,2018_1388310__event_001,0.012658227848101266,False
tokyo_74188_relational_between,74188,stress_test,relational_between,graph,20,2018_1388298__event_002,0.0125,False
tokyo_74188_relational_between,74188,stress_test,relational_between,graph,21,2018_1388318__event_001,0.012345679012345678,False
tokyo_74188_relational_between,74188,stress_test,relational_between,graph,22,2018_1388346__event_002,0.012195121951219513,False
tokyo_74188_relational_between,74188,stress_test,relational_between,graph,23,2018_1388323__event_002,0.012048192771084338,False
tokyo_74188_relational_between,74188,stress_test,relational_between,graph,24,2018_1388319__event_001,0.011904761904761904,False
tokyo_74188_relational_between,74188,stress_test,relational_between,graph,25,2018_1388319__event_002,0.011764705882352941,False
tokyo_74188_relational_between,74188,stress_test,relational_between,graph,26,2018_1388318__event_003,0.011627906976744186,False
tokyo_74188_relational_between,74188,stress_test,relational_between,graph,27,2018_1388306__event_003,0.011494252873563218,False
tokyo_74188_relational_between,74188,stress_test,relational_between,graph,28,2018_1388346__event_003,0.011363636363636364,False
tokyo_74188_relational_between,74188,stress_test,relational_between,graph,29,2018_1388313__event_001,0.011235955056179775,False
tokyo_74188_relational_between,74188,stress_test,relational_between,graph,30,2018_1388318__event_002,0.011111111111111112,False
tokyo_74188_relational_between,74188,stress_test,relational_between,graph,31,2018_1388319__event_003,0.01098901098901099,False
tokyo_74188_relational_between,74188,stress_test,relational_between,graph,32,2018_1388313__event_002,0.010869565217391304,False
tokyo_74188_relational_between,74188,stress_test,relational_between,graph,33,2018_1388307__event_003,0.010752688172043012,False
tokyo_74188_relational_between,74188,stress_test,relational_between,graph,34,2018_1388329__event_002,0.010638297872340425,False
tokyo_74188_relational_between,74188,stress_test,relational_between,graph,35,2018_1388329__event_001,0.010526315789473684,False
tokyo_74188_relational_between,74188,stress_test,relational_between,graph,36,2018_1388307__event_002,0.010416666666666666,False
tokyo_74188_relational_between,74188,stress_test,relational_between,graph,37,2018_1388307__event_001,0.010309278350515464,False
tokyo_74188_relational_between,74188,stress_test,relational_between,graph,38,2018_1388299__event_002,0.01020408163265306,False
tokyo_74188_relational_between,74188,stress_test,relational_between,graph,39,2018_1388299__event_001,0.010101010101010102,False
tokyo_74982_relational_between,74982,stress_test,relational_between,graph,1,2018_1402555__event_002,0.03278688524590164,False
tokyo_74982_relational_between,74982,stress_test,relational_between,graph,2,2018_1402555__event_001,0.031754032258064516,False
tokyo_74982_relational_between,74982,stress_test,relational_between,graph,3,2018_1402558__event_001,0.031754032258064516,False
tokyo_74982_relational_between,74982,stress_test,relational_between,graph,4,2018_1402555__event_003,0.031746031746031744,False
tokyo_74982_relational_between,74982,stress_test,relational_between,graph,5,2018_1402558__event_002,0.03076923076923077,False
tokyo_74982_relational_between,74982,stress_test,relational_between,graph,6,2018_1402590__event_002,0.015151515151515152,False
tokyo_74982_relational_between,74982,stress_test,relational_between,graph,7,2018_1402590__event_001,0.014925373134328358,False
tokyo_74982_relational_between,74982,stress_test,relational_between,graph,8,2018_1402572__event_001,0.014705882352941176,False
tokyo_74982_relational_between,74982,stress_test,relational_between,graph,9,2018_1402547__event_001,0.014492753623188406,False
tokyo_74982_relational_between,74982,stress_test,relational_between,graph,10,2018_1402590__event_003,0.014285714285714285,False
tokyo_74982_relational_between,74982,stress_test,relational_between,graph,11,2018_1402575__event_002,0.014084507042253521,False
tokyo_74982_relational_between,74982,stress_test,relational_between,graph,12,2018_1402573__event_001,0.013888888888888888,False
tokyo_74982_relational_between,74982,stress_test,relational_between,graph,13,2018_1402586__event_002,0.0136986301369863,False
tokyo_74982_relational_between,74982,stress_test,relational_between,graph,14,2018_1402575__event_001,0.013513513513513514,False
tokyo_74982_relational_between,74982,stress_test,relational_between,graph,15,2018_1402586__event_001,0.013333333333333334,False
tokyo_74982_relational_between,74982,stress_test,relational_between,graph,16,2018_1402573__event_002,0.013157894736842105,False
tokyo_74982_relational_between,74982,stress_test,relational_between,graph,17,2018_1402547__event_002,0.012987012987012988,False
tokyo_74982_relational_between,74982,stress_test,relational_between,graph,18,2018_1402572__event_002,0.01282051282051282,False
tokyo_74982_relational_between,74982,stress_test,relational_between,graph,19,2018_1402556__event_001,0.012658227848101266,False
tokyo_74982_relational_between,74982,stress_test,relational_between,graph,20,2018_1402556__event_002,0.0125,False
tokyo_74982_relational_between,74982,stress_test,relational_between,graph,21,2018_1402572__event_003,0.012345679012345678,False
tokyo_74982_relational_between,74982,stress_test,relational_between,graph,22,2018_1402609__event_001,0.012195121951219513,False
tokyo_74982_relational_between,74982,stress_test,relational_between,graph,23,2018_1402609__event_002,0.012048192771084338,False
tokyo_74982_relational_between,74982,stress_test,relational_between,graph,24,2018_1402572__event_004,0.011904761904761904,False
tokyo_78286_relational_between,78286,stress_test,relational_between,graph,1,2018_1453186__event_002,0.03278688524590164,True
tokyo_78286_relational_between,78286,stress_test,relational_between,graph,2,2018_1453185__event_002,0.031754032258064516,True
tokyo_78286_relational_between,78286,stress_test,relational_between,graph,3,2018_1453187__event_002,0.031024531024531024,True
tokyo_78286_relational_between,78286,stress_test,relational_between,graph,4,2018_1453195__event_002,0.030330882352941176,True
tokyo_78286_relational_between,78286,stress_test,relational_between,graph,5,2018_1453186__event_003,0.030158730158730156,True
tokyo_78286_relational_between,78286,stress_test,relational_between,graph,6,2018_1453194__event_002,0.02967032967032967,True
tokyo_78286_relational_between,78286,stress_test,relational_between,graph,7,2018_1453185__event_001,0.02871794871794872,True
tokyo_78286_relational_between,78286,stress_test,relational_between,graph,8,2018_1453187__event_001,0.028083267871170464,True
tokyo_78286_relational_between,78286,stress_test,relational_between,graph,9,2018_1453195__event_001,0.02715098147128967,True
tokyo_78286_relational_between,78286,stress_test,relational_between,graph,10,2018_1453194__event_001,0.02658450704225352,True
tokyo_78286_relational_between,78286,stress_test,relational_between,graph,11,2018_1453186__event_001,0.02623004235907462,True
tokyo_78286_relational_between,78286,stress_test,relational_between,graph,12,2018_1453209__event_003,0.015151515151515152,True
tokyo_78286_relational_between,78286,stress_test,relational_between,graph,13,2018_1453212__event_002,0.014925373134328358,True
tokyo_78286_relational_between,78286,stress_test,relational_between,graph,14,2018_1453211__event_002,0.014705882352941176,True
tokyo_78286_relational_between,78286,stress_test,relational_between,graph,15,2018_1453183__event_002,0.014492753623188406,True
tokyo_78286_relational_between,78286,stress_test,relational_between,graph,16,2018_1453189__event_002,0.014084507042253521,True
tokyo_78286_relational_between,78286,stress_test,relational_between,graph,17,2018_1453203__event_002,0.013888888888888888,True
tokyo_78286_relational_between,78286,stress_test,relational_between,graph,18,2018_1453205__event_002,0.0136986301369863,True
tokyo_78286_relational_between,78286,stress_test,relational_between,graph,19,2018_1453211__event_001,0.013513513513513514,True
tokyo_78286_relational_between,78286,stress_test,relational_between,graph,20,2018_1453212__event_001,0.012987012987012988,True
tokyo_78286_relational_between,78286,stress_test,relational_between,graph,21,2018_1453189__event_001,0.01282051282051282,True
tokyo_78286_relational_between,78286,stress_test,relational_between,graph,22,2018_1453183__event_001,0.012345679012345678,True
tokyo_78286_relational_between,78286,stress_test,relational_between,graph,23,2018_1453203__event_001,0.012195121951219513,True
tokyo_78286_relational_between,78286,stress_test,relational_between,graph,24,2018_1453205__event_001,0.012048192771084338,True
tokyo_78286_relational_between,78286,stress_test,relational_between,graph,25,2018_1453184__event_003,0.011904761904761904,True
tokyo_78286_relational_between,78286,stress_test,relational_between,graph,26,2018_1453199__event_001,0.011764705882352941,True
tokyo_78286_relational_between,78286,stress_test,relational_between,graph,27,2018_1453207__event_001,0.011627906976744186,True
tokyo_78286_relational_between,78286,stress_test,relational_between,graph,28,2018_1453193__event_001,0.011494252873563218,True
tokyo_78286_relational_between,78286,stress_test,relational_between,graph,29,2018_1453202__event_002,0.011363636363636364,True
tokyo_78286_relational_between,78286,stress_test,relational_between,graph,30,2018_1453215__event_002,0.011235955056179775,True
tokyo_78286_relational_between,78286,stress_test,relational_between,graph,31,2018_1453182__event_001,0.011111111111111112,True
tokyo_78286_relational_between,78286,stress_test,relational_between,graph,32,2018_1453220__event_002,0.01098901098901099,True
tokyo_78286_relational_between,78286,stress_test,relational_between,graph,33,2018_1453209__event_002,0.010869565217391304,True
tokyo_78286_relational_between,78286,stress_test,relational_between,graph,34,2018_1453204__event_002,0.010752688172043012,True
tokyo_78286_relational_between,78286,stress_test,relational_between,graph,35,2018_1453215__event_001,0.010638297872340425,True
tokyo_78286_relational_between,78286,stress_test,relational_between,graph,36,2018_1453186__event_004,0.010526315789473684,True
tokyo_78286_relational_between,78286,stress_test,relational_between,graph,37,2018_1453193__event_002,0.010416666666666666,True
tokyo_78286_relational_between,78286,stress_test,relational_between,graph,38,2018_1453202__event_001,0.010309278350515464,True
tokyo_78286_relational_between,78286,stress_test,relational_between,graph,39,2018_1453189__event_003,0.01020408163265306,True
tokyo_78286_relational_between,78286,stress_test,relational_between,graph,40,2018_1453199__event_002,0.01,True
tokyo_78286_relational_between,78286,stress_test,relational_between,graph,41,2018_1453184__event_002,0.009900990099009901,True
tokyo_78286_relational_between,78286,stress_test,relational_between,graph,42,2018_1453207__event_002,0.00980392156862745,True
tokyo_78286_relational_between,78286,stress_test,relational_between,graph,43,2018_1453220__event_001,0.009708737864077669,True
tokyo_78286_relational_between,78286,stress_test,relational_between,graph,44,2018_1453204__event_001,0.009615384615384616,True
tokyo_78286_relational_between,78286,stress_test,relational_between,graph,45,2018_1453182__event_002,0.009523809523809525,True
tokyo_78286_relational_between,78286,stress_test,relational_between,graph,46,2018_1453192__event_002,0.009433962264150943,True
tokyo_78286_relational_between,78286,stress_test,relational_between,graph,47,2018_1453190__event_003,0.009345794392523364,True
tokyo_78286_relational_between,78286,stress_test,relational_between,graph,48,2018_1453206__event_002,0.009259259259259259,True
tokyo_78286_relational_between,78286,stress_test,relational_between,graph,49,2018_1453213__event_002,0.009174311926605505,True
tokyo_78286_relational_between,78286,stress_test,relational_between,graph,50,2018_1453188__event_002,0.00909090909090909,True
tokyo_78286_relational_between,78286,stress_test,relational_between,graph,51,2018_1453192__event_003,0.009009009009009009,True
tokyo_78286_relational_between,78286,stress_test,relational_between,graph,52,2018_1453190__event_002,0.008928571428571428,True
tokyo_78286_relational_between,78286,stress_test,relational_between,graph,53,2018_1453188__event_003,0.008849557522123894,True
tokyo_78286_relational_between,78286,stress_test,relational_between,graph,54,2018_1453190__event_001,0.008771929824561403,True
tokyo_78286_relational_between,78286,stress_test,relational_between,graph,55,2018_1453213__event_001,0.008695652173913044,True
tokyo_78286_relational_between,78286,stress_test,relational_between,graph,56,2018_1453206__event_003,0.008620689655172414,True
tokyo_78286_relational_between,78286,stress_test,relational_between,graph,57,2018_1453184__event_001,0.008547008547008548,True
tokyo_78286_relational_between,78286,stress_test,relational_between,graph,58,2018_1453206__event_001,0.00847457627118644,True
tokyo_78286_relational_between,78286,stress_test,relational_between,graph,59,2018_1453196__event_001,0.008403361344537815,True
tokyo_78286_relational_between,78286,stress_test,relational_between,graph,60,2018_1453209__event_001,0.008333333333333333,True
tokyo_78286_relational_between,78286,stress_test,relational_between,graph,61,2018_1453196__event_002,0.008264462809917356,True
tokyo_78286_relational_between,78286,stress_test,relational_between,graph,62,2018_1453192__event_001,0.00819672131147541,True
tokyo_78286_relational_between,78286,stress_test,relational_between,graph,63,2018_1453181__event_001,0.008130081300813009,True
tokyo_78286_relational_between,78286,stress_test,relational_between,graph,64,2018_1453206__event_004,0.008064516129032258,True
tokyo_78286_relational_between,78286,stress_test,relational_between,graph,65,2018_1453198__event_001,0.008,True
tokyo_78286_relational_between,78286,stress_test,relational_between,graph,66,2018_1453181__event_002,0.007936507936507936,True
tokyo_78286_relational_between,78286,stress_test,relational_between,graph,67,2018_1453197__event_001,0.007874015748031496,True
tokyo_78286_relational_between,78286,stress_test,relational_between,graph,68,2018_1453197__event_002,0.0078125,True
tokyo_78286_relational_between,78286,stress_test,relational_between,graph,69,2018_1453198__event_002,0.007751937984496124,True
tokyo_78286_relational_between,78286,stress_test,relational_between,graph,70,2018_1453219__event_002,0.007692307692307693,True
tokyo_78286_relational_between,78286,stress_test,relational_between,graph,71,2018_1453219__event_001,0.007633587786259542,True
tokyo_78286_relational_between,78286,stress_test,relational_between,graph,72,2018_1453180__event_002,0.007575757575757576,True
tokyo_78286_relational_between,78286,stress_test,relational_between,graph,73,2018_1453186__event_005,0.007518796992481203,True
tokyo_78286_relational_between,78286,stress_test,relational_between,graph,74,2018_1453180__event_001,0.007462686567164179,True
tokyo_78286_relational_between,78286,stress_test,relational_between,graph,75,2018_1453182__event_003,0.007407407407407408,True
tokyo_78286_relational_between,78286,stress_test,relational_between,graph,76,2018_1453188__event_001,0.007352941176470588,True
tokyo_79139_relational_between,79139,stress_test,relational_between,graph,1,2018_1466948__event_002,0.03278688524590164,False
tokyo_79139_relational_between,79139,stress_test,relational_between,graph,2,2018_1466960__event_003,0.031754032258064516,False
tokyo_79139_relational_between,79139,stress_test,relational_between,graph,3,2018_1466948__event_003,0.03149801587301587,False
tokyo_79139_relational_between,79139,stress_test,relational_between,graph,4,2018_1466948__event_001,0.03128054740957967,False
tokyo_79139_relational_between,79139,stress_test,relational_between,graph,5,2018_1466946__event_002,0.031024531024531024,False
tokyo_79139_relational_between,79139,stress_test,relational_between,graph,6,2018_1466960__event_002,0.030090497737556562,False
tokyo_79139_relational_between,79139,stress_test,relational_between,graph,7,2018_1466948__event_005,0.02967032967032967,False
tokyo_79139_relational_between,79139,stress_test,relational_between,graph,8,2018_1466946__event_003,0.029631255487269532,False
tokyo_79139_relational_between,79139,stress_test,relational_between,graph,9,2018_1466946__event_001,0.02900988017658188,False
tokyo_79139_relational_between,79139,stress_test,relational_between,graph,10,2018_1466948__event_004,0.02877846790890269,False
tokyo_79139_relational_between,79139,stress_test,relational_between,graph,11,2018_1466960__event_001,0.014492753623188406,False
tokyo_79139_relational_between,79139,stress_test,relational_between,graph,12,2018_1466943__event_001,0.013888888888888888,False
tokyo_79139_relational_between,79139,stress_test,relational_between,graph,13,2018_1466953__event_001,0.0136986301369863,False
tokyo_79139_relational_between,79139,stress_test,relational_between,graph,14,2018_1466952__event_001,0.013513513513513514,False
tokyo_79139_relational_between,79139,stress_test,relational_between,graph,15,2018_1466952__event_002,0.013333333333333334,False
tokyo_79139_relational_between,79139,stress_test,relational_between,graph,16,2018_1466943__event_002,0.013157894736842105,False
tokyo_79139_relational_between,79139,stress_test,relational_between,graph,17,2018_1466952__event_003,0.012987012987012988,False
tokyo_79139_relational_between,79139,stress_test,relational_between,graph,18,2018_1466953__event_002,0.01282051282051282,False
tokyo_79139_relational_between,79139,stress_test,relational_between,graph,19,2018_1466953__event_003,0.012658227848101266,False
tokyo_79139_relational_between,79139,stress_test,relational_between,graph,20,2018_1466939__event_002,0.0125,False
tokyo_79139_relational_between,79139,stress_test,relational_between,graph,21,2018_1466939__event_001,0.012345679012345678,False
tokyo_79139_relational_between,79139,stress_test,relational_between,graph,22,2018_1466958__event_001,0.012195121951219513,False
tokyo_79139_relational_between,79139,stress_test,relational_between,graph,23,2018_1466958__event_002,0.012048192771084338,False
tokyo_79139_relational_between,79139,stress_test,relational_between,graph,24,2018_1466944__event_002,0.011904761904761904,False
tokyo_79139_relational_between,79139,stress_test,relational_between,graph,25,2018_1466942__event_003,0.011764705882352941,False
tokyo_79139_relational_between,79139,stress_test,relational_between,graph,26,2018_1466956__event_001,0.011627906976744186,False
tokyo_79139_relational_between,79139,stress_test,relational_between,graph,27,2018_1466956__event_002,0.011494252873563218,False
tokyo_79139_relational_between,79139,stress_test,relational_between,graph,28,2018_1466945__event_001,0.011363636363636364,False
tokyo_79139_relational_between,79139,stress_test,relational_between,graph,29,2018_1466945__event_002,0.011235955056179775,False
tokyo_79139_relational_between,79139,stress_test,relational_between,graph,30,2018_1466942__event_002,0.011111111111111112,False
tokyo_79139_relational_between,79139,stress_test,relational_between,graph,31,2018_1466944__event_001,0.01098901098901099,False
tokyo_79139_relational_between,79139,stress_test,relational_between,graph,32,2018_1466942__event_001,0.010869565217391304,False
tokyo_79719_relational_between,79719,stress_test,relational_between,graph,1,2018_1475396__event_002,0.03278688524590164,True
tokyo_79719_relational_between,79719,stress_test,relational_between,graph,2,2018_1475396__event_001,0.03200204813108039,True
tokyo_79719_relational_between,79719,stress_test,relational_between,graph,3,2018_1475387__event_002,0.031754032258064516,True
tokyo_79719_relational_between,79719,stress_test,relational_between,graph,4,2018_1475387__event_001,0.031009615384615385,True
tokyo_79719_relational_between,79719,stress_test,relational_between,graph,5,2018_1475355__event_001,0.030536130536130537,True
tokyo_79719_relational_between,79719,stress_test,relational_between,graph,6,2018_1475396__event_003,0.029957522915269395,True
tokyo_79719_relational_between,79719,stress_test,relational_between,graph,7,2018_1475355__event_002,0.02712049508554787,True
tokyo_79719_relational_between,79719,stress_test,relational_between,graph,8,2018_1475343__event_001,0.015151515151515152,True
tokyo_79719_relational_between,79719,stress_test,relational_between,graph,9,2018_1475380__event_001,0.014925373134328358,True
tokyo_79719_relational_between,79719,stress_test,relational_between,graph,10,2018_1475385__event_001,0.014705882352941176,True
tokyo_79719_relational_between,79719,stress_test,relational_between,graph,11,2018_1475391__event_001,0.014492753623188406,True
tokyo_79719_relational_between,79719,stress_test,relational_between,graph,12,2018_1475389__event_001,0.014285714285714285,True
tokyo_79719_relational_between,79719,stress_test,relational_between,graph,13,2018_1475348__event_005,0.013888888888888888,True
tokyo_79719_relational_between,79719,stress_test,relational_between,graph,14,2018_1475380__event_002,0.0136986301369863,True
tokyo_79719_relational_between,79719,stress_test,relational_between,graph,15,2018_1475393__event_001,0.013513513513513514,True
tokyo_79719_relational_between,79719,stress_test,relational_between,graph,16,2018_1475386__event_001,0.013333333333333334,True
tokyo_79719_relational_between,79719,stress_test,relational_between,graph,17,2018_1475385__event_002,0.013157894736842105,True
tokyo_79719_relational_between,79719,stress_test,relational_between,graph,18,2018_1475372__event_001,0.012987012987012988,True
tokyo_79719_relational_between,79719,stress_test,relational_between,graph,19,2018_1475348__event_004,0.01282051282051282,True
tokyo_79719_relational_between,79719,stress_test,relational_between,graph,20,2018_1475377__event_004,0.012658227848101266,True
tokyo_79719_relational_between,79719,stress_test,relational_between,graph,21,2018_1475374__event_001,0.0125,True
tokyo_79719_relational_between,79719,stress_test,relational_between,graph,22,2018_1475338__event_002,0.012345679012345678,True
tokyo_79719_relational_between,79719,stress_test,relational_between,graph,23,2018_1475343__event_002,0.012048192771084338,True
tokyo_79719_relational_between,79719,stress_test,relational_between,graph,24,2018_1475402__event_002,0.011904761904761904,True
tokyo_79719_relational_between,79719,stress_test,relational_between,graph,25,2018_1475391__event_002,0.011764705882352941,True
tokyo_79719_relational_between,79719,stress_test,relational_between,graph,26,2018_1475393__event_002,0.011627906976744186,True
tokyo_79719_relational_between,79719,stress_test,relational_between,graph,27,2018_1475377__event_003,0.011494252873563218,True
tokyo_79719_relational_between,79719,stress_test,relational_between,graph,28,2018_1475341__event_002,0.011363636363636364,True
tokyo_79719_relational_between,79719,stress_test,relational_between,graph,29,2018_1475338__event_001,0.011235955056179775,True
tokyo_79719_relational_between,79719,stress_test,relational_between,graph,30,2018_1475372__event_002,0.011111111111111112,True
tokyo_79719_relational_between,79719,stress_test,relational_between,graph,31,2018_1475341__event_001,0.01098901098901099,True
tokyo_79719_relational_between,79719,stress_test,relational_between,graph,32,2018_1475386__event_002,0.010869565217391304,True
tokyo_79719_relational_between,79719,stress_test,relational_between,graph,33,2018_1475374__event_002,0.010752688172043012,True
tokyo_79719_relational_between,79719,stress_test,relational_between,graph,34,2018_1475389__event_002,0.010638297872340425,True
tokyo_79719_relational_between,79719,stress_test,relational_between,graph,35,2018_1475338__event_003,0.010526315789473684,True
tokyo_79719_relational_between,79719,stress_test,relational_between,graph,36,2018_1475348__event_003,0.010416666666666666,True
tokyo_79719_relational_between,79719,stress_test,relational_between,graph,37,2018_1475402__event_001,0.010309278350515464,True
tokyo_79719_relational_between,79719,stress_test,relational_between,graph,38,2018_1475331__event_002,0.01020408163265306,True
tokyo_79719_relational_between,79719,stress_test,relational_between,graph,39,2018_1475337__event_002,0.010101010101010102,True
tokyo_79719_relational_between,79719,stress_test,relational_between,graph,40,2018_1475345__event_001,0.01,True
tokyo_79719_relational_between,79719,stress_test,relational_between,graph,41,2018_1475351__event_002,0.009900990099009901,True
tokyo_79719_relational_between,79719,stress_test,relational_between,graph,42,2018_1475331__event_001,0.00980392156862745,True
tokyo_79719_relational_between,79719,stress_test,relational_between,graph,43,2018_1475348__event_002,0.009708737864077669,True
tokyo_79719_relational_between,79719,stress_test,relational_between,graph,44,2018_1475337__event_001,0.009615384615384616,True
tokyo_79719_relational_between,79719,stress_test,relational_between,graph,45,2018_1475351__event_001,0.009523809523809525,True
tokyo_79719_relational_between,79719,stress_test,relational_between,graph,46,2018_1475391__event_003,0.009433962264150943,True
tokyo_79719_relational_between,79719,stress_test,relational_between,graph,47,2018_1475351__event_003,0.009345794392523364,True
tokyo_79719_relational_between,79719,stress_test,relational_between,graph,48,2018_1475384__event_001,0.009259259259259259,True
tokyo_79719_relational_between,79719,stress_test,relational_between,graph,49,2018_1475345__event_002,0.009174311926605505,True
tokyo_79719_relational_between,79719,stress_test,relational_between,graph,50,2018_1475398__event_001,0.00909090909090909,True
tokyo_79719_relational_between,79719,stress_test,relational_between,graph,51,2018_1475398__event_002,0.009009009009009009,True
tokyo_79719_relational_between,79719,stress_test,relational_between,graph,52,2018_1475348__event_001,0.008928571428571428,True
tokyo_79719_relational_between,79719,stress_test,relational_between,graph,53,2018_1475384__event_002,0.008849557522123894,True
tokyo_79719_relational_between,79719,stress_test,relational_between,graph,54,2018_1475377__event_002,0.008771929824561403,True
tokyo_79719_relational_between,79719,stress_test,relational_between,graph,55,2018_1475338__event_004,0.008695652173913044,True
tokyo_79719_relational_between,79719,stress_test,relational_between,graph,56,2018_1475377__event_001,0.008620689655172414,True
tokyo_79719_relational_between,79719,stress_test,relational_between,graph,57,2018_1475389__event_003,0.008547008547008548,True
tokyo_80051_relational_between,80051,stress_test,relational_between,graph,1,2018_1480027__event_002,0.03278688524590164,False
tokyo_80051_relational_between,80051,stress_test,relational_between,graph,2,2018_1480027__event_001,0.03225806451612903,False
tokyo_80051_relational_between,80051,stress_test,relational_between,graph,3,2018_1480027__event_003,0.031746031746031744,False
tokyo_80051_relational_between,80051,stress_test,relational_between,graph,4,2018_1480043__event_001,0.03125,False
tokyo_80051_relational_between,80051,stress_test,relational_between,graph,5,2018_1480043__event_002,0.03076923076923077,False
tokyo_80051_relational_between,80051,stress_test,relational_between,graph,6,2018_1480050__event_001,0.015151515151515152,False
tokyo_80051_relational_between,80051,stress_test,relational_between,graph,7,2018_1480018__event_001,0.014925373134328358,False
tokyo_80051_relational_between,80051,stress_test,relational_between,graph,8,2018_1480024__event_002,0.014705882352941176,False
tokyo_80051_relational_between,80051,stress_test,relational_between,graph,9,2018_1480015__event_002,0.014492753623188406,False
tokyo_80051_relational_between,80051,stress_test,relational_between,graph,10,2018_1480045__event_001,0.014285714285714285,False
tokyo_80051_relational_between,80051,stress_test,relational_between,graph,11,2018_1480050__event_002,0.014084507042253521,False
tokyo_80051_relational_between,80051,stress_test,relational_between,graph,12,2018_1480018__event_002,0.013888888888888888,False
tokyo_80051_relational_between,80051,stress_test,relational_between,graph,13,2018_1480015__event_001,0.0136986301369863,False
tokyo_80051_relational_between,80051,stress_test,relational_between,graph,14,2018_1480012__event_001,0.013513513513513514,False
tokyo_80051_relational_between,80051,stress_test,relational_between,graph,15,2018_1480044__event_002,0.013333333333333334,False
tokyo_80051_relational_between,80051,stress_test,relational_between,graph,16,2018_1480044__event_003,0.013157894736842105,False
tokyo_80051_relational_between,80051,stress_test,relational_between,graph,17,2018_1480032__event_001,0.012987012987012988,False
tokyo_80051_relational_between,80051,stress_test,relational_between,graph,18,2018_1480056__event_001,0.01282051282051282,False
tokyo_80051_relational_between,80051,stress_test,relational_between,graph,19,2018_1480003__event_001,0.012658227848101266,False
tokyo_80051_relational_between,80051,stress_test,relational_between,graph,20,2018_1480041__event_002,0.0125,False
tokyo_80051_relational_between,80051,stress_test,relational_between,graph,21,2018_1480045__event_002,0.012345679012345678,False
tokyo_80051_relational_between,80051,stress_test,relational_between,graph,22,2018_1480018__event_003,0.012195121951219513,False
tokyo_80051_relational_between,80051,stress_test,relational_between,graph,23,2018_1480016__event_001,0.012048192771084338,False
tokyo_80051_relational_between,80051,stress_test,relational_between,graph,24,2018_1480024__event_001,0.011904761904761904,False
tokyo_80051_relational_between,80051,stress_test,relational_between,graph,25,2018_1480003__event_002,0.011764705882352941,False
tokyo_80051_relational_between,80051,stress_test,relational_between,graph,26,2018_1480047__event_001,0.011627906976744186,False
tokyo_80051_relational_between,80051,stress_test,relational_between,graph,27,2018_1480041__event_001,0.011494252873563218,False
tokyo_80051_relational_between,80051,stress_test,relational_between,graph,28,2018_1480032__event_003,0.011363636363636364,False
tokyo_80051_relational_between,80051,stress_test,relational_between,graph,29,2018_1480032__event_002,0.011235955056179775,False
tokyo_80051_relational_between,80051,stress_test,relational_between,graph,30,2018_1480047__event_002,0.011111111111111112,False
tokyo_80051_relational_between,80051,stress_test,relational_between,graph,31,2018_1480012__event_002,0.01098901098901099,False
tokyo_80051_relational_between,80051,stress_test,relational_between,graph,32,2018_1480016__event_002,0.010869565217391304,False
tokyo_80051_relational_between,80051,stress_test,relational_between,graph,33,2018_1480056__event_002,0.010752688172043012,False
tokyo_80051_relational_between,80051,stress_test,relational_between,graph,34,2018_1480044__event_001,0.010638297872340425,False
tokyo_80415_relational_between,80415,stress_test,relational_between,graph,1,2018_1485455__event_002,0.03278688524590164,False
tokyo_80415_relational_between,80415,stress_test,relational_between,graph,2,2018_1485455__event_001,0.03200204813108039,False
tokyo_80415_relational_between,80415,stress_test,relational_between,graph,3,2018_1485455__event_003,0.03200204813108039,False
tokyo_80415_relational_between,80415,stress_test,relational_between,graph,4,2018_1485536__event_001,0.03125,False
tokyo_80415_relational_between,80415,stress_test,relational_between,graph,5,2018_1485532__event_001,0.030536130536130537,False
tokyo_80415_relational_between,80415,stress_test,relational_between,graph,6,2018_1485536__event_002,0.02967032967032967,False
tokyo_80415_relational_between,80415,stress_test,relational_between,graph,7,2018_1485532__event_002,0.02900988017658188,False
tokyo_80415_relational_between,80415,stress_test,relational_between,graph,8,2018_1485522__event_003,0.015151515151515152,False
tokyo_80415_relational_between,80415,stress_test,relational_between,graph,9,2018_1485496__event_002,0.014925373134328358,False
tokyo_80415_relational_between,80415,stress_test,relational_between,graph,10,2018_1485539__event_002,0.014705882352941176,False
tokyo_80415_relational_between,80415,stress_test,relational_between,graph,11,2018_1485539__event_001,0.014492753623188406,False
tokyo_80415_relational_between,80415,stress_test,relational_between,graph,12,2018_1485522__event_002,0.013888888888888888,False
tokyo_80415_relational_between,80415,stress_test,relational_between,graph,13,2018_1485496__event_001,0.0136986301369863,False
tokyo_80415_relational_between,80415,stress_test,relational_between,graph,14,2018_1485473__event_003,0.013513513513513514,False
tokyo_80415_relational_between,80415,stress_test,relational_between,graph,15,2018_1485514__event_002,0.013333333333333334,False
tokyo_80415_relational_between,80415,stress_test,relational_between,graph,16,2018_1485466__event_002,0.013157894736842105,False
tokyo_80415_relational_between,80415,stress_test,relational_between,graph,17,2018_1485466__event_001,0.012987012987012988,False
tokyo_80415_relational_between,80415,stress_test,relational_between,graph,18,2018_1485526__event_001,0.01282051282051282,False
tokyo_80415_relational_between,80415,stress_test,relational_between,graph,19,2018_1485473__event_002,0.012658227848101266,False
tokyo_80415_relational_between,80415,stress_test,relational_between,graph,20,2018_1485498__event_002,0.0125,False
tokyo_80415_relational_between,80415,stress_test,relational_between,graph,21,2018_1485473__event_001,0.012345679012345678,False
tokyo_80415_relational_between,80415,stress_test,relational_between,graph,22,2018_1485526__event_002,0.012195121951219513,False
tokyo_80415_relational_between,80415,stress_test,relational_between,graph,23,2018_1485522__event_001,0.012048192771084338,False
tokyo_80415_relational_between,80415,stress_test,relational_between,graph,24,2018_1485514__event_001,0.011904761904761904,False
tokyo_80415_relational_between,80415,stress_test,relational_between,graph,25,2018_1485498__event_001,0.011764705882352941,False
tokyo_80480_relational_between,80480,stress_test,relational_between,graph,1,2018_1486542__event_002,0.03278688524590164,False
tokyo_80480_relational_between,80480,stress_test,relational_between,graph,2,2018_1486542__event_001,0.03200204813108039,False
tokyo_80480_relational_between,80480,stress_test,relational_between,graph,3,2018_1486542__event_003,0.03200204813108039,False
tokyo_80480_relational_between,80480,stress_test,relational_between,graph,4,2018_1486545__event_001,0.03125,False
tokyo_80480_relational_between,80480,stress_test,relational_between,graph,5,2018_1486547__event_002,0.030536130536130537,False
tokyo_80480_relational_between,80480,stress_test,relational_between,graph,6,2018_1486545__event_002,0.030309988518943745,False
tokyo_80480_relational_between,80480,stress_test,relational_between,graph,7,2018_1486547__event_001,0.03007688828584351,False
tokyo_80480_relational_between,80480,stress_test,relational_between,graph,8,2018_1486537__event_004,0.014705882352941176,False
tokyo_80480_relational_between,80480,stress_test,relational_between,graph,9,2018_1486537__event_003,0.014492753623188406,False
tokyo_80480_relational_between,80480,stress_test,relational_between,graph,10,2018_1486512__event_001,0.014285714285714285,False
tokyo_80480_relational_between,80480,stress_test,relational_between,graph,11,2018_1486512__event_002,0.014084507042253521,False
tokyo_80480_relational_between,80480,stress_test,relational_between,graph,12,2018_1486548__event_002,0.013888888888888888,False
tokyo_80480_relational_between,80480,stress_test,relational_between,graph,13,2018_1486537__event_002,0.0136986301369863,False
tokyo_80480_relational_between,80480,stress_test,relational_between,graph,14,2018_1486537__event_001,0.013513513513513514,False
tokyo_80480_relational_between,80480,stress_test,relational_between,graph,15,2018_1486523__event_001,0.013333333333333334,False
tokyo_80480_relational_between,80480,stress_test,relational_between,graph,16,2018_1486505__event_001,0.013157894736842105,False
tokyo_80480_relational_between,80480,stress_test,relational_between,graph,17,2018_1486514__event_001,0.012987012987012988,False
tokyo_80480_relational_between,80480,stress_test,relational_between,graph,18,2018_1486546__event_001,0.01282051282051282,False
tokyo_80480_relational_between,80480,stress_test,relational_between,graph,19,2018_1486514__event_002,0.012658227848101266,False
tokyo_80480_relational_between,80480,stress_test,relational_between,graph,20,2018_1486505__event_002,0.0125,False
tokyo_80480_relational_between,80480,stress_test,relational_between,graph,21,2018_1486546__event_002,0.012345679012345678,False
tokyo_80480_relational_between,80480,stress_test,relational_between,graph,22,2018_1486523__event_002,0.012195121951219513,False
tokyo_80480_relational_between,80480,stress_test,relational_between,graph,23,2018_1486558__event_001,0.012048192771084338,False
tokyo_80480_relational_between,80480,stress_test,relational_between,graph,24,2018_1486550__event_001,0.011904761904761904,False
tokyo_80480_relational_between,80480,stress_test,relational_between,graph,25,2018_1486523__event_003,0.011764705882352941,False
tokyo_80480_relational_between,80480,stress_test,relational_between,graph,26,2018_1486556__event_003,0.011627906976744186,False
tokyo_80480_relational_between,80480,stress_test,relational_between,graph,27,2018_1486558__event_002,0.011494252873563218,False
tokyo_80480_relational_between,80480,stress_test,relational_between,graph,28,2018_1486544__event_001,0.011363636363636364,False
tokyo_80480_relational_between,80480,stress_test,relational_between,graph,29,2018_1486556__event_002,0.011235955056179775,False
tokyo_80480_relational_between,80480,stress_test,relational_between,graph,30,2018_1486544__event_002,0.011111111111111112,False
tokyo_80480_relational_between,80480,stress_test,relational_between,graph,31,2018_1486551__event_002,0.01098901098901099,False
tokyo_80480_relational_between,80480,stress_test,relational_between,graph,32,2018_1486540__event_002,0.010869565217391304,False
tokyo_80480_relational_between,80480,stress_test,relational_between,graph,33,2018_1486550__event_002,0.010752688172043012,False
tokyo_80480_relational_between,80480,stress_test,relational_between,graph,34,2018_1486548__event_001,0.010638297872340425,False
tokyo_80480_relational_between,80480,stress_test,relational_between,graph,35,2018_1486551__event_001,0.010526315789473684,False
tokyo_80480_relational_between,80480,stress_test,relational_between,graph,36,2018_1486556__event_001,0.010416666666666666,False
tokyo_80480_relational_between,80480,stress_test,relational_between,graph,37,2018_1486540__event_001,0.010309278350515464,False
tokyo_80480_relational_between,80480,stress_test,relational_between,graph,38,2018_1486540__event_003,0.01020408163265306,False
tokyo_86988_relational_between,86988,stress_test,relational_between,graph,1,2018_1596327__event_003,0.03278688524590164,True
tokyo_86988_relational_between,86988,stress_test,relational_between,graph,2,2018_1596327__event_004,0.03200204813108039,True
tokyo_86988_relational_between,86988,stress_test,relational_between,graph,3,2018_1596327__event_002,0.031754032258064516,True
tokyo_86988_relational_between,86988,stress_test,relational_between,graph,4,2018_1596327__event_005,0.03149801587301587,True
tokyo_86988_relational_between,86988,stress_test,relational_between,graph,5,2018_1596282__event_002,0.030536130536130537,True
tokyo_86988_relational_between,86988,stress_test,relational_between,graph,6,2018_1596282__event_001,0.02900988017658188,True
tokyo_86988_relational_between,86988,stress_test,relational_between,graph,7,2018_1596327__event_001,0.026878868258178604,True
tokyo_86988_relational_between,86988,stress_test,relational_between,graph,8,2018_1596283__event_002,0.015151515151515152,True
tokyo_86988_relational_between,86988,stress_test,relational_between,graph,9,2018_1596300__event_002,0.014925373134328358,True
tokyo_86988_relational_between,86988,stress_test,relational_between,graph,10,2018_1596300__event_003,0.014705882352941176,True
tokyo_86988_relational_between,86988,stress_test,relational_between,graph,11,2018_1596317__event_002,0.014492753623188406,True
tokyo_86988_relational_between,86988,stress_test,relational_between,graph,12,2018_1596312__event_002,0.014285714285714285,True
tokyo_86988_relational_between,86988,stress_test,relational_between,graph,13,2018_1596296__event_003,0.013888888888888888,True
tokyo_86988_relational_between,86988,stress_test,relational_between,graph,14,2018_1596292__event_001,0.0136986301369863,True
tokyo_86988_relational_between,86988,stress_test,relational_between,graph,15,2018_1596293__event_001,0.013513513513513514,True
tokyo_86988_relational_between,86988,stress_test,relational_between,graph,16,2018_1596311__event_001,0.013333333333333334,True
tokyo_86988_relational_between,86988,stress_test,relational_between,graph,17,2018_1596314__event_001,0.013157894736842105,True
tokyo_86988_relational_between,86988,stress_test,relational_between,graph,18,2018_1596310__event_001,0.012987012987012988,True
tokyo_86988_relational_between,86988,stress_test,relational_between,graph,19,2018_1596312__event_001,0.01282051282051282,True
tokyo_86988_relational_between,86988,stress_test,relational_between,graph,20,2018_1596317__event_001,0.012658227848101266,True
tokyo_86988_relational_between,86988,stress_test,relational_between,graph,21,2018_1596300__event_001,0.0125,True
tokyo_86988_relational_between,86988,stress_test,relational_between,graph,22,2018_1596284__event_001,0.012345679012345678,True
tokyo_86988_relational_between,86988,stress_test,relational_between,graph,23,2018_1596300__event_004,0.012195121951219513,True
tokyo_86988_relational_between,86988,stress_test,relational_between,graph,24,2018_1596297__event_001,0.012048192771084338,True
tokyo_86988_relational_between,86988,stress_test,relational_between,graph,25,2018_1596323__event_001,0.011904761904761904,True
tokyo_86988_relational_between,86988,stress_test,relational_between,graph,26,2018_1596279__event_001,0.011764705882352941,True
tokyo_86988_relational_between,86988,stress_test,relational_between,graph,27,2018_1596285__event_002,0.011627906976744186,True
tokyo_86988_relational_between,86988,stress_test,relational_between,graph,28,2018_1596285__event_001,0.011363636363636364,True
tokyo_86988_relational_between,86988,stress_test,relational_between,graph,29,2018_1596283__event_001,0.011235955056179775,True
tokyo_86988_relational_between,86988,stress_test,relational_between,graph,30,2018_1596293__event_002,0.011111111111111112,True
tokyo_86988_relational_between,86988,stress_test,relational_between,graph,31,2018_1596296__event_002,0.01098901098901099,True
tokyo_86988_relational_between,86988,stress_test,relational_between,graph,32,2018_1596314__event_002,0.010869565217391304,True
tokyo_86988_relational_between,86988,stress_test,relational_between,graph,33,2018_1596284__event_002,0.010752688172043012,True
tokyo_86988_relational_between,86988,stress_test,relational_between,graph,34,2018_1596310__event_002,0.010638297872340425,True
tokyo_86988_relational_between,86988,stress_test,relational_between,graph,35,2018_1596292__event_002,0.010526315789473684,True
tokyo_86988_relational_between,86988,stress_test,relational_between,graph,36,2018_1596277__event_002,0.010416666666666666,True
tokyo_86988_relational_between,86988,stress_test,relational_between,graph,37,2018_1596311__event_002,0.010309278350515464,True
tokyo_86988_relational_between,86988,stress_test,relational_between,graph,38,2018_1596296__event_001,0.01020408163265306,True
tokyo_86988_relational_between,86988,stress_test,relational_between,graph,39,2018_1596323__event_002,0.010101010101010102,True
tokyo_86988_relational_between,86988,stress_test,relational_between,graph,40,2018_1596278__event_001,0.01,True
tokyo_86988_relational_between,86988,stress_test,relational_between,graph,41,2018_1596278__event_002,0.009900990099009901,True
tokyo_86988_relational_between,86988,stress_test,relational_between,graph,42,2018_1596277__event_001,0.00980392156862745,True
tokyo_86988_relational_between,86988,stress_test,relational_between,graph,43,2018_1596279__event_002,0.009708737864077669,True
tokyo_86988_relational_between,86988,stress_test,relational_between,graph,44,2018_1596297__event_002,0.009615384615384616,True
tokyo_86988_relational_between,86988,stress_test,relational_between,graph,45,2018_1596324__event_002,0.009523809523809525,True
tokyo_86988_relational_between,86988,stress_test,relational_between,graph,46,2018_1596324__event_001,0.009433962264150943,True
tokyo_86988_relational_between,86988,stress_test,relational_between,graph,47,2018_1596277__event_003,0.009345794392523364,True
tokyo_88625_relational_between,88625,stress_test,relational_between,graph,1,2018_1619221__event_002,0.03278688524590164,False
tokyo_88625_relational_between,88625,stress_test,relational_between,graph,2,2018_1619221__event_001,0.03225806451612903,False
tokyo_88625_relational_between,88625,stress_test,relational_between,graph,3,2018_1619221__event_003,0.031746031746031744,False
tokyo_88625_relational_between,88625,stress_test,relational_between,graph,4,2018_1619225__event_001,0.03125,False
tokyo_88625_relational_between,88625,stress_test,relational_between,graph,5,2018_1619225__event_002,0.030536130536130537,False
tokyo_88625_relational_between,88625,stress_test,relational_between,graph,6,2018_1619242__event_003,0.030536130536130537,False
tokyo_88625_relational_between,88625,stress_test,relational_between,graph,7,2018_1619242__event_002,0.027745885954841176,False
tokyo_88625_relational_between,88625,stress_test,relational_between,graph,8,2018_1619231__event_001,0.014925373134328358,False
tokyo_88625_relational_between,88625,stress_test,relational_between,graph,9,2018_1619225__event_003,0.014705882352941176,False
tokyo_88625_relational_between,88625,stress_test,relational_between,graph,10,2018_1619222__event_001,0.014492753623188406,False
tokyo_88625_relational_between,88625,stress_test,relational_between,graph,11,2018_1619235__event_003,0.014285714285714285,False
tokyo_88625_relational_between,88625,stress_test,relational_between,graph,12,2018_1619235__event_002,0.014084507042253521,False
tokyo_88625_relational_between,88625,stress_test,relational_between,graph,13,2018_1619235__event_001,0.013888888888888888,False
tokyo_88625_relational_between,88625,stress_test,relational_between,graph,14,2018_1619231__event_003,0.0136986301369863,False
tokyo_88625_relational_between,88625,stress_test,relational_between,graph,15,2018_1619240__event_001,0.013513513513513514,False
tokyo_88625_relational_between,88625,stress_test,relational_between,graph,16,2018_1619234__event_001,0.013333333333333334,False
tokyo_88625_relational_between,88625,stress_test,relational_between,graph,17,2018_1619230__event_001,0.013157894736842105,False
tokyo_88625_relational_between,88625,stress_test,relational_between,graph,18,2018_1619219__event_002,0.012987012987012988,False
tokyo_88625_relational_between,88625,stress_test,relational_between,graph,19,2018_1619222__event_002,0.012658227848101266,False
tokyo_88625_relational_between,88625,stress_test,relational_between,graph,20,2018_1619219__event_001,0.0125,False
tokyo_88625_relational_between,88625,stress_test,relational_between,graph,21,2018_1619231__event_002,0.012345679012345678,False
tokyo_88625_relational_between,88625,stress_test,relational_between,graph,22,2018_1619242__event_001,0.012195121951219513,False
tokyo_88625_relational_between,88625,stress_test,relational_between,graph,23,2018_1619218__event_001,0.012048192771084338,False
tokyo_88625_relational_between,88625,stress_test,relational_between,graph,24,2018_1619234__event_002,0.011904761904761904,False
tokyo_88625_relational_between,88625,stress_test,relational_between,graph,25,2018_1619240__event_002,0.011764705882352941,False
tokyo_88625_relational_between,88625,stress_test,relational_between,graph,26,2018_1619230__event_002,0.011627906976744186,False
tokyo_88625_relational_between,88625,stress_test,relational_between,graph,27,2018_1619235__event_004,0.011494252873563218,False
tokyo_88625_relational_between,88625,stress_test,relational_between,graph,28,2018_1619218__event_002,0.011363636363636364,False
tokyo_88625_relational_between,88625,stress_test,relational_between,graph,29,2018_1619239__event_002,0.011235955056179775,False
tokyo_88625_relational_between,88625,stress_test,relational_between,graph,30,2018_1619239__event_001,0.011111111111111112,False
tokyo_88625_relational_between,88625,stress_test,relational_between,graph,31,2018_1619236__event_002,0.01098901098901099,False
tokyo_88625_relational_between,88625,stress_test,relational_between,graph,32,2018_1619236__event_001,0.010869565217391304,False
tokyo_88793_relational_between,88793,stress_test,relational_between,graph,1,2018_1621563__event_001,0.03278688524590164,True
tokyo_88793_relational_between,88793,stress_test,relational_between,graph,2,2018_1621563__event_002,0.03225806451612903,True
tokyo_88793_relational_between,88793,stress_test,relational_between,graph,3,2018_1621565__event_003,0.031746031746031744,True
tokyo_88793_relational_between,88793,stress_test,relational_between,graph,4,2018_1621569__event_002,0.031009615384615385,True
tokyo_88793_relational_between,88793,stress_test,relational_between,graph,5,2018_1621564__event_002,0.030309988518943745,True
tokyo_88793_relational_between,88793,stress_test,relational_between,graph,6,2018_1621565__event_002,0.028612012987012988,True
tokyo_88793_relational_between,88793,stress_test,relational_between,graph,7,2018_1621569__event_001,0.027809742999616416,True
tokyo_88793_relational_between,88793,stress_test,relational_between,graph,8,2018_1621564__event_001,0.027526395173453996,True
tokyo_88793_relational_between,88793,stress_test,relational_between,graph,9,2018_1621562__event_003,0.015151515151515152,True
tokyo_88793_relational_between,88793,stress_test,relational_between,graph,10,2018_1621561__event_001,0.014925373134328358,True
tokyo_88793_relational_between,88793,stress_test,relational_between,graph,11,2018_1621562__event_002,0.014705882352941176,True
tokyo_88793_relational_between,88793,stress_test,relational_between,graph,12,2018_1621589__event_002,0.014492753623188406,True
tokyo_88793_relational_between,88793,stress_test,relational_between,graph,13,2018_1621581__event_001,0.014285714285714285,True
tokyo_88793_relational_between,88793,stress_test,relational_between,graph,14,2018_1621589__event_001,0.014084507042253521,True
tokyo_88793_relational_between,88793,stress_test,relational_between,graph,15,2018_1621562__event_001,0.013888888888888888,True
tokyo_88793_relational_between,88793,stress_test,relational_between,graph,16,2018_1621581__event_002,0.0136986301369863,True
tokyo_88793_relational_between,88793,stress_test,relational_between,graph,17,2018_1621592__event_001,0.013513513513513514,True
tokyo_88793_relational_between,88793,stress_test,relational_between,graph,18,2018_1621591__event_001,0.013333333333333334,True
tokyo_88793_relational_between,88793,stress_test,relational_between,graph,19,2018_1621583__event_003,0.013157894736842105,True
tokyo_88793_relational_between,88793,stress_test,relational_between,graph,20,2018_1621567__event_002,0.0125,True
tokyo_88793_relational_between,88793,stress_test,relational_between,graph,21,2018_1621561__event_002,0.012345679012345678,True
tokyo_88793_relational_between,88793,stress_test,relational_between,graph,22,2018_1621562__event_004,0.012195121951219513,True
tokyo_88793_relational_between,88793,stress_test,relational_between,graph,23,2018_1621583__event_002,0.012048192771084338,True
tokyo_88793_relational_between,88793,stress_test,relational_between,graph,24,2018_1621574__event_001,0.011904761904761904,True
tokyo_88793_relational_between,88793,stress_test,relational_between,graph,25,2018_1621574__event_002,0.011764705882352941,True
tokyo_88793_relational_between,88793,stress_test,relational_between,graph,26,2018_1621561__event_003,0.011627906976744186,True
tokyo_88793_relational_between,88793,stress_test,relational_between,graph,27,2018_1621591__event_002,0.011494252873563218,True
tokyo_88793_relational_between,88793,stress_test,relational_between,graph,28,2018_1621590__event_001,0.011363636363636364,True
tokyo_88793_relational_between,88793,stress_test,relational_between,graph,29,2018_1621592__event_002,0.011235955056179775,True
tokyo_88793_relational_between,88793,stress_test,relational_between,graph,30,2018_1621583__event_004,0.011111111111111112,True
tokyo_88793_relational_between,88793,stress_test,relational_between,graph,31,2018_1621568__event_002,0.01098901098901099,True
tokyo_88793_relational_between,88793,stress_test,relational_between,graph,32,2018_1621580__event_001,0.010869565217391304,True
tokyo_88793_relational_between,88793,stress_test,relational_between,graph,33,2018_1621582__event_002,0.010752688172043012,True
tokyo_88793_relational_between,88793,stress_test,relational_between,graph,34,2018_1621594__event_002,0.010638297872340425,True
tokyo_88793_relational_between,88793,stress_test,relational_between,graph,35,2018_1621568__event_001,0.010526315789473684,True
tokyo_88793_relational_between,88793,stress_test,relational_between,graph,36,2018_1621594__event_001,0.010416666666666666,True
tokyo_88793_relational_between,88793,stress_test,relational_between,graph,37,2018_1621582__event_001,0.010309278350515464,True
tokyo_88793_relational_between,88793,stress_test,relational_between,graph,38,2018_1621571__event_002,0.01020408163265306,True
tokyo_88793_relational_between,88793,stress_test,relational_between,graph,39,2018_1621580__event_002,0.010101010101010102,True
tokyo_88793_relational_between,88793,stress_test,relational_between,graph,40,2018_1621567__event_001,0.01,True
tokyo_88793_relational_between,88793,stress_test,relational_between,graph,41,2018_1621566__event_002,0.009900990099009901,True
tokyo_88793_relational_between,88793,stress_test,relational_between,graph,42,2018_1621573__event_002,0.00980392156862745,True
tokyo_88793_relational_between,88793,stress_test,relational_between,graph,43,2018_1621590__event_002,0.009708737864077669,True
tokyo_88793_relational_between,88793,stress_test,relational_between,graph,44,2018_1621565__event_001,0.009615384615384616,True
tokyo_88793_relational_between,88793,stress_test,relational_between,graph,45,2018_1621573__event_001,0.009523809523809525,True
tokyo_88793_relational_between,88793,stress_test,relational_between,graph,46,2018_1621566__event_001,0.009433962264150943,True
tokyo_88793_relational_between,88793,stress_test,relational_between,graph,47,2018_1621570__event_002,0.009345794392523364,True
tokyo_88793_relational_between,88793,stress_test,relational_between,graph,48,2018_1621583__event_001,0.009259259259259259,True
tokyo_88793_relational_between,88793,stress_test,relational_between,graph,49,2018_1621571__event_001,0.009174311926605505,True
tokyo_88793_relational_between,88793,stress_test,relational_between,graph,50,2018_1621570__event_001,0.00909090909090909,True
