query_id,user_id,benchmark_tier,query_type,seed_rank,seed_event_id,relation,expanded_event_id,is_first_discovery,expansion_rank,is_high_memory_load
tokyo_100159_relational_after,100159,core,relational_after,1,2018_1765837__event_001,SELF,2018_1765837__event_001,True,1,True
tokyo_100159_relational_after,100159,core,relational_after,1,2018_1765837__event_001,NEXT,2018_1765837__event_002,True,2,True
tokyo_100159_relational_after,100159,core,relational_after,2,2018_1765805__event_001,SELF,2018_1765805__event_001,True,3,True
tokyo_100159_relational_after,100159,core,relational_after,2,2018_1765805__event_001,NEXT,2018_1765805__event_002,True,4,True
tokyo_100159_relational_after,100159,core,relational_after,3,2018_1765800__event_002,SELF,2018_1765800__event_002,True,5,True
tokyo_100159_relational_after,100159,core,relational_after,3,2018_1765800__event_002,PREVIOUS,2018_1765800__event_001,True,6,True
tokyo_100159_relational_after,100159,core,relational_after,4,2018_1765823__event_001,SELF,2018_1765823__event_001,True,7,True
tokyo_100159_relational_after,100159,core,relational_after,4,2018_1765823__event_001,NEXT,2018_1765823__event_002,True,8,True
tokyo_100159_relational_after,100159,core,relational_after,5,2018_1765825__event_002,SELF,2018_1765825__event_002,True,9,True
tokyo_100159_relational_after,100159,core,relational_after,5,2018_1765825__event_002,PREVIOUS,2018_1765825__event_001,True,10,True
tokyo_100159_semantic,100159,core,semantic,1,2018_1765805__event_002,SELF,2018_1765805__event_002,True,1,True
tokyo_100159_semantic,100159,core,semantic,1,2018_1765805__event_002,PREVIOUS,2018_1765805__event_001,True,2,True
tokyo_100159_semantic,100159,core,semantic,2,2018_1765837__event_002,SELF,2018_1765837__event_002,True,3,True
tokyo_100159_semantic,100159,core,semantic,2,2018_1765837__event_002,PREVIOUS,2018_1765837__event_001,True,4,True
tokyo_100159_semantic,100159,core,semantic,3,2018_1765827__event_002,SELF,2018_1765827__event_002,True,5,True
tokyo_100159_semantic,100159,core,semantic,3,2018_1765827__event_002,PREVIOUS,2018_1765827__event_001,True,6,True
tokyo_100159_semantic,100159,core,semantic,4,2018_1765827__event_001,SELF,2018_1765827__event_001,False,,True
tokyo_100159_semantic,100159,core,semantic,4,2018_1765827__event_001,NEXT,2018_1765827__event_002,False,,True
tokyo_100159_semantic,100159,core,semantic,5,2018_1765823__event_002,SELF,2018_1765823__event_002,True,7,True
tokyo_100159_semantic,100159,core,semantic,5,2018_1765823__event_002,PREVIOUS,2018_1765823__event_001,True,8,True
tokyo_100159_temporal_spatial,100159,core,temporal_spatial,1,2018_1765792__event_002,SELF,2018_1765792__event_002,True,1,True
tokyo_100159_temporal_spatial,100159,core,temporal_spatial,1,2018_1765792__event_002,PREVIOUS,2018_1765792__event_001,True,2,True
tokyo_100159_temporal_spatial,100159,core,temporal_spatial,2,2018_1765827__event_001,SELF,2018_1765827__event_001,True,3,True
tokyo_100159_temporal_spatial,100159,core,temporal_spatial,2,2018_1765827__event_001,NEXT,2018_1765827__event_002,True,4,True
tokyo_100159_temporal_spatial,100159,core,temporal_spatial,3,2018_1765792__event_001,SELF,2018_1765792__event_001,False,,True
tokyo_100159_temporal_spatial,100159,core,temporal_spatial,3,2018_1765792__event_001,NEXT,2018_1765792__event_002,False,,True
tokyo_100159_temporal_spatial,100159,core,temporal_spatial,4,2018_1765816__event_001,SELF,2018_1765816__event_001,True,5,True
tokyo_100159_temporal_spatial,100159,core,temporal_spatial,4,2018_1765816__event_001,NEXT,2018_1765816__event_002,True,6,True
tokyo_100159_temporal_spatial,100159,core,temporal_spatial,5,2018_1765827__event_002,SELF,2018_1765827__event_002,False,,True
tokyo_100159_temporal_spatial,100159,core,temporal_spatial,5,2018_1765827__event_002,PREVIOUS,2018_1765827__event_001,False,,True
tokyo_100312_relational_after,100312,core,relational_after,1,2018_1767876__event_001,SELF,2018_1767876__event_001,True,1,True
tokyo_100312_relational_after,100312,core,relational_after,1,2018_1767876__event_001,NEXT,2018_1767876__event_002,True,2,True
tokyo_100312_relational_after,100312,core,relational_after,2,2018_1767921__event_001,SELF,2018_1767921__event_001,True,3,True
tokyo_100312_relational_after,100312,core,relational_after,2,2018_1767921__event_001,NEXT,2018_1767921__event_002,True,4,True
tokyo_100312_relational_after,100312,core,relational_after,3,2018_1767895__event_001,SELF,2018_1767895__event_001,True,5,True
tokyo_100312_relational_after,100312,core,relational_after,3,2018_1767895__event_001,NEXT,2018_1767895__event_002,True,6,True
tokyo_100312_relational_after,100312,core,relational_after,4,2018_1767913__event_001,SELF,2018_1767913__event_001,True,7,True
tokyo_100312_relational_after,100312,core,relational_after,4,2018_1767913__event_001,NEXT,2018_1767913__event_002,True,8,True
tokyo_100312_relational_after,100312,core,relational_after,5,2018_1767905__event_001,SELF,2018_1767905__event_001,True,9,True
tokyo_100312_relational_after,100312,core,relational_after,5,2018_1767905__event_001,NEXT,2018_1767905__event_002,True,10,True
tokyo_100312_semantic,100312,core,semantic,1,2018_1767925__event_002,SELF,2018_1767925__event_002,True,1,True
tokyo_100312_semantic,100312,core,semantic,1,2018_1767925__event_002,PREVIOUS,2018_1767925__event_001,True,2,True
tokyo_100312_semantic,100312,core,semantic,2,2018_1767958__event_002,SELF,2018_1767958__event_002,True,3,True
tokyo_100312_semantic,100312,core,semantic,2,2018_1767958__event_002,PREVIOUS,2018_1767958__event_001,True,4,True
tokyo_100312_semantic,100312,core,semantic,3,2018_1767887__event_002,SELF,2018_1767887__event_002,True,5,True
tokyo_100312_semantic,100312,core,semantic,3,2018_1767887__event_002,PREVIOUS,2018_1767887__event_001,True,6,True
tokyo_100312_semantic,100312,core,semantic,4,2018_1767913__event_002,SELF,2018_1767913__event_002,True,7,True
tokyo_100312_semantic,100312,core,semantic,4,2018_1767913__event_002,PREVIOUS,2018_1767913__event_001,True,8,True
tokyo_100312_semantic,100312,core,semantic,5,2018_1767941__event_002,SELF,2018_1767941__event_002,True,9,True
tokyo_100312_semantic,100312,core,semantic,5,2018_1767941__event_002,PREVIOUS,2018_1767941__event_001,True,10,True
tokyo_100312_temporal_spatial,100312,core,temporal_spatial,1,2018_1767957__event_002,SELF,2018_1767957__event_002,True,1,True
tokyo_100312_temporal_spatial,100312,core,temporal_spatial,1,2018_1767957__event_002,PREVIOUS,2018_1767957__event_001,True,2,True
tokyo_100312_temporal_spatial,100312,core,temporal_spatial,2,2018_1767964__event_002,SELF,2018_1767964__event_002,True,3,True
tokyo_100312_temporal_spatial,100312,core,temporal_spatial,2,2018_1767964__event_002,PREVIOUS,2018_1767964__event_001,True,4,True
tokyo_100312_temporal_spatial,100312,core,temporal_spatial,3,2018_1767958__event_002,SELF,2018_1767958__event_002,True,5,True
tokyo_100312_temporal_spatial,100312,core,temporal_spatial,3,2018_1767958__event_002,PREVIOUS,2018_1767958__event_001,True,6,True
tokyo_100312_temporal_spatial,100312,core,temporal_spatial,4,2018_1767941__event_002,SELF,2018_1767941__event_002,True,7,True
tokyo_100312_temporal_spatial,100312,core,temporal_spatial,4,2018_1767941__event_002,PREVIOUS,2018_1767941__event_001,True,8,True
tokyo_100312_temporal_spatial,100312,core,temporal_spatial,5,2018_1767935__event_002,SELF,2018_1767935__event_002,True,9,True
tokyo_100312_temporal_spatial,100312,core,temporal_spatial,5,2018_1767935__event_002,PREVIOUS,2018_1767935__event_001,True,10,True
tokyo_100677_relational_after,100677,core,relational_after,1,2018_1773206__event_002,SELF,2018_1773206__event_002,True,1,False
tokyo_100677_relational_after,100677,core,relational_after,1,2018_1773206__event_002,PREVIOUS,2018_1773206__event_001,True,2,False
tokyo_100677_relational_after,100677,core,relational_after,2,2018_1773210__event_002,SELF,2018_1773210__event_002,True,3,False
tokyo_100677_relational_after,100677,core,relational_after,2,2018_1773210__event_002,PREVIOUS,2018_1773210__event_001,True,4,False
tokyo_100677_relational_after,100677,core,relational_after,3,2018_1773210__event_001,SELF,2018_1773210__event_001,False,,False
tokyo_100677_relational_after,100677,core,relational_after,3,2018_1773210__event_001,NEXT,2018_1773210__event_002,False,,False
tokyo_100677_relational_after,100677,core,relational_after,4,2018_1773205__event_001,SELF,2018_1773205__event_001,True,5,False
tokyo_100677_relational_after,100677,core,relational_after,4,2018_1773205__event_001,NEXT,2018_1773205__event_002,True,6,False
tokyo_100677_relational_after,100677,core,relational_after,5,2018_1773227__event_002,SELF,2018_1773227__event_002,True,7,False
tokyo_100677_relational_after,100677,core,relational_after,5,2018_1773227__event_002,PREVIOUS,2018_1773227__event_001,True,8,False
tokyo_100677_semantic,100677,core,semantic,1,2018_1773217__event_002,SELF,2018_1773217__event_002,True,1,False
tokyo_100677_semantic,100677,core,semantic,1,2018_1773217__event_002,PREVIOUS,2018_1773217__event_001,True,2,False
tokyo_100677_semantic,100677,core,semantic,2,2018_1773220__event_002,SELF,2018_1773220__event_002,True,3,False
tokyo_100677_semantic,100677,core,semantic,2,2018_1773220__event_002,PREVIOUS,2018_1773220__event_001,True,4,False
tokyo_100677_semantic,100677,core,semantic,3,2018_1773220__event_001,SELF,2018_1773220__event_001,False,,False
tokyo_100677_semantic,100677,core,semantic,3,2018_1773220__event_001,NEXT,2018_1773220__event_002,False,,False
tokyo_100677_semantic,100677,core,semantic,4,2018_1773210__event_001,SELF,2018_1773210__event_001,True,5,False
tokyo_100677_semantic,100677,core,semantic,4,2018_1773210__event_001,NEXT,2018_1773210__event_002,True,6,False
tokyo_100677_semantic,100677,core,semantic,5,2018_1773208__event_002,SELF,2018_1773208__event_002,True,7,False
tokyo_100677_semantic,100677,core,semantic,5,2018_1773208__event_002,PREVIOUS,2018_1773208__event_001,True,8,False
tokyo_100677_temporal_spatial,100677,core,temporal_spatial,1,2018_1773220__event_001,SELF,2018_1773220__event_001,True,1,False
tokyo_100677_temporal_spatial,100677,core,temporal_spatial,1,2018_1773220__event_001,NEXT,2018_1773220__event_002,True,2,False
tokyo_100677_temporal_spatial,100677,core,temporal_spatial,2,2018_1773220__event_002,SELF,2018_1773220__event_002,False,,False
tokyo_100677_temporal_spatial,100677,core,temporal_spatial,2,2018_1773220__event_002,PREVIOUS,2018_1773220__event_001,False,,False
tokyo_100677_temporal_spatial,100677,core,temporal_spatial,3,2018_1773204__event_002,SELF,2018_1773204__event_002,True,3,False
tokyo_100677_temporal_spatial,100677,core,temporal_spatial,3,2018_1773204__event_002,PREVIOUS,2018_1773204__event_001,True,4,False
tokyo_100677_temporal_spatial,100677,core,temporal_spatial,4,2018_1773204__event_001,SELF,2018_1773204__event_001,False,,False
tokyo_100677_temporal_spatial,100677,core,temporal_spatial,4,2018_1773204__event_001,NEXT,2018_1773204__event_002,False,,False
tokyo_100677_temporal_spatial,100677,core,temporal_spatial,5,2018_1773233__event_002,SELF,2018_1773233__event_002,True,5,False
tokyo_100677_temporal_spatial,100677,core,temporal_spatial,5,2018_1773233__event_002,PREVIOUS,2018_1773233__event_001,True,6,False
tokyo_101467_relational_after,101467,core,relational_after,1,2018_1784994__event_003,SELF,2018_1784994__event_003,True,1,False
tokyo_101467_relational_after,101467,core,relational_after,1,2018_1784994__event_003,PREVIOUS,2018_1784994__event_002,True,2,False
tokyo_101467_relational_after,101467,core,relational_after,1,2018_1784994__event_003,NEXT,2018_1784994__event_004,True,3,False
tokyo_101467_relational_after,101467,core,relational_after,2,2018_1784994__event_002,SELF,2018_1784994__event_002,False,,False
tokyo_101467_relational_after,101467,core,relational_after,2,2018_1784994__event_002,PREVIOUS,2018_1784994__event_001,True,4,False
tokyo_101467_relational_after,101467,core,relational_after,2,2018_1784994__event_002,NEXT,2018_1784994__event_003,False,,False
tokyo_101467_relational_after,101467,core,relational_after,3,2018_1784994__event_004,SELF,2018_1784994__event_004,False,,False
tokyo_101467_relational_after,101467,core,relational_after,3,2018_1784994__event_004,PREVIOUS,2018_1784994__event_003,False,,False
tokyo_101467_relational_after,101467,core,relational_after,3,2018_1784994__event_004,NEXT,2018_1784994__event_005,True,5,False
tokyo_101467_relational_after,101467,core,relational_after,4,2018_1784994__event_001,SELF,2018_1784994__event_001,False,,False
tokyo_101467_relational_after,101467,core,relational_after,4,2018_1784994__event_001,NEXT,2018_1784994__event_002,False,,False
tokyo_101467_relational_after,101467,core,relational_after,5,2018_1784990__event_001,SELF,2018_1784990__event_001,True,6,False
tokyo_101467_relational_after,101467,core,relational_after,5,2018_1784990__event_001,NEXT,2018_1784990__event_002,True,7,False
tokyo_101467_semantic,101467,core,semantic,1,2018_1784986__event_002,SELF,2018_1784986__event_002,True,1,False
tokyo_101467_semantic,101467,core,semantic,1,2018_1784986__event_002,PREVIOUS,2018_1784986__event_001,True,2,False
tokyo_101467_semantic,101467,core,semantic,2,2018_1784988__event_002,SELF,2018_1784988__event_002,True,3,False
tokyo_101467_semantic,101467,core,semantic,2,2018_1784988__event_002,PREVIOUS,2018_1784988__event_001,True,4,False
tokyo_101467_semantic,101467,core,semantic,3,2018_1784986__event_001,SELF,2018_1784986__event_001,False,,False
tokyo_101467_semantic,101467,core,semantic,3,2018_1784986__event_001,NEXT,2018_1784986__event_002,False,,False
tokyo_101467_semantic,101467,core,semantic,4,2018_1784993__event_002,SELF,2018_1784993__event_002,True,5,False
tokyo_101467_semantic,101467,core,semantic,4,2018_1784993__event_002,PREVIOUS,2018_1784993__event_001,True,6,False
tokyo_101467_semantic,101467,core,semantic,5,2018_1785000__event_003,SELF,2018_1785000__event_003,True,7,False
tokyo_101467_semantic,101467,core,semantic,5,2018_1785000__event_003,PREVIOUS,2018_1785000__event_002,True,8,False
tokyo_101467_temporal_spatial,101467,core,temporal_spatial,1,2018_1785009__event_001,SELF,2018_1785009__event_001,True,1,False
tokyo_101467_temporal_spatial,101467,core,temporal_spatial,1,2018_1785009__event_001,NEXT,2018_1785009__event_002,True,2,False
tokyo_101467_temporal_spatial,101467,core,temporal_spatial,2,2018_1785004__event_001,SELF,2018_1785004__event_001,True,3,False
tokyo_101467_temporal_spatial,101467,core,temporal_spatial,2,2018_1785004__event_001,NEXT,2018_1785004__event_002,True,4,False
tokyo_101467_temporal_spatial,101467,core,temporal_spatial,3,2018_1785003__event_002,SELF,2018_1785003__event_002,True,5,False
tokyo_101467_temporal_spatial,101467,core,temporal_spatial,3,2018_1785003__event_002,PREVIOUS,2018_1785003__event_001,True,6,False
tokyo_101467_temporal_spatial,101467,core,temporal_spatial,3,2018_1785003__event_002,NEXT,2018_1785003__event_003,True,7,False
tokyo_101467_temporal_spatial,101467,core,temporal_spatial,4,2018_1784985__event_002,SELF,2018_1784985__event_002,True,8,False
tokyo_101467_temporal_spatial,101467,core,temporal_spatial,4,2018_1784985__event_002,PREVIOUS,2018_1784985__event_001,True,9,False
tokyo_101467_temporal_spatial,101467,core,temporal_spatial,5,2018_1784989__event_002,SELF,2018_1784989__event_002,True,10,False
tokyo_101467_temporal_spatial,101467,core,temporal_spatial,5,2018_1784989__event_002,PREVIOUS,2018_1784989__event_001,True,11,False
tokyo_103621_relational_after,103621,core,relational_after,1,2018_1816122__event_001,SELF,2018_1816122__event_001,True,1,False
tokyo_103621_relational_after,103621,core,relational_after,1,2018_1816122__event_001,NEXT,2018_1816122__event_002,True,2,False
tokyo_103621_relational_after,103621,core,relational_after,2,2018_1816122__event_002,SELF,2018_1816122__event_002,False,,False
tokyo_103621_relational_after,103621,core,relational_after,2,2018_1816122__event_002,PREVIOUS,2018_1816122__event_001,False,,False
tokyo_103621_relational_after,103621,core,relational_after,3,2018_1816137__event_001,SELF,2018_1816137__event_001,True,3,False
tokyo_103621_relational_after,103621,core,relational_after,3,2018_1816137__event_001,NEXT,2018_1816137__event_002,True,4,False
tokyo_103621_relational_after,103621,core,relational_after,4,2018_1816118__event_001,SELF,2018_1816118__event_001,True,5,False
tokyo_103621_relational_after,103621,core,relational_after,4,2018_1816118__event_001,NEXT,2018_1816118__event_002,True,6,False
tokyo_103621_relational_after,103621,core,relational_after,5,2018_1816137__event_002,SELF,2018_1816137__event_002,False,,False
tokyo_103621_relational_after,103621,core,relational_after,5,2018_1816137__event_002,PREVIOUS,2018_1816137__event_001,False,,False
tokyo_103621_semantic,103621,core,semantic,1,2018_1816137__event_002,SELF,2018_1816137__event_002,True,1,False
tokyo_103621_semantic,103621,core,semantic,1,2018_1816137__event_002,PREVIOUS,2018_1816137__event_001,True,2,False
tokyo_103621_semantic,103621,core,semantic,2,2018_1816129__event_001,SELF,2018_1816129__event_001,True,3,False
tokyo_103621_semantic,103621,core,semantic,2,2018_1816129__event_001,NEXT,2018_1816129__event_002,True,4,False
tokyo_103621_semantic,103621,core,semantic,3,2018_1816131__event_002,SELF,2018_1816131__event_002,True,5,False
tokyo_103621_semantic,103621,core,semantic,3,2018_1816131__event_002,PREVIOUS,2018_1816131__event_001,True,6,False
tokyo_103621_semantic,103621,core,semantic,4,2018_1816127__event_001,SELF,2018_1816127__event_001,True,7,False
tokyo_103621_semantic,103621,core,semantic,4,2018_1816127__event_001,NEXT,2018_1816127__event_002,True,8,False
tokyo_103621_semantic,103621,core,semantic,5,2018_1816122__event_002,SELF,2018_1816122__event_002,True,9,False
tokyo_103621_semantic,103621,core,semantic,5,2018_1816122__event_002,PREVIOUS,2018_1816122__event_001,True,10,False
tokyo_103621_temporal_spatial,103621,core,temporal_spatial,1,2018_1816124__event_001,SELF,2018_1816124__event_001,True,1,False
tokyo_103621_temporal_spatial,103621,core,temporal_spatial,1,2018_1816124__event_001,NEXT,2018_1816124__event_002,True,2,False
tokyo_103621_temporal_spatial,103621,core,temporal_spatial,2,2018_1816112__event_001,SELF,2018_1816112__event_001,True,3,False
tokyo_103621_temporal_spatial,103621,core,temporal_spatial,2,2018_1816112__event_001,NEXT,2018_1816112__event_002,True,4,False
tokyo_103621_temporal_spatial,103621,core,temporal_spatial,3,2018_1816125__event_001,SELF,2018_1816125__event_001,True,5,False
tokyo_103621_temporal_spatial,103621,core,temporal_spatial,3,2018_1816125__event_001,NEXT,2018_1816125__event_002,True,6,False
tokyo_103621_temporal_spatial,103621,core,temporal_spatial,4,2018_1816125__event_002,SELF,2018_1816125__event_002,False,,False
tokyo_103621_temporal_spatial,103621,core,temporal_spatial,4,2018_1816125__event_002,PREVIOUS,2018_1816125__event_001,False,,False
tokyo_103621_temporal_spatial,103621,core,temporal_spatial,5,2018_1816129__event_002,SELF,2018_1816129__event_002,True,7,False
tokyo_103621_temporal_spatial,103621,core,temporal_spatial,5,2018_1816129__event_002,PREVIOUS,2018_1816129__event_001,True,8,False
tokyo_106628_relational_after,106628,core,relational_after,1,2018_1860406__event_003,SELF,2018_1860406__event_003,True,1,True
tokyo_106628_relational_after,106628,core,relational_after,1,2018_1860406__event_003,PREVIOUS,2018_1860406__event_002,True,2,True
tokyo_106628_relational_after,106628,core,relational_after,2,2018_1860406__event_002,SELF,2018_1860406__event_002,False,,True
tokyo_106628_relational_after,106628,core,relational_after,2,2018_1860406__event_002,PREVIOUS,2018_1860406__event_001,True,3,True
tokyo_106628_relational_after,106628,core,relational_after,2,2018_1860406__event_002,NEXT,2018_1860406__event_003,False,,True
tokyo_106628_relational_after,106628,core,relational_after,3,2018_1860419__event_002,SELF,2018_1860419__event_002,True,4,True
tokyo_106628_relational_after,106628,core,relational_after,3,2018_1860419__event_002,PREVIOUS,2018_1860419__event_001,True,5,True
tokyo_106628_relational_after,106628,core,relational_after,4,2018_1860378__event_003,SELF,2018_1860378__event_003,True,6,True
tokyo_106628_relational_after,106628,core,relational_after,4,2018_1860378__event_003,PREVIOUS,2018_1860378__event_002,True,7,True
tokyo_106628_relational_after,106628,core,relational_after,5,2018_1860419__event_001,SELF,2018_1860419__event_001,False,,True
tokyo_106628_relational_after,106628,core,relational_after,5,2018_1860419__event_001,NEXT,2018_1860419__event_002,False,,True
tokyo_106628_semantic,106628,core,semantic,1,2018_1860405__event_002,SELF,2018_1860405__event_002,True,1,True
tokyo_106628_semantic,106628,core,semantic,1,2018_1860405__event_002,PREVIOUS,2018_1860405__event_001,True,2,True
tokyo_106628_semantic,106628,core,semantic,2,2018_1860443__event_003,SELF,2018_1860443__event_003,True,3,True
tokyo_106628_semantic,106628,core,semantic,2,2018_1860443__event_003,PREVIOUS,2018_1860443__event_002,True,4,True
tokyo_106628_semantic,106628,core,semantic,3,2018_1860421__event_003,SELF,2018_1860421__event_003,True,5,True
tokyo_106628_semantic,106628,core,semantic,3,2018_1860421__event_003,PREVIOUS,2018_1860421__event_002,True,6,True
tokyo_106628_semantic,106628,core,semantic,4,2018_1860443__event_002,SELF,2018_1860443__event_002,False,,True
tokyo_106628_semantic,106628,core,semantic,4,2018_1860443__event_002,PREVIOUS,2018_1860443__event_001,True,7,True
tokyo_106628_semantic,106628,core,semantic,4,2018_1860443__event_002,NEXT,2018_1860443__event_003,False,,True
tokyo_106628_semantic,106628,core,semantic,5,2018_1860405__event_001,SELF,2018_1860405__event_001,False,,True
tokyo_106628_semantic,106628,core,semantic,5,2018_1860405__event_001,NEXT,2018_1860405__event_002,False,,True
tokyo_106628_temporal_spatial,106628,core,temporal_spatial,1,2018_1860435__event_002,SELF,2018_1860435__event_002,True,1,True
tokyo_106628_temporal_spatial,106628,core,temporal_spatial,1,2018_1860435__event_002,PREVIOUS,2018_1860435__event_001,True,2,True
tokyo_106628_temporal_spatial,106628,core,temporal_spatial,2,2018_1860444__event_001,SELF,2018_1860444__event_001,True,3,True
tokyo_106628_temporal_spatial,106628,core,temporal_spatial,2,2018_1860444__event_001,NEXT,2018_1860444__event_002,True,4,True
tokyo_106628_temporal_spatial,106628,core,temporal_spatial,3,2018_1860394__event_002,SELF,2018_1860394__event_002,True,5,True
tokyo_106628_temporal_spatial,106628,core,temporal_spatial,3,2018_1860394__event_002,PREVIOUS,2018_1860394__event_001,True,6,True
tokyo_106628_temporal_spatial,106628,core,temporal_spatial,4,2018_1860423__event_002,SELF,2018_1860423__event_002,True,7,True
tokyo_106628_temporal_spatial,106628,core,temporal_spatial,4,2018_1860423__event_002,PREVIOUS,2018_1860423__event_001,True,8,True
tokyo_106628_temporal_spatial,106628,core,temporal_spatial,5,2018_1860391__event_003,SELF,2018_1860391__event_003,True,9,True
tokyo_106628_temporal_spatial,106628,core,temporal_spatial,5,2018_1860391__event_003,PREVIOUS,2018_1860391__event_002,True,10,True
tokyo_109617_relational_after,109617,core,relational_after,1,2018_1909184__event_001,SELF,2018_1909184__event_001,True,1,True
tokyo_109617_relational_after,109617,core,relational_after,1,2018_1909184__event_001,NEXT,2018_1909184__event_002,True,2,True
tokyo_109617_relational_after,109617,core,relational_after,2,2018_1909144__event_001,SELF,2018_1909144__event_001,True,3,True
tokyo_109617_relational_after,109617,core,relational_after,2,2018_1909144__event_001,NEXT,2018_1909144__event_002,True,4,True
tokyo_109617_relational_after,109617,core,relational_after,3,2018_1909144__event_002,SELF,2018_1909144__event_002,False,,True
tokyo_109617_relational_after,109617,core,relational_after,3,2018_1909144__event_002,PREVIOUS,2018_1909144__event_001,False,,True
tokyo_109617_relational_after,109617,core,relational_after,4,2018_1909199__event_001,SELF,2018_1909199__event_001,True,5,True
tokyo_109617_relational_after,109617,core,relational_after,4,2018_1909199__event_001,NEXT,2018_1909199__event_002,True,6,True
tokyo_109617_relational_after,109617,core,relational_after,5,2018_1909157__event_003,SELF,2018_1909157__event_003,True,7,True
tokyo_109617_relational_after,109617,core,relational_after,5,2018_1909157__event_003,PREVIOUS,2018_1909157__event_002,True,8,True
tokyo_109617_semantic,109617,core,semantic,1,2018_1909178__event_001,SELF,2018_1909178__event_001,True,1,True
tokyo_109617_semantic,109617,core,semantic,1,2018_1909178__event_001,NEXT,2018_1909178__event_002,True,2,True
tokyo_109617_semantic,109617,core,semantic,2,2018_1909181__event_001,SELF,2018_1909181__event_001,True,3,True
tokyo_109617_semantic,109617,core,semantic,2,2018_1909181__event_001,NEXT,2018_1909181__event_002,True,4,True
tokyo_109617_semantic,109617,core,semantic,3,2018_1909181__event_002,SELF,2018_1909181__event_002,False,,True
tokyo_109617_semantic,109617,core,semantic,3,2018_1909181__event_002,PREVIOUS,2018_1909181__event_001,False,,True
tokyo_109617_semantic,109617,core,semantic,4,2018_1909213__event_002,SELF,2018_1909213__event_002,True,5,True
tokyo_109617_semantic,109617,core,semantic,4,2018_1909213__event_002,PREVIOUS,2018_1909213__event_001,True,6,True
tokyo_109617_semantic,109617,core,semantic,4,2018_1909213__event_002,NEXT,2018_1909213__event_003,True,7,True
tokyo_109617_semantic,109617,core,semantic,5,2018_1909214__event_003,SELF,2018_1909214__event_003,True,8,True
tokyo_109617_semantic,109617,core,semantic,5,2018_1909214__event_003,PREVIOUS,2018_1909214__event_002,True,9,True
tokyo_109617_semantic,109617,core,semantic,5,2018_1909214__event_003,NEXT,2018_1909214__event_004,True,10,True
tokyo_109617_temporal_spatial,109617,core,temporal_spatial,1,2018_1909213__event_001,SELF,2018_1909213__event_001,True,1,True
tokyo_109617_temporal_spatial,109617,core,temporal_spatial,1,2018_1909213__event_001,NEXT,2018_1909213__event_002,True,2,True
tokyo_109617_temporal_spatial,109617,core,temporal_spatial,2,2018_1909138__event_002,SELF,2018_1909138__event_002,True,3,True
tokyo_109617_temporal_spatial,109617,core,temporal_spatial,2,2018_1909138__event_002,PREVIOUS,2018_1909138__event_001,True,4,True
tokyo_109617_temporal_spatial,109617,core,temporal_spatial,3,2018_1909198__event_001,SELF,2018_1909198__event_001,True,5,True
tokyo_109617_temporal_spatial,109617,core,temporal_spatial,3,2018_1909198__event_001,NEXT,2018_1909198__event_002,True,6,True
tokyo_109617_temporal_spatial,109617,core,temporal_spatial,4,2018_1909181__event_002,SELF,2018_1909181__event_002,True,7,True
tokyo_109617_temporal_spatial,109617,core,temporal_spatial,4,2018_1909181__event_002,PREVIOUS,2018_1909181__event_001,True,8,True
tokyo_109617_temporal_spatial,109617,core,temporal_spatial,5,2018_1909181__event_001,SELF,2018_1909181__event_001,False,,True
tokyo_109617_temporal_spatial,109617,core,temporal_spatial,5,2018_1909181__event_001,NEXT,2018_1909181__event_002,False,,True
tokyo_109621_relational_after,109621,core,relational_after,1,2018_1909384__event_001,SELF,2018_1909384__event_001,True,1,True
tokyo_109621_relational_after,109621,core,relational_after,1,2018_1909384__event_001,NEXT,2018_1909384__event_002,True,2,True
tokyo_109621_relational_after,109621,core,relational_after,2,2018_1909390__event_004,SELF,2018_1909390__event_004,True,3,True
tokyo_109621_relational_after,109621,core,relational_after,2,2018_1909390__event_004,PREVIOUS,2018_1909390__event_003,True,4,True
tokyo_109621_relational_after,109621,core,relational_after,2,2018_1909390__event_004,NEXT,2018_1909390__event_005,True,5,True
tokyo_109621_relational_after,109621,core,relational_after,3,2018_1909383__event_003,SELF,2018_1909383__event_003,True,6,True
tokyo_109621_relational_after,109621,core,relational_after,3,2018_1909383__event_003,PREVIOUS,2018_1909383__event_002,True,7,True
tokyo_109621_relational_after,109621,core,relational_after,3,2018_1909383__event_003,NEXT,2018_1909383__event_004,True,8,True
tokyo_109621_relational_after,109621,core,relational_after,4,2018_1909384__event_002,SELF,2018_1909384__event_002,False,,True
tokyo_109621_relational_after,109621,core,relational_after,4,2018_1909384__event_002,PREVIOUS,2018_1909384__event_001,False,,True
tokyo_109621_relational_after,109621,core,relational_after,5,2018_1909372__event_004,SELF,2018_1909372__event_004,True,9,True
tokyo_109621_relational_after,109621,core,relational_after,5,2018_1909372__event_004,PREVIOUS,2018_1909372__event_003,True,10,True
tokyo_109621_semantic,109621,core,semantic,1,2018_1909374__event_005,SELF,2018_1909374__event_005,True,1,True
tokyo_109621_semantic,109621,core,semantic,1,2018_1909374__event_005,PREVIOUS,2018_1909374__event_004,True,2,True
tokyo_109621_semantic,109621,core,semantic,2,2018_1909371__event_001,SELF,2018_1909371__event_001,True,3,True
tokyo_109621_semantic,109621,core,semantic,2,2018_1909371__event_001,NEXT,2018_1909371__event_002,True,4,True
tokyo_109621_semantic,109621,core,semantic,3,2018_1909388__event_002,SELF,2018_1909388__event_002,True,5,True
tokyo_109621_semantic,109621,core,semantic,3,2018_1909388__event_002,PREVIOUS,2018_1909388__event_001,True,6,True
tokyo_109621_semantic,109621,core,semantic,4,2018_1909374__event_002,SELF,2018_1909374__event_002,True,7,True
tokyo_109621_semantic,109621,core,semantic,4,2018_1909374__event_002,PREVIOUS,2018_1909374__event_001,True,8,True
tokyo_109621_semantic,109621,core,semantic,4,2018_1909374__event_002,NEXT,2018_1909374__event_003,True,9,True
tokyo_109621_semantic,109621,core,semantic,5,2018_1909372__event_001,SELF,2018_1909372__event_001,True,10,True
tokyo_109621_semantic,109621,core,semantic,5,2018_1909372__event_001,NEXT,2018_1909372__event_002,True,11,True
tokyo_109621_temporal_spatial,109621,core,temporal_spatial,1,2018_1909385__event_002,SELF,2018_1909385__event_002,True,1,True
tokyo_109621_temporal_spatial,109621,core,temporal_spatial,1,2018_1909385__event_002,PREVIOUS,2018_1909385__event_001,True,2,True
tokyo_109621_temporal_spatial,109621,core,temporal_spatial,2,2018_1909388__event_001,SELF,2018_1909388__event_001,True,3,True
tokyo_109621_temporal_spatial,109621,core,temporal_spatial,2,2018_1909388__event_001,NEXT,2018_1909388__event_002,True,4,True
tokyo_109621_temporal_spatial,109621,core,temporal_spatial,3,2018_1909388__event_002,SELF,2018_1909388__event_002,False,,True
tokyo_109621_temporal_spatial,109621,core,temporal_spatial,3,2018_1909388__event_002,PREVIOUS,2018_1909388__event_001,False,,True
tokyo_109621_temporal_spatial,109621,core,temporal_spatial,4,2018_1909378__event_003,SELF,2018_1909378__event_003,True,5,True
tokyo_109621_temporal_spatial,109621,core,temporal_spatial,4,2018_1909378__event_003,PREVIOUS,2018_1909378__event_002,True,6,True
tokyo_109621_temporal_spatial,109621,core,temporal_spatial,5,2018_1909395__event_001,SELF,2018_1909395__event_001,True,7,True
tokyo_109621_temporal_spatial,109621,core,temporal_spatial,5,2018_1909395__event_001,NEXT,2018_1909395__event_002,True,8,True
tokyo_113499_relational_after,113499,core,relational_after,1,2018_1959244__event_001,SELF,2018_1959244__event_001,True,1,False
tokyo_113499_relational_after,113499,core,relational_after,1,2018_1959244__event_001,NEXT,2018_1959244__event_002,True,2,False
tokyo_113499_relational_after,113499,core,relational_after,2,2018_1959238__event_001,SELF,2018_1959238__event_001,True,3,False
tokyo_113499_relational_after,113499,core,relational_after,2,2018_1959238__event_001,NEXT,2018_1959238__event_002,True,4,False
tokyo_113499_relational_after,113499,core,relational_after,3,2018_1959244__event_002,SELF,2018_1959244__event_002,False,,False
tokyo_113499_relational_after,113499,core,relational_after,3,2018_1959244__event_002,PREVIOUS,2018_1959244__event_001,False,,False
tokyo_113499_relational_after,113499,core,relational_after,4,2018_1959238__event_002,SELF,2018_1959238__event_002,False,,False
tokyo_113499_relational_after,113499,core,relational_after,4,2018_1959238__event_002,PREVIOUS,2018_1959238__event_001,False,,False
tokyo_113499_relational_after,113499,core,relational_after,5,2018_1959234__event_002,SELF,2018_1959234__event_002,True,5,False
tokyo_113499_relational_after,113499,core,relational_after,5,2018_1959234__event_002,PREVIOUS,2018_1959234__event_001,True,6,False
tokyo_113499_relational_after,113499,core,relational_after,5,2018_1959234__event_002,NEXT,2018_1959234__event_003,True,7,False
tokyo_113499_semantic,113499,core,semantic,1,2018_1959247__event_001,SELF,2018_1959247__event_001,True,1,False
tokyo_113499_semantic,113499,core,semantic,1,2018_1959247__event_001,NEXT,2018_1959247__event_002,True,2,False
tokyo_113499_semantic,113499,core,semantic,2,2018_1959247__event_002,SELF,2018_1959247__event_002,False,,False
tokyo_113499_semantic,113499,core,semantic,2,2018_1959247__event_002,PREVIOUS,2018_1959247__event_001,False,,False
tokyo_113499_semantic,113499,core,semantic,3,2018_1959250__event_001,SELF,2018_1959250__event_001,True,3,False
tokyo_113499_semantic,113499,core,semantic,3,2018_1959250__event_001,NEXT,2018_1959250__event_002,True,4,False
tokyo_113499_semantic,113499,core,semantic,4,2018_1959236__event_001,SELF,2018_1959236__event_001,True,5,False
tokyo_113499_semantic,113499,core,semantic,4,2018_1959236__event_001,NEXT,2018_1959236__event_002,True,6,False
tokyo_113499_semantic,113499,core,semantic,5,2018_1959251__event_001,SELF,2018_1959251__event_001,True,7,False
tokyo_113499_semantic,113499,core,semantic,5,2018_1959251__event_001,NEXT,2018_1959251__event_002,True,8,False
tokyo_113499_temporal_spatial,113499,core,temporal_spatial,1,2018_1959250__event_001,SELF,2018_1959250__event_001,True,1,False
tokyo_113499_temporal_spatial,113499,core,temporal_spatial,1,2018_1959250__event_001,NEXT,2018_1959250__event_002,True,2,False
tokyo_113499_temporal_spatial,113499,core,temporal_spatial,2,2018_1959250__event_002,SELF,2018_1959250__event_002,False,,False
tokyo_113499_temporal_spatial,113499,core,temporal_spatial,2,2018_1959250__event_002,PREVIOUS,2018_1959250__event_001,False,,False
tokyo_113499_temporal_spatial,113499,core,temporal_spatial,3,2018_1959247__event_002,SELF,2018_1959247__event_002,True,3,False
tokyo_113499_temporal_spatial,113499,core,temporal_spatial,3,2018_1959247__event_002,PREVIOUS,2018_1959247__event_001,True,4,False
tokyo_113499_temporal_spatial,113499,core,temporal_spatial,4,2018_1959243__event_001,SELF,2018_1959243__event_001,True,5,False
tokyo_113499_temporal_spatial,113499,core,temporal_spatial,4,2018_1959243__event_001,NEXT,2018_1959243__event_002,True,6,False
tokyo_113499_temporal_spatial,113499,core,temporal_spatial,5,2018_1959251__event_002,SELF,2018_1959251__event_002,True,7,False
tokyo_113499_temporal_spatial,113499,core,temporal_spatial,5,2018_1959251__event_002,PREVIOUS,2018_1959251__event_001,True,8,False
tokyo_113897_relational_after,113897,core,relational_after,1,2018_1963899__event_002,SELF,2018_1963899__event_002,True,1,False
tokyo_113897_relational_after,113897,core,relational_after,1,2018_1963899__event_002,PREVIOUS,2018_1963899__event_001,True,2,False
tokyo_113897_relational_after,113897,core,relational_after,2,2018_1963899__event_001,SELF,2018_1963899__event_001,False,,False
tokyo_113897_relational_after,113897,core,relational_after,2,2018_1963899__event_001,NEXT,2018_1963899__event_002,False,,False
tokyo_113897_relational_after,113897,core,relational_after,3,2018_1963895__event_002,SELF,2018_1963895__event_002,True,3,False
tokyo_113897_relational_after,113897,core,relational_after,3,2018_1963895__event_002,PREVIOUS,2018_1963895__event_001,True,4,False
tokyo_113897_relational_after,113897,core,relational_after,4,2018_1963883__event_002,SELF,2018_1963883__event_002,True,5,False
tokyo_113897_relational_after,113897,core,relational_after,4,2018_1963883__event_002,PREVIOUS,2018_1963883__event_001,True,6,False
tokyo_113897_relational_after,113897,core,relational_after,5,2018_1963883__event_001,SELF,2018_1963883__event_001,False,,False
tokyo_113897_relational_after,113897,core,relational_after,5,2018_1963883__event_001,NEXT,2018_1963883__event_002,False,,False
tokyo_113897_semantic,113897,core,semantic,1,2018_1963910__event_002,SELF,2018_1963910__event_002,True,1,False
tokyo_113897_semantic,113897,core,semantic,1,2018_1963910__event_002,PREVIOUS,2018_1963910__event_001,True,2,False
tokyo_113897_semantic,113897,core,semantic,2,2018_1963882__event_001,SELF,2018_1963882__event_001,True,3,False
tokyo_113897_semantic,113897,core,semantic,2,2018_1963882__event_001,NEXT,2018_1963882__event_002,True,4,False
tokyo_113897_semantic,113897,core,semantic,3,2018_1963899__event_001,SELF,2018_1963899__event_001,True,5,False
tokyo_113897_semantic,113897,core,semantic,3,2018_1963899__event_001,NEXT,2018_1963899__event_002,True,6,False
tokyo_113897_semantic,113897,core,semantic,4,2018_1963913__event_003,SELF,2018_1963913__event_003,True,7,False
tokyo_113897_semantic,113897,core,semantic,4,2018_1963913__event_003,PREVIOUS,2018_1963913__event_002,True,8,False
tokyo_113897_semantic,113897,core,semantic,5,2018_1963925__event_001,SELF,2018_1963925__event_001,True,9,False
tokyo_113897_semantic,113897,core,semantic,5,2018_1963925__event_001,NEXT,2018_1963925__event_002,True,10,False
tokyo_113897_temporal_spatial,113897,core,temporal_spatial,1,2018_1963902__event_002,SELF,2018_1963902__event_002,True,1,False
tokyo_113897_temporal_spatial,113897,core,temporal_spatial,1,2018_1963902__event_002,PREVIOUS,2018_1963902__event_001,True,2,False
tokyo_113897_temporal_spatial,113897,core,temporal_spatial,2,2018_1963911__event_003,SELF,2018_1963911__event_003,True,3,False
tokyo_113897_temporal_spatial,113897,core,temporal_spatial,2,2018_1963911__event_003,PREVIOUS,2018_1963911__event_002,True,4,False
tokyo_113897_temporal_spatial,113897,core,temporal_spatial,3,2018_1963913__event_002,SELF,2018_1963913__event_002,True,5,False
tokyo_113897_temporal_spatial,113897,core,temporal_spatial,3,2018_1963913__event_002,PREVIOUS,2018_1963913__event_001,True,6,False
tokyo_113897_temporal_spatial,113897,core,temporal_spatial,3,2018_1963913__event_002,NEXT,2018_1963913__event_003,True,7,False
tokyo_113897_temporal_spatial,113897,core,temporal_spatial,4,2018_1963921__event_002,SELF,2018_1963921__event_002,True,8,False
tokyo_113897_temporal_spatial,113897,core,temporal_spatial,4,2018_1963921__event_002,PREVIOUS,2018_1963921__event_001,True,9,False
tokyo_113897_temporal_spatial,113897,core,temporal_spatial,5,2018_1963882__event_002,SELF,2018_1963882__event_002,True,10,False
tokyo_113897_temporal_spatial,113897,core,temporal_spatial,5,2018_1963882__event_002,PREVIOUS,2018_1963882__event_001,True,11,False
tokyo_115855_relational_after,115855,core,relational_after,1,2018_1984790__event_004,SELF,2018_1984790__event_004,True,1,False
tokyo_115855_relational_after,115855,core,relational_after,1,2018_1984790__event_004,PREVIOUS,2018_1984790__event_003,True,2,False
tokyo_115855_relational_after,115855,core,relational_after,2,2018_1984790__event_002,SELF,2018_1984790__event_002,True,3,False
tokyo_115855_relational_after,115855,core,relational_after,2,2018_1984790__event_002,PREVIOUS,2018_1984790__event_001,True,4,False
tokyo_115855_relational_after,115855,core,relational_after,2,2018_1984790__event_002,NEXT,2018_1984790__event_003,False,,False
tokyo_115855_relational_after,115855,core,relational_after,3,2018_1984790__event_003,SELF,2018_1984790__event_003,False,,False
tokyo_115855_relational_after,115855,core,relational_after,3,2018_1984790__event_003,PREVIOUS,2018_1984790__event_002,False,,False
tokyo_115855_relational_after,115855,core,relational_after,3,2018_1984790__event_003,NEXT,2018_1984790__event_004,False,,False
tokyo_115855_relational_after,115855,core,relational_after,4,2018_1984806__event_001,SELF,2018_1984806__event_001,True,5,False
tokyo_115855_relational_after,115855,core,relational_after,4,2018_1984806__event_001,NEXT,2018_1984806__event_002,True,6,False
tokyo_115855_relational_after,115855,core,relational_after,5,2018_1984807__event_001,SELF,2018_1984807__event_001,True,7,False
tokyo_115855_relational_after,115855,core,relational_after,5,2018_1984807__event_001,NEXT,2018_1984807__event_002,True,8,False
tokyo_115855_semantic,115855,core,semantic,1,2018_1984781__event_001,SELF,2018_1984781__event_001,True,1,False
tokyo_115855_semantic,115855,core,semantic,1,2018_1984781__event_001,NEXT,2018_1984781__event_002,True,2,False
tokyo_115855_semantic,115855,core,semantic,2,2018_1984800__event_002,SELF,2018_1984800__event_002,True,3,False
tokyo_115855_semantic,115855,core,semantic,2,2018_1984800__event_002,PREVIOUS,2018_1984800__event_001,True,4,False
tokyo_115855_semantic,115855,core,semantic,3,2018_1984790__event_004,SELF,2018_1984790__event_004,True,5,False
tokyo_115855_semantic,115855,core,semantic,3,2018_1984790__event_004,PREVIOUS,2018_1984790__event_003,True,6,False
tokyo_115855_semantic,115855,core,semantic,4,2018_1984790__event_002,SELF,2018_1984790__event_002,True,7,False
tokyo_115855_semantic,115855,core,semantic,4,2018_1984790__event_002,PREVIOUS,2018_1984790__event_001,True,8,False
tokyo_115855_semantic,115855,core,semantic,4,2018_1984790__event_002,NEXT,2018_1984790__event_003,False,,False
tokyo_115855_semantic,115855,core,semantic,5,2018_1984800__event_001,SELF,2018_1984800__event_001,False,,False
tokyo_115855_semantic,115855,core,semantic,5,2018_1984800__event_001,NEXT,2018_1984800__event_002,False,,False
tokyo_115855_temporal_spatial,115855,core,temporal_spatial,1,2018_1984792__event_001,SELF,2018_1984792__event_001,True,1,False
tokyo_115855_temporal_spatial,115855,core,temporal_spatial,1,2018_1984792__event_001,NEXT,2018_1984792__event_002,True,2,False
tokyo_115855_temporal_spatial,115855,core,temporal_spatial,2,2018_1984792__event_002,SELF,2018_1984792__event_002,False,,False
tokyo_115855_temporal_spatial,115855,core,temporal_spatial,2,2018_1984792__event_002,PREVIOUS,2018_1984792__event_001,False,,False
tokyo_115855_temporal_spatial,115855,core,temporal_spatial,3,2018_1984800__event_001,SELF,2018_1984800__event_001,True,3,False
tokyo_115855_temporal_spatial,115855,core,temporal_spatial,3,2018_1984800__event_001,NEXT,2018_1984800__event_002,True,4,False
tokyo_115855_temporal_spatial,115855,core,temporal_spatial,4,2018_1984781__event_002,SELF,2018_1984781__event_002,True,5,False
tokyo_115855_temporal_spatial,115855,core,temporal_spatial,4,2018_1984781__event_002,PREVIOUS,2018_1984781__event_001,True,6,False
tokyo_115855_temporal_spatial,115855,core,temporal_spatial,5,2018_1984791__event_002,SELF,2018_1984791__event_002,True,7,False
tokyo_115855_temporal_spatial,115855,core,temporal_spatial,5,2018_1984791__event_002,PREVIOUS,2018_1984791__event_001,True,8,False
tokyo_1172_relational_after,1172,core,relational_after,1,2018_23942__event_003,SELF,2018_23942__event_003,True,1,True
tokyo_1172_relational_after,1172,core,relational_after,1,2018_23942__event_003,PREVIOUS,2018_23942__event_002,True,2,True
tokyo_1172_relational_after,1172,core,relational_after,2,2018_23942__event_002,SELF,2018_23942__event_002,False,,True
tokyo_1172_relational_after,1172,core,relational_after,2,2018_23942__event_002,PREVIOUS,2018_23942__event_001,True,3,True
tokyo_1172_relational_after,1172,core,relational_after,2,2018_23942__event_002,NEXT,2018_23942__event_003,False,,True
tokyo_1172_relational_after,1172,core,relational_after,3,2018_23917__event_002,SELF,2018_23917__event_002,True,4,True
tokyo_1172_relational_after,1172,core,relational_after,3,2018_23917__event_002,PREVIOUS,2018_23917__event_001,True,5,True
tokyo_1172_relational_after,1172,core,relational_after,4,2018_23917__event_001,SELF,2018_23917__event_001,False,,True
tokyo_1172_relational_after,1172,core,relational_after,4,2018_23917__event_001,NEXT,2018_23917__event_002,False,,True
tokyo_1172_relational_after,1172,core,relational_after,5,2018_23942__event_001,SELF,2018_23942__event_001,False,,True
tokyo_1172_relational_after,1172,core,relational_after,5,2018_23942__event_001,NEXT,2018_23942__event_002,False,,True
tokyo_1172_semantic,1172,core,semantic,1,2018_23905__event_001,SELF,2018_23905__event_001,True,1,True
tokyo_1172_semantic,1172,core,semantic,1,2018_23905__event_001,NEXT,2018_23905__event_002,True,2,True
tokyo_1172_semantic,1172,core,semantic,2,2018_23931__event_001,SELF,2018_23931__event_001,True,3,True
tokyo_1172_semantic,1172,core,semantic,2,2018_23931__event_001,NEXT,2018_23931__event_002,True,4,True
tokyo_1172_semantic,1172,core,semantic,3,2018_23929__event_001,SELF,2018_23929__event_001,True,5,True
tokyo_1172_semantic,1172,core,semantic,3,2018_23929__event_001,NEXT,2018_23929__event_002,True,6,True
tokyo_1172_semantic,1172,core,semantic,4,2018_23868__event_003,SELF,2018_23868__event_003,True,7,True
tokyo_1172_semantic,1172,core,semantic,4,2018_23868__event_003,PREVIOUS,2018_23868__event_002,True,8,True
tokyo_1172_semantic,1172,core,semantic,5,2018_23870__event_001,SELF,2018_23870__event_001,True,9,True
tokyo_1172_semantic,1172,core,semantic,5,2018_23870__event_001,NEXT,2018_23870__event_002,True,10,True
tokyo_1172_temporal_spatial,1172,core,temporal_spatial,1,2018_23894__event_002,SELF,2018_23894__event_002,True,1,True
tokyo_1172_temporal_spatial,1172,core,temporal_spatial,1,2018_23894__event_002,PREVIOUS,2018_23894__event_001,True,2,True
tokyo_1172_temporal_spatial,1172,core,temporal_spatial,2,2018_23928__event_002,SELF,2018_23928__event_002,True,3,True
tokyo_1172_temporal_spatial,1172,core,temporal_spatial,2,2018_23928__event_002,PREVIOUS,2018_23928__event_001,True,4,True
tokyo_1172_temporal_spatial,1172,core,temporal_spatial,3,2018_23931__event_001,SELF,2018_23931__event_001,True,5,True
tokyo_1172_temporal_spatial,1172,core,temporal_spatial,3,2018_23931__event_001,NEXT,2018_23931__event_002,True,6,True
tokyo_1172_temporal_spatial,1172,core,temporal_spatial,4,2018_23929__event_001,SELF,2018_23929__event_001,True,7,True
tokyo_1172_temporal_spatial,1172,core,temporal_spatial,4,2018_23929__event_001,NEXT,2018_23929__event_002,True,8,True
tokyo_1172_temporal_spatial,1172,core,temporal_spatial,5,2018_23879__event_002,SELF,2018_23879__event_002,True,9,True
tokyo_1172_temporal_spatial,1172,core,temporal_spatial,5,2018_23879__event_002,PREVIOUS,2018_23879__event_001,True,10,True
tokyo_1172_temporal_spatial,1172,core,temporal_spatial,5,2018_23879__event_002,NEXT,2018_23879__event_003,True,11,True
tokyo_119597_relational_after,119597,core,relational_after,1,2018_2023466__event_002,SELF,2018_2023466__event_002,True,1,False
tokyo_119597_relational_after,119597,core,relational_after,1,2018_2023466__event_002,PREVIOUS,2018_2023466__event_001,True,2,False
tokyo_119597_relational_after,119597,core,relational_after,1,2018_2023466__event_002,NEXT,2018_2023466__event_003,True,3,False
tokyo_119597_relational_after,119597,core,relational_after,2,2018_2023466__event_001,SELF,2018_2023466__event_001,False,,False
tokyo_119597_relational_after,119597,core,relational_after,2,2018_2023466__event_001,NEXT,2018_2023466__event_002,False,,False
tokyo_119597_relational_after,119597,core,relational_after,3,2018_2023466__event_003,SELF,2018_2023466__event_003,False,,False
tokyo_119597_relational_after,119597,core,relational_after,3,2018_2023466__event_003,PREVIOUS,2018_2023466__event_002,False,,False
tokyo_119597_relational_after,119597,core,relational_after,4,2018_2023460__event_001,SELF,2018_2023460__event_001,True,4,False
tokyo_119597_relational_after,119597,core,relational_after,4,2018_2023460__event_001,NEXT,2018_2023460__event_002,True,5,False
tokyo_119597_relational_after,119597,core,relational_after,5,2018_2023481__event_003,SELF,2018_2023481__event_003,True,6,False
tokyo_119597_relational_after,119597,core,relational_after,5,2018_2023481__event_003,PREVIOUS,2018_2023481__event_002,True,7,False
tokyo_119597_relational_after,119597,core,relational_after,5,2018_2023481__event_003,NEXT,2018_2023481__event_004,True,8,False
tokyo_119597_semantic,119597,core,semantic,1,2018_2023491__event_002,SELF,2018_2023491__event_002,True,1,False
tokyo_119597_semantic,119597,core,semantic,1,2018_2023491__event_002,PREVIOUS,2018_2023491__event_001,True,2,False
tokyo_119597_semantic,119597,core,semantic,2,2018_2023481__event_004,SELF,2018_2023481__event_004,True,3,False
tokyo_119597_semantic,119597,core,semantic,2,2018_2023481__event_004,PREVIOUS,2018_2023481__event_003,True,4,False
tokyo_119597_semantic,119597,core,semantic,3,2018_2023473__event_002,SELF,2018_2023473__event_002,True,5,False
tokyo_119597_semantic,119597,core,semantic,3,2018_2023473__event_002,PREVIOUS,2018_2023473__event_001,True,6,False
tokyo_119597_semantic,119597,core,semantic,4,2018_2023460__event_003,SELF,2018_2023460__event_003,True,7,False
tokyo_119597_semantic,119597,core,semantic,4,2018_2023460__event_003,PREVIOUS,2018_2023460__event_002,True,8,False
tokyo_119597_semantic,119597,core,semantic,5,2018_2023503__event_002,SELF,2018_2023503__event_002,True,9,False
tokyo_119597_semantic,119597,core,semantic,5,2018_2023503__event_002,PREVIOUS,2018_2023503__event_001,True,10,False
tokyo_119597_temporal_spatial,119597,core,temporal_spatial,1,2018_2023484__event_004,SELF,2018_2023484__event_004,True,1,False
tokyo_119597_temporal_spatial,119597,core,temporal_spatial,1,2018_2023484__event_004,PREVIOUS,2018_2023484__event_003,True,2,False
tokyo_119597_temporal_spatial,119597,core,temporal_spatial,1,2018_2023484__event_004,NEXT,2018_2023484__event_005,True,3,False
tokyo_119597_temporal_spatial,119597,core,temporal_spatial,2,2018_2023474__event_002,SELF,2018_2023474__event_002,True,4,False
tokyo_119597_temporal_spatial,119597,core,temporal_spatial,2,2018_2023474__event_002,PREVIOUS,2018_2023474__event_001,True,5,False
tokyo_119597_temporal_spatial,119597,core,temporal_spatial,3,2018_2023484__event_001,SELF,2018_2023484__event_001,True,6,False
tokyo_119597_temporal_spatial,119597,core,temporal_spatial,3,2018_2023484__event_001,NEXT,2018_2023484__event_002,True,7,False
tokyo_119597_temporal_spatial,119597,core,temporal_spatial,4,2018_2023491__event_002,SELF,2018_2023491__event_002,True,8,False
tokyo_119597_temporal_spatial,119597,core,temporal_spatial,4,2018_2023491__event_002,PREVIOUS,2018_2023491__event_001,True,9,False
tokyo_119597_temporal_spatial,119597,core,temporal_spatial,5,2018_2023484__event_005,SELF,2018_2023484__event_005,False,,False
tokyo_119597_temporal_spatial,119597,core,temporal_spatial,5,2018_2023484__event_005,PREVIOUS,2018_2023484__event_004,False,,False
tokyo_121554_relational_after,121554,core,relational_after,1,2018_2047595__event_001,SELF,2018_2047595__event_001,True,1,False
tokyo_121554_relational_after,121554,core,relational_after,1,2018_2047595__event_001,NEXT,2018_2047595__event_002,True,2,False
tokyo_121554_relational_after,121554,core,relational_after,2,2018_2047610__event_001,SELF,2018_2047610__event_001,True,3,False
tokyo_121554_relational_after,121554,core,relational_after,2,2018_2047610__event_001,NEXT,2018_2047610__event_002,True,4,False
tokyo_121554_relational_after,121554,core,relational_after,3,2018_2047595__event_002,SELF,2018_2047595__event_002,False,,False
tokyo_121554_relational_after,121554,core,relational_after,3,2018_2047595__event_002,PREVIOUS,2018_2047595__event_001,False,,False
tokyo_121554_relational_after,121554,core,relational_after,4,2018_2047610__event_002,SELF,2018_2047610__event_002,False,,False
tokyo_121554_relational_after,121554,core,relational_after,4,2018_2047610__event_002,PREVIOUS,2018_2047610__event_001,False,,False
tokyo_121554_relational_after,121554,core,relational_after,5,2018_2047609__event_002,SELF,2018_2047609__event_002,True,5,False
tokyo_121554_relational_after,121554,core,relational_after,5,2018_2047609__event_002,PREVIOUS,2018_2047609__event_001,True,6,False
tokyo_121554_relational_after,121554,core,relational_after,5,2018_2047609__event_002,NEXT,2018_2047609__event_003,True,7,False
tokyo_121554_semantic,121554,core,semantic,1,2018_2047617__event_001,SELF,2018_2047617__event_001,True,1,False
tokyo_121554_semantic,121554,core,semantic,1,2018_2047617__event_001,NEXT,2018_2047617__event_002,True,2,False
tokyo_121554_semantic,121554,core,semantic,2,2018_2047606__event_004,SELF,2018_2047606__event_004,True,3,False
tokyo_121554_semantic,121554,core,semantic,2,2018_2047606__event_004,PREVIOUS,2018_2047606__event_003,True,4,False
tokyo_121554_semantic,121554,core,semantic,2,2018_2047606__event_004,NEXT,2018_2047606__event_005,True,5,False
tokyo_121554_semantic,121554,core,semantic,3,2018_2047607__event_002,SELF,2018_2047607__event_002,True,6,False
tokyo_121554_semantic,121554,core,semantic,3,2018_2047607__event_002,PREVIOUS,2018_2047607__event_001,True,7,False
tokyo_121554_semantic,121554,core,semantic,4,2018_2047604__event_002,SELF,2018_2047604__event_002,True,8,False
tokyo_121554_semantic,121554,core,semantic,4,2018_2047604__event_002,PREVIOUS,2018_2047604__event_001,True,9,False
tokyo_121554_semantic,121554,core,semantic,5,2018_2047595__event_002,SELF,2018_2047595__event_002,True,10,False
tokyo_121554_semantic,121554,core,semantic,5,2018_2047595__event_002,PREVIOUS,2018_2047595__event_001,True,11,False
tokyo_121554_temporal_spatial,121554,core,temporal_spatial,1,2018_2047595__event_001,SELF,2018_2047595__event_001,True,1,False
tokyo_121554_temporal_spatial,121554,core,temporal_spatial,1,2018_2047595__event_001,NEXT,2018_2047595__event_002,True,2,False
tokyo_121554_temporal_spatial,121554,core,temporal_spatial,2,2018_2047610__event_001,SELF,2018_2047610__event_001,True,3,False
tokyo_121554_temporal_spatial,121554,core,temporal_spatial,2,2018_2047610__event_001,NEXT,2018_2047610__event_002,True,4,False
tokyo_121554_temporal_spatial,121554,core,temporal_spatial,3,2018_2047610__event_002,SELF,2018_2047610__event_002,False,,False
tokyo_121554_temporal_spatial,121554,core,temporal_spatial,3,2018_2047610__event_002,PREVIOUS,2018_2047610__event_001,False,,False
tokyo_121554_temporal_spatial,121554,core,temporal_spatial,4,2018_2047595__event_002,SELF,2018_2047595__event_002,False,,False
tokyo_121554_temporal_spatial,121554,core,temporal_spatial,4,2018_2047595__event_002,PREVIOUS,2018_2047595__event_001,False,,False
tokyo_121554_temporal_spatial,121554,core,temporal_spatial,5,2018_2047604__event_002,SELF,2018_2047604__event_002,True,5,False
tokyo_121554_temporal_spatial,121554,core,temporal_spatial,5,2018_2047604__event_002,PREVIOUS,2018_2047604__event_001,True,6,False
tokyo_126183_relational_after,126183,core,relational_after,1,2018_2118382__event_003,SELF,2018_2118382__event_003,True,1,True
tokyo_126183_relational_after,126183,core,relational_after,1,2018_2118382__event_003,PREVIOUS,2018_2118382__event_002,True,2,True
tokyo_126183_relational_after,126183,core,relational_after,2,2018_2118390__event_002,SELF,2018_2118390__event_002,True,3,True
tokyo_126183_relational_after,126183,core,relational_after,2,2018_2118390__event_002,PREVIOUS,2018_2118390__event_001,True,4,True
tokyo_126183_relational_after,126183,core,relational_after,2,2018_2118390__event_002,NEXT,2018_2118390__event_003,True,5,True
tokyo_126183_relational_after,126183,core,relational_after,3,2018_2118390__event_003,SELF,2018_2118390__event_003,False,,True
tokyo_126183_relational_after,126183,core,relational_after,3,2018_2118390__event_003,PREVIOUS,2018_2118390__event_002,False,,True
tokyo_126183_relational_after,126183,core,relational_after,4,2018_2118382__event_002,SELF,2018_2118382__event_002,False,,True
tokyo_126183_relational_after,126183,core,relational_after,4,2018_2118382__event_002,PREVIOUS,2018_2118382__event_001,True,6,True
tokyo_126183_relational_after,126183,core,relational_after,4,2018_2118382__event_002,NEXT,2018_2118382__event_003,False,,True
tokyo_126183_relational_after,126183,core,relational_after,5,2018_2118390__event_001,SELF,2018_2118390__event_001,False,,True
tokyo_126183_relational_after,126183,core,relational_after,5,2018_2118390__event_001,NEXT,2018_2118390__event_002,False,,True
tokyo_126183_semantic,126183,core,semantic,1,2018_2118349__event_002,SELF,2018_2118349__event_002,True,1,True
tokyo_126183_semantic,126183,core,semantic,1,2018_2118349__event_002,PREVIOUS,2018_2118349__event_001,True,2,True
tokyo_126183_semantic,126183,core,semantic,2,2018_2118374__event_001,SELF,2018_2118374__event_001,True,3,True
tokyo_126183_semantic,126183,core,semantic,2,2018_2118374__event_001,NEXT,2018_2118374__event_002,True,4,True
tokyo_126183_semantic,126183,core,semantic,3,2018_2118411__event_001,SELF,2018_2118411__event_001,True,5,True
tokyo_126183_semantic,126183,core,semantic,3,2018_2118411__event_001,NEXT,2018_2118411__event_002,True,6,True
tokyo_126183_semantic,126183,core,semantic,4,2018_2118370__event_002,SELF,2018_2118370__event_002,True,7,True
tokyo_126183_semantic,126183,core,semantic,4,2018_2118370__event_002,PREVIOUS,2018_2118370__event_001,True,8,True
tokyo_126183_semantic,126183,core,semantic,4,2018_2118370__event_002,NEXT,2018_2118370__event_003,True,9,True
tokyo_126183_semantic,126183,core,semantic,5,2018_2118352__event_002,SELF,2018_2118352__event_002,True,10,True
tokyo_126183_semantic,126183,core,semantic,5,2018_2118352__event_002,PREVIOUS,2018_2118352__event_001,True,11,True
tokyo_126183_temporal_spatial,126183,core,temporal_spatial,1,2018_2118374__event_002,SELF,2018_2118374__event_002,True,1,True
tokyo_126183_temporal_spatial,126183,core,temporal_spatial,1,2018_2118374__event_002,PREVIOUS,2018_2118374__event_001,True,2,True
tokyo_126183_temporal_spatial,126183,core,temporal_spatial,2,2018_2118370__event_003,SELF,2018_2118370__event_003,True,3,True
tokyo_126183_temporal_spatial,126183,core,temporal_spatial,2,2018_2118370__event_003,PREVIOUS,2018_2118370__event_002,True,4,True
tokyo_126183_temporal_spatial,126183,core,temporal_spatial,3,2018_2118382__event_003,SELF,2018_2118382__event_003,True,5,True
tokyo_126183_temporal_spatial,126183,core,temporal_spatial,3,2018_2118382__event_003,PREVIOUS,2018_2118382__event_002,True,6,True
tokyo_126183_temporal_spatial,126183,core,temporal_spatial,4,2018_2118364__event_002,SELF,2018_2118364__event_002,True,7,True
tokyo_126183_temporal_spatial,126183,core,temporal_spatial,4,2018_2118364__event_002,PREVIOUS,2018_2118364__event_001,True,8,True
tokyo_126183_temporal_spatial,126183,core,temporal_spatial,5,2018_2118392__event_003,SELF,2018_2118392__event_003,True,9,True
tokyo_126183_temporal_spatial,126183,core,temporal_spatial,5,2018_2118392__event_003,PREVIOUS,2018_2118392__event_002,True,10,True
tokyo_127201_relational_after,127201,core,relational_after,1,2018_2134912__event_002,SELF,2018_2134912__event_002,True,1,False
tokyo_127201_relational_after,127201,core,relational_after,1,2018_2134912__event_002,PREVIOUS,2018_2134912__event_001,True,2,False
tokyo_127201_relational_after,127201,core,relational_after,1,2018_2134912__event_002,NEXT,2018_2134912__event_003,True,3,False
tokyo_127201_relational_after,127201,core,relational_after,2,2018_2134938__event_005,SELF,2018_2134938__event_005,True,4,False
tokyo_127201_relational_after,127201,core,relational_after,2,2018_2134938__event_005,PREVIOUS,2018_2134938__event_004,True,5,False
tokyo_127201_relational_after,127201,core,relational_after,2,2018_2134938__event_005,NEXT,2018_2134938__event_006,True,6,False
tokyo_127201_relational_after,127201,core,relational_after,3,2018_2134912__event_003,SELF,2018_2134912__event_003,False,,False
tokyo_127201_relational_after,127201,core,relational_after,3,2018_2134912__event_003,PREVIOUS,2018_2134912__event_002,False,,False
tokyo_127201_relational_after,127201,core,relational_after,4,2018_2134912__event_001,SELF,2018_2134912__event_001,False,,False
tokyo_127201_relational_after,127201,core,relational_after,4,2018_2134912__event_001,NEXT,2018_2134912__event_002,False,,False
tokyo_127201_relational_after,127201,core,relational_after,5,2018_2134938__event_006,SELF,2018_2134938__event_006,False,,False
tokyo_127201_relational_after,127201,core,relational_after,5,2018_2134938__event_006,PREVIOUS,2018_2134938__event_005,False,,False
tokyo_127201_semantic,127201,core,semantic,1,2018_2134917__event_001,SELF,2018_2134917__event_001,True,1,False
tokyo_127201_semantic,127201,core,semantic,1,2018_2134917__event_001,NEXT,2018_2134917__event_002,True,2,False
tokyo_127201_semantic,127201,core,semantic,2,2018_2134938__event_002,SELF,2018_2134938__event_002,True,3,False
tokyo_127201_semantic,127201,core,semantic,2,2018_2134938__event_002,PREVIOUS,2018_2134938__event_001,True,4,False
tokyo_127201_semantic,127201,core,semantic,2,2018_2134938__event_002,NEXT,2018_2134938__event_003,True,5,False
tokyo_127201_semantic,127201,core,semantic,3,2018_2134922__event_001,SELF,2018_2134922__event_001,True,6,False
tokyo_127201_semantic,127201,core,semantic,3,2018_2134922__event_001,NEXT,2018_2134922__event_002,True,7,False
tokyo_127201_semantic,127201,core,semantic,4,2018_2134919__event_001,SELF,2018_2134919__event_001,True,8,False
tokyo_127201_semantic,127201,core,semantic,4,2018_2134919__event_001,NEXT,2018_2134919__event_002,True,9,False
tokyo_127201_semantic,127201,core,semantic,5,2018_2134924__event_001,SELF,2018_2134924__event_001,True,10,False
tokyo_127201_semantic,127201,core,semantic,5,2018_2134924__event_001,NEXT,2018_2134924__event_002,True,11,False
tokyo_127201_temporal_spatial,127201,core,temporal_spatial,1,2018_2134912__event_002,SELF,2018_2134912__event_002,True,1,False
tokyo_127201_temporal_spatial,127201,core,temporal_spatial,1,2018_2134912__event_002,PREVIOUS,2018_2134912__event_001,True,2,False
tokyo_127201_temporal_spatial,127201,core,temporal_spatial,1,2018_2134912__event_002,NEXT,2018_2134912__event_003,True,3,False
tokyo_127201_temporal_spatial,127201,core,temporal_spatial,2,2018_2134938__event_005,SELF,2018_2134938__event_005,True,4,False
tokyo_127201_temporal_spatial,127201,core,temporal_spatial,2,2018_2134938__event_005,PREVIOUS,2018_2134938__event_004,True,5,False
tokyo_127201_temporal_spatial,127201,core,temporal_spatial,2,2018_2134938__event_005,NEXT,2018_2134938__event_006,True,6,False
tokyo_127201_temporal_spatial,127201,core,temporal_spatial,3,2018_2134938__event_006,SELF,2018_2134938__event_006,False,,False
tokyo_127201_temporal_spatial,127201,core,temporal_spatial,3,2018_2134938__event_006,PREVIOUS,2018_2134938__event_005,False,,False
tokyo_127201_temporal_spatial,127201,core,temporal_spatial,4,2018_2134912__event_001,SELF,2018_2134912__event_001,False,,False
tokyo_127201_temporal_spatial,127201,core,temporal_spatial,4,2018_2134912__event_001,NEXT,2018_2134912__event_002,False,,False
tokyo_127201_temporal_spatial,127201,core,temporal_spatial,5,2018_2134938__event_004,SELF,2018_2134938__event_004,False,,False
tokyo_127201_temporal_spatial,127201,core,temporal_spatial,5,2018_2134938__event_004,PREVIOUS,2018_2134938__event_003,True,7,False
tokyo_127201_temporal_spatial,127201,core,temporal_spatial,5,2018_2134938__event_004,NEXT,2018_2134938__event_005,False,,False
tokyo_129047_relational_after,129047,core,relational_after,1,2018_2163684__event_001,SELF,2018_2163684__event_001,True,1,False
tokyo_129047_relational_after,129047,core,relational_after,1,2018_2163684__event_001,NEXT,2018_2163684__event_002,True,2,False
tokyo_129047_relational_after,129047,core,relational_after,2,2018_2163684__event_002,SELF,2018_2163684__event_002,False,,False
tokyo_129047_relational_after,129047,core,relational_after,2,2018_2163684__event_002,PREVIOUS,2018_2163684__event_001,False,,False
tokyo_129047_relational_after,129047,core,relational_after,3,2018_2163669__event_001,SELF,2018_2163669__event_001,True,3,False
tokyo_129047_relational_after,129047,core,relational_after,3,2018_2163669__event_001,NEXT,2018_2163669__event_002,True,4,False
tokyo_129047_relational_after,129047,core,relational_after,4,2018_2163671__event_001,SELF,2018_2163671__event_001,True,5,False
tokyo_129047_relational_after,129047,core,relational_after,4,2018_2163671__event_001,NEXT,2018_2163671__event_002,True,6,False
tokyo_129047_relational_after,129047,core,relational_after,5,2018_2163674__event_001,SELF,2018_2163674__event_001,True,7,False
tokyo_129047_relational_after,129047,core,relational_after,5,2018_2163674__event_001,NEXT,2018_2163674__event_002,True,8,False
tokyo_129047_semantic,129047,core,semantic,1,2018_2163670__event_002,SELF,2018_2163670__event_002,True,1,False
tokyo_129047_semantic,129047,core,semantic,1,2018_2163670__event_002,PREVIOUS,2018_2163670__event_001,True,2,False
tokyo_129047_semantic,129047,core,semantic,1,2018_2163670__event_002,NEXT,2018_2163670__event_003,True,3,False
tokyo_129047_semantic,129047,core,semantic,2,2018_2163670__event_003,SELF,2018_2163670__event_003,False,,False
tokyo_129047_semantic,129047,core,semantic,2,2018_2163670__event_003,PREVIOUS,2018_2163670__event_002,False,,False
tokyo_129047_semantic,129047,core,semantic,3,2018_2163682__event_002,SELF,2018_2163682__event_002,True,4,False
tokyo_129047_semantic,129047,core,semantic,3,2018_2163682__event_002,PREVIOUS,2018_2163682__event_001,True,5,False
tokyo_129047_semantic,129047,core,semantic,4,2018_2163669__event_001,SELF,2018_2163669__event_001,True,6,False
tokyo_129047_semantic,129047,core,semantic,4,2018_2163669__event_001,NEXT,2018_2163669__event_002,True,7,False
tokyo_129047_semantic,129047,core,semantic,5,2018_2163686__event_002,SELF,2018_2163686__event_002,True,8,False
tokyo_129047_semantic,129047,core,semantic,5,2018_2163686__event_002,PREVIOUS,2018_2163686__event_001,True,9,False
tokyo_129047_temporal_spatial,129047,core,temporal_spatial,1,2018_2163670__event_003,SELF,2018_2163670__event_003,True,1,False
tokyo_129047_temporal_spatial,129047,core,temporal_spatial,1,2018_2163670__event_003,PREVIOUS,2018_2163670__event_002,True,2,False
tokyo_129047_temporal_spatial,129047,core,temporal_spatial,2,2018_2163670__event_002,SELF,2018_2163670__event_002,False,,False
tokyo_129047_temporal_spatial,129047,core,temporal_spatial,2,2018_2163670__event_002,PREVIOUS,2018_2163670__event_001,True,3,False
tokyo_129047_temporal_spatial,129047,core,temporal_spatial,2,2018_2163670__event_002,NEXT,2018_2163670__event_003,False,,False
tokyo_129047_temporal_spatial,129047,core,temporal_spatial,3,2018_2163671__event_002,SELF,2018_2163671__event_002,True,4,False
tokyo_129047_temporal_spatial,129047,core,temporal_spatial,3,2018_2163671__event_002,PREVIOUS,2018_2163671__event_001,True,5,False
tokyo_129047_temporal_spatial,129047,core,temporal_spatial,4,2018_2163674__event_002,SELF,2018_2163674__event_002,True,6,False
tokyo_129047_temporal_spatial,129047,core,temporal_spatial,4,2018_2163674__event_002,PREVIOUS,2018_2163674__event_001,True,7,False
tokyo_129047_temporal_spatial,129047,core,temporal_spatial,5,2018_2163682__event_002,SELF,2018_2163682__event_002,True,8,False
tokyo_129047_temporal_spatial,129047,core,temporal_spatial,5,2018_2163682__event_002,PREVIOUS,2018_2163682__event_001,True,9,False
tokyo_130084_relational_after,130084,core,relational_after,1,2018_2179339__event_001,SELF,2018_2179339__event_001,True,1,True
tokyo_130084_relational_after,130084,core,relational_after,1,2018_2179339__event_001,NEXT,2018_2179339__event_002,True,2,True
tokyo_130084_relational_after,130084,core,relational_after,2,2018_2179326__event_002,SELF,2018_2179326__event_002,True,3,True
tokyo_130084_relational_after,130084,core,relational_after,2,2018_2179326__event_002,PREVIOUS,2018_2179326__event_001,True,4,True
tokyo_130084_relational_after,130084,core,relational_after,3,2018_2179339__event_002,SELF,2018_2179339__event_002,False,,True
tokyo_130084_relational_after,130084,core,relational_after,3,2018_2179339__event_002,PREVIOUS,2018_2179339__event_001,False,,True
tokyo_130084_relational_after,130084,core,relational_after,4,2018_2179326__event_001,SELF,2018_2179326__event_001,False,,True
tokyo_130084_relational_after,130084,core,relational_after,4,2018_2179326__event_001,NEXT,2018_2179326__event_002,False,,True
tokyo_130084_relational_after,130084,core,relational_after,5,2018_2179302__event_001,SELF,2018_2179302__event_001,True,5,True
tokyo_130084_relational_after,130084,core,relational_after,5,2018_2179302__event_001,NEXT,2018_2179302__event_002,True,6,True
tokyo_130084_semantic,130084,core,semantic,1,2018_2179333__event_001,SELF,2018_2179333__event_001,True,1,True
tokyo_130084_semantic,130084,core,semantic,1,2018_2179333__event_001,NEXT,2018_2179333__event_002,True,2,True
tokyo_130084_semantic,130084,core,semantic,2,2018_2179323__event_002,SELF,2018_2179323__event_002,True,3,True
tokyo_130084_semantic,130084,core,semantic,2,2018_2179323__event_002,PREVIOUS,2018_2179323__event_001,True,4,True
tokyo_130084_semantic,130084,core,semantic,3,2018_2179323__event_001,SELF,2018_2179323__event_001,False,,True
tokyo_130084_semantic,130084,core,semantic,3,2018_2179323__event_001,NEXT,2018_2179323__event_002,False,,True
tokyo_130084_semantic,130084,core,semantic,4,2018_2179326__event_001,SELF,2018_2179326__event_001,True,5,True
tokyo_130084_semantic,130084,core,semantic,4,2018_2179326__event_001,NEXT,2018_2179326__event_002,True,6,True
tokyo_130084_semantic,130084,core,semantic,5,2018_2179338__event_001,SELF,2018_2179338__event_001,True,7,True
tokyo_130084_semantic,130084,core,semantic,5,2018_2179338__event_001,NEXT,2018_2179338__event_002,True,8,True
tokyo_130084_temporal_spatial,130084,core,temporal_spatial,1,2018_2179329__event_003,SELF,2018_2179329__event_003,True,1,True
tokyo_130084_temporal_spatial,130084,core,temporal_spatial,1,2018_2179329__event_003,PREVIOUS,2018_2179329__event_002,True,2,True
tokyo_130084_temporal_spatial,130084,core,temporal_spatial,2,2018_2179323__event_002,SELF,2018_2179323__event_002,True,3,True
tokyo_130084_temporal_spatial,130084,core,temporal_spatial,2,2018_2179323__event_002,PREVIOUS,2018_2179323__event_001,True,4,True
tokyo_130084_temporal_spatial,130084,core,temporal_spatial,3,2018_2179310__event_002,SELF,2018_2179310__event_002,True,5,True
tokyo_130084_temporal_spatial,130084,core,temporal_spatial,3,2018_2179310__event_002,PREVIOUS,2018_2179310__event_001,True,6,True
tokyo_130084_temporal_spatial,130084,core,temporal_spatial,4,2018_2179310__event_001,SELF,2018_2179310__event_001,False,,True
tokyo_130084_temporal_spatial,130084,core,temporal_spatial,4,2018_2179310__event_001,NEXT,2018_2179310__event_002,False,,True
tokyo_130084_temporal_spatial,130084,core,temporal_spatial,5,2018_2179326__event_001,SELF,2018_2179326__event_001,True,7,True
tokyo_130084_temporal_spatial,130084,core,temporal_spatial,5,2018_2179326__event_001,NEXT,2018_2179326__event_002,True,8,True
tokyo_130568_relational_after,130568,core,relational_after,1,2018_2187169__event_001,SELF,2018_2187169__event_001,True,1,False
tokyo_130568_relational_after,130568,core,relational_after,1,2018_2187169__event_001,NEXT,2018_2187169__event_002,True,2,False
tokyo_130568_relational_after,130568,core,relational_after,2,2018_2187169__event_002,SELF,2018_2187169__event_002,False,,False
tokyo_130568_relational_after,130568,core,relational_after,2,2018_2187169__event_002,PREVIOUS,2018_2187169__event_001,False,,False
tokyo_130568_relational_after,130568,core,relational_after,3,2018_2187173__event_003,SELF,2018_2187173__event_003,True,3,False
tokyo_130568_relational_after,130568,core,relational_after,3,2018_2187173__event_003,PREVIOUS,2018_2187173__event_002,True,4,False
tokyo_130568_relational_after,130568,core,relational_after,3,2018_2187173__event_003,NEXT,2018_2187173__event_004,True,5,False
tokyo_130568_relational_after,130568,core,relational_after,4,2018_2187173__event_002,SELF,2018_2187173__event_002,False,,False
tokyo_130568_relational_after,130568,core,relational_after,4,2018_2187173__event_002,PREVIOUS,2018_2187173__event_001,True,6,False
tokyo_130568_relational_after,130568,core,relational_after,4,2018_2187173__event_002,NEXT,2018_2187173__event_003,False,,False
tokyo_130568_relational_after,130568,core,relational_after,5,2018_2187164__event_002,SELF,2018_2187164__event_002,True,7,False
tokyo_130568_relational_after,130568,core,relational_after,5,2018_2187164__event_002,PREVIOUS,2018_2187164__event_001,True,8,False
tokyo_130568_relational_after,130568,core,relational_after,5,2018_2187164__event_002,NEXT,2018_2187164__event_003,True,9,False
tokyo_130568_semantic,130568,core,semantic,1,2018_2187171__event_001,SELF,2018_2187171__event_001,True,1,False
tokyo_130568_semantic,130568,core,semantic,1,2018_2187171__event_001,NEXT,2018_2187171__event_002,True,2,False
tokyo_130568_semantic,130568,core,semantic,2,2018_2187173__event_001,SELF,2018_2187173__event_001,True,3,False
tokyo_130568_semantic,130568,core,semantic,2,2018_2187173__event_001,NEXT,2018_2187173__event_002,True,4,False
tokyo_130568_semantic,130568,core,semantic,3,2018_2187166__event_002,SELF,2018_2187166__event_002,True,5,False
tokyo_130568_semantic,130568,core,semantic,3,2018_2187166__event_002,PREVIOUS,2018_2187166__event_001,True,6,False
tokyo_130568_semantic,130568,core,semantic,4,2018_2187170__event_003,SELF,2018_2187170__event_003,True,7,False
tokyo_130568_semantic,130568,core,semantic,4,2018_2187170__event_003,PREVIOUS,2018_2187170__event_002,True,8,False
tokyo_130568_semantic,130568,core,semantic,5,2018_2187163__event_002,SELF,2018_2187163__event_002,True,9,False
tokyo_130568_semantic,130568,core,semantic,5,2018_2187163__event_002,PREVIOUS,2018_2187163__event_001,True,10,False
tokyo_130568_temporal_spatial,130568,core,temporal_spatial,1,2018_2187173__event_005,SELF,2018_2187173__event_005,True,1,False
tokyo_130568_temporal_spatial,130568,core,temporal_spatial,1,2018_2187173__event_005,PREVIOUS,2018_2187173__event_004,True,2,False
tokyo_130568_temporal_spatial,130568,core,temporal_spatial,1,2018_2187173__event_005,NEXT,2018_2187173__event_006,True,3,False
tokyo_130568_temporal_spatial,130568,core,temporal_spatial,2,2018_2187162__event_001,SELF,2018_2187162__event_001,True,4,False
tokyo_130568_temporal_spatial,130568,core,temporal_spatial,2,2018_2187162__event_001,NEXT,2018_2187162__event_002,True,5,False
tokyo_130568_temporal_spatial,130568,core,temporal_spatial,3,2018_2187173__event_006,SELF,2018_2187173__event_006,False,,False
tokyo_130568_temporal_spatial,130568,core,temporal_spatial,3,2018_2187173__event_006,PREVIOUS,2018_2187173__event_005,False,,False
tokyo_130568_temporal_spatial,130568,core,temporal_spatial,3,2018_2187173__event_006,NEXT,2018_2187173__event_007,True,6,False
tokyo_130568_temporal_spatial,130568,core,temporal_spatial,4,2018_2187163__event_001,SELF,2018_2187163__event_001,True,7,False
tokyo_130568_temporal_spatial,130568,core,temporal_spatial,4,2018_2187163__event_001,NEXT,2018_2187163__event_002,True,8,False
tokyo_130568_temporal_spatial,130568,core,temporal_spatial,5,2018_2187163__event_002,SELF,2018_2187163__event_002,False,,False
tokyo_130568_temporal_spatial,130568,core,temporal_spatial,5,2018_2187163__event_002,PREVIOUS,2018_2187163__event_001,False,,False
tokyo_130777_relational_after,130777,core,relational_after,1,2018_2190768__event_002,SELF,2018_2190768__event_002,True,1,False
tokyo_130777_relational_after,130777,core,relational_after,1,2018_2190768__event_002,PREVIOUS,2018_2190768__event_001,True,2,False
tokyo_130777_relational_after,130777,core,relational_after,1,2018_2190768__event_002,NEXT,2018_2190768__event_003,True,3,False
tokyo_130777_relational_after,130777,core,relational_after,2,2018_2190688__event_001,SELF,2018_2190688__event_001,True,4,False
tokyo_130777_relational_after,130777,core,relational_after,2,2018_2190688__event_001,NEXT,2018_2190688__event_002,True,5,False
tokyo_130777_relational_after,130777,core,relational_after,3,2018_2190768__event_003,SELF,2018_2190768__event_003,False,,False
tokyo_130777_relational_after,130777,core,relational_after,3,2018_2190768__event_003,PREVIOUS,2018_2190768__event_002,False,,False
tokyo_130777_relational_after,130777,core,relational_after,3,2018_2190768__event_003,NEXT,2018_2190768__event_004,True,6,False
tokyo_130777_relational_after,130777,core,relational_after,4,2018_2190768__event_001,SELF,2018_2190768__event_001,False,,False
tokyo_130777_relational_after,130777,core,relational_after,4,2018_2190768__event_001,NEXT,2018_2190768__event_002,False,,False
tokyo_130777_relational_after,130777,core,relational_after,5,2018_2190718__event_002,SELF,2018_2190718__event_002,True,7,False
tokyo_130777_relational_after,130777,core,relational_after,5,2018_2190718__event_002,PREVIOUS,2018_2190718__event_001,True,8,False
tokyo_130777_semantic,130777,core,semantic,1,2018_2190763__event_002,SELF,2018_2190763__event_002,True,1,False
tokyo_130777_semantic,130777,core,semantic,1,2018_2190763__event_002,PREVIOUS,2018_2190763__event_001,True,2,False
tokyo_130777_semantic,130777,core,semantic,2,2018_2190702__event_001,SELF,2018_2190702__event_001,True,3,False
tokyo_130777_semantic,130777,core,semantic,2,2018_2190702__event_001,NEXT,2018_2190702__event_002,True,4,False
tokyo_130777_semantic,130777,core,semantic,3,2018_2190688__event_003,SELF,2018_2190688__event_003,True,5,False
tokyo_130777_semantic,130777,core,semantic,3,2018_2190688__event_003,PREVIOUS,2018_2190688__event_002,True,6,False
tokyo_130777_semantic,130777,core,semantic,4,2018_2190702__event_002,SELF,2018_2190702__event_002,False,,False
tokyo_130777_semantic,130777,core,semantic,4,2018_2190702__event_002,PREVIOUS,2018_2190702__event_001,False,,False
tokyo_130777_semantic,130777,core,semantic,5,2018_2190696__event_003,SELF,2018_2190696__event_003,True,7,False
tokyo_130777_semantic,130777,core,semantic,5,2018_2190696__event_003,PREVIOUS,2018_2190696__event_002,True,8,False
tokyo_130777_temporal_spatial,130777,core,temporal_spatial,1,2018_2190702__event_001,SELF,2018_2190702__event_001,True,1,False
tokyo_130777_temporal_spatial,130777,core,temporal_spatial,1,2018_2190702__event_001,NEXT,2018_2190702__event_002,True,2,False
tokyo_130777_temporal_spatial,130777,core,temporal_spatial,2,2018_2190702__event_002,SELF,2018_2190702__event_002,False,,False
tokyo_130777_temporal_spatial,130777,core,temporal_spatial,2,2018_2190702__event_002,PREVIOUS,2018_2190702__event_001,False,,False
tokyo_130777_temporal_spatial,130777,core,temporal_spatial,3,2018_2190703__event_002,SELF,2018_2190703__event_002,True,3,False
tokyo_130777_temporal_spatial,130777,core,temporal_spatial,3,2018_2190703__event_002,PREVIOUS,2018_2190703__event_001,True,4,False
tokyo_130777_temporal_spatial,130777,core,temporal_spatial,3,2018_2190703__event_002,NEXT,2018_2190703__event_003,True,5,False
tokyo_130777_temporal_spatial,130777,core,temporal_spatial,4,2018_2190696__event_003,SELF,2018_2190696__event_003,True,6,False
tokyo_130777_temporal_spatial,130777,core,temporal_spatial,4,2018_2190696__event_003,PREVIOUS,2018_2190696__event_002,True,7,False
tokyo_130777_temporal_spatial,130777,core,temporal_spatial,5,2018_2190713__event_001,SELF,2018_2190713__event_001,True,8,False
tokyo_130777_temporal_spatial,130777,core,temporal_spatial,5,2018_2190713__event_001,NEXT,2018_2190713__event_002,True,9,False
tokyo_130872_relational_after,130872,core,relational_after,1,2018_2192458__event_001,SELF,2018_2192458__event_001,True,1,False
tokyo_130872_relational_after,130872,core,relational_after,1,2018_2192458__event_001,NEXT,2018_2192458__event_002,True,2,False
tokyo_130872_relational_after,130872,core,relational_after,2,2018_2192448__event_001,SELF,2018_2192448__event_001,True,3,False
tokyo_130872_relational_after,130872,core,relational_after,2,2018_2192448__event_001,NEXT,2018_2192448__event_002,True,4,False
tokyo_130872_relational_after,130872,core,relational_after,3,2018_2192468__event_001,SELF,2018_2192468__event_001,True,5,False
tokyo_130872_relational_after,130872,core,relational_after,3,2018_2192468__event_001,NEXT,2018_2192468__event_002,True,6,False
tokyo_130872_relational_after,130872,core,relational_after,4,2018_2192461__event_001,SELF,2018_2192461__event_001,True,7,False
tokyo_130872_relational_after,130872,core,relational_after,4,2018_2192461__event_001,NEXT,2018_2192461__event_002,True,8,False
tokyo_130872_relational_after,130872,core,relational_after,5,2018_2192457__event_003,SELF,2018_2192457__event_003,True,9,False
tokyo_130872_relational_after,130872,core,relational_after,5,2018_2192457__event_003,PREVIOUS,2018_2192457__event_002,True,10,False
tokyo_130872_semantic,130872,core,semantic,1,2018_2192451__event_003,SELF,2018_2192451__event_003,True,1,False
tokyo_130872_semantic,130872,core,semantic,1,2018_2192451__event_003,PREVIOUS,2018_2192451__event_002,True,2,False
tokyo_130872_semantic,130872,core,semantic,2,2018_2192476__event_001,SELF,2018_2192476__event_001,True,3,False
tokyo_130872_semantic,130872,core,semantic,2,2018_2192476__event_001,NEXT,2018_2192476__event_002,True,4,False
tokyo_130872_semantic,130872,core,semantic,3,2018_2192445__event_002,SELF,2018_2192445__event_002,True,5,False
tokyo_130872_semantic,130872,core,semantic,3,2018_2192445__event_002,PREVIOUS,2018_2192445__event_001,True,6,False
tokyo_130872_semantic,130872,core,semantic,4,2018_2192464__event_002,SELF,2018_2192464__event_002,True,7,False
tokyo_130872_semantic,130872,core,semantic,4,2018_2192464__event_002,PREVIOUS,2018_2192464__event_001,True,8,False
tokyo_130872_semantic,130872,core,semantic,4,2018_2192464__event_002,NEXT,2018_2192464__event_003,True,9,False
tokyo_130872_semantic,130872,core,semantic,5,2018_2192458__event_001,SELF,2018_2192458__event_001,True,10,False
tokyo_130872_semantic,130872,core,semantic,5,2018_2192458__event_001,NEXT,2018_2192458__event_002,True,11,False
tokyo_130872_temporal_spatial,130872,core,temporal_spatial,1,2018_2192476__event_001,SELF,2018_2192476__event_001,True,1,False
tokyo_130872_temporal_spatial,130872,core,temporal_spatial,1,2018_2192476__event_001,NEXT,2018_2192476__event_002,True,2,False
tokyo_130872_temporal_spatial,130872,core,temporal_spatial,2,2018_2192458__event_001,SELF,2018_2192458__event_001,True,3,False
tokyo_130872_temporal_spatial,130872,core,temporal_spatial,2,2018_2192458__event_001,NEXT,2018_2192458__event_002,True,4,False
tokyo_130872_temporal_spatial,130872,core,temporal_spatial,3,2018_2192448__event_001,SELF,2018_2192448__event_001,True,5,False
tokyo_130872_temporal_spatial,130872,core,temporal_spatial,3,2018_2192448__event_001,NEXT,2018_2192448__event_002,True,6,False
tokyo_130872_temporal_spatial,130872,core,temporal_spatial,4,2018_2192468__event_001,SELF,2018_2192468__event_001,True,7,False
tokyo_130872_temporal_spatial,130872,core,temporal_spatial,4,2018_2192468__event_001,NEXT,2018_2192468__event_002,True,8,False
tokyo_130872_temporal_spatial,130872,core,temporal_spatial,5,2018_2192469__event_001,SELF,2018_2192469__event_001,True,9,False
tokyo_130872_temporal_spatial,130872,core,temporal_spatial,5,2018_2192469__event_001,NEXT,2018_2192469__event_002,True,10,False
tokyo_131525_relational_after,131525,core,relational_after,1,2018_2202067__event_002,SELF,2018_2202067__event_002,True,1,False
tokyo_131525_relational_after,131525,core,relational_after,1,2018_2202067__event_002,PREVIOUS,2018_2202067__event_001,True,2,False
tokyo_131525_relational_after,131525,core,relational_after,2,2018_2202067__event_001,SELF,2018_2202067__event_001,False,,False
tokyo_131525_relational_after,131525,core,relational_after,2,2018_2202067__event_001,NEXT,2018_2202067__event_002,False,,False
tokyo_131525_relational_after,131525,core,relational_after,3,2018_2202061__event_001,SELF,2018_2202061__event_001,True,3,False
tokyo_131525_relational_after,131525,core,relational_after,3,2018_2202061__event_001,NEXT,2018_2202061__event_002,True,4,False
tokyo_131525_relational_after,131525,core,relational_after,4,2018_2202061__event_002,SELF,2018_2202061__event_002,False,,False
tokyo_131525_relational_after,131525,core,relational_after,4,2018_2202061__event_002,PREVIOUS,2018_2202061__event_001,False,,False
tokyo_131525_relational_after,131525,core,relational_after,5,2018_2202056__event_003,SELF,2018_2202056__event_003,True,5,False
tokyo_131525_relational_after,131525,core,relational_after,5,2018_2202056__event_003,PREVIOUS,2018_2202056__event_002,True,6,False
tokyo_131525_semantic,131525,core,semantic,1,2018_2202078__event_002,SELF,2018_2202078__event_002,True,1,False
tokyo_131525_semantic,131525,core,semantic,1,2018_2202078__event_002,PREVIOUS,2018_2202078__event_001,True,2,False
tokyo_131525_semantic,131525,core,semantic,2,2018_2202086__event_002,SELF,2018_2202086__event_002,True,3,False
tokyo_131525_semantic,131525,core,semantic,2,2018_2202086__event_002,PREVIOUS,2018_2202086__event_001,True,4,False
tokyo_131525_semantic,131525,core,semantic,3,2018_2202062__event_001,SELF,2018_2202062__event_001,True,5,False
tokyo_131525_semantic,131525,core,semantic,3,2018_2202062__event_001,NEXT,2018_2202062__event_002,True,6,False
tokyo_131525_semantic,131525,core,semantic,4,2018_2202084__event_002,SELF,2018_2202084__event_002,True,7,False
tokyo_131525_semantic,131525,core,semantic,4,2018_2202084__event_002,PREVIOUS,2018_2202084__event_001,True,8,False
tokyo_131525_semantic,131525,core,semantic,5,2018_2202065__event_003,SELF,2018_2202065__event_003,True,9,False
tokyo_131525_semantic,131525,core,semantic,5,2018_2202065__event_003,PREVIOUS,2018_2202065__event_002,True,10,False
tokyo_131525_temporal_spatial,131525,core,temporal_spatial,1,2018_2202069__event_002,SELF,2018_2202069__event_002,True,1,False
tokyo_131525_temporal_spatial,131525,core,temporal_spatial,1,2018_2202069__event_002,PREVIOUS,2018_2202069__event_001,True,2,False
tokyo_131525_temporal_spatial,131525,core,temporal_spatial,2,2018_2202084__event_001,SELF,2018_2202084__event_001,True,3,False
tokyo_131525_temporal_spatial,131525,core,temporal_spatial,2,2018_2202084__event_001,NEXT,2018_2202084__event_002,True,4,False
tokyo_131525_temporal_spatial,131525,core,temporal_spatial,3,2018_2202071__event_003,SELF,2018_2202071__event_003,True,5,False
tokyo_131525_temporal_spatial,131525,core,temporal_spatial,3,2018_2202071__event_003,PREVIOUS,2018_2202071__event_002,True,6,False
tokyo_131525_temporal_spatial,131525,core,temporal_spatial,4,2018_2202076__event_001,SELF,2018_2202076__event_001,True,7,False
tokyo_131525_temporal_spatial,131525,core,temporal_spatial,4,2018_2202076__event_001,NEXT,2018_2202076__event_002,True,8,False
tokyo_131525_temporal_spatial,131525,core,temporal_spatial,5,2018_2202069__event_001,SELF,2018_2202069__event_001,False,,False
tokyo_131525_temporal_spatial,131525,core,temporal_spatial,5,2018_2202069__event_001,NEXT,2018_2202069__event_002,False,,False
tokyo_132723_relational_after,132723,core,relational_after,1,2018_2219866__event_002,SELF,2018_2219866__event_002,True,1,True
tokyo_132723_relational_after,132723,core,relational_after,1,2018_2219866__event_002,PREVIOUS,2018_2219866__event_001,True,2,True
tokyo_132723_relational_after,132723,core,relational_after,2,2018_2219917__event_002,SELF,2018_2219917__event_002,True,3,True
tokyo_132723_relational_after,132723,core,relational_after,2,2018_2219917__event_002,PREVIOUS,2018_2219917__event_001,True,4,True
tokyo_132723_relational_after,132723,core,relational_after,2,2018_2219917__event_002,NEXT,2018_2219917__event_003,True,5,True
tokyo_132723_relational_after,132723,core,relational_after,3,2018_2219894__event_002,SELF,2018_2219894__event_002,True,6,True
tokyo_132723_relational_after,132723,core,relational_after,3,2018_2219894__event_002,PREVIOUS,2018_2219894__event_001,True,7,True
tokyo_132723_relational_after,132723,core,relational_after,4,2018_2219871__event_001,SELF,2018_2219871__event_001,True,8,True
tokyo_132723_relational_after,132723,core,relational_after,4,2018_2219871__event_001,NEXT,2018_2219871__event_002,True,9,True
tokyo_132723_relational_after,132723,core,relational_after,5,2018_2219866__event_001,SELF,2018_2219866__event_001,False,,True
tokyo_132723_relational_after,132723,core,relational_after,5,2018_2219866__event_001,NEXT,2018_2219866__event_002,False,,True
tokyo_132723_semantic,132723,core,semantic,1,2018_2219906__event_002,SELF,2018_2219906__event_002,True,1,True
tokyo_132723_semantic,132723,core,semantic,1,2018_2219906__event_002,PREVIOUS,2018_2219906__event_001,True,2,True
tokyo_132723_semantic,132723,core,semantic,2,2018_2219903__event_001,SELF,2018_2219903__event_001,True,3,True
tokyo_132723_semantic,132723,core,semantic,2,2018_2219903__event_001,NEXT,2018_2219903__event_002,True,4,True
tokyo_132723_semantic,132723,core,semantic,3,2018_2219917__event_003,SELF,2018_2219917__event_003,True,5,True
tokyo_132723_semantic,132723,core,semantic,3,2018_2219917__event_003,PREVIOUS,2018_2219917__event_002,True,6,True
tokyo_132723_semantic,132723,core,semantic,4,2018_2219867__event_002,SELF,2018_2219867__event_002,True,7,True
tokyo_132723_semantic,132723,core,semantic,4,2018_2219867__event_002,PREVIOUS,2018_2219867__event_001,True,8,True
tokyo_132723_semantic,132723,core,semantic,5,2018_2219904__event_001,SELF,2018_2219904__event_001,True,9,True
tokyo_132723_semantic,132723,core,semantic,5,2018_2219904__event_001,NEXT,2018_2219904__event_002,True,10,True
tokyo_132723_temporal_spatial,132723,core,temporal_spatial,1,2018_2219904__event_002,SELF,2018_2219904__event_002,True,1,True
tokyo_132723_temporal_spatial,132723,core,temporal_spatial,1,2018_2219904__event_002,PREVIOUS,2018_2219904__event_001,True,2,True
tokyo_132723_temporal_spatial,132723,core,temporal_spatial,2,2018_2219903__event_002,SELF,2018_2219903__event_002,True,3,True
tokyo_132723_temporal_spatial,132723,core,temporal_spatial,2,2018_2219903__event_002,PREVIOUS,2018_2219903__event_001,True,4,True
tokyo_132723_temporal_spatial,132723,core,temporal_spatial,3,2018_2219915__event_001,SELF,2018_2219915__event_001,True,5,True
tokyo_132723_temporal_spatial,132723,core,temporal_spatial,3,2018_2219915__event_001,NEXT,2018_2219915__event_002,True,6,True
tokyo_132723_temporal_spatial,132723,core,temporal_spatial,4,2018_2219903__event_001,SELF,2018_2219903__event_001,False,,True
tokyo_132723_temporal_spatial,132723,core,temporal_spatial,4,2018_2219903__event_001,NEXT,2018_2219903__event_002,False,,True
tokyo_132723_temporal_spatial,132723,core,temporal_spatial,5,2018_2219906__event_001,SELF,2018_2219906__event_001,True,7,True
tokyo_132723_temporal_spatial,132723,core,temporal_spatial,5,2018_2219906__event_001,NEXT,2018_2219906__event_002,True,8,True
tokyo_134307_relational_after,134307,core,relational_after,1,2018_2242033__event_003,SELF,2018_2242033__event_003,True,1,False
tokyo_134307_relational_after,134307,core,relational_after,1,2018_2242033__event_003,PREVIOUS,2018_2242033__event_002,True,2,False
tokyo_134307_relational_after,134307,core,relational_after,2,2018_2242042__event_001,SELF,2018_2242042__event_001,True,3,False
tokyo_134307_relational_after,134307,core,relational_after,2,2018_2242042__event_001,NEXT,2018_2242042__event_002,True,4,False
tokyo_134307_relational_after,134307,core,relational_after,3,2018_2242033__event_002,SELF,2018_2242033__event_002,False,,False
tokyo_134307_relational_after,134307,core,relational_after,3,2018_2242033__event_002,PREVIOUS,2018_2242033__event_001,True,5,False
tokyo_134307_relational_after,134307,core,relational_after,3,2018_2242033__event_002,NEXT,2018_2242033__event_003,False,,False
tokyo_134307_relational_after,134307,core,relational_after,4,2018_2242042__event_002,SELF,2018_2242042__event_002,False,,False
tokyo_134307_relational_after,134307,core,relational_after,4,2018_2242042__event_002,PREVIOUS,2018_2242042__event_001,False,,False
tokyo_134307_relational_after,134307,core,relational_after,5,2018_2242033__event_001,SELF,2018_2242033__event_001,False,,False
tokyo_134307_relational_after,134307,core,relational_after,5,2018_2242033__event_001,NEXT,2018_2242033__event_002,False,,False
tokyo_134307_semantic,134307,core,semantic,1,2018_2242051__event_003,SELF,2018_2242051__event_003,True,1,False
tokyo_134307_semantic,134307,core,semantic,1,2018_2242051__event_003,PREVIOUS,2018_2242051__event_002,True,2,False
tokyo_134307_semantic,134307,core,semantic,2,2018_2242026__event_002,SELF,2018_2242026__event_002,True,3,False
tokyo_134307_semantic,134307,core,semantic,2,2018_2242026__event_002,PREVIOUS,2018_2242026__event_001,True,4,False
tokyo_134307_semantic,134307,core,semantic,3,2018_2242026__event_001,SELF,2018_2242026__event_001,False,,False
tokyo_134307_semantic,134307,core,semantic,3,2018_2242026__event_001,NEXT,2018_2242026__event_002,False,,False
tokyo_134307_semantic,134307,core,semantic,4,2018_2242043__event_002,SELF,2018_2242043__event_002,True,5,False
tokyo_134307_semantic,134307,core,semantic,4,2018_2242043__event_002,PREVIOUS,2018_2242043__event_001,True,6,False
tokyo_134307_semantic,134307,core,semantic,5,2018_2242038__event_001,SELF,2018_2242038__event_001,True,7,False
tokyo_134307_semantic,134307,core,semantic,5,2018_2242038__event_001,NEXT,2018_2242038__event_002,True,8,False
tokyo_134307_temporal_spatial,134307,core,temporal_spatial,1,2018_2242038__event_002,SELF,2018_2242038__event_002,True,1,False
tokyo_134307_temporal_spatial,134307,core,temporal_spatial,1,2018_2242038__event_002,PREVIOUS,2018_2242038__event_001,True,2,False
tokyo_134307_temporal_spatial,134307,core,temporal_spatial,2,2018_2242029__event_002,SELF,2018_2242029__event_002,True,3,False
tokyo_134307_temporal_spatial,134307,core,temporal_spatial,2,2018_2242029__event_002,PREVIOUS,2018_2242029__event_001,True,4,False
tokyo_134307_temporal_spatial,134307,core,temporal_spatial,3,2018_2242038__event_001,SELF,2018_2242038__event_001,False,,False
tokyo_134307_temporal_spatial,134307,core,temporal_spatial,3,2018_2242038__event_001,NEXT,2018_2242038__event_002,False,,False
tokyo_134307_temporal_spatial,134307,core,temporal_spatial,4,2018_2242026__event_001,SELF,2018_2242026__event_001,True,5,False
tokyo_134307_temporal_spatial,134307,core,temporal_spatial,4,2018_2242026__event_001,NEXT,2018_2242026__event_002,True,6,False
tokyo_134307_temporal_spatial,134307,core,temporal_spatial,5,2018_2242043__event_002,SELF,2018_2242043__event_002,True,7,False
tokyo_134307_temporal_spatial,134307,core,temporal_spatial,5,2018_2242043__event_002,PREVIOUS,2018_2242043__event_001,True,8,False
tokyo_135393_relational_after,135393,core,relational_after,1,2018_2257268__event_001,SELF,2018_2257268__event_001,True,1,False
tokyo_135393_relational_after,135393,core,relational_after,1,2018_2257268__event_001,NEXT,2018_2257268__event_002,True,2,False
tokyo_135393_relational_after,135393,core,relational_after,2,2018_2257318__event_001,SELF,2018_2257318__event_001,True,3,False
tokyo_135393_relational_after,135393,core,relational_after,2,2018_2257318__event_001,NEXT,2018_2257318__event_002,True,4,False
tokyo_135393_relational_after,135393,core,relational_after,3,2018_2257274__event_002,SELF,2018_2257274__event_002,True,5,False
tokyo_135393_relational_after,135393,core,relational_after,3,2018_2257274__event_002,PREVIOUS,2018_2257274__event_001,True,6,False
tokyo_135393_relational_after,135393,core,relational_after,3,2018_2257274__event_002,NEXT,2018_2257274__event_003,True,7,False
tokyo_135393_relational_after,135393,core,relational_after,4,2018_2257260__event_002,SELF,2018_2257260__event_002,True,8,False
tokyo_135393_relational_after,135393,core,relational_after,4,2018_2257260__event_002,PREVIOUS,2018_2257260__event_001,True,9,False
tokyo_135393_relational_after,135393,core,relational_after,5,2018_2257276__event_001,SELF,2018_2257276__event_001,True,10,False
tokyo_135393_relational_after,135393,core,relational_after,5,2018_2257276__event_001,NEXT,2018_2257276__event_002,True,11,False
tokyo_135393_semantic,135393,core,semantic,1,2018_2257283__event_003,SELF,2018_2257283__event_003,True,1,False
tokyo_135393_semantic,135393,core,semantic,1,2018_2257283__event_003,PREVIOUS,2018_2257283__event_002,True,2,False
tokyo_135393_semantic,135393,core,semantic,1,2018_2257283__event_003,NEXT,2018_2257283__event_004,True,3,False
tokyo_135393_semantic,135393,core,semantic,2,2018_2257273__event_001,SELF,2018_2257273__event_001,True,4,False
tokyo_135393_semantic,135393,core,semantic,2,2018_2257273__event_001,NEXT,2018_2257273__event_002,True,5,False
tokyo_135393_semantic,135393,core,semantic,3,2018_2257269__event_001,SELF,2018_2257269__event_001,True,6,False
tokyo_135393_semantic,135393,core,semantic,3,2018_2257269__event_001,NEXT,2018_2257269__event_002,True,7,False
tokyo_135393_semantic,135393,core,semantic,4,2018_2257265__event_003,SELF,2018_2257265__event_003,True,8,False
tokyo_135393_semantic,135393,core,semantic,4,2018_2257265__event_003,PREVIOUS,2018_2257265__event_002,True,9,False
tokyo_135393_semantic,135393,core,semantic,5,2018_2257283__event_001,SELF,2018_2257283__event_001,True,10,False
tokyo_135393_semantic,135393,core,semantic,5,2018_2257283__event_001,NEXT,2018_2257283__event_002,False,,False
tokyo_135393_temporal_spatial,135393,core,temporal_spatial,1,2018_2257283__event_004,SELF,2018_2257283__event_004,True,1,False
tokyo_135393_temporal_spatial,135393,core,temporal_spatial,1,2018_2257283__event_004,PREVIOUS,2018_2257283__event_003,True,2,False
tokyo_135393_temporal_spatial,135393,core,temporal_spatial,2,2018_2257269__event_002,SELF,2018_2257269__event_002,True,3,False
tokyo_135393_temporal_spatial,135393,core,temporal_spatial,2,2018_2257269__event_002,PREVIOUS,2018_2257269__event_001,True,4,False
tokyo_135393_temporal_spatial,135393,core,temporal_spatial,3,2018_2257299__event_001,SELF,2018_2257299__event_001,True,5,False
tokyo_135393_temporal_spatial,135393,core,temporal_spatial,3,2018_2257299__event_001,NEXT,2018_2257299__event_002,True,6,False
tokyo_135393_temporal_spatial,135393,core,temporal_spatial,4,2018_2257267__event_001,SELF,2018_2257267__event_001,True,7,False
tokyo_135393_temporal_spatial,135393,core,temporal_spatial,4,2018_2257267__event_001,NEXT,2018_2257267__event_002,True,8,False
tokyo_135393_temporal_spatial,135393,core,temporal_spatial,5,2018_2257283__event_002,SELF,2018_2257283__event_002,True,9,False
tokyo_135393_temporal_spatial,135393,core,temporal_spatial,5,2018_2257283__event_002,PREVIOUS,2018_2257283__event_001,True,10,False
tokyo_135393_temporal_spatial,135393,core,temporal_spatial,5,2018_2257283__event_002,NEXT,2018_2257283__event_003,False,,False
tokyo_138301_relational_after,138301,core,relational_after,1,2018_2294104__event_002,SELF,2018_2294104__event_002,True,1,False
tokyo_138301_relational_after,138301,core,relational_after,1,2018_2294104__event_002,PREVIOUS,2018_2294104__event_001,True,2,False
tokyo_138301_relational_after,138301,core,relational_after,1,2018_2294104__event_002,NEXT,2018_2294104__event_003,True,3,False
tokyo_138301_relational_after,138301,core,relational_after,2,2018_2294104__event_003,SELF,2018_2294104__event_003,False,,False
tokyo_138301_relational_after,138301,core,relational_after,2,2018_2294104__event_003,PREVIOUS,2018_2294104__event_002,False,,False
tokyo_138301_relational_after,138301,core,relational_after,2,2018_2294104__event_003,NEXT,2018_2294104__event_004,True,4,False
tokyo_138301_relational_after,138301,core,relational_after,3,2018_2294100__event_001,SELF,2018_2294100__event_001,True,5,False
tokyo_138301_relational_after,138301,core,relational_after,3,2018_2294100__event_001,NEXT,2018_2294100__event_002,True,6,False
tokyo_138301_relational_after,138301,core,relational_after,4,2018_2294067__event_001,SELF,2018_2294067__event_001,True,7,False
tokyo_138301_relational_after,138301,core,relational_after,4,2018_2294067__event_001,NEXT,2018_2294067__event_002,True,8,False
tokyo_138301_relational_after,138301,core,relational_after,5,2018_2294132__event_001,SELF,2018_2294132__event_001,True,9,False
tokyo_138301_relational_after,138301,core,relational_after,5,2018_2294132__event_001,NEXT,2018_2294132__event_002,True,10,False
tokyo_138301_semantic,138301,core,semantic,1,2018_2294095__event_002,SELF,2018_2294095__event_002,True,1,False
tokyo_138301_semantic,138301,core,semantic,1,2018_2294095__event_002,PREVIOUS,2018_2294095__event_001,True,2,False
tokyo_138301_semantic,138301,core,semantic,2,2018_2294097__event_001,SELF,2018_2294097__event_001,True,3,False
tokyo_138301_semantic,138301,core,semantic,2,2018_2294097__event_001,NEXT,2018_2294097__event_002,True,4,False
tokyo_138301_semantic,138301,core,semantic,3,2018_2294095__event_001,SELF,2018_2294095__event_001,False,,False
tokyo_138301_semantic,138301,core,semantic,3,2018_2294095__event_001,NEXT,2018_2294095__event_002,False,,False
tokyo_138301_semantic,138301,core,semantic,4,2018_2294097__event_002,SELF,2018_2294097__event_002,False,,False
tokyo_138301_semantic,138301,core,semantic,4,2018_2294097__event_002,PREVIOUS,2018_2294097__event_001,False,,False
tokyo_138301_semantic,138301,core,semantic,5,2018_2294109__event_001,SELF,2018_2294109__event_001,True,5,False
tokyo_138301_semantic,138301,core,semantic,5,2018_2294109__event_001,NEXT,2018_2294109__event_002,True,6,False
tokyo_138301_temporal_spatial,138301,core,temporal_spatial,1,2018_2294117__event_001,SELF,2018_2294117__event_001,True,1,False
tokyo_138301_temporal_spatial,138301,core,temporal_spatial,1,2018_2294117__event_001,NEXT,2018_2294117__event_002,True,2,False
tokyo_138301_temporal_spatial,138301,core,temporal_spatial,2,2018_2294097__event_001,SELF,2018_2294097__event_001,True,3,False
tokyo_138301_temporal_spatial,138301,core,temporal_spatial,2,2018_2294097__event_001,NEXT,2018_2294097__event_002,True,4,False
tokyo_138301_temporal_spatial,138301,core,temporal_spatial,3,2018_2294109__event_001,SELF,2018_2294109__event_001,True,5,False
tokyo_138301_temporal_spatial,138301,core,temporal_spatial,3,2018_2294109__event_001,NEXT,2018_2294109__event_002,True,6,False
tokyo_138301_temporal_spatial,138301,core,temporal_spatial,4,2018_2294113__event_003,SELF,2018_2294113__event_003,True,7,False
tokyo_138301_temporal_spatial,138301,core,temporal_spatial,4,2018_2294113__event_003,PREVIOUS,2018_2294113__event_002,True,8,False
tokyo_138301_temporal_spatial,138301,core,temporal_spatial,4,2018_2294113__event_003,NEXT,2018_2294113__event_004,True,9,False
tokyo_138301_temporal_spatial,138301,core,temporal_spatial,5,2018_2294104__event_003,SELF,2018_2294104__event_003,True,10,False
tokyo_138301_temporal_spatial,138301,core,temporal_spatial,5,2018_2294104__event_003,PREVIOUS,2018_2294104__event_002,True,11,False
tokyo_138301_temporal_spatial,138301,core,temporal_spatial,5,2018_2294104__event_003,NEXT,2018_2294104__event_004,True,12,False
tokyo_139656_relational_after,139656,core,relational_after,1,2018_2308851__event_001,SELF,2018_2308851__event_001,True,1,True
tokyo_139656_relational_after,139656,core,relational_after,1,2018_2308851__event_001,NEXT,2018_2308851__event_002,True,2,True
tokyo_139656_relational_after,139656,core,relational_after,2,2018_2308851__event_002,SELF,2018_2308851__event_002,False,,True
tokyo_139656_relational_after,139656,core,relational_after,2,2018_2308851__event_002,PREVIOUS,2018_2308851__event_001,False,,True
tokyo_139656_relational_after,139656,core,relational_after,2,2018_2308851__event_002,NEXT,2018_2308851__event_003,True,3,True
tokyo_139656_relational_after,139656,core,relational_after,3,2018_2308866__event_001,SELF,2018_2308866__event_001,True,4,True
tokyo_139656_relational_after,139656,core,relational_after,3,2018_2308866__event_001,NEXT,2018_2308866__event_002,True,5,True
tokyo_139656_relational_after,139656,core,relational_after,4,2018_2308866__event_002,SELF,2018_2308866__event_002,False,,True
tokyo_139656_relational_after,139656,core,relational_after,4,2018_2308866__event_002,PREVIOUS,2018_2308866__event_001,False,,True
tokyo_139656_relational_after,139656,core,relational_after,5,2018_2308868__event_001,SELF,2018_2308868__event_001,True,6,True
tokyo_139656_relational_after,139656,core,relational_after,5,2018_2308868__event_001,NEXT,2018_2308868__event_002,True,7,True
tokyo_139656_semantic,139656,core,semantic,1,2018_2308863__event_002,SELF,2018_2308863__event_002,True,1,True
tokyo_139656_semantic,139656,core,semantic,1,2018_2308863__event_002,PREVIOUS,2018_2308863__event_001,True,2,True
tokyo_139656_semantic,139656,core,semantic,2,2018_2308887__event_002,SELF,2018_2308887__event_002,True,3,True
tokyo_139656_semantic,139656,core,semantic,2,2018_2308887__event_002,PREVIOUS,2018_2308887__event_001,True,4,True
tokyo_139656_semantic,139656,core,semantic,3,2018_2308886__event_002,SELF,2018_2308886__event_002,True,5,True
tokyo_139656_semantic,139656,core,semantic,3,2018_2308886__event_002,PREVIOUS,2018_2308886__event_001,True,6,True
tokyo_139656_semantic,139656,core,semantic,4,2018_2308846__event_002,SELF,2018_2308846__event_002,True,7,True
tokyo_139656_semantic,139656,core,semantic,4,2018_2308846__event_002,PREVIOUS,2018_2308846__event_001,True,8,True
tokyo_139656_semantic,139656,core,semantic,5,2018_2308885__event_002,SELF,2018_2308885__event_002,True,9,True
tokyo_139656_semantic,139656,core,semantic,5,2018_2308885__event_002,PREVIOUS,2018_2308885__event_001,True,10,True
tokyo_139656_temporal_spatial,139656,core,temporal_spatial,1,2018_2308846__event_002,SELF,2018_2308846__event_002,True,1,True
tokyo_139656_temporal_spatial,139656,core,temporal_spatial,1,2018_2308846__event_002,PREVIOUS,2018_2308846__event_001,True,2,True
tokyo_139656_temporal_spatial,139656,core,temporal_spatial,2,2018_2308845__event_002,SELF,2018_2308845__event_002,True,3,True
tokyo_139656_temporal_spatial,139656,core,temporal_spatial,2,2018_2308845__event_002,PREVIOUS,2018_2308845__event_001,True,4,True
tokyo_139656_temporal_spatial,139656,core,temporal_spatial,3,2018_2308851__event_003,SELF,2018_2308851__event_003,True,5,True
tokyo_139656_temporal_spatial,139656,core,temporal_spatial,3,2018_2308851__event_003,PREVIOUS,2018_2308851__event_002,True,6,True
tokyo_139656_temporal_spatial,139656,core,temporal_spatial,4,2018_2308849__event_002,SELF,2018_2308849__event_002,True,7,True
tokyo_139656_temporal_spatial,139656,core,temporal_spatial,4,2018_2308849__event_002,PREVIOUS,2018_2308849__event_001,True,8,True
tokyo_139656_temporal_spatial,139656,core,temporal_spatial,5,2018_2308839__event_002,SELF,2018_2308839__event_002,True,9,True
tokyo_139656_temporal_spatial,139656,core,temporal_spatial,5,2018_2308839__event_002,PREVIOUS,2018_2308839__event_001,True,10,True
tokyo_140734_relational_after,140734,core,relational_after,1,2018_2320244__event_002,SELF,2018_2320244__event_002,True,1,False
tokyo_140734_relational_after,140734,core,relational_after,1,2018_2320244__event_002,PREVIOUS,2018_2320244__event_001,True,2,False
tokyo_140734_relational_after,140734,core,relational_after,2,2018_2320244__event_001,SELF,2018_2320244__event_001,False,,False
tokyo_140734_relational_after,140734,core,relational_after,2,2018_2320244__event_001,NEXT,2018_2320244__event_002,False,,False
tokyo_140734_relational_after,140734,core,relational_after,3,2018_2320243__event_002,SELF,2018_2320243__event_002,True,3,False
tokyo_140734_relational_after,140734,core,relational_after,3,2018_2320243__event_002,PREVIOUS,2018_2320243__event_001,True,4,False
tokyo_140734_relational_after,140734,core,relational_after,4,2018_2320253__event_004,SELF,2018_2320253__event_004,True,5,False
tokyo_140734_relational_after,140734,core,relational_after,4,2018_2320253__event_004,PREVIOUS,2018_2320253__event_003,True,6,False
tokyo_140734_relational_after,140734,core,relational_after,5,2018_2320242__event_001,SELF,2018_2320242__event_001,True,7,False
tokyo_140734_relational_after,140734,core,relational_after,5,2018_2320242__event_001,NEXT,2018_2320242__event_002,True,8,False
tokyo_140734_semantic,140734,core,semantic,1,2018_2320244__event_001,SELF,2018_2320244__event_001,True,1,False
tokyo_140734_semantic,140734,core,semantic,1,2018_2320244__event_001,NEXT,2018_2320244__event_002,True,2,False
tokyo_140734_semantic,140734,core,semantic,2,2018_2320244__event_002,SELF,2018_2320244__event_002,False,,False
tokyo_140734_semantic,140734,core,semantic,2,2018_2320244__event_002,PREVIOUS,2018_2320244__event_001,False,,False
tokyo_140734_semantic,140734,core,semantic,3,2018_2320266__event_001,SELF,2018_2320266__event_001,True,3,False
tokyo_140734_semantic,140734,core,semantic,3,2018_2320266__event_001,NEXT,2018_2320266__event_002,True,4,False
tokyo_140734_semantic,140734,core,semantic,4,2018_2320259__event_002,SELF,2018_2320259__event_002,True,5,False
tokyo_140734_semantic,140734,core,semantic,4,2018_2320259__event_002,PREVIOUS,2018_2320259__event_001,True,6,False
tokyo_140734_semantic,140734,core,semantic,5,2018_2320260__event_002,SELF,2018_2320260__event_002,True,7,False
tokyo_140734_semantic,140734,core,semantic,5,2018_2320260__event_002,PREVIOUS,2018_2320260__event_001,True,8,False
tokyo_140734_temporal_spatial,140734,core,temporal_spatial,1,2018_2320253__event_004,SELF,2018_2320253__event_004,True,1,False
tokyo_140734_temporal_spatial,140734,core,temporal_spatial,1,2018_2320253__event_004,PREVIOUS,2018_2320253__event_003,True,2,False
tokyo_140734_temporal_spatial,140734,core,temporal_spatial,2,2018_2320243__event_002,SELF,2018_2320243__event_002,True,3,False
tokyo_140734_temporal_spatial,140734,core,temporal_spatial,2,2018_2320243__event_002,PREVIOUS,2018_2320243__event_001,True,4,False
tokyo_140734_temporal_spatial,140734,core,temporal_spatial,3,2018_2320260__event_001,SELF,2018_2320260__event_001,True,5,False
tokyo_140734_temporal_spatial,140734,core,temporal_spatial,3,2018_2320260__event_001,NEXT,2018_2320260__event_002,True,6,False
tokyo_140734_temporal_spatial,140734,core,temporal_spatial,4,2018_2320253__event_003,SELF,2018_2320253__event_003,False,,False
tokyo_140734_temporal_spatial,140734,core,temporal_spatial,4,2018_2320253__event_003,PREVIOUS,2018_2320253__event_002,True,7,False
tokyo_140734_temporal_spatial,140734,core,temporal_spatial,4,2018_2320253__event_003,NEXT,2018_2320253__event_004,False,,False
tokyo_140734_temporal_spatial,140734,core,temporal_spatial,5,2018_2320246__event_002,SELF,2018_2320246__event_002,True,8,False
tokyo_140734_temporal_spatial,140734,core,temporal_spatial,5,2018_2320246__event_002,PREVIOUS,2018_2320246__event_001,True,9,False
tokyo_140775_relational_after,140775,core,relational_after,1,2018_2320657__event_002,SELF,2018_2320657__event_002,True,1,False
tokyo_140775_relational_after,140775,core,relational_after,1,2018_2320657__event_002,PREVIOUS,2018_2320657__event_001,True,2,False
tokyo_140775_relational_after,140775,core,relational_after,2,2018_2320676__event_001,SELF,2018_2320676__event_001,True,3,False
tokyo_140775_relational_after,140775,core,relational_after,2,2018_2320676__event_001,NEXT,2018_2320676__event_002,True,4,False
tokyo_140775_relational_after,140775,core,relational_after,3,2018_2320665__event_001,SELF,2018_2320665__event_001,True,5,False
tokyo_140775_relational_after,140775,core,relational_after,3,2018_2320665__event_001,NEXT,2018_2320665__event_002,True,6,False
tokyo_140775_relational_after,140775,core,relational_after,4,2018_2320660__event_001,SELF,2018_2320660__event_001,True,7,False
tokyo_140775_relational_after,140775,core,relational_after,4,2018_2320660__event_001,NEXT,2018_2320660__event_002,True,8,False
tokyo_140775_relational_after,140775,core,relational_after,5,2018_2320657__event_001,SELF,2018_2320657__event_001,False,,False
tokyo_140775_relational_after,140775,core,relational_after,5,2018_2320657__event_001,NEXT,2018_2320657__event_002,False,,False
tokyo_140775_semantic,140775,core,semantic,1,2018_2320660__event_001,SELF,2018_2320660__event_001,True,1,False
tokyo_140775_semantic,140775,core,semantic,1,2018_2320660__event_001,NEXT,2018_2320660__event_002,True,2,False
tokyo_140775_semantic,140775,core,semantic,2,2018_2320666__event_001,SELF,2018_2320666__event_001,True,3,False
tokyo_140775_semantic,140775,core,semantic,2,2018_2320666__event_001,NEXT,2018_2320666__event_002,True,4,False
tokyo_140775_semantic,140775,core,semantic,3,2018_2320666__event_002,SELF,2018_2320666__event_002,False,,False
tokyo_140775_semantic,140775,core,semantic,3,2018_2320666__event_002,PREVIOUS,2018_2320666__event_001,False,,False
tokyo_140775_semantic,140775,core,semantic,4,2018_2320660__event_002,SELF,2018_2320660__event_002,False,,False
tokyo_140775_semantic,140775,core,semantic,4,2018_2320660__event_002,PREVIOUS,2018_2320660__event_001,False,,False
tokyo_140775_semantic,140775,core,semantic,5,2018_2320657__event_001,SELF,2018_2320657__event_001,True,5,False
tokyo_140775_semantic,140775,core,semantic,5,2018_2320657__event_001,NEXT,2018_2320657__event_002,True,6,False
tokyo_140775_temporal_spatial,140775,core,temporal_spatial,1,2018_2320655__event_001,SELF,2018_2320655__event_001,True,1,False
tokyo_140775_temporal_spatial,140775,core,temporal_spatial,1,2018_2320655__event_001,NEXT,2018_2320655__event_002,True,2,False
tokyo_140775_temporal_spatial,140775,core,temporal_spatial,2,2018_2320675__event_002,SELF,2018_2320675__event_002,True,3,False
tokyo_140775_temporal_spatial,140775,core,temporal_spatial,2,2018_2320675__event_002,PREVIOUS,2018_2320675__event_001,True,4,False
tokyo_140775_temporal_spatial,140775,core,temporal_spatial,3,2018_2320655__event_002,SELF,2018_2320655__event_002,False,,False
tokyo_140775_temporal_spatial,140775,core,temporal_spatial,3,2018_2320655__event_002,PREVIOUS,2018_2320655__event_001,False,,False
tokyo_140775_temporal_spatial,140775,core,temporal_spatial,4,2018_2320664__event_001,SELF,2018_2320664__event_001,True,5,False
tokyo_140775_temporal_spatial,140775,core,temporal_spatial,4,2018_2320664__event_001,NEXT,2018_2320664__event_002,True,6,False
tokyo_140775_temporal_spatial,140775,core,temporal_spatial,5,2018_2320665__event_002,SELF,2018_2320665__event_002,True,7,False
tokyo_140775_temporal_spatial,140775,core,temporal_spatial,5,2018_2320665__event_002,PREVIOUS,2018_2320665__event_001,True,8,False
tokyo_149225_relational_after,149225,core,relational_after,1,2018_2402528__event_001,SELF,2018_2402528__event_001,True,1,False
tokyo_149225_relational_after,149225,core,relational_after,1,2018_2402528__event_001,NEXT,2018_2402528__event_002,True,2,False
tokyo_149225_relational_after,149225,core,relational_after,2,2018_2402531__event_001,SELF,2018_2402531__event_001,True,3,False
tokyo_149225_relational_after,149225,core,relational_after,2,2018_2402531__event_001,NEXT,2018_2402531__event_002,True,4,False
tokyo_149225_relational_after,149225,core,relational_after,3,2018_2402538__event_001,SELF,2018_2402538__event_001,True,5,False
tokyo_149225_relational_after,149225,core,relational_after,3,2018_2402538__event_001,NEXT,2018_2402538__event_002,True,6,False
tokyo_149225_relational_after,149225,core,relational_after,4,2018_2402537__event_002,SELF,2018_2402537__event_002,True,7,False
tokyo_149225_relational_after,149225,core,relational_after,4,2018_2402537__event_002,PREVIOUS,2018_2402537__event_001,True,8,False
tokyo_149225_relational_after,149225,core,relational_after,4,2018_2402537__event_002,NEXT,2018_2402537__event_003,True,9,False
tokyo_149225_relational_after,149225,core,relational_after,5,2018_2402534__event_001,SELF,2018_2402534__event_001,True,10,False
tokyo_149225_relational_after,149225,core,relational_after,5,2018_2402534__event_001,NEXT,2018_2402534__event_002,True,11,False
tokyo_149225_semantic,149225,core,semantic,1,2018_2402517__event_002,SELF,2018_2402517__event_002,True,1,False
tokyo_149225_semantic,149225,core,semantic,1,2018_2402517__event_002,PREVIOUS,2018_2402517__event_001,True,2,False
tokyo_149225_semantic,149225,core,semantic,1,2018_2402517__event_002,NEXT,2018_2402517__event_003,True,3,False
tokyo_149225_semantic,149225,core,semantic,2,2018_2402517__event_003,SELF,2018_2402517__event_003,False,,False
tokyo_149225_semantic,149225,core,semantic,2,2018_2402517__event_003,PREVIOUS,2018_2402517__event_002,False,,False
tokyo_149225_semantic,149225,core,semantic,3,2018_2402537__event_002,SELF,2018_2402537__event_002,True,4,False
tokyo_149225_semantic,149225,core,semantic,3,2018_2402537__event_002,PREVIOUS,2018_2402537__event_001,True,5,False
tokyo_149225_semantic,149225,core,semantic,3,2018_2402537__event_002,NEXT,2018_2402537__event_003,True,6,False
tokyo_149225_semantic,149225,core,semantic,4,2018_2402517__event_001,SELF,2018_2402517__event_001,False,,False
tokyo_149225_semantic,149225,core,semantic,4,2018_2402517__event_001,NEXT,2018_2402517__event_002,False,,False
tokyo_149225_semantic,149225,core,semantic,5,2018_2402533__event_002,SELF,2018_2402533__event_002,True,7,False
tokyo_149225_semantic,149225,core,semantic,5,2018_2402533__event_002,PREVIOUS,2018_2402533__event_001,True,8,False
tokyo_149225_temporal_spatial,149225,core,temporal_spatial,1,2018_2402533__event_002,SELF,2018_2402533__event_002,True,1,False
tokyo_149225_temporal_spatial,149225,core,temporal_spatial,1,2018_2402533__event_002,PREVIOUS,2018_2402533__event_001,True,2,False
tokyo_149225_temporal_spatial,149225,core,temporal_spatial,2,2018_2402529__event_002,SELF,2018_2402529__event_002,True,3,False
tokyo_149225_temporal_spatial,149225,core,temporal_spatial,2,2018_2402529__event_002,PREVIOUS,2018_2402529__event_001,True,4,False
tokyo_149225_temporal_spatial,149225,core,temporal_spatial,3,2018_2402523__event_001,SELF,2018_2402523__event_001,True,5,False
tokyo_149225_temporal_spatial,149225,core,temporal_spatial,3,2018_2402523__event_001,NEXT,2018_2402523__event_002,True,6,False
tokyo_149225_temporal_spatial,149225,core,temporal_spatial,4,2018_2402514__event_002,SELF,2018_2402514__event_002,True,7,False
tokyo_149225_temporal_spatial,149225,core,temporal_spatial,4,2018_2402514__event_002,PREVIOUS,2018_2402514__event_001,True,8,False
tokyo_149225_temporal_spatial,149225,core,temporal_spatial,5,2018_2402537__event_003,SELF,2018_2402537__event_003,True,9,False
tokyo_149225_temporal_spatial,149225,core,temporal_spatial,5,2018_2402537__event_003,PREVIOUS,2018_2402537__event_002,True,10,False
tokyo_152722_relational_after,152722,core,relational_after,1,2018_2446506__event_002,SELF,2018_2446506__event_002,True,1,False
tokyo_152722_relational_after,152722,core,relational_after,1,2018_2446506__event_002,PREVIOUS,2018_2446506__event_001,True,2,False
tokyo_152722_relational_after,152722,core,relational_after,2,2018_2446524__event_005,SELF,2018_2446524__event_005,True,3,False
tokyo_152722_relational_after,152722,core,relational_after,2,2018_2446524__event_005,PREVIOUS,2018_2446524__event_004,True,4,False
tokyo_152722_relational_after,152722,core,relational_after,3,2018_2446527__event_001,SELF,2018_2446527__event_001,True,5,False
tokyo_152722_relational_after,152722,core,relational_after,3,2018_2446527__event_001,NEXT,2018_2446527__event_002,True,6,False
tokyo_152722_relational_after,152722,core,relational_after,4,2018_2446506__event_001,SELF,2018_2446506__event_001,False,,False
tokyo_152722_relational_after,152722,core,relational_after,4,2018_2446506__event_001,NEXT,2018_2446506__event_002,False,,False
tokyo_152722_relational_after,152722,core,relational_after,5,2018_2446527__event_002,SELF,2018_2446527__event_002,False,,False
tokyo_152722_relational_after,152722,core,relational_after,5,2018_2446527__event_002,PREVIOUS,2018_2446527__event_001,False,,False
tokyo_152722_semantic,152722,core,semantic,1,2018_2446517__event_003,SELF,2018_2446517__event_003,True,1,False
tokyo_152722_semantic,152722,core,semantic,1,2018_2446517__event_003,PREVIOUS,2018_2446517__event_002,True,2,False
tokyo_152722_semantic,152722,core,semantic,2,2018_2446506__event_001,SELF,2018_2446506__event_001,True,3,False
tokyo_152722_semantic,152722,core,semantic,2,2018_2446506__event_001,NEXT,2018_2446506__event_002,True,4,False
tokyo_152722_semantic,152722,core,semantic,3,2018_2446517__event_002,SELF,2018_2446517__event_002,False,,False
tokyo_152722_semantic,152722,core,semantic,3,2018_2446517__event_002,PREVIOUS,2018_2446517__event_001,True,5,False
tokyo_152722_semantic,152722,core,semantic,3,2018_2446517__event_002,NEXT,2018_2446517__event_003,False,,False
tokyo_152722_semantic,152722,core,semantic,4,2018_2446535__event_001,SELF,2018_2446535__event_001,True,6,False
tokyo_152722_semantic,152722,core,semantic,4,2018_2446535__event_001,NEXT,2018_2446535__event_002,True,7,False
tokyo_152722_semantic,152722,core,semantic,5,2018_2446506__event_002,SELF,2018_2446506__event_002,False,,False
tokyo_152722_semantic,152722,core,semantic,5,2018_2446506__event_002,PREVIOUS,2018_2446506__event_001,False,,False
tokyo_152722_temporal_spatial,152722,core,temporal_spatial,1,2018_2446517__event_003,SELF,2018_2446517__event_003,True,1,False
tokyo_152722_temporal_spatial,152722,core,temporal_spatial,1,2018_2446517__event_003,PREVIOUS,2018_2446517__event_002,True,2,False
tokyo_152722_temporal_spatial,152722,core,temporal_spatial,2,2018_2446506__event_001,SELF,2018_2446506__event_001,True,3,False
tokyo_152722_temporal_spatial,152722,core,temporal_spatial,2,2018_2446506__event_001,NEXT,2018_2446506__event_002,True,4,False
tokyo_152722_temporal_spatial,152722,core,temporal_spatial,3,2018_2446517__event_002,SELF,2018_2446517__event_002,False,,False
tokyo_152722_temporal_spatial,152722,core,temporal_spatial,3,2018_2446517__event_002,PREVIOUS,2018_2446517__event_001,True,5,False
tokyo_152722_temporal_spatial,152722,core,temporal_spatial,3,2018_2446517__event_002,NEXT,2018_2446517__event_003,False,,False
tokyo_152722_temporal_spatial,152722,core,temporal_spatial,4,2018_2446518__event_001,SELF,2018_2446518__event_001,True,6,False
tokyo_152722_temporal_spatial,152722,core,temporal_spatial,4,2018_2446518__event_001,NEXT,2018_2446518__event_002,True,7,False
tokyo_152722_temporal_spatial,152722,core,temporal_spatial,5,2018_2446506__event_002,SELF,2018_2446506__event_002,False,,False
tokyo_152722_temporal_spatial,152722,core,temporal_spatial,5,2018_2446506__event_002,PREVIOUS,2018_2446506__event_001,False,,False
tokyo_156873_relational_after,156873,core,relational_after,1,2018_2498120__event_002,SELF,2018_2498120__event_002,True,1,True
tokyo_156873_relational_after,156873,core,relational_after,1,2018_2498120__event_002,PREVIOUS,2018_2498120__event_001,True,2,True
tokyo_156873_relational_after,156873,core,relational_after,2,2018_2498120__event_001,SELF,2018_2498120__event_001,False,,True
tokyo_156873_relational_after,156873,core,relational_after,2,2018_2498120__event_001,NEXT,2018_2498120__event_002,False,,True
tokyo_156873_relational_after,156873,core,relational_after,3,2018_2498119__event_001,SELF,2018_2498119__event_001,True,3,True
tokyo_156873_relational_after,156873,core,relational_after,3,2018_2498119__event_001,NEXT,2018_2498119__event_002,True,4,True
tokyo_156873_relational_after,156873,core,relational_after,4,2018_2498165__event_001,SELF,2018_2498165__event_001,True,5,True
tokyo_156873_relational_after,156873,core,relational_after,4,2018_2498165__event_001,NEXT,2018_2498165__event_002,True,6,True
tokyo_156873_relational_after,156873,core,relational_after,5,2018_2498133__event_002,SELF,2018_2498133__event_002,True,7,True
tokyo_156873_relational_after,156873,core,relational_after,5,2018_2498133__event_002,PREVIOUS,2018_2498133__event_001,True,8,True
tokyo_156873_semantic,156873,core,semantic,1,2018_2498146__event_002,SELF,2018_2498146__event_002,True,1,True
tokyo_156873_semantic,156873,core,semantic,1,2018_2498146__event_002,PREVIOUS,2018_2498146__event_001,True,2,True
tokyo_156873_semantic,156873,core,semantic,2,2018_2498158__event_003,SELF,2018_2498158__event_003,True,3,True
tokyo_156873_semantic,156873,core,semantic,2,2018_2498158__event_003,PREVIOUS,2018_2498158__event_002,True,4,True
tokyo_156873_semantic,156873,core,semantic,3,2018_2498144__event_001,SELF,2018_2498144__event_001,True,5,True
tokyo_156873_semantic,156873,core,semantic,3,2018_2498144__event_001,NEXT,2018_2498144__event_002,True,6,True
tokyo_156873_semantic,156873,core,semantic,4,2018_2498179__event_002,SELF,2018_2498179__event_002,True,7,True
tokyo_156873_semantic,156873,core,semantic,4,2018_2498179__event_002,PREVIOUS,2018_2498179__event_001,True,8,True
tokyo_156873_semantic,156873,core,semantic,5,2018_2498121__event_001,SELF,2018_2498121__event_001,True,9,True
tokyo_156873_semantic,156873,core,semantic,5,2018_2498121__event_001,NEXT,2018_2498121__event_002,True,10,True
tokyo_156873_temporal_spatial,156873,core,temporal_spatial,1,2018_2498138__event_001,SELF,2018_2498138__event_001,True,1,True
tokyo_156873_temporal_spatial,156873,core,temporal_spatial,1,2018_2498138__event_001,NEXT,2018_2498138__event_002,True,2,True
tokyo_156873_temporal_spatial,156873,core,temporal_spatial,2,2018_2498135__event_003,SELF,2018_2498135__event_003,True,3,True
tokyo_156873_temporal_spatial,156873,core,temporal_spatial,2,2018_2498135__event_003,PREVIOUS,2018_2498135__event_002,True,4,True
tokyo_156873_temporal_spatial,156873,core,temporal_spatial,3,2018_2498141__event_001,SELF,2018_2498141__event_001,True,5,True
tokyo_156873_temporal_spatial,156873,core,temporal_spatial,3,2018_2498141__event_001,NEXT,2018_2498141__event_002,True,6,True
tokyo_156873_temporal_spatial,156873,core,temporal_spatial,4,2018_2498127__event_003,SELF,2018_2498127__event_003,True,7,True
tokyo_156873_temporal_spatial,156873,core,temporal_spatial,4,2018_2498127__event_003,PREVIOUS,2018_2498127__event_002,True,8,True
tokyo_156873_temporal_spatial,156873,core,temporal_spatial,5,2018_2498178__event_001,SELF,2018_2498178__event_001,True,9,True
tokyo_156873_temporal_spatial,156873,core,temporal_spatial,5,2018_2498178__event_001,NEXT,2018_2498178__event_002,True,10,True
tokyo_167728_relational_after,167728,core,relational_after,1,2018_2604406__event_002,SELF,2018_2604406__event_002,True,1,True
tokyo_167728_relational_after,167728,core,relational_after,1,2018_2604406__event_002,PREVIOUS,2018_2604406__event_001,True,2,True
tokyo_167728_relational_after,167728,core,relational_after,2,2018_2604352__event_005,SELF,2018_2604352__event_005,True,3,True
tokyo_167728_relational_after,167728,core,relational_after,2,2018_2604352__event_005,PREVIOUS,2018_2604352__event_004,True,4,True
tokyo_167728_relational_after,167728,core,relational_after,3,2018_2604406__event_001,SELF,2018_2604406__event_001,False,,True
tokyo_167728_relational_after,167728,core,relational_after,3,2018_2604406__event_001,NEXT,2018_2604406__event_002,False,,True
tokyo_167728_relational_after,167728,core,relational_after,4,2018_2604396__event_001,SELF,2018_2604396__event_001,True,5,True
tokyo_167728_relational_after,167728,core,relational_after,4,2018_2604396__event_001,NEXT,2018_2604396__event_002,True,6,True
tokyo_167728_relational_after,167728,core,relational_after,5,2018_2604352__event_003,SELF,2018_2604352__event_003,True,7,True
tokyo_167728_relational_after,167728,core,relational_after,5,2018_2604352__event_003,PREVIOUS,2018_2604352__event_002,True,8,True
tokyo_167728_relational_after,167728,core,relational_after,5,2018_2604352__event_003,NEXT,2018_2604352__event_004,False,,True
tokyo_167728_semantic,167728,core,semantic,1,2018_2604362__event_001,SELF,2018_2604362__event_001,True,1,True
tokyo_167728_semantic,167728,core,semantic,1,2018_2604362__event_001,NEXT,2018_2604362__event_002,True,2,True
tokyo_167728_semantic,167728,core,semantic,2,2018_2604345__event_002,SELF,2018_2604345__event_002,True,3,True
tokyo_167728_semantic,167728,core,semantic,2,2018_2604345__event_002,PREVIOUS,2018_2604345__event_001,True,4,True
tokyo_167728_semantic,167728,core,semantic,3,2018_2604366__event_003,SELF,2018_2604366__event_003,True,5,True
tokyo_167728_semantic,167728,core,semantic,3,2018_2604366__event_003,PREVIOUS,2018_2604366__event_002,True,6,True
tokyo_167728_semantic,167728,core,semantic,4,2018_2604382__event_001,SELF,2018_2604382__event_001,True,7,True
tokyo_167728_semantic,167728,core,semantic,4,2018_2604382__event_001,NEXT,2018_2604382__event_002,True,8,True
tokyo_167728_semantic,167728,core,semantic,5,2018_2604362__event_006,SELF,2018_2604362__event_006,True,9,True
tokyo_167728_semantic,167728,core,semantic,5,2018_2604362__event_006,PREVIOUS,2018_2604362__event_005,True,10,True
tokyo_167728_temporal_spatial,167728,core,temporal_spatial,1,2018_2604345__event_001,SELF,2018_2604345__event_001,True,1,True
tokyo_167728_temporal_spatial,167728,core,temporal_spatial,1,2018_2604345__event_001,NEXT,2018_2604345__event_002,True,2,True
tokyo_167728_temporal_spatial,167728,core,temporal_spatial,2,2018_2604349__event_001,SELF,2018_2604349__event_001,True,3,True
tokyo_167728_temporal_spatial,167728,core,temporal_spatial,2,2018_2604349__event_001,NEXT,2018_2604349__event_002,True,4,True
tokyo_167728_temporal_spatial,167728,core,temporal_spatial,3,2018_2604345__event_002,SELF,2018_2604345__event_002,False,,True
tokyo_167728_temporal_spatial,167728,core,temporal_spatial,3,2018_2604345__event_002,PREVIOUS,2018_2604345__event_001,False,,True
tokyo_167728_temporal_spatial,167728,core,temporal_spatial,4,2018_2604362__event_002,SELF,2018_2604362__event_002,True,5,True
tokyo_167728_temporal_spatial,167728,core,temporal_spatial,4,2018_2604362__event_002,PREVIOUS,2018_2604362__event_001,True,6,True
tokyo_167728_temporal_spatial,167728,core,temporal_spatial,4,2018_2604362__event_002,NEXT,2018_2604362__event_003,True,7,True
tokyo_167728_temporal_spatial,167728,core,temporal_spatial,5,2018_2604362__event_001,SELF,2018_2604362__event_001,False,,True
tokyo_167728_temporal_spatial,167728,core,temporal_spatial,5,2018_2604362__event_001,NEXT,2018_2604362__event_002,False,,True
tokyo_169053_relational_after,169053,core,relational_after,1,2018_2620268__event_001,SELF,2018_2620268__event_001,True,1,False
tokyo_169053_relational_after,169053,core,relational_after,1,2018_2620268__event_001,NEXT,2018_2620268__event_002,True,2,False
tokyo_169053_relational_after,169053,core,relational_after,2,2018_2620302__event_002,SELF,2018_2620302__event_002,True,3,False
tokyo_169053_relational_after,169053,core,relational_after,2,2018_2620302__event_002,PREVIOUS,2018_2620302__event_001,True,4,False
tokyo_169053_relational_after,169053,core,relational_after,2,2018_2620302__event_002,NEXT,2018_2620302__event_003,True,5,False
tokyo_169053_relational_after,169053,core,relational_after,3,2018_2620285__event_002,SELF,2018_2620285__event_002,True,6,False
tokyo_169053_relational_after,169053,core,relational_after,3,2018_2620285__event_002,PREVIOUS,2018_2620285__event_001,True,7,False
tokyo_169053_relational_after,169053,core,relational_after,3,2018_2620285__event_002,NEXT,2018_2620285__event_003,True,8,False
tokyo_169053_relational_after,169053,core,relational_after,4,2018_2620302__event_001,SELF,2018_2620302__event_001,False,,False
tokyo_169053_relational_after,169053,core,relational_after,4,2018_2620302__event_001,NEXT,2018_2620302__event_002,False,,False
tokyo_169053_relational_after,169053,core,relational_after,5,2018_2620268__event_002,SELF,2018_2620268__event_002,False,,False
tokyo_169053_relational_after,169053,core,relational_after,5,2018_2620268__event_002,PREVIOUS,2018_2620268__event_001,False,,False
tokyo_169053_semantic,169053,core,semantic,1,2018_2620254__event_001,SELF,2018_2620254__event_001,True,1,False
tokyo_169053_semantic,169053,core,semantic,1,2018_2620254__event_001,NEXT,2018_2620254__event_002,True,2,False
tokyo_169053_semantic,169053,core,semantic,2,2018_2620268__event_001,SELF,2018_2620268__event_001,True,3,False
tokyo_169053_semantic,169053,core,semantic,2,2018_2620268__event_001,NEXT,2018_2620268__event_002,True,4,False
tokyo_169053_semantic,169053,core,semantic,3,2018_2620254__event_002,SELF,2018_2620254__event_002,False,,False
tokyo_169053_semantic,169053,core,semantic,3,2018_2620254__event_002,PREVIOUS,2018_2620254__event_001,False,,False
tokyo_169053_semantic,169053,core,semantic,4,2018_2620302__event_002,SELF,2018_2620302__event_002,True,5,False
tokyo_169053_semantic,169053,core,semantic,4,2018_2620302__event_002,PREVIOUS,2018_2620302__event_001,True,6,False
tokyo_169053_semantic,169053,core,semantic,4,2018_2620302__event_002,NEXT,2018_2620302__event_003,True,7,False
tokyo_169053_semantic,169053,core,semantic,5,2018_2620311__event_002,SELF,2018_2620311__event_002,True,8,False
tokyo_169053_semantic,169053,core,semantic,5,2018_2620311__event_002,PREVIOUS,2018_2620311__event_001,True,9,False
tokyo_169053_temporal_spatial,169053,core,temporal_spatial,1,2018_2620302__event_004,SELF,2018_2620302__event_004,True,1,False
tokyo_169053_temporal_spatial,169053,core,temporal_spatial,1,2018_2620302__event_004,PREVIOUS,2018_2620302__event_003,True,2,False
tokyo_169053_temporal_spatial,169053,core,temporal_spatial,2,2018_2620287__event_002,SELF,2018_2620287__event_002,True,3,False
tokyo_169053_temporal_spatial,169053,core,temporal_spatial,2,2018_2620287__event_002,PREVIOUS,2018_2620287__event_001,True,4,False
tokyo_169053_temporal_spatial,169053,core,temporal_spatial,3,2018_2620297__event_001,SELF,2018_2620297__event_001,True,5,False
tokyo_169053_temporal_spatial,169053,core,temporal_spatial,3,2018_2620297__event_001,NEXT,2018_2620297__event_002,True,6,False
tokyo_169053_temporal_spatial,169053,core,temporal_spatial,4,2018_2620302__event_003,SELF,2018_2620302__event_003,False,,False
tokyo_169053_temporal_spatial,169053,core,temporal_spatial,4,2018_2620302__event_003,PREVIOUS,2018_2620302__event_002,True,7,False
tokyo_169053_temporal_spatial,169053,core,temporal_spatial,4,2018_2620302__event_003,NEXT,2018_2620302__event_004,False,,False
tokyo_169053_temporal_spatial,169053,core,temporal_spatial,5,2018_2620311__event_001,SELF,2018_2620311__event_001,True,8,False
tokyo_169053_temporal_spatial,169053,core,temporal_spatial,5,2018_2620311__event_001,NEXT,2018_2620311__event_002,True,9,False
tokyo_171659_relational_after,171659,core,relational_after,1,2018_2647177__event_004,SELF,2018_2647177__event_004,True,1,False
tokyo_171659_relational_after,171659,core,relational_after,1,2018_2647177__event_004,PREVIOUS,2018_2647177__event_003,True,2,False
tokyo_171659_relational_after,171659,core,relational_after,2,2018_2647177__event_003,SELF,2018_2647177__event_003,False,,False
tokyo_171659_relational_after,171659,core,relational_after,2,2018_2647177__event_003,PREVIOUS,2018_2647177__event_002,True,3,False
tokyo_171659_relational_after,171659,core,relational_after,2,2018_2647177__event_003,NEXT,2018_2647177__event_004,False,,False
tokyo_171659_relational_after,171659,core,relational_after,3,2018_2647177__event_002,SELF,2018_2647177__event_002,False,,False
tokyo_171659_relational_after,171659,core,relational_after,3,2018_2647177__event_002,PREVIOUS,2018_2647177__event_001,True,4,False
tokyo_171659_relational_after,171659,core,relational_after,3,2018_2647177__event_002,NEXT,2018_2647177__event_003,False,,False
tokyo_171659_relational_after,171659,core,relational_after,4,2018_2647205__event_002,SELF,2018_2647205__event_002,True,5,False
tokyo_171659_relational_after,171659,core,relational_after,4,2018_2647205__event_002,PREVIOUS,2018_2647205__event_001,True,6,False
tokyo_171659_relational_after,171659,core,relational_after,5,2018_2647199__event_002,SELF,2018_2647199__event_002,True,7,False
tokyo_171659_relational_after,171659,core,relational_after,5,2018_2647199__event_002,PREVIOUS,2018_2647199__event_001,True,8,False
tokyo_171659_semantic,171659,core,semantic,1,2018_2647186__event_001,SELF,2018_2647186__event_001,True,1,False
tokyo_171659_semantic,171659,core,semantic,1,2018_2647186__event_001,NEXT,2018_2647186__event_002,True,2,False
tokyo_171659_semantic,171659,core,semantic,2,2018_2647186__event_002,SELF,2018_2647186__event_002,False,,False
tokyo_171659_semantic,171659,core,semantic,2,2018_2647186__event_002,PREVIOUS,2018_2647186__event_001,False,,False
tokyo_171659_semantic,171659,core,semantic,2,2018_2647186__event_002,NEXT,2018_2647186__event_003,True,3,False
tokyo_171659_semantic,171659,core,semantic,3,2018_2647182__event_003,SELF,2018_2647182__event_003,True,4,False
tokyo_171659_semantic,171659,core,semantic,3,2018_2647182__event_003,PREVIOUS,2018_2647182__event_002,True,5,False
tokyo_171659_semantic,171659,core,semantic,4,2018_2647180__event_001,SELF,2018_2647180__event_001,True,6,False
tokyo_171659_semantic,171659,core,semantic,4,2018_2647180__event_001,NEXT,2018_2647180__event_002,True,7,False
tokyo_171659_semantic,171659,core,semantic,5,2018_2647205__event_001,SELF,2018_2647205__event_001,True,8,False
tokyo_171659_semantic,171659,core,semantic,5,2018_2647205__event_001,NEXT,2018_2647205__event_002,True,9,False
tokyo_171659_temporal_spatial,171659,core,temporal_spatial,1,2018_2647199__event_002,SELF,2018_2647199__event_002,True,1,False
tokyo_171659_temporal_spatial,171659,core,temporal_spatial,1,2018_2647199__event_002,PREVIOUS,2018_2647199__event_001,True,2,False
tokyo_171659_temporal_spatial,171659,core,temporal_spatial,2,2018_2647197__event_002,SELF,2018_2647197__event_002,True,3,False
tokyo_171659_temporal_spatial,171659,core,temporal_spatial,2,2018_2647197__event_002,PREVIOUS,2018_2647197__event_001,True,4,False
tokyo_171659_temporal_spatial,171659,core,temporal_spatial,3,2018_2647196__event_002,SELF,2018_2647196__event_002,True,5,False
tokyo_171659_temporal_spatial,171659,core,temporal_spatial,3,2018_2647196__event_002,PREVIOUS,2018_2647196__event_001,True,6,False
tokyo_171659_temporal_spatial,171659,core,temporal_spatial,4,2018_2647187__event_002,SELF,2018_2647187__event_002,True,7,False
tokyo_171659_temporal_spatial,171659,core,temporal_spatial,4,2018_2647187__event_002,PREVIOUS,2018_2647187__event_001,True,8,False
tokyo_171659_temporal_spatial,171659,core,temporal_spatial,5,2018_2647182__event_003,SELF,2018_2647182__event_003,True,9,False
tokyo_171659_temporal_spatial,171659,core,temporal_spatial,5,2018_2647182__event_003,PREVIOUS,2018_2647182__event_002,True,10,False
tokyo_178798_relational_after,178798,core,relational_after,1,2018_2707923__event_001,SELF,2018_2707923__event_001,True,1,False
tokyo_178798_relational_after,178798,core,relational_after,1,2018_2707923__event_001,NEXT,2018_2707923__event_002,True,2,False
tokyo_178798_relational_after,178798,core,relational_after,2,2018_2707923__event_002,SELF,2018_2707923__event_002,False,,False
tokyo_178798_relational_after,178798,core,relational_after,2,2018_2707923__event_002,PREVIOUS,2018_2707923__event_001,False,,False
tokyo_178798_relational_after,178798,core,relational_after,3,2018_2707929__event_001,SELF,2018_2707929__event_001,True,3,False
tokyo_178798_relational_after,178798,core,relational_after,3,2018_2707929__event_001,NEXT,2018_2707929__event_002,True,4,False
tokyo_178798_relational_after,178798,core,relational_after,4,2018_2707932__event_002,SELF,2018_2707932__event_002,True,5,False
tokyo_178798_relational_after,178798,core,relational_after,4,2018_2707932__event_002,PREVIOUS,2018_2707932__event_001,True,6,False
tokyo_178798_relational_after,178798,core,relational_after,4,2018_2707932__event_002,NEXT,2018_2707932__event_003,True,7,False
tokyo_178798_relational_after,178798,core,relational_after,5,2018_2707926__event_003,SELF,2018_2707926__event_003,True,8,False
tokyo_178798_relational_after,178798,core,relational_after,5,2018_2707926__event_003,PREVIOUS,2018_2707926__event_002,True,9,False
tokyo_178798_semantic,178798,core,semantic,1,2018_2707928__event_001,SELF,2018_2707928__event_001,True,1,False
tokyo_178798_semantic,178798,core,semantic,1,2018_2707928__event_001,NEXT,2018_2707928__event_002,True,2,False
tokyo_178798_semantic,178798,core,semantic,2,2018_2707928__event_002,SELF,2018_2707928__event_002,False,,False
tokyo_178798_semantic,178798,core,semantic,2,2018_2707928__event_002,PREVIOUS,2018_2707928__event_001,False,,False
tokyo_178798_semantic,178798,core,semantic,3,2018_2707935__event_002,SELF,2018_2707935__event_002,True,3,False
tokyo_178798_semantic,178798,core,semantic,3,2018_2707935__event_002,PREVIOUS,2018_2707935__event_001,True,4,False
tokyo_178798_semantic,178798,core,semantic,4,2018_2707934__event_001,SELF,2018_2707934__event_001,True,5,False
tokyo_178798_semantic,178798,core,semantic,4,2018_2707934__event_001,NEXT,2018_2707934__event_002,True,6,False
tokyo_178798_semantic,178798,core,semantic,5,2018_2707934__event_002,SELF,2018_2707934__event_002,False,,False
tokyo_178798_semantic,178798,core,semantic,5,2018_2707934__event_002,PREVIOUS,2018_2707934__event_001,False,,False
tokyo_178798_temporal_spatial,178798,core,temporal_spatial,1,2018_2707928__event_002,SELF,2018_2707928__event_002,True,1,False
tokyo_178798_temporal_spatial,178798,core,temporal_spatial,1,2018_2707928__event_002,PREVIOUS,2018_2707928__event_001,True,2,False
tokyo_178798_temporal_spatial,178798,core,temporal_spatial,2,2018_2707929__event_002,SELF,2018_2707929__event_002,True,3,False
tokyo_178798_temporal_spatial,178798,core,temporal_spatial,2,2018_2707929__event_002,PREVIOUS,2018_2707929__event_001,True,4,False
tokyo_178798_temporal_spatial,178798,core,temporal_spatial,3,2018_2707945__event_002,SELF,2018_2707945__event_002,True,5,False
tokyo_178798_temporal_spatial,178798,core,temporal_spatial,3,2018_2707945__event_002,PREVIOUS,2018_2707945__event_001,True,6,False
tokyo_178798_temporal_spatial,178798,core,temporal_spatial,4,2018_2707932__event_003,SELF,2018_2707932__event_003,True,7,False
tokyo_178798_temporal_spatial,178798,core,temporal_spatial,4,2018_2707932__event_003,PREVIOUS,2018_2707932__event_002,True,8,False
tokyo_178798_temporal_spatial,178798,core,temporal_spatial,5,2018_2707934__event_002,SELF,2018_2707934__event_002,True,9,False
tokyo_178798_temporal_spatial,178798,core,temporal_spatial,5,2018_2707934__event_002,PREVIOUS,2018_2707934__event_001,True,10,False
tokyo_19379_relational_after,19379,core,relational_after,1,2018_395480__event_002,SELF,2018_395480__event_002,True,1,True
tokyo_19379_relational_after,19379,core,relational_after,1,2018_395480__event_002,PREVIOUS,2018_395480__event_001,True,2,True
tokyo_19379_relational_after,19379,core,relational_after,2,2018_395480__event_001,SELF,2018_395480__event_001,False,,True
tokyo_19379_relational_after,19379,core,relational_after,2,2018_395480__event_001,NEXT,2018_395480__event_002,False,,True
tokyo_19379_relational_after,19379,core,relational_after,3,2018_395513__event_002,SELF,2018_395513__event_002,True,3,True
tokyo_19379_relational_after,19379,core,relational_after,3,2018_395513__event_002,PREVIOUS,2018_395513__event_001,True,4,True
tokyo_19379_relational_after,19379,core,relational_after,4,2018_395513__event_001,SELF,2018_395513__event_001,False,,True
tokyo_19379_relational_after,19379,core,relational_after,4,2018_395513__event_001,NEXT,2018_395513__event_002,False,,True
tokyo_19379_relational_after,19379,core,relational_after,5,2018_395362__event_003,SELF,2018_395362__event_003,True,5,True
tokyo_19379_relational_after,19379,core,relational_after,5,2018_395362__event_003,PREVIOUS,2018_395362__event_002,True,6,True
tokyo_19379_semantic,19379,core,semantic,1,2018_395327__event_001,SELF,2018_395327__event_001,True,1,True
tokyo_19379_semantic,19379,core,semantic,1,2018_395327__event_001,NEXT,2018_395327__event_002,True,2,True
tokyo_19379_semantic,19379,core,semantic,2,2018_395452__event_001,SELF,2018_395452__event_001,True,3,True
tokyo_19379_semantic,19379,core,semantic,2,2018_395452__event_001,NEXT,2018_395452__event_002,True,4,True
tokyo_19379_semantic,19379,core,semantic,3,2018_395404__event_002,SELF,2018_395404__event_002,True,5,True
tokyo_19379_semantic,19379,core,semantic,3,2018_395404__event_002,PREVIOUS,2018_395404__event_001,True,6,True
tokyo_19379_semantic,19379,core,semantic,4,2018_395327__event_002,SELF,2018_395327__event_002,False,,True
tokyo_19379_semantic,19379,core,semantic,4,2018_395327__event_002,PREVIOUS,2018_395327__event_001,False,,True
tokyo_19379_semantic,19379,core,semantic,5,2018_395452__event_002,SELF,2018_395452__event_002,False,,True
tokyo_19379_semantic,19379,core,semantic,5,2018_395452__event_002,PREVIOUS,2018_395452__event_001,False,,True
tokyo_19379_temporal_spatial,19379,core,temporal_spatial,1,2018_395452__event_002,SELF,2018_395452__event_002,True,1,True
tokyo_19379_temporal_spatial,19379,core,temporal_spatial,1,2018_395452__event_002,PREVIOUS,2018_395452__event_001,True,2,True
tokyo_19379_temporal_spatial,19379,core,temporal_spatial,2,2018_395404__event_002,SELF,2018_395404__event_002,True,3,True
tokyo_19379_temporal_spatial,19379,core,temporal_spatial,2,2018_395404__event_002,PREVIOUS,2018_395404__event_001,True,4,True
tokyo_19379_temporal_spatial,19379,core,temporal_spatial,3,2018_395490__event_001,SELF,2018_395490__event_001,True,5,True
tokyo_19379_temporal_spatial,19379,core,temporal_spatial,3,2018_395490__event_001,NEXT,2018_395490__event_002,True,6,True
tokyo_19379_temporal_spatial,19379,core,temporal_spatial,4,2018_395497__event_001,SELF,2018_395497__event_001,True,7,True
tokyo_19379_temporal_spatial,19379,core,temporal_spatial,4,2018_395497__event_001,NEXT,2018_395497__event_002,True,8,True
tokyo_19379_temporal_spatial,19379,core,temporal_spatial,5,2018_395294__event_001,SELF,2018_395294__event_001,True,9,True
tokyo_19379_temporal_spatial,19379,core,temporal_spatial,5,2018_395294__event_001,NEXT,2018_395294__event_002,True,10,True
tokyo_210254_relational_after,210254,core,relational_after,1,2018_2949678__event_001,SELF,2018_2949678__event_001,True,1,False
tokyo_210254_relational_after,210254,core,relational_after,1,2018_2949678__event_001,NEXT,2018_2949678__event_002,True,2,False
tokyo_210254_relational_after,210254,core,relational_after,2,2018_2949678__event_002,SELF,2018_2949678__event_002,False,,False
tokyo_210254_relational_after,210254,core,relational_after,2,2018_2949678__event_002,PREVIOUS,2018_2949678__event_001,False,,False
tokyo_210254_relational_after,210254,core,relational_after,3,2018_2949696__event_004,SELF,2018_2949696__event_004,True,3,False
tokyo_210254_relational_after,210254,core,relational_after,3,2018_2949696__event_004,PREVIOUS,2018_2949696__event_003,True,4,False
tokyo_210254_relational_after,210254,core,relational_after,4,2018_2949695__event_002,SELF,2018_2949695__event_002,True,5,False
tokyo_210254_relational_after,210254,core,relational_after,4,2018_2949695__event_002,PREVIOUS,2018_2949695__event_001,True,6,False
tokyo_210254_relational_after,210254,core,relational_after,5,2018_2949702__event_001,SELF,2018_2949702__event_001,True,7,False
tokyo_210254_relational_after,210254,core,relational_after,5,2018_2949702__event_001,NEXT,2018_2949702__event_002,True,8,False
tokyo_210254_semantic,210254,core,semantic,1,2018_2949690__event_002,SELF,2018_2949690__event_002,True,1,False
tokyo_210254_semantic,210254,core,semantic,1,2018_2949690__event_002,PREVIOUS,2018_2949690__event_001,True,2,False
tokyo_210254_semantic,210254,core,semantic,1,2018_2949690__event_002,NEXT,2018_2949690__event_003,True,3,False
tokyo_210254_semantic,210254,core,semantic,2,2018_2949686__event_002,SELF,2018_2949686__event_002,True,4,False
tokyo_210254_semantic,210254,core,semantic,2,2018_2949686__event_002,PREVIOUS,2018_2949686__event_001,True,5,False
tokyo_210254_semantic,210254,core,semantic,3,2018_2949696__event_003,SELF,2018_2949696__event_003,True,6,False
tokyo_210254_semantic,210254,core,semantic,3,2018_2949696__event_003,PREVIOUS,2018_2949696__event_002,True,7,False
tokyo_210254_semantic,210254,core,semantic,3,2018_2949696__event_003,NEXT,2018_2949696__event_004,True,8,False
tokyo_210254_semantic,210254,core,semantic,4,2018_2949696__event_001,SELF,2018_2949696__event_001,True,9,False
tokyo_210254_semantic,210254,core,semantic,4,2018_2949696__event_001,NEXT,2018_2949696__event_002,False,,False
tokyo_210254_semantic,210254,core,semantic,5,2018_2949696__event_002,SELF,2018_2949696__event_002,False,,False
tokyo_210254_semantic,210254,core,semantic,5,2018_2949696__event_002,PREVIOUS,2018_2949696__event_001,False,,False
tokyo_210254_semantic,210254,core,semantic,5,2018_2949696__event_002,NEXT,2018_2949696__event_003,False,,False
tokyo_210254_temporal_spatial,210254,core,temporal_spatial,1,2018_2949696__event_002,SELF,2018_2949696__event_002,True,1,False
tokyo_210254_temporal_spatial,210254,core,temporal_spatial,1,2018_2949696__event_002,PREVIOUS,2018_2949696__event_001,True,2,False
tokyo_210254_temporal_spatial,210254,core,temporal_spatial,1,2018_2949696__event_002,NEXT,2018_2949696__event_003,True,3,False
tokyo_210254_temporal_spatial,210254,core,temporal_spatial,2,2018_2949696__event_003,SELF,2018_2949696__event_003,False,,False
tokyo_210254_temporal_spatial,210254,core,temporal_spatial,2,2018_2949696__event_003,PREVIOUS,2018_2949696__event_002,False,,False
tokyo_210254_temporal_spatial,210254,core,temporal_spatial,2,2018_2949696__event_003,NEXT,2018_2949696__event_004,True,4,False
tokyo_210254_temporal_spatial,210254,core,temporal_spatial,3,2018_2949693__event_002,SELF,2018_2949693__event_002,True,5,False
tokyo_210254_temporal_spatial,210254,core,temporal_spatial,3,2018_2949693__event_002,PREVIOUS,2018_2949693__event_001,True,6,False
tokyo_210254_temporal_spatial,210254,core,temporal_spatial,4,2018_2949693__event_001,SELF,2018_2949693__event_001,False,,False
tokyo_210254_temporal_spatial,210254,core,temporal_spatial,4,2018_2949693__event_001,NEXT,2018_2949693__event_002,False,,False
tokyo_210254_temporal_spatial,210254,core,temporal_spatial,5,2018_2949689__event_001,SELF,2018_2949689__event_001,True,7,False
tokyo_210254_temporal_spatial,210254,core,temporal_spatial,5,2018_2949689__event_001,NEXT,2018_2949689__event_002,True,8,False
tokyo_223807_relational_after,223807,core,relational_after,1,2018_3045880__event_002,SELF,2018_3045880__event_002,True,1,False
tokyo_223807_relational_after,223807,core,relational_after,1,2018_3045880__event_002,PREVIOUS,2018_3045880__event_001,True,2,False
tokyo_223807_relational_after,223807,core,relational_after,2,2018_3045880__event_001,SELF,2018_3045880__event_001,False,,False
tokyo_223807_relational_after,223807,core,relational_after,2,2018_3045880__event_001,NEXT,2018_3045880__event_002,False,,False
tokyo_223807_relational_after,223807,core,relational_after,3,2018_3045879__event_003,SELF,2018_3045879__event_003,True,3,False
tokyo_223807_relational_after,223807,core,relational_after,3,2018_3045879__event_003,PREVIOUS,2018_3045879__event_002,True,4,False
tokyo_223807_relational_after,223807,core,relational_after,3,2018_3045879__event_003,NEXT,2018_3045879__event_004,True,5,False
tokyo_223807_relational_after,223807,core,relational_after,4,2018_3045900__event_002,SELF,2018_3045900__event_002,True,6,False
tokyo_223807_relational_after,223807,core,relational_after,4,2018_3045900__event_002,PREVIOUS,2018_3045900__event_001,True,7,False
tokyo_223807_relational_after,223807,core,relational_after,5,2018_3045900__event_001,SELF,2018_3045900__event_001,False,,False
tokyo_223807_relational_after,223807,core,relational_after,5,2018_3045900__event_001,NEXT,2018_3045900__event_002,False,,False
tokyo_223807_semantic,223807,core,semantic,1,2018_3045900__event_001,SELF,2018_3045900__event_001,True,1,False
tokyo_223807_semantic,223807,core,semantic,1,2018_3045900__event_001,NEXT,2018_3045900__event_002,True,2,False
tokyo_223807_semantic,223807,core,semantic,2,2018_3045890__event_001,SELF,2018_3045890__event_001,True,3,False
tokyo_223807_semantic,223807,core,semantic,2,2018_3045890__event_001,NEXT,2018_3045890__event_002,True,4,False
tokyo_223807_semantic,223807,core,semantic,3,2018_3045880__event_002,SELF,2018_3045880__event_002,True,5,False
tokyo_223807_semantic,223807,core,semantic,3,2018_3045880__event_002,PREVIOUS,2018_3045880__event_001,True,6,False
tokyo_223807_semantic,223807,core,semantic,4,2018_3045900__event_002,SELF,2018_3045900__event_002,False,,False
tokyo_223807_semantic,223807,core,semantic,4,2018_3045900__event_002,PREVIOUS,2018_3045900__event_001,False,,False
tokyo_223807_semantic,223807,core,semantic,5,2018_3045895__event_001,SELF,2018_3045895__event_001,True,7,False
tokyo_223807_semantic,223807,core,semantic,5,2018_3045895__event_001,NEXT,2018_3045895__event_002,True,8,False
tokyo_223807_temporal_spatial,223807,core,temporal_spatial,1,2018_3045890__event_002,SELF,2018_3045890__event_002,True,1,False
tokyo_223807_temporal_spatial,223807,core,temporal_spatial,1,2018_3045890__event_002,PREVIOUS,2018_3045890__event_001,True,2,False
tokyo_223807_temporal_spatial,223807,core,temporal_spatial,2,2018_3045888__event_002,SELF,2018_3045888__event_002,True,3,False
tokyo_223807_temporal_spatial,223807,core,temporal_spatial,2,2018_3045888__event_002,PREVIOUS,2018_3045888__event_001,True,4,False
tokyo_223807_temporal_spatial,223807,core,temporal_spatial,3,2018_3045886__event_002,SELF,2018_3045886__event_002,True,5,False
tokyo_223807_temporal_spatial,223807,core,temporal_spatial,3,2018_3045886__event_002,PREVIOUS,2018_3045886__event_001,True,6,False
tokyo_223807_temporal_spatial,223807,core,temporal_spatial,4,2018_3045895__event_001,SELF,2018_3045895__event_001,True,7,False
tokyo_223807_temporal_spatial,223807,core,temporal_spatial,4,2018_3045895__event_001,NEXT,2018_3045895__event_002,True,8,False
tokyo_223807_temporal_spatial,223807,core,temporal_spatial,5,2018_3045877__event_001,SELF,2018_3045877__event_001,True,9,False
tokyo_223807_temporal_spatial,223807,core,temporal_spatial,5,2018_3045877__event_001,NEXT,2018_3045877__event_002,True,10,False
tokyo_2309_relational_after,2309,core,relational_after,1,2018_50057__event_002,SELF,2018_50057__event_002,True,1,False
tokyo_2309_relational_after,2309,core,relational_after,1,2018_50057__event_002,PREVIOUS,2018_50057__event_001,True,2,False
tokyo_2309_relational_after,2309,core,relational_after,1,2018_50057__event_002,NEXT,2018_50057__event_003,True,3,False
tokyo_2309_relational_after,2309,core,relational_after,2,2018_50057__event_001,SELF,2018_50057__event_001,False,,False
tokyo_2309_relational_after,2309,core,relational_after,2,2018_50057__event_001,NEXT,2018_50057__event_002,False,,False
tokyo_2309_relational_after,2309,core,relational_after,3,2018_50035__event_004,SELF,2018_50035__event_004,True,4,False
tokyo_2309_relational_after,2309,core,relational_after,3,2018_50035__event_004,PREVIOUS,2018_50035__event_003,True,5,False
tokyo_2309_relational_after,2309,core,relational_after,4,2018_50037__event_002,SELF,2018_50037__event_002,True,6,False
tokyo_2309_relational_after,2309,core,relational_after,4,2018_50037__event_002,PREVIOUS,2018_50037__event_001,True,7,False
tokyo_2309_relational_after,2309,core,relational_after,4,2018_50037__event_002,NEXT,2018_50037__event_003,True,8,False
tokyo_2309_relational_after,2309,core,relational_after,5,2018_50035__event_003,SELF,2018_50035__event_003,False,,False
tokyo_2309_relational_after,2309,core,relational_after,5,2018_50035__event_003,PREVIOUS,2018_50035__event_002,True,9,False
tokyo_2309_relational_after,2309,core,relational_after,5,2018_50035__event_003,NEXT,2018_50035__event_004,False,,False
tokyo_2309_semantic,2309,core,semantic,1,2018_50056__event_002,SELF,2018_50056__event_002,True,1,False
tokyo_2309_semantic,2309,core,semantic,1,2018_50056__event_002,PREVIOUS,2018_50056__event_001,True,2,False
tokyo_2309_semantic,2309,core,semantic,2,2018_50035__event_004,SELF,2018_50035__event_004,True,3,False
tokyo_2309_semantic,2309,core,semantic,2,2018_50035__event_004,PREVIOUS,2018_50035__event_003,True,4,False
tokyo_2309_semantic,2309,core,semantic,3,2018_50035__event_003,SELF,2018_50035__event_003,False,,False
tokyo_2309_semantic,2309,core,semantic,3,2018_50035__event_003,PREVIOUS,2018_50035__event_002,True,5,False
tokyo_2309_semantic,2309,core,semantic,3,2018_50035__event_003,NEXT,2018_50035__event_004,False,,False
tokyo_2309_semantic,2309,core,semantic,4,2018_50033__event_003,SELF,2018_50033__event_003,True,6,False
tokyo_2309_semantic,2309,core,semantic,4,2018_50033__event_003,PREVIOUS,2018_50033__event_002,True,7,False
tokyo_2309_semantic,2309,core,semantic,5,2018_50033__event_002,SELF,2018_50033__event_002,False,,False
tokyo_2309_semantic,2309,core,semantic,5,2018_50033__event_002,PREVIOUS,2018_50033__event_001,True,8,False
tokyo_2309_semantic,2309,core,semantic,5,2018_50033__event_002,NEXT,2018_50033__event_003,False,,False
tokyo_2309_temporal_spatial,2309,core,temporal_spatial,1,2018_50060__event_002,SELF,2018_50060__event_002,True,1,False
tokyo_2309_temporal_spatial,2309,core,temporal_spatial,1,2018_50060__event_002,PREVIOUS,2018_50060__event_001,True,2,False
tokyo_2309_temporal_spatial,2309,core,temporal_spatial,2,2018_50051__event_002,SELF,2018_50051__event_002,True,3,False
tokyo_2309_temporal_spatial,2309,core,temporal_spatial,2,2018_50051__event_002,PREVIOUS,2018_50051__event_001,True,4,False
tokyo_2309_temporal_spatial,2309,core,temporal_spatial,3,2018_50042__event_002,SELF,2018_50042__event_002,True,5,False
tokyo_2309_temporal_spatial,2309,core,temporal_spatial,3,2018_50042__event_002,PREVIOUS,2018_50042__event_001,True,6,False
tokyo_2309_temporal_spatial,2309,core,temporal_spatial,4,2018_50033__event_003,SELF,2018_50033__event_003,True,7,False
tokyo_2309_temporal_spatial,2309,core,temporal_spatial,4,2018_50033__event_003,PREVIOUS,2018_50033__event_002,True,8,False
tokyo_2309_temporal_spatial,2309,core,temporal_spatial,5,2018_50040__event_001,SELF,2018_50040__event_001,True,9,False
tokyo_2309_temporal_spatial,2309,core,temporal_spatial,5,2018_50040__event_001,NEXT,2018_50040__event_002,True,10,False
tokyo_23925_relational_after,23925,core,relational_after,1,2018_485898__event_001,SELF,2018_485898__event_001,True,1,False
tokyo_23925_relational_after,23925,core,relational_after,1,2018_485898__event_001,NEXT,2018_485898__event_002,True,2,False
tokyo_23925_relational_after,23925,core,relational_after,2,2018_485898__event_002,SELF,2018_485898__event_002,False,,False
tokyo_23925_relational_after,23925,core,relational_after,2,2018_485898__event_002,PREVIOUS,2018_485898__event_001,False,,False
tokyo_23925_relational_after,23925,core,relational_after,3,2018_485933__event_002,SELF,2018_485933__event_002,True,3,False
tokyo_23925_relational_after,23925,core,relational_after,3,2018_485933__event_002,PREVIOUS,2018_485933__event_001,True,4,False
tokyo_23925_relational_after,23925,core,relational_after,3,2018_485933__event_002,NEXT,2018_485933__event_003,True,5,False
tokyo_23925_relational_after,23925,core,relational_after,4,2018_485910__event_003,SELF,2018_485910__event_003,True,6,False
tokyo_23925_relational_after,23925,core,relational_after,4,2018_485910__event_003,PREVIOUS,2018_485910__event_002,True,7,False
tokyo_23925_relational_after,23925,core,relational_after,4,2018_485910__event_003,NEXT,2018_485910__event_004,True,8,False
tokyo_23925_relational_after,23925,core,relational_after,5,2018_485902__event_002,SELF,2018_485902__event_002,True,9,False
tokyo_23925_relational_after,23925,core,relational_after,5,2018_485902__event_002,PREVIOUS,2018_485902__event_001,True,10,False
tokyo_23925_semantic,23925,core,semantic,1,2018_485892__event_002,SELF,2018_485892__event_002,True,1,False
tokyo_23925_semantic,23925,core,semantic,1,2018_485892__event_002,PREVIOUS,2018_485892__event_001,True,2,False
tokyo_23925_semantic,23925,core,semantic,2,2018_485933__event_001,SELF,2018_485933__event_001,True,3,False
tokyo_23925_semantic,23925,core,semantic,2,2018_485933__event_001,NEXT,2018_485933__event_002,True,4,False
tokyo_23925_semantic,23925,core,semantic,3,2018_485910__event_002,SELF,2018_485910__event_002,True,5,False
tokyo_23925_semantic,23925,core,semantic,3,2018_485910__event_002,PREVIOUS,2018_485910__event_001,True,6,False
tokyo_23925_semantic,23925,core,semantic,3,2018_485910__event_002,NEXT,2018_485910__event_003,True,7,False
tokyo_23925_semantic,23925,core,semantic,4,2018_485934__event_002,SELF,2018_485934__event_002,True,8,False
tokyo_23925_semantic,23925,core,semantic,4,2018_485934__event_002,PREVIOUS,2018_485934__event_001,True,9,False
tokyo_23925_semantic,23925,core,semantic,5,2018_485904__event_001,SELF,2018_485904__event_001,True,10,False
tokyo_23925_semantic,23925,core,semantic,5,2018_485904__event_001,NEXT,2018_485904__event_002,True,11,False
tokyo_23925_temporal_spatial,23925,core,temporal_spatial,1,2018_485898__event_002,SELF,2018_485898__event_002,True,1,False
tokyo_23925_temporal_spatial,23925,core,temporal_spatial,1,2018_485898__event_002,PREVIOUS,2018_485898__event_001,True,2,False
tokyo_23925_temporal_spatial,23925,core,temporal_spatial,2,2018_485892__event_002,SELF,2018_485892__event_002,True,3,False
tokyo_23925_temporal_spatial,23925,core,temporal_spatial,2,2018_485892__event_002,PREVIOUS,2018_485892__event_001,True,4,False
tokyo_23925_temporal_spatial,23925,core,temporal_spatial,3,2018_485881__event_002,SELF,2018_485881__event_002,True,5,False
tokyo_23925_temporal_spatial,23925,core,temporal_spatial,3,2018_485881__event_002,PREVIOUS,2018_485881__event_001,True,6,False
tokyo_23925_temporal_spatial,23925,core,temporal_spatial,4,2018_485882__event_001,SELF,2018_485882__event_001,True,7,False
tokyo_23925_temporal_spatial,23925,core,temporal_spatial,4,2018_485882__event_001,NEXT,2018_485882__event_002,True,8,False
tokyo_23925_temporal_spatial,23925,core,temporal_spatial,5,2018_485910__event_003,SELF,2018_485910__event_003,True,9,False
tokyo_23925_temporal_spatial,23925,core,temporal_spatial,5,2018_485910__event_003,PREVIOUS,2018_485910__event_002,True,10,False
tokyo_23925_temporal_spatial,23925,core,temporal_spatial,5,2018_485910__event_003,NEXT,2018_485910__event_004,True,11,False
tokyo_24620_relational_after,24620,core,relational_after,1,2018_500321__event_001,SELF,2018_500321__event_001,True,1,True
tokyo_24620_relational_after,24620,core,relational_after,1,2018_500321__event_001,NEXT,2018_500321__event_002,True,2,True
tokyo_24620_relational_after,24620,core,relational_after,2,2018_500330__event_001,SELF,2018_500330__event_001,True,3,True
tokyo_24620_relational_after,24620,core,relational_after,2,2018_500330__event_001,NEXT,2018_500330__event_002,True,4,True
tokyo_24620_relational_after,24620,core,relational_after,3,2018_500337__event_001,SELF,2018_500337__event_001,True,5,True
tokyo_24620_relational_after,24620,core,relational_after,3,2018_500337__event_001,NEXT,2018_500337__event_002,True,6,True
tokyo_24620_relational_after,24620,core,relational_after,4,2018_500357__event_001,SELF,2018_500357__event_001,True,7,True
tokyo_24620_relational_after,24620,core,relational_after,4,2018_500357__event_001,NEXT,2018_500357__event_002,True,8,True
tokyo_24620_relational_after,24620,core,relational_after,5,2018_500305__event_001,SELF,2018_500305__event_001,True,9,True
tokyo_24620_relational_after,24620,core,relational_after,5,2018_500305__event_001,NEXT,2018_500305__event_002,True,10,True
tokyo_24620_temporal_spatial,24620,core,temporal_spatial,1,2018_500374__event_002,SELF,2018_500374__event_002,True,1,True
tokyo_24620_temporal_spatial,24620,core,temporal_spatial,1,2018_500374__event_002,PREVIOUS,2018_500374__event_001,True,2,True
tokyo_24620_temporal_spatial,24620,core,temporal_spatial,2,2018_500367__event_003,SELF,2018_500367__event_003,True,3,True
tokyo_24620_temporal_spatial,24620,core,temporal_spatial,2,2018_500367__event_003,PREVIOUS,2018_500367__event_002,True,4,True
tokyo_24620_temporal_spatial,24620,core,temporal_spatial,3,2018_500329__event_003,SELF,2018_500329__event_003,True,5,True
tokyo_24620_temporal_spatial,24620,core,temporal_spatial,3,2018_500329__event_003,PREVIOUS,2018_500329__event_002,True,6,True
tokyo_24620_temporal_spatial,24620,core,temporal_spatial,4,2018_500357__event_004,SELF,2018_500357__event_004,True,7,True
tokyo_24620_temporal_spatial,24620,core,temporal_spatial,4,2018_500357__event_004,PREVIOUS,2018_500357__event_003,True,8,True
tokyo_24620_temporal_spatial,24620,core,temporal_spatial,5,2018_500313__event_005,SELF,2018_500313__event_005,True,9,True
tokyo_24620_temporal_spatial,24620,core,temporal_spatial,5,2018_500313__event_005,PREVIOUS,2018_500313__event_004,True,10,True
tokyo_24664_relational_after,24664,core,relational_after,1,2018_501939__event_007,SELF,2018_501939__event_007,True,1,True
tokyo_24664_relational_after,24664,core,relational_after,1,2018_501939__event_007,PREVIOUS,2018_501939__event_006,True,2,True
tokyo_24664_relational_after,24664,core,relational_after,1,2018_501939__event_007,NEXT,2018_501939__event_008,True,3,True
tokyo_24664_relational_after,24664,core,relational_after,2,2018_501939__event_006,SELF,2018_501939__event_006,False,,True
tokyo_24664_relational_after,24664,core,relational_after,2,2018_501939__event_006,PREVIOUS,2018_501939__event_005,True,4,True
tokyo_24664_relational_after,24664,core,relational_after,2,2018_501939__event_006,NEXT,2018_501939__event_007,False,,True
tokyo_24664_relational_after,24664,core,relational_after,3,2018_501939__event_005,SELF,2018_501939__event_005,False,,True
tokyo_24664_relational_after,24664,core,relational_after,3,2018_501939__event_005,PREVIOUS,2018_501939__event_004,True,5,True
tokyo_24664_relational_after,24664,core,relational_after,3,2018_501939__event_005,NEXT,2018_501939__event_006,False,,True
tokyo_24664_relational_after,24664,core,relational_after,4,2018_501939__event_002,SELF,2018_501939__event_002,True,6,True
tokyo_24664_relational_after,24664,core,relational_after,4,2018_501939__event_002,PREVIOUS,2018_501939__event_001,True,7,True
tokyo_24664_relational_after,24664,core,relational_after,4,2018_501939__event_002,NEXT,2018_501939__event_003,True,8,True
tokyo_24664_relational_after,24664,core,relational_after,5,2018_501939__event_003,SELF,2018_501939__event_003,False,,True
tokyo_24664_relational_after,24664,core,relational_after,5,2018_501939__event_003,PREVIOUS,2018_501939__event_002,False,,True
tokyo_24664_relational_after,24664,core,relational_after,5,2018_501939__event_003,NEXT,2018_501939__event_004,False,,True
tokyo_24664_semantic,24664,core,semantic,1,2018_501938__event_002,SELF,2018_501938__event_002,True,1,True
tokyo_24664_semantic,24664,core,semantic,1,2018_501938__event_002,PREVIOUS,2018_501938__event_001,True,2,True
tokyo_24664_semantic,24664,core,semantic,2,2018_501939__event_008,SELF,2018_501939__event_008,True,3,True
tokyo_24664_semantic,24664,core,semantic,2,2018_501939__event_008,PREVIOUS,2018_501939__event_007,True,4,True
tokyo_24664_semantic,24664,core,semantic,2,2018_501939__event_008,NEXT,2018_501939__event_009,True,5,True
tokyo_24664_semantic,24664,core,semantic,3,2018_501955__event_002,SELF,2018_501955__event_002,True,6,True
tokyo_24664_semantic,24664,core,semantic,3,2018_501955__event_002,PREVIOUS,2018_501955__event_001,True,7,True
tokyo_24664_semantic,24664,core,semantic,4,2018_501939__event_007,SELF,2018_501939__event_007,False,,True
tokyo_24664_semantic,24664,core,semantic,4,2018_501939__event_007,PREVIOUS,2018_501939__event_006,True,8,True
tokyo_24664_semantic,24664,core,semantic,4,2018_501939__event_007,NEXT,2018_501939__event_008,False,,True
tokyo_24664_semantic,24664,core,semantic,5,2018_501969__event_001,SELF,2018_501969__event_001,True,9,True
tokyo_24664_semantic,24664,core,semantic,5,2018_501969__event_001,NEXT,2018_501969__event_002,True,10,True
tokyo_24664_temporal_spatial,24664,core,temporal_spatial,1,2018_501939__event_008,SELF,2018_501939__event_008,True,1,True
tokyo_24664_temporal_spatial,24664,core,temporal_spatial,1,2018_501939__event_008,PREVIOUS,2018_501939__event_007,True,2,True
tokyo_24664_temporal_spatial,24664,core,temporal_spatial,1,2018_501939__event_008,NEXT,2018_501939__event_009,True,3,True
tokyo_24664_temporal_spatial,24664,core,temporal_spatial,2,2018_501939__event_009,SELF,2018_501939__event_009,False,,True
tokyo_24664_temporal_spatial,24664,core,temporal_spatial,2,2018_501939__event_009,PREVIOUS,2018_501939__event_008,False,,True
tokyo_24664_temporal_spatial,24664,core,temporal_spatial,3,2018_501959__event_001,SELF,2018_501959__event_001,True,4,True
tokyo_24664_temporal_spatial,24664,core,temporal_spatial,3,2018_501959__event_001,NEXT,2018_501959__event_002,True,5,True
tokyo_24664_temporal_spatial,24664,core,temporal_spatial,4,2018_501940__event_002,SELF,2018_501940__event_002,True,6,True
tokyo_24664_temporal_spatial,24664,core,temporal_spatial,4,2018_501940__event_002,PREVIOUS,2018_501940__event_001,True,7,True
tokyo_24664_temporal_spatial,24664,core,temporal_spatial,5,2018_501958__event_001,SELF,2018_501958__event_001,True,8,True
tokyo_24664_temporal_spatial,24664,core,temporal_spatial,5,2018_501958__event_001,NEXT,2018_501958__event_002,True,9,True
tokyo_24765_relational_after,24765,core,relational_after,1,2018_504026__event_002,SELF,2018_504026__event_002,True,1,True
tokyo_24765_relational_after,24765,core,relational_after,1,2018_504026__event_002,PREVIOUS,2018_504026__event_001,True,2,True
tokyo_24765_relational_after,24765,core,relational_after,1,2018_504026__event_002,NEXT,2018_504026__event_003,True,3,True
tokyo_24765_relational_after,24765,core,relational_after,2,2018_504026__event_003,SELF,2018_504026__event_003,False,,True
tokyo_24765_relational_after,24765,core,relational_after,2,2018_504026__event_003,PREVIOUS,2018_504026__event_002,False,,True
tokyo_24765_relational_after,24765,core,relational_after,3,2018_504033__event_001,SELF,2018_504033__event_001,True,4,True
tokyo_24765_relational_after,24765,core,relational_after,3,2018_504033__event_001,NEXT,2018_504033__event_002,True,5,True
tokyo_24765_relational_after,24765,core,relational_after,4,2018_503991__event_002,SELF,2018_503991__event_002,True,6,True
tokyo_24765_relational_after,24765,core,relational_after,4,2018_503991__event_002,PREVIOUS,2018_503991__event_001,True,7,True
tokyo_24765_relational_after,24765,core,relational_after,5,2018_503989__event_002,SELF,2018_503989__event_002,True,8,True
tokyo_24765_relational_after,24765,core,relational_after,5,2018_503989__event_002,PREVIOUS,2018_503989__event_001,True,9,True
tokyo_24765_semantic,24765,core,semantic,1,2018_504006__event_002,SELF,2018_504006__event_002,True,1,True
tokyo_24765_semantic,24765,core,semantic,1,2018_504006__event_002,PREVIOUS,2018_504006__event_001,True,2,True
tokyo_24765_semantic,24765,core,semantic,2,2018_503999__event_002,SELF,2018_503999__event_002,True,3,True
tokyo_24765_semantic,24765,core,semantic,2,2018_503999__event_002,PREVIOUS,2018_503999__event_001,True,4,True
tokyo_24765_semantic,24765,core,semantic,3,2018_504011__event_002,SELF,2018_504011__event_002,True,5,True
tokyo_24765_semantic,24765,core,semantic,3,2018_504011__event_002,PREVIOUS,2018_504011__event_001,True,6,True
tokyo_24765_semantic,24765,core,semantic,4,2018_504025__event_001,SELF,2018_504025__event_001,True,7,True
tokyo_24765_semantic,24765,core,semantic,4,2018_504025__event_001,NEXT,2018_504025__event_002,True,8,True
tokyo_24765_semantic,24765,core,semantic,5,2018_504025__event_002,SELF,2018_504025__event_002,False,,True
tokyo_24765_semantic,24765,core,semantic,5,2018_504025__event_002,PREVIOUS,2018_504025__event_001,False,,True
tokyo_24765_temporal_spatial,24765,core,temporal_spatial,1,2018_504028__event_002,SELF,2018_504028__event_002,True,1,True
tokyo_24765_temporal_spatial,24765,core,temporal_spatial,1,2018_504028__event_002,PREVIOUS,2018_504028__event_001,True,2,True
tokyo_24765_temporal_spatial,24765,core,temporal_spatial,2,2018_504023__event_002,SELF,2018_504023__event_002,True,3,True
tokyo_24765_temporal_spatial,24765,core,temporal_spatial,2,2018_504023__event_002,PREVIOUS,2018_504023__event_001,True,4,True
tokyo_24765_temporal_spatial,24765,core,temporal_spatial,2,2018_504023__event_002,NEXT,2018_504023__event_003,True,5,True
tokyo_24765_temporal_spatial,24765,core,temporal_spatial,3,2018_504025__event_001,SELF,2018_504025__event_001,True,6,True
tokyo_24765_temporal_spatial,24765,core,temporal_spatial,3,2018_504025__event_001,NEXT,2018_504025__event_002,True,7,True
tokyo_24765_temporal_spatial,24765,core,temporal_spatial,4,2018_504023__event_001,SELF,2018_504023__event_001,False,,True
tokyo_24765_temporal_spatial,24765,core,temporal_spatial,4,2018_504023__event_001,NEXT,2018_504023__event_002,False,,True
tokyo_24765_temporal_spatial,24765,core,temporal_spatial,5,2018_504023__event_003,SELF,2018_504023__event_003,False,,True
tokyo_24765_temporal_spatial,24765,core,temporal_spatial,5,2018_504023__event_003,PREVIOUS,2018_504023__event_002,False,,True
tokyo_24765_temporal_spatial,24765,core,temporal_spatial,5,2018_504023__event_003,NEXT,2018_504023__event_004,True,8,True
tokyo_254908_relational_after,254908,core,relational_after,1,2018_3245115__event_003,SELF,2018_3245115__event_003,True,1,False
tokyo_254908_relational_after,254908,core,relational_after,1,2018_3245115__event_003,PREVIOUS,2018_3245115__event_002,True,2,False
tokyo_254908_relational_after,254908,core,relational_after,1,2018_3245115__event_003,NEXT,2018_3245115__event_004,True,3,False
tokyo_254908_relational_after,254908,core,relational_after,2,2018_3245120__event_001,SELF,2018_3245120__event_001,True,4,False
tokyo_254908_relational_after,254908,core,relational_after,2,2018_3245120__event_001,NEXT,2018_3245120__event_002,True,5,False
tokyo_254908_relational_after,254908,core,relational_after,3,2018_3245104__event_002,SELF,2018_3245104__event_002,True,6,False
tokyo_254908_relational_after,254908,core,relational_after,3,2018_3245104__event_002,PREVIOUS,2018_3245104__event_001,True,7,False
tokyo_254908_relational_after,254908,core,relational_after,3,2018_3245104__event_002,NEXT,2018_3245104__event_003,True,8,False
tokyo_254908_relational_after,254908,core,relational_after,4,2018_3245113__event_001,SELF,2018_3245113__event_001,True,9,False
tokyo_254908_relational_after,254908,core,relational_after,4,2018_3245113__event_001,NEXT,2018_3245113__event_002,True,10,False
tokyo_254908_relational_after,254908,core,relational_after,5,2018_3245104__event_003,SELF,2018_3245104__event_003,False,,False
tokyo_254908_relational_after,254908,core,relational_after,5,2018_3245104__event_003,PREVIOUS,2018_3245104__event_002,False,,False
tokyo_254908_semantic,254908,core,semantic,1,2018_3245120__event_003,SELF,2018_3245120__event_003,True,1,False
tokyo_254908_semantic,254908,core,semantic,1,2018_3245120__event_003,PREVIOUS,2018_3245120__event_002,True,2,False
tokyo_254908_semantic,254908,core,semantic,1,2018_3245120__event_003,NEXT,2018_3245120__event_004,True,3,False
tokyo_254908_semantic,254908,core,semantic,2,2018_3245172__event_002,SELF,2018_3245172__event_002,True,4,False
tokyo_254908_semantic,254908,core,semantic,2,2018_3245172__event_002,PREVIOUS,2018_3245172__event_001,True,5,False
tokyo_254908_semantic,254908,core,semantic,3,2018_3245120__event_004,SELF,2018_3245120__event_004,False,,False
tokyo_254908_semantic,254908,core,semantic,3,2018_3245120__event_004,PREVIOUS,2018_3245120__event_003,False,,False
tokyo_254908_semantic,254908,core,semantic,3,2018_3245120__event_004,NEXT,2018_3245120__event_005,True,6,False
tokyo_254908_semantic,254908,core,semantic,4,2018_3245120__event_005,SELF,2018_3245120__event_005,False,,False
tokyo_254908_semantic,254908,core,semantic,4,2018_3245120__event_005,PREVIOUS,2018_3245120__event_004,False,,False
tokyo_254908_semantic,254908,core,semantic,5,2018_3245172__event_001,SELF,2018_3245172__event_001,False,,False
tokyo_254908_semantic,254908,core,semantic,5,2018_3245172__event_001,NEXT,2018_3245172__event_002,False,,False
tokyo_254908_temporal_spatial,254908,core,temporal_spatial,1,2018_3245121__event_001,SELF,2018_3245121__event_001,True,1,False
tokyo_254908_temporal_spatial,254908,core,temporal_spatial,1,2018_3245121__event_001,NEXT,2018_3245121__event_002,True,2,False
tokyo_254908_temporal_spatial,254908,core,temporal_spatial,2,2018_3245120__event_002,SELF,2018_3245120__event_002,True,3,False
tokyo_254908_temporal_spatial,254908,core,temporal_spatial,2,2018_3245120__event_002,PREVIOUS,2018_3245120__event_001,True,4,False
tokyo_254908_temporal_spatial,254908,core,temporal_spatial,2,2018_3245120__event_002,NEXT,2018_3245120__event_003,True,5,False
tokyo_254908_temporal_spatial,254908,core,temporal_spatial,3,2018_3245115__event_004,SELF,2018_3245115__event_004,True,6,False
tokyo_254908_temporal_spatial,254908,core,temporal_spatial,3,2018_3245115__event_004,PREVIOUS,2018_3245115__event_003,True,7,False
tokyo_254908_temporal_spatial,254908,core,temporal_spatial,4,2018_3245104__event_001,SELF,2018_3245104__event_001,True,8,False
tokyo_254908_temporal_spatial,254908,core,temporal_spatial,4,2018_3245104__event_001,NEXT,2018_3245104__event_002,True,9,False
tokyo_254908_temporal_spatial,254908,core,temporal_spatial,5,2018_3245113__event_002,SELF,2018_3245113__event_002,True,10,False
tokyo_254908_temporal_spatial,254908,core,temporal_spatial,5,2018_3245113__event_002,PREVIOUS,2018_3245113__event_001,True,11,False
tokyo_259163_relational_after,259163,core,relational_after,1,2018_3271945__event_003,SELF,2018_3271945__event_003,True,1,False
tokyo_259163_relational_after,259163,core,relational_after,1,2018_3271945__event_003,PREVIOUS,2018_3271945__event_002,True,2,False
tokyo_259163_relational_after,259163,core,relational_after,2,2018_3271951__event_002,SELF,2018_3271951__event_002,True,3,False
tokyo_259163_relational_after,259163,core,relational_after,2,2018_3271951__event_002,PREVIOUS,2018_3271951__event_001,True,4,False
tokyo_259163_relational_after,259163,core,relational_after,3,2018_3271983__event_004,SELF,2018_3271983__event_004,True,5,False
tokyo_259163_relational_after,259163,core,relational_after,3,2018_3271983__event_004,PREVIOUS,2018_3271983__event_003,True,6,False
tokyo_259163_relational_after,259163,core,relational_after,4,2018_3271967__event_001,SELF,2018_3271967__event_001,True,7,False
tokyo_259163_relational_after,259163,core,relational_after,4,2018_3271967__event_001,NEXT,2018_3271967__event_002,True,8,False
tokyo_259163_relational_after,259163,core,relational_after,5,2018_3271951__event_001,SELF,2018_3271951__event_001,False,,False
tokyo_259163_relational_after,259163,core,relational_after,5,2018_3271951__event_001,NEXT,2018_3271951__event_002,False,,False
tokyo_259163_semantic,259163,core,semantic,1,2018_3271983__event_001,SELF,2018_3271983__event_001,True,1,False
tokyo_259163_semantic,259163,core,semantic,1,2018_3271983__event_001,NEXT,2018_3271983__event_002,True,2,False
tokyo_259163_semantic,259163,core,semantic,2,2018_3271983__event_002,SELF,2018_3271983__event_002,False,,False
tokyo_259163_semantic,259163,core,semantic,2,2018_3271983__event_002,PREVIOUS,2018_3271983__event_001,False,,False
tokyo_259163_semantic,259163,core,semantic,2,2018_3271983__event_002,NEXT,2018_3271983__event_003,True,3,False
tokyo_259163_semantic,259163,core,semantic,3,2018_3271945__event_001,SELF,2018_3271945__event_001,True,4,False
tokyo_259163_semantic,259163,core,semantic,3,2018_3271945__event_001,NEXT,2018_3271945__event_002,True,5,False
tokyo_259163_semantic,259163,core,semantic,4,2018_3271974__event_003,SELF,2018_3271974__event_003,True,6,False
tokyo_259163_semantic,259163,core,semantic,4,2018_3271974__event_003,PREVIOUS,2018_3271974__event_002,True,7,False
tokyo_259163_semantic,259163,core,semantic,5,2018_3271951__event_001,SELF,2018_3271951__event_001,True,8,False
tokyo_259163_semantic,259163,core,semantic,5,2018_3271951__event_001,NEXT,2018_3271951__event_002,True,9,False
tokyo_259163_temporal_spatial,259163,core,temporal_spatial,1,2018_3271977__event_002,SELF,2018_3271977__event_002,True,1,False
tokyo_259163_temporal_spatial,259163,core,temporal_spatial,1,2018_3271977__event_002,PREVIOUS,2018_3271977__event_001,True,2,False
tokyo_259163_temporal_spatial,259163,core,temporal_spatial,1,2018_3271977__event_002,NEXT,2018_3271977__event_003,True,3,False
tokyo_259163_temporal_spatial,259163,core,temporal_spatial,2,2018_3271977__event_001,SELF,2018_3271977__event_001,False,,False
tokyo_259163_temporal_spatial,259163,core,temporal_spatial,2,2018_3271977__event_001,NEXT,2018_3271977__event_002,False,,False
tokyo_259163_temporal_spatial,259163,core,temporal_spatial,3,2018_3271983__event_004,SELF,2018_3271983__event_004,True,4,False
tokyo_259163_temporal_spatial,259163,core,temporal_spatial,3,2018_3271983__event_004,PREVIOUS,2018_3271983__event_003,True,5,False
tokyo_259163_temporal_spatial,259163,core,temporal_spatial,4,2018_3271951__event_002,SELF,2018_3271951__event_002,True,6,False
tokyo_259163_temporal_spatial,259163,core,temporal_spatial,4,2018_3271951__event_002,PREVIOUS,2018_3271951__event_001,True,7,False
tokyo_259163_temporal_spatial,259163,core,temporal_spatial,5,2018_3271960__event_001,SELF,2018_3271960__event_001,True,8,False
tokyo_259163_temporal_spatial,259163,core,temporal_spatial,5,2018_3271960__event_001,NEXT,2018_3271960__event_002,True,9,False
tokyo_263152_relational_after,263152,core,relational_after,1,2018_3295464__event_001,SELF,2018_3295464__event_001,True,1,False
tokyo_263152_relational_after,263152,core,relational_after,1,2018_3295464__event_001,NEXT,2018_3295464__event_002,True,2,False
tokyo_263152_relational_after,263152,core,relational_after,2,2018_3295464__event_002,SELF,2018_3295464__event_002,False,,False
tokyo_263152_relational_after,263152,core,relational_after,2,2018_3295464__event_002,PREVIOUS,2018_3295464__event_001,False,,False
tokyo_263152_relational_after,263152,core,relational_after,3,2018_3295444__event_003,SELF,2018_3295444__event_003,True,3,False
tokyo_263152_relational_after,263152,core,relational_after,3,2018_3295444__event_003,PREVIOUS,2018_3295444__event_002,True,4,False
tokyo_263152_relational_after,263152,core,relational_after,4,2018_3295457__event_002,SELF,2018_3295457__event_002,True,5,False
tokyo_263152_relational_after,263152,core,relational_after,4,2018_3295457__event_002,PREVIOUS,2018_3295457__event_001,True,6,False
tokyo_263152_relational_after,263152,core,relational_after,5,2018_3295457__event_001,SELF,2018_3295457__event_001,False,,False
tokyo_263152_relational_after,263152,core,relational_after,5,2018_3295457__event_001,NEXT,2018_3295457__event_002,False,,False
tokyo_263152_semantic,263152,core,semantic,1,2018_3295456__event_002,SELF,2018_3295456__event_002,True,1,False
tokyo_263152_semantic,263152,core,semantic,1,2018_3295456__event_002,PREVIOUS,2018_3295456__event_001,True,2,False
tokyo_263152_semantic,263152,core,semantic,1,2018_3295456__event_002,NEXT,2018_3295456__event_003,True,3,False
tokyo_263152_semantic,263152,core,semantic,2,2018_3295464__event_002,SELF,2018_3295464__event_002,True,4,False
tokyo_263152_semantic,263152,core,semantic,2,2018_3295464__event_002,PREVIOUS,2018_3295464__event_001,True,5,False
tokyo_263152_semantic,263152,core,semantic,3,2018_3295444__event_003,SELF,2018_3295444__event_003,True,6,False
tokyo_263152_semantic,263152,core,semantic,3,2018_3295444__event_003,PREVIOUS,2018_3295444__event_002,True,7,False
tokyo_263152_semantic,263152,core,semantic,4,2018_3295451__event_002,SELF,2018_3295451__event_002,True,8,False
tokyo_263152_semantic,263152,core,semantic,4,2018_3295451__event_002,PREVIOUS,2018_3295451__event_001,True,9,False
tokyo_263152_semantic,263152,core,semantic,5,2018_3295457__event_002,SELF,2018_3295457__event_002,True,10,False
tokyo_263152_semantic,263152,core,semantic,5,2018_3295457__event_002,PREVIOUS,2018_3295457__event_001,True,11,False
tokyo_263152_temporal_spatial,263152,core,temporal_spatial,1,2018_3295464__event_002,SELF,2018_3295464__event_002,True,1,False
tokyo_263152_temporal_spatial,263152,core,temporal_spatial,1,2018_3295464__event_002,PREVIOUS,2018_3295464__event_001,True,2,False
tokyo_263152_temporal_spatial,263152,core,temporal_spatial,2,2018_3295456__event_002,SELF,2018_3295456__event_002,True,3,False
tokyo_263152_temporal_spatial,263152,core,temporal_spatial,2,2018_3295456__event_002,PREVIOUS,2018_3295456__event_001,True,4,False
tokyo_263152_temporal_spatial,263152,core,temporal_spatial,2,2018_3295456__event_002,NEXT,2018_3295456__event_003,True,5,False
tokyo_263152_temporal_spatial,263152,core,temporal_spatial,3,2018_3295452__event_002,SELF,2018_3295452__event_002,True,6,False
tokyo_263152_temporal_spatial,263152,core,temporal_spatial,3,2018_3295452__event_002,PREVIOUS,2018_3295452__event_001,True,7,False
tokyo_263152_temporal_spatial,263152,core,temporal_spatial,4,2018_3295455__event_001,SELF,2018_3295455__event_001,True,8,False
tokyo_263152_temporal_spatial,263152,core,temporal_spatial,4,2018_3295455__event_001,NEXT,2018_3295455__event_002,True,9,False
tokyo_263152_temporal_spatial,263152,core,temporal_spatial,5,2018_3295451__event_002,SELF,2018_3295451__event_002,True,10,False
tokyo_263152_temporal_spatial,263152,core,temporal_spatial,5,2018_3295451__event_002,PREVIOUS,2018_3295451__event_001,True,11,False
tokyo_264627_relational_after,264627,core,relational_after,1,2018_3303923__event_002,SELF,2018_3303923__event_002,True,1,True
tokyo_264627_relational_after,264627,core,relational_after,1,2018_3303923__event_002,PREVIOUS,2018_3303923__event_001,True,2,True
tokyo_264627_relational_after,264627,core,relational_after,1,2018_3303923__event_002,NEXT,2018_3303923__event_003,True,3,True
tokyo_264627_relational_after,264627,core,relational_after,2,2018_3303957__event_001,SELF,2018_3303957__event_001,True,4,True
tokyo_264627_relational_after,264627,core,relational_after,2,2018_3303957__event_001,NEXT,2018_3303957__event_002,True,5,True
tokyo_264627_relational_after,264627,core,relational_after,3,2018_3303906__event_002,SELF,2018_3303906__event_002,True,6,True
tokyo_264627_relational_after,264627,core,relational_after,3,2018_3303906__event_002,PREVIOUS,2018_3303906__event_001,True,7,True
tokyo_264627_relational_after,264627,core,relational_after,3,2018_3303906__event_002,NEXT,2018_3303906__event_003,True,8,True
tokyo_264627_relational_after,264627,core,relational_after,4,2018_3303923__event_001,SELF,2018_3303923__event_001,False,,True
tokyo_264627_relational_after,264627,core,relational_after,4,2018_3303923__event_001,NEXT,2018_3303923__event_002,False,,True
tokyo_264627_relational_after,264627,core,relational_after,5,2018_3303886__event_001,SELF,2018_3303886__event_001,True,9,True
tokyo_264627_relational_after,264627,core,relational_after,5,2018_3303886__event_001,NEXT,2018_3303886__event_002,True,10,True
tokyo_264627_semantic,264627,core,semantic,1,2018_3303898__event_002,SELF,2018_3303898__event_002,True,1,True
tokyo_264627_semantic,264627,core,semantic,1,2018_3303898__event_002,PREVIOUS,2018_3303898__event_001,True,2,True
tokyo_264627_semantic,264627,core,semantic,2,2018_3303904__event_001,SELF,2018_3303904__event_001,True,3,True
tokyo_264627_semantic,264627,core,semantic,2,2018_3303904__event_001,NEXT,2018_3303904__event_002,True,4,True
tokyo_264627_semantic,264627,core,semantic,3,2018_3303886__event_002,SELF,2018_3303886__event_002,True,5,True
tokyo_264627_semantic,264627,core,semantic,3,2018_3303886__event_002,PREVIOUS,2018_3303886__event_001,True,6,True
tokyo_264627_semantic,264627,core,semantic,4,2018_3303898__event_001,SELF,2018_3303898__event_001,False,,True
tokyo_264627_semantic,264627,core,semantic,4,2018_3303898__event_001,NEXT,2018_3303898__event_002,False,,True
tokyo_264627_semantic,264627,core,semantic,5,2018_3303923__event_003,SELF,2018_3303923__event_003,True,7,True
tokyo_264627_semantic,264627,core,semantic,5,2018_3303923__event_003,PREVIOUS,2018_3303923__event_002,True,8,True
tokyo_264627_temporal_spatial,264627,core,temporal_spatial,1,2018_3303892__event_002,SELF,2018_3303892__event_002,True,1,True
tokyo_264627_temporal_spatial,264627,core,temporal_spatial,1,2018_3303892__event_002,PREVIOUS,2018_3303892__event_001,True,2,True
tokyo_264627_temporal_spatial,264627,core,temporal_spatial,2,2018_3303886__event_002,SELF,2018_3303886__event_002,True,3,True
tokyo_264627_temporal_spatial,264627,core,temporal_spatial,2,2018_3303886__event_002,PREVIOUS,2018_3303886__event_001,True,4,True
tokyo_264627_temporal_spatial,264627,core,temporal_spatial,3,2018_3303890__event_002,SELF,2018_3303890__event_002,True,5,True
tokyo_264627_temporal_spatial,264627,core,temporal_spatial,3,2018_3303890__event_002,PREVIOUS,2018_3303890__event_001,True,6,True
tokyo_264627_temporal_spatial,264627,core,temporal_spatial,4,2018_3303899__event_003,SELF,2018_3303899__event_003,True,7,True
tokyo_264627_temporal_spatial,264627,core,temporal_spatial,4,2018_3303899__event_003,PREVIOUS,2018_3303899__event_002,True,8,True
tokyo_264627_temporal_spatial,264627,core,temporal_spatial,5,2018_3303904__event_002,SELF,2018_3303904__event_002,True,9,True
tokyo_264627_temporal_spatial,264627,core,temporal_spatial,5,2018_3303904__event_002,PREVIOUS,2018_3303904__event_001,True,10,True
tokyo_267704_relational_after,267704,core,relational_after,1,2018_3322363__event_002,SELF,2018_3322363__event_002,True,1,False
tokyo_267704_relational_after,267704,core,relational_after,1,2018_3322363__event_002,PREVIOUS,2018_3322363__event_001,True,2,False
tokyo_267704_relational_after,267704,core,relational_after,1,2018_3322363__event_002,NEXT,2018_3322363__event_003,True,3,False
tokyo_267704_relational_after,267704,core,relational_after,2,2018_3322363__event_001,SELF,2018_3322363__event_001,False,,False
tokyo_267704_relational_after,267704,core,relational_after,2,2018_3322363__event_001,NEXT,2018_3322363__event_002,False,,False
tokyo_267704_relational_after,267704,core,relational_after,3,2018_3322365__event_002,SELF,2018_3322365__event_002,True,4,False
tokyo_267704_relational_after,267704,core,relational_after,3,2018_3322365__event_002,PREVIOUS,2018_3322365__event_001,True,5,False
tokyo_267704_relational_after,267704,core,relational_after,4,2018_3322362__event_001,SELF,2018_3322362__event_001,True,6,False
tokyo_267704_relational_after,267704,core,relational_after,4,2018_3322362__event_001,NEXT,2018_3322362__event_002,True,7,False
tokyo_267704_relational_after,267704,core,relational_after,5,2018_3322359__event_005,SELF,2018_3322359__event_005,True,8,False
tokyo_267704_relational_after,267704,core,relational_after,5,2018_3322359__event_005,PREVIOUS,2018_3322359__event_004,True,9,False
tokyo_267704_relational_after,267704,core,relational_after,5,2018_3322359__event_005,NEXT,2018_3322359__event_006,True,10,False
tokyo_267704_semantic,267704,core,semantic,1,2018_3322366__event_001,SELF,2018_3322366__event_001,True,1,False
tokyo_267704_semantic,267704,core,semantic,1,2018_3322366__event_001,NEXT,2018_3322366__event_002,True,2,False
tokyo_267704_semantic,267704,core,semantic,2,2018_3322364__event_006,SELF,2018_3322364__event_006,True,3,False
tokyo_267704_semantic,267704,core,semantic,2,2018_3322364__event_006,PREVIOUS,2018_3322364__event_005,True,4,False
tokyo_267704_semantic,267704,core,semantic,3,2018_3322358__event_003,SELF,2018_3322358__event_003,True,5,False
tokyo_267704_semantic,267704,core,semantic,3,2018_3322358__event_003,PREVIOUS,2018_3322358__event_002,True,6,False
tokyo_267704_semantic,267704,core,semantic,4,2018_3322372__event_005,SELF,2018_3322372__event_005,True,7,False
tokyo_267704_semantic,267704,core,semantic,4,2018_3322372__event_005,PREVIOUS,2018_3322372__event_004,True,8,False
tokyo_267704_semantic,267704,core,semantic,5,2018_3322364__event_005,SELF,2018_3322364__event_005,False,,False
tokyo_267704_semantic,267704,core,semantic,5,2018_3322364__event_005,PREVIOUS,2018_3322364__event_004,True,9,False
tokyo_267704_semantic,267704,core,semantic,5,2018_3322364__event_005,NEXT,2018_3322364__event_006,False,,False
tokyo_267704_temporal_spatial,267704,core,temporal_spatial,1,2018_3322359__event_005,SELF,2018_3322359__event_005,True,1,False
tokyo_267704_temporal_spatial,267704,core,temporal_spatial,1,2018_3322359__event_005,PREVIOUS,2018_3322359__event_004,True,2,False
tokyo_267704_temporal_spatial,267704,core,temporal_spatial,1,2018_3322359__event_005,NEXT,2018_3322359__event_006,True,3,False
tokyo_267704_temporal_spatial,267704,core,temporal_spatial,2,2018_3322366__event_003,SELF,2018_3322366__event_003,True,4,False
tokyo_267704_temporal_spatial,267704,core,temporal_spatial,2,2018_3322366__event_003,PREVIOUS,2018_3322366__event_002,True,5,False
tokyo_267704_temporal_spatial,267704,core,temporal_spatial,2,2018_3322366__event_003,NEXT,2018_3322366__event_004,True,6,False
tokyo_267704_temporal_spatial,267704,core,temporal_spatial,3,2018_3322362__event_001,SELF,2018_3322362__event_001,True,7,False
tokyo_267704_temporal_spatial,267704,core,temporal_spatial,3,2018_3322362__event_001,NEXT,2018_3322362__event_002,True,8,False
tokyo_267704_temporal_spatial,267704,core,temporal_spatial,4,2018_3322359__event_009,SELF,2018_3322359__event_009,True,9,False
tokyo_267704_temporal_spatial,267704,core,temporal_spatial,4,2018_3322359__event_009,PREVIOUS,2018_3322359__event_008,True,10,False
tokyo_267704_temporal_spatial,267704,core,temporal_spatial,4,2018_3322359__event_009,NEXT,2018_3322359__event_010,True,11,False
tokyo_267704_temporal_spatial,267704,core,temporal_spatial,5,2018_3322362__event_004,SELF,2018_3322362__event_004,True,12,False
tokyo_267704_temporal_spatial,267704,core,temporal_spatial,5,2018_3322362__event_004,PREVIOUS,2018_3322362__event_003,True,13,False
tokyo_267704_temporal_spatial,267704,core,temporal_spatial,5,2018_3322362__event_004,NEXT,2018_3322362__event_005,True,14,False
tokyo_26786_relational_after,26786,core,relational_after,1,2018_543238__event_002,SELF,2018_543238__event_002,True,1,True
tokyo_26786_relational_after,26786,core,relational_after,1,2018_543238__event_002,PREVIOUS,2018_543238__event_001,True,2,True
tokyo_26786_relational_after,26786,core,relational_after,2,2018_543238__event_001,SELF,2018_543238__event_001,False,,True
tokyo_26786_relational_after,26786,core,relational_after,2,2018_543238__event_001,NEXT,2018_543238__event_002,False,,True
tokyo_26786_relational_after,26786,core,relational_after,3,2018_543175__event_003,SELF,2018_543175__event_003,True,3,True
tokyo_26786_relational_after,26786,core,relational_after,3,2018_543175__event_003,PREVIOUS,2018_543175__event_002,True,4,True
tokyo_26786_relational_after,26786,core,relational_after,3,2018_543175__event_003,NEXT,2018_543175__event_004,True,5,True
tokyo_26786_relational_after,26786,core,relational_after,4,2018_543184__event_001,SELF,2018_543184__event_001,True,6,True
tokyo_26786_relational_after,26786,core,relational_after,4,2018_543184__event_001,NEXT,2018_543184__event_002,True,7,True
tokyo_26786_relational_after,26786,core,relational_after,5,2018_543240__event_001,SELF,2018_543240__event_001,True,8,True
tokyo_26786_relational_after,26786,core,relational_after,5,2018_543240__event_001,NEXT,2018_543240__event_002,True,9,True
tokyo_26786_semantic,26786,core,semantic,1,2018_543193__event_002,SELF,2018_543193__event_002,True,1,True
tokyo_26786_semantic,26786,core,semantic,1,2018_543193__event_002,PREVIOUS,2018_543193__event_001,True,2,True
tokyo_26786_semantic,26786,core,semantic,1,2018_543193__event_002,NEXT,2018_543193__event_003,True,3,True
tokyo_26786_semantic,26786,core,semantic,2,2018_543193__event_003,SELF,2018_543193__event_003,False,,True
tokyo_26786_semantic,26786,core,semantic,2,2018_543193__event_003,PREVIOUS,2018_543193__event_002,False,,True
tokyo_26786_semantic,26786,core,semantic,2,2018_543193__event_003,NEXT,2018_543193__event_004,True,4,True
tokyo_26786_semantic,26786,core,semantic,3,2018_543252__event_003,SELF,2018_543252__event_003,True,5,True
tokyo_26786_semantic,26786,core,semantic,3,2018_543252__event_003,PREVIOUS,2018_543252__event_002,True,6,True
tokyo_26786_semantic,26786,core,semantic,3,2018_543252__event_003,NEXT,2018_543252__event_004,True,7,True
tokyo_26786_semantic,26786,core,semantic,4,2018_543204__event_005,SELF,2018_543204__event_005,True,8,True
tokyo_26786_semantic,26786,core,semantic,4,2018_543204__event_005,PREVIOUS,2018_543204__event_004,True,9,True
tokyo_26786_semantic,26786,core,semantic,4,2018_543204__event_005,NEXT,2018_543204__event_006,True,10,True
tokyo_26786_semantic,26786,core,semantic,5,2018_543193__event_001,SELF,2018_543193__event_001,False,,True
tokyo_26786_semantic,26786,core,semantic,5,2018_543193__event_001,NEXT,2018_543193__event_002,False,,True
tokyo_26786_temporal_spatial,26786,core,temporal_spatial,1,2018_543252__event_004,SELF,2018_543252__event_004,True,1,True
tokyo_26786_temporal_spatial,26786,core,temporal_spatial,1,2018_543252__event_004,PREVIOUS,2018_543252__event_003,True,2,True
tokyo_26786_temporal_spatial,26786,core,temporal_spatial,1,2018_543252__event_004,NEXT,2018_543252__event_005,True,3,True
tokyo_26786_temporal_spatial,26786,core,temporal_spatial,2,2018_543204__event_004,SELF,2018_543204__event_004,True,4,True
tokyo_26786_temporal_spatial,26786,core,temporal_spatial,2,2018_543204__event_004,PREVIOUS,2018_543204__event_003,True,5,True
tokyo_26786_temporal_spatial,26786,core,temporal_spatial,2,2018_543204__event_004,NEXT,2018_543204__event_005,True,6,True
tokyo_26786_temporal_spatial,26786,core,temporal_spatial,3,2018_543179__event_003,SELF,2018_543179__event_003,True,7,True
tokyo_26786_temporal_spatial,26786,core,temporal_spatial,3,2018_543179__event_003,PREVIOUS,2018_543179__event_002,True,8,True
tokyo_26786_temporal_spatial,26786,core,temporal_spatial,3,2018_543179__event_003,NEXT,2018_543179__event_004,True,9,True
tokyo_26786_temporal_spatial,26786,core,temporal_spatial,4,2018_543175__event_002,SELF,2018_543175__event_002,True,10,True
tokyo_26786_temporal_spatial,26786,core,temporal_spatial,4,2018_543175__event_002,PREVIOUS,2018_543175__event_001,True,11,True
tokyo_26786_temporal_spatial,26786,core,temporal_spatial,4,2018_543175__event_002,NEXT,2018_543175__event_003,True,12,True
tokyo_26786_temporal_spatial,26786,core,temporal_spatial,5,2018_543179__event_002,SELF,2018_543179__event_002,False,,True
tokyo_26786_temporal_spatial,26786,core,temporal_spatial,5,2018_543179__event_002,PREVIOUS,2018_543179__event_001,True,13,True
tokyo_26786_temporal_spatial,26786,core,temporal_spatial,5,2018_543179__event_002,NEXT,2018_543179__event_003,False,,True
tokyo_277915_relational_after,277915,core,relational_after,1,2018_3383909__event_002,SELF,2018_3383909__event_002,True,1,False
tokyo_277915_relational_after,277915,core,relational_after,1,2018_3383909__event_002,PREVIOUS,2018_3383909__event_001,True,2,False
tokyo_277915_relational_after,277915,core,relational_after,2,2018_3383909__event_001,SELF,2018_3383909__event_001,False,,False
tokyo_277915_relational_after,277915,core,relational_after,2,2018_3383909__event_001,NEXT,2018_3383909__event_002,False,,False
tokyo_277915_relational_after,277915,core,relational_after,3,2018_3383898__event_002,SELF,2018_3383898__event_002,True,3,False
tokyo_277915_relational_after,277915,core,relational_after,3,2018_3383898__event_002,PREVIOUS,2018_3383898__event_001,True,4,False
tokyo_277915_relational_after,277915,core,relational_after,3,2018_3383898__event_002,NEXT,2018_3383898__event_003,True,5,False
tokyo_277915_relational_after,277915,core,relational_after,4,2018_3383896__event_002,SELF,2018_3383896__event_002,True,6,False
tokyo_277915_relational_after,277915,core,relational_after,4,2018_3383896__event_002,PREVIOUS,2018_3383896__event_001,True,7,False
tokyo_277915_relational_after,277915,core,relational_after,5,2018_3383887__event_003,SELF,2018_3383887__event_003,True,8,False
tokyo_277915_relational_after,277915,core,relational_after,5,2018_3383887__event_003,PREVIOUS,2018_3383887__event_002,True,9,False
tokyo_277915_semantic,277915,core,semantic,1,2018_3383912__event_002,SELF,2018_3383912__event_002,True,1,False
tokyo_277915_semantic,277915,core,semantic,1,2018_3383912__event_002,PREVIOUS,2018_3383912__event_001,True,2,False
tokyo_277915_semantic,277915,core,semantic,2,2018_3383887__event_002,SELF,2018_3383887__event_002,True,3,False
tokyo_277915_semantic,277915,core,semantic,2,2018_3383887__event_002,PREVIOUS,2018_3383887__event_001,True,4,False
tokyo_277915_semantic,277915,core,semantic,2,2018_3383887__event_002,NEXT,2018_3383887__event_003,True,5,False
tokyo_277915_semantic,277915,core,semantic,3,2018_3383903__event_002,SELF,2018_3383903__event_002,True,6,False
tokyo_277915_semantic,277915,core,semantic,3,2018_3383903__event_002,PREVIOUS,2018_3383903__event_001,True,7,False
tokyo_277915_semantic,277915,core,semantic,4,2018_3383900__event_001,SELF,2018_3383900__event_001,True,8,False
tokyo_277915_semantic,277915,core,semantic,4,2018_3383900__event_001,NEXT,2018_3383900__event_002,True,9,False
tokyo_277915_semantic,277915,core,semantic,5,2018_3383890__event_002,SELF,2018_3383890__event_002,True,10,False
tokyo_277915_semantic,277915,core,semantic,5,2018_3383890__event_002,PREVIOUS,2018_3383890__event_001,True,11,False
tokyo_277915_temporal_spatial,277915,core,temporal_spatial,1,2018_3383900__event_002,SELF,2018_3383900__event_002,True,1,False
tokyo_277915_temporal_spatial,277915,core,temporal_spatial,1,2018_3383900__event_002,PREVIOUS,2018_3383900__event_001,True,2,False
tokyo_277915_temporal_spatial,277915,core,temporal_spatial,2,2018_3383899__event_001,SELF,2018_3383899__event_001,True,3,False
tokyo_277915_temporal_spatial,277915,core,temporal_spatial,2,2018_3383899__event_001,NEXT,2018_3383899__event_002,True,4,False
tokyo_277915_temporal_spatial,277915,core,temporal_spatial,3,2018_3383900__event_001,SELF,2018_3383900__event_001,False,,False
tokyo_277915_temporal_spatial,277915,core,temporal_spatial,3,2018_3383900__event_001,NEXT,2018_3383900__event_002,False,,False
tokyo_277915_temporal_spatial,277915,core,temporal_spatial,4,2018_3383892__event_002,SELF,2018_3383892__event_002,True,5,False
tokyo_277915_temporal_spatial,277915,core,temporal_spatial,4,2018_3383892__event_002,PREVIOUS,2018_3383892__event_001,True,6,False
tokyo_277915_temporal_spatial,277915,core,temporal_spatial,4,2018_3383892__event_002,NEXT,2018_3383892__event_003,True,7,False
tokyo_277915_temporal_spatial,277915,core,temporal_spatial,5,2018_3383902__event_002,SELF,2018_3383902__event_002,True,8,False
tokyo_277915_temporal_spatial,277915,core,temporal_spatial,5,2018_3383902__event_002,PREVIOUS,2018_3383902__event_001,True,9,False
tokyo_280210_relational_after,280210,core,relational_after,1,2018_3396831__event_001,SELF,2018_3396831__event_001,True,1,True
tokyo_280210_relational_after,280210,core,relational_after,1,2018_3396831__event_001,NEXT,2018_3396831__event_002,True,2,True
tokyo_280210_relational_after,280210,core,relational_after,2,2018_3396831__event_002,SELF,2018_3396831__event_002,False,,True
tokyo_280210_relational_after,280210,core,relational_after,2,2018_3396831__event_002,PREVIOUS,2018_3396831__event_001,False,,True
tokyo_280210_relational_after,280210,core,relational_after,2,2018_3396831__event_002,NEXT,2018_3396831__event_003,True,3,True
tokyo_280210_relational_after,280210,core,relational_after,3,2018_3396788__event_001,SELF,2018_3396788__event_001,True,4,True
tokyo_280210_relational_after,280210,core,relational_after,3,2018_3396788__event_001,NEXT,2018_3396788__event_002,True,5,True
tokyo_280210_relational_after,280210,core,relational_after,4,2018_3396788__event_002,SELF,2018_3396788__event_002,False,,True
tokyo_280210_relational_after,280210,core,relational_after,4,2018_3396788__event_002,PREVIOUS,2018_3396788__event_001,False,,True
tokyo_280210_relational_after,280210,core,relational_after,4,2018_3396788__event_002,NEXT,2018_3396788__event_003,True,6,True
tokyo_280210_relational_after,280210,core,relational_after,5,2018_3396837__event_002,SELF,2018_3396837__event_002,True,7,True
tokyo_280210_relational_after,280210,core,relational_after,5,2018_3396837__event_002,PREVIOUS,2018_3396837__event_001,True,8,True
tokyo_280210_relational_after,280210,core,relational_after,5,2018_3396837__event_002,NEXT,2018_3396837__event_003,True,9,True
tokyo_280210_semantic,280210,core,semantic,1,2018_3396792__event_003,SELF,2018_3396792__event_003,True,1,True
tokyo_280210_semantic,280210,core,semantic,1,2018_3396792__event_003,PREVIOUS,2018_3396792__event_002,True,2,True
tokyo_280210_semantic,280210,core,semantic,1,2018_3396792__event_003,NEXT,2018_3396792__event_004,True,3,True
tokyo_280210_semantic,280210,core,semantic,2,2018_3396789__event_004,SELF,2018_3396789__event_004,True,4,True
tokyo_280210_semantic,280210,core,semantic,2,2018_3396789__event_004,PREVIOUS,2018_3396789__event_003,True,5,True
tokyo_280210_semantic,280210,core,semantic,3,2018_3396792__event_002,SELF,2018_3396792__event_002,False,,True
tokyo_280210_semantic,280210,core,semantic,3,2018_3396792__event_002,PREVIOUS,2018_3396792__event_001,True,6,True
tokyo_280210_semantic,280210,core,semantic,3,2018_3396792__event_002,NEXT,2018_3396792__event_003,False,,True
tokyo_280210_semantic,280210,core,semantic,4,2018_3396830__event_003,SELF,2018_3396830__event_003,True,7,True
tokyo_280210_semantic,280210,core,semantic,4,2018_3396830__event_003,PREVIOUS,2018_3396830__event_002,True,8,True
tokyo_280210_semantic,280210,core,semantic,4,2018_3396830__event_003,NEXT,2018_3396830__event_004,True,9,True
tokyo_280210_semantic,280210,core,semantic,5,2018_3396792__event_004,SELF,2018_3396792__event_004,False,,True
tokyo_280210_semantic,280210,core,semantic,5,2018_3396792__event_004,PREVIOUS,2018_3396792__event_003,False,,True
tokyo_280210_semantic,280210,core,semantic,5,2018_3396792__event_004,NEXT,2018_3396792__event_005,True,10,True
tokyo_280210_temporal_spatial,280210,core,temporal_spatial,1,2018_3396806__event_001,SELF,2018_3396806__event_001,True,1,True
tokyo_280210_temporal_spatial,280210,core,temporal_spatial,1,2018_3396806__event_001,NEXT,2018_3396806__event_002,True,2,True
tokyo_280210_temporal_spatial,280210,core,temporal_spatial,2,2018_3396812__event_001,SELF,2018_3396812__event_001,True,3,True
tokyo_280210_temporal_spatial,280210,core,temporal_spatial,2,2018_3396812__event_001,NEXT,2018_3396812__event_002,True,4,True
tokyo_280210_temporal_spatial,280210,core,temporal_spatial,3,2018_3396806__event_002,SELF,2018_3396806__event_002,False,,True
tokyo_280210_temporal_spatial,280210,core,temporal_spatial,3,2018_3396806__event_002,PREVIOUS,2018_3396806__event_001,False,,True
tokyo_280210_temporal_spatial,280210,core,temporal_spatial,3,2018_3396806__event_002,NEXT,2018_3396806__event_003,True,5,True
tokyo_280210_temporal_spatial,280210,core,temporal_spatial,4,2018_3396808__event_001,SELF,2018_3396808__event_001,True,6,True
tokyo_280210_temporal_spatial,280210,core,temporal_spatial,4,2018_3396808__event_001,NEXT,2018_3396808__event_002,True,7,True
tokyo_280210_temporal_spatial,280210,core,temporal_spatial,5,2018_3396807__event_001,SELF,2018_3396807__event_001,True,8,True
tokyo_280210_temporal_spatial,280210,core,temporal_spatial,5,2018_3396807__event_001,NEXT,2018_3396807__event_002,True,9,True
tokyo_281448_relational_after,281448,core,relational_after,1,2018_3403849__event_001,SELF,2018_3403849__event_001,True,1,False
tokyo_281448_relational_after,281448,core,relational_after,1,2018_3403849__event_001,NEXT,2018_3403849__event_002,True,2,False
tokyo_281448_relational_after,281448,core,relational_after,2,2018_3403853__event_002,SELF,2018_3403853__event_002,True,3,False
tokyo_281448_relational_after,281448,core,relational_after,2,2018_3403853__event_002,PREVIOUS,2018_3403853__event_001,True,4,False
tokyo_281448_relational_after,281448,core,relational_after,2,2018_3403853__event_002,NEXT,2018_3403853__event_003,True,5,False
tokyo_281448_relational_after,281448,core,relational_after,3,2018_3403860__event_002,SELF,2018_3403860__event_002,True,6,False
tokyo_281448_relational_after,281448,core,relational_after,3,2018_3403860__event_002,PREVIOUS,2018_3403860__event_001,True,7,False
tokyo_281448_relational_after,281448,core,relational_after,3,2018_3403860__event_002,NEXT,2018_3403860__event_003,True,8,False
tokyo_281448_relational_after,281448,core,relational_after,4,2018_3403825__event_001,SELF,2018_3403825__event_001,True,9,False
tokyo_281448_relational_after,281448,core,relational_after,4,2018_3403825__event_001,NEXT,2018_3403825__event_002,True,10,False
tokyo_281448_relational_after,281448,core,relational_after,5,2018_3403862__event_001,SELF,2018_3403862__event_001,True,11,False
tokyo_281448_relational_after,281448,core,relational_after,5,2018_3403862__event_001,NEXT,2018_3403862__event_002,True,12,False
tokyo_281448_semantic,281448,core,semantic,1,2018_3403886__event_001,SELF,2018_3403886__event_001,True,1,False
tokyo_281448_semantic,281448,core,semantic,1,2018_3403886__event_001,NEXT,2018_3403886__event_002,True,2,False
tokyo_281448_semantic,281448,core,semantic,2,2018_3403886__event_005,SELF,2018_3403886__event_005,True,3,False
tokyo_281448_semantic,281448,core,semantic,2,2018_3403886__event_005,PREVIOUS,2018_3403886__event_004,True,4,False
tokyo_281448_semantic,281448,core,semantic,3,2018_3403834__event_003,SELF,2018_3403834__event_003,True,5,False
tokyo_281448_semantic,281448,core,semantic,3,2018_3403834__event_003,PREVIOUS,2018_3403834__event_002,True,6,False
tokyo_281448_semantic,281448,core,semantic,4,2018_3403848__event_001,SELF,2018_3403848__event_001,True,7,False
tokyo_281448_semantic,281448,core,semantic,4,2018_3403848__event_001,NEXT,2018_3403848__event_002,True,8,False
tokyo_281448_semantic,281448,core,semantic,5,2018_3403849__event_001,SELF,2018_3403849__event_001,True,9,False
tokyo_281448_semantic,281448,core,semantic,5,2018_3403849__event_001,NEXT,2018_3403849__event_002,True,10,False
tokyo_281448_temporal_spatial,281448,core,temporal_spatial,1,2018_3403834__event_002,SELF,2018_3403834__event_002,True,1,False
tokyo_281448_temporal_spatial,281448,core,temporal_spatial,1,2018_3403834__event_002,PREVIOUS,2018_3403834__event_001,True,2,False
tokyo_281448_temporal_spatial,281448,core,temporal_spatial,1,2018_3403834__event_002,NEXT,2018_3403834__event_003,True,3,False
tokyo_281448_temporal_spatial,281448,core,temporal_spatial,2,2018_3403886__event_005,SELF,2018_3403886__event_005,True,4,False
tokyo_281448_temporal_spatial,281448,core,temporal_spatial,2,2018_3403886__event_005,PREVIOUS,2018_3403886__event_004,True,5,False
tokyo_281448_temporal_spatial,281448,core,temporal_spatial,3,2018_3403860__event_003,SELF,2018_3403860__event_003,True,6,False
tokyo_281448_temporal_spatial,281448,core,temporal_spatial,3,2018_3403860__event_003,PREVIOUS,2018_3403860__event_002,True,7,False
tokyo_281448_temporal_spatial,281448,core,temporal_spatial,4,2018_3403848__event_001,SELF,2018_3403848__event_001,True,8,False
tokyo_281448_temporal_spatial,281448,core,temporal_spatial,4,2018_3403848__event_001,NEXT,2018_3403848__event_002,True,9,False
tokyo_281448_temporal_spatial,281448,core,temporal_spatial,5,2018_3403834__event_003,SELF,2018_3403834__event_003,False,,False
tokyo_281448_temporal_spatial,281448,core,temporal_spatial,5,2018_3403834__event_003,PREVIOUS,2018_3403834__event_002,False,,False
tokyo_283450_relational_after,283450,core,relational_after,1,2018_3416120__event_001,SELF,2018_3416120__event_001,True,1,True
tokyo_283450_relational_after,283450,core,relational_after,1,2018_3416120__event_001,NEXT,2018_3416120__event_002,True,2,True
tokyo_283450_relational_after,283450,core,relational_after,2,2018_3416086__event_001,SELF,2018_3416086__event_001,True,3,True
tokyo_283450_relational_after,283450,core,relational_after,2,2018_3416086__event_001,NEXT,2018_3416086__event_002,True,4,True
tokyo_283450_relational_after,283450,core,relational_after,3,2018_3416086__event_002,SELF,2018_3416086__event_002,False,,True
tokyo_283450_relational_after,283450,core,relational_after,3,2018_3416086__event_002,PREVIOUS,2018_3416086__event_001,False,,True
tokyo_283450_relational_after,283450,core,relational_after,4,2018_3416120__event_002,SELF,2018_3416120__event_002,False,,True
tokyo_283450_relational_after,283450,core,relational_after,4,2018_3416120__event_002,PREVIOUS,2018_3416120__event_001,False,,True
tokyo_283450_relational_after,283450,core,relational_after,4,2018_3416120__event_002,NEXT,2018_3416120__event_003,True,5,True
tokyo_283450_relational_after,283450,core,relational_after,5,2018_3416149__event_003,SELF,2018_3416149__event_003,True,6,True
tokyo_283450_relational_after,283450,core,relational_after,5,2018_3416149__event_003,PREVIOUS,2018_3416149__event_002,True,7,True
tokyo_283450_semantic,283450,core,semantic,1,2018_3416150__event_002,SELF,2018_3416150__event_002,True,1,True
tokyo_283450_semantic,283450,core,semantic,1,2018_3416150__event_002,PREVIOUS,2018_3416150__event_001,True,2,True
tokyo_283450_semantic,283450,core,semantic,1,2018_3416150__event_002,NEXT,2018_3416150__event_003,True,3,True
tokyo_283450_semantic,283450,core,semantic,2,2018_3416150__event_003,SELF,2018_3416150__event_003,False,,True
tokyo_283450_semantic,283450,core,semantic,2,2018_3416150__event_003,PREVIOUS,2018_3416150__event_002,False,,True
tokyo_283450_semantic,283450,core,semantic,3,2018_3416112__event_001,SELF,2018_3416112__event_001,True,4,True
tokyo_283450_semantic,283450,core,semantic,3,2018_3416112__event_001,NEXT,2018_3416112__event_002,True,5,True
tokyo_283450_semantic,283450,core,semantic,4,2018_3416139__event_002,SELF,2018_3416139__event_002,True,6,True
tokyo_283450_semantic,283450,core,semantic,4,2018_3416139__event_002,PREVIOUS,2018_3416139__event_001,True,7,True
tokyo_283450_semantic,283450,core,semantic,5,2018_3416112__event_005,SELF,2018_3416112__event_005,True,8,True
tokyo_283450_semantic,283450,core,semantic,5,2018_3416112__event_005,PREVIOUS,2018_3416112__event_004,True,9,True
tokyo_283450_temporal_spatial,283450,core,temporal_spatial,1,2018_3416139__event_001,SELF,2018_3416139__event_001,True,1,True
tokyo_283450_temporal_spatial,283450,core,temporal_spatial,1,2018_3416139__event_001,NEXT,2018_3416139__event_002,True,2,True
tokyo_283450_temporal_spatial,283450,core,temporal_spatial,2,2018_3416086__event_002,SELF,2018_3416086__event_002,True,3,True
tokyo_283450_temporal_spatial,283450,core,temporal_spatial,2,2018_3416086__event_002,PREVIOUS,2018_3416086__event_001,True,4,True
tokyo_283450_temporal_spatial,283450,core,temporal_spatial,3,2018_3416141__event_001,SELF,2018_3416141__event_001,True,5,True
tokyo_283450_temporal_spatial,283450,core,temporal_spatial,3,2018_3416141__event_001,NEXT,2018_3416141__event_002,True,6,True
tokyo_283450_temporal_spatial,283450,core,temporal_spatial,4,2018_3416133__event_002,SELF,2018_3416133__event_002,True,7,True
tokyo_283450_temporal_spatial,283450,core,temporal_spatial,4,2018_3416133__event_002,PREVIOUS,2018_3416133__event_001,True,8,True
tokyo_283450_temporal_spatial,283450,core,temporal_spatial,5,2018_3416139__event_002,SELF,2018_3416139__event_002,False,,True
tokyo_283450_temporal_spatial,283450,core,temporal_spatial,5,2018_3416139__event_002,PREVIOUS,2018_3416139__event_001,False,,True
tokyo_286142_relational_after,286142,core,relational_after,1,2018_3433040__event_002,SELF,2018_3433040__event_002,True,1,False
tokyo_286142_relational_after,286142,core,relational_after,1,2018_3433040__event_002,PREVIOUS,2018_3433040__event_001,True,2,False
tokyo_286142_relational_after,286142,core,relational_after,2,2018_3433040__event_001,SELF,2018_3433040__event_001,False,,False
tokyo_286142_relational_after,286142,core,relational_after,2,2018_3433040__event_001,NEXT,2018_3433040__event_002,False,,False
tokyo_286142_relational_after,286142,core,relational_after,3,2018_3433027__event_001,SELF,2018_3433027__event_001,True,3,False
tokyo_286142_relational_after,286142,core,relational_after,3,2018_3433027__event_001,NEXT,2018_3433027__event_002,True,4,False
tokyo_286142_relational_after,286142,core,relational_after,4,2018_3433026__event_001,SELF,2018_3433026__event_001,True,5,False
tokyo_286142_relational_after,286142,core,relational_after,4,2018_3433026__event_001,NEXT,2018_3433026__event_002,True,6,False
tokyo_286142_relational_after,286142,core,relational_after,5,2018_3433030__event_002,SELF,2018_3433030__event_002,True,7,False
tokyo_286142_relational_after,286142,core,relational_after,5,2018_3433030__event_002,PREVIOUS,2018_3433030__event_001,True,8,False
tokyo_286142_semantic,286142,core,semantic,1,2018_3433008__event_001,SELF,2018_3433008__event_001,True,1,False
tokyo_286142_semantic,286142,core,semantic,1,2018_3433008__event_001,NEXT,2018_3433008__event_002,True,2,False
tokyo_286142_semantic,286142,core,semantic,2,2018_3433026__event_001,SELF,2018_3433026__event_001,True,3,False
tokyo_286142_semantic,286142,core,semantic,2,2018_3433026__event_001,NEXT,2018_3433026__event_002,True,4,False
tokyo_286142_semantic,286142,core,semantic,3,2018_3433021__event_002,SELF,2018_3433021__event_002,True,5,False
tokyo_286142_semantic,286142,core,semantic,3,2018_3433021__event_002,PREVIOUS,2018_3433021__event_001,True,6,False
tokyo_286142_semantic,286142,core,semantic,4,2018_3433030__event_002,SELF,2018_3433030__event_002,True,7,False
tokyo_286142_semantic,286142,core,semantic,4,2018_3433030__event_002,PREVIOUS,2018_3433030__event_001,True,8,False
tokyo_286142_semantic,286142,core,semantic,5,2018_3433018__event_001,SELF,2018_3433018__event_001,True,9,False
tokyo_286142_semantic,286142,core,semantic,5,2018_3433018__event_001,NEXT,2018_3433018__event_002,True,10,False
tokyo_286142_temporal_spatial,286142,core,temporal_spatial,1,2018_3433021__event_002,SELF,2018_3433021__event_002,True,1,False
tokyo_286142_temporal_spatial,286142,core,temporal_spatial,1,2018_3433021__event_002,PREVIOUS,2018_3433021__event_001,True,2,False
tokyo_286142_temporal_spatial,286142,core,temporal_spatial,2,2018_3433033__event_001,SELF,2018_3433033__event_001,True,3,False
tokyo_286142_temporal_spatial,286142,core,temporal_spatial,2,2018_3433033__event_001,NEXT,2018_3433033__event_002,True,4,False
tokyo_286142_temporal_spatial,286142,core,temporal_spatial,3,2018_3433042__event_002,SELF,2018_3433042__event_002,True,5,False
tokyo_286142_temporal_spatial,286142,core,temporal_spatial,3,2018_3433042__event_002,PREVIOUS,2018_3433042__event_001,True,6,False
tokyo_286142_temporal_spatial,286142,core,temporal_spatial,3,2018_3433042__event_002,NEXT,2018_3433042__event_003,True,7,False
tokyo_286142_temporal_spatial,286142,core,temporal_spatial,4,2018_3433018__event_001,SELF,2018_3433018__event_001,True,8,False
tokyo_286142_temporal_spatial,286142,core,temporal_spatial,4,2018_3433018__event_001,NEXT,2018_3433018__event_002,True,9,False
tokyo_286142_temporal_spatial,286142,core,temporal_spatial,5,2018_3433026__event_001,SELF,2018_3433026__event_001,True,10,False
tokyo_286142_temporal_spatial,286142,core,temporal_spatial,5,2018_3433026__event_001,NEXT,2018_3433026__event_002,True,11,False
tokyo_286382_relational_after,286382,core,relational_after,1,2018_3434342__event_001,SELF,2018_3434342__event_001,True,1,False
tokyo_286382_relational_after,286382,core,relational_after,1,2018_3434342__event_001,NEXT,2018_3434342__event_002,True,2,False
tokyo_286382_relational_after,286382,core,relational_after,2,2018_3434342__event_002,SELF,2018_3434342__event_002,False,,False
tokyo_286382_relational_after,286382,core,relational_after,2,2018_3434342__event_002,PREVIOUS,2018_3434342__event_001,False,,False
tokyo_286382_relational_after,286382,core,relational_after,3,2018_3434333__event_001,SELF,2018_3434333__event_001,True,3,False
tokyo_286382_relational_after,286382,core,relational_after,3,2018_3434333__event_001,NEXT,2018_3434333__event_002,True,4,False
tokyo_286382_relational_after,286382,core,relational_after,4,2018_3434333__event_002,SELF,2018_3434333__event_002,False,,False
tokyo_286382_relational_after,286382,core,relational_after,4,2018_3434333__event_002,PREVIOUS,2018_3434333__event_001,False,,False
tokyo_286382_relational_after,286382,core,relational_after,5,2018_3434359__event_002,SELF,2018_3434359__event_002,True,5,False
tokyo_286382_relational_after,286382,core,relational_after,5,2018_3434359__event_002,PREVIOUS,2018_3434359__event_001,True,6,False
tokyo_286382_semantic,286382,core,semantic,1,2018_3434330__event_001,SELF,2018_3434330__event_001,True,1,False
tokyo_286382_semantic,286382,core,semantic,1,2018_3434330__event_001,NEXT,2018_3434330__event_002,True,2,False
tokyo_286382_semantic,286382,core,semantic,2,2018_3434341__event_001,SELF,2018_3434341__event_001,True,3,False
tokyo_286382_semantic,286382,core,semantic,2,2018_3434341__event_001,NEXT,2018_3434341__event_002,True,4,False
tokyo_286382_semantic,286382,core,semantic,3,2018_3434350__event_001,SELF,2018_3434350__event_001,True,5,False
tokyo_286382_semantic,286382,core,semantic,3,2018_3434350__event_001,NEXT,2018_3434350__event_002,True,6,False
tokyo_286382_semantic,286382,core,semantic,4,2018_3434351__event_002,SELF,2018_3434351__event_002,True,7,False
tokyo_286382_semantic,286382,core,semantic,4,2018_3434351__event_002,PREVIOUS,2018_3434351__event_001,True,8,False
tokyo_286382_semantic,286382,core,semantic,5,2018_3434341__event_002,SELF,2018_3434341__event_002,False,,False
tokyo_286382_semantic,286382,core,semantic,5,2018_3434341__event_002,PREVIOUS,2018_3434341__event_001,False,,False
tokyo_286382_temporal_spatial,286382,core,temporal_spatial,1,2018_3434351__event_002,SELF,2018_3434351__event_002,True,1,False
tokyo_286382_temporal_spatial,286382,core,temporal_spatial,1,2018_3434351__event_002,PREVIOUS,2018_3434351__event_001,True,2,False
tokyo_286382_temporal_spatial,286382,core,temporal_spatial,2,2018_3434350__event_001,SELF,2018_3434350__event_001,True,3,False
tokyo_286382_temporal_spatial,286382,core,temporal_spatial,2,2018_3434350__event_001,NEXT,2018_3434350__event_002,True,4,False
tokyo_286382_temporal_spatial,286382,core,temporal_spatial,3,2018_3434346__event_001,SELF,2018_3434346__event_001,True,5,False
tokyo_286382_temporal_spatial,286382,core,temporal_spatial,3,2018_3434346__event_001,NEXT,2018_3434346__event_002,True,6,False
tokyo_286382_temporal_spatial,286382,core,temporal_spatial,4,2018_3434337__event_001,SELF,2018_3434337__event_001,True,7,False
tokyo_286382_temporal_spatial,286382,core,temporal_spatial,4,2018_3434337__event_001,NEXT,2018_3434337__event_002,True,8,False
tokyo_286382_temporal_spatial,286382,core,temporal_spatial,5,2018_3434349__event_002,SELF,2018_3434349__event_002,True,9,False
tokyo_286382_temporal_spatial,286382,core,temporal_spatial,5,2018_3434349__event_002,PREVIOUS,2018_3434349__event_001,True,10,False
tokyo_28664_relational_after,28664,core,relational_after,1,2018_580044__event_006,SELF,2018_580044__event_006,True,1,True
tokyo_28664_relational_after,28664,core,relational_after,1,2018_580044__event_006,PREVIOUS,2018_580044__event_005,True,2,True
tokyo_28664_relational_after,28664,core,relational_after,1,2018_580044__event_006,NEXT,2018_580044__event_007,True,3,True
tokyo_28664_relational_after,28664,core,relational_after,2,2018_580044__event_007,SELF,2018_580044__event_007,False,,True
tokyo_28664_relational_after,28664,core,relational_after,2,2018_580044__event_007,PREVIOUS,2018_580044__event_006,False,,True
tokyo_28664_relational_after,28664,core,relational_after,3,2018_580041__event_004,SELF,2018_580041__event_004,True,4,True
tokyo_28664_relational_after,28664,core,relational_after,3,2018_580041__event_004,PREVIOUS,2018_580041__event_003,True,5,True
tokyo_28664_relational_after,28664,core,relational_after,3,2018_580041__event_004,NEXT,2018_580041__event_005,True,6,True
tokyo_28664_relational_after,28664,core,relational_after,4,2018_580047__event_001,SELF,2018_580047__event_001,True,7,True
tokyo_28664_relational_after,28664,core,relational_after,4,2018_580047__event_001,NEXT,2018_580047__event_002,True,8,True
tokyo_28664_relational_after,28664,core,relational_after,5,2018_580028__event_001,SELF,2018_580028__event_001,True,9,True
tokyo_28664_relational_after,28664,core,relational_after,5,2018_580028__event_001,NEXT,2018_580028__event_002,True,10,True
tokyo_28664_semantic,28664,core,semantic,1,2018_580023__event_002,SELF,2018_580023__event_002,True,1,True
tokyo_28664_semantic,28664,core,semantic,1,2018_580023__event_002,PREVIOUS,2018_580023__event_001,True,2,True
tokyo_28664_semantic,28664,core,semantic,2,2018_580040__event_002,SELF,2018_580040__event_002,True,3,True
tokyo_28664_semantic,28664,core,semantic,2,2018_580040__event_002,PREVIOUS,2018_580040__event_001,True,4,True
tokyo_28664_semantic,28664,core,semantic,3,2018_580051__event_002,SELF,2018_580051__event_002,True,5,True
tokyo_28664_semantic,28664,core,semantic,3,2018_580051__event_002,PREVIOUS,2018_580051__event_001,True,6,True
tokyo_28664_semantic,28664,core,semantic,4,2018_580020__event_001,SELF,2018_580020__event_001,True,7,True
tokyo_28664_semantic,28664,core,semantic,4,2018_580020__event_001,NEXT,2018_580020__event_002,True,8,True
tokyo_28664_semantic,28664,core,semantic,5,2018_580047__event_004,SELF,2018_580047__event_004,True,9,True
tokyo_28664_semantic,28664,core,semantic,5,2018_580047__event_004,PREVIOUS,2018_580047__event_003,True,10,True
tokyo_28664_temporal_spatial,28664,core,temporal_spatial,1,2018_580040__event_002,SELF,2018_580040__event_002,True,1,True
tokyo_28664_temporal_spatial,28664,core,temporal_spatial,1,2018_580040__event_002,PREVIOUS,2018_580040__event_001,True,2,True
tokyo_28664_temporal_spatial,28664,core,temporal_spatial,2,2018_580038__event_001,SELF,2018_580038__event_001,True,3,True
tokyo_28664_temporal_spatial,28664,core,temporal_spatial,2,2018_580038__event_001,NEXT,2018_580038__event_002,True,4,True
tokyo_28664_temporal_spatial,28664,core,temporal_spatial,3,2018_580047__event_004,SELF,2018_580047__event_004,True,5,True
tokyo_28664_temporal_spatial,28664,core,temporal_spatial,3,2018_580047__event_004,PREVIOUS,2018_580047__event_003,True,6,True
tokyo_28664_temporal_spatial,28664,core,temporal_spatial,4,2018_580040__event_001,SELF,2018_580040__event_001,False,,True
tokyo_28664_temporal_spatial,28664,core,temporal_spatial,4,2018_580040__event_001,NEXT,2018_580040__event_002,False,,True
tokyo_28664_temporal_spatial,28664,core,temporal_spatial,5,2018_580048__event_003,SELF,2018_580048__event_003,True,7,True
tokyo_28664_temporal_spatial,28664,core,temporal_spatial,5,2018_580048__event_003,PREVIOUS,2018_580048__event_002,True,8,True
tokyo_28697_relational_after,28697,core,relational_after,1,2018_580900__event_001,SELF,2018_580900__event_001,True,1,False
tokyo_28697_relational_after,28697,core,relational_after,1,2018_580900__event_001,NEXT,2018_580900__event_002,True,2,False
tokyo_28697_relational_after,28697,core,relational_after,2,2018_580909__event_001,SELF,2018_580909__event_001,True,3,False
tokyo_28697_relational_after,28697,core,relational_after,2,2018_580909__event_001,NEXT,2018_580909__event_002,True,4,False
tokyo_28697_relational_after,28697,core,relational_after,3,2018_580909__event_002,SELF,2018_580909__event_002,False,,False
tokyo_28697_relational_after,28697,core,relational_after,3,2018_580909__event_002,PREVIOUS,2018_580909__event_001,False,,False
tokyo_28697_relational_after,28697,core,relational_after,3,2018_580909__event_002,NEXT,2018_580909__event_003,True,5,False
tokyo_28697_relational_after,28697,core,relational_after,4,2018_580900__event_002,SELF,2018_580900__event_002,False,,False
tokyo_28697_relational_after,28697,core,relational_after,4,2018_580900__event_002,PREVIOUS,2018_580900__event_001,False,,False
tokyo_28697_relational_after,28697,core,relational_after,5,2018_580887__event_001,SELF,2018_580887__event_001,True,6,False
tokyo_28697_relational_after,28697,core,relational_after,5,2018_580887__event_001,NEXT,2018_580887__event_002,True,7,False
tokyo_28697_semantic,28697,core,semantic,1,2018_580909__event_003,SELF,2018_580909__event_003,True,1,False
tokyo_28697_semantic,28697,core,semantic,1,2018_580909__event_003,PREVIOUS,2018_580909__event_002,True,2,False
tokyo_28697_semantic,28697,core,semantic,2,2018_580896__event_003,SELF,2018_580896__event_003,True,3,False
tokyo_28697_semantic,28697,core,semantic,2,2018_580896__event_003,PREVIOUS,2018_580896__event_002,True,4,False
tokyo_28697_semantic,28697,core,semantic,3,2018_580878__event_002,SELF,2018_580878__event_002,True,5,False
tokyo_28697_semantic,28697,core,semantic,3,2018_580878__event_002,PREVIOUS,2018_580878__event_001,True,6,False
tokyo_28697_semantic,28697,core,semantic,4,2018_580901__event_001,SELF,2018_580901__event_001,True,7,False
tokyo_28697_semantic,28697,core,semantic,4,2018_580901__event_001,NEXT,2018_580901__event_002,True,8,False
tokyo_28697_semantic,28697,core,semantic,5,2018_580886__event_003,SELF,2018_580886__event_003,True,9,False
tokyo_28697_semantic,28697,core,semantic,5,2018_580886__event_003,PREVIOUS,2018_580886__event_002,True,10,False
tokyo_28697_semantic,28697,core,semantic,5,2018_580886__event_003,NEXT,2018_580886__event_004,True,11,False
tokyo_28697_temporal_spatial,28697,core,temporal_spatial,1,2018_580873__event_001,SELF,2018_580873__event_001,True,1,False
tokyo_28697_temporal_spatial,28697,core,temporal_spatial,1,2018_580873__event_001,NEXT,2018_580873__event_002,True,2,False
tokyo_28697_temporal_spatial,28697,core,temporal_spatial,2,2018_580905__event_001,SELF,2018_580905__event_001,True,3,False
tokyo_28697_temporal_spatial,28697,core,temporal_spatial,2,2018_580905__event_001,NEXT,2018_580905__event_002,True,4,False
tokyo_28697_temporal_spatial,28697,core,temporal_spatial,3,2018_580884__event_003,SELF,2018_580884__event_003,True,5,False
tokyo_28697_temporal_spatial,28697,core,temporal_spatial,3,2018_580884__event_003,PREVIOUS,2018_580884__event_002,True,6,False
tokyo_28697_temporal_spatial,28697,core,temporal_spatial,4,2018_580888__event_002,SELF,2018_580888__event_002,True,7,False
tokyo_28697_temporal_spatial,28697,core,temporal_spatial,4,2018_580888__event_002,PREVIOUS,2018_580888__event_001,True,8,False
tokyo_28697_temporal_spatial,28697,core,temporal_spatial,5,2018_580876__event_001,SELF,2018_580876__event_001,True,9,False
tokyo_28697_temporal_spatial,28697,core,temporal_spatial,5,2018_580876__event_001,NEXT,2018_580876__event_002,True,10,False
tokyo_290806_relational_after,290806,core,relational_after,1,2018_3462039__event_002,SELF,2018_3462039__event_002,True,1,False
tokyo_290806_relational_after,290806,core,relational_after,1,2018_3462039__event_002,PREVIOUS,2018_3462039__event_001,True,2,False
tokyo_290806_relational_after,290806,core,relational_after,2,2018_3462039__event_001,SELF,2018_3462039__event_001,False,,False
tokyo_290806_relational_after,290806,core,relational_after,2,2018_3462039__event_001,NEXT,2018_3462039__event_002,False,,False
tokyo_290806_relational_after,290806,core,relational_after,3,2018_3462043__event_001,SELF,2018_3462043__event_001,True,3,False
tokyo_290806_relational_after,290806,core,relational_after,3,2018_3462043__event_001,NEXT,2018_3462043__event_002,True,4,False
tokyo_290806_relational_after,290806,core,relational_after,4,2018_3462043__event_002,SELF,2018_3462043__event_002,False,,False
tokyo_290806_relational_after,290806,core,relational_after,4,2018_3462043__event_002,PREVIOUS,2018_3462043__event_001,False,,False
tokyo_290806_relational_after,290806,core,relational_after,5,2018_3462051__event_001,SELF,2018_3462051__event_001,True,5,False
tokyo_290806_relational_after,290806,core,relational_after,5,2018_3462051__event_001,NEXT,2018_3462051__event_002,True,6,False
tokyo_290806_semantic,290806,core,semantic,1,2018_3462036__event_002,SELF,2018_3462036__event_002,True,1,False
tokyo_290806_semantic,290806,core,semantic,1,2018_3462036__event_002,PREVIOUS,2018_3462036__event_001,True,2,False
tokyo_290806_semantic,290806,core,semantic,1,2018_3462036__event_002,NEXT,2018_3462036__event_003,True,3,False
tokyo_290806_semantic,290806,core,semantic,2,2018_3462047__event_002,SELF,2018_3462047__event_002,True,4,False
tokyo_290806_semantic,290806,core,semantic,2,2018_3462047__event_002,PREVIOUS,2018_3462047__event_001,True,5,False
tokyo_290806_semantic,290806,core,semantic,3,2018_3462036__event_001,SELF,2018_3462036__event_001,False,,False
tokyo_290806_semantic,290806,core,semantic,3,2018_3462036__event_001,NEXT,2018_3462036__event_002,False,,False
tokyo_290806_semantic,290806,core,semantic,4,2018_3462055__event_002,SELF,2018_3462055__event_002,True,6,False
tokyo_290806_semantic,290806,core,semantic,4,2018_3462055__event_002,PREVIOUS,2018_3462055__event_001,True,7,False
tokyo_290806_semantic,290806,core,semantic,5,2018_3462036__event_003,SELF,2018_3462036__event_003,False,,False
tokyo_290806_semantic,290806,core,semantic,5,2018_3462036__event_003,PREVIOUS,2018_3462036__event_002,False,,False
tokyo_290806_semantic,290806,core,semantic,5,2018_3462036__event_003,NEXT,2018_3462036__event_004,True,8,False
tokyo_290806_temporal_spatial,290806,core,temporal_spatial,1,2018_3462064__event_002,SELF,2018_3462064__event_002,True,1,False
tokyo_290806_temporal_spatial,290806,core,temporal_spatial,1,2018_3462064__event_002,PREVIOUS,2018_3462064__event_001,True,2,False
tokyo_290806_temporal_spatial,290806,core,temporal_spatial,2,2018_3462055__event_001,SELF,2018_3462055__event_001,True,3,False
tokyo_290806_temporal_spatial,290806,core,temporal_spatial,2,2018_3462055__event_001,NEXT,2018_3462055__event_002,True,4,False
tokyo_290806_temporal_spatial,290806,core,temporal_spatial,3,2018_3462058__event_003,SELF,2018_3462058__event_003,True,5,False
tokyo_290806_temporal_spatial,290806,core,temporal_spatial,3,2018_3462058__event_003,PREVIOUS,2018_3462058__event_002,True,6,False
tokyo_290806_temporal_spatial,290806,core,temporal_spatial,3,2018_3462058__event_003,NEXT,2018_3462058__event_004,True,7,False
tokyo_290806_temporal_spatial,290806,core,temporal_spatial,4,2018_3462047__event_001,SELF,2018_3462047__event_001,True,8,False
tokyo_290806_temporal_spatial,290806,core,temporal_spatial,4,2018_3462047__event_001,NEXT,2018_3462047__event_002,True,9,False
tokyo_290806_temporal_spatial,290806,core,temporal_spatial,5,2018_3462063__event_002,SELF,2018_3462063__event_002,True,10,False
tokyo_290806_temporal_spatial,290806,core,temporal_spatial,5,2018_3462063__event_002,PREVIOUS,2018_3462063__event_001,True,11,False
tokyo_29501_relational_after,29501,core,relational_after,1,2018_596177__event_004,SELF,2018_596177__event_004,True,1,False
tokyo_29501_relational_after,29501,core,relational_after,1,2018_596177__event_004,PREVIOUS,2018_596177__event_003,True,2,False
tokyo_29501_relational_after,29501,core,relational_after,1,2018_596177__event_004,NEXT,2018_596177__event_005,True,3,False
tokyo_29501_relational_after,29501,core,relational_after,2,2018_596177__event_003,SELF,2018_596177__event_003,False,,False
tokyo_29501_relational_after,29501,core,relational_after,2,2018_596177__event_003,PREVIOUS,2018_596177__event_002,True,4,False
tokyo_29501_relational_after,29501,core,relational_after,2,2018_596177__event_003,NEXT,2018_596177__event_004,False,,False
tokyo_29501_relational_after,29501,core,relational_after,3,2018_596197__event_002,SELF,2018_596197__event_002,True,5,False
tokyo_29501_relational_after,29501,core,relational_after,3,2018_596197__event_002,PREVIOUS,2018_596197__event_001,True,6,False
tokyo_29501_relational_after,29501,core,relational_after,4,2018_596152__event_002,SELF,2018_596152__event_002,True,7,False
tokyo_29501_relational_after,29501,core,relational_after,4,2018_596152__event_002,PREVIOUS,2018_596152__event_001,True,8,False
tokyo_29501_relational_after,29501,core,relational_after,5,2018_596168__event_002,SELF,2018_596168__event_002,True,9,False
tokyo_29501_relational_after,29501,core,relational_after,5,2018_596168__event_002,PREVIOUS,2018_596168__event_001,True,10,False
tokyo_29501_relational_after,29501,core,relational_after,5,2018_596168__event_002,NEXT,2018_596168__event_003,True,11,False
tokyo_29501_semantic,29501,core,semantic,1,2018_596159__event_001,SELF,2018_596159__event_001,True,1,False
tokyo_29501_semantic,29501,core,semantic,1,2018_596159__event_001,NEXT,2018_596159__event_002,True,2,False
tokyo_29501_semantic,29501,core,semantic,2,2018_596194__event_001,SELF,2018_596194__event_001,True,3,False
tokyo_29501_semantic,29501,core,semantic,2,2018_596194__event_001,NEXT,2018_596194__event_002,True,4,False
tokyo_29501_semantic,29501,core,semantic,3,2018_596185__event_002,SELF,2018_596185__event_002,True,5,False
tokyo_29501_semantic,29501,core,semantic,3,2018_596185__event_002,PREVIOUS,2018_596185__event_001,True,6,False
tokyo_29501_semantic,29501,core,semantic,4,2018_596165__event_002,SELF,2018_596165__event_002,True,7,False
tokyo_29501_semantic,29501,core,semantic,4,2018_596165__event_002,PREVIOUS,2018_596165__event_001,True,8,False
tokyo_29501_semantic,29501,core,semantic,5,2018_596195__event_002,SELF,2018_596195__event_002,True,9,False
tokyo_29501_semantic,29501,core,semantic,5,2018_596195__event_002,PREVIOUS,2018_596195__event_001,True,10,False
tokyo_29501_temporal_spatial,29501,core,temporal_spatial,1,2018_596177__event_003,SELF,2018_596177__event_003,True,1,False
tokyo_29501_temporal_spatial,29501,core,temporal_spatial,1,2018_596177__event_003,PREVIOUS,2018_596177__event_002,True,2,False
tokyo_29501_temporal_spatial,29501,core,temporal_spatial,1,2018_596177__event_003,NEXT,2018_596177__event_004,True,3,False
tokyo_29501_temporal_spatial,29501,core,temporal_spatial,2,2018_596194__event_001,SELF,2018_596194__event_001,True,4,False
tokyo_29501_temporal_spatial,29501,core,temporal_spatial,2,2018_596194__event_001,NEXT,2018_596194__event_002,True,5,False
tokyo_29501_temporal_spatial,29501,core,temporal_spatial,3,2018_596169__event_001,SELF,2018_596169__event_001,True,6,False
tokyo_29501_temporal_spatial,29501,core,temporal_spatial,3,2018_596169__event_001,NEXT,2018_596169__event_002,True,7,False
tokyo_29501_temporal_spatial,29501,core,temporal_spatial,4,2018_596137__event_002,SELF,2018_596137__event_002,True,8,False
tokyo_29501_temporal_spatial,29501,core,temporal_spatial,4,2018_596137__event_002,PREVIOUS,2018_596137__event_001,True,9,False
tokyo_29501_temporal_spatial,29501,core,temporal_spatial,5,2018_596177__event_001,SELF,2018_596177__event_001,True,10,False
tokyo_29501_temporal_spatial,29501,core,temporal_spatial,5,2018_596177__event_001,NEXT,2018_596177__event_002,False,,False
tokyo_29757_relational_after,29757,core,relational_after,1,2018_601373__event_002,SELF,2018_601373__event_002,True,1,False
tokyo_29757_relational_after,29757,core,relational_after,1,2018_601373__event_002,PREVIOUS,2018_601373__event_001,True,2,False
tokyo_29757_relational_after,29757,core,relational_after,2,2018_601373__event_001,SELF,2018_601373__event_001,False,,False
tokyo_29757_relational_after,29757,core,relational_after,2,2018_601373__event_001,NEXT,2018_601373__event_002,False,,False
tokyo_29757_relational_after,29757,core,relational_after,3,2018_601398__event_002,SELF,2018_601398__event_002,True,3,False
tokyo_29757_relational_after,29757,core,relational_after,3,2018_601398__event_002,PREVIOUS,2018_601398__event_001,True,4,False
tokyo_29757_relational_after,29757,core,relational_after,4,2018_601388__event_002,SELF,2018_601388__event_002,True,5,False
tokyo_29757_relational_after,29757,core,relational_after,4,2018_601388__event_002,PREVIOUS,2018_601388__event_001,True,6,False
tokyo_29757_relational_after,29757,core,relational_after,5,2018_601391__event_002,SELF,2018_601391__event_002,True,7,False
tokyo_29757_relational_after,29757,core,relational_after,5,2018_601391__event_002,PREVIOUS,2018_601391__event_001,True,8,False
tokyo_29757_semantic,29757,core,semantic,1,2018_601373__event_001,SELF,2018_601373__event_001,True,1,False
tokyo_29757_semantic,29757,core,semantic,1,2018_601373__event_001,NEXT,2018_601373__event_002,True,2,False
tokyo_29757_semantic,29757,core,semantic,2,2018_601438__event_002,SELF,2018_601438__event_002,True,3,False
tokyo_29757_semantic,29757,core,semantic,2,2018_601438__event_002,PREVIOUS,2018_601438__event_001,True,4,False
tokyo_29757_semantic,29757,core,semantic,3,2018_601379__event_002,SELF,2018_601379__event_002,True,5,False
tokyo_29757_semantic,29757,core,semantic,3,2018_601379__event_002,PREVIOUS,2018_601379__event_001,True,6,False
tokyo_29757_semantic,29757,core,semantic,4,2018_601386__event_001,SELF,2018_601386__event_001,True,7,False
tokyo_29757_semantic,29757,core,semantic,4,2018_601386__event_001,NEXT,2018_601386__event_002,True,8,False
tokyo_29757_semantic,29757,core,semantic,5,2018_601430__event_001,SELF,2018_601430__event_001,True,9,False
tokyo_29757_semantic,29757,core,semantic,5,2018_601430__event_001,NEXT,2018_601430__event_002,True,10,False
tokyo_29757_temporal_spatial,29757,core,temporal_spatial,1,2018_601430__event_002,SELF,2018_601430__event_002,True,1,False
tokyo_29757_temporal_spatial,29757,core,temporal_spatial,1,2018_601430__event_002,PREVIOUS,2018_601430__event_001,True,2,False
tokyo_29757_temporal_spatial,29757,core,temporal_spatial,2,2018_601440__event_002,SELF,2018_601440__event_002,True,3,False
tokyo_29757_temporal_spatial,29757,core,temporal_spatial,2,2018_601440__event_002,PREVIOUS,2018_601440__event_001,True,4,False
tokyo_29757_temporal_spatial,29757,core,temporal_spatial,3,2018_601384__event_002,SELF,2018_601384__event_002,True,5,False
tokyo_29757_temporal_spatial,29757,core,temporal_spatial,3,2018_601384__event_002,PREVIOUS,2018_601384__event_001,True,6,False
tokyo_29757_temporal_spatial,29757,core,temporal_spatial,4,2018_601386__event_002,SELF,2018_601386__event_002,True,7,False
tokyo_29757_temporal_spatial,29757,core,temporal_spatial,4,2018_601386__event_002,PREVIOUS,2018_601386__event_001,True,8,False
tokyo_29757_temporal_spatial,29757,core,temporal_spatial,5,2018_601391__event_002,SELF,2018_601391__event_002,True,9,False
tokyo_29757_temporal_spatial,29757,core,temporal_spatial,5,2018_601391__event_002,PREVIOUS,2018_601391__event_001,True,10,False
tokyo_29764_relational_after,29764,core,relational_after,1,2018_601478__event_003,SELF,2018_601478__event_003,True,1,False
tokyo_29764_relational_after,29764,core,relational_after,1,2018_601478__event_003,PREVIOUS,2018_601478__event_002,True,2,False
tokyo_29764_relational_after,29764,core,relational_after,2,2018_601478__event_002,SELF,2018_601478__event_002,False,,False
tokyo_29764_relational_after,29764,core,relational_after,2,2018_601478__event_002,PREVIOUS,2018_601478__event_001,True,3,False
tokyo_29764_relational_after,29764,core,relational_after,2,2018_601478__event_002,NEXT,2018_601478__event_003,False,,False
tokyo_29764_relational_after,29764,core,relational_after,3,2018_601478__event_001,SELF,2018_601478__event_001,False,,False
tokyo_29764_relational_after,29764,core,relational_after,3,2018_601478__event_001,NEXT,2018_601478__event_002,False,,False
tokyo_29764_relational_after,29764,core,relational_after,4,2018_601634__event_001,SELF,2018_601634__event_001,True,4,False
tokyo_29764_relational_after,29764,core,relational_after,4,2018_601634__event_001,NEXT,2018_601634__event_002,True,5,False
tokyo_29764_relational_after,29764,core,relational_after,5,2018_601634__event_002,SELF,2018_601634__event_002,False,,False
tokyo_29764_relational_after,29764,core,relational_after,5,2018_601634__event_002,PREVIOUS,2018_601634__event_001,False,,False
tokyo_29764_semantic,29764,core,semantic,1,2018_601479__event_002,SELF,2018_601479__event_002,True,1,False
tokyo_29764_semantic,29764,core,semantic,1,2018_601479__event_002,PREVIOUS,2018_601479__event_001,True,2,False
tokyo_29764_semantic,29764,core,semantic,1,2018_601479__event_002,NEXT,2018_601479__event_003,True,3,False
tokyo_29764_semantic,29764,core,semantic,2,2018_601479__event_001,SELF,2018_601479__event_001,False,,False
tokyo_29764_semantic,29764,core,semantic,2,2018_601479__event_001,NEXT,2018_601479__event_002,False,,False
tokyo_29764_semantic,29764,core,semantic,3,2018_601634__event_001,SELF,2018_601634__event_001,True,4,False
tokyo_29764_semantic,29764,core,semantic,3,2018_601634__event_001,NEXT,2018_601634__event_002,True,5,False
tokyo_29764_semantic,29764,core,semantic,4,2018_601634__event_002,SELF,2018_601634__event_002,False,,False
tokyo_29764_semantic,29764,core,semantic,4,2018_601634__event_002,PREVIOUS,2018_601634__event_001,False,,False
tokyo_29764_semantic,29764,core,semantic,5,2018_601534__event_004,SELF,2018_601534__event_004,True,6,False
tokyo_29764_semantic,29764,core,semantic,5,2018_601534__event_004,PREVIOUS,2018_601534__event_003,True,7,False
tokyo_29764_temporal_spatial,29764,core,temporal_spatial,1,2018_601634__event_002,SELF,2018_601634__event_002,True,1,False
tokyo_29764_temporal_spatial,29764,core,temporal_spatial,1,2018_601634__event_002,PREVIOUS,2018_601634__event_001,True,2,False
tokyo_29764_temporal_spatial,29764,core,temporal_spatial,2,2018_601542__event_002,SELF,2018_601542__event_002,True,3,False
tokyo_29764_temporal_spatial,29764,core,temporal_spatial,2,2018_601542__event_002,PREVIOUS,2018_601542__event_001,True,4,False
tokyo_29764_temporal_spatial,29764,core,temporal_spatial,3,2018_601634__event_001,SELF,2018_601634__event_001,False,,False
tokyo_29764_temporal_spatial,29764,core,temporal_spatial,3,2018_601634__event_001,NEXT,2018_601634__event_002,False,,False
tokyo_29764_temporal_spatial,29764,core,temporal_spatial,4,2018_601542__event_001,SELF,2018_601542__event_001,False,,False
tokyo_29764_temporal_spatial,29764,core,temporal_spatial,4,2018_601542__event_001,NEXT,2018_601542__event_002,False,,False
tokyo_29764_temporal_spatial,29764,core,temporal_spatial,5,2018_601559__event_002,SELF,2018_601559__event_002,True,5,False
tokyo_29764_temporal_spatial,29764,core,temporal_spatial,5,2018_601559__event_002,PREVIOUS,2018_601559__event_001,True,6,False
tokyo_31204_relational_after,31204,core,relational_after,1,2018_631691__event_001,SELF,2018_631691__event_001,True,1,False
tokyo_31204_relational_after,31204,core,relational_after,1,2018_631691__event_001,NEXT,2018_631691__event_002,True,2,False
tokyo_31204_relational_after,31204,core,relational_after,2,2018_631691__event_002,SELF,2018_631691__event_002,False,,False
tokyo_31204_relational_after,31204,core,relational_after,2,2018_631691__event_002,PREVIOUS,2018_631691__event_001,False,,False
tokyo_31204_relational_after,31204,core,relational_after,3,2018_631703__event_003,SELF,2018_631703__event_003,True,3,False
tokyo_31204_relational_after,31204,core,relational_after,3,2018_631703__event_003,PREVIOUS,2018_631703__event_002,True,4,False
tokyo_31204_relational_after,31204,core,relational_after,4,2018_631654__event_002,SELF,2018_631654__event_002,True,5,False
tokyo_31204_relational_after,31204,core,relational_after,4,2018_631654__event_002,PREVIOUS,2018_631654__event_001,True,6,False
tokyo_31204_relational_after,31204,core,relational_after,5,2018_631588__event_002,SELF,2018_631588__event_002,True,7,False
tokyo_31204_relational_after,31204,core,relational_after,5,2018_631588__event_002,PREVIOUS,2018_631588__event_001,True,8,False
tokyo_31204_semantic,31204,core,semantic,1,2018_631703__event_002,SELF,2018_631703__event_002,True,1,False
tokyo_31204_semantic,31204,core,semantic,1,2018_631703__event_002,PREVIOUS,2018_631703__event_001,True,2,False
tokyo_31204_semantic,31204,core,semantic,1,2018_631703__event_002,NEXT,2018_631703__event_003,True,3,False
tokyo_31204_semantic,31204,core,semantic,2,2018_631693__event_002,SELF,2018_631693__event_002,True,4,False
tokyo_31204_semantic,31204,core,semantic,2,2018_631693__event_002,PREVIOUS,2018_631693__event_001,True,5,False
tokyo_31204_semantic,31204,core,semantic,3,2018_631604__event_001,SELF,2018_631604__event_001,True,6,False
tokyo_31204_semantic,31204,core,semantic,3,2018_631604__event_001,NEXT,2018_631604__event_002,True,7,False
tokyo_31204_semantic,31204,core,semantic,4,2018_631604__event_002,SELF,2018_631604__event_002,False,,False
tokyo_31204_semantic,31204,core,semantic,4,2018_631604__event_002,PREVIOUS,2018_631604__event_001,False,,False
tokyo_31204_semantic,31204,core,semantic,5,2018_631642__event_002,SELF,2018_631642__event_002,True,8,False
tokyo_31204_semantic,31204,core,semantic,5,2018_631642__event_002,PREVIOUS,2018_631642__event_001,True,9,False
tokyo_31204_temporal_spatial,31204,core,temporal_spatial,1,2018_631604__event_001,SELF,2018_631604__event_001,True,1,False
tokyo_31204_temporal_spatial,31204,core,temporal_spatial,1,2018_631604__event_001,NEXT,2018_631604__event_002,True,2,False
tokyo_31204_temporal_spatial,31204,core,temporal_spatial,2,2018_631693__event_002,SELF,2018_631693__event_002,True,3,False
tokyo_31204_temporal_spatial,31204,core,temporal_spatial,2,2018_631693__event_002,PREVIOUS,2018_631693__event_001,True,4,False
tokyo_31204_temporal_spatial,31204,core,temporal_spatial,3,2018_631642__event_001,SELF,2018_631642__event_001,True,5,False
tokyo_31204_temporal_spatial,31204,core,temporal_spatial,3,2018_631642__event_001,NEXT,2018_631642__event_002,True,6,False
tokyo_31204_temporal_spatial,31204,core,temporal_spatial,4,2018_631604__event_002,SELF,2018_631604__event_002,False,,False
tokyo_31204_temporal_spatial,31204,core,temporal_spatial,4,2018_631604__event_002,PREVIOUS,2018_631604__event_001,False,,False
tokyo_31204_temporal_spatial,31204,core,temporal_spatial,5,2018_631666__event_001,SELF,2018_631666__event_001,True,7,False
tokyo_31204_temporal_spatial,31204,core,temporal_spatial,5,2018_631666__event_001,NEXT,2018_631666__event_002,True,8,False
tokyo_32545_relational_after,32545,core,relational_after,1,2018_661962__event_002,SELF,2018_661962__event_002,True,1,True
tokyo_32545_relational_after,32545,core,relational_after,1,2018_661962__event_002,PREVIOUS,2018_661962__event_001,True,2,True
tokyo_32545_relational_after,32545,core,relational_after,1,2018_661962__event_002,NEXT,2018_661962__event_003,True,3,True
tokyo_32545_relational_after,32545,core,relational_after,2,2018_661962__event_001,SELF,2018_661962__event_001,False,,True
tokyo_32545_relational_after,32545,core,relational_after,2,2018_661962__event_001,NEXT,2018_661962__event_002,False,,True
tokyo_32545_relational_after,32545,core,relational_after,3,2018_661962__event_003,SELF,2018_661962__event_003,False,,True
tokyo_32545_relational_after,32545,core,relational_after,3,2018_661962__event_003,PREVIOUS,2018_661962__event_002,False,,True
tokyo_32545_relational_after,32545,core,relational_after,4,2018_661952__event_001,SELF,2018_661952__event_001,True,4,True
tokyo_32545_relational_after,32545,core,relational_after,4,2018_661952__event_001,NEXT,2018_661952__event_002,True,5,True
tokyo_32545_relational_after,32545,core,relational_after,5,2018_661951__event_001,SELF,2018_661951__event_001,True,6,True
tokyo_32545_relational_after,32545,core,relational_after,5,2018_661951__event_001,NEXT,2018_661951__event_002,True,7,True
tokyo_32545_semantic,32545,core,semantic,1,2018_661998__event_003,SELF,2018_661998__event_003,True,1,True
tokyo_32545_semantic,32545,core,semantic,1,2018_661998__event_003,PREVIOUS,2018_661998__event_002,True,2,True
tokyo_32545_semantic,32545,core,semantic,2,2018_661980__event_002,SELF,2018_661980__event_002,True,3,True
tokyo_32545_semantic,32545,core,semantic,2,2018_661980__event_002,PREVIOUS,2018_661980__event_001,True,4,True
tokyo_32545_semantic,32545,core,semantic,3,2018_661994__event_001,SELF,2018_661994__event_001,True,5,True
tokyo_32545_semantic,32545,core,semantic,3,2018_661994__event_001,NEXT,2018_661994__event_002,True,6,True
tokyo_32545_semantic,32545,core,semantic,4,2018_662008__event_002,SELF,2018_662008__event_002,True,7,True
tokyo_32545_semantic,32545,core,semantic,4,2018_662008__event_002,PREVIOUS,2018_662008__event_001,True,8,True
tokyo_32545_semantic,32545,core,semantic,5,2018_661950__event_003,SELF,2018_661950__event_003,True,9,True
tokyo_32545_semantic,32545,core,semantic,5,2018_661950__event_003,PREVIOUS,2018_661950__event_002,True,10,True
tokyo_32545_semantic,32545,core,semantic,5,2018_661950__event_003,NEXT,2018_661950__event_004,True,11,True
tokyo_32545_temporal_spatial,32545,core,temporal_spatial,1,2018_661952__event_001,SELF,2018_661952__event_001,True,1,True
tokyo_32545_temporal_spatial,32545,core,temporal_spatial,1,2018_661952__event_001,NEXT,2018_661952__event_002,True,2,True
tokyo_32545_temporal_spatial,32545,core,temporal_spatial,2,2018_661938__event_002,SELF,2018_661938__event_002,True,3,True
tokyo_32545_temporal_spatial,32545,core,temporal_spatial,2,2018_661938__event_002,PREVIOUS,2018_661938__event_001,True,4,True
tokyo_32545_temporal_spatial,32545,core,temporal_spatial,2,2018_661938__event_002,NEXT,2018_661938__event_003,True,5,True
tokyo_32545_temporal_spatial,32545,core,temporal_spatial,3,2018_661968__event_002,SELF,2018_661968__event_002,True,6,True
tokyo_32545_temporal_spatial,32545,core,temporal_spatial,3,2018_661968__event_002,PREVIOUS,2018_661968__event_001,True,7,True
tokyo_32545_temporal_spatial,32545,core,temporal_spatial,4,2018_661942__event_004,SELF,2018_661942__event_004,True,8,True
tokyo_32545_temporal_spatial,32545,core,temporal_spatial,4,2018_661942__event_004,PREVIOUS,2018_661942__event_003,True,9,True
tokyo_32545_temporal_spatial,32545,core,temporal_spatial,5,2018_661981__event_002,SELF,2018_661981__event_002,True,10,True
tokyo_32545_temporal_spatial,32545,core,temporal_spatial,5,2018_661981__event_002,PREVIOUS,2018_661981__event_001,True,11,True
tokyo_325605_relational_after,325605,core,relational_after,1,2018_3674468__event_002,SELF,2018_3674468__event_002,True,1,True
tokyo_325605_relational_after,325605,core,relational_after,1,2018_3674468__event_002,PREVIOUS,2018_3674468__event_001,True,2,True
tokyo_325605_relational_after,325605,core,relational_after,2,2018_3674468__event_001,SELF,2018_3674468__event_001,False,,True
tokyo_325605_relational_after,325605,core,relational_after,2,2018_3674468__event_001,NEXT,2018_3674468__event_002,False,,True
tokyo_325605_relational_after,325605,core,relational_after,3,2018_3674458__event_001,SELF,2018_3674458__event_001,True,3,True
tokyo_325605_relational_after,325605,core,relational_after,3,2018_3674458__event_001,NEXT,2018_3674458__event_002,True,4,True
tokyo_325605_relational_after,325605,core,relational_after,4,2018_3674428__event_002,SELF,2018_3674428__event_002,True,5,True
tokyo_325605_relational_after,325605,core,relational_after,4,2018_3674428__event_002,PREVIOUS,2018_3674428__event_001,True,6,True
tokyo_325605_relational_after,325605,core,relational_after,4,2018_3674428__event_002,NEXT,2018_3674428__event_003,True,7,True
tokyo_325605_relational_after,325605,core,relational_after,5,2018_3674411__event_002,SELF,2018_3674411__event_002,True,8,True
tokyo_325605_relational_after,325605,core,relational_after,5,2018_3674411__event_002,PREVIOUS,2018_3674411__event_001,True,9,True
tokyo_325605_semantic,325605,core,semantic,1,2018_3674424__event_001,SELF,2018_3674424__event_001,True,1,True
tokyo_325605_semantic,325605,core,semantic,1,2018_3674424__event_001,NEXT,2018_3674424__event_002,True,2,True
tokyo_325605_semantic,325605,core,semantic,2,2018_3674477__event_002,SELF,2018_3674477__event_002,True,3,True
tokyo_325605_semantic,325605,core,semantic,2,2018_3674477__event_002,PREVIOUS,2018_3674477__event_001,True,4,True
tokyo_325605_semantic,325605,core,semantic,2,2018_3674477__event_002,NEXT,2018_3674477__event_003,True,5,True
tokyo_325605_semantic,325605,core,semantic,3,2018_3674458__event_001,SELF,2018_3674458__event_001,True,6,True
tokyo_325605_semantic,325605,core,semantic,3,2018_3674458__event_001,NEXT,2018_3674458__event_002,True,7,True
tokyo_325605_semantic,325605,core,semantic,4,2018_3674468__event_002,SELF,2018_3674468__event_002,True,8,True
tokyo_325605_semantic,325605,core,semantic,4,2018_3674468__event_002,PREVIOUS,2018_3674468__event_001,True,9,True
tokyo_325605_semantic,325605,core,semantic,5,2018_3674411__event_002,SELF,2018_3674411__event_002,True,10,True
tokyo_325605_semantic,325605,core,semantic,5,2018_3674411__event_002,PREVIOUS,2018_3674411__event_001,True,11,True
tokyo_325605_temporal_spatial,325605,core,temporal_spatial,1,2018_3674434__event_002,SELF,2018_3674434__event_002,True,1,True
tokyo_325605_temporal_spatial,325605,core,temporal_spatial,1,2018_3674434__event_002,PREVIOUS,2018_3674434__event_001,True,2,True
tokyo_325605_temporal_spatial,325605,core,temporal_spatial,1,2018_3674434__event_002,NEXT,2018_3674434__event_003,True,3,True
tokyo_325605_temporal_spatial,325605,core,temporal_spatial,2,2018_3674418__event_002,SELF,2018_3674418__event_002,True,4,True
tokyo_325605_temporal_spatial,325605,core,temporal_spatial,2,2018_3674418__event_002,PREVIOUS,2018_3674418__event_001,True,5,True
tokyo_325605_temporal_spatial,325605,core,temporal_spatial,2,2018_3674418__event_002,NEXT,2018_3674418__event_003,True,6,True
tokyo_325605_temporal_spatial,325605,core,temporal_spatial,3,2018_3674434__event_003,SELF,2018_3674434__event_003,False,,True
tokyo_325605_temporal_spatial,325605,core,temporal_spatial,3,2018_3674434__event_003,PREVIOUS,2018_3674434__event_002,False,,True
tokyo_325605_temporal_spatial,325605,core,temporal_spatial,3,2018_3674434__event_003,NEXT,2018_3674434__event_004,True,7,True
tokyo_325605_temporal_spatial,325605,core,temporal_spatial,4,2018_3674434__event_001,SELF,2018_3674434__event_001,False,,True
tokyo_325605_temporal_spatial,325605,core,temporal_spatial,4,2018_3674434__event_001,NEXT,2018_3674434__event_002,False,,True
tokyo_325605_temporal_spatial,325605,core,temporal_spatial,5,2018_3674442__event_002,SELF,2018_3674442__event_002,True,8,True
tokyo_325605_temporal_spatial,325605,core,temporal_spatial,5,2018_3674442__event_002,PREVIOUS,2018_3674442__event_001,True,9,True
tokyo_328941_relational_after,328941,core,relational_after,1,2018_3694439__event_002,SELF,2018_3694439__event_002,True,1,False
tokyo_328941_relational_after,328941,core,relational_after,1,2018_3694439__event_002,PREVIOUS,2018_3694439__event_001,True,2,False
tokyo_328941_relational_after,328941,core,relational_after,2,2018_3694439__event_001,SELF,2018_3694439__event_001,False,,False
tokyo_328941_relational_after,328941,core,relational_after,2,2018_3694439__event_001,NEXT,2018_3694439__event_002,False,,False
tokyo_328941_relational_after,328941,core,relational_after,3,2018_3694437__event_002,SELF,2018_3694437__event_002,True,3,False
tokyo_328941_relational_after,328941,core,relational_after,3,2018_3694437__event_002,PREVIOUS,2018_3694437__event_001,True,4,False
tokyo_328941_relational_after,328941,core,relational_after,4,2018_3694438__event_001,SELF,2018_3694438__event_001,True,5,False
tokyo_328941_relational_after,328941,core,relational_after,4,2018_3694438__event_001,NEXT,2018_3694438__event_002,True,6,False
tokyo_328941_relational_after,328941,core,relational_after,5,2018_3694443__event_001,SELF,2018_3694443__event_001,True,7,False
tokyo_328941_relational_after,328941,core,relational_after,5,2018_3694443__event_001,NEXT,2018_3694443__event_002,True,8,False
tokyo_328941_semantic,328941,core,semantic,1,2018_3694440__event_002,SELF,2018_3694440__event_002,True,1,False
tokyo_328941_semantic,328941,core,semantic,1,2018_3694440__event_002,PREVIOUS,2018_3694440__event_001,True,2,False
tokyo_328941_semantic,328941,core,semantic,2,2018_3694433__event_001,SELF,2018_3694433__event_001,True,3,False
tokyo_328941_semantic,328941,core,semantic,2,2018_3694433__event_001,NEXT,2018_3694433__event_002,True,4,False
tokyo_328941_semantic,328941,core,semantic,3,2018_3694432__event_002,SELF,2018_3694432__event_002,True,5,False
tokyo_328941_semantic,328941,core,semantic,3,2018_3694432__event_002,PREVIOUS,2018_3694432__event_001,True,6,False
tokyo_328941_semantic,328941,core,semantic,4,2018_3694434__event_002,SELF,2018_3694434__event_002,True,7,False
tokyo_328941_semantic,328941,core,semantic,4,2018_3694434__event_002,PREVIOUS,2018_3694434__event_001,True,8,False
tokyo_328941_semantic,328941,core,semantic,5,2018_3694435__event_002,SELF,2018_3694435__event_002,True,9,False
tokyo_328941_semantic,328941,core,semantic,5,2018_3694435__event_002,PREVIOUS,2018_3694435__event_001,True,10,False
tokyo_328941_temporal_spatial,328941,core,temporal_spatial,1,2018_3694435__event_002,SELF,2018_3694435__event_002,True,1,False
tokyo_328941_temporal_spatial,328941,core,temporal_spatial,1,2018_3694435__event_002,PREVIOUS,2018_3694435__event_001,True,2,False
tokyo_328941_temporal_spatial,328941,core,temporal_spatial,2,2018_3694430__event_001,SELF,2018_3694430__event_001,True,3,False
tokyo_328941_temporal_spatial,328941,core,temporal_spatial,2,2018_3694430__event_001,NEXT,2018_3694430__event_002,True,4,False
tokyo_328941_temporal_spatial,328941,core,temporal_spatial,3,2018_3694433__event_001,SELF,2018_3694433__event_001,True,5,False
tokyo_328941_temporal_spatial,328941,core,temporal_spatial,3,2018_3694433__event_001,NEXT,2018_3694433__event_002,True,6,False
tokyo_328941_temporal_spatial,328941,core,temporal_spatial,4,2018_3694436__event_003,SELF,2018_3694436__event_003,True,7,False
tokyo_328941_temporal_spatial,328941,core,temporal_spatial,4,2018_3694436__event_003,PREVIOUS,2018_3694436__event_002,True,8,False
tokyo_328941_temporal_spatial,328941,core,temporal_spatial,5,2018_3694436__event_002,SELF,2018_3694436__event_002,False,,False
tokyo_328941_temporal_spatial,328941,core,temporal_spatial,5,2018_3694436__event_002,PREVIOUS,2018_3694436__event_001,True,9,False
tokyo_328941_temporal_spatial,328941,core,temporal_spatial,5,2018_3694436__event_002,NEXT,2018_3694436__event_003,False,,False
tokyo_339444_relational_after,339444,core,relational_after,1,2018_3757165__event_004,SELF,2018_3757165__event_004,True,1,False
tokyo_339444_relational_after,339444,core,relational_after,1,2018_3757165__event_004,PREVIOUS,2018_3757165__event_003,True,2,False
tokyo_339444_relational_after,339444,core,relational_after,1,2018_3757165__event_004,NEXT,2018_3757165__event_005,True,3,False
tokyo_339444_relational_after,339444,core,relational_after,2,2018_3757165__event_005,SELF,2018_3757165__event_005,False,,False
tokyo_339444_relational_after,339444,core,relational_after,2,2018_3757165__event_005,PREVIOUS,2018_3757165__event_004,False,,False
tokyo_339444_relational_after,339444,core,relational_after,2,2018_3757165__event_005,NEXT,2018_3757165__event_006,True,4,False
tokyo_339444_relational_after,339444,core,relational_after,3,2018_3757175__event_002,SELF,2018_3757175__event_002,True,5,False
tokyo_339444_relational_after,339444,core,relational_after,3,2018_3757175__event_002,PREVIOUS,2018_3757175__event_001,True,6,False
tokyo_339444_relational_after,339444,core,relational_after,4,2018_3757169__event_001,SELF,2018_3757169__event_001,True,7,False
tokyo_339444_relational_after,339444,core,relational_after,4,2018_3757169__event_001,NEXT,2018_3757169__event_002,True,8,False
tokyo_339444_relational_after,339444,core,relational_after,5,2018_3757165__event_003,SELF,2018_3757165__event_003,False,,False
tokyo_339444_relational_after,339444,core,relational_after,5,2018_3757165__event_003,PREVIOUS,2018_3757165__event_002,True,9,False
tokyo_339444_relational_after,339444,core,relational_after,5,2018_3757165__event_003,NEXT,2018_3757165__event_004,False,,False
tokyo_339444_semantic,339444,core,semantic,1,2018_3757174__event_001,SELF,2018_3757174__event_001,True,1,False
tokyo_339444_semantic,339444,core,semantic,1,2018_3757174__event_001,NEXT,2018_3757174__event_002,True,2,False
tokyo_339444_semantic,339444,core,semantic,2,2018_3757170__event_002,SELF,2018_3757170__event_002,True,3,False
tokyo_339444_semantic,339444,core,semantic,2,2018_3757170__event_002,PREVIOUS,2018_3757170__event_001,True,4,False
tokyo_339444_semantic,339444,core,semantic,3,2018_3757169__event_001,SELF,2018_3757169__event_001,True,5,False
tokyo_339444_semantic,339444,core,semantic,3,2018_3757169__event_001,NEXT,2018_3757169__event_002,True,6,False
tokyo_339444_semantic,339444,core,semantic,4,2018_3757175__event_002,SELF,2018_3757175__event_002,True,7,False
tokyo_339444_semantic,339444,core,semantic,4,2018_3757175__event_002,PREVIOUS,2018_3757175__event_001,True,8,False
tokyo_339444_semantic,339444,core,semantic,5,2018_3757167__event_001,SELF,2018_3757167__event_001,True,9,False
tokyo_339444_semantic,339444,core,semantic,5,2018_3757167__event_001,NEXT,2018_3757167__event_002,True,10,False
tokyo_339444_temporal_spatial,339444,core,temporal_spatial,1,2018_3757174__event_002,SELF,2018_3757174__event_002,True,1,False
tokyo_339444_temporal_spatial,339444,core,temporal_spatial,1,2018_3757174__event_002,PREVIOUS,2018_3757174__event_001,True,2,False
tokyo_339444_temporal_spatial,339444,core,temporal_spatial,2,2018_3757163__event_001,SELF,2018_3757163__event_001,True,3,False
tokyo_339444_temporal_spatial,339444,core,temporal_spatial,2,2018_3757163__event_001,NEXT,2018_3757163__event_002,True,4,False
tokyo_339444_temporal_spatial,339444,core,temporal_spatial,3,2018_3757164__event_001,SELF,2018_3757164__event_001,True,5,False
tokyo_339444_temporal_spatial,339444,core,temporal_spatial,3,2018_3757164__event_001,NEXT,2018_3757164__event_002,True,6,False
tokyo_339444_temporal_spatial,339444,core,temporal_spatial,4,2018_3757162__event_002,SELF,2018_3757162__event_002,True,7,False
tokyo_339444_temporal_spatial,339444,core,temporal_spatial,4,2018_3757162__event_002,PREVIOUS,2018_3757162__event_001,True,8,False
tokyo_339444_temporal_spatial,339444,core,temporal_spatial,4,2018_3757162__event_002,NEXT,2018_3757162__event_003,True,9,False
tokyo_339444_temporal_spatial,339444,core,temporal_spatial,5,2018_3757165__event_008,SELF,2018_3757165__event_008,True,10,False
tokyo_339444_temporal_spatial,339444,core,temporal_spatial,5,2018_3757165__event_008,PREVIOUS,2018_3757165__event_007,True,11,False
tokyo_342180_relational_after,342180,core,relational_after,1,2018_3773318__event_004,SELF,2018_3773318__event_004,True,1,True
tokyo_342180_relational_after,342180,core,relational_after,1,2018_3773318__event_004,PREVIOUS,2018_3773318__event_003,True,2,True
tokyo_342180_relational_after,342180,core,relational_after,2,2018_3773314__event_002,SELF,2018_3773314__event_002,True,3,True
tokyo_342180_relational_after,342180,core,relational_after,2,2018_3773314__event_002,PREVIOUS,2018_3773314__event_001,True,4,True
tokyo_342180_relational_after,342180,core,relational_after,2,2018_3773314__event_002,NEXT,2018_3773314__event_003,True,5,True
tokyo_342180_relational_after,342180,core,relational_after,3,2018_3773318__event_003,SELF,2018_3773318__event_003,False,,True
tokyo_342180_relational_after,342180,core,relational_after,3,2018_3773318__event_003,PREVIOUS,2018_3773318__event_002,True,6,True
tokyo_342180_relational_after,342180,core,relational_after,3,2018_3773318__event_003,NEXT,2018_3773318__event_004,False,,True
tokyo_342180_relational_after,342180,core,relational_after,4,2018_3773285__event_001,SELF,2018_3773285__event_001,True,7,True
tokyo_342180_relational_after,342180,core,relational_after,4,2018_3773285__event_001,NEXT,2018_3773285__event_002,True,8,True
tokyo_342180_relational_after,342180,core,relational_after,5,2018_3773304__event_002,SELF,2018_3773304__event_002,True,9,True
tokyo_342180_relational_after,342180,core,relational_after,5,2018_3773304__event_002,PREVIOUS,2018_3773304__event_001,True,10,True
tokyo_342180_semantic,342180,core,semantic,1,2018_3773307__event_003,SELF,2018_3773307__event_003,True,1,True
tokyo_342180_semantic,342180,core,semantic,1,2018_3773307__event_003,PREVIOUS,2018_3773307__event_002,True,2,True
tokyo_342180_semantic,342180,core,semantic,2,2018_3773294__event_001,SELF,2018_3773294__event_001,True,3,True
tokyo_342180_semantic,342180,core,semantic,2,2018_3773294__event_001,NEXT,2018_3773294__event_002,True,4,True
tokyo_342180_semantic,342180,core,semantic,3,2018_3773310__event_003,SELF,2018_3773310__event_003,True,5,True
tokyo_342180_semantic,342180,core,semantic,3,2018_3773310__event_003,PREVIOUS,2018_3773310__event_002,True,6,True
tokyo_342180_semantic,342180,core,semantic,4,2018_3773314__event_001,SELF,2018_3773314__event_001,True,7,True
tokyo_342180_semantic,342180,core,semantic,4,2018_3773314__event_001,NEXT,2018_3773314__event_002,True,8,True
tokyo_342180_semantic,342180,core,semantic,5,2018_3773314__event_002,SELF,2018_3773314__event_002,False,,True
tokyo_342180_semantic,342180,core,semantic,5,2018_3773314__event_002,PREVIOUS,2018_3773314__event_001,False,,True
tokyo_342180_semantic,342180,core,semantic,5,2018_3773314__event_002,NEXT,2018_3773314__event_003,True,9,True
tokyo_342180_temporal_spatial,342180,core,temporal_spatial,1,2018_3773297__event_002,SELF,2018_3773297__event_002,True,1,True
tokyo_342180_temporal_spatial,342180,core,temporal_spatial,1,2018_3773297__event_002,PREVIOUS,2018_3773297__event_001,True,2,True
tokyo_342180_temporal_spatial,342180,core,temporal_spatial,2,2018_3773302__event_002,SELF,2018_3773302__event_002,True,3,True
tokyo_342180_temporal_spatial,342180,core,temporal_spatial,2,2018_3773302__event_002,PREVIOUS,2018_3773302__event_001,True,4,True
tokyo_342180_temporal_spatial,342180,core,temporal_spatial,3,2018_3773288__event_001,SELF,2018_3773288__event_001,True,5,True
tokyo_342180_temporal_spatial,342180,core,temporal_spatial,3,2018_3773288__event_001,NEXT,2018_3773288__event_002,True,6,True
tokyo_342180_temporal_spatial,342180,core,temporal_spatial,4,2018_3773284__event_002,SELF,2018_3773284__event_002,True,7,True
tokyo_342180_temporal_spatial,342180,core,temporal_spatial,4,2018_3773284__event_002,PREVIOUS,2018_3773284__event_001,True,8,True
tokyo_342180_temporal_spatial,342180,core,temporal_spatial,5,2018_3773297__event_001,SELF,2018_3773297__event_001,False,,True
tokyo_342180_temporal_spatial,342180,core,temporal_spatial,5,2018_3773297__event_001,NEXT,2018_3773297__event_002,False,,True
tokyo_34258_relational_after,34258,core,relational_after,1,2018_698471__event_002,SELF,2018_698471__event_002,True,1,False
tokyo_34258_relational_after,34258,core,relational_after,1,2018_698471__event_002,PREVIOUS,2018_698471__event_001,True,2,False
tokyo_34258_relational_after,34258,core,relational_after,1,2018_698471__event_002,NEXT,2018_698471__event_003,True,3,False
tokyo_34258_relational_after,34258,core,relational_after,2,2018_698467__event_003,SELF,2018_698467__event_003,True,4,False
tokyo_34258_relational_after,34258,core,relational_after,2,2018_698467__event_003,PREVIOUS,2018_698467__event_002,True,5,False
tokyo_34258_relational_after,34258,core,relational_after,2,2018_698467__event_003,NEXT,2018_698467__event_004,True,6,False
tokyo_34258_relational_after,34258,core,relational_after,3,2018_698471__event_003,SELF,2018_698471__event_003,False,,False
tokyo_34258_relational_after,34258,core,relational_after,3,2018_698471__event_003,PREVIOUS,2018_698471__event_002,False,,False
tokyo_34258_relational_after,34258,core,relational_after,3,2018_698471__event_003,NEXT,2018_698471__event_004,True,7,False
tokyo_34258_relational_after,34258,core,relational_after,4,2018_698482__event_002,SELF,2018_698482__event_002,True,8,False
tokyo_34258_relational_after,34258,core,relational_after,4,2018_698482__event_002,PREVIOUS,2018_698482__event_001,True,9,False
tokyo_34258_relational_after,34258,core,relational_after,4,2018_698482__event_002,NEXT,2018_698482__event_003,True,10,False
tokyo_34258_relational_after,34258,core,relational_after,5,2018_698467__event_002,SELF,2018_698467__event_002,False,,False
tokyo_34258_relational_after,34258,core,relational_after,5,2018_698467__event_002,PREVIOUS,2018_698467__event_001,True,11,False
tokyo_34258_relational_after,34258,core,relational_after,5,2018_698467__event_002,NEXT,2018_698467__event_003,False,,False
tokyo_34258_semantic,34258,core,semantic,1,2018_698481__event_002,SELF,2018_698481__event_002,True,1,False
tokyo_34258_semantic,34258,core,semantic,1,2018_698481__event_002,PREVIOUS,2018_698481__event_001,True,2,False
tokyo_34258_semantic,34258,core,semantic,1,2018_698481__event_002,NEXT,2018_698481__event_003,True,3,False
tokyo_34258_semantic,34258,core,semantic,2,2018_698479__event_001,SELF,2018_698479__event_001,True,4,False
tokyo_34258_semantic,34258,core,semantic,2,2018_698479__event_001,NEXT,2018_698479__event_002,True,5,False
tokyo_34258_semantic,34258,core,semantic,3,2018_698478__event_001,SELF,2018_698478__event_001,True,6,False
tokyo_34258_semantic,34258,core,semantic,3,2018_698478__event_001,NEXT,2018_698478__event_002,True,7,False
tokyo_34258_semantic,34258,core,semantic,4,2018_698472__event_001,SELF,2018_698472__event_001,True,8,False
tokyo_34258_semantic,34258,core,semantic,4,2018_698472__event_001,NEXT,2018_698472__event_002,True,9,False
tokyo_34258_semantic,34258,core,semantic,5,2018_698480__event_001,SELF,2018_698480__event_001,True,10,False
tokyo_34258_semantic,34258,core,semantic,5,2018_698480__event_001,NEXT,2018_698480__event_002,True,11,False
tokyo_34258_temporal_spatial,34258,core,temporal_spatial,1,2018_698467__event_005,SELF,2018_698467__event_005,True,1,False
tokyo_34258_temporal_spatial,34258,core,temporal_spatial,1,2018_698467__event_005,PREVIOUS,2018_698467__event_004,True,2,False
tokyo_34258_temporal_spatial,34258,core,temporal_spatial,2,2018_698482__event_005,SELF,2018_698482__event_005,True,3,False
tokyo_34258_temporal_spatial,34258,core,temporal_spatial,2,2018_698482__event_005,PREVIOUS,2018_698482__event_004,True,4,False
tokyo_34258_temporal_spatial,34258,core,temporal_spatial,3,2018_698471__event_001,SELF,2018_698471__event_001,True,5,False
tokyo_34258_temporal_spatial,34258,core,temporal_spatial,3,2018_698471__event_001,NEXT,2018_698471__event_002,True,6,False
tokyo_34258_temporal_spatial,34258,core,temporal_spatial,4,2018_698480__event_001,SELF,2018_698480__event_001,True,7,False
tokyo_34258_temporal_spatial,34258,core,temporal_spatial,4,2018_698480__event_001,NEXT,2018_698480__event_002,True,8,False
tokyo_34258_temporal_spatial,34258,core,temporal_spatial,5,2018_698463__event_001,SELF,2018_698463__event_001,True,9,False
tokyo_34258_temporal_spatial,34258,core,temporal_spatial,5,2018_698463__event_001,NEXT,2018_698463__event_002,True,10,False
tokyo_347501_relational_after,347501,core,relational_after,1,2018_3804279__event_001,SELF,2018_3804279__event_001,True,1,False
tokyo_347501_relational_after,347501,core,relational_after,1,2018_3804279__event_001,NEXT,2018_3804279__event_002,True,2,False
tokyo_347501_relational_after,347501,core,relational_after,2,2018_3804279__event_002,SELF,2018_3804279__event_002,False,,False
tokyo_347501_relational_after,347501,core,relational_after,2,2018_3804279__event_002,PREVIOUS,2018_3804279__event_001,False,,False
tokyo_347501_relational_after,347501,core,relational_after,3,2018_3804262__event_002,SELF,2018_3804262__event_002,True,3,False
tokyo_347501_relational_after,347501,core,relational_after,3,2018_3804262__event_002,PREVIOUS,2018_3804262__event_001,True,4,False
tokyo_347501_relational_after,347501,core,relational_after,4,2018_3804269__event_002,SELF,2018_3804269__event_002,True,5,False
tokyo_347501_relational_after,347501,core,relational_after,4,2018_3804269__event_002,PREVIOUS,2018_3804269__event_001,True,6,False
tokyo_347501_relational_after,347501,core,relational_after,5,2018_3804280__event_002,SELF,2018_3804280__event_002,True,7,False
tokyo_347501_relational_after,347501,core,relational_after,5,2018_3804280__event_002,PREVIOUS,2018_3804280__event_001,True,8,False
tokyo_347501_temporal_spatial,347501,core,temporal_spatial,1,2018_3804274__event_002,SELF,2018_3804274__event_002,True,1,False
tokyo_347501_temporal_spatial,347501,core,temporal_spatial,1,2018_3804274__event_002,PREVIOUS,2018_3804274__event_001,True,2,False
tokyo_347501_temporal_spatial,347501,core,temporal_spatial,2,2018_3804273__event_002,SELF,2018_3804273__event_002,True,3,False
tokyo_347501_temporal_spatial,347501,core,temporal_spatial,2,2018_3804273__event_002,PREVIOUS,2018_3804273__event_001,True,4,False
tokyo_347501_temporal_spatial,347501,core,temporal_spatial,3,2018_3804280__event_002,SELF,2018_3804280__event_002,True,5,False
tokyo_347501_temporal_spatial,347501,core,temporal_spatial,3,2018_3804280__event_002,PREVIOUS,2018_3804280__event_001,True,6,False
tokyo_347501_temporal_spatial,347501,core,temporal_spatial,4,2018_3804269__event_002,SELF,2018_3804269__event_002,True,7,False
tokyo_347501_temporal_spatial,347501,core,temporal_spatial,4,2018_3804269__event_002,PREVIOUS,2018_3804269__event_001,True,8,False
tokyo_347501_temporal_spatial,347501,core,temporal_spatial,5,2018_3804262__event_002,SELF,2018_3804262__event_002,True,9,False
tokyo_347501_temporal_spatial,347501,core,temporal_spatial,5,2018_3804262__event_002,PREVIOUS,2018_3804262__event_001,True,10,False
tokyo_348059_relational_after,348059,core,relational_after,1,2018_3807516__event_003,SELF,2018_3807516__event_003,True,1,False
tokyo_348059_relational_after,348059,core,relational_after,1,2018_3807516__event_003,PREVIOUS,2018_3807516__event_002,True,2,False
tokyo_348059_relational_after,348059,core,relational_after,1,2018_3807516__event_003,NEXT,2018_3807516__event_004,True,3,False
tokyo_348059_relational_after,348059,core,relational_after,2,2018_3807506__event_003,SELF,2018_3807506__event_003,True,4,False
tokyo_348059_relational_after,348059,core,relational_after,2,2018_3807506__event_003,PREVIOUS,2018_3807506__event_002,True,5,False
tokyo_348059_relational_after,348059,core,relational_after,2,2018_3807506__event_003,NEXT,2018_3807506__event_004,True,6,False
tokyo_348059_relational_after,348059,core,relational_after,3,2018_3807520__event_003,SELF,2018_3807520__event_003,True,7,False
tokyo_348059_relational_after,348059,core,relational_after,3,2018_3807520__event_003,PREVIOUS,2018_3807520__event_002,True,8,False
tokyo_348059_relational_after,348059,core,relational_after,4,2018_3807521__event_003,SELF,2018_3807521__event_003,True,9,False
tokyo_348059_relational_after,348059,core,relational_after,4,2018_3807521__event_003,PREVIOUS,2018_3807521__event_002,True,10,False
tokyo_348059_relational_after,348059,core,relational_after,4,2018_3807521__event_003,NEXT,2018_3807521__event_004,True,11,False
tokyo_348059_relational_after,348059,core,relational_after,5,2018_3807522__event_003,SELF,2018_3807522__event_003,True,12,False
tokyo_348059_relational_after,348059,core,relational_after,5,2018_3807522__event_003,PREVIOUS,2018_3807522__event_002,True,13,False
tokyo_348059_semantic,348059,core,semantic,1,2018_3807524__event_005,SELF,2018_3807524__event_005,True,1,False
tokyo_348059_semantic,348059,core,semantic,1,2018_3807524__event_005,PREVIOUS,2018_3807524__event_004,True,2,False
tokyo_348059_semantic,348059,core,semantic,2,2018_3807525__event_003,SELF,2018_3807525__event_003,True,3,False
tokyo_348059_semantic,348059,core,semantic,2,2018_3807525__event_003,PREVIOUS,2018_3807525__event_002,True,4,False
tokyo_348059_semantic,348059,core,semantic,3,2018_3807506__event_002,SELF,2018_3807506__event_002,True,5,False
tokyo_348059_semantic,348059,core,semantic,3,2018_3807506__event_002,PREVIOUS,2018_3807506__event_001,True,6,False
tokyo_348059_semantic,348059,core,semantic,3,2018_3807506__event_002,NEXT,2018_3807506__event_003,True,7,False
tokyo_348059_semantic,348059,core,semantic,4,2018_3807518__event_001,SELF,2018_3807518__event_001,True,8,False
tokyo_348059_semantic,348059,core,semantic,4,2018_3807518__event_001,NEXT,2018_3807518__event_002,True,9,False
tokyo_348059_semantic,348059,core,semantic,5,2018_3807521__event_004,SELF,2018_3807521__event_004,True,10,False
tokyo_348059_semantic,348059,core,semantic,5,2018_3807521__event_004,PREVIOUS,2018_3807521__event_003,True,11,False
tokyo_348059_temporal_spatial,348059,core,temporal_spatial,1,2018_3807513__event_003,SELF,2018_3807513__event_003,True,1,False
tokyo_348059_temporal_spatial,348059,core,temporal_spatial,1,2018_3807513__event_003,PREVIOUS,2018_3807513__event_002,True,2,False
tokyo_348059_temporal_spatial,348059,core,temporal_spatial,2,2018_3807513__event_002,SELF,2018_3807513__event_002,False,,False
tokyo_348059_temporal_spatial,348059,core,temporal_spatial,2,2018_3807513__event_002,PREVIOUS,2018_3807513__event_001,True,3,False
tokyo_348059_temporal_spatial,348059,core,temporal_spatial,2,2018_3807513__event_002,NEXT,2018_3807513__event_003,False,,False
tokyo_348059_temporal_spatial,348059,core,temporal_spatial,3,2018_3807513__event_001,SELF,2018_3807513__event_001,False,,False
tokyo_348059_temporal_spatial,348059,core,temporal_spatial,3,2018_3807513__event_001,NEXT,2018_3807513__event_002,False,,False
tokyo_348059_temporal_spatial,348059,core,temporal_spatial,4,2018_3807519__event_001,SELF,2018_3807519__event_001,True,4,False
tokyo_348059_temporal_spatial,348059,core,temporal_spatial,4,2018_3807519__event_001,NEXT,2018_3807519__event_002,True,5,False
tokyo_348059_temporal_spatial,348059,core,temporal_spatial,5,2018_3807519__event_003,SELF,2018_3807519__event_003,True,6,False
tokyo_348059_temporal_spatial,348059,core,temporal_spatial,5,2018_3807519__event_003,PREVIOUS,2018_3807519__event_002,False,,False
tokyo_348682_relational_after,348682,core,relational_after,1,2018_3811346__event_002,SELF,2018_3811346__event_002,True,1,False
tokyo_348682_relational_after,348682,core,relational_after,1,2018_3811346__event_002,PREVIOUS,2018_3811346__event_001,True,2,False
tokyo_348682_relational_after,348682,core,relational_after,2,2018_3811346__event_001,SELF,2018_3811346__event_001,False,,False
tokyo_348682_relational_after,348682,core,relational_after,2,2018_3811346__event_001,NEXT,2018_3811346__event_002,False,,False
tokyo_348682_relational_after,348682,core,relational_after,3,2018_3811349__event_003,SELF,2018_3811349__event_003,True,3,False
tokyo_348682_relational_after,348682,core,relational_after,3,2018_3811349__event_003,PREVIOUS,2018_3811349__event_002,True,4,False
tokyo_348682_relational_after,348682,core,relational_after,4,2018_3811326__event_002,SELF,2018_3811326__event_002,True,5,False
tokyo_348682_relational_after,348682,core,relational_after,4,2018_3811326__event_002,PREVIOUS,2018_3811326__event_001,True,6,False
tokyo_348682_relational_after,348682,core,relational_after,4,2018_3811326__event_002,NEXT,2018_3811326__event_003,True,7,False
tokyo_348682_relational_after,348682,core,relational_after,5,2018_3811326__event_001,SELF,2018_3811326__event_001,False,,False
tokyo_348682_relational_after,348682,core,relational_after,5,2018_3811326__event_001,NEXT,2018_3811326__event_002,False,,False
tokyo_348682_semantic,348682,core,semantic,1,2018_3811335__event_002,SELF,2018_3811335__event_002,True,1,False
tokyo_348682_semantic,348682,core,semantic,1,2018_3811335__event_002,PREVIOUS,2018_3811335__event_001,True,2,False
tokyo_348682_semantic,348682,core,semantic,2,2018_3811312__event_002,SELF,2018_3811312__event_002,True,3,False
tokyo_348682_semantic,348682,core,semantic,2,2018_3811312__event_002,PREVIOUS,2018_3811312__event_001,True,4,False
tokyo_348682_semantic,348682,core,semantic,3,2018_3811346__event_002,SELF,2018_3811346__event_002,True,5,False
tokyo_348682_semantic,348682,core,semantic,3,2018_3811346__event_002,PREVIOUS,2018_3811346__event_001,True,6,False
tokyo_348682_semantic,348682,core,semantic,4,2018_3811326__event_003,SELF,2018_3811326__event_003,True,7,False
tokyo_348682_semantic,348682,core,semantic,4,2018_3811326__event_003,PREVIOUS,2018_3811326__event_002,True,8,False
tokyo_348682_semantic,348682,core,semantic,5,2018_3811346__event_001,SELF,2018_3811346__event_001,False,,False
tokyo_348682_semantic,348682,core,semantic,5,2018_3811346__event_001,NEXT,2018_3811346__event_002,False,,False
tokyo_348682_temporal_spatial,348682,core,temporal_spatial,1,2018_3811312__event_002,SELF,2018_3811312__event_002,True,1,False
tokyo_348682_temporal_spatial,348682,core,temporal_spatial,1,2018_3811312__event_002,PREVIOUS,2018_3811312__event_001,True,2,False
tokyo_348682_temporal_spatial,348682,core,temporal_spatial,2,2018_3811312__event_001,SELF,2018_3811312__event_001,False,,False
tokyo_348682_temporal_spatial,348682,core,temporal_spatial,2,2018_3811312__event_001,NEXT,2018_3811312__event_002,False,,False
tokyo_348682_temporal_spatial,348682,core,temporal_spatial,3,2018_3811320__event_001,SELF,2018_3811320__event_001,True,3,False
tokyo_348682_temporal_spatial,348682,core,temporal_spatial,3,2018_3811320__event_001,NEXT,2018_3811320__event_002,True,4,False
tokyo_348682_temporal_spatial,348682,core,temporal_spatial,4,2018_3811320__event_002,SELF,2018_3811320__event_002,False,,False
tokyo_348682_temporal_spatial,348682,core,temporal_spatial,4,2018_3811320__event_002,PREVIOUS,2018_3811320__event_001,False,,False
tokyo_348682_temporal_spatial,348682,core,temporal_spatial,5,2018_3811349__event_003,SELF,2018_3811349__event_003,True,5,False
tokyo_348682_temporal_spatial,348682,core,temporal_spatial,5,2018_3811349__event_003,PREVIOUS,2018_3811349__event_002,True,6,False
tokyo_350248_relational_after,350248,core,relational_after,1,2018_3820531__event_001,SELF,2018_3820531__event_001,True,1,True
tokyo_350248_relational_after,350248,core,relational_after,1,2018_3820531__event_001,NEXT,2018_3820531__event_002,True,2,True
tokyo_350248_relational_after,350248,core,relational_after,2,2018_3820539__event_002,SELF,2018_3820539__event_002,True,3,True
tokyo_350248_relational_after,350248,core,relational_after,2,2018_3820539__event_002,PREVIOUS,2018_3820539__event_001,True,4,True
tokyo_350248_relational_after,350248,core,relational_after,3,2018_3820563__event_001,SELF,2018_3820563__event_001,True,5,True
tokyo_350248_relational_after,350248,core,relational_after,3,2018_3820563__event_001,NEXT,2018_3820563__event_002,True,6,True
tokyo_350248_relational_after,350248,core,relational_after,4,2018_3820539__event_001,SELF,2018_3820539__event_001,False,,True
tokyo_350248_relational_after,350248,core,relational_after,4,2018_3820539__event_001,NEXT,2018_3820539__event_002,False,,True
tokyo_350248_relational_after,350248,core,relational_after,5,2018_3820531__event_002,SELF,2018_3820531__event_002,False,,True
tokyo_350248_relational_after,350248,core,relational_after,5,2018_3820531__event_002,PREVIOUS,2018_3820531__event_001,False,,True
tokyo_350248_semantic,350248,core,semantic,1,2018_3820558__event_002,SELF,2018_3820558__event_002,True,1,True
tokyo_350248_semantic,350248,core,semantic,1,2018_3820558__event_002,PREVIOUS,2018_3820558__event_001,True,2,True
tokyo_350248_semantic,350248,core,semantic,2,2018_3820535__event_001,SELF,2018_3820535__event_001,True,3,True
tokyo_350248_semantic,350248,core,semantic,2,2018_3820535__event_001,NEXT,2018_3820535__event_002,True,4,True
tokyo_350248_semantic,350248,core,semantic,3,2018_3820543__event_002,SELF,2018_3820543__event_002,True,5,True
tokyo_350248_semantic,350248,core,semantic,3,2018_3820543__event_002,PREVIOUS,2018_3820543__event_001,True,6,True
tokyo_350248_semantic,350248,core,semantic,4,2018_3820524__event_003,SELF,2018_3820524__event_003,True,7,True
tokyo_350248_semantic,350248,core,semantic,4,2018_3820524__event_003,PREVIOUS,2018_3820524__event_002,True,8,True
tokyo_350248_semantic,350248,core,semantic,4,2018_3820524__event_003,NEXT,2018_3820524__event_004,True,9,True
tokyo_350248_semantic,350248,core,semantic,5,2018_3820543__event_001,SELF,2018_3820543__event_001,False,,True
tokyo_350248_semantic,350248,core,semantic,5,2018_3820543__event_001,NEXT,2018_3820543__event_002,False,,True
tokyo_350248_temporal_spatial,350248,core,temporal_spatial,1,2018_3820551__event_002,SELF,2018_3820551__event_002,True,1,True
tokyo_350248_temporal_spatial,350248,core,temporal_spatial,1,2018_3820551__event_002,PREVIOUS,2018_3820551__event_001,True,2,True
tokyo_350248_temporal_spatial,350248,core,temporal_spatial,2,2018_3820562__event_001,SELF,2018_3820562__event_001,True,3,True
tokyo_350248_temporal_spatial,350248,core,temporal_spatial,2,2018_3820562__event_001,NEXT,2018_3820562__event_002,True,4,True
tokyo_350248_temporal_spatial,350248,core,temporal_spatial,3,2018_3820557__event_001,SELF,2018_3820557__event_001,True,5,True
tokyo_350248_temporal_spatial,350248,core,temporal_spatial,3,2018_3820557__event_001,NEXT,2018_3820557__event_002,True,6,True
tokyo_350248_temporal_spatial,350248,core,temporal_spatial,4,2018_3820554__event_002,SELF,2018_3820554__event_002,True,7,True
tokyo_350248_temporal_spatial,350248,core,temporal_spatial,4,2018_3820554__event_002,PREVIOUS,2018_3820554__event_001,True,8,True
tokyo_350248_temporal_spatial,350248,core,temporal_spatial,4,2018_3820554__event_002,NEXT,2018_3820554__event_003,True,9,True
tokyo_350248_temporal_spatial,350248,core,temporal_spatial,5,2018_3820526__event_001,SELF,2018_3820526__event_001,True,10,True
tokyo_350248_temporal_spatial,350248,core,temporal_spatial,5,2018_3820526__event_001,NEXT,2018_3820526__event_002,True,11,True
tokyo_356419_relational_after,356419,core,relational_after,1,2018_3855579__event_002,SELF,2018_3855579__event_002,True,1,False
tokyo_356419_relational_after,356419,core,relational_after,1,2018_3855579__event_002,PREVIOUS,2018_3855579__event_001,True,2,False
tokyo_356419_relational_after,356419,core,relational_after,2,2018_3855585__event_002,SELF,2018_3855585__event_002,True,3,False
tokyo_356419_relational_after,356419,core,relational_after,2,2018_3855585__event_002,PREVIOUS,2018_3855585__event_001,True,4,False
tokyo_356419_relational_after,356419,core,relational_after,3,2018_3855579__event_001,SELF,2018_3855579__event_001,False,,False
tokyo_356419_relational_after,356419,core,relational_after,3,2018_3855579__event_001,NEXT,2018_3855579__event_002,False,,False
tokyo_356419_relational_after,356419,core,relational_after,4,2018_3855574__event_003,SELF,2018_3855574__event_003,True,5,False
tokyo_356419_relational_after,356419,core,relational_after,4,2018_3855574__event_003,PREVIOUS,2018_3855574__event_002,True,6,False
tokyo_356419_relational_after,356419,core,relational_after,4,2018_3855574__event_003,NEXT,2018_3855574__event_004,True,7,False
tokyo_356419_relational_after,356419,core,relational_after,5,2018_3855574__event_002,SELF,2018_3855574__event_002,False,,False
tokyo_356419_relational_after,356419,core,relational_after,5,2018_3855574__event_002,PREVIOUS,2018_3855574__event_001,True,8,False
tokyo_356419_relational_after,356419,core,relational_after,5,2018_3855574__event_002,NEXT,2018_3855574__event_003,False,,False
tokyo_356419_semantic,356419,core,semantic,1,2018_3855580__event_001,SELF,2018_3855580__event_001,True,1,False
tokyo_356419_semantic,356419,core,semantic,1,2018_3855580__event_001,NEXT,2018_3855580__event_002,True,2,False
tokyo_356419_semantic,356419,core,semantic,2,2018_3855585__event_002,SELF,2018_3855585__event_002,True,3,False
tokyo_356419_semantic,356419,core,semantic,2,2018_3855585__event_002,PREVIOUS,2018_3855585__event_001,True,4,False
tokyo_356419_semantic,356419,core,semantic,3,2018_3855594__event_001,SELF,2018_3855594__event_001,True,5,False
tokyo_356419_semantic,356419,core,semantic,3,2018_3855594__event_001,NEXT,2018_3855594__event_002,True,6,False
tokyo_356419_semantic,356419,core,semantic,4,2018_3855579__event_002,SELF,2018_3855579__event_002,True,7,False
tokyo_356419_semantic,356419,core,semantic,4,2018_3855579__event_002,PREVIOUS,2018_3855579__event_001,True,8,False
tokyo_356419_semantic,356419,core,semantic,5,2018_3855570__event_002,SELF,2018_3855570__event_002,True,9,False
tokyo_356419_semantic,356419,core,semantic,5,2018_3855570__event_002,PREVIOUS,2018_3855570__event_001,True,10,False
tokyo_356419_temporal_spatial,356419,core,temporal_spatial,1,2018_3855575__event_002,SELF,2018_3855575__event_002,True,1,False
tokyo_356419_temporal_spatial,356419,core,temporal_spatial,1,2018_3855575__event_002,PREVIOUS,2018_3855575__event_001,True,2,False
tokyo_356419_temporal_spatial,356419,core,temporal_spatial,2,2018_3855570__event_002,SELF,2018_3855570__event_002,True,3,False
tokyo_356419_temporal_spatial,356419,core,temporal_spatial,2,2018_3855570__event_002,PREVIOUS,2018_3855570__event_001,True,4,False
tokyo_356419_temporal_spatial,356419,core,temporal_spatial,3,2018_3855580__event_001,SELF,2018_3855580__event_001,True,5,False
tokyo_356419_temporal_spatial,356419,core,temporal_spatial,3,2018_3855580__event_001,NEXT,2018_3855580__event_002,True,6,False
tokyo_356419_temporal_spatial,356419,core,temporal_spatial,4,2018_3855594__event_001,SELF,2018_3855594__event_001,True,7,False
tokyo_356419_temporal_spatial,356419,core,temporal_spatial,4,2018_3855594__event_001,NEXT,2018_3855594__event_002,True,8,False
tokyo_356419_temporal_spatial,356419,core,temporal_spatial,5,2018_3855570__event_001,SELF,2018_3855570__event_001,False,,False
tokyo_356419_temporal_spatial,356419,core,temporal_spatial,5,2018_3855570__event_001,NEXT,2018_3855570__event_002,False,,False
tokyo_35718_relational_after,35718,core,relational_after,1,2018_727120__event_002,SELF,2018_727120__event_002,True,1,False
tokyo_35718_relational_after,35718,core,relational_after,1,2018_727120__event_002,PREVIOUS,2018_727120__event_001,True,2,False
tokyo_35718_relational_after,35718,core,relational_after,1,2018_727120__event_002,NEXT,2018_727120__event_003,True,3,False
tokyo_35718_relational_after,35718,core,relational_after,2,2018_727117__event_001,SELF,2018_727117__event_001,True,4,False
tokyo_35718_relational_after,35718,core,relational_after,2,2018_727117__event_001,NEXT,2018_727117__event_002,True,5,False
tokyo_35718_relational_after,35718,core,relational_after,3,2018_727114__event_001,SELF,2018_727114__event_001,True,6,False
tokyo_35718_relational_after,35718,core,relational_after,3,2018_727114__event_001,NEXT,2018_727114__event_002,True,7,False
tokyo_35718_relational_after,35718,core,relational_after,4,2018_727143__event_001,SELF,2018_727143__event_001,True,8,False
tokyo_35718_relational_after,35718,core,relational_after,4,2018_727143__event_001,NEXT,2018_727143__event_002,True,9,False
tokyo_35718_relational_after,35718,core,relational_after,5,2018_727129__event_001,SELF,2018_727129__event_001,True,10,False
tokyo_35718_relational_after,35718,core,relational_after,5,2018_727129__event_001,NEXT,2018_727129__event_002,True,11,False
tokyo_35718_semantic,35718,core,semantic,1,2018_727082__event_002,SELF,2018_727082__event_002,True,1,False
tokyo_35718_semantic,35718,core,semantic,1,2018_727082__event_002,PREVIOUS,2018_727082__event_001,True,2,False
tokyo_35718_semantic,35718,core,semantic,1,2018_727082__event_002,NEXT,2018_727082__event_003,True,3,False
tokyo_35718_semantic,35718,core,semantic,2,2018_727082__event_003,SELF,2018_727082__event_003,False,,False
tokyo_35718_semantic,35718,core,semantic,2,2018_727082__event_003,PREVIOUS,2018_727082__event_002,False,,False
tokyo_35718_semantic,35718,core,semantic,3,2018_727120__event_003,SELF,2018_727120__event_003,True,4,False
tokyo_35718_semantic,35718,core,semantic,3,2018_727120__event_003,PREVIOUS,2018_727120__event_002,True,5,False
tokyo_35718_semantic,35718,core,semantic,4,2018_727085__event_001,SELF,2018_727085__event_001,True,6,False
tokyo_35718_semantic,35718,core,semantic,4,2018_727085__event_001,NEXT,2018_727085__event_002,True,7,False
tokyo_35718_semantic,35718,core,semantic,5,2018_727082__event_001,SELF,2018_727082__event_001,False,,False
tokyo_35718_semantic,35718,core,semantic,5,2018_727082__event_001,NEXT,2018_727082__event_002,False,,False
tokyo_35718_temporal_spatial,35718,core,temporal_spatial,1,2018_727120__event_002,SELF,2018_727120__event_002,True,1,False
tokyo_35718_temporal_spatial,35718,core,temporal_spatial,1,2018_727120__event_002,PREVIOUS,2018_727120__event_001,True,2,False
tokyo_35718_temporal_spatial,35718,core,temporal_spatial,1,2018_727120__event_002,NEXT,2018_727120__event_003,True,3,False
tokyo_35718_temporal_spatial,35718,core,temporal_spatial,2,2018_727120__event_003,SELF,2018_727120__event_003,False,,False
tokyo_35718_temporal_spatial,35718,core,temporal_spatial,2,2018_727120__event_003,PREVIOUS,2018_727120__event_002,False,,False
tokyo_35718_temporal_spatial,35718,core,temporal_spatial,3,2018_727143__event_002,SELF,2018_727143__event_002,True,4,False
tokyo_35718_temporal_spatial,35718,core,temporal_spatial,3,2018_727143__event_002,PREVIOUS,2018_727143__event_001,True,5,False
tokyo_35718_temporal_spatial,35718,core,temporal_spatial,4,2018_727143__event_001,SELF,2018_727143__event_001,False,,False
tokyo_35718_temporal_spatial,35718,core,temporal_spatial,4,2018_727143__event_001,NEXT,2018_727143__event_002,False,,False
tokyo_35718_temporal_spatial,35718,core,temporal_spatial,5,2018_727082__event_002,SELF,2018_727082__event_002,True,6,False
tokyo_35718_temporal_spatial,35718,core,temporal_spatial,5,2018_727082__event_002,PREVIOUS,2018_727082__event_001,True,7,False
tokyo_35718_temporal_spatial,35718,core,temporal_spatial,5,2018_727082__event_002,NEXT,2018_727082__event_003,True,8,False
tokyo_362630_relational_after,362630,core,relational_after,1,2018_3889086__event_003,SELF,2018_3889086__event_003,True,1,False
tokyo_362630_relational_after,362630,core,relational_after,1,2018_3889086__event_003,PREVIOUS,2018_3889086__event_002,True,2,False
tokyo_362630_relational_after,362630,core,relational_after,2,2018_3889086__event_002,SELF,2018_3889086__event_002,False,,False
tokyo_362630_relational_after,362630,core,relational_after,2,2018_3889086__event_002,PREVIOUS,2018_3889086__event_001,True,3,False
tokyo_362630_relational_after,362630,core,relational_after,2,2018_3889086__event_002,NEXT,2018_3889086__event_003,False,,False
tokyo_362630_relational_after,362630,core,relational_after,3,2018_3889076__event_002,SELF,2018_3889076__event_002,True,4,False
tokyo_362630_relational_after,362630,core,relational_after,3,2018_3889076__event_002,PREVIOUS,2018_3889076__event_001,True,5,False
tokyo_362630_relational_after,362630,core,relational_after,4,2018_3889086__event_001,SELF,2018_3889086__event_001,False,,False
tokyo_362630_relational_after,362630,core,relational_after,4,2018_3889086__event_001,NEXT,2018_3889086__event_002,False,,False
tokyo_362630_relational_after,362630,core,relational_after,5,2018_3889095__event_002,SELF,2018_3889095__event_002,True,6,False
tokyo_362630_relational_after,362630,core,relational_after,5,2018_3889095__event_002,PREVIOUS,2018_3889095__event_001,True,7,False
tokyo_362630_semantic,362630,core,semantic,1,2018_3889093__event_002,SELF,2018_3889093__event_002,True,1,False
tokyo_362630_semantic,362630,core,semantic,1,2018_3889093__event_002,PREVIOUS,2018_3889093__event_001,True,2,False
tokyo_362630_semantic,362630,core,semantic,2,2018_3889095__event_002,SELF,2018_3889095__event_002,True,3,False
tokyo_362630_semantic,362630,core,semantic,2,2018_3889095__event_002,PREVIOUS,2018_3889095__event_001,True,4,False
tokyo_362630_semantic,362630,core,semantic,3,2018_3889086__event_002,SELF,2018_3889086__event_002,True,5,False
tokyo_362630_semantic,362630,core,semantic,3,2018_3889086__event_002,PREVIOUS,2018_3889086__event_001,True,6,False
tokyo_362630_semantic,362630,core,semantic,3,2018_3889086__event_002,NEXT,2018_3889086__event_003,True,7,False
tokyo_362630_semantic,362630,core,semantic,4,2018_3889095__event_001,SELF,2018_3889095__event_001,False,,False
tokyo_362630_semantic,362630,core,semantic,4,2018_3889095__event_001,NEXT,2018_3889095__event_002,False,,False
tokyo_362630_semantic,362630,core,semantic,5,2018_3889075__event_001,SELF,2018_3889075__event_001,True,8,False
tokyo_362630_semantic,362630,core,semantic,5,2018_3889075__event_001,NEXT,2018_3889075__event_002,True,9,False
tokyo_362630_temporal_spatial,362630,core,temporal_spatial,1,2018_3889095__event_002,SELF,2018_3889095__event_002,True,1,False
tokyo_362630_temporal_spatial,362630,core,temporal_spatial,1,2018_3889095__event_002,PREVIOUS,2018_3889095__event_001,True,2,False
tokyo_362630_temporal_spatial,362630,core,temporal_spatial,2,2018_3889086__event_002,SELF,2018_3889086__event_002,True,3,False
tokyo_362630_temporal_spatial,362630,core,temporal_spatial,2,2018_3889086__event_002,PREVIOUS,2018_3889086__event_001,True,4,False
tokyo_362630_temporal_spatial,362630,core,temporal_spatial,2,2018_3889086__event_002,NEXT,2018_3889086__event_003,True,5,False
tokyo_362630_temporal_spatial,362630,core,temporal_spatial,3,2018_3889072__event_002,SELF,2018_3889072__event_002,True,6,False
tokyo_362630_temporal_spatial,362630,core,temporal_spatial,3,2018_3889072__event_002,PREVIOUS,2018_3889072__event_001,True,7,False
tokyo_362630_temporal_spatial,362630,core,temporal_spatial,4,2018_3889093__event_002,SELF,2018_3889093__event_002,True,8,False
tokyo_362630_temporal_spatial,362630,core,temporal_spatial,4,2018_3889093__event_002,PREVIOUS,2018_3889093__event_001,True,9,False
tokyo_362630_temporal_spatial,362630,core,temporal_spatial,5,2018_3889095__event_001,SELF,2018_3889095__event_001,False,,False
tokyo_362630_temporal_spatial,362630,core,temporal_spatial,5,2018_3889095__event_001,NEXT,2018_3889095__event_002,False,,False
tokyo_36487_relational_after,36487,core,relational_after,1,2018_741708__event_002,SELF,2018_741708__event_002,True,1,False
tokyo_36487_relational_after,36487,core,relational_after,1,2018_741708__event_002,PREVIOUS,2018_741708__event_001,True,2,False
tokyo_36487_relational_after,36487,core,relational_after,1,2018_741708__event_002,NEXT,2018_741708__event_003,True,3,False
tokyo_36487_relational_after,36487,core,relational_after,2,2018_741708__event_003,SELF,2018_741708__event_003,False,,False
tokyo_36487_relational_after,36487,core,relational_after,2,2018_741708__event_003,PREVIOUS,2018_741708__event_002,False,,False
tokyo_36487_relational_after,36487,core,relational_after,2,2018_741708__event_003,NEXT,2018_741708__event_004,True,4,False
tokyo_36487_relational_after,36487,core,relational_after,3,2018_741699__event_002,SELF,2018_741699__event_002,True,5,False
tokyo_36487_relational_after,36487,core,relational_after,3,2018_741699__event_002,PREVIOUS,2018_741699__event_001,True,6,False
tokyo_36487_relational_after,36487,core,relational_after,4,2018_741716__event_001,SELF,2018_741716__event_001,True,7,False
tokyo_36487_relational_after,36487,core,relational_after,4,2018_741716__event_001,NEXT,2018_741716__event_002,True,8,False
tokyo_36487_relational_after,36487,core,relational_after,5,2018_741716__event_002,SELF,2018_741716__event_002,False,,False
tokyo_36487_relational_after,36487,core,relational_after,5,2018_741716__event_002,PREVIOUS,2018_741716__event_001,False,,False
tokyo_36487_relational_after,36487,core,relational_after,5,2018_741716__event_002,NEXT,2018_741716__event_003,True,9,False
tokyo_36487_semantic,36487,core,semantic,1,2018_741721__event_001,SELF,2018_741721__event_001,True,1,False
tokyo_36487_semantic,36487,core,semantic,1,2018_741721__event_001,NEXT,2018_741721__event_002,True,2,False
tokyo_36487_semantic,36487,core,semantic,2,2018_741721__event_002,SELF,2018_741721__event_002,False,,False
tokyo_36487_semantic,36487,core,semantic,2,2018_741721__event_002,PREVIOUS,2018_741721__event_001,False,,False
tokyo_36487_semantic,36487,core,semantic,2,2018_741721__event_002,NEXT,2018_741721__event_003,True,3,False
tokyo_36487_semantic,36487,core,semantic,3,2018_741712__event_004,SELF,2018_741712__event_004,True,4,False
tokyo_36487_semantic,36487,core,semantic,3,2018_741712__event_004,PREVIOUS,2018_741712__event_003,True,5,False
tokyo_36487_semantic,36487,core,semantic,3,2018_741712__event_004,NEXT,2018_741712__event_005,True,6,False
tokyo_36487_semantic,36487,core,semantic,4,2018_741712__event_003,SELF,2018_741712__event_003,False,,False
tokyo_36487_semantic,36487,core,semantic,4,2018_741712__event_003,PREVIOUS,2018_741712__event_002,True,7,False
tokyo_36487_semantic,36487,core,semantic,4,2018_741712__event_003,NEXT,2018_741712__event_004,False,,False
tokyo_36487_semantic,36487,core,semantic,5,2018_741722__event_001,SELF,2018_741722__event_001,True,8,False
tokyo_36487_semantic,36487,core,semantic,5,2018_741722__event_001,NEXT,2018_741722__event_002,True,9,False
tokyo_36487_temporal_spatial,36487,core,temporal_spatial,1,2018_741640__event_001,SELF,2018_741640__event_001,True,1,False
tokyo_36487_temporal_spatial,36487,core,temporal_spatial,1,2018_741640__event_001,NEXT,2018_741640__event_002,True,2,False
tokyo_36487_temporal_spatial,36487,core,temporal_spatial,2,2018_741726__event_003,SELF,2018_741726__event_003,True,3,False
tokyo_36487_temporal_spatial,36487,core,temporal_spatial,2,2018_741726__event_003,PREVIOUS,2018_741726__event_002,True,4,False
tokyo_36487_temporal_spatial,36487,core,temporal_spatial,3,2018_741700__event_001,SELF,2018_741700__event_001,True,5,False
tokyo_36487_temporal_spatial,36487,core,temporal_spatial,3,2018_741700__event_001,NEXT,2018_741700__event_002,True,6,False
tokyo_36487_temporal_spatial,36487,core,temporal_spatial,4,2018_741725__event_005,SELF,2018_741725__event_005,True,7,False
tokyo_36487_temporal_spatial,36487,core,temporal_spatial,4,2018_741725__event_005,PREVIOUS,2018_741725__event_004,True,8,False
tokyo_36487_temporal_spatial,36487,core,temporal_spatial,5,2018_741716__event_001,SELF,2018_741716__event_001,True,9,False
tokyo_36487_temporal_spatial,36487,core,temporal_spatial,5,2018_741716__event_001,NEXT,2018_741716__event_002,True,10,False
tokyo_365381_relational_after,365381,core,relational_after,1,2018_3903074__event_002,SELF,2018_3903074__event_002,True,1,False
tokyo_365381_relational_after,365381,core,relational_after,1,2018_3903074__event_002,PREVIOUS,2018_3903074__event_001,True,2,False
tokyo_365381_relational_after,365381,core,relational_after,1,2018_3903074__event_002,NEXT,2018_3903074__event_003,True,3,False
tokyo_365381_relational_after,365381,core,relational_after,2,2018_3903075__event_001,SELF,2018_3903075__event_001,True,4,False
tokyo_365381_relational_after,365381,core,relational_after,2,2018_3903075__event_001,NEXT,2018_3903075__event_002,True,5,False
tokyo_365381_relational_after,365381,core,relational_after,3,2018_3903075__event_003,SELF,2018_3903075__event_003,True,6,False
tokyo_365381_relational_after,365381,core,relational_after,3,2018_3903075__event_003,PREVIOUS,2018_3903075__event_002,False,,False
tokyo_365381_relational_after,365381,core,relational_after,4,2018_3903071__event_002,SELF,2018_3903071__event_002,True,7,False
tokyo_365381_relational_after,365381,core,relational_after,4,2018_3903071__event_002,PREVIOUS,2018_3903071__event_001,True,8,False
tokyo_365381_relational_after,365381,core,relational_after,5,2018_3903074__event_001,SELF,2018_3903074__event_001,False,,False
tokyo_365381_relational_after,365381,core,relational_after,5,2018_3903074__event_001,NEXT,2018_3903074__event_002,False,,False
tokyo_365381_semantic,365381,core,semantic,1,2018_3903070__event_001,SELF,2018_3903070__event_001,True,1,False
tokyo_365381_semantic,365381,core,semantic,1,2018_3903070__event_001,NEXT,2018_3903070__event_002,True,2,False
tokyo_365381_semantic,365381,core,semantic,2,2018_3903074__event_003,SELF,2018_3903074__event_003,True,3,False
tokyo_365381_semantic,365381,core,semantic,2,2018_3903074__event_003,PREVIOUS,2018_3903074__event_002,True,4,False
tokyo_365381_semantic,365381,core,semantic,3,2018_3903077__event_001,SELF,2018_3903077__event_001,True,5,False
tokyo_365381_semantic,365381,core,semantic,3,2018_3903077__event_001,NEXT,2018_3903077__event_002,True,6,False
tokyo_365381_semantic,365381,core,semantic,4,2018_3903084__event_002,SELF,2018_3903084__event_002,True,7,False
tokyo_365381_semantic,365381,core,semantic,4,2018_3903084__event_002,PREVIOUS,2018_3903084__event_001,True,8,False
tokyo_365381_semantic,365381,core,semantic,5,2018_3903088__event_002,SELF,2018_3903088__event_002,True,9,False
tokyo_365381_semantic,365381,core,semantic,5,2018_3903088__event_002,PREVIOUS,2018_3903088__event_001,True,10,False
tokyo_365381_temporal_spatial,365381,core,temporal_spatial,1,2018_3903088__event_002,SELF,2018_3903088__event_002,True,1,False
tokyo_365381_temporal_spatial,365381,core,temporal_spatial,1,2018_3903088__event_002,PREVIOUS,2018_3903088__event_001,True,2,False
tokyo_365381_temporal_spatial,365381,core,temporal_spatial,2,2018_3903077__event_001,SELF,2018_3903077__event_001,True,3,False
tokyo_365381_temporal_spatial,365381,core,temporal_spatial,2,2018_3903077__event_001,NEXT,2018_3903077__event_002,True,4,False
tokyo_365381_temporal_spatial,365381,core,temporal_spatial,3,2018_3903075__event_003,SELF,2018_3903075__event_003,True,5,False
tokyo_365381_temporal_spatial,365381,core,temporal_spatial,3,2018_3903075__event_003,PREVIOUS,2018_3903075__event_002,True,6,False
tokyo_365381_temporal_spatial,365381,core,temporal_spatial,4,2018_3903074__event_002,SELF,2018_3903074__event_002,True,7,False
tokyo_365381_temporal_spatial,365381,core,temporal_spatial,4,2018_3903074__event_002,PREVIOUS,2018_3903074__event_001,True,8,False
tokyo_365381_temporal_spatial,365381,core,temporal_spatial,4,2018_3903074__event_002,NEXT,2018_3903074__event_003,True,9,False
tokyo_365381_temporal_spatial,365381,core,temporal_spatial,5,2018_3903071__event_002,SELF,2018_3903071__event_002,True,10,False
tokyo_365381_temporal_spatial,365381,core,temporal_spatial,5,2018_3903071__event_002,PREVIOUS,2018_3903071__event_001,True,11,False
tokyo_41088_relational_after,41088,core,relational_after,1,2018_830967__event_001,SELF,2018_830967__event_001,True,1,True
tokyo_41088_relational_after,41088,core,relational_after,1,2018_830967__event_001,NEXT,2018_830967__event_002,True,2,True
tokyo_41088_relational_after,41088,core,relational_after,2,2018_830967__event_002,SELF,2018_830967__event_002,False,,True
tokyo_41088_relational_after,41088,core,relational_after,2,2018_830967__event_002,PREVIOUS,2018_830967__event_001,False,,True
tokyo_41088_relational_after,41088,core,relational_after,3,2018_830983__event_002,SELF,2018_830983__event_002,True,3,True
tokyo_41088_relational_after,41088,core,relational_after,3,2018_830983__event_002,PREVIOUS,2018_830983__event_001,True,4,True
tokyo_41088_relational_after,41088,core,relational_after,4,2018_830991__event_002,SELF,2018_830991__event_002,True,5,True
tokyo_41088_relational_after,41088,core,relational_after,4,2018_830991__event_002,PREVIOUS,2018_830991__event_001,True,6,True
tokyo_41088_relational_after,41088,core,relational_after,5,2018_831021__event_002,SELF,2018_831021__event_002,True,7,True
tokyo_41088_relational_after,41088,core,relational_after,5,2018_831021__event_002,PREVIOUS,2018_831021__event_001,True,8,True
tokyo_41088_semantic,41088,core,semantic,1,2018_830967__event_001,SELF,2018_830967__event_001,True,1,True
tokyo_41088_semantic,41088,core,semantic,1,2018_830967__event_001,NEXT,2018_830967__event_002,True,2,True
tokyo_41088_semantic,41088,core,semantic,2,2018_831031__event_001,SELF,2018_831031__event_001,True,3,True
tokyo_41088_semantic,41088,core,semantic,2,2018_831031__event_001,NEXT,2018_831031__event_002,True,4,True
tokyo_41088_semantic,41088,core,semantic,3,2018_830992__event_001,SELF,2018_830992__event_001,True,5,True
tokyo_41088_semantic,41088,core,semantic,3,2018_830992__event_001,NEXT,2018_830992__event_002,True,6,True
tokyo_41088_semantic,41088,core,semantic,4,2018_831024__event_002,SELF,2018_831024__event_002,True,7,True
tokyo_41088_semantic,41088,core,semantic,4,2018_831024__event_002,PREVIOUS,2018_831024__event_001,True,8,True
tokyo_41088_semantic,41088,core,semantic,4,2018_831024__event_002,NEXT,2018_831024__event_003,True,9,True
tokyo_41088_semantic,41088,core,semantic,5,2018_830973__event_001,SELF,2018_830973__event_001,True,10,True
tokyo_41088_semantic,41088,core,semantic,5,2018_830973__event_001,NEXT,2018_830973__event_002,True,11,True
tokyo_41088_temporal_spatial,41088,core,temporal_spatial,1,2018_831031__event_001,SELF,2018_831031__event_001,True,1,True
tokyo_41088_temporal_spatial,41088,core,temporal_spatial,1,2018_831031__event_001,NEXT,2018_831031__event_002,True,2,True
tokyo_41088_temporal_spatial,41088,core,temporal_spatial,2,2018_831021__event_002,SELF,2018_831021__event_002,True,3,True
tokyo_41088_temporal_spatial,41088,core,temporal_spatial,2,2018_831021__event_002,PREVIOUS,2018_831021__event_001,True,4,True
tokyo_41088_temporal_spatial,41088,core,temporal_spatial,3,2018_830983__event_002,SELF,2018_830983__event_002,True,5,True
tokyo_41088_temporal_spatial,41088,core,temporal_spatial,3,2018_830983__event_002,PREVIOUS,2018_830983__event_001,True,6,True
tokyo_41088_temporal_spatial,41088,core,temporal_spatial,4,2018_830991__event_002,SELF,2018_830991__event_002,True,7,True
tokyo_41088_temporal_spatial,41088,core,temporal_spatial,4,2018_830991__event_002,PREVIOUS,2018_830991__event_001,True,8,True
tokyo_41088_temporal_spatial,41088,core,temporal_spatial,5,2018_830973__event_001,SELF,2018_830973__event_001,True,9,True
tokyo_41088_temporal_spatial,41088,core,temporal_spatial,5,2018_830973__event_001,NEXT,2018_830973__event_002,True,10,True
tokyo_42282_relational_after,42282,core,relational_after,1,2018_852454__event_002,SELF,2018_852454__event_002,True,1,False
tokyo_42282_relational_after,42282,core,relational_after,1,2018_852454__event_002,PREVIOUS,2018_852454__event_001,True,2,False
tokyo_42282_relational_after,42282,core,relational_after,1,2018_852454__event_002,NEXT,2018_852454__event_003,True,3,False
tokyo_42282_relational_after,42282,core,relational_after,2,2018_852454__event_001,SELF,2018_852454__event_001,False,,False
tokyo_42282_relational_after,42282,core,relational_after,2,2018_852454__event_001,NEXT,2018_852454__event_002,False,,False
tokyo_42282_relational_after,42282,core,relational_after,3,2018_852419__event_001,SELF,2018_852419__event_001,True,4,False
tokyo_42282_relational_after,42282,core,relational_after,3,2018_852419__event_001,NEXT,2018_852419__event_002,True,5,False
tokyo_42282_relational_after,42282,core,relational_after,4,2018_852419__event_002,SELF,2018_852419__event_002,False,,False
tokyo_42282_relational_after,42282,core,relational_after,4,2018_852419__event_002,PREVIOUS,2018_852419__event_001,False,,False
tokyo_42282_relational_after,42282,core,relational_after,5,2018_852420__event_001,SELF,2018_852420__event_001,True,6,False
tokyo_42282_relational_after,42282,core,relational_after,5,2018_852420__event_001,NEXT,2018_852420__event_002,True,7,False
tokyo_42282_semantic,42282,core,semantic,1,2018_852463__event_001,SELF,2018_852463__event_001,True,1,False
tokyo_42282_semantic,42282,core,semantic,1,2018_852463__event_001,NEXT,2018_852463__event_002,True,2,False
tokyo_42282_semantic,42282,core,semantic,2,2018_852433__event_001,SELF,2018_852433__event_001,True,3,False
tokyo_42282_semantic,42282,core,semantic,2,2018_852433__event_001,NEXT,2018_852433__event_002,True,4,False
tokyo_42282_semantic,42282,core,semantic,3,2018_852463__event_002,SELF,2018_852463__event_002,False,,False
tokyo_42282_semantic,42282,core,semantic,3,2018_852463__event_002,PREVIOUS,2018_852463__event_001,False,,False
tokyo_42282_semantic,42282,core,semantic,4,2018_852473__event_001,SELF,2018_852473__event_001,True,5,False
tokyo_42282_semantic,42282,core,semantic,4,2018_852473__event_001,NEXT,2018_852473__event_002,True,6,False
tokyo_42282_semantic,42282,core,semantic,5,2018_852420__event_001,SELF,2018_852420__event_001,True,7,False
tokyo_42282_semantic,42282,core,semantic,5,2018_852420__event_001,NEXT,2018_852420__event_002,True,8,False
tokyo_42282_temporal_spatial,42282,core,temporal_spatial,1,2018_852463__event_001,SELF,2018_852463__event_001,True,1,False
tokyo_42282_temporal_spatial,42282,core,temporal_spatial,1,2018_852463__event_001,NEXT,2018_852463__event_002,True,2,False
tokyo_42282_temporal_spatial,42282,core,temporal_spatial,2,2018_852463__event_002,SELF,2018_852463__event_002,False,,False
tokyo_42282_temporal_spatial,42282,core,temporal_spatial,2,2018_852463__event_002,PREVIOUS,2018_852463__event_001,False,,False
tokyo_42282_temporal_spatial,42282,core,temporal_spatial,3,2018_852454__event_004,SELF,2018_852454__event_004,True,3,False
tokyo_42282_temporal_spatial,42282,core,temporal_spatial,3,2018_852454__event_004,PREVIOUS,2018_852454__event_003,True,4,False
tokyo_42282_temporal_spatial,42282,core,temporal_spatial,4,2018_852427__event_002,SELF,2018_852427__event_002,True,5,False
tokyo_42282_temporal_spatial,42282,core,temporal_spatial,4,2018_852427__event_002,PREVIOUS,2018_852427__event_001,True,6,False
tokyo_42282_temporal_spatial,42282,core,temporal_spatial,5,2018_852454__event_003,SELF,2018_852454__event_003,False,,False
tokyo_42282_temporal_spatial,42282,core,temporal_spatial,5,2018_852454__event_003,PREVIOUS,2018_852454__event_002,True,7,False
tokyo_42282_temporal_spatial,42282,core,temporal_spatial,5,2018_852454__event_003,NEXT,2018_852454__event_004,False,,False
tokyo_44616_relational_after,44616,core,relational_after,1,2018_895859__event_002,SELF,2018_895859__event_002,True,1,False
tokyo_44616_relational_after,44616,core,relational_after,1,2018_895859__event_002,PREVIOUS,2018_895859__event_001,True,2,False
tokyo_44616_relational_after,44616,core,relational_after,1,2018_895859__event_002,NEXT,2018_895859__event_003,True,3,False
tokyo_44616_relational_after,44616,core,relational_after,2,2018_895859__event_001,SELF,2018_895859__event_001,False,,False
tokyo_44616_relational_after,44616,core,relational_after,2,2018_895859__event_001,NEXT,2018_895859__event_002,False,,False
tokyo_44616_relational_after,44616,core,relational_after,3,2018_895859__event_003,SELF,2018_895859__event_003,False,,False
tokyo_44616_relational_after,44616,core,relational_after,3,2018_895859__event_003,PREVIOUS,2018_895859__event_002,False,,False
tokyo_44616_relational_after,44616,core,relational_after,3,2018_895859__event_003,NEXT,2018_895859__event_004,True,4,False
tokyo_44616_relational_after,44616,core,relational_after,4,2018_895858__event_003,SELF,2018_895858__event_003,True,5,False
tokyo_44616_relational_after,44616,core,relational_after,4,2018_895858__event_003,PREVIOUS,2018_895858__event_002,True,6,False
tokyo_44616_relational_after,44616,core,relational_after,5,2018_895858__event_002,SELF,2018_895858__event_002,False,,False
tokyo_44616_relational_after,44616,core,relational_after,5,2018_895858__event_002,PREVIOUS,2018_895858__event_001,True,7,False
tokyo_44616_relational_after,44616,core,relational_after,5,2018_895858__event_002,NEXT,2018_895858__event_003,False,,False
tokyo_44616_semantic,44616,core,semantic,1,2018_895850__event_003,SELF,2018_895850__event_003,True,1,False
tokyo_44616_semantic,44616,core,semantic,1,2018_895850__event_003,PREVIOUS,2018_895850__event_002,True,2,False
tokyo_44616_semantic,44616,core,semantic,1,2018_895850__event_003,NEXT,2018_895850__event_004,True,3,False
tokyo_44616_semantic,44616,core,semantic,2,2018_895859__event_005,SELF,2018_895859__event_005,True,4,False
tokyo_44616_semantic,44616,core,semantic,2,2018_895859__event_005,PREVIOUS,2018_895859__event_004,True,5,False
tokyo_44616_semantic,44616,core,semantic,3,2018_895860__event_002,SELF,2018_895860__event_002,True,6,False
tokyo_44616_semantic,44616,core,semantic,3,2018_895860__event_002,PREVIOUS,2018_895860__event_001,True,7,False
tokyo_44616_semantic,44616,core,semantic,3,2018_895860__event_002,NEXT,2018_895860__event_003,True,8,False
tokyo_44616_semantic,44616,core,semantic,4,2018_895850__event_004,SELF,2018_895850__event_004,False,,False
tokyo_44616_semantic,44616,core,semantic,4,2018_895850__event_004,PREVIOUS,2018_895850__event_003,False,,False
tokyo_44616_semantic,44616,core,semantic,5,2018_895860__event_001,SELF,2018_895860__event_001,False,,False
tokyo_44616_semantic,44616,core,semantic,5,2018_895860__event_001,NEXT,2018_895860__event_002,False,,False
tokyo_44616_temporal_spatial,44616,core,temporal_spatial,1,2018_895852__event_004,SELF,2018_895852__event_004,True,1,False
tokyo_44616_temporal_spatial,44616,core,temporal_spatial,1,2018_895852__event_004,PREVIOUS,2018_895852__event_003,True,2,False
tokyo_44616_temporal_spatial,44616,core,temporal_spatial,1,2018_895852__event_004,NEXT,2018_895852__event_005,True,3,False
tokyo_44616_temporal_spatial,44616,core,temporal_spatial,2,2018_895862__event_003,SELF,2018_895862__event_003,True,4,False
tokyo_44616_temporal_spatial,44616,core,temporal_spatial,2,2018_895862__event_003,PREVIOUS,2018_895862__event_002,True,5,False
tokyo_44616_temporal_spatial,44616,core,temporal_spatial,3,2018_895855__event_004,SELF,2018_895855__event_004,True,6,False
tokyo_44616_temporal_spatial,44616,core,temporal_spatial,3,2018_895855__event_004,PREVIOUS,2018_895855__event_003,True,7,False
tokyo_44616_temporal_spatial,44616,core,temporal_spatial,4,2018_895860__event_003,SELF,2018_895860__event_003,True,8,False
tokyo_44616_temporal_spatial,44616,core,temporal_spatial,4,2018_895860__event_003,PREVIOUS,2018_895860__event_002,True,9,False
tokyo_44616_temporal_spatial,44616,core,temporal_spatial,5,2018_895852__event_005,SELF,2018_895852__event_005,False,,False
tokyo_44616_temporal_spatial,44616,core,temporal_spatial,5,2018_895852__event_005,PREVIOUS,2018_895852__event_004,False,,False
tokyo_44616_temporal_spatial,44616,core,temporal_spatial,5,2018_895852__event_005,NEXT,2018_895852__event_006,True,10,False
tokyo_45189_relational_after,45189,core,relational_after,1,2018_907314__event_003,SELF,2018_907314__event_003,True,1,False
tokyo_45189_relational_after,45189,core,relational_after,1,2018_907314__event_003,PREVIOUS,2018_907314__event_002,True,2,False
tokyo_45189_relational_after,45189,core,relational_after,2,2018_907314__event_002,SELF,2018_907314__event_002,False,,False
tokyo_45189_relational_after,45189,core,relational_after,2,2018_907314__event_002,PREVIOUS,2018_907314__event_001,True,3,False
tokyo_45189_relational_after,45189,core,relational_after,2,2018_907314__event_002,NEXT,2018_907314__event_003,False,,False
tokyo_45189_relational_after,45189,core,relational_after,3,2018_907314__event_001,SELF,2018_907314__event_001,False,,False
tokyo_45189_relational_after,45189,core,relational_after,3,2018_907314__event_001,NEXT,2018_907314__event_002,False,,False
tokyo_45189_relational_after,45189,core,relational_after,4,2018_907304__event_002,SELF,2018_907304__event_002,True,4,False
tokyo_45189_relational_after,45189,core,relational_after,4,2018_907304__event_002,PREVIOUS,2018_907304__event_001,True,5,False
tokyo_45189_relational_after,45189,core,relational_after,5,2018_907321__event_001,SELF,2018_907321__event_001,True,6,False
tokyo_45189_relational_after,45189,core,relational_after,5,2018_907321__event_001,NEXT,2018_907321__event_002,True,7,False
tokyo_45189_semantic,45189,core,semantic,1,2018_907312__event_002,SELF,2018_907312__event_002,True,1,False
tokyo_45189_semantic,45189,core,semantic,1,2018_907312__event_002,PREVIOUS,2018_907312__event_001,True,2,False
tokyo_45189_semantic,45189,core,semantic,1,2018_907312__event_002,NEXT,2018_907312__event_003,True,3,False
tokyo_45189_semantic,45189,core,semantic,2,2018_907301__event_002,SELF,2018_907301__event_002,True,4,False
tokyo_45189_semantic,45189,core,semantic,2,2018_907301__event_002,PREVIOUS,2018_907301__event_001,True,5,False
tokyo_45189_semantic,45189,core,semantic,3,2018_907312__event_001,SELF,2018_907312__event_001,False,,False
tokyo_45189_semantic,45189,core,semantic,3,2018_907312__event_001,NEXT,2018_907312__event_002,False,,False
tokyo_45189_semantic,45189,core,semantic,4,2018_907313__event_001,SELF,2018_907313__event_001,True,6,False
tokyo_45189_semantic,45189,core,semantic,4,2018_907313__event_001,NEXT,2018_907313__event_002,True,7,False
tokyo_45189_semantic,45189,core,semantic,5,2018_907312__event_003,SELF,2018_907312__event_003,False,,False
tokyo_45189_semantic,45189,core,semantic,5,2018_907312__event_003,PREVIOUS,2018_907312__event_002,False,,False
tokyo_45189_temporal_spatial,45189,core,temporal_spatial,1,2018_907321__event_001,SELF,2018_907321__event_001,True,1,False
tokyo_45189_temporal_spatial,45189,core,temporal_spatial,1,2018_907321__event_001,NEXT,2018_907321__event_002,True,2,False
tokyo_45189_temporal_spatial,45189,core,temporal_spatial,2,2018_907304__event_002,SELF,2018_907304__event_002,True,3,False
tokyo_45189_temporal_spatial,45189,core,temporal_spatial,2,2018_907304__event_002,PREVIOUS,2018_907304__event_001,True,4,False
tokyo_45189_temporal_spatial,45189,core,temporal_spatial,3,2018_907314__event_003,SELF,2018_907314__event_003,True,5,False
tokyo_45189_temporal_spatial,45189,core,temporal_spatial,3,2018_907314__event_003,PREVIOUS,2018_907314__event_002,True,6,False
tokyo_45189_temporal_spatial,45189,core,temporal_spatial,4,2018_907313__event_002,SELF,2018_907313__event_002,True,7,False
tokyo_45189_temporal_spatial,45189,core,temporal_spatial,4,2018_907313__event_002,PREVIOUS,2018_907313__event_001,True,8,False
tokyo_45189_temporal_spatial,45189,core,temporal_spatial,4,2018_907313__event_002,NEXT,2018_907313__event_003,True,9,False
tokyo_45189_temporal_spatial,45189,core,temporal_spatial,5,2018_907313__event_001,SELF,2018_907313__event_001,False,,False
tokyo_45189_temporal_spatial,45189,core,temporal_spatial,5,2018_907313__event_001,NEXT,2018_907313__event_002,False,,False
tokyo_45205_relational_after,45205,core,relational_after,1,2018_907560__event_003,SELF,2018_907560__event_003,True,1,True
tokyo_45205_relational_after,45205,core,relational_after,1,2018_907560__event_003,PREVIOUS,2018_907560__event_002,True,2,True
tokyo_45205_relational_after,45205,core,relational_after,1,2018_907560__event_003,NEXT,2018_907560__event_004,True,3,True
tokyo_45205_relational_after,45205,core,relational_after,2,2018_907479__event_002,SELF,2018_907479__event_002,True,4,True
tokyo_45205_relational_after,45205,core,relational_after,2,2018_907479__event_002,PREVIOUS,2018_907479__event_001,True,5,True
tokyo_45205_relational_after,45205,core,relational_after,2,2018_907479__event_002,NEXT,2018_907479__event_003,True,6,True
tokyo_45205_relational_after,45205,core,relational_after,3,2018_907559__event_001,SELF,2018_907559__event_001,True,7,True
tokyo_45205_relational_after,45205,core,relational_after,3,2018_907559__event_001,NEXT,2018_907559__event_002,True,8,True
tokyo_45205_relational_after,45205,core,relational_after,4,2018_907468__event_002,SELF,2018_907468__event_002,True,9,True
tokyo_45205_relational_after,45205,core,relational_after,4,2018_907468__event_002,PREVIOUS,2018_907468__event_001,True,10,True
tokyo_45205_relational_after,45205,core,relational_after,5,2018_907549__event_001,SELF,2018_907549__event_001,True,11,True
tokyo_45205_relational_after,45205,core,relational_after,5,2018_907549__event_001,NEXT,2018_907549__event_002,True,12,True
tokyo_45205_semantic,45205,core,semantic,1,2018_907576__event_001,SELF,2018_907576__event_001,True,1,True
tokyo_45205_semantic,45205,core,semantic,1,2018_907576__event_001,NEXT,2018_907576__event_002,True,2,True
tokyo_45205_semantic,45205,core,semantic,2,2018_907520__event_001,SELF,2018_907520__event_001,True,3,True
tokyo_45205_semantic,45205,core,semantic,2,2018_907520__event_001,NEXT,2018_907520__event_002,True,4,True
tokyo_45205_semantic,45205,core,semantic,3,2018_907508__event_002,SELF,2018_907508__event_002,True,5,True
tokyo_45205_semantic,45205,core,semantic,3,2018_907508__event_002,PREVIOUS,2018_907508__event_001,True,6,True
tokyo_45205_semantic,45205,core,semantic,4,2018_907560__event_001,SELF,2018_907560__event_001,True,7,True
tokyo_45205_semantic,45205,core,semantic,4,2018_907560__event_001,NEXT,2018_907560__event_002,True,8,True
tokyo_45205_semantic,45205,core,semantic,5,2018_907508__event_001,SELF,2018_907508__event_001,False,,True
tokyo_45205_semantic,45205,core,semantic,5,2018_907508__event_001,NEXT,2018_907508__event_002,False,,True
tokyo_45205_temporal_spatial,45205,core,temporal_spatial,1,2018_907479__event_003,SELF,2018_907479__event_003,True,1,True
tokyo_45205_temporal_spatial,45205,core,temporal_spatial,1,2018_907479__event_003,PREVIOUS,2018_907479__event_002,True,2,True
tokyo_45205_temporal_spatial,45205,core,temporal_spatial,2,2018_907522__event_002,SELF,2018_907522__event_002,True,3,True
tokyo_45205_temporal_spatial,45205,core,temporal_spatial,2,2018_907522__event_002,PREVIOUS,2018_907522__event_001,True,4,True
tokyo_45205_temporal_spatial,45205,core,temporal_spatial,3,2018_907559__event_006,SELF,2018_907559__event_006,True,5,True
tokyo_45205_temporal_spatial,45205,core,temporal_spatial,3,2018_907559__event_006,PREVIOUS,2018_907559__event_005,True,6,True
tokyo_45205_temporal_spatial,45205,core,temporal_spatial,4,2018_907478__event_002,SELF,2018_907478__event_002,True,7,True
tokyo_45205_temporal_spatial,45205,core,temporal_spatial,4,2018_907478__event_002,PREVIOUS,2018_907478__event_001,True,8,True
tokyo_45205_temporal_spatial,45205,core,temporal_spatial,5,2018_907488__event_001,SELF,2018_907488__event_001,True,9,True
tokyo_45205_temporal_spatial,45205,core,temporal_spatial,5,2018_907488__event_001,NEXT,2018_907488__event_002,True,10,True
tokyo_50046_relational_after,50046,core,relational_after,1,2018_1003995__event_001,SELF,2018_1003995__event_001,True,1,True
tokyo_50046_relational_after,50046,core,relational_after,1,2018_1003995__event_001,NEXT,2018_1003995__event_002,True,2,True
tokyo_50046_relational_after,50046,core,relational_after,2,2018_1004059__event_001,SELF,2018_1004059__event_001,True,3,True
tokyo_50046_relational_after,50046,core,relational_after,2,2018_1004059__event_001,NEXT,2018_1004059__event_002,True,4,True
tokyo_50046_relational_after,50046,core,relational_after,3,2018_1003981__event_002,SELF,2018_1003981__event_002,True,5,True
tokyo_50046_relational_after,50046,core,relational_after,3,2018_1003981__event_002,PREVIOUS,2018_1003981__event_001,True,6,True
tokyo_50046_relational_after,50046,core,relational_after,4,2018_1004059__event_002,SELF,2018_1004059__event_002,False,,True
tokyo_50046_relational_after,50046,core,relational_after,4,2018_1004059__event_002,PREVIOUS,2018_1004059__event_001,False,,True
tokyo_50046_relational_after,50046,core,relational_after,4,2018_1004059__event_002,NEXT,2018_1004059__event_003,True,7,True
tokyo_50046_relational_after,50046,core,relational_after,5,2018_1003981__event_001,SELF,2018_1003981__event_001,False,,True
tokyo_50046_relational_after,50046,core,relational_after,5,2018_1003981__event_001,NEXT,2018_1003981__event_002,False,,True
tokyo_50046_semantic,50046,core,semantic,1,2018_1003971__event_002,SELF,2018_1003971__event_002,True,1,True
tokyo_50046_semantic,50046,core,semantic,1,2018_1003971__event_002,PREVIOUS,2018_1003971__event_001,True,2,True
tokyo_50046_semantic,50046,core,semantic,2,2018_1004026__event_002,SELF,2018_1004026__event_002,True,3,True
tokyo_50046_semantic,50046,core,semantic,2,2018_1004026__event_002,PREVIOUS,2018_1004026__event_001,True,4,True
tokyo_50046_semantic,50046,core,semantic,3,2018_1004013__event_001,SELF,2018_1004013__event_001,True,5,True
tokyo_50046_semantic,50046,core,semantic,3,2018_1004013__event_001,NEXT,2018_1004013__event_002,True,6,True
tokyo_50046_semantic,50046,core,semantic,4,2018_1004013__event_002,SELF,2018_1004013__event_002,False,,True
tokyo_50046_semantic,50046,core,semantic,4,2018_1004013__event_002,PREVIOUS,2018_1004013__event_001,False,,True
tokyo_50046_semantic,50046,core,semantic,5,2018_1003982__event_002,SELF,2018_1003982__event_002,True,7,True
tokyo_50046_semantic,50046,core,semantic,5,2018_1003982__event_002,PREVIOUS,2018_1003982__event_001,True,8,True
tokyo_50046_temporal_spatial,50046,core,temporal_spatial,1,2018_1004028__event_001,SELF,2018_1004028__event_001,True,1,True
tokyo_50046_temporal_spatial,50046,core,temporal_spatial,1,2018_1004028__event_001,NEXT,2018_1004028__event_002,True,2,True
tokyo_50046_temporal_spatial,50046,core,temporal_spatial,2,2018_1003982__event_002,SELF,2018_1003982__event_002,True,3,True
tokyo_50046_temporal_spatial,50046,core,temporal_spatial,2,2018_1003982__event_002,PREVIOUS,2018_1003982__event_001,True,4,True
tokyo_50046_temporal_spatial,50046,core,temporal_spatial,3,2018_1004024__event_001,SELF,2018_1004024__event_001,True,5,True
tokyo_50046_temporal_spatial,50046,core,temporal_spatial,3,2018_1004024__event_001,NEXT,2018_1004024__event_002,True,6,True
tokyo_50046_temporal_spatial,50046,core,temporal_spatial,4,2018_1004059__event_001,SELF,2018_1004059__event_001,True,7,True
tokyo_50046_temporal_spatial,50046,core,temporal_spatial,4,2018_1004059__event_001,NEXT,2018_1004059__event_002,True,8,True
tokyo_50046_temporal_spatial,50046,core,temporal_spatial,5,2018_1004003__event_002,SELF,2018_1004003__event_002,True,9,True
tokyo_50046_temporal_spatial,50046,core,temporal_spatial,5,2018_1004003__event_002,PREVIOUS,2018_1004003__event_001,True,10,True
tokyo_51031_relational_after,51031,core,relational_after,1,2018_1023518__event_001,SELF,2018_1023518__event_001,True,1,True
tokyo_51031_relational_after,51031,core,relational_after,1,2018_1023518__event_001,NEXT,2018_1023518__event_002,True,2,True
tokyo_51031_relational_after,51031,core,relational_after,2,2018_1023518__event_002,SELF,2018_1023518__event_002,False,,True
tokyo_51031_relational_after,51031,core,relational_after,2,2018_1023518__event_002,PREVIOUS,2018_1023518__event_001,False,,True
tokyo_51031_relational_after,51031,core,relational_after,2,2018_1023518__event_002,NEXT,2018_1023518__event_003,True,3,True
tokyo_51031_relational_after,51031,core,relational_after,3,2018_1023518__event_003,SELF,2018_1023518__event_003,False,,True
tokyo_51031_relational_after,51031,core,relational_after,3,2018_1023518__event_003,PREVIOUS,2018_1023518__event_002,False,,True
tokyo_51031_relational_after,51031,core,relational_after,4,2018_1023537__event_002,SELF,2018_1023537__event_002,True,4,True
tokyo_51031_relational_after,51031,core,relational_after,4,2018_1023537__event_002,PREVIOUS,2018_1023537__event_001,True,5,True
tokyo_51031_relational_after,51031,core,relational_after,4,2018_1023537__event_002,NEXT,2018_1023537__event_003,True,6,True
tokyo_51031_relational_after,51031,core,relational_after,5,2018_1023533__event_002,SELF,2018_1023533__event_002,True,7,True
tokyo_51031_relational_after,51031,core,relational_after,5,2018_1023533__event_002,PREVIOUS,2018_1023533__event_001,True,8,True
tokyo_51031_relational_after,51031,core,relational_after,5,2018_1023533__event_002,NEXT,2018_1023533__event_003,True,9,True
tokyo_51031_semantic,51031,core,semantic,1,2018_1023533__event_001,SELF,2018_1023533__event_001,True,1,True
tokyo_51031_semantic,51031,core,semantic,1,2018_1023533__event_001,NEXT,2018_1023533__event_002,True,2,True
tokyo_51031_semantic,51031,core,semantic,2,2018_1023533__event_002,SELF,2018_1023533__event_002,False,,True
tokyo_51031_semantic,51031,core,semantic,2,2018_1023533__event_002,PREVIOUS,2018_1023533__event_001,False,,True
tokyo_51031_semantic,51031,core,semantic,2,2018_1023533__event_002,NEXT,2018_1023533__event_003,True,3,True
tokyo_51031_semantic,51031,core,semantic,3,2018_1023541__event_001,SELF,2018_1023541__event_001,True,4,True
tokyo_51031_semantic,51031,core,semantic,3,2018_1023541__event_001,NEXT,2018_1023541__event_002,True,5,True
tokyo_51031_semantic,51031,core,semantic,4,2018_1023524__event_001,SELF,2018_1023524__event_001,True,6,True
tokyo_51031_semantic,51031,core,semantic,4,2018_1023524__event_001,NEXT,2018_1023524__event_002,True,7,True
tokyo_51031_semantic,51031,core,semantic,5,2018_1023527__event_002,SELF,2018_1023527__event_002,True,8,True
tokyo_51031_semantic,51031,core,semantic,5,2018_1023527__event_002,PREVIOUS,2018_1023527__event_001,True,9,True
tokyo_51031_temporal_spatial,51031,core,temporal_spatial,1,2018_1023533__event_003,SELF,2018_1023533__event_003,True,1,True
tokyo_51031_temporal_spatial,51031,core,temporal_spatial,1,2018_1023533__event_003,PREVIOUS,2018_1023533__event_002,True,2,True
tokyo_51031_temporal_spatial,51031,core,temporal_spatial,2,2018_1023522__event_001,SELF,2018_1023522__event_001,True,3,True
tokyo_51031_temporal_spatial,51031,core,temporal_spatial,2,2018_1023522__event_001,NEXT,2018_1023522__event_002,True,4,True
tokyo_51031_temporal_spatial,51031,core,temporal_spatial,3,2018_1023540__event_001,SELF,2018_1023540__event_001,True,5,True
tokyo_51031_temporal_spatial,51031,core,temporal_spatial,3,2018_1023540__event_001,NEXT,2018_1023540__event_002,True,6,True
tokyo_51031_temporal_spatial,51031,core,temporal_spatial,4,2018_1023521__event_001,SELF,2018_1023521__event_001,True,7,True
tokyo_51031_temporal_spatial,51031,core,temporal_spatial,4,2018_1023521__event_001,NEXT,2018_1023521__event_002,True,8,True
tokyo_51031_temporal_spatial,51031,core,temporal_spatial,5,2018_1023519__event_001,SELF,2018_1023519__event_001,True,9,True
tokyo_51031_temporal_spatial,51031,core,temporal_spatial,5,2018_1023519__event_001,NEXT,2018_1023519__event_002,True,10,True
tokyo_51516_relational_after,51516,core,relational_after,1,2018_1033040__event_001,SELF,2018_1033040__event_001,True,1,False
tokyo_51516_relational_after,51516,core,relational_after,1,2018_1033040__event_001,NEXT,2018_1033040__event_002,True,2,False
tokyo_51516_relational_after,51516,core,relational_after,2,2018_1033040__event_002,SELF,2018_1033040__event_002,False,,False
tokyo_51516_relational_after,51516,core,relational_after,2,2018_1033040__event_002,PREVIOUS,2018_1033040__event_001,False,,False
tokyo_51516_relational_after,51516,core,relational_after,3,2018_1033058__event_001,SELF,2018_1033058__event_001,True,3,False
tokyo_51516_relational_after,51516,core,relational_after,3,2018_1033058__event_001,NEXT,2018_1033058__event_002,True,4,False
tokyo_51516_relational_after,51516,core,relational_after,4,2018_1033029__event_001,SELF,2018_1033029__event_001,True,5,False
tokyo_51516_relational_after,51516,core,relational_after,4,2018_1033029__event_001,NEXT,2018_1033029__event_002,True,6,False
tokyo_51516_relational_after,51516,core,relational_after,5,2018_1033029__event_002,SELF,2018_1033029__event_002,False,,False
tokyo_51516_relational_after,51516,core,relational_after,5,2018_1033029__event_002,PREVIOUS,2018_1033029__event_001,False,,False
tokyo_51516_relational_after,51516,core,relational_after,5,2018_1033029__event_002,NEXT,2018_1033029__event_003,True,7,False
tokyo_51516_semantic,51516,core,semantic,1,2018_1033014__event_002,SELF,2018_1033014__event_002,True,1,False
tokyo_51516_semantic,51516,core,semantic,1,2018_1033014__event_002,PREVIOUS,2018_1033014__event_001,True,2,False
tokyo_51516_semantic,51516,core,semantic,1,2018_1033014__event_002,NEXT,2018_1033014__event_003,True,3,False
tokyo_51516_semantic,51516,core,semantic,2,2018_1033007__event_001,SELF,2018_1033007__event_001,True,4,False
tokyo_51516_semantic,51516,core,semantic,2,2018_1033007__event_001,NEXT,2018_1033007__event_002,True,5,False
tokyo_51516_semantic,51516,core,semantic,3,2018_1033029__event_003,SELF,2018_1033029__event_003,True,6,False
tokyo_51516_semantic,51516,core,semantic,3,2018_1033029__event_003,PREVIOUS,2018_1033029__event_002,True,7,False
tokyo_51516_semantic,51516,core,semantic,4,2018_1033014__event_003,SELF,2018_1033014__event_003,False,,False
tokyo_51516_semantic,51516,core,semantic,4,2018_1033014__event_003,PREVIOUS,2018_1033014__event_002,False,,False
tokyo_51516_semantic,51516,core,semantic,5,2018_1033115__event_002,SELF,2018_1033115__event_002,True,8,False
tokyo_51516_semantic,51516,core,semantic,5,2018_1033115__event_002,PREVIOUS,2018_1033115__event_001,True,9,False
tokyo_51516_temporal_spatial,51516,core,temporal_spatial,1,2018_1033064__event_001,SELF,2018_1033064__event_001,True,1,False
tokyo_51516_temporal_spatial,51516,core,temporal_spatial,1,2018_1033064__event_001,NEXT,2018_1033064__event_002,True,2,False
tokyo_51516_temporal_spatial,51516,core,temporal_spatial,2,2018_1033126__event_001,SELF,2018_1033126__event_001,True,3,False
tokyo_51516_temporal_spatial,51516,core,temporal_spatial,2,2018_1033126__event_001,NEXT,2018_1033126__event_002,True,4,False
tokyo_51516_temporal_spatial,51516,core,temporal_spatial,3,2018_1033114__event_001,SELF,2018_1033114__event_001,True,5,False
tokyo_51516_temporal_spatial,51516,core,temporal_spatial,3,2018_1033114__event_001,NEXT,2018_1033114__event_002,True,6,False
tokyo_51516_temporal_spatial,51516,core,temporal_spatial,4,2018_1033096__event_001,SELF,2018_1033096__event_001,True,7,False
tokyo_51516_temporal_spatial,51516,core,temporal_spatial,4,2018_1033096__event_001,NEXT,2018_1033096__event_002,True,8,False
tokyo_51516_temporal_spatial,51516,core,temporal_spatial,5,2018_1033044__event_001,SELF,2018_1033044__event_001,True,9,False
tokyo_51516_temporal_spatial,51516,core,temporal_spatial,5,2018_1033044__event_001,NEXT,2018_1033044__event_002,True,10,False
tokyo_52894_relational_after,52894,core,relational_after,1,2018_1058960__event_001,SELF,2018_1058960__event_001,True,1,False
tokyo_52894_relational_after,52894,core,relational_after,1,2018_1058960__event_001,NEXT,2018_1058960__event_002,True,2,False
tokyo_52894_relational_after,52894,core,relational_after,2,2018_1058960__event_002,SELF,2018_1058960__event_002,False,,False
tokyo_52894_relational_after,52894,core,relational_after,2,2018_1058960__event_002,PREVIOUS,2018_1058960__event_001,False,,False
tokyo_52894_relational_after,52894,core,relational_after,2,2018_1058960__event_002,NEXT,2018_1058960__event_003,True,3,False
tokyo_52894_relational_after,52894,core,relational_after,3,2018_1058980__event_001,SELF,2018_1058980__event_001,True,4,False
tokyo_52894_relational_after,52894,core,relational_after,3,2018_1058980__event_001,NEXT,2018_1058980__event_002,True,5,False
tokyo_52894_relational_after,52894,core,relational_after,4,2018_1058960__event_003,SELF,2018_1058960__event_003,False,,False
tokyo_52894_relational_after,52894,core,relational_after,4,2018_1058960__event_003,PREVIOUS,2018_1058960__event_002,False,,False
tokyo_52894_relational_after,52894,core,relational_after,4,2018_1058960__event_003,NEXT,2018_1058960__event_004,True,6,False
tokyo_52894_relational_after,52894,core,relational_after,5,2018_1058980__event_002,SELF,2018_1058980__event_002,False,,False
tokyo_52894_relational_after,52894,core,relational_after,5,2018_1058980__event_002,PREVIOUS,2018_1058980__event_001,False,,False
tokyo_52894_semantic,52894,core,semantic,1,2018_1058963__event_001,SELF,2018_1058963__event_001,True,1,False
tokyo_52894_semantic,52894,core,semantic,1,2018_1058963__event_001,NEXT,2018_1058963__event_002,True,2,False
tokyo_52894_semantic,52894,core,semantic,2,2018_1058986__event_002,SELF,2018_1058986__event_002,True,3,False
tokyo_52894_semantic,52894,core,semantic,2,2018_1058986__event_002,PREVIOUS,2018_1058986__event_001,True,4,False
tokyo_52894_semantic,52894,core,semantic,2,2018_1058986__event_002,NEXT,2018_1058986__event_003,True,5,False
tokyo_52894_semantic,52894,core,semantic,3,2018_1058965__event_001,SELF,2018_1058965__event_001,True,6,False
tokyo_52894_semantic,52894,core,semantic,3,2018_1058965__event_001,NEXT,2018_1058965__event_002,True,7,False
tokyo_52894_semantic,52894,core,semantic,4,2018_1058982__event_001,SELF,2018_1058982__event_001,True,8,False
tokyo_52894_semantic,52894,core,semantic,4,2018_1058982__event_001,NEXT,2018_1058982__event_002,True,9,False
tokyo_52894_semantic,52894,core,semantic,5,2018_1058972__event_001,SELF,2018_1058972__event_001,True,10,False
tokyo_52894_semantic,52894,core,semantic,5,2018_1058972__event_001,NEXT,2018_1058972__event_002,True,11,False
tokyo_52894_temporal_spatial,52894,core,temporal_spatial,1,2018_1058964__event_002,SELF,2018_1058964__event_002,True,1,False
tokyo_52894_temporal_spatial,52894,core,temporal_spatial,1,2018_1058964__event_002,PREVIOUS,2018_1058964__event_001,True,2,False
tokyo_52894_temporal_spatial,52894,core,temporal_spatial,1,2018_1058964__event_002,NEXT,2018_1058964__event_003,True,3,False
tokyo_52894_temporal_spatial,52894,core,temporal_spatial,2,2018_1058986__event_002,SELF,2018_1058986__event_002,True,4,False
tokyo_52894_temporal_spatial,52894,core,temporal_spatial,2,2018_1058986__event_002,PREVIOUS,2018_1058986__event_001,True,5,False
tokyo_52894_temporal_spatial,52894,core,temporal_spatial,2,2018_1058986__event_002,NEXT,2018_1058986__event_003,True,6,False
tokyo_52894_temporal_spatial,52894,core,temporal_spatial,3,2018_1058965__event_001,SELF,2018_1058965__event_001,True,7,False
tokyo_52894_temporal_spatial,52894,core,temporal_spatial,3,2018_1058965__event_001,NEXT,2018_1058965__event_002,True,8,False
tokyo_52894_temporal_spatial,52894,core,temporal_spatial,4,2018_1058972__event_001,SELF,2018_1058972__event_001,True,9,False
tokyo_52894_temporal_spatial,52894,core,temporal_spatial,4,2018_1058972__event_001,NEXT,2018_1058972__event_002,True,10,False
tokyo_52894_temporal_spatial,52894,core,temporal_spatial,5,2018_1058967__event_002,SELF,2018_1058967__event_002,True,11,False
tokyo_52894_temporal_spatial,52894,core,temporal_spatial,5,2018_1058967__event_002,PREVIOUS,2018_1058967__event_001,True,12,False
tokyo_53205_relational_after,53205,core,relational_after,1,2018_1065533__event_001,SELF,2018_1065533__event_001,True,1,False
tokyo_53205_relational_after,53205,core,relational_after,1,2018_1065533__event_001,NEXT,2018_1065533__event_002,True,2,False
tokyo_53205_relational_after,53205,core,relational_after,2,2018_1065516__event_001,SELF,2018_1065516__event_001,True,3,False
tokyo_53205_relational_after,53205,core,relational_after,2,2018_1065516__event_001,NEXT,2018_1065516__event_002,True,4,False
tokyo_53205_relational_after,53205,core,relational_after,3,2018_1065540__event_003,SELF,2018_1065540__event_003,True,5,False
tokyo_53205_relational_after,53205,core,relational_after,3,2018_1065540__event_003,PREVIOUS,2018_1065540__event_002,True,6,False
tokyo_53205_relational_after,53205,core,relational_after,4,2018_1065504__event_001,SELF,2018_1065504__event_001,True,7,False
tokyo_53205_relational_after,53205,core,relational_after,4,2018_1065504__event_001,NEXT,2018_1065504__event_002,True,8,False
tokyo_53205_relational_after,53205,core,relational_after,5,2018_1065531__event_001,SELF,2018_1065531__event_001,True,9,False
tokyo_53205_relational_after,53205,core,relational_after,5,2018_1065531__event_001,NEXT,2018_1065531__event_002,True,10,False
tokyo_53205_semantic,53205,core,semantic,1,2018_1065540__event_002,SELF,2018_1065540__event_002,True,1,False
tokyo_53205_semantic,53205,core,semantic,1,2018_1065540__event_002,PREVIOUS,2018_1065540__event_001,True,2,False
tokyo_53205_semantic,53205,core,semantic,1,2018_1065540__event_002,NEXT,2018_1065540__event_003,True,3,False
tokyo_53205_semantic,53205,core,semantic,2,2018_1065532__event_001,SELF,2018_1065532__event_001,True,4,False
tokyo_53205_semantic,53205,core,semantic,2,2018_1065532__event_001,NEXT,2018_1065532__event_002,True,5,False
tokyo_53205_semantic,53205,core,semantic,3,2018_1065501__event_001,SELF,2018_1065501__event_001,True,6,False
tokyo_53205_semantic,53205,core,semantic,3,2018_1065501__event_001,NEXT,2018_1065501__event_002,True,7,False
tokyo_53205_semantic,53205,core,semantic,4,2018_1065532__event_002,SELF,2018_1065532__event_002,False,,False
tokyo_53205_semantic,53205,core,semantic,4,2018_1065532__event_002,PREVIOUS,2018_1065532__event_001,False,,False
tokyo_53205_semantic,53205,core,semantic,4,2018_1065532__event_002,NEXT,2018_1065532__event_003,True,8,False
tokyo_53205_semantic,53205,core,semantic,5,2018_1065516__event_002,SELF,2018_1065516__event_002,True,9,False
tokyo_53205_semantic,53205,core,semantic,5,2018_1065516__event_002,PREVIOUS,2018_1065516__event_001,True,10,False
tokyo_53205_temporal_spatial,53205,core,temporal_spatial,1,2018_1065533__event_001,SELF,2018_1065533__event_001,True,1,False
tokyo_53205_temporal_spatial,53205,core,temporal_spatial,1,2018_1065533__event_001,NEXT,2018_1065533__event_002,True,2,False
tokyo_53205_temporal_spatial,53205,core,temporal_spatial,2,2018_1065531__event_001,SELF,2018_1065531__event_001,True,3,False
tokyo_53205_temporal_spatial,53205,core,temporal_spatial,2,2018_1065531__event_001,NEXT,2018_1065531__event_002,True,4,False
tokyo_53205_temporal_spatial,53205,core,temporal_spatial,3,2018_1065540__event_003,SELF,2018_1065540__event_003,True,5,False
tokyo_53205_temporal_spatial,53205,core,temporal_spatial,3,2018_1065540__event_003,PREVIOUS,2018_1065540__event_002,True,6,False
tokyo_53205_temporal_spatial,53205,core,temporal_spatial,4,2018_1065516__event_001,SELF,2018_1065516__event_001,True,7,False
tokyo_53205_temporal_spatial,53205,core,temporal_spatial,4,2018_1065516__event_001,NEXT,2018_1065516__event_002,True,8,False
tokyo_53205_temporal_spatial,53205,core,temporal_spatial,5,2018_1065530__event_002,SELF,2018_1065530__event_002,True,9,False
tokyo_53205_temporal_spatial,53205,core,temporal_spatial,5,2018_1065530__event_002,PREVIOUS,2018_1065530__event_001,True,10,False
tokyo_53205_temporal_spatial,53205,core,temporal_spatial,5,2018_1065530__event_002,NEXT,2018_1065530__event_003,True,11,False
tokyo_53405_relational_after,53405,core,relational_after,1,2018_1069059__event_003,SELF,2018_1069059__event_003,True,1,False
tokyo_53405_relational_after,53405,core,relational_after,1,2018_1069059__event_003,PREVIOUS,2018_1069059__event_002,True,2,False
tokyo_53405_relational_after,53405,core,relational_after,2,2018_1069059__event_002,SELF,2018_1069059__event_002,False,,False
tokyo_53405_relational_after,53405,core,relational_after,2,2018_1069059__event_002,PREVIOUS,2018_1069059__event_001,True,3,False
tokyo_53405_relational_after,53405,core,relational_after,2,2018_1069059__event_002,NEXT,2018_1069059__event_003,False,,False
tokyo_53405_relational_after,53405,core,relational_after,3,2018_1069067__event_002,SELF,2018_1069067__event_002,True,4,False
tokyo_53405_relational_after,53405,core,relational_after,3,2018_1069067__event_002,PREVIOUS,2018_1069067__event_001,True,5,False
tokyo_53405_relational_after,53405,core,relational_after,3,2018_1069067__event_002,NEXT,2018_1069067__event_003,True,6,False
tokyo_53405_relational_after,53405,core,relational_after,4,2018_1069059__event_001,SELF,2018_1069059__event_001,False,,False
tokyo_53405_relational_after,53405,core,relational_after,4,2018_1069059__event_001,NEXT,2018_1069059__event_002,False,,False
tokyo_53405_relational_after,53405,core,relational_after,5,2018_1069067__event_001,SELF,2018_1069067__event_001,False,,False
tokyo_53405_relational_after,53405,core,relational_after,5,2018_1069067__event_001,NEXT,2018_1069067__event_002,False,,False
tokyo_53405_semantic,53405,core,semantic,1,2018_1068990__event_002,SELF,2018_1068990__event_002,True,1,False
tokyo_53405_semantic,53405,core,semantic,1,2018_1068990__event_002,PREVIOUS,2018_1068990__event_001,True,2,False
tokyo_53405_semantic,53405,core,semantic,1,2018_1068990__event_002,NEXT,2018_1068990__event_003,True,3,False
tokyo_53405_semantic,53405,core,semantic,2,2018_1068990__event_001,SELF,2018_1068990__event_001,False,,False
tokyo_53405_semantic,53405,core,semantic,2,2018_1068990__event_001,NEXT,2018_1068990__event_002,False,,False
tokyo_53405_semantic,53405,core,semantic,3,2018_1068997__event_001,SELF,2018_1068997__event_001,True,4,False
tokyo_53405_semantic,53405,core,semantic,3,2018_1068997__event_001,NEXT,2018_1068997__event_002,True,5,False
tokyo_53405_semantic,53405,core,semantic,4,2018_1069024__event_002,SELF,2018_1069024__event_002,True,6,False
tokyo_53405_semantic,53405,core,semantic,4,2018_1069024__event_002,PREVIOUS,2018_1069024__event_001,True,7,False
tokyo_53405_semantic,53405,core,semantic,5,2018_1068997__event_002,SELF,2018_1068997__event_002,False,,False
tokyo_53405_semantic,53405,core,semantic,5,2018_1068997__event_002,PREVIOUS,2018_1068997__event_001,False,,False
tokyo_53405_temporal_spatial,53405,core,temporal_spatial,1,2018_1068997__event_001,SELF,2018_1068997__event_001,True,1,False
tokyo_53405_temporal_spatial,53405,core,temporal_spatial,1,2018_1068997__event_001,NEXT,2018_1068997__event_002,True,2,False
tokyo_53405_temporal_spatial,53405,core,temporal_spatial,2,2018_1068997__event_002,SELF,2018_1068997__event_002,False,,False
tokyo_53405_temporal_spatial,53405,core,temporal_spatial,2,2018_1068997__event_002,PREVIOUS,2018_1068997__event_001,False,,False
tokyo_53405_temporal_spatial,53405,core,temporal_spatial,3,2018_1069024__event_001,SELF,2018_1069024__event_001,True,3,False
tokyo_53405_temporal_spatial,53405,core,temporal_spatial,3,2018_1069024__event_001,NEXT,2018_1069024__event_002,True,4,False
tokyo_53405_temporal_spatial,53405,core,temporal_spatial,4,2018_1069001__event_002,SELF,2018_1069001__event_002,True,5,False
tokyo_53405_temporal_spatial,53405,core,temporal_spatial,4,2018_1069001__event_002,PREVIOUS,2018_1069001__event_001,True,6,False
tokyo_53405_temporal_spatial,53405,core,temporal_spatial,5,2018_1068990__event_003,SELF,2018_1068990__event_003,True,7,False
tokyo_53405_temporal_spatial,53405,core,temporal_spatial,5,2018_1068990__event_003,PREVIOUS,2018_1068990__event_002,True,8,False
tokyo_55985_relational_after,55985,core,relational_after,1,2018_1115816__event_002,SELF,2018_1115816__event_002,True,1,False
tokyo_55985_relational_after,55985,core,relational_after,1,2018_1115816__event_002,PREVIOUS,2018_1115816__event_001,True,2,False
tokyo_55985_relational_after,55985,core,relational_after,2,2018_1115816__event_001,SELF,2018_1115816__event_001,False,,False
tokyo_55985_relational_after,55985,core,relational_after,2,2018_1115816__event_001,NEXT,2018_1115816__event_002,False,,False
tokyo_55985_relational_after,55985,core,relational_after,3,2018_1115830__event_001,SELF,2018_1115830__event_001,True,3,False
tokyo_55985_relational_after,55985,core,relational_after,3,2018_1115830__event_001,NEXT,2018_1115830__event_002,True,4,False
tokyo_55985_relational_after,55985,core,relational_after,4,2018_1115810__event_002,SELF,2018_1115810__event_002,True,5,False
tokyo_55985_relational_after,55985,core,relational_after,4,2018_1115810__event_002,PREVIOUS,2018_1115810__event_001,True,6,False
tokyo_55985_relational_after,55985,core,relational_after,5,2018_1115811__event_002,SELF,2018_1115811__event_002,True,7,False
tokyo_55985_relational_after,55985,core,relational_after,5,2018_1115811__event_002,PREVIOUS,2018_1115811__event_001,True,8,False
tokyo_55985_relational_after,55985,core,relational_after,5,2018_1115811__event_002,NEXT,2018_1115811__event_003,True,9,False
tokyo_55985_semantic,55985,core,semantic,1,2018_1115814__event_001,SELF,2018_1115814__event_001,True,1,False
tokyo_55985_semantic,55985,core,semantic,1,2018_1115814__event_001,NEXT,2018_1115814__event_002,True,2,False
tokyo_55985_semantic,55985,core,semantic,2,2018_1115810__event_002,SELF,2018_1115810__event_002,True,3,False
tokyo_55985_semantic,55985,core,semantic,2,2018_1115810__event_002,PREVIOUS,2018_1115810__event_001,True,4,False
tokyo_55985_semantic,55985,core,semantic,3,2018_1115810__event_001,SELF,2018_1115810__event_001,False,,False
tokyo_55985_semantic,55985,core,semantic,3,2018_1115810__event_001,NEXT,2018_1115810__event_002,False,,False
tokyo_55985_semantic,55985,core,semantic,4,2018_1115820__event_002,SELF,2018_1115820__event_002,True,5,False
tokyo_55985_semantic,55985,core,semantic,4,2018_1115820__event_002,PREVIOUS,2018_1115820__event_001,True,6,False
tokyo_55985_semantic,55985,core,semantic,5,2018_1115830__event_002,SELF,2018_1115830__event_002,True,7,False
tokyo_55985_semantic,55985,core,semantic,5,2018_1115830__event_002,PREVIOUS,2018_1115830__event_001,True,8,False
tokyo_55985_temporal_spatial,55985,core,temporal_spatial,1,2018_1115818__event_001,SELF,2018_1115818__event_001,True,1,False
tokyo_55985_temporal_spatial,55985,core,temporal_spatial,1,2018_1115818__event_001,NEXT,2018_1115818__event_002,True,2,False
tokyo_55985_temporal_spatial,55985,core,temporal_spatial,2,2018_1115820__event_002,SELF,2018_1115820__event_002,True,3,False
tokyo_55985_temporal_spatial,55985,core,temporal_spatial,2,2018_1115820__event_002,PREVIOUS,2018_1115820__event_001,True,4,False
tokyo_55985_temporal_spatial,55985,core,temporal_spatial,3,2018_1115820__event_001,SELF,2018_1115820__event_001,False,,False
tokyo_55985_temporal_spatial,55985,core,temporal_spatial,3,2018_1115820__event_001,NEXT,2018_1115820__event_002,False,,False
tokyo_55985_temporal_spatial,55985,core,temporal_spatial,4,2018_1115830__event_002,SELF,2018_1115830__event_002,True,5,False
tokyo_55985_temporal_spatial,55985,core,temporal_spatial,4,2018_1115830__event_002,PREVIOUS,2018_1115830__event_001,True,6,False
tokyo_55985_temporal_spatial,55985,core,temporal_spatial,5,2018_1115830__event_001,SELF,2018_1115830__event_001,False,,False
tokyo_55985_temporal_spatial,55985,core,temporal_spatial,5,2018_1115830__event_001,NEXT,2018_1115830__event_002,False,,False
tokyo_59554_relational_after,59554,core,relational_after,1,2018_1176858__event_001,SELF,2018_1176858__event_001,True,1,False
tokyo_59554_relational_after,59554,core,relational_after,1,2018_1176858__event_001,NEXT,2018_1176858__event_002,True,2,False
tokyo_59554_relational_after,59554,core,relational_after,2,2018_1176879__event_001,SELF,2018_1176879__event_001,True,3,False
tokyo_59554_relational_after,59554,core,relational_after,2,2018_1176879__event_001,NEXT,2018_1176879__event_002,True,4,False
tokyo_59554_relational_after,59554,core,relational_after,3,2018_1176835__event_001,SELF,2018_1176835__event_001,True,5,False
tokyo_59554_relational_after,59554,core,relational_after,3,2018_1176835__event_001,NEXT,2018_1176835__event_002,True,6,False
tokyo_59554_relational_after,59554,core,relational_after,4,2018_1176901__event_001,SELF,2018_1176901__event_001,True,7,False
tokyo_59554_relational_after,59554,core,relational_after,4,2018_1176901__event_001,NEXT,2018_1176901__event_002,True,8,False
tokyo_59554_relational_after,59554,core,relational_after,5,2018_1176782__event_001,SELF,2018_1176782__event_001,True,9,False
tokyo_59554_relational_after,59554,core,relational_after,5,2018_1176782__event_001,NEXT,2018_1176782__event_002,True,10,False
tokyo_59554_semantic,59554,core,semantic,1,2018_1176853__event_001,SELF,2018_1176853__event_001,True,1,False
tokyo_59554_semantic,59554,core,semantic,1,2018_1176853__event_001,NEXT,2018_1176853__event_002,True,2,False
tokyo_59554_semantic,59554,core,semantic,2,2018_1176890__event_002,SELF,2018_1176890__event_002,True,3,False
tokyo_59554_semantic,59554,core,semantic,2,2018_1176890__event_002,PREVIOUS,2018_1176890__event_001,True,4,False
tokyo_59554_semantic,59554,core,semantic,3,2018_1176852__event_001,SELF,2018_1176852__event_001,True,5,False
tokyo_59554_semantic,59554,core,semantic,3,2018_1176852__event_001,NEXT,2018_1176852__event_002,True,6,False
tokyo_59554_semantic,59554,core,semantic,4,2018_1176901__event_001,SELF,2018_1176901__event_001,True,7,False
tokyo_59554_semantic,59554,core,semantic,4,2018_1176901__event_001,NEXT,2018_1176901__event_002,True,8,False
tokyo_59554_semantic,59554,core,semantic,5,2018_1176858__event_001,SELF,2018_1176858__event_001,True,9,False
tokyo_59554_semantic,59554,core,semantic,5,2018_1176858__event_001,NEXT,2018_1176858__event_002,True,10,False
tokyo_59554_temporal_spatial,59554,core,temporal_spatial,1,2018_1176879__event_002,SELF,2018_1176879__event_002,True,1,False
tokyo_59554_temporal_spatial,59554,core,temporal_spatial,1,2018_1176879__event_002,PREVIOUS,2018_1176879__event_001,True,2,False
tokyo_59554_temporal_spatial,59554,core,temporal_spatial,2,2018_1176829__event_002,SELF,2018_1176829__event_002,True,3,False
tokyo_59554_temporal_spatial,59554,core,temporal_spatial,2,2018_1176829__event_002,PREVIOUS,2018_1176829__event_001,True,4,False
tokyo_59554_temporal_spatial,59554,core,temporal_spatial,3,2018_1176858__event_002,SELF,2018_1176858__event_002,True,5,False
tokyo_59554_temporal_spatial,59554,core,temporal_spatial,3,2018_1176858__event_002,PREVIOUS,2018_1176858__event_001,True,6,False
tokyo_59554_temporal_spatial,59554,core,temporal_spatial,4,2018_1176901__event_002,SELF,2018_1176901__event_002,True,7,False
tokyo_59554_temporal_spatial,59554,core,temporal_spatial,4,2018_1176901__event_002,PREVIOUS,2018_1176901__event_001,True,8,False
tokyo_59554_temporal_spatial,59554,core,temporal_spatial,5,2018_1176835__event_002,SELF,2018_1176835__event_002,True,9,False
tokyo_59554_temporal_spatial,59554,core,temporal_spatial,5,2018_1176835__event_002,PREVIOUS,2018_1176835__event_001,True,10,False
tokyo_60393_relational_after,60393,core,relational_after,1,2018_1190515__event_002,SELF,2018_1190515__event_002,True,1,True
tokyo_60393_relational_after,60393,core,relational_after,1,2018_1190515__event_002,PREVIOUS,2018_1190515__event_001,True,2,True
tokyo_60393_relational_after,60393,core,relational_after,2,2018_1190515__event_001,SELF,2018_1190515__event_001,False,,True
tokyo_60393_relational_after,60393,core,relational_after,2,2018_1190515__event_001,NEXT,2018_1190515__event_002,False,,True
tokyo_60393_relational_after,60393,core,relational_after,3,2018_1190501__event_002,SELF,2018_1190501__event_002,True,3,True
tokyo_60393_relational_after,60393,core,relational_after,3,2018_1190501__event_002,PREVIOUS,2018_1190501__event_001,True,4,True
tokyo_60393_relational_after,60393,core,relational_after,4,2018_1190539__event_001,SELF,2018_1190539__event_001,True,5,True
tokyo_60393_relational_after,60393,core,relational_after,4,2018_1190539__event_001,NEXT,2018_1190539__event_002,True,6,True
tokyo_60393_relational_after,60393,core,relational_after,5,2018_1190499__event_005,SELF,2018_1190499__event_005,True,7,True
tokyo_60393_relational_after,60393,core,relational_after,5,2018_1190499__event_005,PREVIOUS,2018_1190499__event_004,True,8,True
tokyo_60393_relational_after,60393,core,relational_after,5,2018_1190499__event_005,NEXT,2018_1190499__event_006,True,9,True
tokyo_60393_semantic,60393,core,semantic,1,2018_1190539__event_009,SELF,2018_1190539__event_009,True,1,True
tokyo_60393_semantic,60393,core,semantic,1,2018_1190539__event_009,PREVIOUS,2018_1190539__event_008,True,2,True
tokyo_60393_semantic,60393,core,semantic,1,2018_1190539__event_009,NEXT,2018_1190539__event_010,True,3,True
tokyo_60393_semantic,60393,core,semantic,2,2018_1190532__event_003,SELF,2018_1190532__event_003,True,4,True
tokyo_60393_semantic,60393,core,semantic,2,2018_1190532__event_003,PREVIOUS,2018_1190532__event_002,True,5,True
tokyo_60393_semantic,60393,core,semantic,2,2018_1190532__event_003,NEXT,2018_1190532__event_004,True,6,True
tokyo_60393_semantic,60393,core,semantic,3,2018_1190549__event_004,SELF,2018_1190549__event_004,True,7,True
tokyo_60393_semantic,60393,core,semantic,3,2018_1190549__event_004,PREVIOUS,2018_1190549__event_003,True,8,True
tokyo_60393_semantic,60393,core,semantic,3,2018_1190549__event_004,NEXT,2018_1190549__event_005,True,9,True
tokyo_60393_semantic,60393,core,semantic,4,2018_1190480__event_001,SELF,2018_1190480__event_001,True,10,True
tokyo_60393_semantic,60393,core,semantic,4,2018_1190480__event_001,NEXT,2018_1190480__event_002,True,11,True
tokyo_60393_semantic,60393,core,semantic,5,2018_1190532__event_004,SELF,2018_1190532__event_004,False,,True
tokyo_60393_semantic,60393,core,semantic,5,2018_1190532__event_004,PREVIOUS,2018_1190532__event_003,False,,True
tokyo_60393_temporal_spatial,60393,core,temporal_spatial,1,2018_1190583__event_004,SELF,2018_1190583__event_004,True,1,True
tokyo_60393_temporal_spatial,60393,core,temporal_spatial,1,2018_1190583__event_004,PREVIOUS,2018_1190583__event_003,True,2,True
tokyo_60393_temporal_spatial,60393,core,temporal_spatial,2,2018_1190539__event_010,SELF,2018_1190539__event_010,True,3,True
tokyo_60393_temporal_spatial,60393,core,temporal_spatial,2,2018_1190539__event_010,PREVIOUS,2018_1190539__event_009,True,4,True
tokyo_60393_temporal_spatial,60393,core,temporal_spatial,2,2018_1190539__event_010,NEXT,2018_1190539__event_011,True,5,True
tokyo_60393_temporal_spatial,60393,core,temporal_spatial,3,2018_1190539__event_009,SELF,2018_1190539__event_009,False,,True
tokyo_60393_temporal_spatial,60393,core,temporal_spatial,3,2018_1190539__event_009,PREVIOUS,2018_1190539__event_008,True,6,True
tokyo_60393_temporal_spatial,60393,core,temporal_spatial,3,2018_1190539__event_009,NEXT,2018_1190539__event_010,False,,True
tokyo_60393_temporal_spatial,60393,core,temporal_spatial,4,2018_1190532__event_004,SELF,2018_1190532__event_004,True,7,True
tokyo_60393_temporal_spatial,60393,core,temporal_spatial,4,2018_1190532__event_004,PREVIOUS,2018_1190532__event_003,True,8,True
tokyo_60393_temporal_spatial,60393,core,temporal_spatial,5,2018_1190543__event_003,SELF,2018_1190543__event_003,True,9,True
tokyo_60393_temporal_spatial,60393,core,temporal_spatial,5,2018_1190543__event_003,PREVIOUS,2018_1190543__event_002,True,10,True
tokyo_60393_temporal_spatial,60393,core,temporal_spatial,5,2018_1190543__event_003,NEXT,2018_1190543__event_004,True,11,True
tokyo_70564_relational_after,70564,core,relational_after,1,2018_1332637__event_002,SELF,2018_1332637__event_002,True,1,True
tokyo_70564_relational_after,70564,core,relational_after,1,2018_1332637__event_002,PREVIOUS,2018_1332637__event_001,True,2,True
tokyo_70564_relational_after,70564,core,relational_after,2,2018_1332637__event_001,SELF,2018_1332637__event_001,False,,True
tokyo_70564_relational_after,70564,core,relational_after,2,2018_1332637__event_001,NEXT,2018_1332637__event_002,False,,True
tokyo_70564_relational_after,70564,core,relational_after,3,2018_1332617__event_001,SELF,2018_1332617__event_001,True,3,True
tokyo_70564_relational_after,70564,core,relational_after,3,2018_1332617__event_001,NEXT,2018_1332617__event_002,True,4,True
tokyo_70564_relational_after,70564,core,relational_after,4,2018_1332668__event_002,SELF,2018_1332668__event_002,True,5,True
tokyo_70564_relational_after,70564,core,relational_after,4,2018_1332668__event_002,PREVIOUS,2018_1332668__event_001,True,6,True
tokyo_70564_relational_after,70564,core,relational_after,4,2018_1332668__event_002,NEXT,2018_1332668__event_003,True,7,True
tokyo_70564_relational_after,70564,core,relational_after,5,2018_1332650__event_002,SELF,2018_1332650__event_002,True,8,True
tokyo_70564_relational_after,70564,core,relational_after,5,2018_1332650__event_002,PREVIOUS,2018_1332650__event_001,True,9,True
tokyo_70564_semantic,70564,core,semantic,1,2018_1332642__event_003,SELF,2018_1332642__event_003,True,1,True
tokyo_70564_semantic,70564,core,semantic,1,2018_1332642__event_003,PREVIOUS,2018_1332642__event_002,True,2,True
tokyo_70564_semantic,70564,core,semantic,2,2018_1332623__event_001,SELF,2018_1332623__event_001,True,3,True
tokyo_70564_semantic,70564,core,semantic,2,2018_1332623__event_001,NEXT,2018_1332623__event_002,True,4,True
tokyo_70564_semantic,70564,core,semantic,3,2018_1332641__event_002,SELF,2018_1332641__event_002,True,5,True
tokyo_70564_semantic,70564,core,semantic,3,2018_1332641__event_002,PREVIOUS,2018_1332641__event_001,True,6,True
tokyo_70564_semantic,70564,core,semantic,4,2018_1332623__event_002,SELF,2018_1332623__event_002,False,,True
tokyo_70564_semantic,70564,core,semantic,4,2018_1332623__event_002,PREVIOUS,2018_1332623__event_001,False,,True
tokyo_70564_semantic,70564,core,semantic,5,2018_1332692__event_004,SELF,2018_1332692__event_004,True,7,True
tokyo_70564_semantic,70564,core,semantic,5,2018_1332692__event_004,PREVIOUS,2018_1332692__event_003,True,8,True
tokyo_70564_temporal_spatial,70564,core,temporal_spatial,1,2018_1332644__event_002,SELF,2018_1332644__event_002,True,1,True
tokyo_70564_temporal_spatial,70564,core,temporal_spatial,1,2018_1332644__event_002,PREVIOUS,2018_1332644__event_001,True,2,True
tokyo_70564_temporal_spatial,70564,core,temporal_spatial,2,2018_1332658__event_003,SELF,2018_1332658__event_003,True,3,True
tokyo_70564_temporal_spatial,70564,core,temporal_spatial,2,2018_1332658__event_003,PREVIOUS,2018_1332658__event_002,True,4,True
tokyo_70564_temporal_spatial,70564,core,temporal_spatial,3,2018_1332682__event_001,SELF,2018_1332682__event_001,True,5,True
tokyo_70564_temporal_spatial,70564,core,temporal_spatial,3,2018_1332682__event_001,NEXT,2018_1332682__event_002,True,6,True
tokyo_70564_temporal_spatial,70564,core,temporal_spatial,4,2018_1332668__event_003,SELF,2018_1332668__event_003,True,7,True
tokyo_70564_temporal_spatial,70564,core,temporal_spatial,4,2018_1332668__event_003,PREVIOUS,2018_1332668__event_002,True,8,True
tokyo_70564_temporal_spatial,70564,core,temporal_spatial,4,2018_1332668__event_003,NEXT,2018_1332668__event_004,True,9,True
tokyo_70564_temporal_spatial,70564,core,temporal_spatial,5,2018_1332696__event_001,SELF,2018_1332696__event_001,True,10,True
tokyo_70564_temporal_spatial,70564,core,temporal_spatial,5,2018_1332696__event_001,NEXT,2018_1332696__event_002,True,11,True
tokyo_70703_relational_after,70703,core,relational_after,1,2018_1335107__event_001,SELF,2018_1335107__event_001,True,1,False
tokyo_70703_relational_after,70703,core,relational_after,1,2018_1335107__event_001,NEXT,2018_1335107__event_002,True,2,False
tokyo_70703_relational_after,70703,core,relational_after,2,2018_1335107__event_002,SELF,2018_1335107__event_002,False,,False
tokyo_70703_relational_after,70703,core,relational_after,2,2018_1335107__event_002,PREVIOUS,2018_1335107__event_001,False,,False
tokyo_70703_relational_after,70703,core,relational_after,3,2018_1335098__event_002,SELF,2018_1335098__event_002,True,3,False
tokyo_70703_relational_after,70703,core,relational_after,3,2018_1335098__event_002,PREVIOUS,2018_1335098__event_001,True,4,False
tokyo_70703_relational_after,70703,core,relational_after,4,2018_1335098__event_001,SELF,2018_1335098__event_001,False,,False
tokyo_70703_relational_after,70703,core,relational_after,4,2018_1335098__event_001,NEXT,2018_1335098__event_002,False,,False
tokyo_70703_relational_after,70703,core,relational_after,5,2018_1335093__event_005,SELF,2018_1335093__event_005,True,5,False
tokyo_70703_relational_after,70703,core,relational_after,5,2018_1335093__event_005,PREVIOUS,2018_1335093__event_004,True,6,False
tokyo_70703_semantic,70703,core,semantic,1,2018_1335096__event_001,SELF,2018_1335096__event_001,True,1,False
tokyo_70703_semantic,70703,core,semantic,1,2018_1335096__event_001,NEXT,2018_1335096__event_002,True,2,False
tokyo_70703_semantic,70703,core,semantic,2,2018_1335116__event_002,SELF,2018_1335116__event_002,True,3,False
tokyo_70703_semantic,70703,core,semantic,2,2018_1335116__event_002,PREVIOUS,2018_1335116__event_001,True,4,False
tokyo_70703_semantic,70703,core,semantic,3,2018_1335097__event_003,SELF,2018_1335097__event_003,True,5,False
tokyo_70703_semantic,70703,core,semantic,3,2018_1335097__event_003,PREVIOUS,2018_1335097__event_002,True,6,False
tokyo_70703_semantic,70703,core,semantic,4,2018_1335093__event_001,SELF,2018_1335093__event_001,True,7,False
tokyo_70703_semantic,70703,core,semantic,4,2018_1335093__event_001,NEXT,2018_1335093__event_002,True,8,False
tokyo_70703_semantic,70703,core,semantic,5,2018_1335093__event_005,SELF,2018_1335093__event_005,True,9,False
tokyo_70703_semantic,70703,core,semantic,5,2018_1335093__event_005,PREVIOUS,2018_1335093__event_004,True,10,False
tokyo_70703_temporal_spatial,70703,core,temporal_spatial,1,2018_1335104__event_002,SELF,2018_1335104__event_002,True,1,False
tokyo_70703_temporal_spatial,70703,core,temporal_spatial,1,2018_1335104__event_002,PREVIOUS,2018_1335104__event_001,True,2,False
tokyo_70703_temporal_spatial,70703,core,temporal_spatial,2,2018_1335096__event_001,SELF,2018_1335096__event_001,True,3,False
tokyo_70703_temporal_spatial,70703,core,temporal_spatial,2,2018_1335096__event_001,NEXT,2018_1335096__event_002,True,4,False
tokyo_70703_temporal_spatial,70703,core,temporal_spatial,3,2018_1335093__event_004,SELF,2018_1335093__event_004,True,5,False
tokyo_70703_temporal_spatial,70703,core,temporal_spatial,3,2018_1335093__event_004,PREVIOUS,2018_1335093__event_003,True,6,False
tokyo_70703_temporal_spatial,70703,core,temporal_spatial,3,2018_1335093__event_004,NEXT,2018_1335093__event_005,True,7,False
tokyo_70703_temporal_spatial,70703,core,temporal_spatial,4,2018_1335105__event_004,SELF,2018_1335105__event_004,True,8,False
tokyo_70703_temporal_spatial,70703,core,temporal_spatial,4,2018_1335105__event_004,PREVIOUS,2018_1335105__event_003,True,9,False
tokyo_70703_temporal_spatial,70703,core,temporal_spatial,5,2018_1335107__event_001,SELF,2018_1335107__event_001,True,10,False
tokyo_70703_temporal_spatial,70703,core,temporal_spatial,5,2018_1335107__event_001,NEXT,2018_1335107__event_002,True,11,False
tokyo_72210_relational_after,72210,core,relational_after,1,2018_1357866__event_001,SELF,2018_1357866__event_001,True,1,False
tokyo_72210_relational_after,72210,core,relational_after,1,2018_1357866__event_001,NEXT,2018_1357866__event_002,True,2,False
tokyo_72210_relational_after,72210,core,relational_after,2,2018_1357875__event_002,SELF,2018_1357875__event_002,True,3,False
tokyo_72210_relational_after,72210,core,relational_after,2,2018_1357875__event_002,PREVIOUS,2018_1357875__event_001,True,4,False
tokyo_72210_relational_after,72210,core,relational_after,2,2018_1357875__event_002,NEXT,2018_1357875__event_003,True,5,False
tokyo_72210_relational_after,72210,core,relational_after,3,2018_1357875__event_003,SELF,2018_1357875__event_003,False,,False
tokyo_72210_relational_after,72210,core,relational_after,3,2018_1357875__event_003,PREVIOUS,2018_1357875__event_002,False,,False
tokyo_72210_relational_after,72210,core,relational_after,4,2018_1357875__event_001,SELF,2018_1357875__event_001,False,,False
tokyo_72210_relational_after,72210,core,relational_after,4,2018_1357875__event_001,NEXT,2018_1357875__event_002,False,,False
tokyo_72210_relational_after,72210,core,relational_after,5,2018_1357866__event_002,SELF,2018_1357866__event_002,False,,False
tokyo_72210_relational_after,72210,core,relational_after,5,2018_1357866__event_002,PREVIOUS,2018_1357866__event_001,False,,False
tokyo_72210_semantic,72210,core,semantic,1,2018_1357863__event_002,SELF,2018_1357863__event_002,True,1,False
tokyo_72210_semantic,72210,core,semantic,1,2018_1357863__event_002,PREVIOUS,2018_1357863__event_001,True,2,False
tokyo_72210_semantic,72210,core,semantic,2,2018_1357856__event_003,SELF,2018_1357856__event_003,True,3,False
tokyo_72210_semantic,72210,core,semantic,2,2018_1357856__event_003,PREVIOUS,2018_1357856__event_002,True,4,False
tokyo_72210_semantic,72210,core,semantic,3,2018_1357857__event_004,SELF,2018_1357857__event_004,True,5,False
tokyo_72210_semantic,72210,core,semantic,3,2018_1357857__event_004,PREVIOUS,2018_1357857__event_003,True,6,False
tokyo_72210_semantic,72210,core,semantic,3,2018_1357857__event_004,NEXT,2018_1357857__event_005,True,7,False
tokyo_72210_semantic,72210,core,semantic,4,2018_1357865__event_002,SELF,2018_1357865__event_002,True,8,False
tokyo_72210_semantic,72210,core,semantic,4,2018_1357865__event_002,PREVIOUS,2018_1357865__event_001,True,9,False
tokyo_72210_semantic,72210,core,semantic,5,2018_1357878__event_002,SELF,2018_1357878__event_002,True,10,False
tokyo_72210_semantic,72210,core,semantic,5,2018_1357878__event_002,PREVIOUS,2018_1357878__event_001,True,11,False
tokyo_72210_temporal_spatial,72210,core,temporal_spatial,1,2018_1357880__event_001,SELF,2018_1357880__event_001,True,1,False
tokyo_72210_temporal_spatial,72210,core,temporal_spatial,1,2018_1357880__event_001,NEXT,2018_1357880__event_002,True,2,False
tokyo_72210_temporal_spatial,72210,core,temporal_spatial,2,2018_1357892__event_001,SELF,2018_1357892__event_001,True,3,False
tokyo_72210_temporal_spatial,72210,core,temporal_spatial,2,2018_1357892__event_001,NEXT,2018_1357892__event_002,True,4,False
tokyo_72210_temporal_spatial,72210,core,temporal_spatial,3,2018_1357878__event_001,SELF,2018_1357878__event_001,True,5,False
tokyo_72210_temporal_spatial,72210,core,temporal_spatial,3,2018_1357878__event_001,NEXT,2018_1357878__event_002,True,6,False
tokyo_72210_temporal_spatial,72210,core,temporal_spatial,4,2018_1357857__event_001,SELF,2018_1357857__event_001,True,7,False
tokyo_72210_temporal_spatial,72210,core,temporal_spatial,4,2018_1357857__event_001,NEXT,2018_1357857__event_002,True,8,False
tokyo_72210_temporal_spatial,72210,core,temporal_spatial,5,2018_1357875__event_001,SELF,2018_1357875__event_001,True,9,False
tokyo_72210_temporal_spatial,72210,core,temporal_spatial,5,2018_1357875__event_001,NEXT,2018_1357875__event_002,True,10,False
tokyo_72444_relational_after,72444,core,relational_after,1,2018_1361355__event_004,SELF,2018_1361355__event_004,True,1,False
tokyo_72444_relational_after,72444,core,relational_after,1,2018_1361355__event_004,PREVIOUS,2018_1361355__event_003,True,2,False
tokyo_72444_relational_after,72444,core,relational_after,1,2018_1361355__event_004,NEXT,2018_1361355__event_005,True,3,False
tokyo_72444_relational_after,72444,core,relational_after,2,2018_1361355__event_005,SELF,2018_1361355__event_005,False,,False
tokyo_72444_relational_after,72444,core,relational_after,2,2018_1361355__event_005,PREVIOUS,2018_1361355__event_004,False,,False
tokyo_72444_relational_after,72444,core,relational_after,2,2018_1361355__event_005,NEXT,2018_1361355__event_006,True,4,False
tokyo_72444_relational_after,72444,core,relational_after,3,2018_1361416__event_002,SELF,2018_1361416__event_002,True,5,False
tokyo_72444_relational_after,72444,core,relational_after,3,2018_1361416__event_002,PREVIOUS,2018_1361416__event_001,True,6,False
tokyo_72444_relational_after,72444,core,relational_after,4,2018_1361413__event_001,SELF,2018_1361413__event_001,True,7,False
tokyo_72444_relational_after,72444,core,relational_after,4,2018_1361413__event_001,NEXT,2018_1361413__event_002,True,8,False
tokyo_72444_relational_after,72444,core,relational_after,5,2018_1361372__event_002,SELF,2018_1361372__event_002,True,9,False
tokyo_72444_relational_after,72444,core,relational_after,5,2018_1361372__event_002,PREVIOUS,2018_1361372__event_001,True,10,False
tokyo_72444_semantic,72444,core,semantic,1,2018_1361355__event_004,SELF,2018_1361355__event_004,True,1,False
tokyo_72444_semantic,72444,core,semantic,1,2018_1361355__event_004,PREVIOUS,2018_1361355__event_003,True,2,False
tokyo_72444_semantic,72444,core,semantic,1,2018_1361355__event_004,NEXT,2018_1361355__event_005,True,3,False
tokyo_72444_semantic,72444,core,semantic,2,2018_1361355__event_005,SELF,2018_1361355__event_005,False,,False
tokyo_72444_semantic,72444,core,semantic,2,2018_1361355__event_005,PREVIOUS,2018_1361355__event_004,False,,False
tokyo_72444_semantic,72444,core,semantic,2,2018_1361355__event_005,NEXT,2018_1361355__event_006,True,4,False
tokyo_72444_semantic,72444,core,semantic,3,2018_1361355__event_003,SELF,2018_1361355__event_003,False,,False
tokyo_72444_semantic,72444,core,semantic,3,2018_1361355__event_003,PREVIOUS,2018_1361355__event_002,True,5,False
tokyo_72444_semantic,72444,core,semantic,3,2018_1361355__event_003,NEXT,2018_1361355__event_004,False,,False
tokyo_72444_semantic,72444,core,semantic,4,2018_1361354__event_002,SELF,2018_1361354__event_002,True,6,False
tokyo_72444_semantic,72444,core,semantic,4,2018_1361354__event_002,PREVIOUS,2018_1361354__event_001,True,7,False
tokyo_72444_semantic,72444,core,semantic,5,2018_1361404__event_001,SELF,2018_1361404__event_001,True,8,False
tokyo_72444_semantic,72444,core,semantic,5,2018_1361404__event_001,NEXT,2018_1361404__event_002,True,9,False
tokyo_72444_temporal_spatial,72444,core,temporal_spatial,1,2018_1361348__event_002,SELF,2018_1361348__event_002,True,1,False
tokyo_72444_temporal_spatial,72444,core,temporal_spatial,1,2018_1361348__event_002,PREVIOUS,2018_1361348__event_001,True,2,False
tokyo_72444_temporal_spatial,72444,core,temporal_spatial,2,2018_1361354__event_001,SELF,2018_1361354__event_001,True,3,False
tokyo_72444_temporal_spatial,72444,core,temporal_spatial,2,2018_1361354__event_001,NEXT,2018_1361354__event_002,True,4,False
tokyo_72444_temporal_spatial,72444,core,temporal_spatial,3,2018_1361378__event_002,SELF,2018_1361378__event_002,True,5,False
tokyo_72444_temporal_spatial,72444,core,temporal_spatial,3,2018_1361378__event_002,PREVIOUS,2018_1361378__event_001,True,6,False
tokyo_72444_temporal_spatial,72444,core,temporal_spatial,4,2018_1361390__event_002,SELF,2018_1361390__event_002,True,7,False
tokyo_72444_temporal_spatial,72444,core,temporal_spatial,4,2018_1361390__event_002,PREVIOUS,2018_1361390__event_001,True,8,False
tokyo_72444_temporal_spatial,72444,core,temporal_spatial,5,2018_1361378__event_001,SELF,2018_1361378__event_001,False,,False
tokyo_72444_temporal_spatial,72444,core,temporal_spatial,5,2018_1361378__event_001,NEXT,2018_1361378__event_002,False,,False
tokyo_74188_relational_after,74188,core,relational_after,1,2018_1388327__event_003,SELF,2018_1388327__event_003,True,1,False
tokyo_74188_relational_after,74188,core,relational_after,1,2018_1388327__event_003,PREVIOUS,2018_1388327__event_002,True,2,False
tokyo_74188_relational_after,74188,core,relational_after,1,2018_1388327__event_003,NEXT,2018_1388327__event_004,True,3,False
tokyo_74188_relational_after,74188,core,relational_after,2,2018_1388327__event_002,SELF,2018_1388327__event_002,False,,False
tokyo_74188_relational_after,74188,core,relational_after,2,2018_1388327__event_002,PREVIOUS,2018_1388327__event_001,True,4,False
tokyo_74188_relational_after,74188,core,relational_after,2,2018_1388327__event_002,NEXT,2018_1388327__event_003,False,,False
tokyo_74188_relational_after,74188,core,relational_after,3,2018_1388327__event_001,SELF,2018_1388327__event_001,False,,False
tokyo_74188_relational_after,74188,core,relational_after,3,2018_1388327__event_001,NEXT,2018_1388327__event_002,False,,False
tokyo_74188_relational_after,74188,core,relational_after,4,2018_1388323__event_004,SELF,2018_1388323__event_004,True,5,False
tokyo_74188_relational_after,74188,core,relational_after,4,2018_1388323__event_004,PREVIOUS,2018_1388323__event_003,True,6,False
tokyo_74188_relational_after,74188,core,relational_after,4,2018_1388323__event_004,NEXT,2018_1388323__event_005,True,7,False
tokyo_74188_relational_after,74188,core,relational_after,5,2018_1388323__event_007,SELF,2018_1388323__event_007,True,8,False
tokyo_74188_relational_after,74188,core,relational_after,5,2018_1388323__event_007,PREVIOUS,2018_1388323__event_006,True,9,False
tokyo_74188_semantic,74188,core,semantic,1,2018_1388318__event_002,SELF,2018_1388318__event_002,True,1,False
tokyo_74188_semantic,74188,core,semantic,1,2018_1388318__event_002,PREVIOUS,2018_1388318__event_001,True,2,False
tokyo_74188_semantic,74188,core,semantic,1,2018_1388318__event_002,NEXT,2018_1388318__event_003,True,3,False
tokyo_74188_semantic,74188,core,semantic,2,2018_1388318__event_001,SELF,2018_1388318__event_001,False,,False
tokyo_74188_semantic,74188,core,semantic,2,2018_1388318__event_001,NEXT,2018_1388318__event_002,False,,False
tokyo_74188_semantic,74188,core,semantic,3,2018_1388319__event_001,SELF,2018_1388319__event_001,True,4,False
tokyo_74188_semantic,74188,core,semantic,3,2018_1388319__event_001,NEXT,2018_1388319__event_002,True,5,False
tokyo_74188_semantic,74188,core,semantic,4,2018_1388319__event_002,SELF,2018_1388319__event_002,False,,False
tokyo_74188_semantic,74188,core,semantic,4,2018_1388319__event_002,PREVIOUS,2018_1388319__event_001,False,,False
tokyo_74188_semantic,74188,core,semantic,4,2018_1388319__event_002,NEXT,2018_1388319__event_003,True,6,False
tokyo_74188_semantic,74188,core,semantic,5,2018_1388313__event_002,SELF,2018_1388313__event_002,True,7,False
tokyo_74188_semantic,74188,core,semantic,5,2018_1388313__event_002,PREVIOUS,2018_1388313__event_001,True,8,False
tokyo_74188_temporal_spatial,74188,core,temporal_spatial,1,2018_1388319__event_003,SELF,2018_1388319__event_003,True,1,False
tokyo_74188_temporal_spatial,74188,core,temporal_spatial,1,2018_1388319__event_003,PREVIOUS,2018_1388319__event_002,True,2,False
tokyo_74188_temporal_spatial,74188,core,temporal_spatial,2,2018_1388318__event_001,SELF,2018_1388318__event_001,True,3,False
tokyo_74188_temporal_spatial,74188,core,temporal_spatial,2,2018_1388318__event_001,NEXT,2018_1388318__event_002,True,4,False
tokyo_74188_temporal_spatial,74188,core,temporal_spatial,3,2018_1388327__event_005,SELF,2018_1388327__event_005,True,5,False
tokyo_74188_temporal_spatial,74188,core,temporal_spatial,3,2018_1388327__event_005,PREVIOUS,2018_1388327__event_004,True,6,False
tokyo_74188_temporal_spatial,74188,core,temporal_spatial,4,2018_1388319__event_002,SELF,2018_1388319__event_002,False,,False
tokyo_74188_temporal_spatial,74188,core,temporal_spatial,4,2018_1388319__event_002,PREVIOUS,2018_1388319__event_001,True,7,False
tokyo_74188_temporal_spatial,74188,core,temporal_spatial,4,2018_1388319__event_002,NEXT,2018_1388319__event_003,False,,False
tokyo_74188_temporal_spatial,74188,core,temporal_spatial,5,2018_1388313__event_002,SELF,2018_1388313__event_002,True,8,False
tokyo_74188_temporal_spatial,74188,core,temporal_spatial,5,2018_1388313__event_002,PREVIOUS,2018_1388313__event_001,True,9,False
tokyo_74982_relational_after,74982,core,relational_after,1,2018_1402558__event_001,SELF,2018_1402558__event_001,True,1,False
tokyo_74982_relational_after,74982,core,relational_after,1,2018_1402558__event_001,NEXT,2018_1402558__event_002,True,2,False
tokyo_74982_relational_after,74982,core,relational_after,2,2018_1402555__event_003,SELF,2018_1402555__event_003,True,3,False
tokyo_74982_relational_after,74982,core,relational_after,2,2018_1402555__event_003,PREVIOUS,2018_1402555__event_002,True,4,False
tokyo_74982_relational_after,74982,core,relational_after,3,2018_1402558__event_002,SELF,2018_1402558__event_002,False,,False
tokyo_74982_relational_after,74982,core,relational_after,3,2018_1402558__event_002,PREVIOUS,2018_1402558__event_001,False,,False
tokyo_74982_relational_after,74982,core,relational_after,4,2018_1402555__event_002,SELF,2018_1402555__event_002,False,,False
tokyo_74982_relational_after,74982,core,relational_after,4,2018_1402555__event_002,PREVIOUS,2018_1402555__event_001,True,5,False
tokyo_74982_relational_after,74982,core,relational_after,4,2018_1402555__event_002,NEXT,2018_1402555__event_003,False,,False
tokyo_74982_relational_after,74982,core,relational_after,5,2018_1402586__event_002,SELF,2018_1402586__event_002,True,6,False
tokyo_74982_relational_after,74982,core,relational_after,5,2018_1402586__event_002,PREVIOUS,2018_1402586__event_001,True,7,False
tokyo_74982_semantic,74982,core,semantic,1,2018_1402558__event_002,SELF,2018_1402558__event_002,True,1,False
tokyo_74982_semantic,74982,core,semantic,1,2018_1402558__event_002,PREVIOUS,2018_1402558__event_001,True,2,False
tokyo_74982_semantic,74982,core,semantic,2,2018_1402555__event_002,SELF,2018_1402555__event_002,True,3,False
tokyo_74982_semantic,74982,core,semantic,2,2018_1402555__event_002,PREVIOUS,2018_1402555__event_001,True,4,False
tokyo_74982_semantic,74982,core,semantic,2,2018_1402555__event_002,NEXT,2018_1402555__event_003,True,5,False
tokyo_74982_semantic,74982,core,semantic,3,2018_1402558__event_001,SELF,2018_1402558__event_001,False,,False
tokyo_74982_semantic,74982,core,semantic,3,2018_1402558__event_001,NEXT,2018_1402558__event_002,False,,False
tokyo_74982_semantic,74982,core,semantic,4,2018_1402573__event_002,SELF,2018_1402573__event_002,True,6,False
tokyo_74982_semantic,74982,core,semantic,4,2018_1402573__event_002,PREVIOUS,2018_1402573__event_001,True,7,False
tokyo_74982_semantic,74982,core,semantic,5,2018_1402572__event_004,SELF,2018_1402572__event_004,True,8,False
tokyo_74982_semantic,74982,core,semantic,5,2018_1402572__event_004,PREVIOUS,2018_1402572__event_003,True,9,False
tokyo_74982_temporal_spatial,74982,core,temporal_spatial,1,2018_1402556__event_002,SELF,2018_1402556__event_002,True,1,False
tokyo_74982_temporal_spatial,74982,core,temporal_spatial,1,2018_1402556__event_002,PREVIOUS,2018_1402556__event_001,True,2,False
tokyo_74982_temporal_spatial,74982,core,temporal_spatial,2,2018_1402556__event_001,SELF,2018_1402556__event_001,False,,False
tokyo_74982_temporal_spatial,74982,core,temporal_spatial,2,2018_1402556__event_001,NEXT,2018_1402556__event_002,False,,False
tokyo_74982_temporal_spatial,74982,core,temporal_spatial,3,2018_1402590__event_003,SELF,2018_1402590__event_003,True,3,False
tokyo_74982_temporal_spatial,74982,core,temporal_spatial,3,2018_1402590__event_003,PREVIOUS,2018_1402590__event_002,True,4,False
tokyo_74982_temporal_spatial,74982,core,temporal_spatial,4,2018_1402555__event_001,SELF,2018_1402555__event_001,True,5,False
tokyo_74982_temporal_spatial,74982,core,temporal_spatial,4,2018_1402555__event_001,NEXT,2018_1402555__event_002,True,6,False
tokyo_74982_temporal_spatial,74982,core,temporal_spatial,5,2018_1402609__event_002,SELF,2018_1402609__event_002,True,7,False
tokyo_74982_temporal_spatial,74982,core,temporal_spatial,5,2018_1402609__event_002,PREVIOUS,2018_1402609__event_001,True,8,False
tokyo_78286_relational_after,78286,core,relational_after,1,2018_1453204__event_001,SELF,2018_1453204__event_001,True,1,True
tokyo_78286_relational_after,78286,core,relational_after,1,2018_1453204__event_001,NEXT,2018_1453204__event_002,True,2,True
tokyo_78286_relational_after,78286,core,relational_after,2,2018_1453204__event_002,SELF,2018_1453204__event_002,False,,True
tokyo_78286_relational_after,78286,core,relational_after,2,2018_1453204__event_002,PREVIOUS,2018_1453204__event_001,False,,True
tokyo_78286_relational_after,78286,core,relational_after,3,2018_1453220__event_002,SELF,2018_1453220__event_002,True,3,True
tokyo_78286_relational_after,78286,core,relational_after,3,2018_1453220__event_002,PREVIOUS,2018_1453220__event_001,True,4,True
tokyo_78286_relational_after,78286,core,relational_after,4,2018_1453199__event_001,SELF,2018_1453199__event_001,True,5,True
tokyo_78286_relational_after,78286,core,relational_after,4,2018_1453199__event_001,NEXT,2018_1453199__event_002,True,6,True
tokyo_78286_relational_after,78286,core,relational_after,5,2018_1453207__event_001,SELF,2018_1453207__event_001,True,7,True
tokyo_78286_relational_after,78286,core,relational_after,5,2018_1453207__event_001,NEXT,2018_1453207__event_002,True,8,True
tokyo_78286_semantic,78286,core,semantic,1,2018_1453199__event_002,SELF,2018_1453199__event_002,True,1,True
tokyo_78286_semantic,78286,core,semantic,1,2018_1453199__event_002,PREVIOUS,2018_1453199__event_001,True,2,True
tokyo_78286_semantic,78286,core,semantic,2,2018_1453197__event_002,SELF,2018_1453197__event_002,True,3,True
tokyo_78286_semantic,78286,core,semantic,2,2018_1453197__event_002,PREVIOUS,2018_1453197__event_001,True,4,True
tokyo_78286_semantic,78286,core,semantic,3,2018_1453188__event_002,SELF,2018_1453188__event_002,True,5,True
tokyo_78286_semantic,78286,core,semantic,3,2018_1453188__event_002,PREVIOUS,2018_1453188__event_001,True,6,True
tokyo_78286_semantic,78286,core,semantic,3,2018_1453188__event_002,NEXT,2018_1453188__event_003,True,7,True
tokyo_78286_semantic,78286,core,semantic,4,2018_1453192__event_003,SELF,2018_1453192__event_003,True,8,True
tokyo_78286_semantic,78286,core,semantic,4,2018_1453192__event_003,PREVIOUS,2018_1453192__event_002,True,9,True
tokyo_78286_semantic,78286,core,semantic,5,2018_1453197__event_001,SELF,2018_1453197__event_001,False,,True
tokyo_78286_semantic,78286,core,semantic,5,2018_1453197__event_001,NEXT,2018_1453197__event_002,False,,True
tokyo_78286_temporal_spatial,78286,core,temporal_spatial,1,2018_1453219__event_001,SELF,2018_1453219__event_001,True,1,True
tokyo_78286_temporal_spatial,78286,core,temporal_spatial,1,2018_1453219__event_001,NEXT,2018_1453219__event_002,True,2,True
tokyo_78286_temporal_spatial,78286,core,temporal_spatial,2,2018_1453198__event_001,SELF,2018_1453198__event_001,True,3,True
tokyo_78286_temporal_spatial,78286,core,temporal_spatial,2,2018_1453198__event_001,NEXT,2018_1453198__event_002,True,4,True
tokyo_78286_temporal_spatial,78286,core,temporal_spatial,3,2018_1453184__event_002,SELF,2018_1453184__event_002,True,5,True
tokyo_78286_temporal_spatial,78286,core,temporal_spatial,3,2018_1453184__event_002,PREVIOUS,2018_1453184__event_001,True,6,True
tokyo_78286_temporal_spatial,78286,core,temporal_spatial,3,2018_1453184__event_002,NEXT,2018_1453184__event_003,True,7,True
tokyo_78286_temporal_spatial,78286,core,temporal_spatial,4,2018_1453213__event_002,SELF,2018_1453213__event_002,True,8,True
tokyo_78286_temporal_spatial,78286,core,temporal_spatial,4,2018_1453213__event_002,PREVIOUS,2018_1453213__event_001,True,9,True
tokyo_78286_temporal_spatial,78286,core,temporal_spatial,5,2018_1453209__event_001,SELF,2018_1453209__event_001,True,10,True
tokyo_78286_temporal_spatial,78286,core,temporal_spatial,5,2018_1453209__event_001,NEXT,2018_1453209__event_002,True,11,True
tokyo_79139_relational_after,79139,core,relational_after,1,2018_1466945__event_002,SELF,2018_1466945__event_002,True,1,False
tokyo_79139_relational_after,79139,core,relational_after,1,2018_1466945__event_002,PREVIOUS,2018_1466945__event_001,True,2,False
tokyo_79139_relational_after,79139,core,relational_after,2,2018_1466945__event_001,SELF,2018_1466945__event_001,False,,False
tokyo_79139_relational_after,79139,core,relational_after,2,2018_1466945__event_001,NEXT,2018_1466945__event_002,False,,False
tokyo_79139_relational_after,79139,core,relational_after,3,2018_1466952__event_001,SELF,2018_1466952__event_001,True,3,False
tokyo_79139_relational_after,79139,core,relational_after,3,2018_1466952__event_001,NEXT,2018_1466952__event_002,True,4,False
tokyo_79139_relational_after,79139,core,relational_after,4,2018_1466942__event_002,SELF,2018_1466942__event_002,True,5,False
tokyo_79139_relational_after,79139,core,relational_after,4,2018_1466942__event_002,PREVIOUS,2018_1466942__event_001,True,6,False
tokyo_79139_relational_after,79139,core,relational_after,4,2018_1466942__event_002,NEXT,2018_1466942__event_003,True,7,False
tokyo_79139_relational_after,79139,core,relational_after,5,2018_1466944__event_002,SELF,2018_1466944__event_002,True,8,False
tokyo_79139_relational_after,79139,core,relational_after,5,2018_1466944__event_002,PREVIOUS,2018_1466944__event_001,True,9,False
tokyo_79139_semantic,79139,core,semantic,1,2018_1466953__event_003,SELF,2018_1466953__event_003,True,1,False
tokyo_79139_semantic,79139,core,semantic,1,2018_1466953__event_003,PREVIOUS,2018_1466953__event_002,True,2,False
tokyo_79139_semantic,79139,core,semantic,2,2018_1466944__event_001,SELF,2018_1466944__event_001,True,3,False
tokyo_79139_semantic,79139,core,semantic,2,2018_1466944__event_001,NEXT,2018_1466944__event_002,True,4,False
tokyo_79139_semantic,79139,core,semantic,3,2018_1466952__event_001,SELF,2018_1466952__event_001,True,5,False
tokyo_79139_semantic,79139,core,semantic,3,2018_1466952__event_001,NEXT,2018_1466952__event_002,True,6,False
tokyo_79139_semantic,79139,core,semantic,4,2018_1466945__event_001,SELF,2018_1466945__event_001,True,7,False
tokyo_79139_semantic,79139,core,semantic,4,2018_1466945__event_001,NEXT,2018_1466945__event_002,True,8,False
tokyo_79139_semantic,79139,core,semantic,5,2018_1466944__event_002,SELF,2018_1466944__event_002,False,,False
tokyo_79139_semantic,79139,core,semantic,5,2018_1466944__event_002,PREVIOUS,2018_1466944__event_001,False,,False
tokyo_79139_temporal_spatial,79139,core,temporal_spatial,1,2018_1466948__event_002,SELF,2018_1466948__event_002,True,1,False
tokyo_79139_temporal_spatial,79139,core,temporal_spatial,1,2018_1466948__event_002,PREVIOUS,2018_1466948__event_001,True,2,False
tokyo_79139_temporal_spatial,79139,core,temporal_spatial,1,2018_1466948__event_002,NEXT,2018_1466948__event_003,True,3,False
tokyo_79139_temporal_spatial,79139,core,temporal_spatial,2,2018_1466944__event_001,SELF,2018_1466944__event_001,True,4,False
tokyo_79139_temporal_spatial,79139,core,temporal_spatial,2,2018_1466944__event_001,NEXT,2018_1466944__event_002,True,5,False
tokyo_79139_temporal_spatial,79139,core,temporal_spatial,3,2018_1466945__event_001,SELF,2018_1466945__event_001,True,6,False
tokyo_79139_temporal_spatial,79139,core,temporal_spatial,3,2018_1466945__event_001,NEXT,2018_1466945__event_002,True,7,False
tokyo_79139_temporal_spatial,79139,core,temporal_spatial,4,2018_1466942__event_001,SELF,2018_1466942__event_001,True,8,False
tokyo_79139_temporal_spatial,79139,core,temporal_spatial,4,2018_1466942__event_001,NEXT,2018_1466942__event_002,True,9,False
tokyo_79139_temporal_spatial,79139,core,temporal_spatial,5,2018_1466953__event_003,SELF,2018_1466953__event_003,True,10,False
tokyo_79139_temporal_spatial,79139,core,temporal_spatial,5,2018_1466953__event_003,PREVIOUS,2018_1466953__event_002,True,11,False
tokyo_79719_relational_after,79719,core,relational_after,1,2018_1475337__event_002,SELF,2018_1475337__event_002,True,1,True
tokyo_79719_relational_after,79719,core,relational_after,1,2018_1475337__event_002,PREVIOUS,2018_1475337__event_001,True,2,True
tokyo_79719_relational_after,79719,core,relational_after,2,2018_1475337__event_001,SELF,2018_1475337__event_001,False,,True
tokyo_79719_relational_after,79719,core,relational_after,2,2018_1475337__event_001,NEXT,2018_1475337__event_002,False,,True
tokyo_79719_relational_after,79719,core,relational_after,3,2018_1475331__event_002,SELF,2018_1475331__event_002,True,3,True
tokyo_79719_relational_after,79719,core,relational_after,3,2018_1475331__event_002,PREVIOUS,2018_1475331__event_001,True,4,True
tokyo_79719_relational_after,79719,core,relational_after,4,2018_1475389__event_001,SELF,2018_1475389__event_001,True,5,True
tokyo_79719_relational_after,79719,core,relational_after,4,2018_1475389__event_001,NEXT,2018_1475389__event_002,True,6,True
tokyo_79719_relational_after,79719,core,relational_after,5,2018_1475355__event_001,SELF,2018_1475355__event_001,True,7,True
tokyo_79719_relational_after,79719,core,relational_after,5,2018_1475355__event_001,NEXT,2018_1475355__event_002,True,8,True
tokyo_79719_semantic,79719,core,semantic,1,2018_1475331__event_001,SELF,2018_1475331__event_001,True,1,True
tokyo_79719_semantic,79719,core,semantic,1,2018_1475331__event_001,NEXT,2018_1475331__event_002,True,2,True
tokyo_79719_semantic,79719,core,semantic,2,2018_1475402__event_001,SELF,2018_1475402__event_001,True,3,True
tokyo_79719_semantic,79719,core,semantic,2,2018_1475402__event_001,NEXT,2018_1475402__event_002,True,4,True
tokyo_79719_semantic,79719,core,semantic,3,2018_1475398__event_001,SELF,2018_1475398__event_001,True,5,True
tokyo_79719_semantic,79719,core,semantic,3,2018_1475398__event_001,NEXT,2018_1475398__event_002,True,6,True
tokyo_79719_semantic,79719,core,semantic,4,2018_1475391__event_003,SELF,2018_1475391__event_003,True,7,True
tokyo_79719_semantic,79719,core,semantic,4,2018_1475391__event_003,PREVIOUS,2018_1475391__event_002,True,8,True
tokyo_79719_semantic,79719,core,semantic,5,2018_1475351__event_001,SELF,2018_1475351__event_001,True,9,True
tokyo_79719_semantic,79719,core,semantic,5,2018_1475351__event_001,NEXT,2018_1475351__event_002,True,10,True
tokyo_79719_temporal_spatial,79719,core,temporal_spatial,1,2018_1475351__event_002,SELF,2018_1475351__event_002,True,1,True
tokyo_79719_temporal_spatial,79719,core,temporal_spatial,1,2018_1475351__event_002,PREVIOUS,2018_1475351__event_001,True,2,True
tokyo_79719_temporal_spatial,79719,core,temporal_spatial,1,2018_1475351__event_002,NEXT,2018_1475351__event_003,True,3,True
tokyo_79719_temporal_spatial,79719,core,temporal_spatial,2,2018_1475387__event_002,SELF,2018_1475387__event_002,True,4,True
tokyo_79719_temporal_spatial,79719,core,temporal_spatial,2,2018_1475387__event_002,PREVIOUS,2018_1475387__event_001,True,5,True
tokyo_79719_temporal_spatial,79719,core,temporal_spatial,3,2018_1475386__event_001,SELF,2018_1475386__event_001,True,6,True
tokyo_79719_temporal_spatial,79719,core,temporal_spatial,3,2018_1475386__event_001,NEXT,2018_1475386__event_002,True,7,True
tokyo_79719_temporal_spatial,79719,core,temporal_spatial,4,2018_1475345__event_001,SELF,2018_1475345__event_001,True,8,True
tokyo_79719_temporal_spatial,79719,core,temporal_spatial,4,2018_1475345__event_001,NEXT,2018_1475345__event_002,True,9,True
tokyo_79719_temporal_spatial,79719,core,temporal_spatial,5,2018_1475396__event_002,SELF,2018_1475396__event_002,True,10,True
tokyo_79719_temporal_spatial,79719,core,temporal_spatial,5,2018_1475396__event_002,PREVIOUS,2018_1475396__event_001,True,11,True
tokyo_79719_temporal_spatial,79719,core,temporal_spatial,5,2018_1475396__event_002,NEXT,2018_1475396__event_003,True,12,True
tokyo_80051_relational_after,80051,core,relational_after,1,2018_1480024__event_002,SELF,2018_1480024__event_002,True,1,False
tokyo_80051_relational_after,80051,core,relational_after,1,2018_1480024__event_002,PREVIOUS,2018_1480024__event_001,True,2,False
tokyo_80051_relational_after,80051,core,relational_after,2,2018_1480024__event_001,SELF,2018_1480024__event_001,False,,False
tokyo_80051_relational_after,80051,core,relational_after,2,2018_1480024__event_001,NEXT,2018_1480024__event_002,False,,False
tokyo_80051_relational_after,80051,core,relational_after,3,2018_1480045__event_001,SELF,2018_1480045__event_001,True,3,False
tokyo_80051_relational_after,80051,core,relational_after,3,2018_1480045__event_001,NEXT,2018_1480045__event_002,True,4,False
tokyo_80051_relational_after,80051,core,relational_after,4,2018_1480027__event_002,SELF,2018_1480027__event_002,True,5,False
tokyo_80051_relational_after,80051,core,relational_after,4,2018_1480027__event_002,PREVIOUS,2018_1480027__event_001,True,6,False
tokyo_80051_relational_after,80051,core,relational_after,4,2018_1480027__event_002,NEXT,2018_1480027__event_003,True,7,False
tokyo_80051_relational_after,80051,core,relational_after,5,2018_1480043__event_001,SELF,2018_1480043__event_001,True,8,False
tokyo_80051_relational_after,80051,core,relational_after,5,2018_1480043__event_001,NEXT,2018_1480043__event_002,True,9,False
tokyo_80051_semantic,80051,core,semantic,1,2018_1480044__event_001,SELF,2018_1480044__event_001,True,1,False
tokyo_80051_semantic,80051,core,semantic,1,2018_1480044__event_001,NEXT,2018_1480044__event_002,True,2,False
tokyo_80051_semantic,80051,core,semantic,2,2018_1480012__event_002,SELF,2018_1480012__event_002,True,3,False
tokyo_80051_semantic,80051,core,semantic,2,2018_1480012__event_002,PREVIOUS,2018_1480012__event_001,True,4,False
tokyo_80051_semantic,80051,core,semantic,3,2018_1480012__event_001,SELF,2018_1480012__event_001,False,,False
tokyo_80051_semantic,80051,core,semantic,3,2018_1480012__event_001,NEXT,2018_1480012__event_002,False,,False
tokyo_80051_semantic,80051,core,semantic,4,2018_1480045__event_001,SELF,2018_1480045__event_001,True,5,False
tokyo_80051_semantic,80051,core,semantic,4,2018_1480045__event_001,NEXT,2018_1480045__event_002,True,6,False
tokyo_80051_semantic,80051,core,semantic,5,2018_1480032__event_003,SELF,2018_1480032__event_003,True,7,False
tokyo_80051_semantic,80051,core,semantic,5,2018_1480032__event_003,PREVIOUS,2018_1480032__event_002,True,8,False
tokyo_80051_temporal_spatial,80051,core,temporal_spatial,1,2018_1480056__event_001,SELF,2018_1480056__event_001,True,1,False
tokyo_80051_temporal_spatial,80051,core,temporal_spatial,1,2018_1480056__event_001,NEXT,2018_1480056__event_002,True,2,False
tokyo_80051_temporal_spatial,80051,core,temporal_spatial,2,2018_1480045__event_002,SELF,2018_1480045__event_002,True,3,False
tokyo_80051_temporal_spatial,80051,core,temporal_spatial,2,2018_1480045__event_002,PREVIOUS,2018_1480045__event_001,True,4,False
tokyo_80051_temporal_spatial,80051,core,temporal_spatial,3,2018_1480050__event_001,SELF,2018_1480050__event_001,True,5,False
tokyo_80051_temporal_spatial,80051,core,temporal_spatial,3,2018_1480050__event_001,NEXT,2018_1480050__event_002,True,6,False
tokyo_80051_temporal_spatial,80051,core,temporal_spatial,4,2018_1480050__event_002,SELF,2018_1480050__event_002,False,,False
tokyo_80051_temporal_spatial,80051,core,temporal_spatial,4,2018_1480050__event_002,PREVIOUS,2018_1480050__event_001,False,,False
tokyo_80051_temporal_spatial,80051,core,temporal_spatial,5,2018_1480027__event_003,SELF,2018_1480027__event_003,True,7,False
tokyo_80051_temporal_spatial,80051,core,temporal_spatial,5,2018_1480027__event_003,PREVIOUS,2018_1480027__event_002,True,8,False
tokyo_80415_relational_after,80415,core,relational_after,1,2018_1485522__event_002,SELF,2018_1485522__event_002,True,1,False
tokyo_80415_relational_after,80415,core,relational_after,1,2018_1485522__event_002,PREVIOUS,2018_1485522__event_001,True,2,False
tokyo_80415_relational_after,80415,core,relational_after,1,2018_1485522__event_002,NEXT,2018_1485522__event_003,True,3,False
tokyo_80415_relational_after,80415,core,relational_after,2,2018_1485522__event_003,SELF,2018_1485522__event_003,False,,False
tokyo_80415_relational_after,80415,core,relational_after,2,2018_1485522__event_003,PREVIOUS,2018_1485522__event_002,False,,False
tokyo_80415_relational_after,80415,core,relational_after,3,2018_1485522__event_001,SELF,2018_1485522__event_001,False,,False
tokyo_80415_relational_after,80415,core,relational_after,3,2018_1485522__event_001,NEXT,2018_1485522__event_002,False,,False
tokyo_80415_relational_after,80415,core,relational_after,4,2018_1485496__event_002,SELF,2018_1485496__event_002,True,4,False
tokyo_80415_relational_after,80415,core,relational_after,4,2018_1485496__event_002,PREVIOUS,2018_1485496__event_001,True,5,False
tokyo_80415_relational_after,80415,core,relational_after,5,2018_1485532__event_002,SELF,2018_1485532__event_002,True,6,False
tokyo_80415_relational_after,80415,core,relational_after,5,2018_1485532__event_002,PREVIOUS,2018_1485532__event_001,True,7,False
tokyo_80415_semantic,80415,core,semantic,1,2018_1485473__event_002,SELF,2018_1485473__event_002,True,1,False
tokyo_80415_semantic,80415,core,semantic,1,2018_1485473__event_002,PREVIOUS,2018_1485473__event_001,True,2,False
tokyo_80415_semantic,80415,core,semantic,1,2018_1485473__event_002,NEXT,2018_1485473__event_003,True,3,False
tokyo_80415_semantic,80415,core,semantic,2,2018_1485473__event_003,SELF,2018_1485473__event_003,False,,False
tokyo_80415_semantic,80415,core,semantic,2,2018_1485473__event_003,PREVIOUS,2018_1485473__event_002,False,,False
tokyo_80415_semantic,80415,core,semantic,3,2018_1485473__event_001,SELF,2018_1485473__event_001,False,,False
tokyo_80415_semantic,80415,core,semantic,3,2018_1485473__event_001,NEXT,2018_1485473__event_002,False,,False
tokyo_80415_semantic,80415,core,semantic,4,2018_1485522__event_001,SELF,2018_1485522__event_001,True,4,False
tokyo_80415_semantic,80415,core,semantic,4,2018_1485522__event_001,NEXT,2018_1485522__event_002,True,5,False
tokyo_80415_semantic,80415,core,semantic,5,2018_1485514__event_002,SELF,2018_1485514__event_002,True,6,False
tokyo_80415_semantic,80415,core,semantic,5,2018_1485514__event_002,PREVIOUS,2018_1485514__event_001,True,7,False
tokyo_80415_temporal_spatial,80415,core,temporal_spatial,1,2018_1485532__event_002,SELF,2018_1485532__event_002,True,1,False
tokyo_80415_temporal_spatial,80415,core,temporal_spatial,1,2018_1485532__event_002,PREVIOUS,2018_1485532__event_001,True,2,False
tokyo_80415_temporal_spatial,80415,core,temporal_spatial,2,2018_1485536__event_002,SELF,2018_1485536__event_002,True,3,False
tokyo_80415_temporal_spatial,80415,core,temporal_spatial,2,2018_1485536__event_002,PREVIOUS,2018_1485536__event_001,True,4,False
tokyo_80415_temporal_spatial,80415,core,temporal_spatial,3,2018_1485532__event_001,SELF,2018_1485532__event_001,False,,False
tokyo_80415_temporal_spatial,80415,core,temporal_spatial,3,2018_1485532__event_001,NEXT,2018_1485532__event_002,False,,False
tokyo_80415_temporal_spatial,80415,core,temporal_spatial,4,2018_1485496__event_002,SELF,2018_1485496__event_002,True,5,False
tokyo_80415_temporal_spatial,80415,core,temporal_spatial,4,2018_1485496__event_002,PREVIOUS,2018_1485496__event_001,True,6,False
tokyo_80415_temporal_spatial,80415,core,temporal_spatial,5,2018_1485536__event_001,SELF,2018_1485536__event_001,False,,False
tokyo_80415_temporal_spatial,80415,core,temporal_spatial,5,2018_1485536__event_001,NEXT,2018_1485536__event_002,False,,False
tokyo_80480_relational_after,80480,core,relational_after,1,2018_1486542__event_001,SELF,2018_1486542__event_001,True,1,False
tokyo_80480_relational_after,80480,core,relational_after,1,2018_1486542__event_001,NEXT,2018_1486542__event_002,True,2,False
tokyo_80480_relational_after,80480,core,relational_after,2,2018_1486542__event_002,SELF,2018_1486542__event_002,False,,False
tokyo_80480_relational_after,80480,core,relational_after,2,2018_1486542__event_002,PREVIOUS,2018_1486542__event_001,False,,False
tokyo_80480_relational_after,80480,core,relational_after,2,2018_1486542__event_002,NEXT,2018_1486542__event_003,True,3,False
tokyo_80480_relational_after,80480,core,relational_after,3,2018_1486537__event_004,SELF,2018_1486537__event_004,True,4,False
tokyo_80480_relational_after,80480,core,relational_after,3,2018_1486537__event_004,PREVIOUS,2018_1486537__event_003,True,5,False
tokyo_80480_relational_after,80480,core,relational_after,4,2018_1486542__event_003,SELF,2018_1486542__event_003,False,,False
tokyo_80480_relational_after,80480,core,relational_after,4,2018_1486542__event_003,PREVIOUS,2018_1486542__event_002,False,,False
tokyo_80480_relational_after,80480,core,relational_after,5,2018_1486523__event_001,SELF,2018_1486523__event_001,True,6,False
tokyo_80480_relational_after,80480,core,relational_after,5,2018_1486523__event_001,NEXT,2018_1486523__event_002,True,7,False
tokyo_80480_semantic,80480,core,semantic,1,2018_1486548__event_001,SELF,2018_1486548__event_001,True,1,False
tokyo_80480_semantic,80480,core,semantic,1,2018_1486548__event_001,NEXT,2018_1486548__event_002,True,2,False
tokyo_80480_semantic,80480,core,semantic,2,2018_1486540__event_003,SELF,2018_1486540__event_003,True,3,False
tokyo_80480_semantic,80480,core,semantic,2,2018_1486540__event_003,PREVIOUS,2018_1486540__event_002,True,4,False
tokyo_80480_semantic,80480,core,semantic,3,2018_1486514__event_002,SELF,2018_1486514__event_002,True,5,False
tokyo_80480_semantic,80480,core,semantic,3,2018_1486514__event_002,PREVIOUS,2018_1486514__event_001,True,6,False
tokyo_80480_semantic,80480,core,semantic,4,2018_1486537__event_004,SELF,2018_1486537__event_004,True,7,False
tokyo_80480_semantic,80480,core,semantic,4,2018_1486537__event_004,PREVIOUS,2018_1486537__event_003,True,8,False
tokyo_80480_semantic,80480,core,semantic,5,2018_1486542__event_001,SELF,2018_1486542__event_001,True,9,False
tokyo_80480_semantic,80480,core,semantic,5,2018_1486542__event_001,NEXT,2018_1486542__event_002,True,10,False
tokyo_80480_temporal_spatial,80480,core,temporal_spatial,1,2018_1486544__event_002,SELF,2018_1486544__event_002,True,1,False
tokyo_80480_temporal_spatial,80480,core,temporal_spatial,1,2018_1486544__event_002,PREVIOUS,2018_1486544__event_001,True,2,False
tokyo_80480_temporal_spatial,80480,core,temporal_spatial,2,2018_1486514__event_001,SELF,2018_1486514__event_001,True,3,False
tokyo_80480_temporal_spatial,80480,core,temporal_spatial,2,2018_1486514__event_001,NEXT,2018_1486514__event_002,True,4,False
tokyo_80480_temporal_spatial,80480,core,temporal_spatial,3,2018_1486537__event_002,SELF,2018_1486537__event_002,True,5,False
tokyo_80480_temporal_spatial,80480,core,temporal_spatial,3,2018_1486537__event_002,PREVIOUS,2018_1486537__event_001,True,6,False
tokyo_80480_temporal_spatial,80480,core,temporal_spatial,3,2018_1486537__event_002,NEXT,2018_1486537__event_003,True,7,False
tokyo_80480_temporal_spatial,80480,core,temporal_spatial,4,2018_1486542__event_001,SELF,2018_1486542__event_001,True,8,False
tokyo_80480_temporal_spatial,80480,core,temporal_spatial,4,2018_1486542__event_001,NEXT,2018_1486542__event_002,True,9,False
tokyo_80480_temporal_spatial,80480,core,temporal_spatial,5,2018_1486551__event_002,SELF,2018_1486551__event_002,True,10,False
tokyo_80480_temporal_spatial,80480,core,temporal_spatial,5,2018_1486551__event_002,PREVIOUS,2018_1486551__event_001,True,11,False
tokyo_86988_relational_after,86988,core,relational_after,1,2018_1596296__event_001,SELF,2018_1596296__event_001,True,1,True
tokyo_86988_relational_after,86988,core,relational_after,1,2018_1596296__event_001,NEXT,2018_1596296__event_002,True,2,True
tokyo_86988_relational_after,86988,core,relational_after,2,2018_1596296__event_002,SELF,2018_1596296__event_002,False,,True
tokyo_86988_relational_after,86988,core,relational_after,2,2018_1596296__event_002,PREVIOUS,2018_1596296__event_001,False,,True
tokyo_86988_relational_after,86988,core,relational_after,2,2018_1596296__event_002,NEXT,2018_1596296__event_003,True,3,True
tokyo_86988_relational_after,86988,core,relational_after,3,2018_1596277__event_003,SELF,2018_1596277__event_003,True,4,True
tokyo_86988_relational_after,86988,core,relational_after,3,2018_1596277__event_003,PREVIOUS,2018_1596277__event_002,True,5,True
tokyo_86988_relational_after,86988,core,relational_after,4,2018_1596283__event_002,SELF,2018_1596283__event_002,True,6,True
tokyo_86988_relational_after,86988,core,relational_after,4,2018_1596283__event_002,PREVIOUS,2018_1596283__event_001,True,7,True
tokyo_86988_relational_after,86988,core,relational_after,5,2018_1596283__event_001,SELF,2018_1596283__event_001,False,,True
tokyo_86988_relational_after,86988,core,relational_after,5,2018_1596283__event_001,NEXT,2018_1596283__event_002,False,,True
tokyo_86988_semantic,86988,core,semantic,1,2018_1596327__event_005,SELF,2018_1596327__event_005,True,1,True
tokyo_86988_semantic,86988,core,semantic,1,2018_1596327__event_005,PREVIOUS,2018_1596327__event_004,True,2,True
tokyo_86988_semantic,86988,core,semantic,2,2018_1596283__event_002,SELF,2018_1596283__event_002,True,3,True
tokyo_86988_semantic,86988,core,semantic,2,2018_1596283__event_002,PREVIOUS,2018_1596283__event_001,True,4,True
tokyo_86988_semantic,86988,core,semantic,3,2018_1596283__event_001,SELF,2018_1596283__event_001,False,,True
tokyo_86988_semantic,86988,core,semantic,3,2018_1596283__event_001,NEXT,2018_1596283__event_002,False,,True
tokyo_86988_semantic,86988,core,semantic,4,2018_1596317__event_001,SELF,2018_1596317__event_001,True,5,True
tokyo_86988_semantic,86988,core,semantic,4,2018_1596317__event_001,NEXT,2018_1596317__event_002,True,6,True
tokyo_86988_semantic,86988,core,semantic,5,2018_1596327__event_001,SELF,2018_1596327__event_001,True,7,True
tokyo_86988_semantic,86988,core,semantic,5,2018_1596327__event_001,NEXT,2018_1596327__event_002,True,8,True
tokyo_86988_temporal_spatial,86988,core,temporal_spatial,1,2018_1596277__event_003,SELF,2018_1596277__event_003,True,1,True
tokyo_86988_temporal_spatial,86988,core,temporal_spatial,1,2018_1596277__event_003,PREVIOUS,2018_1596277__event_002,True,2,True
tokyo_86988_temporal_spatial,86988,core,temporal_spatial,2,2018_1596283__event_002,SELF,2018_1596283__event_002,True,3,True
tokyo_86988_temporal_spatial,86988,core,temporal_spatial,2,2018_1596283__event_002,PREVIOUS,2018_1596283__event_001,True,4,True
tokyo_86988_temporal_spatial,86988,core,temporal_spatial,3,2018_1596324__event_002,SELF,2018_1596324__event_002,True,5,True
tokyo_86988_temporal_spatial,86988,core,temporal_spatial,3,2018_1596324__event_002,PREVIOUS,2018_1596324__event_001,True,6,True
tokyo_86988_temporal_spatial,86988,core,temporal_spatial,4,2018_1596284__event_002,SELF,2018_1596284__event_002,True,7,True
tokyo_86988_temporal_spatial,86988,core,temporal_spatial,4,2018_1596284__event_002,PREVIOUS,2018_1596284__event_001,True,8,True
tokyo_86988_temporal_spatial,86988,core,temporal_spatial,5,2018_1596300__event_003,SELF,2018_1596300__event_003,True,9,True
tokyo_86988_temporal_spatial,86988,core,temporal_spatial,5,2018_1596300__event_003,PREVIOUS,2018_1596300__event_002,True,10,True
tokyo_86988_temporal_spatial,86988,core,temporal_spatial,5,2018_1596300__event_003,NEXT,2018_1596300__event_004,True,11,True
tokyo_87391_temporal_spatial,87391,core,temporal_spatial,1,2018_1602172__event_001,SELF,2018_1602172__event_001,True,1,False
tokyo_87391_temporal_spatial,87391,core,temporal_spatial,1,2018_1602172__event_001,NEXT,2018_1602172__event_002,True,2,False
tokyo_87391_temporal_spatial,87391,core,temporal_spatial,2,2018_1602162__event_001,SELF,2018_1602162__event_001,True,3,False
tokyo_87391_temporal_spatial,87391,core,temporal_spatial,2,2018_1602162__event_001,NEXT,2018_1602162__event_002,True,4,False
tokyo_87391_temporal_spatial,87391,core,temporal_spatial,3,2018_1602172__event_002,SELF,2018_1602172__event_002,False,,False
tokyo_87391_temporal_spatial,87391,core,temporal_spatial,3,2018_1602172__event_002,PREVIOUS,2018_1602172__event_001,False,,False
tokyo_87391_temporal_spatial,87391,core,temporal_spatial,4,2018_1602165__event_001,SELF,2018_1602165__event_001,True,5,False
tokyo_87391_temporal_spatial,87391,core,temporal_spatial,4,2018_1602165__event_001,NEXT,2018_1602165__event_002,True,6,False
tokyo_87391_temporal_spatial,87391,core,temporal_spatial,5,2018_1602164__event_002,SELF,2018_1602164__event_002,True,7,False
tokyo_87391_temporal_spatial,87391,core,temporal_spatial,5,2018_1602164__event_002,PREVIOUS,2018_1602164__event_001,True,8,False
tokyo_88625_relational_after,88625,core,relational_after,1,2018_1619235__event_003,SELF,2018_1619235__event_003,True,1,False
tokyo_88625_relational_after,88625,core,relational_after,1,2018_1619235__event_003,PREVIOUS,2018_1619235__event_002,True,2,False
tokyo_88625_relational_after,88625,core,relational_after,1,2018_1619235__event_003,NEXT,2018_1619235__event_004,True,3,False
tokyo_88625_relational_after,88625,core,relational_after,2,2018_1619225__event_003,SELF,2018_1619225__event_003,True,4,False
tokyo_88625_relational_after,88625,core,relational_after,2,2018_1619225__event_003,PREVIOUS,2018_1619225__event_002,True,5,False
tokyo_88625_relational_after,88625,core,relational_after,3,2018_1619235__event_004,SELF,2018_1619235__event_004,False,,False
tokyo_88625_relational_after,88625,core,relational_after,3,2018_1619235__event_004,PREVIOUS,2018_1619235__event_003,False,,False
tokyo_88625_relational_after,88625,core,relational_after,4,2018_1619225__event_002,SELF,2018_1619225__event_002,False,,False
tokyo_88625_relational_after,88625,core,relational_after,4,2018_1619225__event_002,PREVIOUS,2018_1619225__event_001,True,6,False
tokyo_88625_relational_after,88625,core,relational_after,4,2018_1619225__event_002,NEXT,2018_1619225__event_003,False,,False
tokyo_88625_relational_after,88625,core,relational_after,5,2018_1619235__event_002,SELF,2018_1619235__event_002,False,,False
tokyo_88625_relational_after,88625,core,relational_after,5,2018_1619235__event_002,PREVIOUS,2018_1619235__event_001,True,7,False
tokyo_88625_relational_after,88625,core,relational_after,5,2018_1619235__event_002,NEXT,2018_1619235__event_003,False,,False
tokyo_88625_semantic,88625,core,semantic,1,2018_1619218__event_002,SELF,2018_1619218__event_002,True,1,False
tokyo_88625_semantic,88625,core,semantic,1,2018_1619218__event_002,PREVIOUS,2018_1619218__event_001,True,2,False
tokyo_88625_semantic,88625,core,semantic,2,2018_1619230__event_001,SELF,2018_1619230__event_001,True,3,False
tokyo_88625_semantic,88625,core,semantic,2,2018_1619230__event_001,NEXT,2018_1619230__event_002,True,4,False
tokyo_88625_semantic,88625,core,semantic,3,2018_1619234__event_002,SELF,2018_1619234__event_002,True,5,False
tokyo_88625_semantic,88625,core,semantic,3,2018_1619234__event_002,PREVIOUS,2018_1619234__event_001,True,6,False
tokyo_88625_semantic,88625,core,semantic,4,2018_1619240__event_002,SELF,2018_1619240__event_002,True,7,False
tokyo_88625_semantic,88625,core,semantic,4,2018_1619240__event_002,PREVIOUS,2018_1619240__event_001,True,8,False
tokyo_88625_semantic,88625,core,semantic,5,2018_1619236__event_001,SELF,2018_1619236__event_001,True,9,False
tokyo_88625_semantic,88625,core,semantic,5,2018_1619236__event_001,NEXT,2018_1619236__event_002,True,10,False
tokyo_88625_temporal_spatial,88625,core,temporal_spatial,1,2018_1619221__event_002,SELF,2018_1619221__event_002,True,1,False
tokyo_88625_temporal_spatial,88625,core,temporal_spatial,1,2018_1619221__event_002,PREVIOUS,2018_1619221__event_001,True,2,False
tokyo_88625_temporal_spatial,88625,core,temporal_spatial,1,2018_1619221__event_002,NEXT,2018_1619221__event_003,True,3,False
tokyo_88625_temporal_spatial,88625,core,temporal_spatial,2,2018_1619240__event_001,SELF,2018_1619240__event_001,True,4,False
tokyo_88625_temporal_spatial,88625,core,temporal_spatial,2,2018_1619240__event_001,NEXT,2018_1619240__event_002,True,5,False
tokyo_88625_temporal_spatial,88625,core,temporal_spatial,3,2018_1619234__event_001,SELF,2018_1619234__event_001,True,6,False
tokyo_88625_temporal_spatial,88625,core,temporal_spatial,3,2018_1619234__event_001,NEXT,2018_1619234__event_002,True,7,False
tokyo_88625_temporal_spatial,88625,core,temporal_spatial,4,2018_1619222__event_001,SELF,2018_1619222__event_001,True,8,False
tokyo_88625_temporal_spatial,88625,core,temporal_spatial,4,2018_1619222__event_001,NEXT,2018_1619222__event_002,True,9,False
tokyo_88625_temporal_spatial,88625,core,temporal_spatial,5,2018_1619231__event_003,SELF,2018_1619231__event_003,True,10,False
tokyo_88625_temporal_spatial,88625,core,temporal_spatial,5,2018_1619231__event_003,PREVIOUS,2018_1619231__event_002,True,11,False
tokyo_88793_relational_after,88793,core,relational_after,1,2018_1621573__event_002,SELF,2018_1621573__event_002,True,1,True
tokyo_88793_relational_after,88793,core,relational_after,1,2018_1621573__event_002,PREVIOUS,2018_1621573__event_001,True,2,True
tokyo_88793_relational_after,88793,core,relational_after,2,2018_1621573__event_001,SELF,2018_1621573__event_001,False,,True
tokyo_88793_relational_after,88793,core,relational_after,2,2018_1621573__event_001,NEXT,2018_1621573__event_002,False,,True
tokyo_88793_relational_after,88793,core,relational_after,3,2018_1621582__event_001,SELF,2018_1621582__event_001,True,3,True
tokyo_88793_relational_after,88793,core,relational_after,3,2018_1621582__event_001,NEXT,2018_1621582__event_002,True,4,True
tokyo_88793_relational_after,88793,core,relational_after,4,2018_1621590__event_001,SELF,2018_1621590__event_001,True,5,True
tokyo_88793_relational_after,88793,core,relational_after,4,2018_1621590__event_001,NEXT,2018_1621590__event_002,True,6,True
tokyo_88793_relational_after,88793,core,relational_after,5,2018_1621566__event_002,SELF,2018_1621566__event_002,True,7,True
tokyo_88793_relational_after,88793,core,relational_after,5,2018_1621566__event_002,PREVIOUS,2018_1621566__event_001,True,8,True
tokyo_88793_semantic,88793,core,semantic,1,2018_1621568__event_002,SELF,2018_1621568__event_002,True,1,True
tokyo_88793_semantic,88793,core,semantic,1,2018_1621568__event_002,PREVIOUS,2018_1621568__event_001,True,2,True
tokyo_88793_semantic,88793,core,semantic,2,2018_1621568__event_001,SELF,2018_1621568__event_001,False,,True
tokyo_88793_semantic,88793,core,semantic,2,2018_1621568__event_001,NEXT,2018_1621568__event_002,False,,True
tokyo_88793_semantic,88793,core,semantic,3,2018_1621567__event_002,SELF,2018_1621567__event_002,True,3,True
tokyo_88793_semantic,88793,core,semantic,3,2018_1621567__event_002,PREVIOUS,2018_1621567__event_001,True,4,True
tokyo_88793_semantic,88793,core,semantic,4,2018_1621562__event_004,SELF,2018_1621562__event_004,True,5,True
tokyo_88793_semantic,88793,core,semantic,4,2018_1621562__event_004,PREVIOUS,2018_1621562__event_003,True,6,True
tokyo_88793_semantic,88793,core,semantic,5,2018_1621564__event_001,SELF,2018_1621564__event_001,True,7,True
tokyo_88793_semantic,88793,core,semantic,5,2018_1621564__event_001,NEXT,2018_1621564__event_002,True,8,True
tokyo_88793_temporal_spatial,88793,core,temporal_spatial,1,2018_1621582__event_002,SELF,2018_1621582__event_002,True,1,True
tokyo_88793_temporal_spatial,88793,core,temporal_spatial,1,2018_1621582__event_002,PREVIOUS,2018_1621582__event_001,True,2,True
tokyo_88793_temporal_spatial,88793,core,temporal_spatial,2,2018_1621591__event_002,SELF,2018_1621591__event_002,True,3,True
tokyo_88793_temporal_spatial,88793,core,temporal_spatial,2,2018_1621591__event_002,PREVIOUS,2018_1621591__event_001,True,4,True
tokyo_88793_temporal_spatial,88793,core,temporal_spatial,3,2018_1621582__event_001,SELF,2018_1621582__event_001,False,,True
tokyo_88793_temporal_spatial,88793,core,temporal_spatial,3,2018_1621582__event_001,NEXT,2018_1621582__event_002,False,,True
tokyo_88793_temporal_spatial,88793,core,temporal_spatial,4,2018_1621580__event_001,SELF,2018_1621580__event_001,True,5,True
tokyo_88793_temporal_spatial,88793,core,temporal_spatial,4,2018_1621580__event_001,NEXT,2018_1621580__event_002,True,6,True
tokyo_88793_temporal_spatial,88793,core,temporal_spatial,5,2018_1621573__event_002,SELF,2018_1621573__event_002,True,7,True
tokyo_88793_temporal_spatial,88793,core,temporal_spatial,5,2018_1621573__event_002,PREVIOUS,2018_1621573__event_001,True,8,True
