row_index,event_id,user_id,is_high_memory_load
0,2018_1765784__event_001,100159,True
1,2018_1765784__event_002,100159,True
2,2018_1765785__event_001,100159,True
3,2018_1765785__event_002,100159,True
4,2018_1765788__event_001,100159,True
5,2018_1765788__event_002,100159,True
6,2018_1765792__event_001,100159,True
7,2018_1765792__event_002,100159,True
8,2018_1765796__event_001,100159,True
9,2018_1765796__event_002,100159,True
10,2018_1765797__event_001,100159,True
11,2018_1765797__event_002,100159,True
12,2018_1765798__event_001,100159,True
13,2018_1765798__event_002,100159,True
14,2018_1765800__event_001,100159,True
15,2018_1765800__event_002,100159,True
16,2018_1765802__event_001,100159,True
17,2018_1765802__event_002,100159,True
18,2018_1765805__event_001,100159,True
19,2018_1765805__event_002,100159,True
20,2018_1765809__event_001,100159,True
21,2018_1765809__event_002,100159,True
22,2018_1765810__event_001,100159,True
23,2018_1765810__event_002,100159,True
24,2018_1765814__event_001,100159,True
25,2018_1765814__event_002,100159,True
26,2018_1765816__event_001,100159,True
27,2018_1765816__event_002,100159,True
28,2018_1765818__event_001,100159,True
29,2018_1765818__event_002,100159,True
30,2018_1765820__event_001,100159,True
31,2018_1765820__event_002,100159,True
32,2018_1765823__event_001,100159,True
33,2018_1765823__event_002,100159,True
34,2018_1765825__event_001,100159,True
35,2018_1765825__event_002,100159,True
36,2018_1765827__event_001,100159,True
37,2018_1765827__event_002,100159,True
38,2018_1765830__event_001,100159,True
39,2018_1765830__event_002,100159,True
40,2018_1765836__event_001,100159,True
41,2018_1765836__event_002,100159,True
42,2018_1765837__event_001,100159,True
43,2018_1765837__event_002,100159,True
44,2018_1767863__event_001,100312,True
45,2018_1767863__event_002,100312,True
46,2018_1767866__event_001,100312,True
47,2018_1767866__event_002,100312,True
48,2018_1767867__event_001,100312,True
49,2018_1767867__event_002,100312,True
50,2018_1767870__event_001,100312,True
51,2018_1767870__event_002,100312,True
52,2018_1767876__event_001,100312,True
53,2018_1767876__event_002,100312,True
54,2018_1767879__event_001,100312,True
55,2018_1767879__event_002,100312,True
56,2018_1767880__event_001,100312,True
57,2018_1767880__event_002,100312,True
58,2018_1767885__event_001,100312,True
59,2018_1767885__event_002,100312,True
60,2018_1767887__event_001,100312,True
61,2018_1767887__event_002,100312,True
62,2018_1767890__event_001,100312,True
63,2018_1767890__event_002,100312,True
64,2018_1767893__event_001,100312,True
65,2018_1767893__event_002,100312,True
66,2018_1767895__event_001,100312,True
67,2018_1767895__event_002,100312,True
68,2018_1767902__event_001,100312,True
69,2018_1767902__event_002,100312,True
70,2018_1767903__event_001,100312,True
71,2018_1767903__event_002,100312,True
72,2018_1767905__event_001,100312,True
73,2018_1767905__event_002,100312,True
74,2018_1767907__event_001,100312,True
75,2018_1767907__event_002,100312,True
76,2018_1767907__event_003,100312,True
77,2018_1767913__event_001,100312,True
78,2018_1767913__event_002,100312,True
79,2018_1767914__event_001,100312,True
80,2018_1767914__event_002,100312,True
81,2018_1767921__event_001,100312,True
82,2018_1767921__event_002,100312,True
83,2018_1767925__event_001,100312,True
84,2018_1767925__event_002,100312,True
85,2018_1767926__event_001,100312,True
86,2018_1767926__event_002,100312,True
87,2018_1767933__event_001,100312,True
88,2018_1767933__event_002,100312,True
89,2018_1767934__event_001,100312,True
90,2018_1767934__event_002,100312,True
91,2018_1767935__event_001,100312,True
92,2018_1767935__event_002,100312,True
93,2018_1767940__event_001,100312,True
94,2018_1767940__event_002,100312,True
95,2018_1767941__event_001,100312,True
96,2018_1767941__event_002,100312,True
97,2018_1767945__event_001,100312,True
98,2018_1767945__event_002,100312,True
99,2018_1767947__event_001,100312,True
100,2018_1767947__event_002,100312,True
101,2018_1767950__event_001,100312,True
102,2018_1767950__event_002,100312,True
103,2018_1767953__event_001,100312,True
104,2018_1767953__event_002,100312,True
105,2018_1767953__event_003,100312,True
106,2018_1767957__event_001,100312,True
107,2018_1767957__event_002,100312,True
108,2018_1767958__event_001,100312,True
109,2018_1767958__event_002,100312,True
110,2018_1767963__event_001,100312,True
111,2018_1767963__event_002,100312,True
112,2018_1767964__event_001,100312,True
113,2018_1767964__event_002,100312,True
114,2018_1773204__event_001,100677,False
115,2018_1773204__event_002,100677,False
116,2018_1773205__event_001,100677,False
117,2018_1773205__event_002,100677,False
118,2018_1773206__event_001,100677,False
119,2018_1773206__event_002,100677,False
120,2018_1773208__event_001,100677,False
121,2018_1773208__event_002,100677,False
122,2018_1773210__event_001,100677,False
123,2018_1773210__event_002,100677,False
124,2018_1773217__event_001,100677,False
125,2018_1773217__event_002,100677,False
126,2018_1773218__event_001,100677,False
127,2018_1773218__event_002,100677,False
128,2018_1773220__event_001,100677,False
129,2018_1773220__event_002,100677,False
130,2018_1773227__event_001,100677,False
131,2018_1773227__event_002,100677,False
132,2018_1773233__event_001,100677,False
133,2018_1773233__event_002,100677,False
134,2018_1784985__event_001,101467,False
135,2018_1784985__event_002,101467,False
136,2018_1784986__event_001,101467,False
137,2018_1784986__event_002,101467,False
138,2018_1784987__event_001,101467,False
139,2018_1784987__event_002,101467,False
140,2018_1784988__event_001,101467,False
141,2018_1784988__event_002,101467,False
142,2018_1784989__event_001,101467,False
143,2018_1784989__event_002,101467,False
144,2018_1784990__event_001,101467,False
145,2018_1784990__event_002,101467,False
146,2018_1784991__event_001,101467,False
147,2018_1784991__event_002,101467,False
148,2018_1784992__event_001,101467,False
149,2018_1784992__event_002,101467,False
150,2018_1784993__event_001,101467,False
151,2018_1784993__event_002,101467,False
152,2018_1784994__event_001,101467,False
153,2018_1784994__event_002,101467,False
154,2018_1784994__event_003,101467,False
155,2018_1784994__event_004,101467,False
156,2018_1784994__event_005,101467,False
157,2018_1784996__event_001,101467,False
158,2018_1784996__event_002,101467,False
159,2018_1785000__event_001,101467,False
160,2018_1785000__event_002,101467,False
161,2018_1785000__event_003,101467,False
162,2018_1785001__event_001,101467,False
163,2018_1785001__event_002,101467,False
164,2018_1785003__event_001,101467,False
165,2018_1785003__event_002,101467,False
166,2018_1785003__event_003,101467,False
167,2018_1785004__event_001,101467,False
168,2018_1785004__event_002,101467,False
169,2018_1785005__event_001,101467,False
170,2018_1785005__event_002,101467,False
171,2018_1785005__event_003,101467,False
172,2018_1785009__event_001,101467,False
173,2018_1785009__event_002,101467,False
174,2018_1785013__event_001,101467,False
175,2018_1785013__event_002,101467,False
176,2018_1816112__event_001,103621,False
177,2018_1816112__event_002,103621,False
178,2018_1816118__event_001,103621,False
179,2018_1816118__event_002,103621,False
180,2018_1816120__event_001,103621,False
181,2018_1816120__event_002,103621,False
182,2018_1816122__event_001,103621,False
183,2018_1816122__event_002,103621,False
184,2018_1816124__event_001,103621,False
185,2018_1816124__event_002,103621,False
186,2018_1816125__event_001,103621,False
187,2018_1816125__event_002,103621,False
188,2018_1816127__event_001,103621,False
189,2018_1816127__event_002,103621,False
190,2018_1816128__event_001,103621,False
191,2018_1816128__event_002,103621,False
192,2018_1816129__event_001,103621,False
193,2018_1816129__event_002,103621,False
194,2018_1816131__event_001,103621,False
195,2018_1816131__event_002,103621,False
196,2018_1816137__event_001,103621,False
197,2018_1816137__event_002,103621,False
198,2018_1816139__event_001,103621,False
199,2018_1816139__event_002,103621,False
200,2018_1816142__event_001,103621,False
201,2018_1816142__event_002,103621,False
202,2018_1860367__event_001,106628,True
203,2018_1860367__event_002,106628,True
204,2018_1860369__event_001,106628,True
205,2018_1860369__event_002,106628,True
206,2018_1860370__event_001,106628,True
207,2018_1860370__event_002,106628,True
208,2018_1860373__event_001,106628,True
209,2018_1860373__event_002,106628,True
210,2018_1860375__event_001,106628,True
211,2018_1860375__event_002,106628,True
212,2018_1860376__event_001,106628,True
213,2018_1860376__event_002,106628,True
214,2018_1860378__event_001,106628,True
215,2018_1860378__event_002,106628,True
216,2018_1860378__event_003,106628,True
217,2018_1860379__event_001,106628,True
218,2018_1860379__event_002,106628,True
219,2018_1860384__event_001,106628,True
220,2018_1860384__event_002,106628,True
221,2018_1860387__event_001,106628,True
222,2018_1860387__event_002,106628,True
223,2018_1860388__event_001,106628,True
224,2018_1860388__event_002,106628,True
225,2018_1860391__event_001,106628,True
226,2018_1860391__event_002,106628,True
227,2018_1860391__event_003,106628,True
228,2018_1860393__event_001,106628,True
229,2018_1860393__event_002,106628,True
230,2018_1860394__event_001,106628,True
231,2018_1860394__event_002,106628,True
232,2018_1860395__event_001,106628,True
233,2018_1860395__event_002,106628,True
234,2018_1860397__event_001,106628,True
235,2018_1860397__event_002,106628,True
236,2018_1860398__event_001,106628,True
237,2018_1860398__event_002,106628,True
238,2018_1860400__event_001,106628,True
239,2018_1860400__event_002,106628,True
240,2018_1860400__event_003,106628,True
241,2018_1860401__event_001,106628,True
242,2018_1860401__event_002,106628,True
243,2018_1860403__event_001,106628,True
244,2018_1860403__event_002,106628,True
245,2018_1860405__event_001,106628,True
246,2018_1860405__event_002,106628,True
247,2018_1860406__event_001,106628,True
248,2018_1860406__event_002,106628,True
249,2018_1860406__event_003,106628,True
250,2018_1860407__event_001,106628,True
251,2018_1860407__event_002,106628,True
252,2018_1860411__event_001,106628,True
253,2018_1860411__event_002,106628,True
254,2018_1860411__event_003,106628,True
255,2018_1860411__event_004,106628,True
256,2018_1860412__event_001,106628,True
257,2018_1860412__event_002,106628,True
258,2018_1860419__event_001,106628,True
259,2018_1860419__event_002,106628,True
260,2018_1860420__event_001,106628,True
261,2018_1860420__event_002,106628,True
262,2018_1860421__event_001,106628,True
263,2018_1860421__event_002,106628,True
264,2018_1860421__event_003,106628,True
265,2018_1860423__event_001,106628,True
266,2018_1860423__event_002,106628,True
267,2018_1860432__event_001,106628,True
268,2018_1860432__event_002,106628,True
269,2018_1860433__event_001,106628,True
270,2018_1860433__event_002,106628,True
271,2018_1860435__event_001,106628,True
272,2018_1860435__event_002,106628,True
273,2018_1860436__event_001,106628,True
274,2018_1860436__event_002,106628,True
275,2018_1860437__event_001,106628,True
276,2018_1860437__event_002,106628,True
277,2018_1860440__event_001,106628,True
278,2018_1860440__event_002,106628,True
279,2018_1860441__event_001,106628,True
280,2018_1860441__event_002,106628,True
281,2018_1860441__event_003,106628,True
282,2018_1860441__event_004,106628,True
283,2018_1860443__event_001,106628,True
284,2018_1860443__event_002,106628,True
285,2018_1860443__event_003,106628,True
286,2018_1860444__event_001,106628,True
287,2018_1860444__event_002,106628,True
288,2018_1860445__event_001,106628,True
289,2018_1860445__event_002,106628,True
290,2018_1909117__event_001,109617,True
291,2018_1909117__event_002,109617,True
292,2018_1909129__event_001,109617,True
293,2018_1909129__event_002,109617,True
294,2018_1909135__event_001,109617,True
295,2018_1909135__event_002,109617,True
296,2018_1909137__event_001,109617,True
297,2018_1909137__event_002,109617,True
298,2018_1909138__event_001,109617,True
299,2018_1909138__event_002,109617,True
300,2018_1909143__event_001,109617,True
301,2018_1909143__event_002,109617,True
302,2018_1909144__event_001,109617,True
303,2018_1909144__event_002,109617,True
304,2018_1909148__event_001,109617,True
305,2018_1909148__event_002,109617,True
306,2018_1909150__event_001,109617,True
307,2018_1909150__event_002,109617,True
308,2018_1909152__event_001,109617,True
309,2018_1909152__event_002,109617,True
310,2018_1909157__event_001,109617,True
311,2018_1909157__event_002,109617,True
312,2018_1909157__event_003,109617,True
313,2018_1909158__event_001,109617,True
314,2018_1909158__event_002,109617,True
315,2018_1909158__event_003,109617,True
316,2018_1909167__event_001,109617,True
317,2018_1909167__event_002,109617,True
318,2018_1909174__event_001,109617,True
319,2018_1909174__event_002,109617,True
320,2018_1909174__event_003,109617,True
321,2018_1909175__event_001,109617,True
322,2018_1909175__event_002,109617,True
323,2018_1909177__event_001,109617,True
324,2018_1909177__event_002,109617,True
325,2018_1909177__event_003,109617,True
326,2018_1909177__event_004,109617,True
327,2018_1909178__event_001,109617,True
328,2018_1909178__event_002,109617,True
329,2018_1909179__event_001,109617,True
330,2018_1909179__event_002,109617,True
331,2018_1909179__event_003,109617,True
332,2018_1909181__event_001,109617,True
333,2018_1909181__event_002,109617,True
334,2018_1909184__event_001,109617,True
335,2018_1909184__event_002,109617,True
336,2018_1909187__event_001,109617,True
337,2018_1909187__event_002,109617,True
338,2018_1909190__event_001,109617,True
339,2018_1909190__event_002,109617,True
340,2018_1909195__event_001,109617,True
341,2018_1909195__event_002,109617,True
342,2018_1909198__event_001,109617,True
343,2018_1909198__event_002,109617,True
344,2018_1909199__event_001,109617,True
345,2018_1909199__event_002,109617,True
346,2018_1909203__event_001,109617,True
347,2018_1909203__event_002,109617,True
348,2018_1909211__event_001,109617,True
349,2018_1909211__event_002,109617,True
350,2018_1909212__event_001,109617,True
351,2018_1909212__event_002,109617,True
352,2018_1909213__event_001,109617,True
353,2018_1909213__event_002,109617,True
354,2018_1909213__event_003,109617,True
355,2018_1909214__event_001,109617,True
356,2018_1909214__event_002,109617,True
357,2018_1909214__event_003,109617,True
358,2018_1909214__event_004,109617,True
359,2018_1909365__event_001,109621,True
360,2018_1909365__event_002,109621,True
361,2018_1909366__event_001,109621,True
362,2018_1909366__event_002,109621,True
363,2018_1909367__event_001,109621,True
364,2018_1909367__event_002,109621,True
365,2018_1909367__event_003,109621,True
366,2018_1909368__event_001,109621,True
367,2018_1909368__event_002,109621,True
368,2018_1909368__event_003,109621,True
369,2018_1909368__event_004,109621,True
370,2018_1909368__event_005,109621,True
371,2018_1909369__event_001,109621,True
372,2018_1909369__event_002,109621,True
373,2018_1909369__event_003,109621,True
374,2018_1909369__event_004,109621,True
375,2018_1909369__event_005,109621,True
376,2018_1909370__event_001,109621,True
377,2018_1909370__event_002,109621,True
378,2018_1909370__event_003,109621,True
379,2018_1909370__event_004,109621,True
380,2018_1909371__event_001,109621,True
381,2018_1909371__event_002,109621,True
382,2018_1909371__event_003,109621,True
383,2018_1909371__event_004,109621,True
384,2018_1909371__event_005,109621,True
385,2018_1909371__event_006,109621,True
386,2018_1909371__event_007,109621,True
387,2018_1909371__event_008,109621,True
388,2018_1909371__event_009,109621,True
389,2018_1909371__event_010,109621,True
390,2018_1909372__event_001,109621,True
391,2018_1909372__event_002,109621,True
392,2018_1909372__event_003,109621,True
393,2018_1909372__event_004,109621,True
394,2018_1909373__event_001,109621,True
395,2018_1909373__event_002,109621,True
396,2018_1909373__event_003,109621,True
397,2018_1909373__event_004,109621,True
398,2018_1909373__event_005,109621,True
399,2018_1909373__event_006,109621,True
400,2018_1909374__event_001,109621,True
401,2018_1909374__event_002,109621,True
402,2018_1909374__event_003,109621,True
403,2018_1909374__event_004,109621,True
404,2018_1909374__event_005,109621,True
405,2018_1909375__event_001,109621,True
406,2018_1909375__event_002,109621,True
407,2018_1909375__event_003,109621,True
408,2018_1909375__event_004,109621,True
409,2018_1909376__event_001,109621,True
410,2018_1909376__event_002,109621,True
411,2018_1909376__event_003,109621,True
412,2018_1909377__event_001,109621,True
413,2018_1909377__event_002,109621,True
414,2018_1909378__event_001,109621,True
415,2018_1909378__event_002,109621,True
416,2018_1909378__event_003,109621,True
417,2018_1909379__event_001,109621,True
418,2018_1909379__event_002,109621,True
419,2018_1909379__event_003,109621,True
420,2018_1909379__event_004,109621,True
421,2018_1909382__event_001,109621,True
422,2018_1909382__event_002,109621,True
423,2018_1909383__event_001,109621,True
424,2018_1909383__event_002,109621,True
425,2018_1909383__event_003,109621,True
426,2018_1909383__event_004,109621,True
427,2018_1909384__event_001,109621,True
428,2018_1909384__event_002,109621,True
429,2018_1909385__event_001,109621,True
430,2018_1909385__event_002,109621,True
431,2018_1909386__event_001,109621,True
432,2018_1909386__event_002,109621,True
433,2018_1909388__event_001,109621,True
434,2018_1909388__event_002,109621,True
435,2018_1909389__event_001,109621,True
436,2018_1909389__event_002,109621,True
437,2018_1909390__event_001,109621,True
438,2018_1909390__event_002,109621,True
439,2018_1909390__event_003,109621,True
440,2018_1909390__event_004,109621,True
441,2018_1909390__event_005,109621,True
442,2018_1909394__event_001,109621,True
443,2018_1909394__event_002,109621,True
444,2018_1909395__event_001,109621,True
445,2018_1909395__event_002,109621,True
446,2018_1909395__event_003,109621,True
447,2018_1909396__event_001,109621,True
448,2018_1909396__event_002,109621,True
449,2018_1909397__event_001,109621,True
450,2018_1909397__event_002,109621,True
451,2018_1959234__event_001,113499,False
452,2018_1959234__event_002,113499,False
453,2018_1959234__event_003,113499,False
454,2018_1959234__event_004,113499,False
455,2018_1959236__event_001,113499,False
456,2018_1959236__event_002,113499,False
457,2018_1959238__event_001,113499,False
458,2018_1959238__event_002,113499,False
459,2018_1959240__event_001,113499,False
460,2018_1959240__event_002,113499,False
461,2018_1959242__event_001,113499,False
462,2018_1959242__event_002,113499,False
463,2018_1959243__event_001,113499,False
464,2018_1959243__event_002,113499,False
465,2018_1959244__event_001,113499,False
466,2018_1959244__event_002,113499,False
467,2018_1959247__event_001,113499,False
468,2018_1959247__event_002,113499,False
469,2018_1959249__event_001,113499,False
470,2018_1959249__event_002,113499,False
471,2018_1959250__event_001,113499,False
472,2018_1959250__event_002,113499,False
473,2018_1959251__event_001,113499,False
474,2018_1959251__event_002,113499,False
475,2018_1959253__event_001,113499,False
476,2018_1959253__event_002,113499,False
477,2018_1959257__event_001,113499,False
478,2018_1959257__event_002,113499,False
479,2018_1959258__event_001,113499,False
480,2018_1959258__event_002,113499,False
481,2018_1959258__event_003,113499,False
482,2018_1959265__event_001,113499,False
483,2018_1959265__event_002,113499,False
484,2018_1959267__event_001,113499,False
485,2018_1959267__event_002,113499,False
486,2018_1959268__event_001,113499,False
487,2018_1959268__event_002,113499,False
488,2018_1963878__event_001,113897,False
489,2018_1963878__event_002,113897,False
490,2018_1963882__event_001,113897,False
491,2018_1963882__event_002,113897,False
492,2018_1963883__event_001,113897,False
493,2018_1963883__event_002,113897,False
494,2018_1963884__event_001,113897,False
495,2018_1963884__event_002,113897,False
496,2018_1963884__event_003,113897,False
497,2018_1963887__event_001,113897,False
498,2018_1963887__event_002,113897,False
499,2018_1963895__event_001,113897,False
500,2018_1963895__event_002,113897,False
501,2018_1963899__event_001,113897,False
502,2018_1963899__event_002,113897,False
503,2018_1963902__event_001,113897,False
504,2018_1963902__event_002,113897,False
505,2018_1963904__event_001,113897,False
506,2018_1963904__event_002,113897,False
507,2018_1963910__event_001,113897,False
508,2018_1963910__event_002,113897,False
509,2018_1963911__event_001,113897,False
510,2018_1963911__event_002,113897,False
511,2018_1963911__event_003,113897,False
512,2018_1963913__event_001,113897,False
513,2018_1963913__event_002,113897,False
514,2018_1963913__event_003,113897,False
515,2018_1963915__event_001,113897,False
516,2018_1963915__event_002,113897,False
517,2018_1963919__event_001,113897,False
518,2018_1963919__event_002,113897,False
519,2018_1963921__event_001,113897,False
520,2018_1963921__event_002,113897,False
521,2018_1963922__event_001,113897,False
522,2018_1963922__event_002,113897,False
523,2018_1963924__event_001,113897,False
524,2018_1963924__event_002,113897,False
525,2018_1963925__event_001,113897,False
526,2018_1963925__event_002,113897,False
527,2018_1984781__event_001,115855,False
528,2018_1984781__event_002,115855,False
529,2018_1984785__event_001,115855,False
530,2018_1984785__event_002,115855,False
531,2018_1984790__event_001,115855,False
532,2018_1984790__event_002,115855,False
533,2018_1984790__event_003,115855,False
534,2018_1984790__event_004,115855,False
535,2018_1984791__event_001,115855,False
536,2018_1984791__event_002,115855,False
537,2018_1984792__event_001,115855,False
538,2018_1984792__event_002,115855,False
539,2018_1984793__event_001,115855,False
540,2018_1984793__event_002,115855,False
541,2018_1984798__event_001,115855,False
542,2018_1984798__event_002,115855,False
543,2018_1984800__event_001,115855,False
544,2018_1984800__event_002,115855,False
545,2018_1984806__event_001,115855,False
546,2018_1984806__event_002,115855,False
547,2018_1984807__event_001,115855,False
548,2018_1984807__event_002,115855,False
549,2018_23832__event_001,1172,True
550,2018_23832__event_002,1172,True
551,2018_23837__event_001,1172,True
552,2018_23837__event_002,1172,True
553,2018_23860__event_001,1172,True
554,2018_23860__event_002,1172,True
555,2018_23863__event_001,1172,True
556,2018_23863__event_002,1172,True
557,2018_23868__event_001,1172,True
558,2018_23868__event_002,1172,True
559,2018_23868__event_003,1172,True
560,2018_23870__event_001,1172,True
561,2018_23870__event_002,1172,True
562,2018_23876__event_001,1172,True
563,2018_23876__event_002,1172,True
564,2018_23876__event_003,1172,True
565,2018_23876__event_004,1172,True
566,2018_23879__event_001,1172,True
567,2018_23879__event_002,1172,True
568,2018_23879__event_003,1172,True
569,2018_23883__event_001,1172,True
570,2018_23883__event_002,1172,True
571,2018_23883__event_003,1172,True
572,2018_23884__event_001,1172,True
573,2018_23884__event_002,1172,True
574,2018_23885__event_001,1172,True
575,2018_23885__event_002,1172,True
576,2018_23885__event_003,1172,True
577,2018_23888__event_001,1172,True
578,2018_23888__event_002,1172,True
579,2018_23888__event_003,1172,True
580,2018_23894__event_001,1172,True
581,2018_23894__event_002,1172,True
582,2018_23905__event_001,1172,True
583,2018_23905__event_002,1172,True
584,2018_23911__event_001,1172,True
585,2018_23911__event_002,1172,True
586,2018_23915__event_001,1172,True
587,2018_23915__event_002,1172,True
588,2018_23917__event_001,1172,True
589,2018_23917__event_002,1172,True
590,2018_23921__event_001,1172,True
591,2018_23921__event_002,1172,True
592,2018_23923__event_001,1172,True
593,2018_23923__event_002,1172,True
594,2018_23928__event_001,1172,True
595,2018_23928__event_002,1172,True
596,2018_23929__event_001,1172,True
597,2018_23929__event_002,1172,True
598,2018_23929__event_003,1172,True
599,2018_23929__event_004,1172,True
600,2018_23931__event_001,1172,True
601,2018_23931__event_002,1172,True
602,2018_23932__event_001,1172,True
603,2018_23932__event_002,1172,True
604,2018_23932__event_003,1172,True
605,2018_23935__event_001,1172,True
606,2018_23935__event_002,1172,True
607,2018_23935__event_003,1172,True
608,2018_23942__event_001,1172,True
609,2018_23942__event_002,1172,True
610,2018_23942__event_003,1172,True
611,2018_23945__event_001,1172,True
612,2018_23945__event_002,1172,True
613,2018_23947__event_001,1172,True
614,2018_23947__event_002,1172,True
615,2018_23965__event_001,1172,True
616,2018_23965__event_002,1172,True
617,2018_23968__event_001,1172,True
618,2018_23968__event_002,1172,True
619,2018_23979__event_001,1172,True
620,2018_23979__event_002,1172,True
621,2018_23979__event_003,1172,True
622,2018_2023457__event_001,119597,False
623,2018_2023457__event_002,119597,False
624,2018_2023460__event_001,119597,False
625,2018_2023460__event_002,119597,False
626,2018_2023460__event_003,119597,False
627,2018_2023466__event_001,119597,False
628,2018_2023466__event_002,119597,False
629,2018_2023466__event_003,119597,False
630,2018_2023469__event_001,119597,False
631,2018_2023469__event_002,119597,False
632,2018_2023472__event_001,119597,False
633,2018_2023472__event_002,119597,False
634,2018_2023473__event_001,119597,False
635,2018_2023473__event_002,119597,False
636,2018_2023474__event_001,119597,False
637,2018_2023474__event_002,119597,False
638,2018_2023479__event_001,119597,False
639,2018_2023479__event_002,119597,False
640,2018_2023481__event_001,119597,False
641,2018_2023481__event_002,119597,False
642,2018_2023481__event_003,119597,False
643,2018_2023481__event_004,119597,False
644,2018_2023484__event_001,119597,False
645,2018_2023484__event_002,119597,False
646,2018_2023484__event_003,119597,False
647,2018_2023484__event_004,119597,False
648,2018_2023484__event_005,119597,False
649,2018_2023487__event_001,119597,False
650,2018_2023487__event_002,119597,False
651,2018_2023491__event_001,119597,False
652,2018_2023491__event_002,119597,False
653,2018_2023495__event_001,119597,False
654,2018_2023495__event_002,119597,False
655,2018_2023500__event_001,119597,False
656,2018_2023500__event_002,119597,False
657,2018_2023503__event_001,119597,False
658,2018_2023503__event_002,119597,False
659,2018_2047595__event_001,121554,False
660,2018_2047595__event_002,121554,False
661,2018_2047600__event_001,121554,False
662,2018_2047600__event_002,121554,False
663,2018_2047604__event_001,121554,False
664,2018_2047604__event_002,121554,False
665,2018_2047606__event_001,121554,False
666,2018_2047606__event_002,121554,False
667,2018_2047606__event_003,121554,False
668,2018_2047606__event_004,121554,False
669,2018_2047606__event_005,121554,False
670,2018_2047607__event_001,121554,False
671,2018_2047607__event_002,121554,False
672,2018_2047609__event_001,121554,False
673,2018_2047609__event_002,121554,False
674,2018_2047609__event_003,121554,False
675,2018_2047610__event_001,121554,False
676,2018_2047610__event_002,121554,False
677,2018_2047612__event_001,121554,False
678,2018_2047612__event_002,121554,False
679,2018_2047613__event_001,121554,False
680,2018_2047613__event_002,121554,False
681,2018_2047613__event_003,121554,False
682,2018_2047617__event_001,121554,False
683,2018_2047617__event_002,121554,False
684,2018_2047618__event_001,121554,False
685,2018_2047618__event_002,121554,False
686,2018_2047619__event_001,121554,False
687,2018_2047619__event_002,121554,False
688,2018_2047626__event_001,121554,False
689,2018_2047626__event_002,121554,False
690,2018_2118347__event_001,126183,True
691,2018_2118347__event_002,126183,True
692,2018_2118349__event_001,126183,True
693,2018_2118349__event_002,126183,True
694,2018_2118350__event_001,126183,True
695,2018_2118350__event_002,126183,True
696,2018_2118350__event_003,126183,True
697,2018_2118352__event_001,126183,True
698,2018_2118352__event_002,126183,True
699,2018_2118353__event_001,126183,True
700,2018_2118353__event_002,126183,True
701,2018_2118354__event_001,126183,True
702,2018_2118354__event_002,126183,True
703,2018_2118357__event_001,126183,True
704,2018_2118357__event_002,126183,True
705,2018_2118364__event_001,126183,True
706,2018_2118364__event_002,126183,True
707,2018_2118370__event_001,126183,True
708,2018_2118370__event_002,126183,True
709,2018_2118370__event_003,126183,True
710,2018_2118374__event_001,126183,True
711,2018_2118374__event_002,126183,True
712,2018_2118375__event_001,126183,True
713,2018_2118375__event_002,126183,True
714,2018_2118376__event_001,126183,True
715,2018_2118376__event_002,126183,True
716,2018_2118376__event_003,126183,True
717,2018_2118376__event_004,126183,True
718,2018_2118377__event_001,126183,True
719,2018_2118377__event_002,126183,True
720,2018_2118377__event_003,126183,True
721,2018_2118378__event_001,126183,True
722,2018_2118378__event_002,126183,True
723,2018_2118378__event_003,126183,True
724,2018_2118381__event_001,126183,True
725,2018_2118381__event_002,126183,True
726,2018_2118382__event_001,126183,True
727,2018_2118382__event_002,126183,True
728,2018_2118382__event_003,126183,True
729,2018_2118384__event_001,126183,True
730,2018_2118384__event_002,126183,True
731,2018_2118384__event_003,126183,True
732,2018_2118385__event_001,126183,True
733,2018_2118385__event_002,126183,True
734,2018_2118385__event_003,126183,True
735,2018_2118385__event_004,126183,True
736,2018_2118387__event_001,126183,True
737,2018_2118387__event_002,126183,True
738,2018_2118387__event_003,126183,True
739,2018_2118389__event_001,126183,True
740,2018_2118389__event_002,126183,True
741,2018_2118389__event_003,126183,True
742,2018_2118390__event_001,126183,True
743,2018_2118390__event_002,126183,True
744,2018_2118390__event_003,126183,True
745,2018_2118392__event_001,126183,True
746,2018_2118392__event_002,126183,True
747,2018_2118392__event_003,126183,True
748,2018_2118393__event_001,126183,True
749,2018_2118393__event_002,126183,True
750,2018_2118404__event_001,126183,True
751,2018_2118404__event_002,126183,True
752,2018_2118405__event_001,126183,True
753,2018_2118405__event_002,126183,True
754,2018_2118407__event_001,126183,True
755,2018_2118407__event_002,126183,True
756,2018_2118407__event_003,126183,True
757,2018_2118411__event_001,126183,True
758,2018_2118411__event_002,126183,True
759,2018_2118423__event_001,126183,True
760,2018_2118423__event_002,126183,True
761,2018_2134912__event_001,127201,False
762,2018_2134912__event_002,127201,False
763,2018_2134912__event_003,127201,False
764,2018_2134914__event_001,127201,False
765,2018_2134914__event_002,127201,False
766,2018_2134916__event_001,127201,False
767,2018_2134916__event_002,127201,False
768,2018_2134917__event_001,127201,False
769,2018_2134917__event_002,127201,False
770,2018_2134919__event_001,127201,False
771,2018_2134919__event_002,127201,False
772,2018_2134921__event_001,127201,False
773,2018_2134921__event_002,127201,False
774,2018_2134922__event_001,127201,False
775,2018_2134922__event_002,127201,False
776,2018_2134923__event_001,127201,False
777,2018_2134923__event_002,127201,False
778,2018_2134924__event_001,127201,False
779,2018_2134924__event_002,127201,False
780,2018_2134926__event_001,127201,False
781,2018_2134926__event_002,127201,False
782,2018_2134927__event_001,127201,False
783,2018_2134927__event_002,127201,False
784,2018_2134931__event_001,127201,False
785,2018_2134931__event_002,127201,False
786,2018_2134933__event_001,127201,False
787,2018_2134933__event_002,127201,False
788,2018_2134934__event_001,127201,False
789,2018_2134934__event_002,127201,False
790,2018_2134938__event_001,127201,False
791,2018_2134938__event_002,127201,False
792,2018_2134938__event_003,127201,False
793,2018_2134938__event_004,127201,False
794,2018_2134938__event_005,127201,False
795,2018_2134938__event_006,127201,False
796,2018_2134939__event_001,127201,False
797,2018_2134939__event_002,127201,False
798,2018_2134939__event_003,127201,False
799,2018_2163669__event_001,129047,False
800,2018_2163669__event_002,129047,False
801,2018_2163670__event_001,129047,False
802,2018_2163670__event_002,129047,False
803,2018_2163670__event_003,129047,False
804,2018_2163671__event_001,129047,False
805,2018_2163671__event_002,129047,False
806,2018_2163674__event_001,129047,False
807,2018_2163674__event_002,129047,False
808,2018_2163681__event_001,129047,False
809,2018_2163681__event_002,129047,False
810,2018_2163682__event_001,129047,False
811,2018_2163682__event_002,129047,False
812,2018_2163683__event_001,129047,False
813,2018_2163683__event_002,129047,False
814,2018_2163684__event_001,129047,False
815,2018_2163684__event_002,129047,False
816,2018_2163686__event_001,129047,False
817,2018_2163686__event_002,129047,False
818,2018_2163697__event_001,129047,False
819,2018_2163697__event_002,129047,False
820,2018_2179292__event_001,130084,True
821,2018_2179292__event_002,130084,True
822,2018_2179293__event_001,130084,True
823,2018_2179293__event_002,130084,True
824,2018_2179299__event_001,130084,True
825,2018_2179299__event_002,130084,True
826,2018_2179300__event_001,130084,True
827,2018_2179300__event_002,130084,True
828,2018_2179302__event_001,130084,True
829,2018_2179302__event_002,130084,True
830,2018_2179303__event_001,130084,True
831,2018_2179303__event_002,130084,True
832,2018_2179304__event_001,130084,True
833,2018_2179304__event_002,130084,True
834,2018_2179304__event_003,130084,True
835,2018_2179305__event_001,130084,True
836,2018_2179305__event_002,130084,True
837,2018_2179306__event_001,130084,True
838,2018_2179306__event_002,130084,True
839,2018_2179306__event_003,130084,True
840,2018_2179306__event_004,130084,True
841,2018_2179308__event_001,130084,True
842,2018_2179308__event_002,130084,True
843,2018_2179308__event_003,130084,True
844,2018_2179308__event_004,130084,True
845,2018_2179308__event_005,130084,True
846,2018_2179309__event_001,130084,True
847,2018_2179309__event_002,130084,True
848,2018_2179310__event_001,130084,True
849,2018_2179310__event_002,130084,True
850,2018_2179311__event_001,130084,True
851,2018_2179311__event_002,130084,True
852,2018_2179312__event_001,130084,True
853,2018_2179312__event_002,130084,True
854,2018_2179313__event_001,130084,True
855,2018_2179313__event_002,130084,True
856,2018_2179314__event_001,130084,True
857,2018_2179314__event_002,130084,True
858,2018_2179315__event_001,130084,True
859,2018_2179315__event_002,130084,True
860,2018_2179316__event_001,130084,True
861,2018_2179316__event_002,130084,True
862,2018_2179318__event_001,130084,True
863,2018_2179318__event_002,130084,True
864,2018_2179320__event_001,130084,True
865,2018_2179320__event_002,130084,True
866,2018_2179321__event_001,130084,True
867,2018_2179321__event_002,130084,True
868,2018_2179323__event_001,130084,True
869,2018_2179323__event_002,130084,True
870,2018_2179324__event_001,130084,True
871,2018_2179324__event_002,130084,True
872,2018_2179325__event_001,130084,True
873,2018_2179325__event_002,130084,True
874,2018_2179325__event_003,130084,True
875,2018_2179326__event_001,130084,True
876,2018_2179326__event_002,130084,True
877,2018_2179329__event_001,130084,True
878,2018_2179329__event_002,130084,True
879,2018_2179329__event_003,130084,True
880,2018_2179331__event_001,130084,True
881,2018_2179331__event_002,130084,True
882,2018_2179333__event_001,130084,True
883,2018_2179333__event_002,130084,True
884,2018_2179333__event_003,130084,True
885,2018_2179334__event_001,130084,True
886,2018_2179334__event_002,130084,True
887,2018_2179335__event_001,130084,True
888,2018_2179335__event_002,130084,True
889,2018_2179338__event_001,130084,True
890,2018_2179338__event_002,130084,True
891,2018_2179338__event_003,130084,True
892,2018_2179339__event_001,130084,True
893,2018_2179339__event_002,130084,True
894,2018_2179341__event_001,130084,True
895,2018_2179341__event_002,130084,True
896,2018_2179341__event_003,130084,True
897,2018_2179342__event_001,130084,True
898,2018_2179342__event_002,130084,True
899,2018_2187162__event_001,130568,False
900,2018_2187162__event_002,130568,False
901,2018_2187162__event_003,130568,False
902,2018_2187163__event_001,130568,False
903,2018_2187163__event_002,130568,False
904,2018_2187164__event_001,130568,False
905,2018_2187164__event_002,130568,False
906,2018_2187164__event_003,130568,False
907,2018_2187165__event_001,130568,False
908,2018_2187165__event_002,130568,False
909,2018_2187165__event_003,130568,False
910,2018_2187165__event_004,130568,False
911,2018_2187165__event_005,130568,False
912,2018_2187165__event_006,130568,False
913,2018_2187165__event_007,130568,False
914,2018_2187166__event_001,130568,False
915,2018_2187166__event_002,130568,False
916,2018_2187168__event_001,130568,False
917,2018_2187168__event_002,130568,False
918,2018_2187169__event_001,130568,False
919,2018_2187169__event_002,130568,False
920,2018_2187170__event_001,130568,False
921,2018_2187170__event_002,130568,False
922,2018_2187170__event_003,130568,False
923,2018_2187171__event_001,130568,False
924,2018_2187171__event_002,130568,False
925,2018_2187171__event_003,130568,False
926,2018_2187173__event_001,130568,False
927,2018_2187173__event_002,130568,False
928,2018_2187173__event_003,130568,False
929,2018_2187173__event_004,130568,False
930,2018_2187173__event_005,130568,False
931,2018_2187173__event_006,130568,False
932,2018_2187173__event_007,130568,False
933,2018_2190688__event_001,130777,False
934,2018_2190688__event_002,130777,False
935,2018_2190688__event_003,130777,False
936,2018_2190696__event_001,130777,False
937,2018_2190696__event_002,130777,False
938,2018_2190696__event_003,130777,False
939,2018_2190702__event_001,130777,False
940,2018_2190702__event_002,130777,False
941,2018_2190703__event_001,130777,False
942,2018_2190703__event_002,130777,False
943,2018_2190703__event_003,130777,False
944,2018_2190713__event_001,130777,False
945,2018_2190713__event_002,130777,False
946,2018_2190718__event_001,130777,False
947,2018_2190718__event_002,130777,False
948,2018_2190727__event_001,130777,False
949,2018_2190727__event_002,130777,False
950,2018_2190728__event_001,130777,False
951,2018_2190728__event_002,130777,False
952,2018_2190742__event_001,130777,False
953,2018_2190742__event_002,130777,False
954,2018_2190750__event_001,130777,False
955,2018_2190750__event_002,130777,False
956,2018_2190753__event_001,130777,False
957,2018_2190753__event_002,130777,False
958,2018_2190757__event_001,130777,False
959,2018_2190757__event_002,130777,False
960,2018_2190763__event_001,130777,False
961,2018_2190763__event_002,130777,False
962,2018_2190768__event_001,130777,False
963,2018_2190768__event_002,130777,False
964,2018_2190768__event_003,130777,False
965,2018_2190768__event_004,130777,False
966,2018_2190768__event_005,130777,False
967,2018_2192442__event_001,130872,False
968,2018_2192442__event_002,130872,False
969,2018_2192442__event_003,130872,False
970,2018_2192445__event_001,130872,False
971,2018_2192445__event_002,130872,False
972,2018_2192448__event_001,130872,False
973,2018_2192448__event_002,130872,False
974,2018_2192451__event_001,130872,False
975,2018_2192451__event_002,130872,False
976,2018_2192451__event_003,130872,False
977,2018_2192457__event_001,130872,False
978,2018_2192457__event_002,130872,False
979,2018_2192457__event_003,130872,False
980,2018_2192458__event_001,130872,False
981,2018_2192458__event_002,130872,False
982,2018_2192461__event_001,130872,False
983,2018_2192461__event_002,130872,False
984,2018_2192462__event_001,130872,False
985,2018_2192462__event_002,130872,False
986,2018_2192464__event_001,130872,False
987,2018_2192464__event_002,130872,False
988,2018_2192464__event_003,130872,False
989,2018_2192464__event_004,130872,False
990,2018_2192468__event_001,130872,False
991,2018_2192468__event_002,130872,False
992,2018_2192469__event_001,130872,False
993,2018_2192469__event_002,130872,False
994,2018_2192469__event_003,130872,False
995,2018_2192471__event_001,130872,False
996,2018_2192471__event_002,130872,False
997,2018_2192476__event_001,130872,False
998,2018_2192476__event_002,130872,False
999,2018_2192477__event_001,130872,False
1000,2018_2192477__event_002,130872,False
1001,2018_2202053__event_001,131525,False
1002,2018_2202053__event_002,131525,False
1003,2018_2202054__event_001,131525,False
1004,2018_2202054__event_002,131525,False
1005,2018_2202055__event_001,131525,False
1006,2018_2202055__event_002,131525,False
1007,2018_2202056__event_001,131525,False
1008,2018_2202056__event_002,131525,False
1009,2018_2202056__event_003,131525,False
1010,2018_2202058__event_001,131525,False
1011,2018_2202058__event_002,131525,False
1012,2018_2202061__event_001,131525,False
1013,2018_2202061__event_002,131525,False
1014,2018_2202062__event_001,131525,False
1015,2018_2202062__event_002,131525,False
1016,2018_2202064__event_001,131525,False
1017,2018_2202064__event_002,131525,False
1018,2018_2202064__event_003,131525,False
1019,2018_2202065__event_001,131525,False
1020,2018_2202065__event_002,131525,False
1021,2018_2202065__event_003,131525,False
1022,2018_2202067__event_001,131525,False
1023,2018_2202067__event_002,131525,False
1024,2018_2202069__event_001,131525,False
1025,2018_2202069__event_002,131525,False
1026,2018_2202071__event_001,131525,False
1027,2018_2202071__event_002,131525,False
1028,2018_2202071__event_003,131525,False
1029,2018_2202076__event_001,131525,False
1030,2018_2202076__event_002,131525,False
1031,2018_2202078__event_001,131525,False
1032,2018_2202078__event_002,131525,False
1033,2018_2202084__event_001,131525,False
1034,2018_2202084__event_002,131525,False
1035,2018_2202086__event_001,131525,False
1036,2018_2202086__event_002,131525,False
1037,2018_2219866__event_001,132723,True
1038,2018_2219866__event_002,132723,True
1039,2018_2219867__event_001,132723,True
1040,2018_2219867__event_002,132723,True
1041,2018_2219871__event_001,132723,True
1042,2018_2219871__event_002,132723,True
1043,2018_2219876__event_001,132723,True
1044,2018_2219876__event_002,132723,True
1045,2018_2219878__event_001,132723,True
1046,2018_2219878__event_002,132723,True
1047,2018_2219879__event_001,132723,True
1048,2018_2219879__event_002,132723,True
1049,2018_2219880__event_001,132723,True
1050,2018_2219880__event_002,132723,True
1051,2018_2219886__event_001,132723,True
1052,2018_2219886__event_002,132723,True
1053,2018_2219888__event_001,132723,True
1054,2018_2219888__event_002,132723,True
1055,2018_2219891__event_001,132723,True
1056,2018_2219891__event_002,132723,True
1057,2018_2219891__event_003,132723,True
1058,2018_2219894__event_001,132723,True
1059,2018_2219894__event_002,132723,True
1060,2018_2219895__event_001,132723,True
1061,2018_2219895__event_002,132723,True
1062,2018_2219895__event_003,132723,True
1063,2018_2219897__event_001,132723,True
1064,2018_2219897__event_002,132723,True
1065,2018_2219897__event_003,132723,True
1066,2018_2219903__event_001,132723,True
1067,2018_2219903__event_002,132723,True
1068,2018_2219904__event_001,132723,True
1069,2018_2219904__event_002,132723,True
1070,2018_2219906__event_001,132723,True
1071,2018_2219906__event_002,132723,True
1072,2018_2219915__event_001,132723,True
1073,2018_2219915__event_002,132723,True
1074,2018_2219917__event_001,132723,True
1075,2018_2219917__event_002,132723,True
1076,2018_2219917__event_003,132723,True
1077,2018_2219918__event_001,132723,True
1078,2018_2219918__event_002,132723,True
1079,2018_2219919__event_001,132723,True
1080,2018_2219919__event_002,132723,True
1081,2018_2219920__event_001,132723,True
1082,2018_2219920__event_002,132723,True
1083,2018_2219923__event_001,132723,True
1084,2018_2219923__event_002,132723,True
1085,2018_2242009__event_001,134307,False
1086,2018_2242009__event_002,134307,False
1087,2018_2242026__event_001,134307,False
1088,2018_2242026__event_002,134307,False
1089,2018_2242027__event_001,134307,False
1090,2018_2242027__event_002,134307,False
1091,2018_2242029__event_001,134307,False
1092,2018_2242029__event_002,134307,False
1093,2018_2242033__event_001,134307,False
1094,2018_2242033__event_002,134307,False
1095,2018_2242033__event_003,134307,False
1096,2018_2242034__event_001,134307,False
1097,2018_2242034__event_002,134307,False
1098,2018_2242035__event_001,134307,False
1099,2018_2242035__event_002,134307,False
1100,2018_2242038__event_001,134307,False
1101,2018_2242038__event_002,134307,False
1102,2018_2242042__event_001,134307,False
1103,2018_2242042__event_002,134307,False
1104,2018_2242043__event_001,134307,False
1105,2018_2242043__event_002,134307,False
1106,2018_2242049__event_001,134307,False
1107,2018_2242049__event_002,134307,False
1108,2018_2242051__event_001,134307,False
1109,2018_2242051__event_002,134307,False
1110,2018_2242051__event_003,134307,False
1111,2018_2242058__event_001,134307,False
1112,2018_2242058__event_002,134307,False
1113,2018_2257260__event_001,135393,False
1114,2018_2257260__event_002,135393,False
1115,2018_2257262__event_001,135393,False
1116,2018_2257262__event_002,135393,False
1117,2018_2257265__event_001,135393,False
1118,2018_2257265__event_002,135393,False
1119,2018_2257265__event_003,135393,False
1120,2018_2257266__event_001,135393,False
1121,2018_2257266__event_002,135393,False
1122,2018_2257267__event_001,135393,False
1123,2018_2257267__event_002,135393,False
1124,2018_2257268__event_001,135393,False
1125,2018_2257268__event_002,135393,False
1126,2018_2257269__event_001,135393,False
1127,2018_2257269__event_002,135393,False
1128,2018_2257271__event_001,135393,False
1129,2018_2257271__event_002,135393,False
1130,2018_2257272__event_001,135393,False
1131,2018_2257272__event_002,135393,False
1132,2018_2257273__event_001,135393,False
1133,2018_2257273__event_002,135393,False
1134,2018_2257274__event_001,135393,False
1135,2018_2257274__event_002,135393,False
1136,2018_2257274__event_003,135393,False
1137,2018_2257276__event_001,135393,False
1138,2018_2257276__event_002,135393,False
1139,2018_2257280__event_001,135393,False
1140,2018_2257280__event_002,135393,False
1141,2018_2257282__event_001,135393,False
1142,2018_2257282__event_002,135393,False
1143,2018_2257283__event_001,135393,False
1144,2018_2257283__event_002,135393,False
1145,2018_2257283__event_003,135393,False
1146,2018_2257283__event_004,135393,False
1147,2018_2257293__event_001,135393,False
1148,2018_2257293__event_002,135393,False
1149,2018_2257293__event_003,135393,False
1150,2018_2257295__event_001,135393,False
1151,2018_2257295__event_002,135393,False
1152,2018_2257299__event_001,135393,False
1153,2018_2257299__event_002,135393,False
1154,2018_2257299__event_003,135393,False
1155,2018_2257318__event_001,135393,False
1156,2018_2257318__event_002,135393,False
1157,2018_2257318__event_003,135393,False
1158,2018_2257318__event_004,135393,False
1159,2018_2294065__event_001,138301,False
1160,2018_2294065__event_002,138301,False
1161,2018_2294065__event_003,138301,False
1162,2018_2294067__event_001,138301,False
1163,2018_2294067__event_002,138301,False
1164,2018_2294095__event_001,138301,False
1165,2018_2294095__event_002,138301,False
1166,2018_2294097__event_001,138301,False
1167,2018_2294097__event_002,138301,False
1168,2018_2294100__event_001,138301,False
1169,2018_2294100__event_002,138301,False
1170,2018_2294102__event_001,138301,False
1171,2018_2294102__event_002,138301,False
1172,2018_2294102__event_003,138301,False
1173,2018_2294104__event_001,138301,False
1174,2018_2294104__event_002,138301,False
1175,2018_2294104__event_003,138301,False
1176,2018_2294104__event_004,138301,False
1177,2018_2294107__event_001,138301,False
1178,2018_2294107__event_002,138301,False
1179,2018_2294109__event_001,138301,False
1180,2018_2294109__event_002,138301,False
1181,2018_2294109__event_003,138301,False
1182,2018_2294113__event_001,138301,False
1183,2018_2294113__event_002,138301,False
1184,2018_2294113__event_003,138301,False
1185,2018_2294113__event_004,138301,False
1186,2018_2294115__event_001,138301,False
1187,2018_2294115__event_002,138301,False
1188,2018_2294117__event_001,138301,False
1189,2018_2294117__event_002,138301,False
1190,2018_2294120__event_001,138301,False
1191,2018_2294120__event_002,138301,False
1192,2018_2294126__event_001,138301,False
1193,2018_2294126__event_002,138301,False
1194,2018_2294131__event_001,138301,False
1195,2018_2294131__event_002,138301,False
1196,2018_2294132__event_001,138301,False
1197,2018_2294132__event_002,138301,False
1198,2018_2308834__event_001,139656,True
1199,2018_2308834__event_002,139656,True
1200,2018_2308836__event_001,139656,True
1201,2018_2308836__event_002,139656,True
1202,2018_2308837__event_001,139656,True
1203,2018_2308837__event_002,139656,True
1204,2018_2308839__event_001,139656,True
1205,2018_2308839__event_002,139656,True
1206,2018_2308840__event_001,139656,True
1207,2018_2308840__event_002,139656,True
1208,2018_2308844__event_001,139656,True
1209,2018_2308844__event_002,139656,True
1210,2018_2308845__event_001,139656,True
1211,2018_2308845__event_002,139656,True
1212,2018_2308846__event_001,139656,True
1213,2018_2308846__event_002,139656,True
1214,2018_2308849__event_001,139656,True
1215,2018_2308849__event_002,139656,True
1216,2018_2308851__event_001,139656,True
1217,2018_2308851__event_002,139656,True
1218,2018_2308851__event_003,139656,True
1219,2018_2308852__event_001,139656,True
1220,2018_2308852__event_002,139656,True
1221,2018_2308857__event_001,139656,True
1222,2018_2308857__event_002,139656,True
1223,2018_2308859__event_001,139656,True
1224,2018_2308859__event_002,139656,True
1225,2018_2308861__event_001,139656,True
1226,2018_2308861__event_002,139656,True
1227,2018_2308863__event_001,139656,True
1228,2018_2308863__event_002,139656,True
1229,2018_2308864__event_001,139656,True
1230,2018_2308864__event_002,139656,True
1231,2018_2308866__event_001,139656,True
1232,2018_2308866__event_002,139656,True
1233,2018_2308868__event_001,139656,True
1234,2018_2308868__event_002,139656,True
1235,2018_2308869__event_001,139656,True
1236,2018_2308869__event_002,139656,True
1237,2018_2308874__event_001,139656,True
1238,2018_2308874__event_002,139656,True
1239,2018_2308875__event_001,139656,True
1240,2018_2308875__event_002,139656,True
1241,2018_2308879__event_001,139656,True
1242,2018_2308879__event_002,139656,True
1243,2018_2308880__event_001,139656,True
1244,2018_2308880__event_002,139656,True
1245,2018_2308884__event_001,139656,True
1246,2018_2308884__event_002,139656,True
1247,2018_2308885__event_001,139656,True
1248,2018_2308885__event_002,139656,True
1249,2018_2308886__event_001,139656,True
1250,2018_2308886__event_002,139656,True
1251,2018_2308887__event_001,139656,True
1252,2018_2308887__event_002,139656,True
1253,2018_2320242__event_001,140734,False
1254,2018_2320242__event_002,140734,False
1255,2018_2320243__event_001,140734,False
1256,2018_2320243__event_002,140734,False
1257,2018_2320244__event_001,140734,False
1258,2018_2320244__event_002,140734,False
1259,2018_2320246__event_001,140734,False
1260,2018_2320246__event_002,140734,False
1261,2018_2320247__event_001,140734,False
1262,2018_2320247__event_002,140734,False
1263,2018_2320253__event_001,140734,False
1264,2018_2320253__event_002,140734,False
1265,2018_2320253__event_003,140734,False
1266,2018_2320253__event_004,140734,False
1267,2018_2320259__event_001,140734,False
1268,2018_2320259__event_002,140734,False
1269,2018_2320260__event_001,140734,False
1270,2018_2320260__event_002,140734,False
1271,2018_2320266__event_001,140734,False
1272,2018_2320266__event_002,140734,False
1273,2018_2320267__event_001,140734,False
1274,2018_2320267__event_002,140734,False
1275,2018_2320268__event_001,140734,False
1276,2018_2320268__event_002,140734,False
1277,2018_2320634__event_001,140775,False
1278,2018_2320634__event_002,140775,False
1279,2018_2320634__event_003,140775,False
1280,2018_2320646__event_001,140775,False
1281,2018_2320646__event_002,140775,False
1282,2018_2320646__event_003,140775,False
1283,2018_2320646__event_004,140775,False
1284,2018_2320655__event_001,140775,False
1285,2018_2320655__event_002,140775,False
1286,2018_2320657__event_001,140775,False
1287,2018_2320657__event_002,140775,False
1288,2018_2320660__event_001,140775,False
1289,2018_2320660__event_002,140775,False
1290,2018_2320664__event_001,140775,False
1291,2018_2320664__event_002,140775,False
1292,2018_2320665__event_001,140775,False
1293,2018_2320665__event_002,140775,False
1294,2018_2320666__event_001,140775,False
1295,2018_2320666__event_002,140775,False
1296,2018_2320675__event_001,140775,False
1297,2018_2320675__event_002,140775,False
1298,2018_2320676__event_001,140775,False
1299,2018_2320676__event_002,140775,False
1300,2018_2402512__event_001,149225,False
1301,2018_2402512__event_002,149225,False
1302,2018_2402514__event_001,149225,False
1303,2018_2402514__event_002,149225,False
1304,2018_2402516__event_001,149225,False
1305,2018_2402516__event_002,149225,False
1306,2018_2402516__event_003,149225,False
1307,2018_2402517__event_001,149225,False
1308,2018_2402517__event_002,149225,False
1309,2018_2402517__event_003,149225,False
1310,2018_2402519__event_001,149225,False
1311,2018_2402519__event_002,149225,False
1312,2018_2402520__event_001,149225,False
1313,2018_2402520__event_002,149225,False
1314,2018_2402523__event_001,149225,False
1315,2018_2402523__event_002,149225,False
1316,2018_2402526__event_001,149225,False
1317,2018_2402526__event_002,149225,False
1318,2018_2402528__event_001,149225,False
1319,2018_2402528__event_002,149225,False
1320,2018_2402529__event_001,149225,False
1321,2018_2402529__event_002,149225,False
1322,2018_2402531__event_001,149225,False
1323,2018_2402531__event_002,149225,False
1324,2018_2402533__event_001,149225,False
1325,2018_2402533__event_002,149225,False
1326,2018_2402534__event_001,149225,False
1327,2018_2402534__event_002,149225,False
1328,2018_2402537__event_001,149225,False
1329,2018_2402537__event_002,149225,False
1330,2018_2402537__event_003,149225,False
1331,2018_2402538__event_001,149225,False
1332,2018_2402538__event_002,149225,False
1333,2018_2446506__event_001,152722,False
1334,2018_2446506__event_002,152722,False
1335,2018_2446508__event_001,152722,False
1336,2018_2446508__event_002,152722,False
1337,2018_2446517__event_001,152722,False
1338,2018_2446517__event_002,152722,False
1339,2018_2446517__event_003,152722,False
1340,2018_2446518__event_001,152722,False
1341,2018_2446518__event_002,152722,False
1342,2018_2446519__event_001,152722,False
1343,2018_2446519__event_002,152722,False
1344,2018_2446519__event_003,152722,False
1345,2018_2446520__event_001,152722,False
1346,2018_2446520__event_002,152722,False
1347,2018_2446524__event_001,152722,False
1348,2018_2446524__event_002,152722,False
1349,2018_2446524__event_003,152722,False
1350,2018_2446524__event_004,152722,False
1351,2018_2446524__event_005,152722,False
1352,2018_2446525__event_001,152722,False
1353,2018_2446525__event_002,152722,False
1354,2018_2446525__event_003,152722,False
1355,2018_2446526__event_001,152722,False
1356,2018_2446526__event_002,152722,False
1357,2018_2446526__event_003,152722,False
1358,2018_2446527__event_001,152722,False
1359,2018_2446527__event_002,152722,False
1360,2018_2446535__event_001,152722,False
1361,2018_2446535__event_002,152722,False
1362,2018_2446548__event_001,152722,False
1363,2018_2446548__event_002,152722,False
1364,2018_2446571__event_001,152722,False
1365,2018_2446571__event_002,152722,False
1366,2018_2498114__event_001,156873,True
1367,2018_2498114__event_002,156873,True
1368,2018_2498114__event_003,156873,True
1369,2018_2498115__event_001,156873,True
1370,2018_2498115__event_002,156873,True
1371,2018_2498116__event_001,156873,True
1372,2018_2498116__event_002,156873,True
1373,2018_2498117__event_001,156873,True
1374,2018_2498117__event_002,156873,True
1375,2018_2498117__event_003,156873,True
1376,2018_2498118__event_001,156873,True
1377,2018_2498118__event_002,156873,True
1378,2018_2498119__event_001,156873,True
1379,2018_2498119__event_002,156873,True
1380,2018_2498119__event_003,156873,True
1381,2018_2498120__event_001,156873,True
1382,2018_2498120__event_002,156873,True
1383,2018_2498121__event_001,156873,True
1384,2018_2498121__event_002,156873,True
1385,2018_2498123__event_001,156873,True
1386,2018_2498123__event_002,156873,True
1387,2018_2498124__event_001,156873,True
1388,2018_2498124__event_002,156873,True
1389,2018_2498124__event_003,156873,True
1390,2018_2498124__event_004,156873,True
1391,2018_2498126__event_001,156873,True
1392,2018_2498126__event_002,156873,True
1393,2018_2498126__event_003,156873,True
1394,2018_2498126__event_004,156873,True
1395,2018_2498127__event_001,156873,True
1396,2018_2498127__event_002,156873,True
1397,2018_2498127__event_003,156873,True
1398,2018_2498128__event_001,156873,True
1399,2018_2498128__event_002,156873,True
1400,2018_2498130__event_001,156873,True
1401,2018_2498130__event_002,156873,True
1402,2018_2498133__event_001,156873,True
1403,2018_2498133__event_002,156873,True
1404,2018_2498134__event_001,156873,True
1405,2018_2498134__event_002,156873,True
1406,2018_2498135__event_001,156873,True
1407,2018_2498135__event_002,156873,True
1408,2018_2498135__event_003,156873,True
1409,2018_2498136__event_001,156873,True
1410,2018_2498136__event_002,156873,True
1411,2018_2498137__event_001,156873,True
1412,2018_2498137__event_002,156873,True
1413,2018_2498138__event_001,156873,True
1414,2018_2498138__event_002,156873,True
1415,2018_2498139__event_001,156873,True
1416,2018_2498139__event_002,156873,True
1417,2018_2498140__event_001,156873,True
1418,2018_2498140__event_002,156873,True
1419,2018_2498140__event_003,156873,True
1420,2018_2498140__event_004,156873,True
1421,2018_2498141__event_001,156873,True
1422,2018_2498141__event_002,156873,True
1423,2018_2498142__event_001,156873,True
1424,2018_2498142__event_002,156873,True
1425,2018_2498143__event_001,156873,True
1426,2018_2498143__event_002,156873,True
1427,2018_2498143__event_003,156873,True
1428,2018_2498144__event_001,156873,True
1429,2018_2498144__event_002,156873,True
1430,2018_2498144__event_003,156873,True
1431,2018_2498144__event_004,156873,True
1432,2018_2498145__event_001,156873,True
1433,2018_2498145__event_002,156873,True
1434,2018_2498146__event_001,156873,True
1435,2018_2498146__event_002,156873,True
1436,2018_2498147__event_001,156873,True
1437,2018_2498147__event_002,156873,True
1438,2018_2498147__event_003,156873,True
1439,2018_2498149__event_001,156873,True
1440,2018_2498149__event_002,156873,True
1441,2018_2498149__event_003,156873,True
1442,2018_2498150__event_001,156873,True
1443,2018_2498150__event_002,156873,True
1444,2018_2498152__event_001,156873,True
1445,2018_2498152__event_002,156873,True
1446,2018_2498153__event_001,156873,True
1447,2018_2498153__event_002,156873,True
1448,2018_2498154__event_001,156873,True
1449,2018_2498154__event_002,156873,True
1450,2018_2498155__event_001,156873,True
1451,2018_2498155__event_002,156873,True
1452,2018_2498157__event_001,156873,True
1453,2018_2498157__event_002,156873,True
1454,2018_2498157__event_003,156873,True
1455,2018_2498158__event_001,156873,True
1456,2018_2498158__event_002,156873,True
1457,2018_2498158__event_003,156873,True
1458,2018_2498165__event_001,156873,True
1459,2018_2498165__event_002,156873,True
1460,2018_2498166__event_001,156873,True
1461,2018_2498166__event_002,156873,True
1462,2018_2498166__event_003,156873,True
1463,2018_2498167__event_001,156873,True
1464,2018_2498167__event_002,156873,True
1465,2018_2498170__event_001,156873,True
1466,2018_2498170__event_002,156873,True
1467,2018_2498171__event_001,156873,True
1468,2018_2498171__event_002,156873,True
1469,2018_2498171__event_003,156873,True
1470,2018_2498172__event_001,156873,True
1471,2018_2498172__event_002,156873,True
1472,2018_2498174__event_001,156873,True
1473,2018_2498174__event_002,156873,True
1474,2018_2498174__event_003,156873,True
1475,2018_2498175__event_001,156873,True
1476,2018_2498175__event_002,156873,True
1477,2018_2498178__event_001,156873,True
1478,2018_2498178__event_002,156873,True
1479,2018_2498178__event_003,156873,True
1480,2018_2498179__event_001,156873,True
1481,2018_2498179__event_002,156873,True
1482,2018_2604345__event_001,167728,True
1483,2018_2604345__event_002,167728,True
1484,2018_2604349__event_001,167728,True
1485,2018_2604349__event_002,167728,True
1486,2018_2604349__event_003,167728,True
1487,2018_2604350__event_001,167728,True
1488,2018_2604350__event_002,167728,True
1489,2018_2604352__event_001,167728,True
1490,2018_2604352__event_002,167728,True
1491,2018_2604352__event_003,167728,True
1492,2018_2604352__event_004,167728,True
1493,2018_2604352__event_005,167728,True
1494,2018_2604357__event_001,167728,True
1495,2018_2604357__event_002,167728,True
1496,2018_2604358__event_001,167728,True
1497,2018_2604358__event_002,167728,True
1498,2018_2604359__event_001,167728,True
1499,2018_2604359__event_002,167728,True
1500,2018_2604362__event_001,167728,True
1501,2018_2604362__event_002,167728,True
1502,2018_2604362__event_003,167728,True
1503,2018_2604362__event_004,167728,True
1504,2018_2604362__event_005,167728,True
1505,2018_2604362__event_006,167728,True
1506,2018_2604364__event_001,167728,True
1507,2018_2604364__event_002,167728,True
1508,2018_2604366__event_001,167728,True
1509,2018_2604366__event_002,167728,True
1510,2018_2604366__event_003,167728,True
1511,2018_2604368__event_001,167728,True
1512,2018_2604368__event_002,167728,True
1513,2018_2604374__event_001,167728,True
1514,2018_2604374__event_002,167728,True
1515,2018_2604374__event_003,167728,True
1516,2018_2604374__event_004,167728,True
1517,2018_2604374__event_005,167728,True
1518,2018_2604378__event_001,167728,True
1519,2018_2604378__event_002,167728,True
1520,2018_2604378__event_003,167728,True
1521,2018_2604382__event_001,167728,True
1522,2018_2604382__event_002,167728,True
1523,2018_2604382__event_003,167728,True
1524,2018_2604396__event_001,167728,True
1525,2018_2604396__event_002,167728,True
1526,2018_2604398__event_001,167728,True
1527,2018_2604398__event_002,167728,True
1528,2018_2604402__event_001,167728,True
1529,2018_2604402__event_002,167728,True
1530,2018_2604402__event_003,167728,True
1531,2018_2604406__event_001,167728,True
1532,2018_2604406__event_002,167728,True
1533,2018_2604409__event_001,167728,True
1534,2018_2604409__event_002,167728,True
1535,2018_2604411__event_001,167728,True
1536,2018_2604411__event_002,167728,True
1537,2018_2604412__event_001,167728,True
1538,2018_2604412__event_002,167728,True
1539,2018_2604416__event_001,167728,True
1540,2018_2604416__event_002,167728,True
1541,2018_2620250__event_001,169053,False
1542,2018_2620250__event_002,169053,False
1543,2018_2620254__event_001,169053,False
1544,2018_2620254__event_002,169053,False
1545,2018_2620268__event_001,169053,False
1546,2018_2620268__event_002,169053,False
1547,2018_2620269__event_001,169053,False
1548,2018_2620269__event_002,169053,False
1549,2018_2620285__event_001,169053,False
1550,2018_2620285__event_002,169053,False
1551,2018_2620285__event_003,169053,False
1552,2018_2620287__event_001,169053,False
1553,2018_2620287__event_002,169053,False
1554,2018_2620294__event_001,169053,False
1555,2018_2620294__event_002,169053,False
1556,2018_2620297__event_001,169053,False
1557,2018_2620297__event_002,169053,False
1558,2018_2620302__event_001,169053,False
1559,2018_2620302__event_002,169053,False
1560,2018_2620302__event_003,169053,False
1561,2018_2620302__event_004,169053,False
1562,2018_2620311__event_001,169053,False
1563,2018_2620311__event_002,169053,False
1564,2018_2620313__event_001,169053,False
1565,2018_2620313__event_002,169053,False
1566,2018_2647175__event_001,171659,False
1567,2018_2647175__event_002,171659,False
1568,2018_2647176__event_001,171659,False
1569,2018_2647176__event_002,171659,False
1570,2018_2647177__event_001,171659,False
1571,2018_2647177__event_002,171659,False
1572,2018_2647177__event_003,171659,False
1573,2018_2647177__event_004,171659,False
1574,2018_2647180__event_001,171659,False
1575,2018_2647180__event_002,171659,False
1576,2018_2647182__event_001,171659,False
1577,2018_2647182__event_002,171659,False
1578,2018_2647182__event_003,171659,False
1579,2018_2647186__event_001,171659,False
1580,2018_2647186__event_002,171659,False
1581,2018_2647186__event_003,171659,False
1582,2018_2647187__event_001,171659,False
1583,2018_2647187__event_002,171659,False
1584,2018_2647196__event_001,171659,False
1585,2018_2647196__event_002,171659,False
1586,2018_2647197__event_001,171659,False
1587,2018_2647197__event_002,171659,False
1588,2018_2647199__event_001,171659,False
1589,2018_2647199__event_002,171659,False
1590,2018_2647205__event_001,171659,False
1591,2018_2647205__event_002,171659,False
1592,2018_2707923__event_001,178798,False
1593,2018_2707923__event_002,178798,False
1594,2018_2707926__event_001,178798,False
1595,2018_2707926__event_002,178798,False
1596,2018_2707926__event_003,178798,False
1597,2018_2707928__event_001,178798,False
1598,2018_2707928__event_002,178798,False
1599,2018_2707929__event_001,178798,False
1600,2018_2707929__event_002,178798,False
1601,2018_2707932__event_001,178798,False
1602,2018_2707932__event_002,178798,False
1603,2018_2707932__event_003,178798,False
1604,2018_2707934__event_001,178798,False
1605,2018_2707934__event_002,178798,False
1606,2018_2707935__event_001,178798,False
1607,2018_2707935__event_002,178798,False
1608,2018_2707936__event_001,178798,False
1609,2018_2707936__event_002,178798,False
1610,2018_2707939__event_001,178798,False
1611,2018_2707939__event_002,178798,False
1612,2018_2707940__event_001,178798,False
1613,2018_2707940__event_002,178798,False
1614,2018_2707942__event_001,178798,False
1615,2018_2707942__event_002,178798,False
1616,2018_2707945__event_001,178798,False
1617,2018_2707945__event_002,178798,False
1618,2018_395281__event_001,19379,True
1619,2018_395281__event_002,19379,True
1620,2018_395290__event_001,19379,True
1621,2018_395290__event_002,19379,True
1622,2018_395294__event_001,19379,True
1623,2018_395294__event_002,19379,True
1624,2018_395302__event_001,19379,True
1625,2018_395302__event_002,19379,True
1626,2018_395315__event_001,19379,True
1627,2018_395315__event_002,19379,True
1628,2018_395325__event_001,19379,True
1629,2018_395325__event_002,19379,True
1630,2018_395325__event_003,19379,True
1631,2018_395327__event_001,19379,True
1632,2018_395327__event_002,19379,True
1633,2018_395333__event_001,19379,True
1634,2018_395333__event_002,19379,True
1635,2018_395340__event_001,19379,True
1636,2018_395340__event_002,19379,True
1637,2018_395342__event_001,19379,True
1638,2018_395342__event_002,19379,True
1639,2018_395345__event_001,19379,True
1640,2018_395345__event_002,19379,True
1641,2018_395347__event_001,19379,True
1642,2018_395347__event_002,19379,True
1643,2018_395361__event_001,19379,True
1644,2018_395361__event_002,19379,True
1645,2018_395362__event_001,19379,True
1646,2018_395362__event_002,19379,True
1647,2018_395362__event_003,19379,True
1648,2018_395366__event_001,19379,True
1649,2018_395366__event_002,19379,True
1650,2018_395370__event_001,19379,True
1651,2018_395370__event_002,19379,True
1652,2018_395370__event_003,19379,True
1653,2018_395374__event_001,19379,True
1654,2018_395374__event_002,19379,True
1655,2018_395374__event_003,19379,True
1656,2018_395380__event_001,19379,True
1657,2018_395380__event_002,19379,True
1658,2018_395381__event_001,19379,True
1659,2018_395381__event_002,19379,True
1660,2018_395382__event_001,19379,True
1661,2018_395382__event_002,19379,True
1662,2018_395384__event_001,19379,True
1663,2018_395384__event_002,19379,True
1664,2018_395387__event_001,19379,True
1665,2018_395387__event_002,19379,True
1666,2018_395404__event_001,19379,True
1667,2018_395404__event_002,19379,True
1668,2018_395417__event_001,19379,True
1669,2018_395417__event_002,19379,True
1670,2018_395427__event_001,19379,True
1671,2018_395427__event_002,19379,True
1672,2018_395431__event_001,19379,True
1673,2018_395431__event_002,19379,True
1674,2018_395435__event_001,19379,True
1675,2018_395435__event_002,19379,True
1676,2018_395436__event_001,19379,True
1677,2018_395436__event_002,19379,True
1678,2018_395452__event_001,19379,True
1679,2018_395452__event_002,19379,True
1680,2018_395480__event_001,19379,True
1681,2018_395480__event_002,19379,True
1682,2018_395489__event_001,19379,True
1683,2018_395489__event_002,19379,True
1684,2018_395490__event_001,19379,True
1685,2018_395490__event_002,19379,True
1686,2018_395493__event_001,19379,True
1687,2018_395493__event_002,19379,True
1688,2018_395497__event_001,19379,True
1689,2018_395497__event_002,19379,True
1690,2018_395498__event_001,19379,True
1691,2018_395498__event_002,19379,True
1692,2018_395513__event_001,19379,True
1693,2018_395513__event_002,19379,True
1694,2018_395514__event_001,19379,True
1695,2018_395514__event_002,19379,True
1696,2018_395519__event_001,19379,True
1697,2018_395519__event_002,19379,True
1698,2018_2949676__event_001,210254,False
1699,2018_2949676__event_002,210254,False
1700,2018_2949678__event_001,210254,False
1701,2018_2949678__event_002,210254,False
1702,2018_2949683__event_001,210254,False
1703,2018_2949683__event_002,210254,False
1704,2018_2949684__event_001,210254,False
1705,2018_2949684__event_002,210254,False
1706,2018_2949686__event_001,210254,False
1707,2018_2949686__event_002,210254,False
1708,2018_2949689__event_001,210254,False
1709,2018_2949689__event_002,210254,False
1710,2018_2949690__event_001,210254,False
1711,2018_2949690__event_002,210254,False
1712,2018_2949690__event_003,210254,False
1713,2018_2949691__event_001,210254,False
1714,2018_2949691__event_002,210254,False
1715,2018_2949692__event_001,210254,False
1716,2018_2949692__event_002,210254,False
1717,2018_2949693__event_001,210254,False
1718,2018_2949693__event_002,210254,False
1719,2018_2949695__event_001,210254,False
1720,2018_2949695__event_002,210254,False
1721,2018_2949696__event_001,210254,False
1722,2018_2949696__event_002,210254,False
1723,2018_2949696__event_003,210254,False
1724,2018_2949696__event_004,210254,False
1725,2018_2949702__event_001,210254,False
1726,2018_2949702__event_002,210254,False
1727,2018_3045877__event_001,223807,False
1728,2018_3045877__event_002,223807,False
1729,2018_3045878__event_001,223807,False
1730,2018_3045878__event_002,223807,False
1731,2018_3045878__event_003,223807,False
1732,2018_3045879__event_001,223807,False
1733,2018_3045879__event_002,223807,False
1734,2018_3045879__event_003,223807,False
1735,2018_3045879__event_004,223807,False
1736,2018_3045879__event_005,223807,False
1737,2018_3045880__event_001,223807,False
1738,2018_3045880__event_002,223807,False
1739,2018_3045885__event_001,223807,False
1740,2018_3045885__event_002,223807,False
1741,2018_3045886__event_001,223807,False
1742,2018_3045886__event_002,223807,False
1743,2018_3045888__event_001,223807,False
1744,2018_3045888__event_002,223807,False
1745,2018_3045890__event_001,223807,False
1746,2018_3045890__event_002,223807,False
1747,2018_3045895__event_001,223807,False
1748,2018_3045895__event_002,223807,False
1749,2018_3045900__event_001,223807,False
1750,2018_3045900__event_002,223807,False
1751,2018_3045903__event_001,223807,False
1752,2018_3045903__event_002,223807,False
1753,2018_50031__event_001,2309,False
1754,2018_50031__event_002,2309,False
1755,2018_50031__event_003,2309,False
1756,2018_50033__event_001,2309,False
1757,2018_50033__event_002,2309,False
1758,2018_50033__event_003,2309,False
1759,2018_50035__event_001,2309,False
1760,2018_50035__event_002,2309,False
1761,2018_50035__event_003,2309,False
1762,2018_50035__event_004,2309,False
1763,2018_50037__event_001,2309,False
1764,2018_50037__event_002,2309,False
1765,2018_50037__event_003,2309,False
1766,2018_50038__event_001,2309,False
1767,2018_50038__event_002,2309,False
1768,2018_50040__event_001,2309,False
1769,2018_50040__event_002,2309,False
1770,2018_50041__event_001,2309,False
1771,2018_50041__event_002,2309,False
1772,2018_50042__event_001,2309,False
1773,2018_50042__event_002,2309,False
1774,2018_50051__event_001,2309,False
1775,2018_50051__event_002,2309,False
1776,2018_50055__event_001,2309,False
1777,2018_50055__event_002,2309,False
1778,2018_50056__event_001,2309,False
1779,2018_50056__event_002,2309,False
1780,2018_50057__event_001,2309,False
1781,2018_50057__event_002,2309,False
1782,2018_50057__event_003,2309,False
1783,2018_50059__event_001,2309,False
1784,2018_50059__event_002,2309,False
1785,2018_50060__event_001,2309,False
1786,2018_50060__event_002,2309,False
1787,2018_485881__event_001,23925,False
1788,2018_485881__event_002,23925,False
1789,2018_485882__event_001,23925,False
1790,2018_485882__event_002,23925,False
1791,2018_485886__event_001,23925,False
1792,2018_485886__event_002,23925,False
1793,2018_485887__event_001,23925,False
1794,2018_485887__event_002,23925,False
1795,2018_485887__event_003,23925,False
1796,2018_485892__event_001,23925,False
1797,2018_485892__event_002,23925,False
1798,2018_485894__event_001,23925,False
1799,2018_485894__event_002,23925,False
1800,2018_485898__event_001,23925,False
1801,2018_485898__event_002,23925,False
1802,2018_485902__event_001,23925,False
1803,2018_485902__event_002,23925,False
1804,2018_485904__event_001,23925,False
1805,2018_485904__event_002,23925,False
1806,2018_485906__event_001,23925,False
1807,2018_485906__event_002,23925,False
1808,2018_485910__event_001,23925,False
1809,2018_485910__event_002,23925,False
1810,2018_485910__event_003,23925,False
1811,2018_485910__event_004,23925,False
1812,2018_485912__event_001,23925,False
1813,2018_485912__event_002,23925,False
1814,2018_485917__event_001,23925,False
1815,2018_485917__event_002,23925,False
1816,2018_485921__event_001,23925,False
1817,2018_485921__event_002,23925,False
1818,2018_485932__event_001,23925,False
1819,2018_485932__event_002,23925,False
1820,2018_485933__event_001,23925,False
1821,2018_485933__event_002,23925,False
1822,2018_485933__event_003,23925,False
1823,2018_485934__event_001,23925,False
1824,2018_485934__event_002,23925,False
1825,2018_485935__event_001,23925,False
1826,2018_485935__event_002,23925,False
1827,2018_485935__event_003,23925,False
1828,2018_485944__event_001,23925,False
1829,2018_485944__event_002,23925,False
1830,2018_500304__event_001,24620,True
1831,2018_500304__event_002,24620,True
1832,2018_500304__event_003,24620,True
1833,2018_500304__event_004,24620,True
1834,2018_500305__event_001,24620,True
1835,2018_500305__event_002,24620,True
1836,2018_500305__event_003,24620,True
1837,2018_500313__event_001,24620,True
1838,2018_500313__event_002,24620,True
1839,2018_500313__event_003,24620,True
1840,2018_500313__event_004,24620,True
1841,2018_500313__event_005,24620,True
1842,2018_500318__event_001,24620,True
1843,2018_500318__event_002,24620,True
1844,2018_500318__event_003,24620,True
1845,2018_500319__event_001,24620,True
1846,2018_500319__event_002,24620,True
1847,2018_500321__event_001,24620,True
1848,2018_500321__event_002,24620,True
1849,2018_500322__event_001,24620,True
1850,2018_500322__event_002,24620,True
1851,2018_500322__event_003,24620,True
1852,2018_500327__event_001,24620,True
1853,2018_500327__event_002,24620,True
1854,2018_500329__event_001,24620,True
1855,2018_500329__event_002,24620,True
1856,2018_500329__event_003,24620,True
1857,2018_500330__event_001,24620,True
1858,2018_500330__event_002,24620,True
1859,2018_500330__event_003,24620,True
1860,2018_500331__event_001,24620,True
1861,2018_500331__event_002,24620,True
1862,2018_500331__event_003,24620,True
1863,2018_500331__event_004,24620,True
1864,2018_500337__event_001,24620,True
1865,2018_500337__event_002,24620,True
1866,2018_500337__event_003,24620,True
1867,2018_500340__event_001,24620,True
1868,2018_500340__event_002,24620,True
1869,2018_500340__event_003,24620,True
1870,2018_500343__event_001,24620,True
1871,2018_500343__event_002,24620,True
1872,2018_500343__event_003,24620,True
1873,2018_500354__event_001,24620,True
1874,2018_500354__event_002,24620,True
1875,2018_500354__event_003,24620,True
1876,2018_500357__event_001,24620,True
1877,2018_500357__event_002,24620,True
1878,2018_500357__event_003,24620,True
1879,2018_500357__event_004,24620,True
1880,2018_500359__event_001,24620,True
1881,2018_500359__event_002,24620,True
1882,2018_500359__event_003,24620,True
1883,2018_500360__event_001,24620,True
1884,2018_500360__event_002,24620,True
1885,2018_500360__event_003,24620,True
1886,2018_500366__event_001,24620,True
1887,2018_500366__event_002,24620,True
1888,2018_500366__event_003,24620,True
1889,2018_500367__event_001,24620,True
1890,2018_500367__event_002,24620,True
1891,2018_500367__event_003,24620,True
1892,2018_500374__event_001,24620,True
1893,2018_500374__event_002,24620,True
1894,2018_500376__event_001,24620,True
1895,2018_500376__event_002,24620,True
1896,2018_500376__event_003,24620,True
1897,2018_500377__event_001,24620,True
1898,2018_500377__event_002,24620,True
1899,2018_500377__event_003,24620,True
1900,2018_501909__event_001,24664,True
1901,2018_501909__event_002,24664,True
1902,2018_501911__event_001,24664,True
1903,2018_501911__event_002,24664,True
1904,2018_501914__event_001,24664,True
1905,2018_501914__event_002,24664,True
1906,2018_501916__event_001,24664,True
1907,2018_501916__event_002,24664,True
1908,2018_501916__event_003,24664,True
1909,2018_501918__event_001,24664,True
1910,2018_501918__event_002,24664,True
1911,2018_501920__event_001,24664,True
1912,2018_501920__event_002,24664,True
1913,2018_501925__event_001,24664,True
1914,2018_501925__event_002,24664,True
1915,2018_501932__event_001,24664,True
1916,2018_501932__event_002,24664,True
1917,2018_501932__event_003,24664,True
1918,2018_501932__event_004,24664,True
1919,2018_501932__event_005,24664,True
1920,2018_501935__event_001,24664,True
1921,2018_501935__event_002,24664,True
1922,2018_501938__event_001,24664,True
1923,2018_501938__event_002,24664,True
1924,2018_501939__event_001,24664,True
1925,2018_501939__event_002,24664,True
1926,2018_501939__event_003,24664,True
1927,2018_501939__event_004,24664,True
1928,2018_501939__event_005,24664,True
1929,2018_501939__event_006,24664,True
1930,2018_501939__event_007,24664,True
1931,2018_501939__event_008,24664,True
1932,2018_501939__event_009,24664,True
1933,2018_501940__event_001,24664,True
1934,2018_501940__event_002,24664,True
1935,2018_501942__event_001,24664,True
1936,2018_501942__event_002,24664,True
1937,2018_501944__event_001,24664,True
1938,2018_501944__event_002,24664,True
1939,2018_501947__event_001,24664,True
1940,2018_501947__event_002,24664,True
1941,2018_501948__event_001,24664,True
1942,2018_501948__event_002,24664,True
1943,2018_501948__event_003,24664,True
1944,2018_501950__event_001,24664,True
1945,2018_501950__event_002,24664,True
1946,2018_501954__event_001,24664,True
1947,2018_501954__event_002,24664,True
1948,2018_501955__event_001,24664,True
1949,2018_501955__event_002,24664,True
1950,2018_501956__event_001,24664,True
1951,2018_501956__event_002,24664,True
1952,2018_501956__event_003,24664,True
1953,2018_501958__event_001,24664,True
1954,2018_501958__event_002,24664,True
1955,2018_501959__event_001,24664,True
1956,2018_501959__event_002,24664,True
1957,2018_501962__event_001,24664,True
1958,2018_501962__event_002,24664,True
1959,2018_501962__event_003,24664,True
1960,2018_501962__event_004,24664,True
1961,2018_501962__event_005,24664,True
1962,2018_501962__event_006,24664,True
1963,2018_501965__event_001,24664,True
1964,2018_501965__event_002,24664,True
1965,2018_501968__event_001,24664,True
1966,2018_501968__event_002,24664,True
1967,2018_501969__event_001,24664,True
1968,2018_501969__event_002,24664,True
1969,2018_503988__event_001,24765,True
1970,2018_503988__event_002,24765,True
1971,2018_503989__event_001,24765,True
1972,2018_503989__event_002,24765,True
1973,2018_503991__event_001,24765,True
1974,2018_503991__event_002,24765,True
1975,2018_503992__event_001,24765,True
1976,2018_503992__event_002,24765,True
1977,2018_503997__event_001,24765,True
1978,2018_503997__event_002,24765,True
1979,2018_503999__event_001,24765,True
1980,2018_503999__event_002,24765,True
1981,2018_504000__event_001,24765,True
1982,2018_504000__event_002,24765,True
1983,2018_504005__event_001,24765,True
1984,2018_504005__event_002,24765,True
1985,2018_504006__event_001,24765,True
1986,2018_504006__event_002,24765,True
1987,2018_504007__event_001,24765,True
1988,2018_504007__event_002,24765,True
1989,2018_504011__event_001,24765,True
1990,2018_504011__event_002,24765,True
1991,2018_504013__event_001,24765,True
1992,2018_504013__event_002,24765,True
1993,2018_504019__event_001,24765,True
1994,2018_504019__event_002,24765,True
1995,2018_504020__event_001,24765,True
1996,2018_504020__event_002,24765,True
1997,2018_504023__event_001,24765,True
1998,2018_504023__event_002,24765,True
1999,2018_504023__event_003,24765,True
2000,2018_504023__event_004,24765,True
2001,2018_504023__event_005,24765,True
2002,2018_504023__event_006,24765,True
2003,2018_504023__event_007,24765,True
2004,2018_504025__event_001,24765,True
2005,2018_504025__event_002,24765,True
2006,2018_504026__event_001,24765,True
2007,2018_504026__event_002,24765,True
2008,2018_504026__event_003,24765,True
2009,2018_504028__event_001,24765,True
2010,2018_504028__event_002,24765,True
2011,2018_504030__event_001,24765,True
2012,2018_504030__event_002,24765,True
2013,2018_504031__event_001,24765,True
2014,2018_504031__event_002,24765,True
2015,2018_504032__event_001,24765,True
2016,2018_504032__event_002,24765,True
2017,2018_504032__event_003,24765,True
2018,2018_504033__event_001,24765,True
2019,2018_504033__event_002,24765,True
2020,2018_3245104__event_001,254908,False
2021,2018_3245104__event_002,254908,False
2022,2018_3245104__event_003,254908,False
2023,2018_3245107__event_001,254908,False
2024,2018_3245107__event_002,254908,False
2025,2018_3245108__event_001,254908,False
2026,2018_3245108__event_002,254908,False
2027,2018_3245113__event_001,254908,False
2028,2018_3245113__event_002,254908,False
2029,2018_3245115__event_001,254908,False
2030,2018_3245115__event_002,254908,False
2031,2018_3245115__event_003,254908,False
2032,2018_3245115__event_004,254908,False
2033,2018_3245119__event_001,254908,False
2034,2018_3245119__event_002,254908,False
2035,2018_3245119__event_003,254908,False
2036,2018_3245120__event_001,254908,False
2037,2018_3245120__event_002,254908,False
2038,2018_3245120__event_003,254908,False
2039,2018_3245120__event_004,254908,False
2040,2018_3245120__event_005,254908,False
2041,2018_3245121__event_001,254908,False
2042,2018_3245121__event_002,254908,False
2043,2018_3245172__event_001,254908,False
2044,2018_3245172__event_002,254908,False
2045,2018_3245200__event_001,254908,False
2046,2018_3245200__event_002,254908,False
2047,2018_3245200__event_003,254908,False
2048,2018_3245206__event_001,254908,False
2049,2018_3245206__event_002,254908,False
2050,2018_3245206__event_003,254908,False
2051,2018_3245216__event_001,254908,False
2052,2018_3245216__event_002,254908,False
2053,2018_3271945__event_001,259163,False
2054,2018_3271945__event_002,259163,False
2055,2018_3271945__event_003,259163,False
2056,2018_3271951__event_001,259163,False
2057,2018_3271951__event_002,259163,False
2058,2018_3271955__event_001,259163,False
2059,2018_3271955__event_002,259163,False
2060,2018_3271955__event_003,259163,False
2061,2018_3271960__event_001,259163,False
2062,2018_3271960__event_002,259163,False
2063,2018_3271967__event_001,259163,False
2064,2018_3271967__event_002,259163,False
2065,2018_3271974__event_001,259163,False
2066,2018_3271974__event_002,259163,False
2067,2018_3271974__event_003,259163,False
2068,2018_3271976__event_001,259163,False
2069,2018_3271976__event_002,259163,False
2070,2018_3271977__event_001,259163,False
2071,2018_3271977__event_002,259163,False
2072,2018_3271977__event_003,259163,False
2073,2018_3271980__event_001,259163,False
2074,2018_3271980__event_002,259163,False
2075,2018_3271982__event_001,259163,False
2076,2018_3271982__event_002,259163,False
2077,2018_3271983__event_001,259163,False
2078,2018_3271983__event_002,259163,False
2079,2018_3271983__event_003,259163,False
2080,2018_3271983__event_004,259163,False
2081,2018_3295443__event_001,263152,False
2082,2018_3295443__event_002,263152,False
2083,2018_3295444__event_001,263152,False
2084,2018_3295444__event_002,263152,False
2085,2018_3295444__event_003,263152,False
2086,2018_3295451__event_001,263152,False
2087,2018_3295451__event_002,263152,False
2088,2018_3295452__event_001,263152,False
2089,2018_3295452__event_002,263152,False
2090,2018_3295455__event_001,263152,False
2091,2018_3295455__event_002,263152,False
2092,2018_3295456__event_001,263152,False
2093,2018_3295456__event_002,263152,False
2094,2018_3295456__event_003,263152,False
2095,2018_3295456__event_004,263152,False
2096,2018_3295457__event_001,263152,False
2097,2018_3295457__event_002,263152,False
2098,2018_3295458__event_001,263152,False
2099,2018_3295458__event_002,263152,False
2100,2018_3295459__event_001,263152,False
2101,2018_3295459__event_002,263152,False
2102,2018_3295460__event_001,263152,False
2103,2018_3295460__event_002,263152,False
2104,2018_3295464__event_001,263152,False
2105,2018_3295464__event_002,263152,False
2106,2018_3295467__event_001,263152,False
2107,2018_3295467__event_002,263152,False
2108,2018_3303867__event_001,264627,True
2109,2018_3303867__event_002,264627,True
2110,2018_3303867__event_003,264627,True
2111,2018_3303874__event_001,264627,True
2112,2018_3303874__event_002,264627,True
2113,2018_3303877__event_001,264627,True
2114,2018_3303877__event_002,264627,True
2115,2018_3303881__event_001,264627,True
2116,2018_3303881__event_002,264627,True
2117,2018_3303886__event_001,264627,True
2118,2018_3303886__event_002,264627,True
2119,2018_3303889__event_001,264627,True
2120,2018_3303889__event_002,264627,True
2121,2018_3303890__event_001,264627,True
2122,2018_3303890__event_002,264627,True
2123,2018_3303892__event_001,264627,True
2124,2018_3303892__event_002,264627,True
2125,2018_3303896__event_001,264627,True
2126,2018_3303896__event_002,264627,True
2127,2018_3303898__event_001,264627,True
2128,2018_3303898__event_002,264627,True
2129,2018_3303899__event_001,264627,True
2130,2018_3303899__event_002,264627,True
2131,2018_3303899__event_003,264627,True
2132,2018_3303904__event_001,264627,True
2133,2018_3303904__event_002,264627,True
2134,2018_3303905__event_001,264627,True
2135,2018_3303905__event_002,264627,True
2136,2018_3303906__event_001,264627,True
2137,2018_3303906__event_002,264627,True
2138,2018_3303906__event_003,264627,True
2139,2018_3303906__event_004,264627,True
2140,2018_3303907__event_001,264627,True
2141,2018_3303907__event_002,264627,True
2142,2018_3303913__event_001,264627,True
2143,2018_3303913__event_002,264627,True
2144,2018_3303913__event_003,264627,True
2145,2018_3303916__event_001,264627,True
2146,2018_3303916__event_002,264627,True
2147,2018_3303916__event_003,264627,True
2148,2018_3303922__event_001,264627,True
2149,2018_3303922__event_002,264627,True
2150,2018_3303923__event_001,264627,True
2151,2018_3303923__event_002,264627,True
2152,2018_3303923__event_003,264627,True
2153,2018_3303924__event_001,264627,True
2154,2018_3303924__event_002,264627,True
2155,2018_3303924__event_003,264627,True
2156,2018_3303925__event_001,264627,True
2157,2018_3303925__event_002,264627,True
2158,2018_3303935__event_001,264627,True
2159,2018_3303935__event_002,264627,True
2160,2018_3303943__event_001,264627,True
2161,2018_3303943__event_002,264627,True
2162,2018_3303955__event_001,264627,True
2163,2018_3303955__event_002,264627,True
2164,2018_3303955__event_003,264627,True
2165,2018_3303957__event_001,264627,True
2166,2018_3303957__event_002,264627,True
2167,2018_3322358__event_001,267704,False
2168,2018_3322358__event_002,267704,False
2169,2018_3322358__event_003,267704,False
2170,2018_3322359__event_001,267704,False
2171,2018_3322359__event_002,267704,False
2172,2018_3322359__event_003,267704,False
2173,2018_3322359__event_004,267704,False
2174,2018_3322359__event_005,267704,False
2175,2018_3322359__event_006,267704,False
2176,2018_3322359__event_007,267704,False
2177,2018_3322359__event_008,267704,False
2178,2018_3322359__event_009,267704,False
2179,2018_3322359__event_010,267704,False
2180,2018_3322359__event_011,267704,False
2181,2018_3322360__event_001,267704,False
2182,2018_3322360__event_002,267704,False
2183,2018_3322360__event_003,267704,False
2184,2018_3322360__event_004,267704,False
2185,2018_3322360__event_005,267704,False
2186,2018_3322360__event_006,267704,False
2187,2018_3322360__event_007,267704,False
2188,2018_3322362__event_001,267704,False
2189,2018_3322362__event_002,267704,False
2190,2018_3322362__event_003,267704,False
2191,2018_3322362__event_004,267704,False
2192,2018_3322362__event_005,267704,False
2193,2018_3322363__event_001,267704,False
2194,2018_3322363__event_002,267704,False
2195,2018_3322363__event_003,267704,False
2196,2018_3322364__event_001,267704,False
2197,2018_3322364__event_002,267704,False
2198,2018_3322364__event_003,267704,False
2199,2018_3322364__event_004,267704,False
2200,2018_3322364__event_005,267704,False
2201,2018_3322364__event_006,267704,False
2202,2018_3322365__event_001,267704,False
2203,2018_3322365__event_002,267704,False
2204,2018_3322366__event_001,267704,False
2205,2018_3322366__event_002,267704,False
2206,2018_3322366__event_003,267704,False
2207,2018_3322366__event_004,267704,False
2208,2018_3322367__event_001,267704,False
2209,2018_3322367__event_002,267704,False
2210,2018_3322372__event_001,267704,False
2211,2018_3322372__event_002,267704,False
2212,2018_3322372__event_003,267704,False
2213,2018_3322372__event_004,267704,False
2214,2018_3322372__event_005,267704,False
2215,2018_543168__event_001,26786,True
2216,2018_543168__event_002,26786,True
2217,2018_543168__event_003,26786,True
2218,2018_543168__event_004,26786,True
2219,2018_543168__event_005,26786,True
2220,2018_543168__event_006,26786,True
2221,2018_543168__event_007,26786,True
2222,2018_543168__event_008,26786,True
2223,2018_543168__event_009,26786,True
2224,2018_543168__event_010,26786,True
2225,2018_543169__event_001,26786,True
2226,2018_543169__event_002,26786,True
2227,2018_543169__event_003,26786,True
2228,2018_543169__event_004,26786,True
2229,2018_543170__event_001,26786,True
2230,2018_543170__event_002,26786,True
2231,2018_543173__event_001,26786,True
2232,2018_543173__event_002,26786,True
2233,2018_543174__event_001,26786,True
2234,2018_543174__event_002,26786,True
2235,2018_543174__event_003,26786,True
2236,2018_543175__event_001,26786,True
2237,2018_543175__event_002,26786,True
2238,2018_543175__event_003,26786,True
2239,2018_543175__event_004,26786,True
2240,2018_543175__event_005,26786,True
2241,2018_543175__event_006,26786,True
2242,2018_543176__event_001,26786,True
2243,2018_543176__event_002,26786,True
2244,2018_543176__event_003,26786,True
2245,2018_543176__event_004,26786,True
2246,2018_543176__event_005,26786,True
2247,2018_543178__event_001,26786,True
2248,2018_543178__event_002,26786,True
2249,2018_543178__event_003,26786,True
2250,2018_543178__event_004,26786,True
2251,2018_543179__event_001,26786,True
2252,2018_543179__event_002,26786,True
2253,2018_543179__event_003,26786,True
2254,2018_543179__event_004,26786,True
2255,2018_543179__event_005,26786,True
2256,2018_543179__event_006,26786,True
2257,2018_543179__event_007,26786,True
2258,2018_543179__event_008,26786,True
2259,2018_543180__event_001,26786,True
2260,2018_543180__event_002,26786,True
2261,2018_543182__event_001,26786,True
2262,2018_543182__event_002,26786,True
2263,2018_543183__event_001,26786,True
2264,2018_543183__event_002,26786,True
2265,2018_543183__event_003,26786,True
2266,2018_543183__event_004,26786,True
2267,2018_543183__event_005,26786,True
2268,2018_543183__event_006,26786,True
2269,2018_543184__event_001,26786,True
2270,2018_543184__event_002,26786,True
2271,2018_543184__event_003,26786,True
2272,2018_543185__event_001,26786,True
2273,2018_543185__event_002,26786,True
2274,2018_543185__event_003,26786,True
2275,2018_543185__event_004,26786,True
2276,2018_543186__event_001,26786,True
2277,2018_543186__event_002,26786,True
2278,2018_543188__event_001,26786,True
2279,2018_543188__event_002,26786,True
2280,2018_543191__event_001,26786,True
2281,2018_543191__event_002,26786,True
2282,2018_543191__event_003,26786,True
2283,2018_543192__event_001,26786,True
2284,2018_543192__event_002,26786,True
2285,2018_543192__event_003,26786,True
2286,2018_543192__event_004,26786,True
2287,2018_543193__event_001,26786,True
2288,2018_543193__event_002,26786,True
2289,2018_543193__event_003,26786,True
2290,2018_543193__event_004,26786,True
2291,2018_543194__event_001,26786,True
2292,2018_543194__event_002,26786,True
2293,2018_543194__event_003,26786,True
2294,2018_543194__event_004,26786,True
2295,2018_543194__event_005,26786,True
2296,2018_543194__event_006,26786,True
2297,2018_543194__event_007,26786,True
2298,2018_543194__event_008,26786,True
2299,2018_543195__event_001,26786,True
2300,2018_543195__event_002,26786,True
2301,2018_543195__event_003,26786,True
2302,2018_543195__event_004,26786,True
2303,2018_543195__event_005,26786,True
2304,2018_543195__event_006,26786,True
2305,2018_543195__event_007,26786,True
2306,2018_543195__event_008,26786,True
2307,2018_543195__event_009,26786,True
2308,2018_543195__event_010,26786,True
2309,2018_543195__event_011,26786,True
2310,2018_543195__event_012,26786,True
2311,2018_543195__event_013,26786,True
2312,2018_543196__event_001,26786,True
2313,2018_543196__event_002,26786,True
2314,2018_543196__event_003,26786,True
2315,2018_543197__event_001,26786,True
2316,2018_543197__event_002,26786,True
2317,2018_543197__event_003,26786,True
2318,2018_543197__event_004,26786,True
2319,2018_543197__event_005,26786,True
2320,2018_543197__event_006,26786,True
2321,2018_543199__event_001,26786,True
2322,2018_543199__event_002,26786,True
2323,2018_543199__event_003,26786,True
2324,2018_543200__event_001,26786,True
2325,2018_543200__event_002,26786,True
2326,2018_543201__event_001,26786,True
2327,2018_543201__event_002,26786,True
2328,2018_543201__event_003,26786,True
2329,2018_543201__event_004,26786,True
2330,2018_543201__event_005,26786,True
2331,2018_543201__event_006,26786,True
2332,2018_543201__event_007,26786,True
2333,2018_543203__event_001,26786,True
2334,2018_543203__event_002,26786,True
2335,2018_543203__event_003,26786,True
2336,2018_543203__event_004,26786,True
2337,2018_543203__event_005,26786,True
2338,2018_543203__event_006,26786,True
2339,2018_543204__event_001,26786,True
2340,2018_543204__event_002,26786,True
2341,2018_543204__event_003,26786,True
2342,2018_543204__event_004,26786,True
2343,2018_543204__event_005,26786,True
2344,2018_543204__event_006,26786,True
2345,2018_543204__event_007,26786,True
2346,2018_543204__event_008,26786,True
2347,2018_543204__event_009,26786,True
2348,2018_543205__event_001,26786,True
2349,2018_543205__event_002,26786,True
2350,2018_543205__event_003,26786,True
2351,2018_543205__event_004,26786,True
2352,2018_543206__event_001,26786,True
2353,2018_543206__event_002,26786,True
2354,2018_543207__event_001,26786,True
2355,2018_543207__event_002,26786,True
2356,2018_543207__event_003,26786,True
2357,2018_543208__event_001,26786,True
2358,2018_543208__event_002,26786,True
2359,2018_543208__event_003,26786,True
2360,2018_543208__event_004,26786,True
2361,2018_543209__event_001,26786,True
2362,2018_543209__event_002,26786,True
2363,2018_543210__event_001,26786,True
2364,2018_543210__event_002,26786,True
2365,2018_543210__event_003,26786,True
2366,2018_543210__event_004,26786,True
2367,2018_543212__event_001,26786,True
2368,2018_543212__event_002,26786,True
2369,2018_543212__event_003,26786,True
2370,2018_543212__event_004,26786,True
2371,2018_543212__event_005,26786,True
2372,2018_543213__event_001,26786,True
2373,2018_543213__event_002,26786,True
2374,2018_543215__event_001,26786,True
2375,2018_543215__event_002,26786,True
2376,2018_543216__event_001,26786,True
2377,2018_543216__event_002,26786,True
2378,2018_543216__event_003,26786,True
2379,2018_543218__event_001,26786,True
2380,2018_543218__event_002,26786,True
2381,2018_543218__event_003,26786,True
2382,2018_543218__event_004,26786,True
2383,2018_543220__event_001,26786,True
2384,2018_543220__event_002,26786,True
2385,2018_543220__event_003,26786,True
2386,2018_543222__event_001,26786,True
2387,2018_543222__event_002,26786,True
2388,2018_543222__event_003,26786,True
2389,2018_543222__event_004,26786,True
2390,2018_543225__event_001,26786,True
2391,2018_543225__event_002,26786,True
2392,2018_543225__event_003,26786,True
2393,2018_543225__event_004,26786,True
2394,2018_543226__event_001,26786,True
2395,2018_543226__event_002,26786,True
2396,2018_543226__event_003,26786,True
2397,2018_543226__event_004,26786,True
2398,2018_543226__event_005,26786,True
2399,2018_543226__event_006,26786,True
2400,2018_543227__event_001,26786,True
2401,2018_543227__event_002,26786,True
2402,2018_543228__event_001,26786,True
2403,2018_543228__event_002,26786,True
2404,2018_543228__event_003,26786,True
2405,2018_543228__event_004,26786,True
2406,2018_543229__event_001,26786,True
2407,2018_543229__event_002,26786,True
2408,2018_543229__event_003,26786,True
2409,2018_543229__event_004,26786,True
2410,2018_543229__event_005,26786,True
2411,2018_543230__event_001,26786,True
2412,2018_543230__event_002,26786,True
2413,2018_543230__event_003,26786,True
2414,2018_543231__event_001,26786,True
2415,2018_543231__event_002,26786,True
2416,2018_543232__event_001,26786,True
2417,2018_543232__event_002,26786,True
2418,2018_543232__event_003,26786,True
2419,2018_543234__event_001,26786,True
2420,2018_543234__event_002,26786,True
2421,2018_543236__event_001,26786,True
2422,2018_543236__event_002,26786,True
2423,2018_543236__event_003,26786,True
2424,2018_543236__event_004,26786,True
2425,2018_543236__event_005,26786,True
2426,2018_543236__event_006,26786,True
2427,2018_543238__event_001,26786,True
2428,2018_543238__event_002,26786,True
2429,2018_543239__event_001,26786,True
2430,2018_543239__event_002,26786,True
2431,2018_543239__event_003,26786,True
2432,2018_543239__event_004,26786,True
2433,2018_543240__event_001,26786,True
2434,2018_543240__event_002,26786,True
2435,2018_543241__event_001,26786,True
2436,2018_543241__event_002,26786,True
2437,2018_543241__event_003,26786,True
2438,2018_543241__event_004,26786,True
2439,2018_543242__event_001,26786,True
2440,2018_543242__event_002,26786,True
2441,2018_543243__event_001,26786,True
2442,2018_543243__event_002,26786,True
2443,2018_543245__event_001,26786,True
2444,2018_543245__event_002,26786,True
2445,2018_543246__event_001,26786,True
2446,2018_543246__event_002,26786,True
2447,2018_543248__event_001,26786,True
2448,2018_543248__event_002,26786,True
2449,2018_543248__event_003,26786,True
2450,2018_543249__event_001,26786,True
2451,2018_543249__event_002,26786,True
2452,2018_543250__event_001,26786,True
2453,2018_543250__event_002,26786,True
2454,2018_543252__event_001,26786,True
2455,2018_543252__event_002,26786,True
2456,2018_543252__event_003,26786,True
2457,2018_543252__event_004,26786,True
2458,2018_543252__event_005,26786,True
2459,2018_543254__event_001,26786,True
2460,2018_543254__event_002,26786,True
2461,2018_543254__event_003,26786,True
2462,2018_543255__event_001,26786,True
2463,2018_543255__event_002,26786,True
2464,2018_543255__event_003,26786,True
2465,2018_543255__event_004,26786,True
2466,2018_543255__event_005,26786,True
2467,2018_543256__event_001,26786,True
2468,2018_543256__event_002,26786,True
2469,2018_543256__event_003,26786,True
2470,2018_543256__event_004,26786,True
2471,2018_3383886__event_001,277915,False
2472,2018_3383886__event_002,277915,False
2473,2018_3383887__event_001,277915,False
2474,2018_3383887__event_002,277915,False
2475,2018_3383887__event_003,277915,False
2476,2018_3383889__event_001,277915,False
2477,2018_3383889__event_002,277915,False
2478,2018_3383890__event_001,277915,False
2479,2018_3383890__event_002,277915,False
2480,2018_3383891__event_001,277915,False
2481,2018_3383891__event_002,277915,False
2482,2018_3383892__event_001,277915,False
2483,2018_3383892__event_002,277915,False
2484,2018_3383892__event_003,277915,False
2485,2018_3383894__event_001,277915,False
2486,2018_3383894__event_002,277915,False
2487,2018_3383894__event_003,277915,False
2488,2018_3383894__event_004,277915,False
2489,2018_3383894__event_005,277915,False
2490,2018_3383896__event_001,277915,False
2491,2018_3383896__event_002,277915,False
2492,2018_3383898__event_001,277915,False
2493,2018_3383898__event_002,277915,False
2494,2018_3383898__event_003,277915,False
2495,2018_3383899__event_001,277915,False
2496,2018_3383899__event_002,277915,False
2497,2018_3383900__event_001,277915,False
2498,2018_3383900__event_002,277915,False
2499,2018_3383901__event_001,277915,False
2500,2018_3383901__event_002,277915,False
2501,2018_3383902__event_001,277915,False
2502,2018_3383902__event_002,277915,False
2503,2018_3383903__event_001,277915,False
2504,2018_3383903__event_002,277915,False
2505,2018_3383909__event_001,277915,False
2506,2018_3383909__event_002,277915,False
2507,2018_3383911__event_001,277915,False
2508,2018_3383911__event_002,277915,False
2509,2018_3383912__event_001,277915,False
2510,2018_3383912__event_002,277915,False
2511,2018_3396777__event_001,280210,True
2512,2018_3396777__event_002,280210,True
2513,2018_3396778__event_001,280210,True
2514,2018_3396778__event_002,280210,True
2515,2018_3396778__event_003,280210,True
2516,2018_3396783__event_001,280210,True
2517,2018_3396783__event_002,280210,True
2518,2018_3396788__event_001,280210,True
2519,2018_3396788__event_002,280210,True
2520,2018_3396788__event_003,280210,True
2521,2018_3396789__event_001,280210,True
2522,2018_3396789__event_002,280210,True
2523,2018_3396789__event_003,280210,True
2524,2018_3396789__event_004,280210,True
2525,2018_3396792__event_001,280210,True
2526,2018_3396792__event_002,280210,True
2527,2018_3396792__event_003,280210,True
2528,2018_3396792__event_004,280210,True
2529,2018_3396792__event_005,280210,True
2530,2018_3396797__event_001,280210,True
2531,2018_3396797__event_002,280210,True
2532,2018_3396798__event_001,280210,True
2533,2018_3396798__event_002,280210,True
2534,2018_3396800__event_001,280210,True
2535,2018_3396800__event_002,280210,True
2536,2018_3396800__event_003,280210,True
2537,2018_3396800__event_004,280210,True
2538,2018_3396800__event_005,280210,True
2539,2018_3396805__event_001,280210,True
2540,2018_3396805__event_002,280210,True
2541,2018_3396806__event_001,280210,True
2542,2018_3396806__event_002,280210,True
2543,2018_3396806__event_003,280210,True
2544,2018_3396806__event_004,280210,True
2545,2018_3396807__event_001,280210,True
2546,2018_3396807__event_002,280210,True
2547,2018_3396808__event_001,280210,True
2548,2018_3396808__event_002,280210,True
2549,2018_3396812__event_001,280210,True
2550,2018_3396812__event_002,280210,True
2551,2018_3396814__event_001,280210,True
2552,2018_3396814__event_002,280210,True
2553,2018_3396819__event_001,280210,True
2554,2018_3396819__event_002,280210,True
2555,2018_3396830__event_001,280210,True
2556,2018_3396830__event_002,280210,True
2557,2018_3396830__event_003,280210,True
2558,2018_3396830__event_004,280210,True
2559,2018_3396831__event_001,280210,True
2560,2018_3396831__event_002,280210,True
2561,2018_3396831__event_003,280210,True
2562,2018_3396831__event_004,280210,True
2563,2018_3396832__event_001,280210,True
2564,2018_3396832__event_002,280210,True
2565,2018_3396832__event_003,280210,True
2566,2018_3396833__event_001,280210,True
2567,2018_3396833__event_002,280210,True
2568,2018_3396833__event_003,280210,True
2569,2018_3396833__event_004,280210,True
2570,2018_3396837__event_001,280210,True
2571,2018_3396837__event_002,280210,True
2572,2018_3396837__event_003,280210,True
2573,2018_3396837__event_004,280210,True
2574,2018_3403825__event_001,281448,False
2575,2018_3403825__event_002,281448,False
2576,2018_3403834__event_001,281448,False
2577,2018_3403834__event_002,281448,False
2578,2018_3403834__event_003,281448,False
2579,2018_3403837__event_001,281448,False
2580,2018_3403837__event_002,281448,False
2581,2018_3403847__event_001,281448,False
2582,2018_3403847__event_002,281448,False
2583,2018_3403848__event_001,281448,False
2584,2018_3403848__event_002,281448,False
2585,2018_3403849__event_001,281448,False
2586,2018_3403849__event_002,281448,False
2587,2018_3403850__event_001,281448,False
2588,2018_3403850__event_002,281448,False
2589,2018_3403853__event_001,281448,False
2590,2018_3403853__event_002,281448,False
2591,2018_3403853__event_003,281448,False
2592,2018_3403856__event_001,281448,False
2593,2018_3403856__event_002,281448,False
2594,2018_3403856__event_003,281448,False
2595,2018_3403860__event_001,281448,False
2596,2018_3403860__event_002,281448,False
2597,2018_3403860__event_003,281448,False
2598,2018_3403862__event_001,281448,False
2599,2018_3403862__event_002,281448,False
2600,2018_3403868__event_001,281448,False
2601,2018_3403868__event_002,281448,False
2602,2018_3403886__event_001,281448,False
2603,2018_3403886__event_002,281448,False
2604,2018_3403886__event_003,281448,False
2605,2018_3403886__event_004,281448,False
2606,2018_3403886__event_005,281448,False
2607,2018_3403888__event_001,281448,False
2608,2018_3403888__event_002,281448,False
2609,2018_3416085__event_001,283450,True
2610,2018_3416085__event_002,283450,True
2611,2018_3416086__event_001,283450,True
2612,2018_3416086__event_002,283450,True
2613,2018_3416090__event_001,283450,True
2614,2018_3416090__event_002,283450,True
2615,2018_3416099__event_001,283450,True
2616,2018_3416099__event_002,283450,True
2617,2018_3416100__event_001,283450,True
2618,2018_3416100__event_002,283450,True
2619,2018_3416101__event_001,283450,True
2620,2018_3416101__event_002,283450,True
2621,2018_3416102__event_001,283450,True
2622,2018_3416102__event_002,283450,True
2623,2018_3416105__event_001,283450,True
2624,2018_3416105__event_002,283450,True
2625,2018_3416112__event_001,283450,True
2626,2018_3416112__event_002,283450,True
2627,2018_3416112__event_003,283450,True
2628,2018_3416112__event_004,283450,True
2629,2018_3416112__event_005,283450,True
2630,2018_3416115__event_001,283450,True
2631,2018_3416115__event_002,283450,True
2632,2018_3416119__event_001,283450,True
2633,2018_3416119__event_002,283450,True
2634,2018_3416120__event_001,283450,True
2635,2018_3416120__event_002,283450,True
2636,2018_3416120__event_003,283450,True
2637,2018_3416122__event_001,283450,True
2638,2018_3416122__event_002,283450,True
2639,2018_3416124__event_001,283450,True
2640,2018_3416124__event_002,283450,True
2641,2018_3416130__event_001,283450,True
2642,2018_3416130__event_002,283450,True
2643,2018_3416133__event_001,283450,True
2644,2018_3416133__event_002,283450,True
2645,2018_3416139__event_001,283450,True
2646,2018_3416139__event_002,283450,True
2647,2018_3416140__event_001,283450,True
2648,2018_3416140__event_002,283450,True
2649,2018_3416140__event_003,283450,True
2650,2018_3416140__event_004,283450,True
2651,2018_3416141__event_001,283450,True
2652,2018_3416141__event_002,283450,True
2653,2018_3416141__event_003,283450,True
2654,2018_3416142__event_001,283450,True
2655,2018_3416142__event_002,283450,True
2656,2018_3416142__event_003,283450,True
2657,2018_3416142__event_004,283450,True
2658,2018_3416142__event_005,283450,True
2659,2018_3416142__event_006,283450,True
2660,2018_3416143__event_001,283450,True
2661,2018_3416143__event_002,283450,True
2662,2018_3416143__event_003,283450,True
2663,2018_3416144__event_001,283450,True
2664,2018_3416144__event_002,283450,True
2665,2018_3416144__event_003,283450,True
2666,2018_3416146__event_001,283450,True
2667,2018_3416146__event_002,283450,True
2668,2018_3416146__event_003,283450,True
2669,2018_3416147__event_001,283450,True
2670,2018_3416147__event_002,283450,True
2671,2018_3416148__event_001,283450,True
2672,2018_3416148__event_002,283450,True
2673,2018_3416149__event_001,283450,True
2674,2018_3416149__event_002,283450,True
2675,2018_3416149__event_003,283450,True
2676,2018_3416150__event_001,283450,True
2677,2018_3416150__event_002,283450,True
2678,2018_3416150__event_003,283450,True
2679,2018_3416151__event_001,283450,True
2680,2018_3416151__event_002,283450,True
2681,2018_3416152__event_001,283450,True
2682,2018_3416152__event_002,283450,True
2683,2018_3433008__event_001,286142,False
2684,2018_3433008__event_002,286142,False
2685,2018_3433018__event_001,286142,False
2686,2018_3433018__event_002,286142,False
2687,2018_3433020__event_001,286142,False
2688,2018_3433020__event_002,286142,False
2689,2018_3433021__event_001,286142,False
2690,2018_3433021__event_002,286142,False
2691,2018_3433026__event_001,286142,False
2692,2018_3433026__event_002,286142,False
2693,2018_3433027__event_001,286142,False
2694,2018_3433027__event_002,286142,False
2695,2018_3433030__event_001,286142,False
2696,2018_3433030__event_002,286142,False
2697,2018_3433033__event_001,286142,False
2698,2018_3433033__event_002,286142,False
2699,2018_3433040__event_001,286142,False
2700,2018_3433040__event_002,286142,False
2701,2018_3433042__event_001,286142,False
2702,2018_3433042__event_002,286142,False
2703,2018_3433042__event_003,286142,False
2704,2018_3434327__event_001,286382,False
2705,2018_3434327__event_002,286382,False
2706,2018_3434330__event_001,286382,False
2707,2018_3434330__event_002,286382,False
2708,2018_3434333__event_001,286382,False
2709,2018_3434333__event_002,286382,False
2710,2018_3434337__event_001,286382,False
2711,2018_3434337__event_002,286382,False
2712,2018_3434337__event_003,286382,False
2713,2018_3434341__event_001,286382,False
2714,2018_3434341__event_002,286382,False
2715,2018_3434342__event_001,286382,False
2716,2018_3434342__event_002,286382,False
2717,2018_3434346__event_001,286382,False
2718,2018_3434346__event_002,286382,False
2719,2018_3434349__event_001,286382,False
2720,2018_3434349__event_002,286382,False
2721,2018_3434350__event_001,286382,False
2722,2018_3434350__event_002,286382,False
2723,2018_3434351__event_001,286382,False
2724,2018_3434351__event_002,286382,False
2725,2018_3434359__event_001,286382,False
2726,2018_3434359__event_002,286382,False
2727,2018_580019__event_001,28664,True
2728,2018_580019__event_002,28664,True
2729,2018_580020__event_001,28664,True
2730,2018_580020__event_002,28664,True
2731,2018_580023__event_001,28664,True
2732,2018_580023__event_002,28664,True
2733,2018_580024__event_001,28664,True
2734,2018_580024__event_002,28664,True
2735,2018_580026__event_001,28664,True
2736,2018_580026__event_002,28664,True
2737,2018_580028__event_001,28664,True
2738,2018_580028__event_002,28664,True
2739,2018_580028__event_003,28664,True
2740,2018_580028__event_004,28664,True
2741,2018_580029__event_001,28664,True
2742,2018_580029__event_002,28664,True
2743,2018_580032__event_001,28664,True
2744,2018_580032__event_002,28664,True
2745,2018_580034__event_001,28664,True
2746,2018_580034__event_002,28664,True
2747,2018_580038__event_001,28664,True
2748,2018_580038__event_002,28664,True
2749,2018_580039__event_001,28664,True
2750,2018_580039__event_002,28664,True
2751,2018_580040__event_001,28664,True
2752,2018_580040__event_002,28664,True
2753,2018_580041__event_001,28664,True
2754,2018_580041__event_002,28664,True
2755,2018_580041__event_003,28664,True
2756,2018_580041__event_004,28664,True
2757,2018_580041__event_005,28664,True
2758,2018_580041__event_006,28664,True
2759,2018_580041__event_007,28664,True
2760,2018_580041__event_008,28664,True
2761,2018_580044__event_001,28664,True
2762,2018_580044__event_002,28664,True
2763,2018_580044__event_003,28664,True
2764,2018_580044__event_004,28664,True
2765,2018_580044__event_005,28664,True
2766,2018_580044__event_006,28664,True
2767,2018_580044__event_007,28664,True
2768,2018_580046__event_001,28664,True
2769,2018_580046__event_002,28664,True
2770,2018_580047__event_001,28664,True
2771,2018_580047__event_002,28664,True
2772,2018_580047__event_003,28664,True
2773,2018_580047__event_004,28664,True
2774,2018_580048__event_001,28664,True
2775,2018_580048__event_002,28664,True
2776,2018_580048__event_003,28664,True
2777,2018_580049__event_001,28664,True
2778,2018_580049__event_002,28664,True
2779,2018_580050__event_001,28664,True
2780,2018_580050__event_002,28664,True
2781,2018_580051__event_001,28664,True
2782,2018_580051__event_002,28664,True
2783,2018_580873__event_001,28697,False
2784,2018_580873__event_002,28697,False
2785,2018_580873__event_003,28697,False
2786,2018_580873__event_004,28697,False
2787,2018_580874__event_001,28697,False
2788,2018_580874__event_002,28697,False
2789,2018_580876__event_001,28697,False
2790,2018_580876__event_002,28697,False
2791,2018_580878__event_001,28697,False
2792,2018_580878__event_002,28697,False
2793,2018_580879__event_001,28697,False
2794,2018_580879__event_002,28697,False
2795,2018_580884__event_001,28697,False
2796,2018_580884__event_002,28697,False
2797,2018_580884__event_003,28697,False
2798,2018_580886__event_001,28697,False
2799,2018_580886__event_002,28697,False
2800,2018_580886__event_003,28697,False
2801,2018_580886__event_004,28697,False
2802,2018_580887__event_001,28697,False
2803,2018_580887__event_002,28697,False
2804,2018_580888__event_001,28697,False
2805,2018_580888__event_002,28697,False
2806,2018_580896__event_001,28697,False
2807,2018_580896__event_002,28697,False
2808,2018_580896__event_003,28697,False
2809,2018_580900__event_001,28697,False
2810,2018_580900__event_002,28697,False
2811,2018_580901__event_001,28697,False
2812,2018_580901__event_002,28697,False
2813,2018_580903__event_001,28697,False
2814,2018_580903__event_002,28697,False
2815,2018_580905__event_001,28697,False
2816,2018_580905__event_002,28697,False
2817,2018_580909__event_001,28697,False
2818,2018_580909__event_002,28697,False
2819,2018_580909__event_003,28697,False
2820,2018_3462036__event_001,290806,False
2821,2018_3462036__event_002,290806,False
2822,2018_3462036__event_003,290806,False
2823,2018_3462036__event_004,290806,False
2824,2018_3462038__event_001,290806,False
2825,2018_3462038__event_002,290806,False
2826,2018_3462038__event_003,290806,False
2827,2018_3462038__event_004,290806,False
2828,2018_3462039__event_001,290806,False
2829,2018_3462039__event_002,290806,False
2830,2018_3462040__event_001,290806,False
2831,2018_3462040__event_002,290806,False
2832,2018_3462040__event_003,290806,False
2833,2018_3462043__event_001,290806,False
2834,2018_3462043__event_002,290806,False
2835,2018_3462044__event_001,290806,False
2836,2018_3462044__event_002,290806,False
2837,2018_3462044__event_003,290806,False
2838,2018_3462045__event_001,290806,False
2839,2018_3462045__event_002,290806,False
2840,2018_3462047__event_001,290806,False
2841,2018_3462047__event_002,290806,False
2842,2018_3462051__event_001,290806,False
2843,2018_3462051__event_002,290806,False
2844,2018_3462055__event_001,290806,False
2845,2018_3462055__event_002,290806,False
2846,2018_3462056__event_001,290806,False
2847,2018_3462056__event_002,290806,False
2848,2018_3462058__event_001,290806,False
2849,2018_3462058__event_002,290806,False
2850,2018_3462058__event_003,290806,False
2851,2018_3462058__event_004,290806,False
2852,2018_3462063__event_001,290806,False
2853,2018_3462063__event_002,290806,False
2854,2018_3462064__event_001,290806,False
2855,2018_3462064__event_002,290806,False
2856,2018_596137__event_001,29501,False
2857,2018_596137__event_002,29501,False
2858,2018_596140__event_001,29501,False
2859,2018_596140__event_002,29501,False
2860,2018_596152__event_001,29501,False
2861,2018_596152__event_002,29501,False
2862,2018_596158__event_001,29501,False
2863,2018_596158__event_002,29501,False
2864,2018_596159__event_001,29501,False
2865,2018_596159__event_002,29501,False
2866,2018_596165__event_001,29501,False
2867,2018_596165__event_002,29501,False
2868,2018_596167__event_001,29501,False
2869,2018_596167__event_002,29501,False
2870,2018_596168__event_001,29501,False
2871,2018_596168__event_002,29501,False
2872,2018_596168__event_003,29501,False
2873,2018_596169__event_001,29501,False
2874,2018_596169__event_002,29501,False
2875,2018_596175__event_001,29501,False
2876,2018_596175__event_002,29501,False
2877,2018_596177__event_001,29501,False
2878,2018_596177__event_002,29501,False
2879,2018_596177__event_003,29501,False
2880,2018_596177__event_004,29501,False
2881,2018_596177__event_005,29501,False
2882,2018_596185__event_001,29501,False
2883,2018_596185__event_002,29501,False
2884,2018_596186__event_001,29501,False
2885,2018_596186__event_002,29501,False
2886,2018_596194__event_001,29501,False
2887,2018_596194__event_002,29501,False
2888,2018_596195__event_001,29501,False
2889,2018_596195__event_002,29501,False
2890,2018_596197__event_001,29501,False
2891,2018_596197__event_002,29501,False
2892,2018_601360__event_001,29757,False
2893,2018_601360__event_002,29757,False
2894,2018_601360__event_003,29757,False
2895,2018_601361__event_001,29757,False
2896,2018_601361__event_002,29757,False
2897,2018_601365__event_001,29757,False
2898,2018_601365__event_002,29757,False
2899,2018_601365__event_003,29757,False
2900,2018_601369__event_001,29757,False
2901,2018_601369__event_002,29757,False
2902,2018_601369__event_003,29757,False
2903,2018_601373__event_001,29757,False
2904,2018_601373__event_002,29757,False
2905,2018_601377__event_001,29757,False
2906,2018_601377__event_002,29757,False
2907,2018_601379__event_001,29757,False
2908,2018_601379__event_002,29757,False
2909,2018_601384__event_001,29757,False
2910,2018_601384__event_002,29757,False
2911,2018_601386__event_001,29757,False
2912,2018_601386__event_002,29757,False
2913,2018_601388__event_001,29757,False
2914,2018_601388__event_002,29757,False
2915,2018_601389__event_001,29757,False
2916,2018_601389__event_002,29757,False
2917,2018_601391__event_001,29757,False
2918,2018_601391__event_002,29757,False
2919,2018_601394__event_001,29757,False
2920,2018_601394__event_002,29757,False
2921,2018_601398__event_001,29757,False
2922,2018_601398__event_002,29757,False
2923,2018_601408__event_001,29757,False
2924,2018_601408__event_002,29757,False
2925,2018_601415__event_001,29757,False
2926,2018_601415__event_002,29757,False
2927,2018_601430__event_001,29757,False
2928,2018_601430__event_002,29757,False
2929,2018_601438__event_001,29757,False
2930,2018_601438__event_002,29757,False
2931,2018_601440__event_001,29757,False
2932,2018_601440__event_002,29757,False
2933,2018_601478__event_001,29764,False
2934,2018_601478__event_002,29764,False
2935,2018_601478__event_003,29764,False
2936,2018_601479__event_001,29764,False
2937,2018_601479__event_002,29764,False
2938,2018_601479__event_003,29764,False
2939,2018_601480__event_001,29764,False
2940,2018_601480__event_002,29764,False
2941,2018_601487__event_001,29764,False
2942,2018_601487__event_002,29764,False
2943,2018_601487__event_003,29764,False
2944,2018_601501__event_001,29764,False
2945,2018_601501__event_002,29764,False
2946,2018_601514__event_001,29764,False
2947,2018_601514__event_002,29764,False
2948,2018_601534__event_001,29764,False
2949,2018_601534__event_002,29764,False
2950,2018_601534__event_003,29764,False
2951,2018_601534__event_004,29764,False
2952,2018_601542__event_001,29764,False
2953,2018_601542__event_002,29764,False
2954,2018_601559__event_001,29764,False
2955,2018_601559__event_002,29764,False
2956,2018_601633__event_001,29764,False
2957,2018_601633__event_002,29764,False
2958,2018_601633__event_003,29764,False
2959,2018_601634__event_001,29764,False
2960,2018_601634__event_002,29764,False
2961,2018_631588__event_001,31204,False
2962,2018_631588__event_002,31204,False
2963,2018_631604__event_001,31204,False
2964,2018_631604__event_002,31204,False
2965,2018_631611__event_001,31204,False
2966,2018_631611__event_002,31204,False
2967,2018_631614__event_001,31204,False
2968,2018_631614__event_002,31204,False
2969,2018_631642__event_001,31204,False
2970,2018_631642__event_002,31204,False
2971,2018_631651__event_001,31204,False
2972,2018_631651__event_002,31204,False
2973,2018_631654__event_001,31204,False
2974,2018_631654__event_002,31204,False
2975,2018_631666__event_001,31204,False
2976,2018_631666__event_002,31204,False
2977,2018_631677__event_001,31204,False
2978,2018_631677__event_002,31204,False
2979,2018_631691__event_001,31204,False
2980,2018_631691__event_002,31204,False
2981,2018_631693__event_001,31204,False
2982,2018_631693__event_002,31204,False
2983,2018_631700__event_001,31204,False
2984,2018_631700__event_002,31204,False
2985,2018_631703__event_001,31204,False
2986,2018_631703__event_002,31204,False
2987,2018_631703__event_003,31204,False
2988,2018_661936__event_001,32545,True
2989,2018_661936__event_002,32545,True
2990,2018_661936__event_003,32545,True
2991,2018_661937__event_001,32545,True
2992,2018_661937__event_002,32545,True
2993,2018_661938__event_001,32545,True
2994,2018_661938__event_002,32545,True
2995,2018_661938__event_003,32545,True
2996,2018_661940__event_001,32545,True
2997,2018_661940__event_002,32545,True
2998,2018_661942__event_001,32545,True
2999,2018_661942__event_002,32545,True
3000,2018_661942__event_003,32545,True
3001,2018_661942__event_004,32545,True
3002,2018_661943__event_001,32545,True
3003,2018_661943__event_002,32545,True
3004,2018_661944__event_001,32545,True
3005,2018_661944__event_002,32545,True
3006,2018_661944__event_003,32545,True
3007,2018_661945__event_001,32545,True
3008,2018_661945__event_002,32545,True
3009,2018_661945__event_003,32545,True
3010,2018_661946__event_001,32545,True
3011,2018_661946__event_002,32545,True
3012,2018_661946__event_003,32545,True
3013,2018_661946__event_004,32545,True
3014,2018_661948__event_001,32545,True
3015,2018_661948__event_002,32545,True
3016,2018_661949__event_001,32545,True
3017,2018_661949__event_002,32545,True
3018,2018_661950__event_001,32545,True
3019,2018_661950__event_002,32545,True
3020,2018_661950__event_003,32545,True
3021,2018_661950__event_004,32545,True
3022,2018_661951__event_001,32545,True
3023,2018_661951__event_002,32545,True
3024,2018_661952__event_001,32545,True
3025,2018_661952__event_002,32545,True
3026,2018_661952__event_003,32545,True
3027,2018_661952__event_004,32545,True
3028,2018_661952__event_005,32545,True
3029,2018_661957__event_001,32545,True
3030,2018_661957__event_002,32545,True
3031,2018_661962__event_001,32545,True
3032,2018_661962__event_002,32545,True
3033,2018_661962__event_003,32545,True
3034,2018_661963__event_001,32545,True
3035,2018_661963__event_002,32545,True
3036,2018_661965__event_001,32545,True
3037,2018_661965__event_002,32545,True
3038,2018_661966__event_001,32545,True
3039,2018_661966__event_002,32545,True
3040,2018_661967__event_001,32545,True
3041,2018_661967__event_002,32545,True
3042,2018_661968__event_001,32545,True
3043,2018_661968__event_002,32545,True
3044,2018_661970__event_001,32545,True
3045,2018_661970__event_002,32545,True
3046,2018_661973__event_001,32545,True
3047,2018_661973__event_002,32545,True
3048,2018_661974__event_001,32545,True
3049,2018_661974__event_002,32545,True
3050,2018_661977__event_001,32545,True
3051,2018_661977__event_002,32545,True
3052,2018_661980__event_001,32545,True
3053,2018_661980__event_002,32545,True
3054,2018_661981__event_001,32545,True
3055,2018_661981__event_002,32545,True
3056,2018_661985__event_001,32545,True
3057,2018_661985__event_002,32545,True
3058,2018_661985__event_003,32545,True
3059,2018_661985__event_004,32545,True
3060,2018_661987__event_001,32545,True
3061,2018_661987__event_002,32545,True
3062,2018_661988__event_001,32545,True
3063,2018_661988__event_002,32545,True
3064,2018_661988__event_003,32545,True
3065,2018_661990__event_001,32545,True
3066,2018_661990__event_002,32545,True
3067,2018_661991__event_001,32545,True
3068,2018_661991__event_002,32545,True
3069,2018_661991__event_003,32545,True
3070,2018_661992__event_001,32545,True
3071,2018_661992__event_002,32545,True
3072,2018_661992__event_003,32545,True
3073,2018_661993__event_001,32545,True
3074,2018_661993__event_002,32545,True
3075,2018_661994__event_001,32545,True
3076,2018_661994__event_002,32545,True
3077,2018_661996__event_001,32545,True
3078,2018_661996__event_002,32545,True
3079,2018_661997__event_001,32545,True
3080,2018_661997__event_002,32545,True
3081,2018_661998__event_001,32545,True
3082,2018_661998__event_002,32545,True
3083,2018_661998__event_003,32545,True
3084,2018_662002__event_001,32545,True
3085,2018_662002__event_002,32545,True
3086,2018_662005__event_001,32545,True
3087,2018_662005__event_002,32545,True
3088,2018_662006__event_001,32545,True
3089,2018_662006__event_002,32545,True
3090,2018_662008__event_001,32545,True
3091,2018_662008__event_002,32545,True
3092,2018_662009__event_001,32545,True
3093,2018_662009__event_002,32545,True
3094,2018_3674408__event_001,325605,True
3095,2018_3674408__event_002,325605,True
3096,2018_3674411__event_001,325605,True
3097,2018_3674411__event_002,325605,True
3098,2018_3674418__event_001,325605,True
3099,2018_3674418__event_002,325605,True
3100,2018_3674418__event_003,325605,True
3101,2018_3674418__event_004,325605,True
3102,2018_3674418__event_005,325605,True
3103,2018_3674419__event_001,325605,True
3104,2018_3674419__event_002,325605,True
3105,2018_3674419__event_003,325605,True
3106,2018_3674422__event_001,325605,True
3107,2018_3674422__event_002,325605,True
3108,2018_3674423__event_001,325605,True
3109,2018_3674423__event_002,325605,True
3110,2018_3674424__event_001,325605,True
3111,2018_3674424__event_002,325605,True
3112,2018_3674426__event_001,325605,True
3113,2018_3674426__event_002,325605,True
3114,2018_3674427__event_001,325605,True
3115,2018_3674427__event_002,325605,True
3116,2018_3674427__event_003,325605,True
3117,2018_3674427__event_004,325605,True
3118,2018_3674428__event_001,325605,True
3119,2018_3674428__event_002,325605,True
3120,2018_3674428__event_003,325605,True
3121,2018_3674433__event_001,325605,True
3122,2018_3674433__event_002,325605,True
3123,2018_3674434__event_001,325605,True
3124,2018_3674434__event_002,325605,True
3125,2018_3674434__event_003,325605,True
3126,2018_3674434__event_004,325605,True
3127,2018_3674436__event_001,325605,True
3128,2018_3674436__event_002,325605,True
3129,2018_3674442__event_001,325605,True
3130,2018_3674442__event_002,325605,True
3131,2018_3674443__event_001,325605,True
3132,2018_3674443__event_002,325605,True
3133,2018_3674444__event_001,325605,True
3134,2018_3674444__event_002,325605,True
3135,2018_3674446__event_001,325605,True
3136,2018_3674446__event_002,325605,True
3137,2018_3674449__event_001,325605,True
3138,2018_3674449__event_002,325605,True
3139,2018_3674452__event_001,325605,True
3140,2018_3674452__event_002,325605,True
3141,2018_3674454__event_001,325605,True
3142,2018_3674454__event_002,325605,True
3143,2018_3674455__event_001,325605,True
3144,2018_3674455__event_002,325605,True
3145,2018_3674458__event_001,325605,True
3146,2018_3674458__event_002,325605,True
3147,2018_3674458__event_003,325605,True
3148,2018_3674458__event_004,325605,True
3149,2018_3674458__event_005,325605,True
3150,2018_3674460__event_001,325605,True
3151,2018_3674460__event_002,325605,True
3152,2018_3674461__event_001,325605,True
3153,2018_3674461__event_002,325605,True
3154,2018_3674462__event_001,325605,True
3155,2018_3674462__event_002,325605,True
3156,2018_3674463__event_001,325605,True
3157,2018_3674463__event_002,325605,True
3158,2018_3674463__event_003,325605,True
3159,2018_3674468__event_001,325605,True
3160,2018_3674468__event_002,325605,True
3161,2018_3674469__event_001,325605,True
3162,2018_3674469__event_002,325605,True
3163,2018_3674469__event_003,325605,True
3164,2018_3674471__event_001,325605,True
3165,2018_3674471__event_002,325605,True
3166,2018_3674472__event_001,325605,True
3167,2018_3674472__event_002,325605,True
3168,2018_3674476__event_001,325605,True
3169,2018_3674476__event_002,325605,True
3170,2018_3674477__event_001,325605,True
3171,2018_3674477__event_002,325605,True
3172,2018_3674477__event_003,325605,True
3173,2018_3674480__event_001,325605,True
3174,2018_3674480__event_002,325605,True
3175,2018_3674480__event_003,325605,True
3176,2018_3694430__event_001,328941,False
3177,2018_3694430__event_002,328941,False
3178,2018_3694432__event_001,328941,False
3179,2018_3694432__event_002,328941,False
3180,2018_3694433__event_001,328941,False
3181,2018_3694433__event_002,328941,False
3182,2018_3694434__event_001,328941,False
3183,2018_3694434__event_002,328941,False
3184,2018_3694435__event_001,328941,False
3185,2018_3694435__event_002,328941,False
3186,2018_3694436__event_001,328941,False
3187,2018_3694436__event_002,328941,False
3188,2018_3694436__event_003,328941,False
3189,2018_3694437__event_001,328941,False
3190,2018_3694437__event_002,328941,False
3191,2018_3694438__event_001,328941,False
3192,2018_3694438__event_002,328941,False
3193,2018_3694439__event_001,328941,False
3194,2018_3694439__event_002,328941,False
3195,2018_3694440__event_001,328941,False
3196,2018_3694440__event_002,328941,False
3197,2018_3694443__event_001,328941,False
3198,2018_3694443__event_002,328941,False
3199,2018_3757162__event_001,339444,False
3200,2018_3757162__event_002,339444,False
3201,2018_3757162__event_003,339444,False
3202,2018_3757163__event_001,339444,False
3203,2018_3757163__event_002,339444,False
3204,2018_3757164__event_001,339444,False
3205,2018_3757164__event_002,339444,False
3206,2018_3757165__event_001,339444,False
3207,2018_3757165__event_002,339444,False
3208,2018_3757165__event_003,339444,False
3209,2018_3757165__event_004,339444,False
3210,2018_3757165__event_005,339444,False
3211,2018_3757165__event_006,339444,False
3212,2018_3757165__event_007,339444,False
3213,2018_3757165__event_008,339444,False
3214,2018_3757166__event_001,339444,False
3215,2018_3757166__event_002,339444,False
3216,2018_3757167__event_001,339444,False
3217,2018_3757167__event_002,339444,False
3218,2018_3757169__event_001,339444,False
3219,2018_3757169__event_002,339444,False
3220,2018_3757170__event_001,339444,False
3221,2018_3757170__event_002,339444,False
3222,2018_3757174__event_001,339444,False
3223,2018_3757174__event_002,339444,False
3224,2018_3757175__event_001,339444,False
3225,2018_3757175__event_002,339444,False
3226,2018_3757180__event_001,339444,False
3227,2018_3757180__event_002,339444,False
3228,2018_3757184__event_001,339444,False
3229,2018_3757184__event_002,339444,False
3230,2018_3773284__event_001,342180,True
3231,2018_3773284__event_002,342180,True
3232,2018_3773285__event_001,342180,True
3233,2018_3773285__event_002,342180,True
3234,2018_3773288__event_001,342180,True
3235,2018_3773288__event_002,342180,True
3236,2018_3773289__event_001,342180,True
3237,2018_3773289__event_002,342180,True
3238,2018_3773294__event_001,342180,True
3239,2018_3773294__event_002,342180,True
3240,2018_3773296__event_001,342180,True
3241,2018_3773296__event_002,342180,True
3242,2018_3773297__event_001,342180,True
3243,2018_3773297__event_002,342180,True
3244,2018_3773298__event_001,342180,True
3245,2018_3773298__event_002,342180,True
3246,2018_3773299__event_001,342180,True
3247,2018_3773299__event_002,342180,True
3248,2018_3773299__event_003,342180,True
3249,2018_3773300__event_001,342180,True
3250,2018_3773300__event_002,342180,True
3251,2018_3773301__event_001,342180,True
3252,2018_3773301__event_002,342180,True
3253,2018_3773301__event_003,342180,True
3254,2018_3773302__event_001,342180,True
3255,2018_3773302__event_002,342180,True
3256,2018_3773304__event_001,342180,True
3257,2018_3773304__event_002,342180,True
3258,2018_3773307__event_001,342180,True
3259,2018_3773307__event_002,342180,True
3260,2018_3773307__event_003,342180,True
3261,2018_3773310__event_001,342180,True
3262,2018_3773310__event_002,342180,True
3263,2018_3773310__event_003,342180,True
3264,2018_3773311__event_001,342180,True
3265,2018_3773311__event_002,342180,True
3266,2018_3773311__event_003,342180,True
3267,2018_3773313__event_001,342180,True
3268,2018_3773313__event_002,342180,True
3269,2018_3773313__event_003,342180,True
3270,2018_3773314__event_001,342180,True
3271,2018_3773314__event_002,342180,True
3272,2018_3773314__event_003,342180,True
3273,2018_3773316__event_001,342180,True
3274,2018_3773316__event_002,342180,True
3275,2018_3773318__event_001,342180,True
3276,2018_3773318__event_002,342180,True
3277,2018_3773318__event_003,342180,True
3278,2018_3773318__event_004,342180,True
3279,2018_698462__event_001,34258,False
3280,2018_698462__event_002,34258,False
3281,2018_698463__event_001,34258,False
3282,2018_698463__event_002,34258,False
3283,2018_698467__event_001,34258,False
3284,2018_698467__event_002,34258,False
3285,2018_698467__event_003,34258,False
3286,2018_698467__event_004,34258,False
3287,2018_698467__event_005,34258,False
3288,2018_698471__event_001,34258,False
3289,2018_698471__event_002,34258,False
3290,2018_698471__event_003,34258,False
3291,2018_698471__event_004,34258,False
3292,2018_698472__event_001,34258,False
3293,2018_698472__event_002,34258,False
3294,2018_698472__event_003,34258,False
3295,2018_698472__event_004,34258,False
3296,2018_698472__event_005,34258,False
3297,2018_698472__event_006,34258,False
3298,2018_698472__event_007,34258,False
3299,2018_698472__event_008,34258,False
3300,2018_698472__event_009,34258,False
3301,2018_698472__event_010,34258,False
3302,2018_698472__event_011,34258,False
3303,2018_698473__event_001,34258,False
3304,2018_698473__event_002,34258,False
3305,2018_698478__event_001,34258,False
3306,2018_698478__event_002,34258,False
3307,2018_698479__event_001,34258,False
3308,2018_698479__event_002,34258,False
3309,2018_698480__event_001,34258,False
3310,2018_698480__event_002,34258,False
3311,2018_698481__event_001,34258,False
3312,2018_698481__event_002,34258,False
3313,2018_698481__event_003,34258,False
3314,2018_698482__event_001,34258,False
3315,2018_698482__event_002,34258,False
3316,2018_698482__event_003,34258,False
3317,2018_698482__event_004,34258,False
3318,2018_698482__event_005,34258,False
3319,2018_698483__event_001,34258,False
3320,2018_698483__event_002,34258,False
3321,2018_3804262__event_001,347501,False
3322,2018_3804262__event_002,347501,False
3323,2018_3804263__event_001,347501,False
3324,2018_3804263__event_002,347501,False
3325,2018_3804269__event_001,347501,False
3326,2018_3804269__event_002,347501,False
3327,2018_3804270__event_001,347501,False
3328,2018_3804270__event_002,347501,False
3329,2018_3804273__event_001,347501,False
3330,2018_3804273__event_002,347501,False
3331,2018_3804274__event_001,347501,False
3332,2018_3804274__event_002,347501,False
3333,2018_3804275__event_001,347501,False
3334,2018_3804275__event_002,347501,False
3335,2018_3804277__event_001,347501,False
3336,2018_3804277__event_002,347501,False
3337,2018_3804279__event_001,347501,False
3338,2018_3804279__event_002,347501,False
3339,2018_3804280__event_001,347501,False
3340,2018_3804280__event_002,347501,False
3341,2018_3807505__event_001,348059,False
3342,2018_3807505__event_002,348059,False
3343,2018_3807506__event_001,348059,False
3344,2018_3807506__event_002,348059,False
3345,2018_3807506__event_003,348059,False
3346,2018_3807506__event_004,348059,False
3347,2018_3807506__event_005,348059,False
3348,2018_3807507__event_001,348059,False
3349,2018_3807507__event_002,348059,False
3350,2018_3807509__event_001,348059,False
3351,2018_3807509__event_002,348059,False
3352,2018_3807509__event_003,348059,False
3353,2018_3807509__event_004,348059,False
3354,2018_3807511__event_001,348059,False
3355,2018_3807511__event_002,348059,False
3356,2018_3807512__event_001,348059,False
3357,2018_3807512__event_002,348059,False
3358,2018_3807513__event_001,348059,False
3359,2018_3807513__event_002,348059,False
3360,2018_3807513__event_003,348059,False
3361,2018_3807514__event_001,348059,False
3362,2018_3807514__event_002,348059,False
3363,2018_3807515__event_001,348059,False
3364,2018_3807515__event_002,348059,False
3365,2018_3807516__event_001,348059,False
3366,2018_3807516__event_002,348059,False
3367,2018_3807516__event_003,348059,False
3368,2018_3807516__event_004,348059,False
3369,2018_3807516__event_005,348059,False
3370,2018_3807516__event_006,348059,False
3371,2018_3807517__event_001,348059,False
3372,2018_3807517__event_002,348059,False
3373,2018_3807517__event_003,348059,False
3374,2018_3807517__event_004,348059,False
3375,2018_3807517__event_005,348059,False
3376,2018_3807518__event_001,348059,False
3377,2018_3807518__event_002,348059,False
3378,2018_3807519__event_001,348059,False
3379,2018_3807519__event_002,348059,False
3380,2018_3807519__event_003,348059,False
3381,2018_3807520__event_001,348059,False
3382,2018_3807520__event_002,348059,False
3383,2018_3807520__event_003,348059,False
3384,2018_3807521__event_001,348059,False
3385,2018_3807521__event_002,348059,False
3386,2018_3807521__event_003,348059,False
3387,2018_3807521__event_004,348059,False
3388,2018_3807522__event_001,348059,False
3389,2018_3807522__event_002,348059,False
3390,2018_3807522__event_003,348059,False
3391,2018_3807523__event_001,348059,False
3392,2018_3807523__event_002,348059,False
3393,2018_3807523__event_003,348059,False
3394,2018_3807523__event_004,348059,False
3395,2018_3807523__event_005,348059,False
3396,2018_3807524__event_001,348059,False
3397,2018_3807524__event_002,348059,False
3398,2018_3807524__event_003,348059,False
3399,2018_3807524__event_004,348059,False
3400,2018_3807524__event_005,348059,False
3401,2018_3807525__event_001,348059,False
3402,2018_3807525__event_002,348059,False
3403,2018_3807525__event_003,348059,False
3404,2018_3811310__event_001,348682,False
3405,2018_3811310__event_002,348682,False
3406,2018_3811312__event_001,348682,False
3407,2018_3811312__event_002,348682,False
3408,2018_3811316__event_001,348682,False
3409,2018_3811316__event_002,348682,False
3410,2018_3811320__event_001,348682,False
3411,2018_3811320__event_002,348682,False
3412,2018_3811326__event_001,348682,False
3413,2018_3811326__event_002,348682,False
3414,2018_3811326__event_003,348682,False
3415,2018_3811328__event_001,348682,False
3416,2018_3811328__event_002,348682,False
3417,2018_3811332__event_001,348682,False
3418,2018_3811332__event_002,348682,False
3419,2018_3811335__event_001,348682,False
3420,2018_3811335__event_002,348682,False
3421,2018_3811346__event_001,348682,False
3422,2018_3811346__event_002,348682,False
3423,2018_3811349__event_001,348682,False
3424,2018_3811349__event_002,348682,False
3425,2018_3811349__event_003,348682,False
3426,2018_3820522__event_001,350248,True
3427,2018_3820522__event_002,350248,True
3428,2018_3820522__event_003,350248,True
3429,2018_3820523__event_001,350248,True
3430,2018_3820523__event_002,350248,True
3431,2018_3820524__event_001,350248,True
3432,2018_3820524__event_002,350248,True
3433,2018_3820524__event_003,350248,True
3434,2018_3820524__event_004,350248,True
3435,2018_3820524__event_005,350248,True
3436,2018_3820524__event_006,350248,True
3437,2018_3820526__event_001,350248,True
3438,2018_3820526__event_002,350248,True
3439,2018_3820528__event_001,350248,True
3440,2018_3820528__event_002,350248,True
3441,2018_3820528__event_003,350248,True
3442,2018_3820529__event_001,350248,True
3443,2018_3820529__event_002,350248,True
3444,2018_3820531__event_001,350248,True
3445,2018_3820531__event_002,350248,True
3446,2018_3820535__event_001,350248,True
3447,2018_3820535__event_002,350248,True
3448,2018_3820535__event_003,350248,True
3449,2018_3820539__event_001,350248,True
3450,2018_3820539__event_002,350248,True
3451,2018_3820541__event_001,350248,True
3452,2018_3820541__event_002,350248,True
3453,2018_3820543__event_001,350248,True
3454,2018_3820543__event_002,350248,True
3455,2018_3820549__event_001,350248,True
3456,2018_3820549__event_002,350248,True
3457,2018_3820550__event_001,350248,True
3458,2018_3820550__event_002,350248,True
3459,2018_3820551__event_001,350248,True
3460,2018_3820551__event_002,350248,True
3461,2018_3820552__event_001,350248,True
3462,2018_3820552__event_002,350248,True
3463,2018_3820552__event_003,350248,True
3464,2018_3820554__event_001,350248,True
3465,2018_3820554__event_002,350248,True
3466,2018_3820554__event_003,350248,True
3467,2018_3820556__event_001,350248,True
3468,2018_3820556__event_002,350248,True
3469,2018_3820557__event_001,350248,True
3470,2018_3820557__event_002,350248,True
3471,2018_3820557__event_003,350248,True
3472,2018_3820558__event_001,350248,True
3473,2018_3820558__event_002,350248,True
3474,2018_3820561__event_001,350248,True
3475,2018_3820561__event_002,350248,True
3476,2018_3820562__event_001,350248,True
3477,2018_3820562__event_002,350248,True
3478,2018_3820563__event_001,350248,True
3479,2018_3820563__event_002,350248,True
3480,2018_3855570__event_001,356419,False
3481,2018_3855570__event_002,356419,False
3482,2018_3855571__event_001,356419,False
3483,2018_3855571__event_002,356419,False
3484,2018_3855571__event_003,356419,False
3485,2018_3855572__event_001,356419,False
3486,2018_3855572__event_002,356419,False
3487,2018_3855574__event_001,356419,False
3488,2018_3855574__event_002,356419,False
3489,2018_3855574__event_003,356419,False
3490,2018_3855574__event_004,356419,False
3491,2018_3855574__event_005,356419,False
3492,2018_3855574__event_006,356419,False
3493,2018_3855575__event_001,356419,False
3494,2018_3855575__event_002,356419,False
3495,2018_3855576__event_001,356419,False
3496,2018_3855576__event_002,356419,False
3497,2018_3855579__event_001,356419,False
3498,2018_3855579__event_002,356419,False
3499,2018_3855580__event_001,356419,False
3500,2018_3855580__event_002,356419,False
3501,2018_3855582__event_001,356419,False
3502,2018_3855582__event_002,356419,False
3503,2018_3855583__event_001,356419,False
3504,2018_3855583__event_002,356419,False
3505,2018_3855585__event_001,356419,False
3506,2018_3855585__event_002,356419,False
3507,2018_3855592__event_001,356419,False
3508,2018_3855592__event_002,356419,False
3509,2018_3855593__event_001,356419,False
3510,2018_3855593__event_002,356419,False
3511,2018_3855594__event_001,356419,False
3512,2018_3855594__event_002,356419,False
3513,2018_727082__event_001,35718,False
3514,2018_727082__event_002,35718,False
3515,2018_727082__event_003,35718,False
3516,2018_727085__event_001,35718,False
3517,2018_727085__event_002,35718,False
3518,2018_727097__event_001,35718,False
3519,2018_727097__event_002,35718,False
3520,2018_727114__event_001,35718,False
3521,2018_727114__event_002,35718,False
3522,2018_727117__event_001,35718,False
3523,2018_727117__event_002,35718,False
3524,2018_727120__event_001,35718,False
3525,2018_727120__event_002,35718,False
3526,2018_727120__event_003,35718,False
3527,2018_727129__event_001,35718,False
3528,2018_727129__event_002,35718,False
3529,2018_727132__event_001,35718,False
3530,2018_727132__event_002,35718,False
3531,2018_727134__event_001,35718,False
3532,2018_727134__event_002,35718,False
3533,2018_727134__event_003,35718,False
3534,2018_727136__event_001,35718,False
3535,2018_727136__event_002,35718,False
3536,2018_727136__event_003,35718,False
3537,2018_727143__event_001,35718,False
3538,2018_727143__event_002,35718,False
3539,2018_3889072__event_001,362630,False
3540,2018_3889072__event_002,362630,False
3541,2018_3889074__event_001,362630,False
3542,2018_3889074__event_002,362630,False
3543,2018_3889075__event_001,362630,False
3544,2018_3889075__event_002,362630,False
3545,2018_3889075__event_003,362630,False
3546,2018_3889076__event_001,362630,False
3547,2018_3889076__event_002,362630,False
3548,2018_3889077__event_001,362630,False
3549,2018_3889077__event_002,362630,False
3550,2018_3889084__event_001,362630,False
3551,2018_3889084__event_002,362630,False
3552,2018_3889086__event_001,362630,False
3553,2018_3889086__event_002,362630,False
3554,2018_3889086__event_003,362630,False
3555,2018_3889093__event_001,362630,False
3556,2018_3889093__event_002,362630,False
3557,2018_3889095__event_001,362630,False
3558,2018_3889095__event_002,362630,False
3559,2018_3889096__event_001,362630,False
3560,2018_3889096__event_002,362630,False
3561,2018_3889098__event_001,362630,False
3562,2018_3889098__event_002,362630,False
3563,2018_741640__event_001,36487,False
3564,2018_741640__event_002,36487,False
3565,2018_741689__event_001,36487,False
3566,2018_741689__event_002,36487,False
3567,2018_741694__event_001,36487,False
3568,2018_741694__event_002,36487,False
3569,2018_741699__event_001,36487,False
3570,2018_741699__event_002,36487,False
3571,2018_741700__event_001,36487,False
3572,2018_741700__event_002,36487,False
3573,2018_741700__event_003,36487,False
3574,2018_741700__event_004,36487,False
3575,2018_741706__event_001,36487,False
3576,2018_741706__event_002,36487,False
3577,2018_741707__event_001,36487,False
3578,2018_741707__event_002,36487,False
3579,2018_741708__event_001,36487,False
3580,2018_741708__event_002,36487,False
3581,2018_741708__event_003,36487,False
3582,2018_741708__event_004,36487,False
3583,2018_741710__event_001,36487,False
3584,2018_741710__event_002,36487,False
3585,2018_741711__event_001,36487,False
3586,2018_741711__event_002,36487,False
3587,2018_741712__event_001,36487,False
3588,2018_741712__event_002,36487,False
3589,2018_741712__event_003,36487,False
3590,2018_741712__event_004,36487,False
3591,2018_741712__event_005,36487,False
3592,2018_741712__event_006,36487,False
3593,2018_741714__event_001,36487,False
3594,2018_741714__event_002,36487,False
3595,2018_741714__event_003,36487,False
3596,2018_741716__event_001,36487,False
3597,2018_741716__event_002,36487,False
3598,2018_741716__event_003,36487,False
3599,2018_741720__event_001,36487,False
3600,2018_741720__event_002,36487,False
3601,2018_741721__event_001,36487,False
3602,2018_741721__event_002,36487,False
3603,2018_741721__event_003,36487,False
3604,2018_741721__event_004,36487,False
3605,2018_741722__event_001,36487,False
3606,2018_741722__event_002,36487,False
3607,2018_741722__event_003,36487,False
3608,2018_741722__event_004,36487,False
3609,2018_741725__event_001,36487,False
3610,2018_741725__event_002,36487,False
3611,2018_741725__event_003,36487,False
3612,2018_741725__event_004,36487,False
3613,2018_741725__event_005,36487,False
3614,2018_741726__event_001,36487,False
3615,2018_741726__event_002,36487,False
3616,2018_741726__event_003,36487,False
3617,2018_3903070__event_001,365381,False
3618,2018_3903070__event_002,365381,False
3619,2018_3903071__event_001,365381,False
3620,2018_3903071__event_002,365381,False
3621,2018_3903074__event_001,365381,False
3622,2018_3903074__event_002,365381,False
3623,2018_3903074__event_003,365381,False
3624,2018_3903075__event_001,365381,False
3625,2018_3903075__event_002,365381,False
3626,2018_3903075__event_003,365381,False
3627,2018_3903076__event_001,365381,False
3628,2018_3903076__event_002,365381,False
3629,2018_3903077__event_001,365381,False
3630,2018_3903077__event_002,365381,False
3631,2018_3903079__event_001,365381,False
3632,2018_3903079__event_002,365381,False
3633,2018_3903084__event_001,365381,False
3634,2018_3903084__event_002,365381,False
3635,2018_3903086__event_001,365381,False
3636,2018_3903086__event_002,365381,False
3637,2018_3903087__event_001,365381,False
3638,2018_3903087__event_002,365381,False
3639,2018_3903088__event_001,365381,False
3640,2018_3903088__event_002,365381,False
3641,2018_830966__event_001,41088,True
3642,2018_830966__event_002,41088,True
3643,2018_830967__event_001,41088,True
3644,2018_830967__event_002,41088,True
3645,2018_830969__event_001,41088,True
3646,2018_830969__event_002,41088,True
3647,2018_830970__event_001,41088,True
3648,2018_830970__event_002,41088,True
3649,2018_830972__event_001,41088,True
3650,2018_830972__event_002,41088,True
3651,2018_830973__event_001,41088,True
3652,2018_830973__event_002,41088,True
3653,2018_830976__event_001,41088,True
3654,2018_830976__event_002,41088,True
3655,2018_830976__event_003,41088,True
3656,2018_830978__event_001,41088,True
3657,2018_830978__event_002,41088,True
3658,2018_830978__event_003,41088,True
3659,2018_830980__event_001,41088,True
3660,2018_830980__event_002,41088,True
3661,2018_830981__event_001,41088,True
3662,2018_830981__event_002,41088,True
3663,2018_830981__event_003,41088,True
3664,2018_830982__event_001,41088,True
3665,2018_830982__event_002,41088,True
3666,2018_830983__event_001,41088,True
3667,2018_830983__event_002,41088,True
3668,2018_830985__event_001,41088,True
3669,2018_830985__event_002,41088,True
3670,2018_830987__event_001,41088,True
3671,2018_830987__event_002,41088,True
3672,2018_830987__event_003,41088,True
3673,2018_830988__event_001,41088,True
3674,2018_830988__event_002,41088,True
3675,2018_830990__event_001,41088,True
3676,2018_830990__event_002,41088,True
3677,2018_830990__event_003,41088,True
3678,2018_830991__event_001,41088,True
3679,2018_830991__event_002,41088,True
3680,2018_830992__event_001,41088,True
3681,2018_830992__event_002,41088,True
3682,2018_830993__event_001,41088,True
3683,2018_830993__event_002,41088,True
3684,2018_830997__event_001,41088,True
3685,2018_830997__event_002,41088,True
3686,2018_830997__event_003,41088,True
3687,2018_830999__event_001,41088,True
3688,2018_830999__event_002,41088,True
3689,2018_831000__event_001,41088,True
3690,2018_831000__event_002,41088,True
3691,2018_831000__event_003,41088,True
3692,2018_831006__event_001,41088,True
3693,2018_831006__event_002,41088,True
3694,2018_831008__event_001,41088,True
3695,2018_831008__event_002,41088,True
3696,2018_831010__event_001,41088,True
3697,2018_831010__event_002,41088,True
3698,2018_831010__event_003,41088,True
3699,2018_831017__event_001,41088,True
3700,2018_831017__event_002,41088,True
3701,2018_831017__event_003,41088,True
3702,2018_831020__event_001,41088,True
3703,2018_831020__event_002,41088,True
3704,2018_831020__event_003,41088,True
3705,2018_831021__event_001,41088,True
3706,2018_831021__event_002,41088,True
3707,2018_831024__event_001,41088,True
3708,2018_831024__event_002,41088,True
3709,2018_831024__event_003,41088,True
3710,2018_831026__event_001,41088,True
3711,2018_831026__event_002,41088,True
3712,2018_831031__event_001,41088,True
3713,2018_831031__event_002,41088,True
3714,2018_831032__event_001,41088,True
3715,2018_831032__event_002,41088,True
3716,2018_831034__event_001,41088,True
3717,2018_831034__event_002,41088,True
3718,2018_852419__event_001,42282,False
3719,2018_852419__event_002,42282,False
3720,2018_852420__event_001,42282,False
3721,2018_852420__event_002,42282,False
3722,2018_852427__event_001,42282,False
3723,2018_852427__event_002,42282,False
3724,2018_852433__event_001,42282,False
3725,2018_852433__event_002,42282,False
3726,2018_852441__event_001,42282,False
3727,2018_852441__event_002,42282,False
3728,2018_852451__event_001,42282,False
3729,2018_852451__event_002,42282,False
3730,2018_852454__event_001,42282,False
3731,2018_852454__event_002,42282,False
3732,2018_852454__event_003,42282,False
3733,2018_852454__event_004,42282,False
3734,2018_852463__event_001,42282,False
3735,2018_852463__event_002,42282,False
3736,2018_852473__event_001,42282,False
3737,2018_852473__event_002,42282,False
3738,2018_852475__event_001,42282,False
3739,2018_852475__event_002,42282,False
3740,2018_852486__event_001,42282,False
3741,2018_852486__event_002,42282,False
3742,2018_895848__event_001,44616,False
3743,2018_895848__event_002,44616,False
3744,2018_895848__event_003,44616,False
3745,2018_895850__event_001,44616,False
3746,2018_895850__event_002,44616,False
3747,2018_895850__event_003,44616,False
3748,2018_895850__event_004,44616,False
3749,2018_895852__event_001,44616,False
3750,2018_895852__event_002,44616,False
3751,2018_895852__event_003,44616,False
3752,2018_895852__event_004,44616,False
3753,2018_895852__event_005,44616,False
3754,2018_895852__event_006,44616,False
3755,2018_895852__event_007,44616,False
3756,2018_895854__event_001,44616,False
3757,2018_895854__event_002,44616,False
3758,2018_895854__event_003,44616,False
3759,2018_895854__event_004,44616,False
3760,2018_895854__event_005,44616,False
3761,2018_895855__event_001,44616,False
3762,2018_895855__event_002,44616,False
3763,2018_895855__event_003,44616,False
3764,2018_895855__event_004,44616,False
3765,2018_895857__event_001,44616,False
3766,2018_895857__event_002,44616,False
3767,2018_895858__event_001,44616,False
3768,2018_895858__event_002,44616,False
3769,2018_895858__event_003,44616,False
3770,2018_895859__event_001,44616,False
3771,2018_895859__event_002,44616,False
3772,2018_895859__event_003,44616,False
3773,2018_895859__event_004,44616,False
3774,2018_895859__event_005,44616,False
3775,2018_895860__event_001,44616,False
3776,2018_895860__event_002,44616,False
3777,2018_895860__event_003,44616,False
3778,2018_895862__event_001,44616,False
3779,2018_895862__event_002,44616,False
3780,2018_895862__event_003,44616,False
3781,2018_907297__event_001,45189,False
3782,2018_907297__event_002,45189,False
3783,2018_907299__event_001,45189,False
3784,2018_907299__event_002,45189,False
3785,2018_907300__event_001,45189,False
3786,2018_907300__event_002,45189,False
3787,2018_907301__event_001,45189,False
3788,2018_907301__event_002,45189,False
3789,2018_907304__event_001,45189,False
3790,2018_907304__event_002,45189,False
3791,2018_907312__event_001,45189,False
3792,2018_907312__event_002,45189,False
3793,2018_907312__event_003,45189,False
3794,2018_907313__event_001,45189,False
3795,2018_907313__event_002,45189,False
3796,2018_907313__event_003,45189,False
3797,2018_907313__event_004,45189,False
3798,2018_907313__event_005,45189,False
3799,2018_907314__event_001,45189,False
3800,2018_907314__event_002,45189,False
3801,2018_907314__event_003,45189,False
3802,2018_907321__event_001,45189,False
3803,2018_907321__event_002,45189,False
3804,2018_907322__event_001,45189,False
3805,2018_907322__event_002,45189,False
3806,2018_907468__event_001,45205,True
3807,2018_907468__event_002,45205,True
3808,2018_907469__event_001,45205,True
3809,2018_907469__event_002,45205,True
3810,2018_907469__event_003,45205,True
3811,2018_907470__event_001,45205,True
3812,2018_907470__event_002,45205,True
3813,2018_907470__event_003,45205,True
3814,2018_907475__event_001,45205,True
3815,2018_907475__event_002,45205,True
3816,2018_907477__event_001,45205,True
3817,2018_907477__event_002,45205,True
3818,2018_907478__event_001,45205,True
3819,2018_907478__event_002,45205,True
3820,2018_907479__event_001,45205,True
3821,2018_907479__event_002,45205,True
3822,2018_907479__event_003,45205,True
3823,2018_907481__event_001,45205,True
3824,2018_907481__event_002,45205,True
3825,2018_907483__event_001,45205,True
3826,2018_907483__event_002,45205,True
3827,2018_907488__event_001,45205,True
3828,2018_907488__event_002,45205,True
3829,2018_907488__event_003,45205,True
3830,2018_907489__event_001,45205,True
3831,2018_907489__event_002,45205,True
3832,2018_907492__event_001,45205,True
3833,2018_907492__event_002,45205,True
3834,2018_907492__event_003,45205,True
3835,2018_907492__event_004,45205,True
3836,2018_907495__event_001,45205,True
3837,2018_907495__event_002,45205,True
3838,2018_907496__event_001,45205,True
3839,2018_907496__event_002,45205,True
3840,2018_907497__event_001,45205,True
3841,2018_907497__event_002,45205,True
3842,2018_907498__event_001,45205,True
3843,2018_907498__event_002,45205,True
3844,2018_907499__event_001,45205,True
3845,2018_907499__event_002,45205,True
3846,2018_907499__event_003,45205,True
3847,2018_907502__event_001,45205,True
3848,2018_907502__event_002,45205,True
3849,2018_907508__event_001,45205,True
3850,2018_907508__event_002,45205,True
3851,2018_907520__event_001,45205,True
3852,2018_907520__event_002,45205,True
3853,2018_907522__event_001,45205,True
3854,2018_907522__event_002,45205,True
3855,2018_907523__event_001,45205,True
3856,2018_907523__event_002,45205,True
3857,2018_907524__event_001,45205,True
3858,2018_907524__event_002,45205,True
3859,2018_907528__event_001,45205,True
3860,2018_907528__event_002,45205,True
3861,2018_907529__event_001,45205,True
3862,2018_907529__event_002,45205,True
3863,2018_907530__event_001,45205,True
3864,2018_907530__event_002,45205,True
3865,2018_907530__event_003,45205,True
3866,2018_907531__event_001,45205,True
3867,2018_907531__event_002,45205,True
3868,2018_907536__event_001,45205,True
3869,2018_907536__event_002,45205,True
3870,2018_907538__event_001,45205,True
3871,2018_907538__event_002,45205,True
3872,2018_907539__event_001,45205,True
3873,2018_907539__event_002,45205,True
3874,2018_907540__event_001,45205,True
3875,2018_907540__event_002,45205,True
3876,2018_907541__event_001,45205,True
3877,2018_907541__event_002,45205,True
3878,2018_907543__event_001,45205,True
3879,2018_907543__event_002,45205,True
3880,2018_907544__event_001,45205,True
3881,2018_907544__event_002,45205,True
3882,2018_907544__event_003,45205,True
3883,2018_907544__event_004,45205,True
3884,2018_907546__event_001,45205,True
3885,2018_907546__event_002,45205,True
3886,2018_907546__event_003,45205,True
3887,2018_907546__event_004,45205,True
3888,2018_907548__event_001,45205,True
3889,2018_907548__event_002,45205,True
3890,2018_907549__event_001,45205,True
3891,2018_907549__event_002,45205,True
3892,2018_907553__event_001,45205,True
3893,2018_907553__event_002,45205,True
3894,2018_907554__event_001,45205,True
3895,2018_907554__event_002,45205,True
3896,2018_907554__event_003,45205,True
3897,2018_907559__event_001,45205,True
3898,2018_907559__event_002,45205,True
3899,2018_907559__event_003,45205,True
3900,2018_907559__event_004,45205,True
3901,2018_907559__event_005,45205,True
3902,2018_907559__event_006,45205,True
3903,2018_907560__event_001,45205,True
3904,2018_907560__event_002,45205,True
3905,2018_907560__event_003,45205,True
3906,2018_907560__event_004,45205,True
3907,2018_907560__event_005,45205,True
3908,2018_907560__event_006,45205,True
3909,2018_907560__event_007,45205,True
3910,2018_907562__event_001,45205,True
3911,2018_907562__event_002,45205,True
3912,2018_907563__event_001,45205,True
3913,2018_907563__event_002,45205,True
3914,2018_907563__event_003,45205,True
3915,2018_907563__event_004,45205,True
3916,2018_907564__event_001,45205,True
3917,2018_907564__event_002,45205,True
3918,2018_907564__event_003,45205,True
3919,2018_907565__event_001,45205,True
3920,2018_907565__event_002,45205,True
3921,2018_907566__event_001,45205,True
3922,2018_907566__event_002,45205,True
3923,2018_907567__event_001,45205,True
3924,2018_907567__event_002,45205,True
3925,2018_907576__event_001,45205,True
3926,2018_907576__event_002,45205,True
3927,2018_907579__event_001,45205,True
3928,2018_907579__event_002,45205,True
3929,2018_907579__event_003,45205,True
3930,2018_907579__event_004,45205,True
3931,2018_907579__event_005,45205,True
3932,2018_907580__event_001,45205,True
3933,2018_907580__event_002,45205,True
3934,2018_907580__event_003,45205,True
3935,2018_907581__event_001,45205,True
3936,2018_907581__event_002,45205,True
3937,2018_907581__event_003,45205,True
3938,2018_907583__event_001,45205,True
3939,2018_907583__event_002,45205,True
3940,2018_907586__event_001,45205,True
3941,2018_907586__event_002,45205,True
3942,2018_907587__event_001,45205,True
3943,2018_907587__event_002,45205,True
3944,2018_907587__event_003,45205,True
3945,2018_907587__event_004,45205,True
3946,2018_1003968__event_001,50046,True
3947,2018_1003968__event_002,50046,True
3948,2018_1003971__event_001,50046,True
3949,2018_1003971__event_002,50046,True
3950,2018_1003976__event_001,50046,True
3951,2018_1003976__event_002,50046,True
3952,2018_1003976__event_003,50046,True
3953,2018_1003981__event_001,50046,True
3954,2018_1003981__event_002,50046,True
3955,2018_1003982__event_001,50046,True
3956,2018_1003982__event_002,50046,True
3957,2018_1003987__event_001,50046,True
3958,2018_1003987__event_002,50046,True
3959,2018_1003993__event_001,50046,True
3960,2018_1003993__event_002,50046,True
3961,2018_1003995__event_001,50046,True
3962,2018_1003995__event_002,50046,True
3963,2018_1003997__event_001,50046,True
3964,2018_1003997__event_002,50046,True
3965,2018_1003999__event_001,50046,True
3966,2018_1003999__event_002,50046,True
3967,2018_1003999__event_003,50046,True
3968,2018_1004003__event_001,50046,True
3969,2018_1004003__event_002,50046,True
3970,2018_1004013__event_001,50046,True
3971,2018_1004013__event_002,50046,True
3972,2018_1004024__event_001,50046,True
3973,2018_1004024__event_002,50046,True
3974,2018_1004024__event_003,50046,True
3975,2018_1004026__event_001,50046,True
3976,2018_1004026__event_002,50046,True
3977,2018_1004027__event_001,50046,True
3978,2018_1004027__event_002,50046,True
3979,2018_1004027__event_003,50046,True
3980,2018_1004028__event_001,50046,True
3981,2018_1004028__event_002,50046,True
3982,2018_1004033__event_001,50046,True
3983,2018_1004033__event_002,50046,True
3984,2018_1004044__event_001,50046,True
3985,2018_1004044__event_002,50046,True
3986,2018_1004046__event_001,50046,True
3987,2018_1004046__event_002,50046,True
3988,2018_1004048__event_001,50046,True
3989,2018_1004048__event_002,50046,True
3990,2018_1004049__event_001,50046,True
3991,2018_1004049__event_002,50046,True
3992,2018_1004052__event_001,50046,True
3993,2018_1004052__event_002,50046,True
3994,2018_1004054__event_001,50046,True
3995,2018_1004054__event_002,50046,True
3996,2018_1004056__event_001,50046,True
3997,2018_1004056__event_002,50046,True
3998,2018_1004059__event_001,50046,True
3999,2018_1004059__event_002,50046,True
4000,2018_1004059__event_003,50046,True
4001,2018_1023510__event_001,51031,True
4002,2018_1023510__event_002,51031,True
4003,2018_1023513__event_001,51031,True
4004,2018_1023513__event_002,51031,True
4005,2018_1023513__event_003,51031,True
4006,2018_1023514__event_001,51031,True
4007,2018_1023514__event_002,51031,True
4008,2018_1023516__event_001,51031,True
4009,2018_1023516__event_002,51031,True
4010,2018_1023517__event_001,51031,True
4011,2018_1023517__event_002,51031,True
4012,2018_1023518__event_001,51031,True
4013,2018_1023518__event_002,51031,True
4014,2018_1023518__event_003,51031,True
4015,2018_1023519__event_001,51031,True
4016,2018_1023519__event_002,51031,True
4017,2018_1023521__event_001,51031,True
4018,2018_1023521__event_002,51031,True
4019,2018_1023522__event_001,51031,True
4020,2018_1023522__event_002,51031,True
4021,2018_1023524__event_001,51031,True
4022,2018_1023524__event_002,51031,True
4023,2018_1023525__event_001,51031,True
4024,2018_1023525__event_002,51031,True
4025,2018_1023527__event_001,51031,True
4026,2018_1023527__event_002,51031,True
4027,2018_1023532__event_001,51031,True
4028,2018_1023532__event_002,51031,True
4029,2018_1023533__event_001,51031,True
4030,2018_1023533__event_002,51031,True
4031,2018_1023533__event_003,51031,True
4032,2018_1023534__event_001,51031,True
4033,2018_1023534__event_002,51031,True
4034,2018_1023537__event_001,51031,True
4035,2018_1023537__event_002,51031,True
4036,2018_1023537__event_003,51031,True
4037,2018_1023537__event_004,51031,True
4038,2018_1023538__event_001,51031,True
4039,2018_1023538__event_002,51031,True
4040,2018_1023540__event_001,51031,True
4041,2018_1023540__event_002,51031,True
4042,2018_1023541__event_001,51031,True
4043,2018_1023541__event_002,51031,True
4044,2018_1023542__event_001,51031,True
4045,2018_1023542__event_002,51031,True
4046,2018_1023542__event_003,51031,True
4047,2018_1023542__event_004,51031,True
4048,2018_1023543__event_001,51031,True
4049,2018_1023543__event_002,51031,True
4050,2018_1033000__event_001,51516,False
4051,2018_1033000__event_002,51516,False
4052,2018_1033007__event_001,51516,False
4053,2018_1033007__event_002,51516,False
4054,2018_1033007__event_003,51516,False
4055,2018_1033007__event_004,51516,False
4056,2018_1033010__event_001,51516,False
4057,2018_1033010__event_002,51516,False
4058,2018_1033010__event_003,51516,False
4059,2018_1033014__event_001,51516,False
4060,2018_1033014__event_002,51516,False
4061,2018_1033014__event_003,51516,False
4062,2018_1033029__event_001,51516,False
4063,2018_1033029__event_002,51516,False
4064,2018_1033029__event_003,51516,False
4065,2018_1033040__event_001,51516,False
4066,2018_1033040__event_002,51516,False
4067,2018_1033044__event_001,51516,False
4068,2018_1033044__event_002,51516,False
4069,2018_1033058__event_001,51516,False
4070,2018_1033058__event_002,51516,False
4071,2018_1033064__event_001,51516,False
4072,2018_1033064__event_002,51516,False
4073,2018_1033096__event_001,51516,False
4074,2018_1033096__event_002,51516,False
4075,2018_1033114__event_001,51516,False
4076,2018_1033114__event_002,51516,False
4077,2018_1033115__event_001,51516,False
4078,2018_1033115__event_002,51516,False
4079,2018_1033126__event_001,51516,False
4080,2018_1033126__event_002,51516,False
4081,2018_1033126__event_003,51516,False
4082,2018_1033126__event_004,51516,False
4083,2018_1058953__event_001,52894,False
4084,2018_1058953__event_002,52894,False
4085,2018_1058956__event_001,52894,False
4086,2018_1058956__event_002,52894,False
4087,2018_1058958__event_001,52894,False
4088,2018_1058958__event_002,52894,False
4089,2018_1058960__event_001,52894,False
4090,2018_1058960__event_002,52894,False
4091,2018_1058960__event_003,52894,False
4092,2018_1058960__event_004,52894,False
4093,2018_1058961__event_001,52894,False
4094,2018_1058961__event_002,52894,False
4095,2018_1058963__event_001,52894,False
4096,2018_1058963__event_002,52894,False
4097,2018_1058964__event_001,52894,False
4098,2018_1058964__event_002,52894,False
4099,2018_1058964__event_003,52894,False
4100,2018_1058965__event_001,52894,False
4101,2018_1058965__event_002,52894,False
4102,2018_1058967__event_001,52894,False
4103,2018_1058967__event_002,52894,False
4104,2018_1058972__event_001,52894,False
4105,2018_1058972__event_002,52894,False
4106,2018_1058974__event_001,52894,False
4107,2018_1058974__event_002,52894,False
4108,2018_1058975__event_001,52894,False
4109,2018_1058975__event_002,52894,False
4110,2018_1058977__event_001,52894,False
4111,2018_1058977__event_002,52894,False
4112,2018_1058978__event_001,52894,False
4113,2018_1058978__event_002,52894,False
4114,2018_1058980__event_001,52894,False
4115,2018_1058980__event_002,52894,False
4116,2018_1058981__event_001,52894,False
4117,2018_1058981__event_002,52894,False
4118,2018_1058982__event_001,52894,False
4119,2018_1058982__event_002,52894,False
4120,2018_1058982__event_003,52894,False
4121,2018_1058985__event_001,52894,False
4122,2018_1058985__event_002,52894,False
4123,2018_1058986__event_001,52894,False
4124,2018_1058986__event_002,52894,False
4125,2018_1058986__event_003,52894,False
4126,2018_1065501__event_001,53205,False
4127,2018_1065501__event_002,53205,False
4128,2018_1065501__event_003,53205,False
4129,2018_1065503__event_001,53205,False
4130,2018_1065503__event_002,53205,False
4131,2018_1065504__event_001,53205,False
4132,2018_1065504__event_002,53205,False
4133,2018_1065511__event_001,53205,False
4134,2018_1065511__event_002,53205,False
4135,2018_1065513__event_001,53205,False
4136,2018_1065513__event_002,53205,False
4137,2018_1065515__event_001,53205,False
4138,2018_1065515__event_002,53205,False
4139,2018_1065515__event_003,53205,False
4140,2018_1065516__event_001,53205,False
4141,2018_1065516__event_002,53205,False
4142,2018_1065518__event_001,53205,False
4143,2018_1065518__event_002,53205,False
4144,2018_1065518__event_003,53205,False
4145,2018_1065518__event_004,53205,False
4146,2018_1065520__event_001,53205,False
4147,2018_1065520__event_002,53205,False
4148,2018_1065530__event_001,53205,False
4149,2018_1065530__event_002,53205,False
4150,2018_1065530__event_003,53205,False
4151,2018_1065530__event_004,53205,False
4152,2018_1065531__event_001,53205,False
4153,2018_1065531__event_002,53205,False
4154,2018_1065532__event_001,53205,False
4155,2018_1065532__event_002,53205,False
4156,2018_1065532__event_003,53205,False
4157,2018_1065533__event_001,53205,False
4158,2018_1065533__event_002,53205,False
4159,2018_1065535__event_001,53205,False
4160,2018_1065535__event_002,53205,False
4161,2018_1065536__event_001,53205,False
4162,2018_1065536__event_002,53205,False
4163,2018_1065540__event_001,53205,False
4164,2018_1065540__event_002,53205,False
4165,2018_1065540__event_003,53205,False
4166,2018_1068990__event_001,53405,False
4167,2018_1068990__event_002,53405,False
4168,2018_1068990__event_003,53405,False
4169,2018_1068997__event_001,53405,False
4170,2018_1068997__event_002,53405,False
4171,2018_1069001__event_001,53405,False
4172,2018_1069001__event_002,53405,False
4173,2018_1069003__event_001,53405,False
4174,2018_1069003__event_002,53405,False
4175,2018_1069003__event_003,53405,False
4176,2018_1069013__event_001,53405,False
4177,2018_1069013__event_002,53405,False
4178,2018_1069024__event_001,53405,False
4179,2018_1069024__event_002,53405,False
4180,2018_1069036__event_001,53405,False
4181,2018_1069036__event_002,53405,False
4182,2018_1069036__event_003,53405,False
4183,2018_1069059__event_001,53405,False
4184,2018_1069059__event_002,53405,False
4185,2018_1069059__event_003,53405,False
4186,2018_1069067__event_001,53405,False
4187,2018_1069067__event_002,53405,False
4188,2018_1069067__event_003,53405,False
4189,2018_1069067__event_004,53405,False
4190,2018_1069091__event_001,53405,False
4191,2018_1069091__event_002,53405,False
4192,2018_1115809__event_001,55985,False
4193,2018_1115809__event_002,55985,False
4194,2018_1115810__event_001,55985,False
4195,2018_1115810__event_002,55985,False
4196,2018_1115811__event_001,55985,False
4197,2018_1115811__event_002,55985,False
4198,2018_1115811__event_003,55985,False
4199,2018_1115813__event_001,55985,False
4200,2018_1115813__event_002,55985,False
4201,2018_1115814__event_001,55985,False
4202,2018_1115814__event_002,55985,False
4203,2018_1115814__event_003,55985,False
4204,2018_1115814__event_004,55985,False
4205,2018_1115816__event_001,55985,False
4206,2018_1115816__event_002,55985,False
4207,2018_1115817__event_001,55985,False
4208,2018_1115817__event_002,55985,False
4209,2018_1115818__event_001,55985,False
4210,2018_1115818__event_002,55985,False
4211,2018_1115818__event_003,55985,False
4212,2018_1115820__event_001,55985,False
4213,2018_1115820__event_002,55985,False
4214,2018_1115823__event_001,55985,False
4215,2018_1115823__event_002,55985,False
4216,2018_1115828__event_001,55985,False
4217,2018_1115828__event_002,55985,False
4218,2018_1115829__event_001,55985,False
4219,2018_1115829__event_002,55985,False
4220,2018_1115830__event_001,55985,False
4221,2018_1115830__event_002,55985,False
4222,2018_1176782__event_001,59554,False
4223,2018_1176782__event_002,59554,False
4224,2018_1176829__event_001,59554,False
4225,2018_1176829__event_002,59554,False
4226,2018_1176835__event_001,59554,False
4227,2018_1176835__event_002,59554,False
4228,2018_1176840__event_001,59554,False
4229,2018_1176840__event_002,59554,False
4230,2018_1176852__event_001,59554,False
4231,2018_1176852__event_002,59554,False
4232,2018_1176852__event_003,59554,False
4233,2018_1176853__event_001,59554,False
4234,2018_1176853__event_002,59554,False
4235,2018_1176858__event_001,59554,False
4236,2018_1176858__event_002,59554,False
4237,2018_1176864__event_001,59554,False
4238,2018_1176864__event_002,59554,False
4239,2018_1176879__event_001,59554,False
4240,2018_1176879__event_002,59554,False
4241,2018_1176890__event_001,59554,False
4242,2018_1176890__event_002,59554,False
4243,2018_1176901__event_001,59554,False
4244,2018_1176901__event_002,59554,False
4245,2018_1190475__event_001,60393,True
4246,2018_1190475__event_002,60393,True
4247,2018_1190475__event_003,60393,True
4248,2018_1190475__event_004,60393,True
4249,2018_1190475__event_005,60393,True
4250,2018_1190475__event_006,60393,True
4251,2018_1190476__event_001,60393,True
4252,2018_1190476__event_002,60393,True
4253,2018_1190476__event_003,60393,True
4254,2018_1190478__event_001,60393,True
4255,2018_1190478__event_002,60393,True
4256,2018_1190479__event_001,60393,True
4257,2018_1190479__event_002,60393,True
4258,2018_1190480__event_001,60393,True
4259,2018_1190480__event_002,60393,True
4260,2018_1190480__event_003,60393,True
4261,2018_1190482__event_001,60393,True
4262,2018_1190482__event_002,60393,True
4263,2018_1190483__event_001,60393,True
4264,2018_1190483__event_002,60393,True
4265,2018_1190485__event_001,60393,True
4266,2018_1190485__event_002,60393,True
4267,2018_1190486__event_001,60393,True
4268,2018_1190486__event_002,60393,True
4269,2018_1190486__event_003,60393,True
4270,2018_1190486__event_004,60393,True
4271,2018_1190487__event_001,60393,True
4272,2018_1190487__event_002,60393,True
4273,2018_1190489__event_001,60393,True
4274,2018_1190489__event_002,60393,True
4275,2018_1190490__event_001,60393,True
4276,2018_1190490__event_002,60393,True
4277,2018_1190490__event_003,60393,True
4278,2018_1190490__event_004,60393,True
4279,2018_1190491__event_001,60393,True
4280,2018_1190491__event_002,60393,True
4281,2018_1190491__event_003,60393,True
4282,2018_1190492__event_001,60393,True
4283,2018_1190492__event_002,60393,True
4284,2018_1190493__event_001,60393,True
4285,2018_1190493__event_002,60393,True
4286,2018_1190493__event_003,60393,True
4287,2018_1190493__event_004,60393,True
4288,2018_1190494__event_001,60393,True
4289,2018_1190494__event_002,60393,True
4290,2018_1190494__event_003,60393,True
4291,2018_1190495__event_001,60393,True
4292,2018_1190495__event_002,60393,True
4293,2018_1190495__event_003,60393,True
4294,2018_1190495__event_004,60393,True
4295,2018_1190496__event_001,60393,True
4296,2018_1190496__event_002,60393,True
4297,2018_1190496__event_003,60393,True
4298,2018_1190496__event_004,60393,True
4299,2018_1190496__event_005,60393,True
4300,2018_1190496__event_006,60393,True
4301,2018_1190496__event_007,60393,True
4302,2018_1190498__event_001,60393,True
4303,2018_1190498__event_002,60393,True
4304,2018_1190499__event_001,60393,True
4305,2018_1190499__event_002,60393,True
4306,2018_1190499__event_003,60393,True
4307,2018_1190499__event_004,60393,True
4308,2018_1190499__event_005,60393,True
4309,2018_1190499__event_006,60393,True
4310,2018_1190501__event_001,60393,True
4311,2018_1190501__event_002,60393,True
4312,2018_1190503__event_001,60393,True
4313,2018_1190503__event_002,60393,True
4314,2018_1190503__event_003,60393,True
4315,2018_1190503__event_004,60393,True
4316,2018_1190503__event_005,60393,True
4317,2018_1190503__event_006,60393,True
4318,2018_1190506__event_001,60393,True
4319,2018_1190506__event_002,60393,True
4320,2018_1190508__event_001,60393,True
4321,2018_1190508__event_002,60393,True
4322,2018_1190508__event_003,60393,True
4323,2018_1190508__event_004,60393,True
4324,2018_1190510__event_001,60393,True
4325,2018_1190510__event_002,60393,True
4326,2018_1190510__event_003,60393,True
4327,2018_1190510__event_004,60393,True
4328,2018_1190511__event_001,60393,True
4329,2018_1190511__event_002,60393,True
4330,2018_1190512__event_001,60393,True
4331,2018_1190512__event_002,60393,True
4332,2018_1190512__event_003,60393,True
4333,2018_1190512__event_004,60393,True
4334,2018_1190512__event_005,60393,True
4335,2018_1190512__event_006,60393,True
4336,2018_1190515__event_001,60393,True
4337,2018_1190515__event_002,60393,True
4338,2018_1190516__event_001,60393,True
4339,2018_1190516__event_002,60393,True
4340,2018_1190516__event_003,60393,True
4341,2018_1190518__event_001,60393,True
4342,2018_1190518__event_002,60393,True
4343,2018_1190518__event_003,60393,True
4344,2018_1190518__event_004,60393,True
4345,2018_1190519__event_001,60393,True
4346,2018_1190519__event_002,60393,True
4347,2018_1190522__event_001,60393,True
4348,2018_1190522__event_002,60393,True
4349,2018_1190522__event_003,60393,True
4350,2018_1190523__event_001,60393,True
4351,2018_1190523__event_002,60393,True
4352,2018_1190529__event_001,60393,True
4353,2018_1190529__event_002,60393,True
4354,2018_1190532__event_001,60393,True
4355,2018_1190532__event_002,60393,True
4356,2018_1190532__event_003,60393,True
4357,2018_1190532__event_004,60393,True
4358,2018_1190533__event_001,60393,True
4359,2018_1190533__event_002,60393,True
4360,2018_1190539__event_001,60393,True
4361,2018_1190539__event_002,60393,True
4362,2018_1190539__event_003,60393,True
4363,2018_1190539__event_004,60393,True
4364,2018_1190539__event_005,60393,True
4365,2018_1190539__event_006,60393,True
4366,2018_1190539__event_007,60393,True
4367,2018_1190539__event_008,60393,True
4368,2018_1190539__event_009,60393,True
4369,2018_1190539__event_010,60393,True
4370,2018_1190539__event_011,60393,True
4371,2018_1190540__event_001,60393,True
4372,2018_1190540__event_002,60393,True
4373,2018_1190540__event_003,60393,True
4374,2018_1190540__event_004,60393,True
4375,2018_1190540__event_005,60393,True
4376,2018_1190541__event_001,60393,True
4377,2018_1190541__event_002,60393,True
4378,2018_1190542__event_001,60393,True
4379,2018_1190542__event_002,60393,True
4380,2018_1190542__event_003,60393,True
4381,2018_1190542__event_004,60393,True
4382,2018_1190543__event_001,60393,True
4383,2018_1190543__event_002,60393,True
4384,2018_1190543__event_003,60393,True
4385,2018_1190543__event_004,60393,True
4386,2018_1190545__event_001,60393,True
4387,2018_1190545__event_002,60393,True
4388,2018_1190547__event_001,60393,True
4389,2018_1190547__event_002,60393,True
4390,2018_1190549__event_001,60393,True
4391,2018_1190549__event_002,60393,True
4392,2018_1190549__event_003,60393,True
4393,2018_1190549__event_004,60393,True
4394,2018_1190549__event_005,60393,True
4395,2018_1190553__event_001,60393,True
4396,2018_1190553__event_002,60393,True
4397,2018_1190556__event_001,60393,True
4398,2018_1190556__event_002,60393,True
4399,2018_1190562__event_001,60393,True
4400,2018_1190562__event_002,60393,True
4401,2018_1190562__event_003,60393,True
4402,2018_1190567__event_001,60393,True
4403,2018_1190567__event_002,60393,True
4404,2018_1190577__event_001,60393,True
4405,2018_1190577__event_002,60393,True
4406,2018_1190577__event_003,60393,True
4407,2018_1190581__event_001,60393,True
4408,2018_1190581__event_002,60393,True
4409,2018_1190581__event_003,60393,True
4410,2018_1190581__event_004,60393,True
4411,2018_1190583__event_001,60393,True
4412,2018_1190583__event_002,60393,True
4413,2018_1190583__event_003,60393,True
4414,2018_1190583__event_004,60393,True
4415,2018_1332608__event_001,70564,True
4416,2018_1332608__event_002,70564,True
4417,2018_1332608__event_003,70564,True
4418,2018_1332608__event_004,70564,True
4419,2018_1332611__event_001,70564,True
4420,2018_1332611__event_002,70564,True
4421,2018_1332611__event_003,70564,True
4422,2018_1332611__event_004,70564,True
4423,2018_1332611__event_005,70564,True
4424,2018_1332614__event_001,70564,True
4425,2018_1332614__event_002,70564,True
4426,2018_1332617__event_001,70564,True
4427,2018_1332617__event_002,70564,True
4428,2018_1332618__event_001,70564,True
4429,2018_1332618__event_002,70564,True
4430,2018_1332619__event_001,70564,True
4431,2018_1332619__event_002,70564,True
4432,2018_1332619__event_003,70564,True
4433,2018_1332622__event_001,70564,True
4434,2018_1332622__event_002,70564,True
4435,2018_1332622__event_003,70564,True
4436,2018_1332622__event_004,70564,True
4437,2018_1332623__event_001,70564,True
4438,2018_1332623__event_002,70564,True
4439,2018_1332627__event_001,70564,True
4440,2018_1332627__event_002,70564,True
4441,2018_1332628__event_001,70564,True
4442,2018_1332628__event_002,70564,True
4443,2018_1332630__event_001,70564,True
4444,2018_1332630__event_002,70564,True
4445,2018_1332632__event_001,70564,True
4446,2018_1332632__event_002,70564,True
4447,2018_1332637__event_001,70564,True
4448,2018_1332637__event_002,70564,True
4449,2018_1332640__event_001,70564,True
4450,2018_1332640__event_002,70564,True
4451,2018_1332641__event_001,70564,True
4452,2018_1332641__event_002,70564,True
4453,2018_1332642__event_001,70564,True
4454,2018_1332642__event_002,70564,True
4455,2018_1332642__event_003,70564,True
4456,2018_1332643__event_001,70564,True
4457,2018_1332643__event_002,70564,True
4458,2018_1332644__event_001,70564,True
4459,2018_1332644__event_002,70564,True
4460,2018_1332645__event_001,70564,True
4461,2018_1332645__event_002,70564,True
4462,2018_1332649__event_001,70564,True
4463,2018_1332649__event_002,70564,True
4464,2018_1332650__event_001,70564,True
4465,2018_1332650__event_002,70564,True
4466,2018_1332657__event_001,70564,True
4467,2018_1332657__event_002,70564,True
4468,2018_1332658__event_001,70564,True
4469,2018_1332658__event_002,70564,True
4470,2018_1332658__event_003,70564,True
4471,2018_1332660__event_001,70564,True
4472,2018_1332660__event_002,70564,True
4473,2018_1332660__event_003,70564,True
4474,2018_1332662__event_001,70564,True
4475,2018_1332662__event_002,70564,True
4476,2018_1332666__event_001,70564,True
4477,2018_1332666__event_002,70564,True
4478,2018_1332668__event_001,70564,True
4479,2018_1332668__event_002,70564,True
4480,2018_1332668__event_003,70564,True
4481,2018_1332668__event_004,70564,True
4482,2018_1332669__event_001,70564,True
4483,2018_1332669__event_002,70564,True
4484,2018_1332670__event_001,70564,True
4485,2018_1332670__event_002,70564,True
4486,2018_1332670__event_003,70564,True
4487,2018_1332673__event_001,70564,True
4488,2018_1332673__event_002,70564,True
4489,2018_1332680__event_001,70564,True
4490,2018_1332680__event_002,70564,True
4491,2018_1332680__event_003,70564,True
4492,2018_1332682__event_001,70564,True
4493,2018_1332682__event_002,70564,True
4494,2018_1332682__event_003,70564,True
4495,2018_1332686__event_001,70564,True
4496,2018_1332686__event_002,70564,True
4497,2018_1332686__event_003,70564,True
4498,2018_1332686__event_004,70564,True
4499,2018_1332686__event_005,70564,True
4500,2018_1332687__event_001,70564,True
4501,2018_1332687__event_002,70564,True
4502,2018_1332689__event_001,70564,True
4503,2018_1332689__event_002,70564,True
4504,2018_1332692__event_001,70564,True
4505,2018_1332692__event_002,70564,True
4506,2018_1332692__event_003,70564,True
4507,2018_1332692__event_004,70564,True
4508,2018_1332693__event_001,70564,True
4509,2018_1332693__event_002,70564,True
4510,2018_1332695__event_001,70564,True
4511,2018_1332695__event_002,70564,True
4512,2018_1332696__event_001,70564,True
4513,2018_1332696__event_002,70564,True
4514,2018_1332696__event_003,70564,True
4515,2018_1332705__event_001,70564,True
4516,2018_1332705__event_002,70564,True
4517,2018_1332713__event_001,70564,True
4518,2018_1332713__event_002,70564,True
4519,2018_1332713__event_003,70564,True
4520,2018_1332713__event_004,70564,True
4521,2018_1335087__event_001,70703,False
4522,2018_1335087__event_002,70703,False
4523,2018_1335089__event_001,70703,False
4524,2018_1335089__event_002,70703,False
4525,2018_1335091__event_001,70703,False
4526,2018_1335091__event_002,70703,False
4527,2018_1335091__event_003,70703,False
4528,2018_1335093__event_001,70703,False
4529,2018_1335093__event_002,70703,False
4530,2018_1335093__event_003,70703,False
4531,2018_1335093__event_004,70703,False
4532,2018_1335093__event_005,70703,False
4533,2018_1335094__event_001,70703,False
4534,2018_1335094__event_002,70703,False
4535,2018_1335096__event_001,70703,False
4536,2018_1335096__event_002,70703,False
4537,2018_1335097__event_001,70703,False
4538,2018_1335097__event_002,70703,False
4539,2018_1335097__event_003,70703,False
4540,2018_1335098__event_001,70703,False
4541,2018_1335098__event_002,70703,False
4542,2018_1335099__event_001,70703,False
4543,2018_1335099__event_002,70703,False
4544,2018_1335099__event_003,70703,False
4545,2018_1335100__event_001,70703,False
4546,2018_1335100__event_002,70703,False
4547,2018_1335100__event_003,70703,False
4548,2018_1335104__event_001,70703,False
4549,2018_1335104__event_002,70703,False
4550,2018_1335105__event_001,70703,False
4551,2018_1335105__event_002,70703,False
4552,2018_1335105__event_003,70703,False
4553,2018_1335105__event_004,70703,False
4554,2018_1335107__event_001,70703,False
4555,2018_1335107__event_002,70703,False
4556,2018_1335108__event_001,70703,False
4557,2018_1335108__event_002,70703,False
4558,2018_1335109__event_001,70703,False
4559,2018_1335109__event_002,70703,False
4560,2018_1335110__event_001,70703,False
4561,2018_1335110__event_002,70703,False
4562,2018_1335111__event_001,70703,False
4563,2018_1335111__event_002,70703,False
4564,2018_1335111__event_003,70703,False
4565,2018_1335111__event_004,70703,False
4566,2018_1335116__event_001,70703,False
4567,2018_1335116__event_002,70703,False
4568,2018_1357855__event_001,72210,False
4569,2018_1357855__event_002,72210,False
4570,2018_1357855__event_003,72210,False
4571,2018_1357856__event_001,72210,False
4572,2018_1357856__event_002,72210,False
4573,2018_1357856__event_003,72210,False
4574,2018_1357857__event_001,72210,False
4575,2018_1357857__event_002,72210,False
4576,2018_1357857__event_003,72210,False
4577,2018_1357857__event_004,72210,False
4578,2018_1357857__event_005,72210,False
4579,2018_1357863__event_001,72210,False
4580,2018_1357863__event_002,72210,False
4581,2018_1357865__event_001,72210,False
4582,2018_1357865__event_002,72210,False
4583,2018_1357866__event_001,72210,False
4584,2018_1357866__event_002,72210,False
4585,2018_1357875__event_001,72210,False
4586,2018_1357875__event_002,72210,False
4587,2018_1357875__event_003,72210,False
4588,2018_1357876__event_001,72210,False
4589,2018_1357876__event_002,72210,False
4590,2018_1357877__event_001,72210,False
4591,2018_1357877__event_002,72210,False
4592,2018_1357878__event_001,72210,False
4593,2018_1357878__event_002,72210,False
4594,2018_1357880__event_001,72210,False
4595,2018_1357880__event_002,72210,False
4596,2018_1357883__event_001,72210,False
4597,2018_1357883__event_002,72210,False
4598,2018_1357892__event_001,72210,False
4599,2018_1357892__event_002,72210,False
4600,2018_1357892__event_003,72210,False
4601,2018_1357894__event_001,72210,False
4602,2018_1357894__event_002,72210,False
4603,2018_1361348__event_001,72444,False
4604,2018_1361348__event_002,72444,False
4605,2018_1361354__event_001,72444,False
4606,2018_1361354__event_002,72444,False
4607,2018_1361355__event_001,72444,False
4608,2018_1361355__event_002,72444,False
4609,2018_1361355__event_003,72444,False
4610,2018_1361355__event_004,72444,False
4611,2018_1361355__event_005,72444,False
4612,2018_1361355__event_006,72444,False
4613,2018_1361371__event_001,72444,False
4614,2018_1361371__event_002,72444,False
4615,2018_1361371__event_003,72444,False
4616,2018_1361372__event_001,72444,False
4617,2018_1361372__event_002,72444,False
4618,2018_1361378__event_001,72444,False
4619,2018_1361378__event_002,72444,False
4620,2018_1361390__event_001,72444,False
4621,2018_1361390__event_002,72444,False
4622,2018_1361392__event_001,72444,False
4623,2018_1361392__event_002,72444,False
4624,2018_1361394__event_001,72444,False
4625,2018_1361394__event_002,72444,False
4626,2018_1361404__event_001,72444,False
4627,2018_1361404__event_002,72444,False
4628,2018_1361413__event_001,72444,False
4629,2018_1361413__event_002,72444,False
4630,2018_1361416__event_001,72444,False
4631,2018_1361416__event_002,72444,False
4632,2018_1388298__event_001,74188,False
4633,2018_1388298__event_002,74188,False
4634,2018_1388299__event_001,74188,False
4635,2018_1388299__event_002,74188,False
4636,2018_1388306__event_001,74188,False
4637,2018_1388306__event_002,74188,False
4638,2018_1388306__event_003,74188,False
4639,2018_1388307__event_001,74188,False
4640,2018_1388307__event_002,74188,False
4641,2018_1388307__event_003,74188,False
4642,2018_1388310__event_001,74188,False
4643,2018_1388310__event_002,74188,False
4644,2018_1388313__event_001,74188,False
4645,2018_1388313__event_002,74188,False
4646,2018_1388318__event_001,74188,False
4647,2018_1388318__event_002,74188,False
4648,2018_1388318__event_003,74188,False
4649,2018_1388319__event_001,74188,False
4650,2018_1388319__event_002,74188,False
4651,2018_1388319__event_003,74188,False
4652,2018_1388323__event_001,74188,False
4653,2018_1388323__event_002,74188,False
4654,2018_1388323__event_003,74188,False
4655,2018_1388323__event_004,74188,False
4656,2018_1388323__event_005,74188,False
4657,2018_1388323__event_006,74188,False
4658,2018_1388323__event_007,74188,False
4659,2018_1388327__event_001,74188,False
4660,2018_1388327__event_002,74188,False
4661,2018_1388327__event_003,74188,False
4662,2018_1388327__event_004,74188,False
4663,2018_1388327__event_005,74188,False
4664,2018_1388329__event_001,74188,False
4665,2018_1388329__event_002,74188,False
4666,2018_1388346__event_001,74188,False
4667,2018_1388346__event_002,74188,False
4668,2018_1388346__event_003,74188,False
4669,2018_1388347__event_001,74188,False
4670,2018_1388347__event_002,74188,False
4671,2018_1402547__event_001,74982,False
4672,2018_1402547__event_002,74982,False
4673,2018_1402555__event_001,74982,False
4674,2018_1402555__event_002,74982,False
4675,2018_1402555__event_003,74982,False
4676,2018_1402556__event_001,74982,False
4677,2018_1402556__event_002,74982,False
4678,2018_1402558__event_001,74982,False
4679,2018_1402558__event_002,74982,False
4680,2018_1402572__event_001,74982,False
4681,2018_1402572__event_002,74982,False
4682,2018_1402572__event_003,74982,False
4683,2018_1402572__event_004,74982,False
4684,2018_1402573__event_001,74982,False
4685,2018_1402573__event_002,74982,False
4686,2018_1402575__event_001,74982,False
4687,2018_1402575__event_002,74982,False
4688,2018_1402586__event_001,74982,False
4689,2018_1402586__event_002,74982,False
4690,2018_1402590__event_001,74982,False
4691,2018_1402590__event_002,74982,False
4692,2018_1402590__event_003,74982,False
4693,2018_1402609__event_001,74982,False
4694,2018_1402609__event_002,74982,False
4695,2018_1453180__event_001,78286,True
4696,2018_1453180__event_002,78286,True
4697,2018_1453181__event_001,78286,True
4698,2018_1453181__event_002,78286,True
4699,2018_1453182__event_001,78286,True
4700,2018_1453182__event_002,78286,True
4701,2018_1453182__event_003,78286,True
4702,2018_1453183__event_001,78286,True
4703,2018_1453183__event_002,78286,True
4704,2018_1453184__event_001,78286,True
4705,2018_1453184__event_002,78286,True
4706,2018_1453184__event_003,78286,True
4707,2018_1453185__event_001,78286,True
4708,2018_1453185__event_002,78286,True
4709,2018_1453186__event_001,78286,True
4710,2018_1453186__event_002,78286,True
4711,2018_1453186__event_003,78286,True
4712,2018_1453186__event_004,78286,True
4713,2018_1453186__event_005,78286,True
4714,2018_1453187__event_001,78286,True
4715,2018_1453187__event_002,78286,True
4716,2018_1453188__event_001,78286,True
4717,2018_1453188__event_002,78286,True
4718,2018_1453188__event_003,78286,True
4719,2018_1453189__event_001,78286,True
4720,2018_1453189__event_002,78286,True
4721,2018_1453189__event_003,78286,True
4722,2018_1453190__event_001,78286,True
4723,2018_1453190__event_002,78286,True
4724,2018_1453190__event_003,78286,True
4725,2018_1453192__event_001,78286,True
4726,2018_1453192__event_002,78286,True
4727,2018_1453192__event_003,78286,True
4728,2018_1453193__event_001,78286,True
4729,2018_1453193__event_002,78286,True
4730,2018_1453194__event_001,78286,True
4731,2018_1453194__event_002,78286,True
4732,2018_1453195__event_001,78286,True
4733,2018_1453195__event_002,78286,True
4734,2018_1453196__event_001,78286,True
4735,2018_1453196__event_002,78286,True
4736,2018_1453197__event_001,78286,True
4737,2018_1453197__event_002,78286,True
4738,2018_1453198__event_001,78286,True
4739,2018_1453198__event_002,78286,True
4740,2018_1453199__event_001,78286,True
4741,2018_1453199__event_002,78286,True
4742,2018_1453202__event_001,78286,True
4743,2018_1453202__event_002,78286,True
4744,2018_1453203__event_001,78286,True
4745,2018_1453203__event_002,78286,True
4746,2018_1453204__event_001,78286,True
4747,2018_1453204__event_002,78286,True
4748,2018_1453205__event_001,78286,True
4749,2018_1453205__event_002,78286,True
4750,2018_1453206__event_001,78286,True
4751,2018_1453206__event_002,78286,True
4752,2018_1453206__event_003,78286,True
4753,2018_1453206__event_004,78286,True
4754,2018_1453207__event_001,78286,True
4755,2018_1453207__event_002,78286,True
4756,2018_1453209__event_001,78286,True
4757,2018_1453209__event_002,78286,True
4758,2018_1453209__event_003,78286,True
4759,2018_1453211__event_001,78286,True
4760,2018_1453211__event_002,78286,True
4761,2018_1453212__event_001,78286,True
4762,2018_1453212__event_002,78286,True
4763,2018_1453213__event_001,78286,True
4764,2018_1453213__event_002,78286,True
4765,2018_1453215__event_001,78286,True
4766,2018_1453215__event_002,78286,True
4767,2018_1453219__event_001,78286,True
4768,2018_1453219__event_002,78286,True
4769,2018_1453220__event_001,78286,True
4770,2018_1453220__event_002,78286,True
4771,2018_1466939__event_001,79139,False
4772,2018_1466939__event_002,79139,False
4773,2018_1466942__event_001,79139,False
4774,2018_1466942__event_002,79139,False
4775,2018_1466942__event_003,79139,False
4776,2018_1466943__event_001,79139,False
4777,2018_1466943__event_002,79139,False
4778,2018_1466944__event_001,79139,False
4779,2018_1466944__event_002,79139,False
4780,2018_1466945__event_001,79139,False
4781,2018_1466945__event_002,79139,False
4782,2018_1466946__event_001,79139,False
4783,2018_1466946__event_002,79139,False
4784,2018_1466946__event_003,79139,False
4785,2018_1466948__event_001,79139,False
4786,2018_1466948__event_002,79139,False
4787,2018_1466948__event_003,79139,False
4788,2018_1466948__event_004,79139,False
4789,2018_1466948__event_005,79139,False
4790,2018_1466952__event_001,79139,False
4791,2018_1466952__event_002,79139,False
4792,2018_1466952__event_003,79139,False
4793,2018_1466953__event_001,79139,False
4794,2018_1466953__event_002,79139,False
4795,2018_1466953__event_003,79139,False
4796,2018_1466956__event_001,79139,False
4797,2018_1466956__event_002,79139,False
4798,2018_1466958__event_001,79139,False
4799,2018_1466958__event_002,79139,False
4800,2018_1466960__event_001,79139,False
4801,2018_1466960__event_002,79139,False
4802,2018_1466960__event_003,79139,False
4803,2018_1475331__event_001,79719,True
4804,2018_1475331__event_002,79719,True
4805,2018_1475337__event_001,79719,True
4806,2018_1475337__event_002,79719,True
4807,2018_1475338__event_001,79719,True
4808,2018_1475338__event_002,79719,True
4809,2018_1475338__event_003,79719,True
4810,2018_1475338__event_004,79719,True
4811,2018_1475341__event_001,79719,True
4812,2018_1475341__event_002,79719,True
4813,2018_1475343__event_001,79719,True
4814,2018_1475343__event_002,79719,True
4815,2018_1475345__event_001,79719,True
4816,2018_1475345__event_002,79719,True
4817,2018_1475348__event_001,79719,True
4818,2018_1475348__event_002,79719,True
4819,2018_1475348__event_003,79719,True
4820,2018_1475348__event_004,79719,True
4821,2018_1475348__event_005,79719,True
4822,2018_1475351__event_001,79719,True
4823,2018_1475351__event_002,79719,True
4824,2018_1475351__event_003,79719,True
4825,2018_1475355__event_001,79719,True
4826,2018_1475355__event_002,79719,True
4827,2018_1475372__event_001,79719,True
4828,2018_1475372__event_002,79719,True
4829,2018_1475374__event_001,79719,True
4830,2018_1475374__event_002,79719,True
4831,2018_1475377__event_001,79719,True
4832,2018_1475377__event_002,79719,True
4833,2018_1475377__event_003,79719,True
4834,2018_1475377__event_004,79719,True
4835,2018_1475380__event_001,79719,True
4836,2018_1475380__event_002,79719,True
4837,2018_1475384__event_001,79719,True
4838,2018_1475384__event_002,79719,True
4839,2018_1475385__event_001,79719,True
4840,2018_1475385__event_002,79719,True
4841,2018_1475386__event_001,79719,True
4842,2018_1475386__event_002,79719,True
4843,2018_1475387__event_001,79719,True
4844,2018_1475387__event_002,79719,True
4845,2018_1475389__event_001,79719,True
4846,2018_1475389__event_002,79719,True
4847,2018_1475389__event_003,79719,True
4848,2018_1475391__event_001,79719,True
4849,2018_1475391__event_002,79719,True
4850,2018_1475391__event_003,79719,True
4851,2018_1475393__event_001,79719,True
4852,2018_1475393__event_002,79719,True
4853,2018_1475396__event_001,79719,True
4854,2018_1475396__event_002,79719,True
4855,2018_1475396__event_003,79719,True
4856,2018_1475398__event_001,79719,True
4857,2018_1475398__event_002,79719,True
4858,2018_1475402__event_001,79719,True
4859,2018_1475402__event_002,79719,True
4860,2018_1480003__event_001,80051,False
4861,2018_1480003__event_002,80051,False
4862,2018_1480012__event_001,80051,False
4863,2018_1480012__event_002,80051,False
4864,2018_1480015__event_001,80051,False
4865,2018_1480015__event_002,80051,False
4866,2018_1480016__event_001,80051,False
4867,2018_1480016__event_002,80051,False
4868,2018_1480018__event_001,80051,False
4869,2018_1480018__event_002,80051,False
4870,2018_1480018__event_003,80051,False
4871,2018_1480024__event_001,80051,False
4872,2018_1480024__event_002,80051,False
4873,2018_1480027__event_001,80051,False
4874,2018_1480027__event_002,80051,False
4875,2018_1480027__event_003,80051,False
4876,2018_1480032__event_001,80051,False
4877,2018_1480032__event_002,80051,False
4878,2018_1480032__event_003,80051,False
4879,2018_1480041__event_001,80051,False
4880,2018_1480041__event_002,80051,False
4881,2018_1480043__event_001,80051,False
4882,2018_1480043__event_002,80051,False
4883,2018_1480044__event_001,80051,False
4884,2018_1480044__event_002,80051,False
4885,2018_1480044__event_003,80051,False
4886,2018_1480045__event_001,80051,False
4887,2018_1480045__event_002,80051,False
4888,2018_1480047__event_001,80051,False
4889,2018_1480047__event_002,80051,False
4890,2018_1480050__event_001,80051,False
4891,2018_1480050__event_002,80051,False
4892,2018_1480056__event_001,80051,False
4893,2018_1480056__event_002,80051,False
4894,2018_1485455__event_001,80415,False
4895,2018_1485455__event_002,80415,False
4896,2018_1485455__event_003,80415,False
4897,2018_1485466__event_001,80415,False
4898,2018_1485466__event_002,80415,False
4899,2018_1485473__event_001,80415,False
4900,2018_1485473__event_002,80415,False
4901,2018_1485473__event_003,80415,False
4902,2018_1485496__event_001,80415,False
4903,2018_1485496__event_002,80415,False
4904,2018_1485498__event_001,80415,False
4905,2018_1485498__event_002,80415,False
4906,2018_1485514__event_001,80415,False
4907,2018_1485514__event_002,80415,False
4908,2018_1485522__event_001,80415,False
4909,2018_1485522__event_002,80415,False
4910,2018_1485522__event_003,80415,False
4911,2018_1485526__event_001,80415,False
4912,2018_1485526__event_002,80415,False
4913,2018_1485532__event_001,80415,False
4914,2018_1485532__event_002,80415,False
4915,2018_1485536__event_001,80415,False
4916,2018_1485536__event_002,80415,False
4917,2018_1485539__event_001,80415,False
4918,2018_1485539__event_002,80415,False
4919,2018_1486505__event_001,80480,False
4920,2018_1486505__event_002,80480,False
4921,2018_1486512__event_001,80480,False
4922,2018_1486512__event_002,80480,False
4923,2018_1486514__event_001,80480,False
4924,2018_1486514__event_002,80480,False
4925,2018_1486523__event_001,80480,False
4926,2018_1486523__event_002,80480,False
4927,2018_1486523__event_003,80480,False
4928,2018_1486537__event_001,80480,False
4929,2018_1486537__event_002,80480,False
4930,2018_1486537__event_003,80480,False
4931,2018_1486537__event_004,80480,False
4932,2018_1486540__event_001,80480,False
4933,2018_1486540__event_002,80480,False
4934,2018_1486540__event_003,80480,False
4935,2018_1486542__event_001,80480,False
4936,2018_1486542__event_002,80480,False
4937,2018_1486542__event_003,80480,False
4938,2018_1486544__event_001,80480,False
4939,2018_1486544__event_002,80480,False
4940,2018_1486545__event_001,80480,False
4941,2018_1486545__event_002,80480,False
4942,2018_1486546__event_001,80480,False
4943,2018_1486546__event_002,80480,False
4944,2018_1486547__event_001,80480,False
4945,2018_1486547__event_002,80480,False
4946,2018_1486548__event_001,80480,False
4947,2018_1486548__event_002,80480,False
4948,2018_1486550__event_001,80480,False
4949,2018_1486550__event_002,80480,False
4950,2018_1486551__event_001,80480,False
4951,2018_1486551__event_002,80480,False
4952,2018_1486556__event_001,80480,False
4953,2018_1486556__event_002,80480,False
4954,2018_1486556__event_003,80480,False
4955,2018_1486558__event_001,80480,False
4956,2018_1486558__event_002,80480,False
4957,2018_1596277__event_001,86988,True
4958,2018_1596277__event_002,86988,True
4959,2018_1596277__event_003,86988,True
4960,2018_1596278__event_001,86988,True
4961,2018_1596278__event_002,86988,True
4962,2018_1596279__event_001,86988,True
4963,2018_1596279__event_002,86988,True
4964,2018_1596282__event_001,86988,True
4965,2018_1596282__event_002,86988,True
4966,2018_1596283__event_001,86988,True
4967,2018_1596283__event_002,86988,True
4968,2018_1596284__event_001,86988,True
4969,2018_1596284__event_002,86988,True
4970,2018_1596285__event_001,86988,True
4971,2018_1596285__event_002,86988,True
4972,2018_1596292__event_001,86988,True
4973,2018_1596292__event_002,86988,True
4974,2018_1596293__event_001,86988,True
4975,2018_1596293__event_002,86988,True
4976,2018_1596296__event_001,86988,True
4977,2018_1596296__event_002,86988,True
4978,2018_1596296__event_003,86988,True
4979,2018_1596297__event_001,86988,True
4980,2018_1596297__event_002,86988,True
4981,2018_1596300__event_001,86988,True
4982,2018_1596300__event_002,86988,True
4983,2018_1596300__event_003,86988,True
4984,2018_1596300__event_004,86988,True
4985,2018_1596310__event_001,86988,True
4986,2018_1596310__event_002,86988,True
4987,2018_1596311__event_001,86988,True
4988,2018_1596311__event_002,86988,True
4989,2018_1596312__event_001,86988,True
4990,2018_1596312__event_002,86988,True
4991,2018_1596314__event_001,86988,True
4992,2018_1596314__event_002,86988,True
4993,2018_1596317__event_001,86988,True
4994,2018_1596317__event_002,86988,True
4995,2018_1596323__event_001,86988,True
4996,2018_1596323__event_002,86988,True
4997,2018_1596324__event_001,86988,True
4998,2018_1596324__event_002,86988,True
4999,2018_1596327__event_001,86988,True
5000,2018_1596327__event_002,86988,True
5001,2018_1596327__event_003,86988,True
5002,2018_1596327__event_004,86988,True
5003,2018_1596327__event_005,86988,True
5004,2018_1602162__event_001,87391,False
5005,2018_1602162__event_002,87391,False
5006,2018_1602164__event_001,87391,False
5007,2018_1602164__event_002,87391,False
5008,2018_1602165__event_001,87391,False
5009,2018_1602165__event_002,87391,False
5010,2018_1602166__event_001,87391,False
5011,2018_1602166__event_002,87391,False
5012,2018_1602167__event_001,87391,False
5013,2018_1602167__event_002,87391,False
5014,2018_1602168__event_001,87391,False
5015,2018_1602168__event_002,87391,False
5016,2018_1602170__event_001,87391,False
5017,2018_1602170__event_002,87391,False
5018,2018_1602171__event_001,87391,False
5019,2018_1602171__event_002,87391,False
5020,2018_1602172__event_001,87391,False
5021,2018_1602172__event_002,87391,False
5022,2018_1602173__event_001,87391,False
5023,2018_1602173__event_002,87391,False
5024,2018_1619218__event_001,88625,False
5025,2018_1619218__event_002,88625,False
5026,2018_1619219__event_001,88625,False
5027,2018_1619219__event_002,88625,False
5028,2018_1619221__event_001,88625,False
5029,2018_1619221__event_002,88625,False
5030,2018_1619221__event_003,88625,False
5031,2018_1619222__event_001,88625,False
5032,2018_1619222__event_002,88625,False
5033,2018_1619225__event_001,88625,False
5034,2018_1619225__event_002,88625,False
5035,2018_1619225__event_003,88625,False
5036,2018_1619230__event_001,88625,False
5037,2018_1619230__event_002,88625,False
5038,2018_1619231__event_001,88625,False
5039,2018_1619231__event_002,88625,False
5040,2018_1619231__event_003,88625,False
5041,2018_1619234__event_001,88625,False
5042,2018_1619234__event_002,88625,False
5043,2018_1619235__event_001,88625,False
5044,2018_1619235__event_002,88625,False
5045,2018_1619235__event_003,88625,False
5046,2018_1619235__event_004,88625,False
5047,2018_1619236__event_001,88625,False
5048,2018_1619236__event_002,88625,False
5049,2018_1619239__event_001,88625,False
5050,2018_1619239__event_002,88625,False
5051,2018_1619240__event_001,88625,False
5052,2018_1619240__event_002,88625,False
5053,2018_1619242__event_001,88625,False
5054,2018_1619242__event_002,88625,False
5055,2018_1619242__event_003,88625,False
5056,2018_1621561__event_001,88793,True
5057,2018_1621561__event_002,88793,True
5058,2018_1621561__event_003,88793,True
5059,2018_1621562__event_001,88793,True
5060,2018_1621562__event_002,88793,True
5061,2018_1621562__event_003,88793,True
5062,2018_1621562__event_004,88793,True
5063,2018_1621563__event_001,88793,True
5064,2018_1621563__event_002,88793,True
5065,2018_1621564__event_001,88793,True
5066,2018_1621564__event_002,88793,True
5067,2018_1621565__event_001,88793,True
5068,2018_1621565__event_002,88793,True
5069,2018_1621565__event_003,88793,True
5070,2018_1621566__event_001,88793,True
5071,2018_1621566__event_002,88793,True
5072,2018_1621567__event_001,88793,True
5073,2018_1621567__event_002,88793,True
5074,2018_1621568__event_001,88793,True
5075,2018_1621568__event_002,88793,True
5076,2018_1621569__event_001,88793,True
5077,2018_1621569__event_002,88793,True
5078,2018_1621570__event_001,88793,True
5079,2018_1621570__event_002,88793,True
5080,2018_1621571__event_001,88793,True
5081,2018_1621571__event_002,88793,True
5082,2018_1621573__event_001,88793,True
5083,2018_1621573__event_002,88793,True
5084,2018_1621574__event_001,88793,True
5085,2018_1621574__event_002,88793,True
5086,2018_1621580__event_001,88793,True
5087,2018_1621580__event_002,88793,True
5088,2018_1621581__event_001,88793,True
5089,2018_1621581__event_002,88793,True
5090,2018_1621582__event_001,88793,True
5091,2018_1621582__event_002,88793,True
5092,2018_1621583__event_001,88793,True
5093,2018_1621583__event_002,88793,True
5094,2018_1621583__event_003,88793,True
5095,2018_1621583__event_004,88793,True
5096,2018_1621589__event_001,88793,True
5097,2018_1621589__event_002,88793,True
5098,2018_1621590__event_001,88793,True
5099,2018_1621590__event_002,88793,True
5100,2018_1621591__event_001,88793,True
5101,2018_1621591__event_002,88793,True
5102,2018_1621592__event_001,88793,True
5103,2018_1621592__event_002,88793,True
5104,2018_1621594__event_001,88793,True
5105,2018_1621594__event_002,88793,True
