query_id,user_id,benchmark_tier,query_type,method,rank,retrieved_event_id,score,is_high_memory_load
tokyo_100312_relational_between,100312,stress_test,relational_between,vector,1,2018_1767907__event_002,0.9024815559387207,True
tokyo_100312_relational_between,100312,stress_test,relational_between,vector,2,2018_1767907__event_003,0.8978774547576904,True
tokyo_100312_relational_between,100312,stress_test,relational_between,vector,3,2018_1767903__event_002,0.8931175470352173,True
tokyo_100312_relational_between,100312,stress_test,relational_between,vector,4,2018_1767903__event_001,0.8633696436882019,True
tokyo_100312_relational_between,100312,stress_test,relational_between,vector,5,2018_1767907__event_001,0.8616307973861694,True
tokyo_100312_relational_between,100312,stress_test,relational_between,vector,6,2018_1767953__event_003,0.8448328971862793,True
tokyo_100312_relational_between,100312,stress_test,relational_between,vector,7,2018_1767866__event_002,0.8377400636672974,True
tokyo_100312_relational_between,100312,stress_test,relational_between,vector,8,2018_1767933__event_002,0.8372910022735596,True
tokyo_100312_relational_between,100312,stress_test,relational_between,vector,9,2018_1767895__event_002,0.8277175426483154,True
tokyo_100312_relational_between,100312,stress_test,relational_between,vector,10,2018_1767921__event_002,0.827569305896759,True
tokyo_100312_relational_between,100312,stress_test,relational_between,vector,11,2018_1767866__event_001,0.824604332447052,True
tokyo_100312_relational_between,100312,stress_test,relational_between,vector,12,2018_1767933__event_001,0.8244485259056091,True
tokyo_100312_relational_between,100312,stress_test,relational_between,vector,13,2018_1767953__event_002,0.8196148872375488,True
tokyo_100312_relational_between,100312,stress_test,relational_between,vector,14,2018_1767867__event_001,0.8183966875076294,True
tokyo_100312_relational_between,100312,stress_test,relational_between,vector,15,2018_1767895__event_001,0.8182500600814819,True
tokyo_100312_relational_between,100312,stress_test,relational_between,vector,16,2018_1767921__event_001,0.8177024126052856,True
tokyo_100312_relational_between,100312,stress_test,relational_between,vector,17,2018_1767934__event_001,0.8174553513526917,True
tokyo_100312_relational_between,100312,stress_test,relational_between,vector,18,2018_1767905__event_001,0.8154985904693604,True
tokyo_100312_relational_between,100312,stress_test,relational_between,vector,19,2018_1767893__event_002,0.8153311014175415,True
tokyo_100312_relational_between,100312,stress_test,relational_between,vector,20,2018_1767940__event_001,0.8151886463165283,True
tokyo_100312_relational_between,100312,stress_test,relational_between,vector,21,2018_1767947__event_001,0.8150594830513,True
tokyo_100312_relational_between,100312,stress_test,relational_between,vector,22,2018_1767893__event_001,0.8143454790115356,True
tokyo_100312_relational_between,100312,stress_test,relational_between,vector,23,2018_1767947__event_002,0.8142913579940796,True
tokyo_100312_relational_between,100312,stress_test,relational_between,vector,24,2018_1767914__event_001,0.8137369155883789,True
tokyo_100312_relational_between,100312,stress_test,relational_between,vector,25,2018_1767964__event_001,0.813606321811676,True
tokyo_100312_relational_between,100312,stress_test,relational_between,vector,26,2018_1767957__event_001,0.8133008480072021,True
tokyo_100312_relational_between,100312,stress_test,relational_between,vector,27,2018_1767890__event_001,0.8131589889526367,True
tokyo_100312_relational_between,100312,stress_test,relational_between,vector,28,2018_1767863__event_001,0.8128659725189209,True
tokyo_100312_relational_between,100312,stress_test,relational_between,vector,29,2018_1767963__event_001,0.812379777431488,True
tokyo_100312_relational_between,100312,stress_test,relational_between,vector,30,2018_1767879__event_002,0.8122315406799316,True
tokyo_100312_relational_between,100312,stress_test,relational_between,vector,31,2018_1767963__event_002,0.8120911121368408,True
tokyo_100312_relational_between,100312,stress_test,relational_between,vector,32,2018_1767941__event_001,0.811721682548523,True
tokyo_100312_relational_between,100312,stress_test,relational_between,vector,33,2018_1767879__event_001,0.8105734586715698,True
tokyo_100312_relational_between,100312,stress_test,relational_between,vector,34,2018_1767926__event_001,0.8104005455970764,True
tokyo_100312_relational_between,100312,stress_test,relational_between,vector,35,2018_1767902__event_001,0.8097155690193176,True
tokyo_100312_relational_between,100312,stress_test,relational_between,vector,36,2018_1767925__event_001,0.8096174001693726,True
tokyo_100312_relational_between,100312,stress_test,relational_between,vector,37,2018_1767887__event_001,0.8087501525878906,True
tokyo_100312_relational_between,100312,stress_test,relational_between,vector,38,2018_1767958__event_001,0.8086283802986145,True
tokyo_100312_relational_between,100312,stress_test,relational_between,vector,39,2018_1767863__event_002,0.8084031343460083,True
tokyo_100312_relational_between,100312,stress_test,relational_between,vector,40,2018_1767876__event_001,0.8082488775253296,True
tokyo_100312_relational_between,100312,stress_test,relational_between,vector,41,2018_1767913__event_001,0.8076329827308655,True
tokyo_100312_relational_between,100312,stress_test,relational_between,vector,42,2018_1767890__event_002,0.8066884279251099,True
tokyo_100312_relational_between,100312,stress_test,relational_between,vector,43,2018_1767957__event_002,0.806664228439331,True
tokyo_100312_relational_between,100312,stress_test,relational_between,vector,44,2018_1767870__event_001,0.8062896728515625,True
tokyo_100312_relational_between,100312,stress_test,relational_between,vector,45,2018_1767914__event_002,0.8058174848556519,True
tokyo_100312_relational_between,100312,stress_test,relational_between,vector,46,2018_1767950__event_001,0.8055850863456726,True
tokyo_100312_relational_between,100312,stress_test,relational_between,vector,47,2018_1767867__event_002,0.8047240376472473,True
tokyo_100312_relational_between,100312,stress_test,relational_between,vector,48,2018_1767934__event_002,0.8041741847991943,True
tokyo_100312_relational_between,100312,stress_test,relational_between,vector,49,2018_1767950__event_002,0.8037663698196411,True
tokyo_100312_relational_between,100312,stress_test,relational_between,vector,50,2018_1767905__event_002,0.8036195039749146,True
tokyo_100312_relational_between,100312,stress_test,relational_between,vector,51,2018_1767964__event_002,0.8027399778366089,True
tokyo_100312_relational_between,100312,stress_test,relational_between,vector,52,2018_1767940__event_002,0.8023457527160645,True
tokyo_100312_relational_between,100312,stress_test,relational_between,vector,53,2018_1767945__event_002,0.8022465705871582,True
tokyo_100312_relational_between,100312,stress_test,relational_between,vector,54,2018_1767945__event_001,0.8004463911056519,True
tokyo_100312_relational_between,100312,stress_test,relational_between,vector,55,2018_1767935__event_001,0.800428032875061,True
tokyo_100312_relational_between,100312,stress_test,relational_between,vector,56,2018_1767885__event_002,0.7990471124649048,True
tokyo_100312_relational_between,100312,stress_test,relational_between,vector,57,2018_1767941__event_002,0.7988344430923462,True
tokyo_100312_relational_between,100312,stress_test,relational_between,vector,58,2018_1767887__event_002,0.7979987859725952,True
tokyo_100312_relational_between,100312,stress_test,relational_between,vector,59,2018_1767913__event_002,0.7965092658996582,True
tokyo_100312_relational_between,100312,stress_test,relational_between,vector,60,2018_1767953__event_001,0.7961937785148621,True
tokyo_100312_relational_between,100312,stress_test,relational_between,vector,61,2018_1767958__event_002,0.7960149049758911,True
tokyo_100312_relational_between,100312,stress_test,relational_between,vector,62,2018_1767876__event_002,0.7958874106407166,True
tokyo_100312_relational_between,100312,stress_test,relational_between,vector,63,2018_1767902__event_002,0.7953126430511475,True
tokyo_100312_relational_between,100312,stress_test,relational_between,vector,64,2018_1767870__event_002,0.7945253252983093,True
tokyo_100312_relational_between,100312,stress_test,relational_between,vector,65,2018_1767926__event_002,0.79426109790802,True
tokyo_100312_relational_between,100312,stress_test,relational_between,vector,66,2018_1767925__event_002,0.7926144003868103,True
tokyo_100312_relational_between,100312,stress_test,relational_between,vector,67,2018_1767935__event_002,0.7922165989875793,True
tokyo_100312_relational_between,100312,stress_test,relational_between,vector,68,2018_1767885__event_001,0.7890512943267822,True
tokyo_100312_relational_between,100312,stress_test,relational_between,vector,69,2018_1767880__event_002,0.7861412763595581,True
tokyo_100312_relational_between,100312,stress_test,relational_between,vector,70,2018_1767880__event_001,0.7791510224342346,True
tokyo_101467_relational_between,101467,stress_test,relational_between,vector,1,2018_1784994__event_003,0.9252241849899292,False
tokyo_101467_relational_between,101467,stress_test,relational_between,vector,2,2018_1784994__event_004,0.9115612506866455,False
tokyo_101467_relational_between,101467,stress_test,relational_between,vector,3,2018_1784994__event_002,0.9015278816223145,False
tokyo_101467_relational_between,101467,stress_test,relational_between,vector,4,2018_1784994__event_001,0.8606351613998413,False
tokyo_101467_relational_between,101467,stress_test,relational_between,vector,5,2018_1784994__event_005,0.8590785264968872,False
tokyo_101467_relational_between,101467,stress_test,relational_between,vector,6,2018_1784996__event_001,0.8290301561355591,False
tokyo_101467_relational_between,101467,stress_test,relational_between,vector,7,2018_1785004__event_001,0.822784960269928,False
tokyo_101467_relational_between,101467,stress_test,relational_between,vector,8,2018_1785003__event_003,0.8218092918395996,False
tokyo_101467_relational_between,101467,stress_test,relational_between,vector,9,2018_1784992__event_001,0.8217917680740356,False
tokyo_101467_relational_between,101467,stress_test,relational_between,vector,10,2018_1784989__event_002,0.8201484680175781,False
tokyo_101467_relational_between,101467,stress_test,relational_between,vector,11,2018_1785009__event_001,0.8183241486549377,False
tokyo_101467_relational_between,101467,stress_test,relational_between,vector,12,2018_1784985__event_002,0.8181322813034058,False
tokyo_101467_relational_between,101467,stress_test,relational_between,vector,13,2018_1784990__event_002,0.8180567026138306,False
tokyo_101467_relational_between,101467,stress_test,relational_between,vector,14,2018_1784989__event_001,0.8174782991409302,False
tokyo_101467_relational_between,101467,stress_test,relational_between,vector,15,2018_1784985__event_001,0.8172990083694458,False
tokyo_101467_relational_between,101467,stress_test,relational_between,vector,16,2018_1784986__event_002,0.8161165118217468,False
tokyo_101467_relational_between,101467,stress_test,relational_between,vector,17,2018_1785000__event_001,0.8158868551254272,False
tokyo_101467_relational_between,101467,stress_test,relational_between,vector,18,2018_1784996__event_002,0.815250813961029,False
tokyo_101467_relational_between,101467,stress_test,relational_between,vector,19,2018_1784987__event_001,0.81454998254776,False
tokyo_101467_relational_between,101467,stress_test,relational_between,vector,20,2018_1785005__event_001,0.813964307308197,False
tokyo_101467_relational_between,101467,stress_test,relational_between,vector,21,2018_1784992__event_002,0.8138227462768555,False
tokyo_101467_relational_between,101467,stress_test,relational_between,vector,22,2018_1784991__event_001,0.8136656284332275,False
tokyo_101467_relational_between,101467,stress_test,relational_between,vector,23,2018_1784993__event_001,0.8132272362709045,False
tokyo_101467_relational_between,101467,stress_test,relational_between,vector,24,2018_1785003__event_002,0.8132267594337463,False
tokyo_101467_relational_between,101467,stress_test,relational_between,vector,25,2018_1784987__event_002,0.8128249645233154,False
tokyo_101467_relational_between,101467,stress_test,relational_between,vector,26,2018_1784990__event_001,0.8126797080039978,False
tokyo_101467_relational_between,101467,stress_test,relational_between,vector,27,2018_1785003__event_001,0.8123698234558105,False
tokyo_101467_relational_between,101467,stress_test,relational_between,vector,28,2018_1785009__event_002,0.8109705448150635,False
tokyo_101467_relational_between,101467,stress_test,relational_between,vector,29,2018_1785000__event_002,0.8103116154670715,False
tokyo_101467_relational_between,101467,stress_test,relational_between,vector,30,2018_1784991__event_002,0.809972882270813,False
tokyo_101467_relational_between,101467,stress_test,relational_between,vector,31,2018_1785005__event_002,0.8099522590637207,False
tokyo_101467_relational_between,101467,stress_test,relational_between,vector,32,2018_1785004__event_002,0.8089019656181335,False
tokyo_101467_relational_between,101467,stress_test,relational_between,vector,33,2018_1784986__event_001,0.8073870539665222,False
tokyo_101467_relational_between,101467,stress_test,relational_between,vector,34,2018_1785001__event_002,0.8054282665252686,False
tokyo_101467_relational_between,101467,stress_test,relational_between,vector,35,2018_1785001__event_001,0.8008598685264587,False
tokyo_101467_relational_between,101467,stress_test,relational_between,vector,36,2018_1784993__event_002,0.7834529876708984,False
tokyo_101467_relational_between,101467,stress_test,relational_between,vector,37,2018_1784988__event_001,0.7771491408348083,False
tokyo_101467_relational_between,101467,stress_test,relational_between,vector,38,2018_1785000__event_003,0.7757238149642944,False
tokyo_101467_relational_between,101467,stress_test,relational_between,vector,39,2018_1785013__event_002,0.7719401717185974,False
tokyo_101467_relational_between,101467,stress_test,relational_between,vector,40,2018_1784988__event_002,0.7697174549102783,False
tokyo_101467_relational_between,101467,stress_test,relational_between,vector,41,2018_1785005__event_003,0.7668041586875916,False
tokyo_101467_relational_between,101467,stress_test,relational_between,vector,42,2018_1785013__event_001,0.7630319595336914,False
tokyo_106628_relational_between,106628,stress_test,relational_between,vector,1,2018_1860411__event_003,0.8543922901153564,True
tokyo_106628_relational_between,106628,stress_test,relational_between,vector,2,2018_1860367__event_001,0.8428828716278076,True
tokyo_106628_relational_between,106628,stress_test,relational_between,vector,3,2018_1860400__event_003,0.8413165211677551,True
tokyo_106628_relational_between,106628,stress_test,relational_between,vector,4,2018_1860367__event_002,0.8405997157096863,True
tokyo_106628_relational_between,106628,stress_test,relational_between,vector,5,2018_1860395__event_001,0.8386509418487549,True
tokyo_106628_relational_between,106628,stress_test,relational_between,vector,6,2018_1860406__event_003,0.8370540142059326,True
tokyo_106628_relational_between,106628,stress_test,relational_between,vector,7,2018_1860411__event_004,0.8301310539245605,True
tokyo_106628_relational_between,106628,stress_test,relational_between,vector,8,2018_1860411__event_002,0.8279426097869873,True
tokyo_106628_relational_between,106628,stress_test,relational_between,vector,9,2018_1860400__event_002,0.8189413547515869,True
tokyo_106628_relational_between,106628,stress_test,relational_between,vector,10,2018_1860432__event_001,0.8131201863288879,True
tokyo_106628_relational_between,106628,stress_test,relational_between,vector,11,2018_1860445__event_001,0.8130505084991455,True
tokyo_106628_relational_between,106628,stress_test,relational_between,vector,12,2018_1860443__event_002,0.8119230270385742,True
tokyo_106628_relational_between,106628,stress_test,relational_between,vector,13,2018_1860403__event_001,0.8109968900680542,True
tokyo_106628_relational_between,106628,stress_test,relational_between,vector,14,2018_1860432__event_002,0.8107845783233643,True
tokyo_106628_relational_between,106628,stress_test,relational_between,vector,15,2018_1860406__event_001,0.8106179237365723,True
tokyo_106628_relational_between,106628,stress_test,relational_between,vector,16,2018_1860406__event_002,0.8099855184555054,True
tokyo_106628_relational_between,106628,stress_test,relational_between,vector,17,2018_1860393__event_001,0.8086555004119873,True
tokyo_106628_relational_between,106628,stress_test,relational_between,vector,18,2018_1860391__event_002,0.8084014654159546,True
tokyo_106628_relational_between,106628,stress_test,relational_between,vector,19,2018_1860435__event_001,0.8079432845115662,True
tokyo_106628_relational_between,106628,stress_test,relational_between,vector,20,2018_1860391__event_001,0.8060404658317566,True
tokyo_106628_relational_between,106628,stress_test,relational_between,vector,21,2018_1860395__event_002,0.805090606212616,True
tokyo_106628_relational_between,106628,stress_test,relational_between,vector,22,2018_1860440__event_001,0.8024612665176392,True
tokyo_106628_relational_between,106628,stress_test,relational_between,vector,23,2018_1860398__event_001,0.8014219999313354,True
tokyo_106628_relational_between,106628,stress_test,relational_between,vector,24,2018_1860397__event_002,0.8005861043930054,True
tokyo_106628_relational_between,106628,stress_test,relational_between,vector,25,2018_1860419__event_001,0.8005757331848145,True
tokyo_106628_relational_between,106628,stress_test,relational_between,vector,26,2018_1860423__event_002,0.7991800308227539,True
tokyo_106628_relational_between,106628,stress_test,relational_between,vector,27,2018_1860370__event_001,0.7988855838775635,True
tokyo_106628_relational_between,106628,stress_test,relational_between,vector,28,2018_1860421__event_001,0.7979668974876404,True
tokyo_106628_relational_between,106628,stress_test,relational_between,vector,29,2018_1860394__event_002,0.7979013323783875,True
tokyo_106628_relational_between,106628,stress_test,relational_between,vector,30,2018_1860441__event_001,0.7970098257064819,True
tokyo_106628_relational_between,106628,stress_test,relational_between,vector,31,2018_1860384__event_001,0.7967177629470825,True
tokyo_106628_relational_between,106628,stress_test,relational_between,vector,32,2018_1860403__event_002,0.7965598106384277,True
tokyo_106628_relational_between,106628,stress_test,relational_between,vector,33,2018_1860401__event_001,0.7964974641799927,True
tokyo_106628_relational_between,106628,stress_test,relational_between,vector,34,2018_1860443__event_003,0.7960711717605591,True
tokyo_106628_relational_between,106628,stress_test,relational_between,vector,35,2018_1860387__event_001,0.7959083318710327,True
tokyo_106628_relational_between,106628,stress_test,relational_between,vector,36,2018_1860405__event_002,0.7957834005355835,True
tokyo_106628_relational_between,106628,stress_test,relational_between,vector,37,2018_1860444__event_001,0.7953908443450928,True
tokyo_106628_relational_between,106628,stress_test,relational_between,vector,38,2018_1860375__event_001,0.7947527170181274,True
tokyo_106628_relational_between,106628,stress_test,relational_between,vector,39,2018_1860407__event_002,0.7942706346511841,True
tokyo_106628_relational_between,106628,stress_test,relational_between,vector,40,2018_1860373__event_001,0.7942492961883545,True
tokyo_106628_relational_between,106628,stress_test,relational_between,vector,41,2018_1860388__event_001,0.7942253351211548,True
tokyo_106628_relational_between,106628,stress_test,relational_between,vector,42,2018_1860394__event_001,0.7942183613777161,True
tokyo_106628_relational_between,106628,stress_test,relational_between,vector,43,2018_1860401__event_002,0.7935570478439331,True
tokyo_106628_relational_between,106628,stress_test,relational_between,vector,44,2018_1860411__event_001,0.7917695045471191,True
tokyo_106628_relational_between,106628,stress_test,relational_between,vector,45,2018_1860376__event_002,0.7916001677513123,True
tokyo_106628_relational_between,106628,stress_test,relational_between,vector,46,2018_1860407__event_001,0.7914317846298218,True
tokyo_106628_relational_between,106628,stress_test,relational_between,vector,47,2018_1860376__event_001,0.7911682724952698,True
tokyo_106628_relational_between,106628,stress_test,relational_between,vector,48,2018_1860378__event_002,0.7908776998519897,True
tokyo_106628_relational_between,106628,stress_test,relational_between,vector,49,2018_1860440__event_002,0.7908446788787842,True
tokyo_106628_relational_between,106628,stress_test,relational_between,vector,50,2018_1860443__event_001,0.7900089621543884,True
tokyo_106628_relational_between,106628,stress_test,relational_between,vector,51,2018_1860387__event_002,0.7897868752479553,True
tokyo_106628_relational_between,106628,stress_test,relational_between,vector,52,2018_1860405__event_001,0.7895766496658325,True
tokyo_106628_relational_between,106628,stress_test,relational_between,vector,53,2018_1860373__event_002,0.7892036437988281,True
tokyo_106628_relational_between,106628,stress_test,relational_between,vector,54,2018_1860433__event_002,0.7891533374786377,True
tokyo_106628_relational_between,106628,stress_test,relational_between,vector,55,2018_1860379__event_001,0.7887234687805176,True
tokyo_106628_relational_between,106628,stress_test,relational_between,vector,56,2018_1860423__event_001,0.7886102199554443,True
tokyo_106628_relational_between,106628,stress_test,relational_between,vector,57,2018_1860378__event_001,0.7885898351669312,True
tokyo_106628_relational_between,106628,stress_test,relational_between,vector,58,2018_1860400__event_001,0.7883729934692383,True
tokyo_106628_relational_between,106628,stress_test,relational_between,vector,59,2018_1860370__event_002,0.7883094549179077,True
tokyo_106628_relational_between,106628,stress_test,relational_between,vector,60,2018_1860433__event_001,0.7882299423217773,True
tokyo_106628_relational_between,106628,stress_test,relational_between,vector,61,2018_1860445__event_002,0.7881183624267578,True
tokyo_106628_relational_between,106628,stress_test,relational_between,vector,62,2018_1860437__event_002,0.7879776358604431,True
tokyo_106628_relational_between,106628,stress_test,relational_between,vector,63,2018_1860441__event_003,0.7872838377952576,True
tokyo_106628_relational_between,106628,stress_test,relational_between,vector,64,2018_1860420__event_001,0.786583662033081,True
tokyo_106628_relational_between,106628,stress_test,relational_between,vector,65,2018_1860384__event_002,0.7863867878913879,True
tokyo_106628_relational_between,106628,stress_test,relational_between,vector,66,2018_1860393__event_002,0.7861284613609314,True
tokyo_106628_relational_between,106628,stress_test,relational_between,vector,67,2018_1860436__event_002,0.7858349084854126,True
tokyo_106628_relational_between,106628,stress_test,relational_between,vector,68,2018_1860397__event_001,0.7847377061843872,True
tokyo_106628_relational_between,106628,stress_test,relational_between,vector,69,2018_1860398__event_002,0.7845280170440674,True
tokyo_106628_relational_between,106628,stress_test,relational_between,vector,70,2018_1860435__event_002,0.7831881642341614,True
tokyo_106628_relational_between,106628,stress_test,relational_between,vector,71,2018_1860444__event_002,0.7830569744110107,True
tokyo_106628_relational_between,106628,stress_test,relational_between,vector,72,2018_1860388__event_002,0.7821666598320007,True
tokyo_106628_relational_between,106628,stress_test,relational_between,vector,73,2018_1860419__event_002,0.7813615798950195,True
tokyo_106628_relational_between,106628,stress_test,relational_between,vector,74,2018_1860437__event_001,0.7813278436660767,True
tokyo_106628_relational_between,106628,stress_test,relational_between,vector,75,2018_1860378__event_003,0.7807266712188721,True
tokyo_106628_relational_between,106628,stress_test,relational_between,vector,76,2018_1860436__event_001,0.7804028987884521,True
tokyo_106628_relational_between,106628,stress_test,relational_between,vector,77,2018_1860421__event_003,0.7798429727554321,True
tokyo_106628_relational_between,106628,stress_test,relational_between,vector,78,2018_1860412__event_001,0.7790100574493408,True
tokyo_106628_relational_between,106628,stress_test,relational_between,vector,79,2018_1860421__event_002,0.7786514163017273,True
tokyo_106628_relational_between,106628,stress_test,relational_between,vector,80,2018_1860391__event_003,0.7782481908798218,True
tokyo_106628_relational_between,106628,stress_test,relational_between,vector,81,2018_1860379__event_002,0.7767298817634583,True
tokyo_106628_relational_between,106628,stress_test,relational_between,vector,82,2018_1860375__event_002,0.774518609046936,True
tokyo_106628_relational_between,106628,stress_test,relational_between,vector,83,2018_1860441__event_002,0.7738416194915771,True
tokyo_106628_relational_between,106628,stress_test,relational_between,vector,84,2018_1860369__event_002,0.7714017033576965,True
tokyo_106628_relational_between,106628,stress_test,relational_between,vector,85,2018_1860412__event_002,0.7713766098022461,True
tokyo_106628_relational_between,106628,stress_test,relational_between,vector,86,2018_1860441__event_004,0.7712423205375671,True
tokyo_106628_relational_between,106628,stress_test,relational_between,vector,87,2018_1860369__event_001,0.7700145244598389,True
tokyo_106628_relational_between,106628,stress_test,relational_between,vector,88,2018_1860420__event_002,0.758194088935852,True
tokyo_109617_relational_between,109617,stress_test,relational_between,vector,1,2018_1909174__event_002,0.903774619102478,True
tokyo_109617_relational_between,109617,stress_test,relational_between,vector,2,2018_1909174__event_003,0.9013976454734802,True
tokyo_109617_relational_between,109617,stress_test,relational_between,vector,3,2018_1909177__event_004,0.8979038596153259,True
tokyo_109617_relational_between,109617,stress_test,relational_between,vector,4,2018_1909177__event_003,0.8641376495361328,True
tokyo_109617_relational_between,109617,stress_test,relational_between,vector,5,2018_1909179__event_003,0.8560229539871216,True
tokyo_109617_relational_between,109617,stress_test,relational_between,vector,6,2018_1909174__event_001,0.8339766263961792,True
tokyo_109617_relational_between,109617,stress_test,relational_between,vector,7,2018_1909179__event_002,0.8333380222320557,True
tokyo_109617_relational_between,109617,stress_test,relational_between,vector,8,2018_1909135__event_001,0.8261070251464844,True
tokyo_109617_relational_between,109617,stress_test,relational_between,vector,9,2018_1909177__event_002,0.823056161403656,True
tokyo_109617_relational_between,109617,stress_test,relational_between,vector,10,2018_1909135__event_002,0.8230209350585938,True
tokyo_109617_relational_between,109617,stress_test,relational_between,vector,11,2018_1909213__event_003,0.8209011554718018,True
tokyo_109617_relational_between,109617,stress_test,relational_between,vector,12,2018_1909214__event_004,0.8200442790985107,True
tokyo_109617_relational_between,109617,stress_test,relational_between,vector,13,2018_1909117__event_001,0.8198221921920776,True
tokyo_109617_relational_between,109617,stress_test,relational_between,vector,14,2018_1909199__event_001,0.818579912185669,True
tokyo_109617_relational_between,109617,stress_test,relational_between,vector,15,2018_1909137__event_002,0.8184733390808105,True
tokyo_109617_relational_between,109617,stress_test,relational_between,vector,16,2018_1909158__event_003,0.8182682991027832,True
tokyo_109617_relational_between,109617,stress_test,relational_between,vector,17,2018_1909184__event_002,0.8177563548088074,True
tokyo_109617_relational_between,109617,stress_test,relational_between,vector,18,2018_1909152__event_002,0.8172022104263306,True
tokyo_109617_relational_between,109617,stress_test,relational_between,vector,19,2018_1909167__event_002,0.8152790069580078,True
tokyo_109617_relational_between,109617,stress_test,relational_between,vector,20,2018_1909157__event_002,0.8140685558319092,True
tokyo_109617_relational_between,109617,stress_test,relational_between,vector,21,2018_1909184__event_001,0.8131654262542725,True
tokyo_109617_relational_between,109617,stress_test,relational_between,vector,22,2018_1909137__event_001,0.812897801399231,True
tokyo_109617_relational_between,109617,stress_test,relational_between,vector,23,2018_1909178__event_001,0.8105771541595459,True
tokyo_109617_relational_between,109617,stress_test,relational_between,vector,24,2018_1909157__event_003,0.8075425624847412,True
tokyo_109617_relational_between,109617,stress_test,relational_between,vector,25,2018_1909158__event_002,0.8071271181106567,True
tokyo_109617_relational_between,109617,stress_test,relational_between,vector,26,2018_1909144__event_001,0.8064742088317871,True
tokyo_109617_relational_between,109617,stress_test,relational_between,vector,27,2018_1909179__event_001,0.8064456582069397,True
tokyo_109617_relational_between,109617,stress_test,relational_between,vector,28,2018_1909214__event_003,0.8059982061386108,True
tokyo_109617_relational_between,109617,stress_test,relational_between,vector,29,2018_1909144__event_002,0.8058420419692993,True
tokyo_109617_relational_between,109617,stress_test,relational_between,vector,30,2018_1909199__event_002,0.8027085661888123,True
tokyo_109617_relational_between,109617,stress_test,relational_between,vector,31,2018_1909152__event_001,0.8019424676895142,True
tokyo_109617_relational_between,109617,stress_test,relational_between,vector,32,2018_1909117__event_002,0.8006937503814697,True
tokyo_109617_relational_between,109617,stress_test,relational_between,vector,33,2018_1909213__event_002,0.7994694113731384,True
tokyo_109617_relational_between,109617,stress_test,relational_between,vector,34,2018_1909129__event_001,0.7982003092765808,True
tokyo_109617_relational_between,109617,stress_test,relational_between,vector,35,2018_1909212__event_002,0.7974734306335449,True
tokyo_109617_relational_between,109617,stress_test,relational_between,vector,36,2018_1909178__event_002,0.797107994556427,True
tokyo_109617_relational_between,109617,stress_test,relational_between,vector,37,2018_1909167__event_001,0.7954007387161255,True
tokyo_109617_relational_between,109617,stress_test,relational_between,vector,38,2018_1909212__event_001,0.7949597835540771,True
tokyo_109617_relational_between,109617,stress_test,relational_between,vector,39,2018_1909157__event_001,0.7920292019844055,True
tokyo_109617_relational_between,109617,stress_test,relational_between,vector,40,2018_1909138__event_001,0.7908990979194641,True
tokyo_109617_relational_between,109617,stress_test,relational_between,vector,41,2018_1909214__event_002,0.7879798412322998,True
tokyo_109617_relational_between,109617,stress_test,relational_between,vector,42,2018_1909150__event_001,0.7879104614257812,True
tokyo_109617_relational_between,109617,stress_test,relational_between,vector,43,2018_1909150__event_002,0.7866702079772949,True
tokyo_109617_relational_between,109617,stress_test,relational_between,vector,44,2018_1909158__event_001,0.786574125289917,True
tokyo_109617_relational_between,109617,stress_test,relational_between,vector,45,2018_1909175__event_002,0.7845553755760193,True
tokyo_109617_relational_between,109617,stress_test,relational_between,vector,46,2018_1909198__event_002,0.7835766077041626,True
tokyo_109617_relational_between,109617,stress_test,relational_between,vector,47,2018_1909129__event_002,0.7835606336593628,True
tokyo_109617_relational_between,109617,stress_test,relational_between,vector,48,2018_1909214__event_001,0.7820959091186523,True
tokyo_109617_relational_between,109617,stress_test,relational_between,vector,49,2018_1909190__event_002,0.7820028066635132,True
tokyo_109617_relational_between,109617,stress_test,relational_between,vector,50,2018_1909177__event_001,0.781722903251648,True
tokyo_109617_relational_between,109617,stress_test,relational_between,vector,51,2018_1909138__event_002,0.7812339067459106,True
tokyo_109617_relational_between,109617,stress_test,relational_between,vector,52,2018_1909143__event_001,0.7810052037239075,True
tokyo_109617_relational_between,109617,stress_test,relational_between,vector,53,2018_1909187__event_001,0.7806631326675415,True
tokyo_109617_relational_between,109617,stress_test,relational_between,vector,54,2018_1909211__event_001,0.7796987295150757,True
tokyo_109617_relational_between,109617,stress_test,relational_between,vector,55,2018_1909203__event_002,0.7796076536178589,True
tokyo_109617_relational_between,109617,stress_test,relational_between,vector,56,2018_1909203__event_001,0.778739333152771,True
tokyo_109617_relational_between,109617,stress_test,relational_between,vector,57,2018_1909187__event_002,0.777094841003418,True
tokyo_109617_relational_between,109617,stress_test,relational_between,vector,58,2018_1909190__event_001,0.7762486338615417,True
tokyo_109617_relational_between,109617,stress_test,relational_between,vector,59,2018_1909181__event_002,0.7759208679199219,True
tokyo_109617_relational_between,109617,stress_test,relational_between,vector,60,2018_1909143__event_002,0.7751433849334717,True
tokyo_109617_relational_between,109617,stress_test,relational_between,vector,61,2018_1909211__event_002,0.774779200553894,True
tokyo_109617_relational_between,109617,stress_test,relational_between,vector,62,2018_1909175__event_001,0.7733904719352722,True
tokyo_109617_relational_between,109617,stress_test,relational_between,vector,63,2018_1909198__event_001,0.7699975967407227,True
tokyo_109617_relational_between,109617,stress_test,relational_between,vector,64,2018_1909181__event_001,0.7661385536193848,True
tokyo_109617_relational_between,109617,stress_test,relational_between,vector,65,2018_1909213__event_001,0.7658812999725342,True
tokyo_109617_relational_between,109617,stress_test,relational_between,vector,66,2018_1909148__event_001,0.7646530866622925,True
tokyo_109617_relational_between,109617,stress_test,relational_between,vector,67,2018_1909195__event_002,0.7591575384140015,True
tokyo_109617_relational_between,109617,stress_test,relational_between,vector,68,2018_1909195__event_001,0.7586600184440613,True
tokyo_109617_relational_between,109617,stress_test,relational_between,vector,69,2018_1909148__event_002,0.7584714889526367,True
tokyo_109621_relational_between,109621,stress_test,relational_between,vector,1,2018_1909372__event_002,0.8930550813674927,True
tokyo_109621_relational_between,109621,stress_test,relational_between,vector,2,2018_1909372__event_003,0.8840992450714111,True
tokyo_109621_relational_between,109621,stress_test,relational_between,vector,3,2018_1909372__event_001,0.8778910040855408,True
tokyo_109621_relational_between,109621,stress_test,relational_between,vector,4,2018_1909371__event_001,0.8718678951263428,True
tokyo_109621_relational_between,109621,stress_test,relational_between,vector,5,2018_1909372__event_004,0.8524110317230225,True
tokyo_109621_relational_between,109621,stress_test,relational_between,vector,6,2018_1909371__event_002,0.8469604253768921,True
tokyo_109621_relational_between,109621,stress_test,relational_between,vector,7,2018_1909384__event_002,0.8429195880889893,True
tokyo_109621_relational_between,109621,stress_test,relational_between,vector,8,2018_1909390__event_002,0.8411501049995422,True
tokyo_109621_relational_between,109621,stress_test,relational_between,vector,9,2018_1909384__event_001,0.8390759229660034,True
tokyo_109621_relational_between,109621,stress_test,relational_between,vector,10,2018_1909390__event_003,0.8354194164276123,True
tokyo_109621_relational_between,109621,stress_test,relational_between,vector,11,2018_1909374__event_002,0.832307755947113,True
tokyo_109621_relational_between,109621,stress_test,relational_between,vector,12,2018_1909386__event_002,0.8299697637557983,True
tokyo_109621_relational_between,109621,stress_test,relational_between,vector,13,2018_1909366__event_001,0.8291249871253967,True
tokyo_109621_relational_between,109621,stress_test,relational_between,vector,14,2018_1909374__event_005,0.828728199005127,True
tokyo_109621_relational_between,109621,stress_test,relational_between,vector,15,2018_1909365__event_002,0.8279123306274414,True
tokyo_109621_relational_between,109621,stress_test,relational_between,vector,16,2018_1909390__event_004,0.8251843452453613,True
tokyo_109621_relational_between,109621,stress_test,relational_between,vector,17,2018_1909374__event_001,0.8236594796180725,True
tokyo_109621_relational_between,109621,stress_test,relational_between,vector,18,2018_1909365__event_001,0.8234738111495972,True
tokyo_109621_relational_between,109621,stress_test,relational_between,vector,19,2018_1909383__event_003,0.8229794502258301,True
tokyo_109621_relational_between,109621,stress_test,relational_between,vector,20,2018_1909375__event_004,0.8221298456192017,True
tokyo_109621_relational_between,109621,stress_test,relational_between,vector,21,2018_1909386__event_001,0.8220468163490295,True
tokyo_109621_relational_between,109621,stress_test,relational_between,vector,22,2018_1909370__event_003,0.8214603662490845,True
tokyo_109621_relational_between,109621,stress_test,relational_between,vector,23,2018_1909370__event_002,0.8171541690826416,True
tokyo_109621_relational_between,109621,stress_test,relational_between,vector,24,2018_1909383__event_004,0.8169031143188477,True
tokyo_109621_relational_between,109621,stress_test,relational_between,vector,25,2018_1909390__event_001,0.8140653371810913,True
tokyo_109621_relational_between,109621,stress_test,relational_between,vector,26,2018_1909373__event_001,0.8139579892158508,True
tokyo_109621_relational_between,109621,stress_test,relational_between,vector,27,2018_1909370__event_001,0.8137275576591492,True
tokyo_109621_relational_between,109621,stress_test,relational_between,vector,28,2018_1909366__event_002,0.8123776912689209,True
tokyo_109621_relational_between,109621,stress_test,relational_between,vector,29,2018_1909371__event_003,0.8110821843147278,True
tokyo_109621_relational_between,109621,stress_test,relational_between,vector,30,2018_1909389__event_001,0.8082618713378906,True
tokyo_109621_relational_between,109621,stress_test,relational_between,vector,31,2018_1909390__event_005,0.8074444532394409,True
tokyo_109621_relational_between,109621,stress_test,relational_between,vector,32,2018_1909389__event_002,0.8067105412483215,True
tokyo_109621_relational_between,109621,stress_test,relational_between,vector,33,2018_1909369__event_004,0.8061470985412598,True
tokyo_109621_relational_between,109621,stress_test,relational_between,vector,34,2018_1909375__event_003,0.805735170841217,True
tokyo_109621_relational_between,109621,stress_test,relational_between,vector,35,2018_1909371__event_004,0.8048868179321289,True
tokyo_109621_relational_between,109621,stress_test,relational_between,vector,36,2018_1909368__event_001,0.8048136234283447,True
tokyo_109621_relational_between,109621,stress_test,relational_between,vector,37,2018_1909373__event_002,0.8041336536407471,True
tokyo_109621_relational_between,109621,stress_test,relational_between,vector,38,2018_1909369__event_005,0.8035334348678589,True
tokyo_109621_relational_between,109621,stress_test,relational_between,vector,39,2018_1909370__event_004,0.8031499981880188,True
tokyo_109621_relational_between,109621,stress_test,relational_between,vector,40,2018_1909373__event_003,0.8026078939437866,True
tokyo_109621_relational_between,109621,stress_test,relational_between,vector,41,2018_1909383__event_002,0.8021794557571411,True
tokyo_109621_relational_between,109621,stress_test,relational_between,vector,42,2018_1909374__event_004,0.8009430170059204,True
tokyo_109621_relational_between,109621,stress_test,relational_between,vector,43,2018_1909375__event_002,0.7999385595321655,True
tokyo_109621_relational_between,109621,stress_test,relational_between,vector,44,2018_1909376__event_002,0.7949367165565491,True
tokyo_109621_relational_between,109621,stress_test,relational_between,vector,45,2018_1909368__event_002,0.7943172454833984,True
tokyo_109621_relational_between,109621,stress_test,relational_between,vector,46,2018_1909379__event_001,0.794012725353241,True
tokyo_109621_relational_between,109621,stress_test,relational_between,vector,47,2018_1909383__event_001,0.7936798930168152,True
tokyo_109621_relational_between,109621,stress_test,relational_between,vector,48,2018_1909379__event_003,0.7936084270477295,True
tokyo_109621_relational_between,109621,stress_test,relational_between,vector,49,2018_1909379__event_002,0.7928586602210999,True
tokyo_109621_relational_between,109621,stress_test,relational_between,vector,50,2018_1909382__event_001,0.7928142547607422,True
tokyo_109621_relational_between,109621,stress_test,relational_between,vector,51,2018_1909395__event_003,0.7925679683685303,True
tokyo_109621_relational_between,109621,stress_test,relational_between,vector,52,2018_1909382__event_002,0.7911491394042969,True
tokyo_109621_relational_between,109621,stress_test,relational_between,vector,53,2018_1909373__event_005,0.7908945083618164,True
tokyo_109621_relational_between,109621,stress_test,relational_between,vector,54,2018_1909379__event_004,0.7901448011398315,True
tokyo_109621_relational_between,109621,stress_test,relational_between,vector,55,2018_1909374__event_003,0.7879275679588318,True
tokyo_109621_relational_between,109621,stress_test,relational_between,vector,56,2018_1909367__event_002,0.7877386808395386,True
tokyo_109621_relational_between,109621,stress_test,relational_between,vector,57,2018_1909378__event_003,0.7870157361030579,True
tokyo_109621_relational_between,109621,stress_test,relational_between,vector,58,2018_1909378__event_001,0.7867472171783447,True
tokyo_109621_relational_between,109621,stress_test,relational_between,vector,59,2018_1909376__event_001,0.7865400314331055,True
tokyo_109621_relational_between,109621,stress_test,relational_between,vector,60,2018_1909388__event_002,0.7859249114990234,True
tokyo_109621_relational_between,109621,stress_test,relational_between,vector,61,2018_1909375__event_001,0.7857279181480408,True
tokyo_109621_relational_between,109621,stress_test,relational_between,vector,62,2018_1909377__event_002,0.7856442928314209,True
tokyo_109621_relational_between,109621,stress_test,relational_between,vector,63,2018_1909367__event_001,0.7843984961509705,True
tokyo_109621_relational_between,109621,stress_test,relational_between,vector,64,2018_1909373__event_004,0.7841874957084656,True
tokyo_109621_relational_between,109621,stress_test,relational_between,vector,65,2018_1909397__event_002,0.783735990524292,True
tokyo_109621_relational_between,109621,stress_test,relational_between,vector,66,2018_1909376__event_003,0.7829785346984863,True
tokyo_109621_relational_between,109621,stress_test,relational_between,vector,67,2018_1909369__event_002,0.7826231718063354,True
tokyo_109621_relational_between,109621,stress_test,relational_between,vector,68,2018_1909371__event_005,0.7823296785354614,True
tokyo_109621_relational_between,109621,stress_test,relational_between,vector,69,2018_1909371__event_008,0.782292366027832,True
tokyo_109621_relational_between,109621,stress_test,relational_between,vector,70,2018_1909371__event_009,0.7822220325469971,True
tokyo_109621_relational_between,109621,stress_test,relational_between,vector,71,2018_1909396__event_002,0.7815067172050476,True
tokyo_109621_relational_between,109621,stress_test,relational_between,vector,72,2018_1909378__event_002,0.7811727523803711,True
tokyo_109621_relational_between,109621,stress_test,relational_between,vector,73,2018_1909367__event_003,0.7811280488967896,True
tokyo_109621_relational_between,109621,stress_test,relational_between,vector,74,2018_1909394__event_001,0.7809805870056152,True
tokyo_109621_relational_between,109621,stress_test,relational_between,vector,75,2018_1909396__event_001,0.7808156609535217,True
tokyo_109621_relational_between,109621,stress_test,relational_between,vector,76,2018_1909369__event_003,0.780616044998169,True
tokyo_109621_relational_between,109621,stress_test,relational_between,vector,77,2018_1909368__event_003,0.7805354595184326,True
tokyo_109621_relational_between,109621,stress_test,relational_between,vector,78,2018_1909371__event_007,0.7803740501403809,True
tokyo_109621_relational_between,109621,stress_test,relational_between,vector,79,2018_1909371__event_006,0.7803574800491333,True
tokyo_109621_relational_between,109621,stress_test,relational_between,vector,80,2018_1909395__event_002,0.7802441120147705,True
tokyo_109621_relational_between,109621,stress_test,relational_between,vector,81,2018_1909394__event_002,0.7795579433441162,True
tokyo_109621_relational_between,109621,stress_test,relational_between,vector,82,2018_1909373__event_006,0.7793052792549133,True
tokyo_109621_relational_between,109621,stress_test,relational_between,vector,83,2018_1909385__event_002,0.7789532542228699,True
tokyo_109621_relational_between,109621,stress_test,relational_between,vector,84,2018_1909369__event_001,0.778856098651886,True
tokyo_109621_relational_between,109621,stress_test,relational_between,vector,85,2018_1909371__event_010,0.7784090042114258,True
tokyo_109621_relational_between,109621,stress_test,relational_between,vector,86,2018_1909395__event_001,0.7763162851333618,True
tokyo_109621_relational_between,109621,stress_test,relational_between,vector,87,2018_1909377__event_001,0.7759425044059753,True
tokyo_109621_relational_between,109621,stress_test,relational_between,vector,88,2018_1909397__event_001,0.7746058702468872,True
tokyo_109621_relational_between,109621,stress_test,relational_between,vector,89,2018_1909368__event_004,0.7740708589553833,True
tokyo_109621_relational_between,109621,stress_test,relational_between,vector,90,2018_1909368__event_005,0.7740356922149658,True
tokyo_109621_relational_between,109621,stress_test,relational_between,vector,91,2018_1909388__event_001,0.7698450088500977,True
tokyo_109621_relational_between,109621,stress_test,relational_between,vector,92,2018_1909385__event_001,0.7627312541007996,True
tokyo_113499_relational_between,113499,stress_test,relational_between,vector,1,2018_1959249__event_002,0.9158016443252563,False
tokyo_113499_relational_between,113499,stress_test,relational_between,vector,2,2018_1959249__event_001,0.8981626033782959,False
tokyo_113499_relational_between,113499,stress_test,relational_between,vector,3,2018_1959244__event_002,0.8785557746887207,False
tokyo_113499_relational_between,113499,stress_test,relational_between,vector,4,2018_1959257__event_002,0.8749061226844788,False
tokyo_113499_relational_between,113499,stress_test,relational_between,vector,5,2018_1959268__event_002,0.8706542253494263,False
tokyo_113499_relational_between,113499,stress_test,relational_between,vector,6,2018_1959253__event_002,0.8705700635910034,False
tokyo_113499_relational_between,113499,stress_test,relational_between,vector,7,2018_1959236__event_002,0.870322585105896,False
tokyo_113499_relational_between,113499,stress_test,relational_between,vector,8,2018_1959267__event_002,0.8699419498443604,False
tokyo_113499_relational_between,113499,stress_test,relational_between,vector,9,2018_1959243__event_002,0.8679035902023315,False
tokyo_113499_relational_between,113499,stress_test,relational_between,vector,10,2018_1959242__event_002,0.8674898147583008,False
tokyo_113499_relational_between,113499,stress_test,relational_between,vector,11,2018_1959234__event_002,0.8658535480499268,False
tokyo_113499_relational_between,113499,stress_test,relational_between,vector,12,2018_1959265__event_001,0.8651231527328491,False
tokyo_113499_relational_between,113499,stress_test,relational_between,vector,13,2018_1959250__event_002,0.8647089004516602,False
tokyo_113499_relational_between,113499,stress_test,relational_between,vector,14,2018_1959234__event_003,0.8638937473297119,False
tokyo_113499_relational_between,113499,stress_test,relational_between,vector,15,2018_1959258__event_003,0.8624100089073181,False
tokyo_113499_relational_between,113499,stress_test,relational_between,vector,16,2018_1959247__event_002,0.8606955409049988,False
tokyo_113499_relational_between,113499,stress_test,relational_between,vector,17,2018_1959240__event_002,0.8600395917892456,False
tokyo_113499_relational_between,113499,stress_test,relational_between,vector,18,2018_1959251__event_002,0.854742169380188,False
tokyo_113499_relational_between,113499,stress_test,relational_between,vector,19,2018_1959257__event_001,0.8406266570091248,False
tokyo_113499_relational_between,113499,stress_test,relational_between,vector,20,2018_1959244__event_001,0.8390616178512573,False
tokyo_113499_relational_between,113499,stress_test,relational_between,vector,21,2018_1959253__event_001,0.8370801210403442,False
tokyo_113499_relational_between,113499,stress_test,relational_between,vector,22,2018_1959234__event_001,0.8352994918823242,False
tokyo_113499_relational_between,113499,stress_test,relational_between,vector,23,2018_1959258__event_002,0.8351508378982544,False
tokyo_113499_relational_between,113499,stress_test,relational_between,vector,24,2018_1959243__event_001,0.8341453671455383,False
tokyo_113499_relational_between,113499,stress_test,relational_between,vector,25,2018_1959268__event_001,0.8335797786712646,False
tokyo_113499_relational_between,113499,stress_test,relational_between,vector,26,2018_1959242__event_001,0.8328913450241089,False
tokyo_113499_relational_between,113499,stress_test,relational_between,vector,27,2018_1959236__event_001,0.8298799991607666,False
tokyo_113499_relational_between,113499,stress_test,relational_between,vector,28,2018_1959267__event_001,0.8274499177932739,False
tokyo_113499_relational_between,113499,stress_test,relational_between,vector,29,2018_1959258__event_001,0.8274455070495605,False
tokyo_113499_relational_between,113499,stress_test,relational_between,vector,30,2018_1959250__event_001,0.8259441256523132,False
tokyo_113499_relational_between,113499,stress_test,relational_between,vector,31,2018_1959240__event_001,0.8217592239379883,False
tokyo_113499_relational_between,113499,stress_test,relational_between,vector,32,2018_1959247__event_001,0.8192458152770996,False
tokyo_113499_relational_between,113499,stress_test,relational_between,vector,33,2018_1959251__event_001,0.8168620467185974,False
tokyo_113499_relational_between,113499,stress_test,relational_between,vector,34,2018_1959234__event_004,0.813446044921875,False
tokyo_113499_relational_between,113499,stress_test,relational_between,vector,35,2018_1959265__event_002,0.8010860681533813,False
tokyo_113499_relational_between,113499,stress_test,relational_between,vector,36,2018_1959238__event_001,0.7812291383743286,False
tokyo_113499_relational_between,113499,stress_test,relational_between,vector,37,2018_1959238__event_002,0.7750222682952881,False
tokyo_113897_relational_between,113897,stress_test,relational_between,vector,1,2018_1963913__event_002,0.8609423637390137,False
tokyo_113897_relational_between,113897,stress_test,relational_between,vector,2,2018_1963921__event_001,0.8464647531509399,False
tokyo_113897_relational_between,113897,stress_test,relational_between,vector,3,2018_1963911__event_002,0.8450301289558411,False
tokyo_113897_relational_between,113897,stress_test,relational_between,vector,4,2018_1963913__event_001,0.8448824286460876,False
tokyo_113897_relational_between,113897,stress_test,relational_between,vector,5,2018_1963887__event_002,0.8444808125495911,False
tokyo_113897_relational_between,113897,stress_test,relational_between,vector,6,2018_1963925__event_002,0.8435646295547485,False
tokyo_113897_relational_between,113897,stress_test,relational_between,vector,7,2018_1963902__event_001,0.8430995941162109,False
tokyo_113897_relational_between,113897,stress_test,relational_between,vector,8,2018_1963878__event_002,0.8429065942764282,False
tokyo_113897_relational_between,113897,stress_test,relational_between,vector,9,2018_1963883__event_001,0.8425066471099854,False
tokyo_113897_relational_between,113897,stress_test,relational_between,vector,10,2018_1963910__event_001,0.84180748462677,False
tokyo_113897_relational_between,113897,stress_test,relational_between,vector,11,2018_1963913__event_003,0.8400473594665527,False
tokyo_113897_relational_between,113897,stress_test,relational_between,vector,12,2018_1963915__event_001,0.8398381471633911,False
tokyo_113897_relational_between,113897,stress_test,relational_between,vector,13,2018_1963924__event_002,0.8377337455749512,False
tokyo_113897_relational_between,113897,stress_test,relational_between,vector,14,2018_1963895__event_002,0.8376285433769226,False
tokyo_113897_relational_between,113897,stress_test,relational_between,vector,15,2018_1963904__event_001,0.8364260196685791,False
tokyo_113897_relational_between,113897,stress_test,relational_between,vector,16,2018_1963911__event_003,0.8312914371490479,False
tokyo_113897_relational_between,113897,stress_test,relational_between,vector,17,2018_1963921__event_002,0.8300976753234863,False
tokyo_113897_relational_between,113897,stress_test,relational_between,vector,18,2018_1963915__event_002,0.8256140947341919,False
tokyo_113897_relational_between,113897,stress_test,relational_between,vector,19,2018_1963902__event_002,0.8242427110671997,False
tokyo_113897_relational_between,113897,stress_test,relational_between,vector,20,2018_1963925__event_001,0.8230975866317749,False
tokyo_113897_relational_between,113897,stress_test,relational_between,vector,21,2018_1963887__event_001,0.8164228200912476,False
tokyo_113897_relational_between,113897,stress_test,relational_between,vector,22,2018_1963895__event_001,0.8152860403060913,False
tokyo_113897_relational_between,113897,stress_test,relational_between,vector,23,2018_1963878__event_001,0.814087986946106,False
tokyo_113897_relational_between,113897,stress_test,relational_between,vector,24,2018_1963910__event_002,0.8067150115966797,False
tokyo_113897_relational_between,113897,stress_test,relational_between,vector,25,2018_1963911__event_001,0.8051813840866089,False
tokyo_113897_relational_between,113897,stress_test,relational_between,vector,26,2018_1963922__event_002,0.8025662899017334,False
tokyo_113897_relational_between,113897,stress_test,relational_between,vector,27,2018_1963883__event_002,0.801247775554657,False
tokyo_113897_relational_between,113897,stress_test,relational_between,vector,28,2018_1963882__event_002,0.8007556200027466,False
tokyo_113897_relational_between,113897,stress_test,relational_between,vector,29,2018_1963884__event_003,0.7985707521438599,False
tokyo_113897_relational_between,113897,stress_test,relational_between,vector,30,2018_1963904__event_002,0.795976996421814,False
tokyo_113897_relational_between,113897,stress_test,relational_between,vector,31,2018_1963924__event_001,0.7953640222549438,False
tokyo_113897_relational_between,113897,stress_test,relational_between,vector,32,2018_1963884__event_002,0.7798718214035034,False
tokyo_113897_relational_between,113897,stress_test,relational_between,vector,33,2018_1963922__event_001,0.7790948152542114,False
tokyo_113897_relational_between,113897,stress_test,relational_between,vector,34,2018_1963882__event_001,0.7761734127998352,False
tokyo_113897_relational_between,113897,stress_test,relational_between,vector,35,2018_1963899__event_001,0.767556369304657,False
tokyo_113897_relational_between,113897,stress_test,relational_between,vector,36,2018_1963899__event_002,0.7660573720932007,False
tokyo_113897_relational_between,113897,stress_test,relational_between,vector,37,2018_1963884__event_001,0.7637949585914612,False
tokyo_113897_relational_between,113897,stress_test,relational_between,vector,38,2018_1963919__event_001,0.7626859545707703,False
tokyo_113897_relational_between,113897,stress_test,relational_between,vector,39,2018_1963919__event_002,0.7593047618865967,False
tokyo_115855_relational_between,115855,stress_test,relational_between,vector,1,2018_1984790__event_002,0.8850851058959961,False
tokyo_115855_relational_between,115855,stress_test,relational_between,vector,2,2018_1984790__event_003,0.8765236139297485,False
tokyo_115855_relational_between,115855,stress_test,relational_between,vector,3,2018_1984806__event_001,0.8743278980255127,False
tokyo_115855_relational_between,115855,stress_test,relational_between,vector,4,2018_1984790__event_004,0.87400883436203,False
tokyo_115855_relational_between,115855,stress_test,relational_between,vector,5,2018_1984807__event_001,0.8738489747047424,False
tokyo_115855_relational_between,115855,stress_test,relational_between,vector,6,2018_1984791__event_001,0.8720002174377441,False
tokyo_115855_relational_between,115855,stress_test,relational_between,vector,7,2018_1984807__event_002,0.8565778136253357,False
tokyo_115855_relational_between,115855,stress_test,relational_between,vector,8,2018_1984806__event_002,0.8551583290100098,False
tokyo_115855_relational_between,115855,stress_test,relational_between,vector,9,2018_1984791__event_002,0.8528614640235901,False
tokyo_115855_relational_between,115855,stress_test,relational_between,vector,10,2018_1984790__event_001,0.8455667495727539,False
tokyo_115855_relational_between,115855,stress_test,relational_between,vector,11,2018_1984798__event_002,0.8277395963668823,False
tokyo_115855_relational_between,115855,stress_test,relational_between,vector,12,2018_1984785__event_002,0.8267685174942017,False
tokyo_115855_relational_between,115855,stress_test,relational_between,vector,13,2018_1984800__event_002,0.8232772946357727,False
tokyo_115855_relational_between,115855,stress_test,relational_between,vector,14,2018_1984798__event_001,0.8227919340133667,False
tokyo_115855_relational_between,115855,stress_test,relational_between,vector,15,2018_1984792__event_002,0.8127976059913635,False
tokyo_115855_relational_between,115855,stress_test,relational_between,vector,16,2018_1984785__event_001,0.8122720718383789,False
tokyo_115855_relational_between,115855,stress_test,relational_between,vector,17,2018_1984800__event_001,0.8070261478424072,False
tokyo_115855_relational_between,115855,stress_test,relational_between,vector,18,2018_1984781__event_001,0.8054138422012329,False
tokyo_115855_relational_between,115855,stress_test,relational_between,vector,19,2018_1984781__event_002,0.7952843308448792,False
tokyo_115855_relational_between,115855,stress_test,relational_between,vector,20,2018_1984792__event_001,0.7896970510482788,False
tokyo_115855_relational_between,115855,stress_test,relational_between,vector,21,2018_1984793__event_002,0.7891839742660522,False
tokyo_115855_relational_between,115855,stress_test,relational_between,vector,22,2018_1984793__event_001,0.7811064720153809,False
tokyo_1172_relational_between,1172,stress_test,relational_between,vector,1,2018_23932__event_002,0.9040419459342957,True
tokyo_1172_relational_between,1172,stress_test,relational_between,vector,2,2018_23921__event_002,0.8860431909561157,True
tokyo_1172_relational_between,1172,stress_test,relational_between,vector,3,2018_23921__event_001,0.8853380680084229,True
tokyo_1172_relational_between,1172,stress_test,relational_between,vector,4,2018_23945__event_001,0.8848559856414795,True
tokyo_1172_relational_between,1172,stress_test,relational_between,vector,5,2018_23945__event_002,0.8842084407806396,True
tokyo_1172_relational_between,1172,stress_test,relational_between,vector,6,2018_23888__event_002,0.8805906772613525,True
tokyo_1172_relational_between,1172,stress_test,relational_between,vector,7,2018_23932__event_003,0.8804048299789429,True
tokyo_1172_relational_between,1172,stress_test,relational_between,vector,8,2018_23888__event_001,0.87795490026474,True
tokyo_1172_relational_between,1172,stress_test,relational_between,vector,9,2018_23932__event_001,0.8739573955535889,True
tokyo_1172_relational_between,1172,stress_test,relational_between,vector,10,2018_23905__event_002,0.868277907371521,True
tokyo_1172_relational_between,1172,stress_test,relational_between,vector,11,2018_23911__event_002,0.8659573793411255,True
tokyo_1172_relational_between,1172,stress_test,relational_between,vector,12,2018_23876__event_001,0.8658975958824158,True
tokyo_1172_relational_between,1172,stress_test,relational_between,vector,13,2018_23883__event_001,0.8646949529647827,True
tokyo_1172_relational_between,1172,stress_test,relational_between,vector,14,2018_23979__event_003,0.8632045388221741,True
tokyo_1172_relational_between,1172,stress_test,relational_between,vector,15,2018_23979__event_001,0.8630478382110596,True
tokyo_1172_relational_between,1172,stress_test,relational_between,vector,16,2018_23885__event_003,0.8621777296066284,True
tokyo_1172_relational_between,1172,stress_test,relational_between,vector,17,2018_23885__event_001,0.8603179454803467,True
tokyo_1172_relational_between,1172,stress_test,relational_between,vector,18,2018_23837__event_001,0.8567898869514465,True
tokyo_1172_relational_between,1172,stress_test,relational_between,vector,19,2018_23860__event_001,0.853198766708374,True
tokyo_1172_relational_between,1172,stress_test,relational_between,vector,20,2018_23884__event_001,0.8515841960906982,True
tokyo_1172_relational_between,1172,stress_test,relational_between,vector,21,2018_23868__event_001,0.8480084538459778,True
tokyo_1172_relational_between,1172,stress_test,relational_between,vector,22,2018_23876__event_004,0.8468419313430786,True
tokyo_1172_relational_between,1172,stress_test,relational_between,vector,23,2018_23968__event_001,0.8444878458976746,True
tokyo_1172_relational_between,1172,stress_test,relational_between,vector,24,2018_23884__event_002,0.8427413702011108,True
tokyo_1172_relational_between,1172,stress_test,relational_between,vector,25,2018_23885__event_002,0.8411977887153625,True
tokyo_1172_relational_between,1172,stress_test,relational_between,vector,26,2018_23965__event_001,0.8395874500274658,True
tokyo_1172_relational_between,1172,stress_test,relational_between,vector,27,2018_23947__event_002,0.8353559970855713,True
tokyo_1172_relational_between,1172,stress_test,relational_between,vector,28,2018_23979__event_002,0.8318949341773987,True
tokyo_1172_relational_between,1172,stress_test,relational_between,vector,29,2018_23868__event_002,0.8309208154678345,True
tokyo_1172_relational_between,1172,stress_test,relational_between,vector,30,2018_23888__event_003,0.8299320340156555,True
tokyo_1172_relational_between,1172,stress_test,relational_between,vector,31,2018_23911__event_001,0.8290292024612427,True
tokyo_1172_relational_between,1172,stress_test,relational_between,vector,32,2018_23947__event_001,0.8255879878997803,True
tokyo_1172_relational_between,1172,stress_test,relational_between,vector,33,2018_23876__event_002,0.8248555064201355,True
tokyo_1172_relational_between,1172,stress_test,relational_between,vector,34,2018_23905__event_001,0.8245077133178711,True
tokyo_1172_relational_between,1172,stress_test,relational_between,vector,35,2018_23883__event_002,0.8221290111541748,True
tokyo_1172_relational_between,1172,stress_test,relational_between,vector,36,2018_23860__event_002,0.8178925514221191,True
tokyo_1172_relational_between,1172,stress_test,relational_between,vector,37,2018_23876__event_003,0.8170357942581177,True
tokyo_1172_relational_between,1172,stress_test,relational_between,vector,38,2018_23837__event_002,0.8163641095161438,True
tokyo_1172_relational_between,1172,stress_test,relational_between,vector,39,2018_23965__event_002,0.8118222951889038,True
tokyo_1172_relational_between,1172,stress_test,relational_between,vector,40,2018_23968__event_002,0.8077085018157959,True
tokyo_1172_relational_between,1172,stress_test,relational_between,vector,41,2018_23868__event_003,0.798640787601471,True
tokyo_1172_relational_between,1172,stress_test,relational_between,vector,42,2018_23870__event_001,0.7982848882675171,True
tokyo_1172_relational_between,1172,stress_test,relational_between,vector,43,2018_23870__event_002,0.7935357093811035,True
tokyo_1172_relational_between,1172,stress_test,relational_between,vector,44,2018_23929__event_003,0.7903985977172852,True
tokyo_1172_relational_between,1172,stress_test,relational_between,vector,45,2018_23894__event_001,0.7899719476699829,True
tokyo_1172_relational_between,1172,stress_test,relational_between,vector,46,2018_23879__event_001,0.7886905074119568,True
tokyo_1172_relational_between,1172,stress_test,relational_between,vector,47,2018_23917__event_001,0.7864943742752075,True
tokyo_1172_relational_between,1172,stress_test,relational_between,vector,48,2018_23942__event_002,0.7856538891792297,True
tokyo_1172_relational_between,1172,stress_test,relational_between,vector,49,2018_23863__event_001,0.7853335738182068,True
tokyo_1172_relational_between,1172,stress_test,relational_between,vector,50,2018_23942__event_001,0.7850005626678467,True
tokyo_1172_relational_between,1172,stress_test,relational_between,vector,51,2018_23832__event_001,0.7842217683792114,True
tokyo_1172_relational_between,1172,stress_test,relational_between,vector,52,2018_23935__event_002,0.7835975885391235,True
tokyo_1172_relational_between,1172,stress_test,relational_between,vector,53,2018_23917__event_002,0.7822550535202026,True
tokyo_1172_relational_between,1172,stress_test,relational_between,vector,54,2018_23923__event_002,0.782122015953064,True
tokyo_1172_relational_between,1172,stress_test,relational_between,vector,55,2018_23894__event_002,0.7817713618278503,True
tokyo_1172_relational_between,1172,stress_test,relational_between,vector,56,2018_23928__event_002,0.7817673683166504,True
tokyo_1172_relational_between,1172,stress_test,relational_between,vector,57,2018_23879__event_002,0.7817002534866333,True
tokyo_1172_relational_between,1172,stress_test,relational_between,vector,58,2018_23935__event_003,0.7816624641418457,True
tokyo_1172_relational_between,1172,stress_test,relational_between,vector,59,2018_23915__event_001,0.7788591384887695,True
tokyo_1172_relational_between,1172,stress_test,relational_between,vector,60,2018_23883__event_003,0.77879399061203,True
tokyo_1172_relational_between,1172,stress_test,relational_between,vector,61,2018_23942__event_003,0.7781596779823303,True
tokyo_1172_relational_between,1172,stress_test,relational_between,vector,62,2018_23923__event_001,0.7771580219268799,True
tokyo_1172_relational_between,1172,stress_test,relational_between,vector,63,2018_23928__event_001,0.77641761302948,True
tokyo_1172_relational_between,1172,stress_test,relational_between,vector,64,2018_23929__event_004,0.7755157947540283,True
tokyo_1172_relational_between,1172,stress_test,relational_between,vector,65,2018_23929__event_002,0.7748236656188965,True
tokyo_1172_relational_between,1172,stress_test,relational_between,vector,66,2018_23879__event_003,0.7745262980461121,True
tokyo_1172_relational_between,1172,stress_test,relational_between,vector,67,2018_23929__event_001,0.7737763524055481,True
tokyo_1172_relational_between,1172,stress_test,relational_between,vector,68,2018_23935__event_001,0.7692514657974243,True
tokyo_1172_relational_between,1172,stress_test,relational_between,vector,69,2018_23931__event_001,0.7681452035903931,True
tokyo_1172_relational_between,1172,stress_test,relational_between,vector,70,2018_23915__event_002,0.767101526260376,True
tokyo_1172_relational_between,1172,stress_test,relational_between,vector,71,2018_23832__event_002,0.7606043219566345,True
tokyo_1172_relational_between,1172,stress_test,relational_between,vector,72,2018_23863__event_002,0.7561543583869934,True
tokyo_1172_relational_between,1172,stress_test,relational_between,vector,73,2018_23931__event_002,0.7532123327255249,True
tokyo_119597_relational_between,119597,stress_test,relational_between,vector,1,2018_2023481__event_003,0.9084526896476746,False
tokyo_119597_relational_between,119597,stress_test,relational_between,vector,2,2018_2023481__event_004,0.8865484595298767,False
tokyo_119597_relational_between,119597,stress_test,relational_between,vector,3,2018_2023466__event_003,0.871609628200531,False
tokyo_119597_relational_between,119597,stress_test,relational_between,vector,4,2018_2023469__event_002,0.8616805076599121,False
tokyo_119597_relational_between,119597,stress_test,relational_between,vector,5,2018_2023500__event_002,0.8614851236343384,False
tokyo_119597_relational_between,119597,stress_test,relational_between,vector,6,2018_2023481__event_002,0.857272207736969,False
tokyo_119597_relational_between,119597,stress_test,relational_between,vector,7,2018_2023500__event_001,0.8550376296043396,False
tokyo_119597_relational_between,119597,stress_test,relational_between,vector,8,2018_2023469__event_001,0.8548336029052734,False
tokyo_119597_relational_between,119597,stress_test,relational_between,vector,9,2018_2023466__event_001,0.8547983169555664,False
tokyo_119597_relational_between,119597,stress_test,relational_between,vector,10,2018_2023481__event_001,0.854689359664917,False
tokyo_119597_relational_between,119597,stress_test,relational_between,vector,11,2018_2023484__event_003,0.8529348373413086,False
tokyo_119597_relational_between,119597,stress_test,relational_between,vector,12,2018_2023503__event_001,0.8499114513397217,False
tokyo_119597_relational_between,119597,stress_test,relational_between,vector,13,2018_2023466__event_002,0.8498563170433044,False
tokyo_119597_relational_between,119597,stress_test,relational_between,vector,14,2018_2023472__event_002,0.8487166166305542,False
tokyo_119597_relational_between,119597,stress_test,relational_between,vector,15,2018_2023487__event_002,0.8472235798835754,False
tokyo_119597_relational_between,119597,stress_test,relational_between,vector,16,2018_2023487__event_001,0.8458220958709717,False
tokyo_119597_relational_between,119597,stress_test,relational_between,vector,17,2018_2023474__event_001,0.8447753190994263,False
tokyo_119597_relational_between,119597,stress_test,relational_between,vector,18,2018_2023460__event_002,0.844147264957428,False
tokyo_119597_relational_between,119597,stress_test,relational_between,vector,19,2018_2023457__event_001,0.8407056331634521,False
tokyo_119597_relational_between,119597,stress_test,relational_between,vector,20,2018_2023479__event_002,0.8401626348495483,False
tokyo_119597_relational_between,119597,stress_test,relational_between,vector,21,2018_2023495__event_002,0.8396427631378174,False
tokyo_119597_relational_between,119597,stress_test,relational_between,vector,22,2018_2023479__event_001,0.8372321128845215,False
tokyo_119597_relational_between,119597,stress_test,relational_between,vector,23,2018_2023460__event_001,0.8366999626159668,False
tokyo_119597_relational_between,119597,stress_test,relational_between,vector,24,2018_2023495__event_001,0.8302452564239502,False
tokyo_119597_relational_between,119597,stress_test,relational_between,vector,25,2018_2023484__event_002,0.8271888494491577,False
tokyo_119597_relational_between,119597,stress_test,relational_between,vector,26,2018_2023457__event_002,0.8246911764144897,False
tokyo_119597_relational_between,119597,stress_test,relational_between,vector,27,2018_2023472__event_001,0.8217162489891052,False
tokyo_119597_relational_between,119597,stress_test,relational_between,vector,28,2018_2023503__event_002,0.8131574392318726,False
tokyo_119597_relational_between,119597,stress_test,relational_between,vector,29,2018_2023491__event_001,0.8127476572990417,False
tokyo_119597_relational_between,119597,stress_test,relational_between,vector,30,2018_2023484__event_005,0.8124234676361084,False
tokyo_119597_relational_between,119597,stress_test,relational_between,vector,31,2018_2023484__event_004,0.809973955154419,False
tokyo_119597_relational_between,119597,stress_test,relational_between,vector,32,2018_2023474__event_002,0.7981860041618347,False
tokyo_119597_relational_between,119597,stress_test,relational_between,vector,33,2018_2023484__event_001,0.7925778031349182,False
tokyo_119597_relational_between,119597,stress_test,relational_between,vector,34,2018_2023460__event_003,0.7887406349182129,False
tokyo_119597_relational_between,119597,stress_test,relational_between,vector,35,2018_2023491__event_002,0.7868231534957886,False
tokyo_119597_relational_between,119597,stress_test,relational_between,vector,36,2018_2023473__event_001,0.763299822807312,False
tokyo_119597_relational_between,119597,stress_test,relational_between,vector,37,2018_2023473__event_002,0.7527523636817932,False
tokyo_121554_relational_between,121554,stress_test,relational_between,vector,1,2018_2047606__event_003,0.8977223038673401,False
tokyo_121554_relational_between,121554,stress_test,relational_between,vector,2,2018_2047606__event_002,0.8928238153457642,False
tokyo_121554_relational_between,121554,stress_test,relational_between,vector,3,2018_2047606__event_004,0.8814213275909424,False
tokyo_121554_relational_between,121554,stress_test,relational_between,vector,4,2018_2047626__event_001,0.87844318151474,False
tokyo_121554_relational_between,121554,stress_test,relational_between,vector,5,2018_2047619__event_001,0.8737607002258301,False
tokyo_121554_relational_between,121554,stress_test,relational_between,vector,6,2018_2047600__event_001,0.8720439672470093,False
tokyo_121554_relational_between,121554,stress_test,relational_between,vector,7,2018_2047612__event_001,0.8715310096740723,False
tokyo_121554_relational_between,121554,stress_test,relational_between,vector,8,2018_2047604__event_001,0.8680154085159302,False
tokyo_121554_relational_between,121554,stress_test,relational_between,vector,9,2018_2047606__event_005,0.8673226237297058,False
tokyo_121554_relational_between,121554,stress_test,relational_between,vector,10,2018_2047607__event_001,0.8669540286064148,False
tokyo_121554_relational_between,121554,stress_test,relational_between,vector,11,2018_2047610__event_002,0.8665465116500854,False
tokyo_121554_relational_between,121554,stress_test,relational_between,vector,12,2018_2047609__event_003,0.8655799627304077,False
tokyo_121554_relational_between,121554,stress_test,relational_between,vector,13,2018_2047609__event_001,0.8645622730255127,False
tokyo_121554_relational_between,121554,stress_test,relational_between,vector,14,2018_2047626__event_002,0.8616992235183716,False
tokyo_121554_relational_between,121554,stress_test,relational_between,vector,15,2018_2047600__event_002,0.8572426438331604,False
tokyo_121554_relational_between,121554,stress_test,relational_between,vector,16,2018_2047612__event_002,0.8559611439704895,False
tokyo_121554_relational_between,121554,stress_test,relational_between,vector,17,2018_2047604__event_002,0.8520869016647339,False
tokyo_121554_relational_between,121554,stress_test,relational_between,vector,18,2018_2047607__event_002,0.8518308401107788,False
tokyo_121554_relational_between,121554,stress_test,relational_between,vector,19,2018_2047609__event_002,0.849441647529602,False
tokyo_121554_relational_between,121554,stress_test,relational_between,vector,20,2018_2047619__event_002,0.847195565700531,False
tokyo_121554_relational_between,121554,stress_test,relational_between,vector,21,2018_2047606__event_001,0.8439447283744812,False
tokyo_121554_relational_between,121554,stress_test,relational_between,vector,22,2018_2047610__event_001,0.8406901359558105,False
tokyo_121554_relational_between,121554,stress_test,relational_between,vector,23,2018_2047613__event_002,0.8143924474716187,False
tokyo_121554_relational_between,121554,stress_test,relational_between,vector,24,2018_2047618__event_002,0.8098034858703613,False
tokyo_121554_relational_between,121554,stress_test,relational_between,vector,25,2018_2047595__event_002,0.7998018264770508,False
tokyo_121554_relational_between,121554,stress_test,relational_between,vector,26,2018_2047618__event_001,0.7993906736373901,False
tokyo_121554_relational_between,121554,stress_test,relational_between,vector,27,2018_2047617__event_001,0.7878139019012451,False
tokyo_121554_relational_between,121554,stress_test,relational_between,vector,28,2018_2047595__event_001,0.7877062559127808,False
tokyo_121554_relational_between,121554,stress_test,relational_between,vector,29,2018_2047617__event_002,0.7835454940795898,False
tokyo_121554_relational_between,121554,stress_test,relational_between,vector,30,2018_2047613__event_003,0.7785084843635559,False
tokyo_121554_relational_between,121554,stress_test,relational_between,vector,31,2018_2047613__event_001,0.7672489881515503,False
tokyo_126183_relational_between,126183,stress_test,relational_between,vector,1,2018_2118381__event_002,0.9254009127616882,True
tokyo_126183_relational_between,126183,stress_test,relational_between,vector,2,2018_2118353__event_002,0.9251677989959717,True
tokyo_126183_relational_between,126183,stress_test,relational_between,vector,3,2018_2118378__event_003,0.9245201349258423,True
tokyo_126183_relational_between,126183,stress_test,relational_between,vector,4,2018_2118404__event_002,0.9234504699707031,True
tokyo_126183_relational_between,126183,stress_test,relational_between,vector,5,2018_2118354__event_002,0.9214458465576172,True
tokyo_126183_relational_between,126183,stress_test,relational_between,vector,6,2018_2118353__event_001,0.9106470346450806,True
tokyo_126183_relational_between,126183,stress_test,relational_between,vector,7,2018_2118381__event_001,0.9093793630599976,True
tokyo_126183_relational_between,126183,stress_test,relational_between,vector,8,2018_2118404__event_001,0.9086754322052002,True
tokyo_126183_relational_between,126183,stress_test,relational_between,vector,9,2018_2118387__event_003,0.8990248441696167,True
tokyo_126183_relational_between,126183,stress_test,relational_between,vector,10,2018_2118405__event_002,0.8985171914100647,True
tokyo_126183_relational_between,126183,stress_test,relational_between,vector,11,2018_2118354__event_001,0.8965187072753906,True
tokyo_126183_relational_between,126183,stress_test,relational_between,vector,12,2018_2118385__event_004,0.8954096436500549,True
tokyo_126183_relational_between,126183,stress_test,relational_between,vector,13,2018_2118378__event_002,0.8952999711036682,True
tokyo_126183_relational_between,126183,stress_test,relational_between,vector,14,2018_2118390__event_003,0.8951553702354431,True
tokyo_126183_relational_between,126183,stress_test,relational_between,vector,15,2018_2118390__event_002,0.8893560171127319,True
tokyo_126183_relational_between,126183,stress_test,relational_between,vector,16,2018_2118384__event_003,0.8888956308364868,True
tokyo_126183_relational_between,126183,stress_test,relational_between,vector,17,2018_2118387__event_002,0.8778551816940308,True
tokyo_126183_relational_between,126183,stress_test,relational_between,vector,18,2018_2118384__event_002,0.8726409673690796,True
tokyo_126183_relational_between,126183,stress_test,relational_between,vector,19,2018_2118405__event_001,0.8712438941001892,True
tokyo_126183_relational_between,126183,stress_test,relational_between,vector,20,2018_2118357__event_002,0.8532280921936035,True
tokyo_126183_relational_between,126183,stress_test,relational_between,vector,21,2018_2118347__event_002,0.8521473407745361,True
tokyo_126183_relational_between,126183,stress_test,relational_between,vector,22,2018_2118385__event_003,0.8484337329864502,True
tokyo_126183_relational_between,126183,stress_test,relational_between,vector,23,2018_2118376__event_003,0.8437727093696594,True
tokyo_126183_relational_between,126183,stress_test,relational_between,vector,24,2018_2118350__event_001,0.8375186920166016,True
tokyo_126183_relational_between,126183,stress_test,relational_between,vector,25,2018_2118387__event_001,0.8344748616218567,True
tokyo_126183_relational_between,126183,stress_test,relational_between,vector,26,2018_2118350__event_002,0.8332593441009521,True
tokyo_126183_relational_between,126183,stress_test,relational_between,vector,27,2018_2118347__event_001,0.8297338485717773,True
tokyo_126183_relational_between,126183,stress_test,relational_between,vector,28,2018_2118392__event_003,0.8269994854927063,True
tokyo_126183_relational_between,126183,stress_test,relational_between,vector,29,2018_2118390__event_001,0.826884925365448,True
tokyo_126183_relational_between,126183,stress_test,relational_between,vector,30,2018_2118375__event_001,0.8265915513038635,True
tokyo_126183_relational_between,126183,stress_test,relational_between,vector,31,2018_2118375__event_002,0.8247690200805664,True
tokyo_126183_relational_between,126183,stress_test,relational_between,vector,32,2018_2118392__event_002,0.824567437171936,True
tokyo_126183_relational_between,126183,stress_test,relational_between,vector,33,2018_2118382__event_001,0.8218406438827515,True
tokyo_126183_relational_between,126183,stress_test,relational_between,vector,34,2018_2118389__event_001,0.8180090188980103,True
tokyo_126183_relational_between,126183,stress_test,relational_between,vector,35,2018_2118364__event_001,0.8176684975624084,True
tokyo_126183_relational_between,126183,stress_test,relational_between,vector,36,2018_2118384__event_001,0.817503809928894,True
tokyo_126183_relational_between,126183,stress_test,relational_between,vector,37,2018_2118364__event_002,0.8172588348388672,True
tokyo_126183_relational_between,126183,stress_test,relational_between,vector,38,2018_2118374__event_002,0.8172363042831421,True
tokyo_126183_relational_between,126183,stress_test,relational_between,vector,39,2018_2118382__event_002,0.8172031044960022,True
tokyo_126183_relational_between,126183,stress_test,relational_between,vector,40,2018_2118392__event_001,0.8169177770614624,True
tokyo_126183_relational_between,126183,stress_test,relational_between,vector,41,2018_2118376__event_001,0.8162776827812195,True
tokyo_126183_relational_between,126183,stress_test,relational_between,vector,42,2018_2118389__event_003,0.815967857837677,True
tokyo_126183_relational_between,126183,stress_test,relational_between,vector,43,2018_2118370__event_001,0.815606951713562,True
tokyo_126183_relational_between,126183,stress_test,relational_between,vector,44,2018_2118352__event_001,0.8145468235015869,True
tokyo_126183_relational_between,126183,stress_test,relational_between,vector,45,2018_2118357__event_001,0.8143014907836914,True
tokyo_126183_relational_between,126183,stress_test,relational_between,vector,46,2018_2118377__event_002,0.8135668039321899,True
tokyo_126183_relational_between,126183,stress_test,relational_between,vector,47,2018_2118376__event_004,0.8132945895195007,True
tokyo_126183_relational_between,126183,stress_test,relational_between,vector,48,2018_2118370__event_002,0.8127322793006897,True
tokyo_126183_relational_between,126183,stress_test,relational_between,vector,49,2018_2118377__event_003,0.8126448392868042,True
tokyo_126183_relational_between,126183,stress_test,relational_between,vector,50,2018_2118382__event_003,0.8122421503067017,True
tokyo_126183_relational_between,126183,stress_test,relational_between,vector,51,2018_2118389__event_002,0.8115788698196411,True
tokyo_126183_relational_between,126183,stress_test,relational_between,vector,52,2018_2118377__event_001,0.8112950325012207,True
tokyo_126183_relational_between,126183,stress_test,relational_between,vector,53,2018_2118378__event_001,0.8111997246742249,True
tokyo_126183_relational_between,126183,stress_test,relational_between,vector,54,2018_2118349__event_001,0.8103497624397278,True
tokyo_126183_relational_between,126183,stress_test,relational_between,vector,55,2018_2118393__event_001,0.8092756271362305,True
tokyo_126183_relational_between,126183,stress_test,relational_between,vector,56,2018_2118350__event_003,0.8080623745918274,True
tokyo_126183_relational_between,126183,stress_test,relational_between,vector,57,2018_2118385__event_002,0.8071004152297974,True
tokyo_126183_relational_between,126183,stress_test,relational_between,vector,58,2018_2118376__event_002,0.8062207102775574,True
tokyo_126183_relational_between,126183,stress_test,relational_between,vector,59,2018_2118352__event_002,0.8058017492294312,True
tokyo_126183_relational_between,126183,stress_test,relational_between,vector,60,2018_2118370__event_003,0.8055425882339478,True
tokyo_126183_relational_between,126183,stress_test,relational_between,vector,61,2018_2118349__event_002,0.8047702312469482,True
tokyo_126183_relational_between,126183,stress_test,relational_between,vector,62,2018_2118407__event_002,0.801539421081543,True
tokyo_126183_relational_between,126183,stress_test,relational_between,vector,63,2018_2118393__event_002,0.7993673086166382,True
tokyo_126183_relational_between,126183,stress_test,relational_between,vector,64,2018_2118423__event_001,0.796157717704773,True
tokyo_126183_relational_between,126183,stress_test,relational_between,vector,65,2018_2118411__event_001,0.7921668291091919,True
tokyo_126183_relational_between,126183,stress_test,relational_between,vector,66,2018_2118423__event_002,0.7918341755867004,True
tokyo_126183_relational_between,126183,stress_test,relational_between,vector,67,2018_2118407__event_001,0.7878893613815308,True
tokyo_126183_relational_between,126183,stress_test,relational_between,vector,68,2018_2118374__event_001,0.7877632975578308,True
tokyo_126183_relational_between,126183,stress_test,relational_between,vector,69,2018_2118385__event_001,0.7859970927238464,True
tokyo_126183_relational_between,126183,stress_test,relational_between,vector,70,2018_2118411__event_002,0.7854198217391968,True
tokyo_126183_relational_between,126183,stress_test,relational_between,vector,71,2018_2118407__event_003,0.7799949645996094,True
tokyo_127201_relational_between,127201,stress_test,relational_between,vector,1,2018_2134912__event_002,0.8900026679039001,False
tokyo_127201_relational_between,127201,stress_test,relational_between,vector,2,2018_2134912__event_003,0.8896470665931702,False
tokyo_127201_relational_between,127201,stress_test,relational_between,vector,3,2018_2134912__event_001,0.8401276469230652,False
tokyo_127201_relational_between,127201,stress_test,relational_between,vector,4,2018_2134938__event_005,0.8339519500732422,False
tokyo_127201_relational_between,127201,stress_test,relational_between,vector,5,2018_2134938__event_004,0.83314049243927,False
tokyo_127201_relational_between,127201,stress_test,relational_between,vector,6,2018_2134919__event_001,0.8126844167709351,False
tokyo_127201_relational_between,127201,stress_test,relational_between,vector,7,2018_2134938__event_003,0.7978826761245728,False
tokyo_127201_relational_between,127201,stress_test,relational_between,vector,8,2018_2134922__event_001,0.7895783185958862,False
tokyo_127201_relational_between,127201,stress_test,relational_between,vector,9,2018_2134938__event_002,0.7887141108512878,False
tokyo_127201_relational_between,127201,stress_test,relational_between,vector,10,2018_2134922__event_002,0.7884403467178345,False
tokyo_127201_relational_between,127201,stress_test,relational_between,vector,11,2018_2134938__event_006,0.7872676253318787,False
tokyo_127201_relational_between,127201,stress_test,relational_between,vector,12,2018_2134921__event_002,0.7860219478607178,False
tokyo_127201_relational_between,127201,stress_test,relational_between,vector,13,2018_2134919__event_002,0.7841822504997253,False
tokyo_127201_relational_between,127201,stress_test,relational_between,vector,14,2018_2134939__event_003,0.7831177711486816,False
tokyo_127201_relational_between,127201,stress_test,relational_between,vector,15,2018_2134921__event_001,0.7826926708221436,False
tokyo_127201_relational_between,127201,stress_test,relational_between,vector,16,2018_2134927__event_001,0.780106782913208,False
tokyo_127201_relational_between,127201,stress_test,relational_between,vector,17,2018_2134923__event_001,0.7793859243392944,False
tokyo_127201_relational_between,127201,stress_test,relational_between,vector,18,2018_2134926__event_001,0.7792533040046692,False
tokyo_127201_relational_between,127201,stress_test,relational_between,vector,19,2018_2134917__event_002,0.7792388200759888,False
tokyo_127201_relational_between,127201,stress_test,relational_between,vector,20,2018_2134931__event_001,0.7791266441345215,False
tokyo_127201_relational_between,127201,stress_test,relational_between,vector,21,2018_2134939__event_001,0.779019296169281,False
tokyo_127201_relational_between,127201,stress_test,relational_between,vector,22,2018_2134916__event_002,0.7789071202278137,False
tokyo_127201_relational_between,127201,stress_test,relational_between,vector,23,2018_2134931__event_002,0.7787304520606995,False
tokyo_127201_relational_between,127201,stress_test,relational_between,vector,24,2018_2134916__event_001,0.7784988880157471,False
tokyo_127201_relational_between,127201,stress_test,relational_between,vector,25,2018_2134933__event_001,0.7774766683578491,False
tokyo_127201_relational_between,127201,stress_test,relational_between,vector,26,2018_2134914__event_002,0.7771289348602295,False
tokyo_127201_relational_between,127201,stress_test,relational_between,vector,27,2018_2134914__event_001,0.7771174311637878,False
tokyo_127201_relational_between,127201,stress_test,relational_between,vector,28,2018_2134939__event_002,0.7768516540527344,False
tokyo_127201_relational_between,127201,stress_test,relational_between,vector,29,2018_2134926__event_002,0.7758564352989197,False
tokyo_127201_relational_between,127201,stress_test,relational_between,vector,30,2018_2134924__event_001,0.7753602266311646,False
tokyo_127201_relational_between,127201,stress_test,relational_between,vector,31,2018_2134933__event_002,0.7723851799964905,False
tokyo_127201_relational_between,127201,stress_test,relational_between,vector,32,2018_2134924__event_002,0.7719742059707642,False
tokyo_127201_relational_between,127201,stress_test,relational_between,vector,33,2018_2134934__event_002,0.771312952041626,False
tokyo_127201_relational_between,127201,stress_test,relational_between,vector,34,2018_2134923__event_002,0.7709640264511108,False
tokyo_127201_relational_between,127201,stress_test,relational_between,vector,35,2018_2134927__event_002,0.768204927444458,False
tokyo_127201_relational_between,127201,stress_test,relational_between,vector,36,2018_2134938__event_001,0.7659364342689514,False
tokyo_127201_relational_between,127201,stress_test,relational_between,vector,37,2018_2134934__event_001,0.7649745941162109,False
tokyo_127201_relational_between,127201,stress_test,relational_between,vector,38,2018_2134917__event_001,0.7553669214248657,False
tokyo_130084_relational_between,130084,stress_test,relational_between,vector,1,2018_2179325__event_003,0.9251419305801392,True
tokyo_130084_relational_between,130084,stress_test,relational_between,vector,2,2018_2179311__event_002,0.9247310161590576,True
tokyo_130084_relational_between,130084,stress_test,relational_between,vector,3,2018_2179303__event_002,0.9245917201042175,True
tokyo_130084_relational_between,130084,stress_test,relational_between,vector,4,2018_2179321__event_002,0.9244797825813293,True
tokyo_130084_relational_between,130084,stress_test,relational_between,vector,5,2018_2179334__event_002,0.9233822822570801,True
tokyo_130084_relational_between,130084,stress_test,relational_between,vector,6,2018_2179341__event_003,0.9230976700782776,True
tokyo_130084_relational_between,130084,stress_test,relational_between,vector,7,2018_2179306__event_002,0.9227919578552246,True
tokyo_130084_relational_between,130084,stress_test,relational_between,vector,8,2018_2179321__event_001,0.9030725955963135,True
tokyo_130084_relational_between,130084,stress_test,relational_between,vector,9,2018_2179303__event_001,0.9030288457870483,True
tokyo_130084_relational_between,130084,stress_test,relational_between,vector,10,2018_2179311__event_001,0.902759313583374,True
tokyo_130084_relational_between,130084,stress_test,relational_between,vector,11,2018_2179334__event_001,0.9018029570579529,True
tokyo_130084_relational_between,130084,stress_test,relational_between,vector,12,2018_2179306__event_001,0.9016474485397339,True
tokyo_130084_relational_between,130084,stress_test,relational_between,vector,13,2018_2179314__event_002,0.9000161290168762,True
tokyo_130084_relational_between,130084,stress_test,relational_between,vector,14,2018_2179338__event_003,0.8998385667800903,True
tokyo_130084_relational_between,130084,stress_test,relational_between,vector,15,2018_2179306__event_004,0.8965426087379456,True
tokyo_130084_relational_between,130084,stress_test,relational_between,vector,16,2018_2179293__event_002,0.895831823348999,True
tokyo_130084_relational_between,130084,stress_test,relational_between,vector,17,2018_2179304__event_003,0.8956300616264343,True
tokyo_130084_relational_between,130084,stress_test,relational_between,vector,18,2018_2179338__event_002,0.8949575424194336,True
tokyo_130084_relational_between,130084,stress_test,relational_between,vector,19,2018_2179312__event_002,0.8949481248855591,True
tokyo_130084_relational_between,130084,stress_test,relational_between,vector,20,2018_2179305__event_002,0.8948783278465271,True
tokyo_130084_relational_between,130084,stress_test,relational_between,vector,21,2018_2179299__event_002,0.8947762846946716,True
tokyo_130084_relational_between,130084,stress_test,relational_between,vector,22,2018_2179309__event_002,0.8946803212165833,True
tokyo_130084_relational_between,130084,stress_test,relational_between,vector,23,2018_2179324__event_002,0.8934019804000854,True
tokyo_130084_relational_between,130084,stress_test,relational_between,vector,24,2018_2179342__event_002,0.8909375071525574,True
tokyo_130084_relational_between,130084,stress_test,relational_between,vector,25,2018_2179315__event_002,0.8904785513877869,True
tokyo_130084_relational_between,130084,stress_test,relational_between,vector,26,2018_2179320__event_002,0.889539897441864,True
tokyo_130084_relational_between,130084,stress_test,relational_between,vector,27,2018_2179313__event_002,0.8893270492553711,True
tokyo_130084_relational_between,130084,stress_test,relational_between,vector,28,2018_2179316__event_002,0.889176070690155,True
tokyo_130084_relational_between,130084,stress_test,relational_between,vector,29,2018_2179300__event_002,0.888690173625946,True
tokyo_130084_relational_between,130084,stress_test,relational_between,vector,30,2018_2179318__event_002,0.8886034488677979,True
tokyo_130084_relational_between,130084,stress_test,relational_between,vector,31,2018_2179333__event_003,0.887913703918457,True
tokyo_130084_relational_between,130084,stress_test,relational_between,vector,32,2018_2179335__event_002,0.8876132965087891,True
tokyo_130084_relational_between,130084,stress_test,relational_between,vector,33,2018_2179308__event_004,0.8876056671142578,True
tokyo_130084_relational_between,130084,stress_test,relational_between,vector,34,2018_2179339__event_002,0.8869896531105042,True
tokyo_130084_relational_between,130084,stress_test,relational_between,vector,35,2018_2179292__event_001,0.8864690065383911,True
tokyo_130084_relational_between,130084,stress_test,relational_between,vector,36,2018_2179302__event_001,0.8862460255622864,True
tokyo_130084_relational_between,130084,stress_test,relational_between,vector,37,2018_2179314__event_001,0.8837317228317261,True
tokyo_130084_relational_between,130084,stress_test,relational_between,vector,38,2018_2179341__event_002,0.8818602561950684,True
tokyo_130084_relational_between,130084,stress_test,relational_between,vector,39,2018_2179325__event_002,0.878820538520813,True
tokyo_130084_relational_between,130084,stress_test,relational_between,vector,40,2018_2179308__event_003,0.8704071640968323,True
tokyo_130084_relational_between,130084,stress_test,relational_between,vector,41,2018_2179305__event_001,0.8695404529571533,True
tokyo_130084_relational_between,130084,stress_test,relational_between,vector,42,2018_2179304__event_002,0.8650082349777222,True
tokyo_130084_relational_between,130084,stress_test,relational_between,vector,43,2018_2179339__event_001,0.8593783378601074,True
tokyo_130084_relational_between,130084,stress_test,relational_between,vector,44,2018_2179293__event_001,0.8568205833435059,True
tokyo_130084_relational_between,130084,stress_test,relational_between,vector,45,2018_2179313__event_001,0.8562127351760864,True
tokyo_130084_relational_between,130084,stress_test,relational_between,vector,46,2018_2179309__event_001,0.8556450009346008,True
tokyo_130084_relational_between,130084,stress_test,relational_between,vector,47,2018_2179324__event_001,0.8547015190124512,True
tokyo_130084_relational_between,130084,stress_test,relational_between,vector,48,2018_2179299__event_001,0.8535293340682983,True
tokyo_130084_relational_between,130084,stress_test,relational_between,vector,49,2018_2179316__event_001,0.8534338474273682,True
tokyo_130084_relational_between,130084,stress_test,relational_between,vector,50,2018_2179320__event_001,0.8533010482788086,True
tokyo_130084_relational_between,130084,stress_test,relational_between,vector,51,2018_2179318__event_001,0.8532838821411133,True
tokyo_130084_relational_between,130084,stress_test,relational_between,vector,52,2018_2179335__event_001,0.852967381477356,True
tokyo_130084_relational_between,130084,stress_test,relational_between,vector,53,2018_2179342__event_001,0.8526766300201416,True
tokyo_130084_relational_between,130084,stress_test,relational_between,vector,54,2018_2179306__event_003,0.8524097204208374,True
tokyo_130084_relational_between,130084,stress_test,relational_between,vector,55,2018_2179312__event_001,0.8514257669448853,True
tokyo_130084_relational_between,130084,stress_test,relational_between,vector,56,2018_2179315__event_001,0.8505586981773376,True
tokyo_130084_relational_between,130084,stress_test,relational_between,vector,57,2018_2179300__event_001,0.8472822904586792,True
tokyo_130084_relational_between,130084,stress_test,relational_between,vector,58,2018_2179333__event_002,0.8411092758178711,True
tokyo_130084_relational_between,130084,stress_test,relational_between,vector,59,2018_2179308__event_005,0.836780309677124,True
tokyo_130084_relational_between,130084,stress_test,relational_between,vector,60,2018_2179292__event_002,0.8358175754547119,True
tokyo_130084_relational_between,130084,stress_test,relational_between,vector,61,2018_2179304__event_001,0.8333109617233276,True
tokyo_130084_relational_between,130084,stress_test,relational_between,vector,62,2018_2179302__event_002,0.8327305316925049,True
tokyo_130084_relational_between,130084,stress_test,relational_between,vector,63,2018_2179308__event_002,0.8304097652435303,True
tokyo_130084_relational_between,130084,stress_test,relational_between,vector,64,2018_2179331__event_001,0.8287084698677063,True
tokyo_130084_relational_between,130084,stress_test,relational_between,vector,65,2018_2179338__event_001,0.8253818154335022,True
tokyo_130084_relational_between,130084,stress_test,relational_between,vector,66,2018_2179308__event_001,0.8192931413650513,True
tokyo_130084_relational_between,130084,stress_test,relational_between,vector,67,2018_2179341__event_001,0.8039687871932983,True
tokyo_130084_relational_between,130084,stress_test,relational_between,vector,68,2018_2179331__event_002,0.8020374178886414,True
tokyo_130084_relational_between,130084,stress_test,relational_between,vector,69,2018_2179325__event_001,0.797593355178833,True
tokyo_130084_relational_between,130084,stress_test,relational_between,vector,70,2018_2179326__event_001,0.7890744209289551,True
tokyo_130084_relational_between,130084,stress_test,relational_between,vector,71,2018_2179326__event_002,0.78484046459198,True
tokyo_130084_relational_between,130084,stress_test,relational_between,vector,72,2018_2179310__event_001,0.7845016121864319,True
tokyo_130084_relational_between,130084,stress_test,relational_between,vector,73,2018_2179329__event_003,0.7828426361083984,True
tokyo_130084_relational_between,130084,stress_test,relational_between,vector,74,2018_2179323__event_002,0.7784784436225891,True
tokyo_130084_relational_between,130084,stress_test,relational_between,vector,75,2018_2179310__event_002,0.7768113613128662,True
tokyo_130084_relational_between,130084,stress_test,relational_between,vector,76,2018_2179329__event_002,0.7687696218490601,True
tokyo_130084_relational_between,130084,stress_test,relational_between,vector,77,2018_2179333__event_001,0.7637761235237122,True
tokyo_130084_relational_between,130084,stress_test,relational_between,vector,78,2018_2179323__event_001,0.7590823173522949,True
tokyo_130084_relational_between,130084,stress_test,relational_between,vector,79,2018_2179329__event_001,0.7535547018051147,True
tokyo_130568_relational_between,130568,stress_test,relational_between,vector,1,2018_2187165__event_004,0.8931719064712524,False
tokyo_130568_relational_between,130568,stress_test,relational_between,vector,2,2018_2187165__event_005,0.8891908526420593,False
tokyo_130568_relational_between,130568,stress_test,relational_between,vector,3,2018_2187165__event_003,0.8740918636322021,False
tokyo_130568_relational_between,130568,stress_test,relational_between,vector,4,2018_2187170__event_001,0.8577683568000793,False
tokyo_130568_relational_between,130568,stress_test,relational_between,vector,5,2018_2187165__event_006,0.8367342948913574,False
tokyo_130568_relational_between,130568,stress_test,relational_between,vector,6,2018_2187171__event_002,0.8347820043563843,False
tokyo_130568_relational_between,130568,stress_test,relational_between,vector,7,2018_2187171__event_001,0.8309047222137451,False
tokyo_130568_relational_between,130568,stress_test,relational_between,vector,8,2018_2187162__event_002,0.8246283531188965,False
tokyo_130568_relational_between,130568,stress_test,relational_between,vector,9,2018_2187162__event_003,0.8216869831085205,False
tokyo_130568_relational_between,130568,stress_test,relational_between,vector,10,2018_2187162__event_001,0.8214428424835205,False
tokyo_130568_relational_between,130568,stress_test,relational_between,vector,11,2018_2187170__event_002,0.818399965763092,False
tokyo_130568_relational_between,130568,stress_test,relational_between,vector,12,2018_2187168__event_002,0.8128986954689026,False
tokyo_130568_relational_between,130568,stress_test,relational_between,vector,13,2018_2187165__event_002,0.8113646507263184,False
tokyo_130568_relational_between,130568,stress_test,relational_between,vector,14,2018_2187166__event_001,0.8035857677459717,False
tokyo_130568_relational_between,130568,stress_test,relational_between,vector,15,2018_2187164__event_002,0.8032882809638977,False
tokyo_130568_relational_between,130568,stress_test,relational_between,vector,16,2018_2187164__event_001,0.7996004819869995,False
tokyo_130568_relational_between,130568,stress_test,relational_between,vector,17,2018_2187168__event_001,0.799443244934082,False
tokyo_130568_relational_between,130568,stress_test,relational_between,vector,18,2018_2187164__event_003,0.7932083010673523,False
tokyo_130568_relational_between,130568,stress_test,relational_between,vector,19,2018_2187166__event_002,0.7929827570915222,False
tokyo_130568_relational_between,130568,stress_test,relational_between,vector,20,2018_2187173__event_005,0.7929508686065674,False
tokyo_130568_relational_between,130568,stress_test,relational_between,vector,21,2018_2187171__event_003,0.7928202748298645,False
tokyo_130568_relational_between,130568,stress_test,relational_between,vector,22,2018_2187170__event_003,0.7922917008399963,False
tokyo_130568_relational_between,130568,stress_test,relational_between,vector,23,2018_2187173__event_006,0.7897220253944397,False
tokyo_130568_relational_between,130568,stress_test,relational_between,vector,24,2018_2187173__event_001,0.7889786958694458,False
tokyo_130568_relational_between,130568,stress_test,relational_between,vector,25,2018_2187163__event_002,0.7864004373550415,False
tokyo_130568_relational_between,130568,stress_test,relational_between,vector,26,2018_2187165__event_001,0.7847684025764465,False
tokyo_130568_relational_between,130568,stress_test,relational_between,vector,27,2018_2187169__event_001,0.7822228670120239,False
tokyo_130568_relational_between,130568,stress_test,relational_between,vector,28,2018_2187173__event_002,0.7784366607666016,False
tokyo_130568_relational_between,130568,stress_test,relational_between,vector,29,2018_2187163__event_001,0.7783704996109009,False
tokyo_130568_relational_between,130568,stress_test,relational_between,vector,30,2018_2187169__event_002,0.7751955986022949,False
tokyo_130568_relational_between,130568,stress_test,relational_between,vector,31,2018_2187173__event_003,0.7742570638656616,False
tokyo_130568_relational_between,130568,stress_test,relational_between,vector,32,2018_2187173__event_007,0.7712411880493164,False
tokyo_130568_relational_between,130568,stress_test,relational_between,vector,33,2018_2187173__event_004,0.7685127258300781,False
tokyo_130568_relational_between,130568,stress_test,relational_between,vector,34,2018_2187165__event_007,0.7588554620742798,False
tokyo_130777_relational_between,130777,stress_test,relational_between,vector,1,2018_2190768__event_004,0.918124794960022,False
tokyo_130777_relational_between,130777,stress_test,relational_between,vector,2,2018_2190768__event_003,0.8959240913391113,False
tokyo_130777_relational_between,130777,stress_test,relational_between,vector,3,2018_2190768__event_005,0.8751779794692993,False
tokyo_130777_relational_between,130777,stress_test,relational_between,vector,4,2018_2190688__event_003,0.8268147706985474,False
tokyo_130777_relational_between,130777,stress_test,relational_between,vector,5,2018_2190688__event_002,0.8259771466255188,False
tokyo_130777_relational_between,130777,stress_test,relational_between,vector,6,2018_2190768__event_002,0.8143860101699829,False
tokyo_130777_relational_between,130777,stress_test,relational_between,vector,7,2018_2190702__event_001,0.8058890104293823,False
tokyo_130777_relational_between,130777,stress_test,relational_between,vector,8,2018_2190688__event_001,0.8038995862007141,False
tokyo_130777_relational_between,130777,stress_test,relational_between,vector,9,2018_2190702__event_002,0.7932467460632324,False
tokyo_130777_relational_between,130777,stress_test,relational_between,vector,10,2018_2190753__event_001,0.7846778035163879,False
tokyo_130777_relational_between,130777,stress_test,relational_between,vector,11,2018_2190728__event_001,0.7846378087997437,False
tokyo_130777_relational_between,130777,stress_test,relational_between,vector,12,2018_2190696__event_003,0.7815341949462891,False
tokyo_130777_relational_between,130777,stress_test,relational_between,vector,13,2018_2190727__event_001,0.7795412540435791,False
tokyo_130777_relational_between,130777,stress_test,relational_between,vector,14,2018_2190703__event_003,0.7792514562606812,False
tokyo_130777_relational_between,130777,stress_test,relational_between,vector,15,2018_2190753__event_002,0.7781070470809937,False
tokyo_130777_relational_between,130777,stress_test,relational_between,vector,16,2018_2190763__event_001,0.7756154537200928,False
tokyo_130777_relational_between,130777,stress_test,relational_between,vector,17,2018_2190696__event_002,0.7727041840553284,False
tokyo_130777_relational_between,130777,stress_test,relational_between,vector,18,2018_2190713__event_001,0.7721357345581055,False
tokyo_130777_relational_between,130777,stress_test,relational_between,vector,19,2018_2190703__event_001,0.7718505859375,False
tokyo_130777_relational_between,130777,stress_test,relational_between,vector,20,2018_2190696__event_001,0.771807074546814,False
tokyo_130777_relational_between,130777,stress_test,relational_between,vector,21,2018_2190727__event_002,0.7717180252075195,False
tokyo_130777_relational_between,130777,stress_test,relational_between,vector,22,2018_2190718__event_002,0.7716664671897888,False
tokyo_130777_relational_between,130777,stress_test,relational_between,vector,23,2018_2190728__event_002,0.7713701725006104,False
tokyo_130777_relational_between,130777,stress_test,relational_between,vector,24,2018_2190768__event_001,0.7705148458480835,False
tokyo_130777_relational_between,130777,stress_test,relational_between,vector,25,2018_2190703__event_002,0.768904447555542,False
tokyo_130777_relational_between,130777,stress_test,relational_between,vector,26,2018_2190763__event_002,0.7678908109664917,False
tokyo_130777_relational_between,130777,stress_test,relational_between,vector,27,2018_2190713__event_002,0.7665776014328003,False
tokyo_130777_relational_between,130777,stress_test,relational_between,vector,28,2018_2190742__event_002,0.7652557492256165,False
tokyo_130777_relational_between,130777,stress_test,relational_between,vector,29,2018_2190757__event_002,0.7652207612991333,False
tokyo_130777_relational_between,130777,stress_test,relational_between,vector,30,2018_2190750__event_002,0.7646121978759766,False
tokyo_130777_relational_between,130777,stress_test,relational_between,vector,31,2018_2190757__event_001,0.7638434171676636,False
tokyo_130777_relational_between,130777,stress_test,relational_between,vector,32,2018_2190742__event_001,0.75987309217453,False
tokyo_130777_relational_between,130777,stress_test,relational_between,vector,33,2018_2190750__event_001,0.7593568563461304,False
tokyo_130777_relational_between,130777,stress_test,relational_between,vector,34,2018_2190718__event_001,0.7551673650741577,False
tokyo_130872_relational_between,130872,stress_test,relational_between,vector,1,2018_2192442__event_002,0.898076057434082,False
tokyo_130872_relational_between,130872,stress_test,relational_between,vector,2,2018_2192442__event_003,0.894612193107605,False
tokyo_130872_relational_between,130872,stress_test,relational_between,vector,3,2018_2192451__event_002,0.8448763489723206,False
tokyo_130872_relational_between,130872,stress_test,relational_between,vector,4,2018_2192461__event_002,0.8389397859573364,False
tokyo_130872_relational_between,130872,stress_test,relational_between,vector,5,2018_2192468__event_002,0.8384774923324585,False
tokyo_130872_relational_between,130872,stress_test,relational_between,vector,6,2018_2192464__event_003,0.8370500206947327,False
tokyo_130872_relational_between,130872,stress_test,relational_between,vector,7,2018_2192448__event_002,0.8369603157043457,False
tokyo_130872_relational_between,130872,stress_test,relational_between,vector,8,2018_2192457__event_002,0.8354377150535583,False
tokyo_130872_relational_between,130872,stress_test,relational_between,vector,9,2018_2192442__event_001,0.8350428342819214,False
tokyo_130872_relational_between,130872,stress_test,relational_between,vector,10,2018_2192445__event_001,0.8338637948036194,False
tokyo_130872_relational_between,130872,stress_test,relational_between,vector,11,2018_2192477__event_002,0.8331550359725952,False
tokyo_130872_relational_between,130872,stress_test,relational_between,vector,12,2018_2192462__event_002,0.8322840929031372,False
tokyo_130872_relational_between,130872,stress_test,relational_between,vector,13,2018_2192471__event_002,0.8305914402008057,False
tokyo_130872_relational_between,130872,stress_test,relational_between,vector,14,2018_2192458__event_002,0.8272204399108887,False
tokyo_130872_relational_between,130872,stress_test,relational_between,vector,15,2018_2192476__event_002,0.8255308866500854,False
tokyo_130872_relational_between,130872,stress_test,relational_between,vector,16,2018_2192469__event_003,0.8244997262954712,False
tokyo_130872_relational_between,130872,stress_test,relational_between,vector,17,2018_2192457__event_003,0.8071573972702026,False
tokyo_130872_relational_between,130872,stress_test,relational_between,vector,18,2018_2192464__event_001,0.8069968223571777,False
tokyo_130872_relational_between,130872,stress_test,relational_between,vector,19,2018_2192451__event_003,0.8045552968978882,False
tokyo_130872_relational_between,130872,stress_test,relational_between,vector,20,2018_2192477__event_001,0.8037976622581482,False
tokyo_130872_relational_between,130872,stress_test,relational_between,vector,21,2018_2192468__event_001,0.8008676171302795,False
tokyo_130872_relational_between,130872,stress_test,relational_between,vector,22,2018_2192448__event_001,0.8002368807792664,False
tokyo_130872_relational_between,130872,stress_test,relational_between,vector,23,2018_2192464__event_002,0.7994534969329834,False
tokyo_130872_relational_between,130872,stress_test,relational_between,vector,24,2018_2192471__event_001,0.799426794052124,False
tokyo_130872_relational_between,130872,stress_test,relational_between,vector,25,2018_2192461__event_001,0.7991507053375244,False
tokyo_130872_relational_between,130872,stress_test,relational_between,vector,26,2018_2192462__event_001,0.7979399561882019,False
tokyo_130872_relational_between,130872,stress_test,relational_between,vector,27,2018_2192464__event_004,0.7972066402435303,False
tokyo_130872_relational_between,130872,stress_test,relational_between,vector,28,2018_2192469__event_002,0.7876049876213074,False
tokyo_130872_relational_between,130872,stress_test,relational_between,vector,29,2018_2192458__event_001,0.7860310673713684,False
tokyo_130872_relational_between,130872,stress_test,relational_between,vector,30,2018_2192451__event_001,0.7846896648406982,False
tokyo_130872_relational_between,130872,stress_test,relational_between,vector,31,2018_2192445__event_002,0.7840540409088135,False
tokyo_130872_relational_between,130872,stress_test,relational_between,vector,32,2018_2192469__event_001,0.7831600308418274,False
tokyo_130872_relational_between,130872,stress_test,relational_between,vector,33,2018_2192457__event_001,0.7824270725250244,False
tokyo_130872_relational_between,130872,stress_test,relational_between,vector,34,2018_2192476__event_001,0.7746152281761169,False
tokyo_131525_relational_between,131525,stress_test,relational_between,vector,1,2018_2202064__event_002,0.9051753878593445,False
tokyo_131525_relational_between,131525,stress_test,relational_between,vector,2,2018_2202064__event_003,0.8938125371932983,False
tokyo_131525_relational_between,131525,stress_test,relational_between,vector,3,2018_2202061__event_002,0.8684346675872803,False
tokyo_131525_relational_between,131525,stress_test,relational_between,vector,4,2018_2202054__event_002,0.8672341108322144,False
tokyo_131525_relational_between,131525,stress_test,relational_between,vector,5,2018_2202055__event_002,0.8669994473457336,False
tokyo_131525_relational_between,131525,stress_test,relational_between,vector,6,2018_2202084__event_002,0.8648512959480286,False
tokyo_131525_relational_between,131525,stress_test,relational_between,vector,7,2018_2202086__event_002,0.8638893365859985,False
tokyo_131525_relational_between,131525,stress_test,relational_between,vector,8,2018_2202065__event_003,0.8623853325843811,False
tokyo_131525_relational_between,131525,stress_test,relational_between,vector,9,2018_2202078__event_001,0.8565465211868286,False
tokyo_131525_relational_between,131525,stress_test,relational_between,vector,10,2018_2202064__event_001,0.8541716933250427,False
tokyo_131525_relational_between,131525,stress_test,relational_between,vector,11,2018_2202086__event_001,0.849834144115448,False
tokyo_131525_relational_between,131525,stress_test,relational_between,vector,12,2018_2202084__event_001,0.8494212627410889,False
tokyo_131525_relational_between,131525,stress_test,relational_between,vector,13,2018_2202061__event_001,0.8406839966773987,False
tokyo_131525_relational_between,131525,stress_test,relational_between,vector,14,2018_2202065__event_002,0.837136447429657,False
tokyo_131525_relational_between,131525,stress_test,relational_between,vector,15,2018_2202054__event_001,0.8349578380584717,False
tokyo_131525_relational_between,131525,stress_test,relational_between,vector,16,2018_2202055__event_001,0.8341920375823975,False
tokyo_131525_relational_between,131525,stress_test,relational_between,vector,17,2018_2202053__event_001,0.8030266761779785,False
tokyo_131525_relational_between,131525,stress_test,relational_between,vector,18,2018_2202067__event_001,0.7991823554039001,False
tokyo_131525_relational_between,131525,stress_test,relational_between,vector,19,2018_2202078__event_002,0.7953872680664062,False
tokyo_131525_relational_between,131525,stress_test,relational_between,vector,20,2018_2202056__event_001,0.7903382778167725,False
tokyo_131525_relational_between,131525,stress_test,relational_between,vector,21,2018_2202067__event_002,0.7857117056846619,False
tokyo_131525_relational_between,131525,stress_test,relational_between,vector,22,2018_2202071__event_002,0.7853444814682007,False
tokyo_131525_relational_between,131525,stress_test,relational_between,vector,23,2018_2202076__event_001,0.7851588726043701,False
tokyo_131525_relational_between,131525,stress_test,relational_between,vector,24,2018_2202056__event_002,0.7813090085983276,False
tokyo_131525_relational_between,131525,stress_test,relational_between,vector,25,2018_2202065__event_001,0.7812828421592712,False
tokyo_131525_relational_between,131525,stress_test,relational_between,vector,26,2018_2202071__event_001,0.7810065746307373,False
tokyo_131525_relational_between,131525,stress_test,relational_between,vector,27,2018_2202062__event_001,0.7800396084785461,False
tokyo_131525_relational_between,131525,stress_test,relational_between,vector,28,2018_2202076__event_002,0.778861403465271,False
tokyo_131525_relational_between,131525,stress_test,relational_between,vector,29,2018_2202056__event_003,0.7740486860275269,False
tokyo_131525_relational_between,131525,stress_test,relational_between,vector,30,2018_2202053__event_002,0.772345244884491,False
tokyo_131525_relational_between,131525,stress_test,relational_between,vector,31,2018_2202062__event_002,0.7691290378570557,False
tokyo_131525_relational_between,131525,stress_test,relational_between,vector,32,2018_2202058__event_002,0.7686403393745422,False
tokyo_131525_relational_between,131525,stress_test,relational_between,vector,33,2018_2202058__event_001,0.7680414915084839,False
tokyo_131525_relational_between,131525,stress_test,relational_between,vector,34,2018_2202071__event_003,0.7637332081794739,False
tokyo_131525_relational_between,131525,stress_test,relational_between,vector,35,2018_2202069__event_001,0.7505158185958862,False
tokyo_131525_relational_between,131525,stress_test,relational_between,vector,36,2018_2202069__event_002,0.7449034452438354,False
tokyo_132723_relational_between,132723,stress_test,relational_between,vector,1,2018_2219917__event_003,0.8937073349952698,True
tokyo_132723_relational_between,132723,stress_test,relational_between,vector,2,2018_2219917__event_002,0.8825656771659851,True
tokyo_132723_relational_between,132723,stress_test,relational_between,vector,3,2018_2219917__event_001,0.8306046724319458,True
tokyo_132723_relational_between,132723,stress_test,relational_between,vector,4,2018_2219866__event_001,0.829045832157135,True
tokyo_132723_relational_between,132723,stress_test,relational_between,vector,5,2018_2219871__event_001,0.8283959031105042,True
tokyo_132723_relational_between,132723,stress_test,relational_between,vector,6,2018_2219923__event_002,0.8237415552139282,True
tokyo_132723_relational_between,132723,stress_test,relational_between,vector,7,2018_2219894__event_002,0.8216599822044373,True
tokyo_132723_relational_between,132723,stress_test,relational_between,vector,8,2018_2219866__event_002,0.8090009689331055,True
tokyo_132723_relational_between,132723,stress_test,relational_between,vector,9,2018_2219923__event_001,0.8074888586997986,True
tokyo_132723_relational_between,132723,stress_test,relational_between,vector,10,2018_2219886__event_001,0.8039422035217285,True
tokyo_132723_relational_between,132723,stress_test,relational_between,vector,11,2018_2219876__event_002,0.8033060431480408,True
tokyo_132723_relational_between,132723,stress_test,relational_between,vector,12,2018_2219915__event_002,0.7994780540466309,True
tokyo_132723_relational_between,132723,stress_test,relational_between,vector,13,2018_2219895__event_001,0.7992684841156006,True
tokyo_132723_relational_between,132723,stress_test,relational_between,vector,14,2018_2219871__event_002,0.7983500957489014,True
tokyo_132723_relational_between,132723,stress_test,relational_between,vector,15,2018_2219867__event_002,0.7961448431015015,True
tokyo_132723_relational_between,132723,stress_test,relational_between,vector,16,2018_2219886__event_002,0.7951064109802246,True
tokyo_132723_relational_between,132723,stress_test,relational_between,vector,17,2018_2219888__event_002,0.7950804233551025,True
tokyo_132723_relational_between,132723,stress_test,relational_between,vector,18,2018_2219904__event_001,0.7942140102386475,True
tokyo_132723_relational_between,132723,stress_test,relational_between,vector,19,2018_2219906__event_002,0.7938815355300903,True
tokyo_132723_relational_between,132723,stress_test,relational_between,vector,20,2018_2219894__event_001,0.7933286428451538,True
tokyo_132723_relational_between,132723,stress_test,relational_between,vector,21,2018_2219919__event_002,0.791305661201477,True
tokyo_132723_relational_between,132723,stress_test,relational_between,vector,22,2018_2219880__event_002,0.7911317348480225,True
tokyo_132723_relational_between,132723,stress_test,relational_between,vector,23,2018_2219903__event_001,0.7895210981369019,True
tokyo_132723_relational_between,132723,stress_test,relational_between,vector,24,2018_2219878__event_002,0.7890373468399048,True
tokyo_132723_relational_between,132723,stress_test,relational_between,vector,25,2018_2219876__event_001,0.7871187925338745,True
tokyo_132723_relational_between,132723,stress_test,relational_between,vector,26,2018_2219895__event_002,0.7851138114929199,True
tokyo_132723_relational_between,132723,stress_test,relational_between,vector,27,2018_2219904__event_002,0.7839447259902954,True
tokyo_132723_relational_between,132723,stress_test,relational_between,vector,28,2018_2219878__event_001,0.7835100293159485,True
tokyo_132723_relational_between,132723,stress_test,relational_between,vector,29,2018_2219888__event_001,0.7830641865730286,True
tokyo_132723_relational_between,132723,stress_test,relational_between,vector,30,2018_2219867__event_001,0.7818413376808167,True
tokyo_132723_relational_between,132723,stress_test,relational_between,vector,31,2018_2219897__event_003,0.7812989950180054,True
tokyo_132723_relational_between,132723,stress_test,relational_between,vector,32,2018_2219918__event_001,0.780297577381134,True
tokyo_132723_relational_between,132723,stress_test,relational_between,vector,33,2018_2219903__event_002,0.7800642251968384,True
tokyo_132723_relational_between,132723,stress_test,relational_between,vector,34,2018_2219915__event_001,0.7792704701423645,True
tokyo_132723_relational_between,132723,stress_test,relational_between,vector,35,2018_2219920__event_002,0.7786737680435181,True
tokyo_132723_relational_between,132723,stress_test,relational_between,vector,36,2018_2219880__event_001,0.7719963788986206,True
tokyo_132723_relational_between,132723,stress_test,relational_between,vector,37,2018_2219920__event_001,0.7711589336395264,True
tokyo_132723_relational_between,132723,stress_test,relational_between,vector,38,2018_2219919__event_001,0.7697795629501343,True
tokyo_132723_relational_between,132723,stress_test,relational_between,vector,39,2018_2219891__event_001,0.765070915222168,True
tokyo_132723_relational_between,132723,stress_test,relational_between,vector,40,2018_2219906__event_001,0.7648204565048218,True
tokyo_132723_relational_between,132723,stress_test,relational_between,vector,41,2018_2219897__event_001,0.7618317604064941,True
tokyo_132723_relational_between,132723,stress_test,relational_between,vector,42,2018_2219891__event_002,0.7608611583709717,True
tokyo_132723_relational_between,132723,stress_test,relational_between,vector,43,2018_2219918__event_002,0.7607985734939575,True
tokyo_132723_relational_between,132723,stress_test,relational_between,vector,44,2018_2219895__event_003,0.7604306936264038,True
tokyo_132723_relational_between,132723,stress_test,relational_between,vector,45,2018_2219879__event_001,0.7597214579582214,True
tokyo_132723_relational_between,132723,stress_test,relational_between,vector,46,2018_2219879__event_002,0.7577313184738159,True
tokyo_132723_relational_between,132723,stress_test,relational_between,vector,47,2018_2219897__event_002,0.7563848495483398,True
tokyo_132723_relational_between,132723,stress_test,relational_between,vector,48,2018_2219891__event_003,0.7518433928489685,True
tokyo_134307_relational_between,134307,stress_test,relational_between,vector,1,2018_2242051__event_002,0.8656008243560791,False
tokyo_134307_relational_between,134307,stress_test,relational_between,vector,2,2018_2242051__event_003,0.8604395389556885,False
tokyo_134307_relational_between,134307,stress_test,relational_between,vector,3,2018_2242051__event_001,0.8413964509963989,False
tokyo_134307_relational_between,134307,stress_test,relational_between,vector,4,2018_2242029__event_001,0.780575156211853,False
tokyo_134307_relational_between,134307,stress_test,relational_between,vector,5,2018_2242026__event_001,0.775274932384491,False
tokyo_134307_relational_between,134307,stress_test,relational_between,vector,6,2018_2242009__event_001,0.7752699851989746,False
tokyo_134307_relational_between,134307,stress_test,relational_between,vector,7,2018_2242058__event_002,0.7751502990722656,False
tokyo_134307_relational_between,134307,stress_test,relational_between,vector,8,2018_2242034__event_001,0.7742993235588074,False
tokyo_134307_relational_between,134307,stress_test,relational_between,vector,9,2018_2242029__event_002,0.7740068435668945,False
tokyo_134307_relational_between,134307,stress_test,relational_between,vector,10,2018_2242058__event_001,0.7704830169677734,False
tokyo_134307_relational_between,134307,stress_test,relational_between,vector,11,2018_2242049__event_001,0.769079864025116,False
tokyo_134307_relational_between,134307,stress_test,relational_between,vector,12,2018_2242009__event_002,0.7656615972518921,False
tokyo_134307_relational_between,134307,stress_test,relational_between,vector,13,2018_2242035__event_001,0.7648956179618835,False
tokyo_134307_relational_between,134307,stress_test,relational_between,vector,14,2018_2242043__event_002,0.7612622976303101,False
tokyo_134307_relational_between,134307,stress_test,relational_between,vector,15,2018_2242026__event_002,0.7582424879074097,False
tokyo_134307_relational_between,134307,stress_test,relational_between,vector,16,2018_2242038__event_002,0.7563189268112183,False
tokyo_134307_relational_between,134307,stress_test,relational_between,vector,17,2018_2242049__event_002,0.7548577189445496,False
tokyo_134307_relational_between,134307,stress_test,relational_between,vector,18,2018_2242035__event_002,0.7540744543075562,False
tokyo_134307_relational_between,134307,stress_test,relational_between,vector,19,2018_2242033__event_001,0.7521085143089294,False
tokyo_134307_relational_between,134307,stress_test,relational_between,vector,20,2018_2242033__event_002,0.7503923773765564,False
tokyo_134307_relational_between,134307,stress_test,relational_between,vector,21,2018_2242038__event_001,0.7503558397293091,False
tokyo_134307_relational_between,134307,stress_test,relational_between,vector,22,2018_2242034__event_002,0.7490905523300171,False
tokyo_134307_relational_between,134307,stress_test,relational_between,vector,23,2018_2242043__event_001,0.7479085326194763,False
tokyo_134307_relational_between,134307,stress_test,relational_between,vector,24,2018_2242042__event_001,0.7458254098892212,False
tokyo_134307_relational_between,134307,stress_test,relational_between,vector,25,2018_2242042__event_002,0.7413100004196167,False
tokyo_134307_relational_between,134307,stress_test,relational_between,vector,26,2018_2242033__event_003,0.7411019802093506,False
tokyo_134307_relational_between,134307,stress_test,relational_between,vector,27,2018_2242027__event_002,0.7396321892738342,False
tokyo_134307_relational_between,134307,stress_test,relational_between,vector,28,2018_2242027__event_001,0.7389576435089111,False
tokyo_135393_relational_between,135393,stress_test,relational_between,vector,1,2018_2257318__event_003,0.8854458928108215,False
tokyo_135393_relational_between,135393,stress_test,relational_between,vector,2,2018_2257318__event_002,0.8656022548675537,False
tokyo_135393_relational_between,135393,stress_test,relational_between,vector,3,2018_2257318__event_004,0.8532059192657471,False
tokyo_135393_relational_between,135393,stress_test,relational_between,vector,4,2018_2257318__event_001,0.8498672246932983,False
tokyo_135393_relational_between,135393,stress_test,relational_between,vector,5,2018_2257267__event_001,0.8165500164031982,False
tokyo_135393_relational_between,135393,stress_test,relational_between,vector,6,2018_2257283__event_004,0.8127546906471252,False
tokyo_135393_relational_between,135393,stress_test,relational_between,vector,7,2018_2257269__event_002,0.8105002045631409,False
tokyo_135393_relational_between,135393,stress_test,relational_between,vector,8,2018_2257269__event_001,0.8049962520599365,False
tokyo_135393_relational_between,135393,stress_test,relational_between,vector,9,2018_2257268__event_002,0.8040635585784912,False
tokyo_135393_relational_between,135393,stress_test,relational_between,vector,10,2018_2257266__event_002,0.8014707565307617,False
tokyo_135393_relational_between,135393,stress_test,relational_between,vector,11,2018_2257283__event_002,0.8002567887306213,False
tokyo_135393_relational_between,135393,stress_test,relational_between,vector,12,2018_2257260__event_002,0.7990968227386475,False
tokyo_135393_relational_between,135393,stress_test,relational_between,vector,13,2018_2257273__event_001,0.7979727983474731,False
tokyo_135393_relational_between,135393,stress_test,relational_between,vector,14,2018_2257293__event_002,0.7976306080818176,False
tokyo_135393_relational_between,135393,stress_test,relational_between,vector,15,2018_2257283__event_003,0.7976248860359192,False
tokyo_135393_relational_between,135393,stress_test,relational_between,vector,16,2018_2257299__event_001,0.7975400686264038,False
tokyo_135393_relational_between,135393,stress_test,relational_between,vector,17,2018_2257283__event_001,0.7952088117599487,False
tokyo_135393_relational_between,135393,stress_test,relational_between,vector,18,2018_2257274__event_003,0.79351806640625,False
tokyo_135393_relational_between,135393,stress_test,relational_between,vector,19,2018_2257267__event_002,0.7918285131454468,False
tokyo_135393_relational_between,135393,stress_test,relational_between,vector,20,2018_2257273__event_002,0.7915125489234924,False
tokyo_135393_relational_between,135393,stress_test,relational_between,vector,21,2018_2257293__event_001,0.7911174297332764,False
tokyo_135393_relational_between,135393,stress_test,relational_between,vector,22,2018_2257293__event_003,0.7893049716949463,False
tokyo_135393_relational_between,135393,stress_test,relational_between,vector,23,2018_2257274__event_002,0.7887295484542847,False
tokyo_135393_relational_between,135393,stress_test,relational_between,vector,24,2018_2257295__event_002,0.788670539855957,False
tokyo_135393_relational_between,135393,stress_test,relational_between,vector,25,2018_2257276__event_002,0.7884103059768677,False
tokyo_135393_relational_between,135393,stress_test,relational_between,vector,26,2018_2257271__event_001,0.7880215644836426,False
tokyo_135393_relational_between,135393,stress_test,relational_between,vector,27,2018_2257268__event_001,0.7843717336654663,False
tokyo_135393_relational_between,135393,stress_test,relational_between,vector,28,2018_2257260__event_001,0.7824057340621948,False
tokyo_135393_relational_between,135393,stress_test,relational_between,vector,29,2018_2257282__event_002,0.7814360857009888,False
tokyo_135393_relational_between,135393,stress_test,relational_between,vector,30,2018_2257280__event_001,0.7805147171020508,False
tokyo_135393_relational_between,135393,stress_test,relational_between,vector,31,2018_2257271__event_002,0.7776455879211426,False
tokyo_135393_relational_between,135393,stress_test,relational_between,vector,32,2018_2257266__event_001,0.7764317989349365,False
tokyo_135393_relational_between,135393,stress_test,relational_between,vector,33,2018_2257299__event_003,0.7757359147071838,False
tokyo_135393_relational_between,135393,stress_test,relational_between,vector,34,2018_2257299__event_002,0.7754838466644287,False
tokyo_135393_relational_between,135393,stress_test,relational_between,vector,35,2018_2257276__event_001,0.7745974063873291,False
tokyo_135393_relational_between,135393,stress_test,relational_between,vector,36,2018_2257295__event_001,0.7725297808647156,False
tokyo_135393_relational_between,135393,stress_test,relational_between,vector,37,2018_2257280__event_002,0.7707672119140625,False
tokyo_135393_relational_between,135393,stress_test,relational_between,vector,38,2018_2257272__event_001,0.7699118852615356,False
tokyo_135393_relational_between,135393,stress_test,relational_between,vector,39,2018_2257265__event_001,0.7689067125320435,False
tokyo_135393_relational_between,135393,stress_test,relational_between,vector,40,2018_2257274__event_001,0.7667956352233887,False
tokyo_135393_relational_between,135393,stress_test,relational_between,vector,41,2018_2257282__event_001,0.7666256427764893,False
tokyo_135393_relational_between,135393,stress_test,relational_between,vector,42,2018_2257262__event_001,0.7644833326339722,False
tokyo_135393_relational_between,135393,stress_test,relational_between,vector,43,2018_2257272__event_002,0.7627782821655273,False
tokyo_135393_relational_between,135393,stress_test,relational_between,vector,44,2018_2257265__event_003,0.7620998620986938,False
tokyo_135393_relational_between,135393,stress_test,relational_between,vector,45,2018_2257262__event_002,0.7610810399055481,False
tokyo_135393_relational_between,135393,stress_test,relational_between,vector,46,2018_2257265__event_002,0.7609440684318542,False
tokyo_138301_relational_between,138301,stress_test,relational_between,vector,1,2018_2294113__event_002,0.8734314441680908,False
tokyo_138301_relational_between,138301,stress_test,relational_between,vector,2,2018_2294113__event_001,0.8678581714630127,False
tokyo_138301_relational_between,138301,stress_test,relational_between,vector,3,2018_2294120__event_002,0.8618801832199097,False
tokyo_138301_relational_between,138301,stress_test,relational_between,vector,4,2018_2294113__event_003,0.8565847873687744,False
tokyo_138301_relational_between,138301,stress_test,relational_between,vector,5,2018_2294102__event_003,0.8564858436584473,False
tokyo_138301_relational_between,138301,stress_test,relational_between,vector,6,2018_2294102__event_002,0.8380564451217651,False
tokyo_138301_relational_between,138301,stress_test,relational_between,vector,7,2018_2294113__event_004,0.8365238904953003,False
tokyo_138301_relational_between,138301,stress_test,relational_between,vector,8,2018_2294104__event_003,0.8327423334121704,False
tokyo_138301_relational_between,138301,stress_test,relational_between,vector,9,2018_2294120__event_001,0.8266122341156006,False
tokyo_138301_relational_between,138301,stress_test,relational_between,vector,10,2018_2294132__event_002,0.8207421898841858,False
tokyo_138301_relational_between,138301,stress_test,relational_between,vector,11,2018_2294102__event_001,0.8177913427352905,False
tokyo_138301_relational_between,138301,stress_test,relational_between,vector,12,2018_2294109__event_002,0.8147814273834229,False
tokyo_138301_relational_between,138301,stress_test,relational_between,vector,13,2018_2294109__event_003,0.8068331480026245,False
tokyo_138301_relational_between,138301,stress_test,relational_between,vector,14,2018_2294115__event_001,0.8033284544944763,False
tokyo_138301_relational_between,138301,stress_test,relational_between,vector,15,2018_2294065__event_003,0.8031349778175354,False
tokyo_138301_relational_between,138301,stress_test,relational_between,vector,16,2018_2294104__event_002,0.7984747886657715,False
tokyo_138301_relational_between,138301,stress_test,relational_between,vector,17,2018_2294131__event_002,0.7984038591384888,False
tokyo_138301_relational_between,138301,stress_test,relational_between,vector,18,2018_2294126__event_001,0.7973564863204956,False
tokyo_138301_relational_between,138301,stress_test,relational_between,vector,19,2018_2294115__event_002,0.7966479063034058,False
tokyo_138301_relational_between,138301,stress_test,relational_between,vector,20,2018_2294132__event_001,0.7963265180587769,False
tokyo_138301_relational_between,138301,stress_test,relational_between,vector,21,2018_2294131__event_001,0.7935267090797424,False
tokyo_138301_relational_between,138301,stress_test,relational_between,vector,22,2018_2294104__event_004,0.7926449775695801,False
tokyo_138301_relational_between,138301,stress_test,relational_between,vector,23,2018_2294107__event_001,0.7893222570419312,False
tokyo_138301_relational_between,138301,stress_test,relational_between,vector,24,2018_2294065__event_002,0.7890454530715942,False
tokyo_138301_relational_between,138301,stress_test,relational_between,vector,25,2018_2294107__event_002,0.7872946262359619,False
tokyo_138301_relational_between,138301,stress_test,relational_between,vector,26,2018_2294097__event_002,0.7848148941993713,False
tokyo_138301_relational_between,138301,stress_test,relational_between,vector,27,2018_2294109__event_001,0.7841323614120483,False
tokyo_138301_relational_between,138301,stress_test,relational_between,vector,28,2018_2294067__event_002,0.7840264439582825,False
tokyo_138301_relational_between,138301,stress_test,relational_between,vector,29,2018_2294100__event_002,0.7838078737258911,False
tokyo_138301_relational_between,138301,stress_test,relational_between,vector,30,2018_2294117__event_002,0.7833736538887024,False
tokyo_138301_relational_between,138301,stress_test,relational_between,vector,31,2018_2294065__event_001,0.7750535011291504,False
tokyo_138301_relational_between,138301,stress_test,relational_between,vector,32,2018_2294126__event_002,0.7750049233436584,False
tokyo_138301_relational_between,138301,stress_test,relational_between,vector,33,2018_2294104__event_001,0.7745225429534912,False
tokyo_138301_relational_between,138301,stress_test,relational_between,vector,34,2018_2294117__event_001,0.7741056680679321,False
tokyo_138301_relational_between,138301,stress_test,relational_between,vector,35,2018_2294097__event_001,0.7586907148361206,False
tokyo_138301_relational_between,138301,stress_test,relational_between,vector,36,2018_2294067__event_001,0.7549870014190674,False
tokyo_138301_relational_between,138301,stress_test,relational_between,vector,37,2018_2294100__event_001,0.7536345720291138,False
tokyo_138301_relational_between,138301,stress_test,relational_between,vector,38,2018_2294095__event_002,0.7415074110031128,False
tokyo_138301_relational_between,138301,stress_test,relational_between,vector,39,2018_2294095__event_001,0.7353968620300293,False
tokyo_139656_relational_between,139656,stress_test,relational_between,vector,1,2018_2308851__event_002,0.8645780682563782,True
tokyo_139656_relational_between,139656,stress_test,relational_between,vector,2,2018_2308869__event_002,0.8640121221542358,True
tokyo_139656_relational_between,139656,stress_test,relational_between,vector,3,2018_2308866__event_002,0.863829493522644,True
tokyo_139656_relational_between,139656,stress_test,relational_between,vector,4,2018_2308864__event_002,0.8637734651565552,True
tokyo_139656_relational_between,139656,stress_test,relational_between,vector,5,2018_2308868__event_002,0.8631645441055298,True
tokyo_139656_relational_between,139656,stress_test,relational_between,vector,6,2018_2308861__event_002,0.8625388741493225,True
tokyo_139656_relational_between,139656,stress_test,relational_between,vector,7,2018_2308849__event_002,0.8623850345611572,True
tokyo_139656_relational_between,139656,stress_test,relational_between,vector,8,2018_2308875__event_002,0.8622942566871643,True
tokyo_139656_relational_between,139656,stress_test,relational_between,vector,9,2018_2308874__event_002,0.8621321320533752,True
tokyo_139656_relational_between,139656,stress_test,relational_between,vector,10,2018_2308879__event_002,0.8618330955505371,True
tokyo_139656_relational_between,139656,stress_test,relational_between,vector,11,2018_2308845__event_002,0.86174476146698,True
tokyo_139656_relational_between,139656,stress_test,relational_between,vector,12,2018_2308859__event_002,0.8617444038391113,True
tokyo_139656_relational_between,139656,stress_test,relational_between,vector,13,2018_2308840__event_002,0.8617265224456787,True
tokyo_139656_relational_between,139656,stress_test,relational_between,vector,14,2018_2308846__event_002,0.861373782157898,True
tokyo_139656_relational_between,139656,stress_test,relational_between,vector,15,2018_2308839__event_002,0.8613423705101013,True
tokyo_139656_relational_between,139656,stress_test,relational_between,vector,16,2018_2308887__event_002,0.8613240718841553,True
tokyo_139656_relational_between,139656,stress_test,relational_between,vector,17,2018_2308880__event_002,0.8611530065536499,True
tokyo_139656_relational_between,139656,stress_test,relational_between,vector,18,2018_2308844__event_002,0.8609603047370911,True
tokyo_139656_relational_between,139656,stress_test,relational_between,vector,19,2018_2308857__event_002,0.8609253168106079,True
tokyo_139656_relational_between,139656,stress_test,relational_between,vector,20,2018_2308852__event_002,0.8608852624893188,True
tokyo_139656_relational_between,139656,stress_test,relational_between,vector,21,2018_2308886__event_002,0.8608106374740601,True
tokyo_139656_relational_between,139656,stress_test,relational_between,vector,22,2018_2308836__event_002,0.8606613874435425,True
tokyo_139656_relational_between,139656,stress_test,relational_between,vector,23,2018_2308837__event_002,0.8606078028678894,True
tokyo_139656_relational_between,139656,stress_test,relational_between,vector,24,2018_2308851__event_003,0.8603020310401917,True
tokyo_139656_relational_between,139656,stress_test,relational_between,vector,25,2018_2308834__event_002,0.8602938652038574,True
tokyo_139656_relational_between,139656,stress_test,relational_between,vector,26,2018_2308885__event_002,0.8600306510925293,True
tokyo_139656_relational_between,139656,stress_test,relational_between,vector,27,2018_2308884__event_002,0.8599098920822144,True
tokyo_139656_relational_between,139656,stress_test,relational_between,vector,28,2018_2308851__event_001,0.852544903755188,True
tokyo_139656_relational_between,139656,stress_test,relational_between,vector,29,2018_2308868__event_001,0.8451716899871826,True
tokyo_139656_relational_between,139656,stress_test,relational_between,vector,30,2018_2308866__event_001,0.8450924158096313,True
tokyo_139656_relational_between,139656,stress_test,relational_between,vector,31,2018_2308869__event_001,0.8448778390884399,True
tokyo_139656_relational_between,139656,stress_test,relational_between,vector,32,2018_2308879__event_001,0.8441393971443176,True
tokyo_139656_relational_between,139656,stress_test,relational_between,vector,33,2018_2308864__event_001,0.8440183401107788,True
tokyo_139656_relational_between,139656,stress_test,relational_between,vector,34,2018_2308880__event_001,0.8439846038818359,True
tokyo_139656_relational_between,139656,stress_test,relational_between,vector,35,2018_2308839__event_001,0.8439484238624573,True
tokyo_139656_relational_between,139656,stress_test,relational_between,vector,36,2018_2308845__event_001,0.843773603439331,True
tokyo_139656_relational_between,139656,stress_test,relational_between,vector,37,2018_2308849__event_001,0.8437728881835938,True
tokyo_139656_relational_between,139656,stress_test,relational_between,vector,38,2018_2308859__event_001,0.843703031539917,True
tokyo_139656_relational_between,139656,stress_test,relational_between,vector,39,2018_2308857__event_001,0.8435561656951904,True
tokyo_139656_relational_between,139656,stress_test,relational_between,vector,40,2018_2308844__event_001,0.8435282111167908,True
tokyo_139656_relational_between,139656,stress_test,relational_between,vector,41,2018_2308852__event_001,0.8434575200080872,True
tokyo_139656_relational_between,139656,stress_test,relational_between,vector,42,2018_2308846__event_001,0.8434374332427979,True
tokyo_139656_relational_between,139656,stress_test,relational_between,vector,43,2018_2308875__event_001,0.8433540463447571,True
tokyo_139656_relational_between,139656,stress_test,relational_between,vector,44,2018_2308874__event_001,0.8433160781860352,True
tokyo_139656_relational_between,139656,stress_test,relational_between,vector,45,2018_2308837__event_001,0.8432151079177856,True
tokyo_139656_relational_between,139656,stress_test,relational_between,vector,46,2018_2308861__event_001,0.8432108163833618,True
tokyo_139656_relational_between,139656,stress_test,relational_between,vector,47,2018_2308884__event_001,0.843201220035553,True
tokyo_139656_relational_between,139656,stress_test,relational_between,vector,48,2018_2308887__event_001,0.8431692123413086,True
tokyo_139656_relational_between,139656,stress_test,relational_between,vector,49,2018_2308840__event_001,0.8430385589599609,True
tokyo_139656_relational_between,139656,stress_test,relational_between,vector,50,2018_2308836__event_001,0.8429982662200928,True
tokyo_139656_relational_between,139656,stress_test,relational_between,vector,51,2018_2308886__event_001,0.8428390622138977,True
tokyo_139656_relational_between,139656,stress_test,relational_between,vector,52,2018_2308834__event_001,0.8427892327308655,True
tokyo_139656_relational_between,139656,stress_test,relational_between,vector,53,2018_2308885__event_001,0.8424677848815918,True
tokyo_139656_relational_between,139656,stress_test,relational_between,vector,54,2018_2308863__event_001,0.7726558446884155,True
tokyo_139656_relational_between,139656,stress_test,relational_between,vector,55,2018_2308863__event_002,0.7609683275222778,True
tokyo_140775_relational_between,140775,stress_test,relational_between,vector,1,2018_2320646__event_002,0.8973833918571472,False
tokyo_140775_relational_between,140775,stress_test,relational_between,vector,2,2018_2320646__event_003,0.8689134120941162,False
tokyo_140775_relational_between,140775,stress_test,relational_between,vector,3,2018_2320646__event_001,0.8655753135681152,False
tokyo_140775_relational_between,140775,stress_test,relational_between,vector,4,2018_2320646__event_004,0.8643079996109009,False
tokyo_140775_relational_between,140775,stress_test,relational_between,vector,5,2018_2320657__event_001,0.8038699626922607,False
tokyo_140775_relational_between,140775,stress_test,relational_between,vector,6,2018_2320660__event_001,0.7940483093261719,False
tokyo_140775_relational_between,140775,stress_test,relational_between,vector,7,2018_2320666__event_001,0.7932244539260864,False
tokyo_140775_relational_between,140775,stress_test,relational_between,vector,8,2018_2320666__event_002,0.7927761077880859,False
tokyo_140775_relational_between,140775,stress_test,relational_between,vector,9,2018_2320634__event_003,0.7865234613418579,False
tokyo_140775_relational_between,140775,stress_test,relational_between,vector,10,2018_2320664__event_001,0.7801980972290039,False
tokyo_140775_relational_between,140775,stress_test,relational_between,vector,11,2018_2320665__event_002,0.7776126861572266,False
tokyo_140775_relational_between,140775,stress_test,relational_between,vector,12,2018_2320634__event_002,0.7754464745521545,False
tokyo_140775_relational_between,140775,stress_test,relational_between,vector,13,2018_2320657__event_002,0.7750991582870483,False
tokyo_140775_relational_between,140775,stress_test,relational_between,vector,14,2018_2320665__event_001,0.7729111909866333,False
tokyo_140775_relational_between,140775,stress_test,relational_between,vector,15,2018_2320664__event_002,0.765668511390686,False
tokyo_140775_relational_between,140775,stress_test,relational_between,vector,16,2018_2320660__event_002,0.7645125389099121,False
tokyo_140775_relational_between,140775,stress_test,relational_between,vector,17,2018_2320675__event_002,0.758621096611023,False
tokyo_140775_relational_between,140775,stress_test,relational_between,vector,18,2018_2320675__event_001,0.7584561109542847,False
tokyo_140775_relational_between,140775,stress_test,relational_between,vector,19,2018_2320634__event_001,0.7577462792396545,False
tokyo_140775_relational_between,140775,stress_test,relational_between,vector,20,2018_2320655__event_002,0.755742073059082,False
tokyo_140775_relational_between,140775,stress_test,relational_between,vector,21,2018_2320655__event_001,0.7555621862411499,False
tokyo_140775_relational_between,140775,stress_test,relational_between,vector,22,2018_2320676__event_001,0.7512576580047607,False
tokyo_140775_relational_between,140775,stress_test,relational_between,vector,23,2018_2320676__event_002,0.7511494159698486,False
tokyo_149225_relational_between,149225,stress_test,relational_between,vector,1,2018_2402512__event_001,0.9156239032745361,False
tokyo_149225_relational_between,149225,stress_test,relational_between,vector,2,2018_2402534__event_001,0.9155506491661072,False
tokyo_149225_relational_between,149225,stress_test,relational_between,vector,3,2018_2402520__event_001,0.9143801331520081,False
tokyo_149225_relational_between,149225,stress_test,relational_between,vector,4,2018_2402534__event_002,0.9026999473571777,False
tokyo_149225_relational_between,149225,stress_test,relational_between,vector,5,2018_2402512__event_002,0.9012476205825806,False
tokyo_149225_relational_between,149225,stress_test,relational_between,vector,6,2018_2402520__event_002,0.9002901911735535,False
tokyo_149225_relational_between,149225,stress_test,relational_between,vector,7,2018_2402538__event_001,0.8982819318771362,False
tokyo_149225_relational_between,149225,stress_test,relational_between,vector,8,2018_2402531__event_001,0.8978466391563416,False
tokyo_149225_relational_between,149225,stress_test,relational_between,vector,9,2018_2402528__event_001,0.896828293800354,False
tokyo_149225_relational_between,149225,stress_test,relational_between,vector,10,2018_2402537__event_002,0.8939262628555298,False
tokyo_149225_relational_between,149225,stress_test,relational_between,vector,11,2018_2402538__event_002,0.8937928676605225,False
tokyo_149225_relational_between,149225,stress_test,relational_between,vector,12,2018_2402528__event_002,0.893713116645813,False
tokyo_149225_relational_between,149225,stress_test,relational_between,vector,13,2018_2402531__event_002,0.8933690786361694,False
tokyo_149225_relational_between,149225,stress_test,relational_between,vector,14,2018_2402516__event_003,0.8921748995780945,False
tokyo_149225_relational_between,149225,stress_test,relational_between,vector,15,2018_2402537__event_001,0.8907024264335632,False
tokyo_149225_relational_between,149225,stress_test,relational_between,vector,16,2018_2402517__event_001,0.8736207485198975,False
tokyo_149225_relational_between,149225,stress_test,relational_between,vector,17,2018_2402533__event_002,0.8638153672218323,False
tokyo_149225_relational_between,149225,stress_test,relational_between,vector,18,2018_2402519__event_002,0.8636710047721863,False
tokyo_149225_relational_between,149225,stress_test,relational_between,vector,19,2018_2402529__event_002,0.8632532358169556,False
tokyo_149225_relational_between,149225,stress_test,relational_between,vector,20,2018_2402514__event_002,0.8605751991271973,False
tokyo_149225_relational_between,149225,stress_test,relational_between,vector,21,2018_2402514__event_001,0.8528648018836975,False
tokyo_149225_relational_between,149225,stress_test,relational_between,vector,22,2018_2402523__event_001,0.8528405427932739,False
tokyo_149225_relational_between,149225,stress_test,relational_between,vector,23,2018_2402516__event_002,0.8503299951553345,False
tokyo_149225_relational_between,149225,stress_test,relational_between,vector,24,2018_2402537__event_003,0.8493419885635376,False
tokyo_149225_relational_between,149225,stress_test,relational_between,vector,25,2018_2402517__event_002,0.8471620082855225,False
tokyo_149225_relational_between,149225,stress_test,relational_between,vector,26,2018_2402526__event_001,0.8447749018669128,False
tokyo_149225_relational_between,149225,stress_test,relational_between,vector,27,2018_2402519__event_001,0.8424172401428223,False
tokyo_149225_relational_between,149225,stress_test,relational_between,vector,28,2018_2402529__event_001,0.8410390615463257,False
tokyo_149225_relational_between,149225,stress_test,relational_between,vector,29,2018_2402533__event_001,0.8370482921600342,False
tokyo_149225_relational_between,149225,stress_test,relational_between,vector,30,2018_2402526__event_002,0.8259996771812439,False
tokyo_149225_relational_between,149225,stress_test,relational_between,vector,31,2018_2402523__event_002,0.8176729083061218,False
tokyo_149225_relational_between,149225,stress_test,relational_between,vector,32,2018_2402517__event_003,0.79925137758255,False
tokyo_149225_relational_between,149225,stress_test,relational_between,vector,33,2018_2402516__event_001,0.7865374088287354,False
tokyo_152722_relational_between,152722,stress_test,relational_between,vector,1,2018_2446524__event_004,0.9148198962211609,False
tokyo_152722_relational_between,152722,stress_test,relational_between,vector,2,2018_2446524__event_005,0.9000311493873596,False
tokyo_152722_relational_between,152722,stress_test,relational_between,vector,3,2018_2446524__event_002,0.8978002071380615,False
tokyo_152722_relational_between,152722,stress_test,relational_between,vector,4,2018_2446525__event_002,0.8876504302024841,False
tokyo_152722_relational_between,152722,stress_test,relational_between,vector,5,2018_2446524__event_003,0.8846102356910706,False
tokyo_152722_relational_between,152722,stress_test,relational_between,vector,6,2018_2446527__event_001,0.8820922374725342,False
tokyo_152722_relational_between,152722,stress_test,relational_between,vector,7,2018_2446527__event_002,0.8818506002426147,False
tokyo_152722_relational_between,152722,stress_test,relational_between,vector,8,2018_2446506__event_002,0.8808665871620178,False
tokyo_152722_relational_between,152722,stress_test,relational_between,vector,9,2018_2446525__event_001,0.8807289600372314,False
tokyo_152722_relational_between,152722,stress_test,relational_between,vector,10,2018_2446524__event_001,0.8805931806564331,False
tokyo_152722_relational_between,152722,stress_test,relational_between,vector,11,2018_2446525__event_003,0.8692955374717712,False
tokyo_152722_relational_between,152722,stress_test,relational_between,vector,12,2018_2446520__event_002,0.8647754788398743,False
tokyo_152722_relational_between,152722,stress_test,relational_between,vector,13,2018_2446535__event_002,0.8637879490852356,False
tokyo_152722_relational_between,152722,stress_test,relational_between,vector,14,2018_2446519__event_003,0.8637567162513733,False
tokyo_152722_relational_between,152722,stress_test,relational_between,vector,15,2018_2446571__event_002,0.8633579015731812,False
tokyo_152722_relational_between,152722,stress_test,relational_between,vector,16,2018_2446526__event_001,0.8587002754211426,False
tokyo_152722_relational_between,152722,stress_test,relational_between,vector,17,2018_2446526__event_002,0.8573381900787354,False
tokyo_152722_relational_between,152722,stress_test,relational_between,vector,18,2018_2446508__event_001,0.8556976318359375,False
tokyo_152722_relational_between,152722,stress_test,relational_between,vector,19,2018_2446548__event_001,0.8543963432312012,False
tokyo_152722_relational_between,152722,stress_test,relational_between,vector,20,2018_2446506__event_001,0.8530924916267395,False
tokyo_152722_relational_between,152722,stress_test,relational_between,vector,21,2018_2446526__event_003,0.8481260538101196,False
tokyo_152722_relational_between,152722,stress_test,relational_between,vector,22,2018_2446535__event_001,0.8250478506088257,False
tokyo_152722_relational_between,152722,stress_test,relational_between,vector,23,2018_2446508__event_002,0.8240851163864136,False
tokyo_152722_relational_between,152722,stress_test,relational_between,vector,24,2018_2446517__event_001,0.8236442804336548,False
tokyo_152722_relational_between,152722,stress_test,relational_between,vector,25,2018_2446548__event_002,0.8235639929771423,False
tokyo_152722_relational_between,152722,stress_test,relational_between,vector,26,2018_2446517__event_003,0.822980523109436,False
tokyo_152722_relational_between,152722,stress_test,relational_between,vector,27,2018_2446520__event_001,0.8216617107391357,False
tokyo_152722_relational_between,152722,stress_test,relational_between,vector,28,2018_2446571__event_001,0.8201383948326111,False
tokyo_152722_relational_between,152722,stress_test,relational_between,vector,29,2018_2446517__event_002,0.8153965473175049,False
tokyo_152722_relational_between,152722,stress_test,relational_between,vector,30,2018_2446519__event_002,0.8145384192466736,False
tokyo_152722_relational_between,152722,stress_test,relational_between,vector,31,2018_2446519__event_001,0.7845624685287476,False
tokyo_152722_relational_between,152722,stress_test,relational_between,vector,32,2018_2446518__event_002,0.7688412070274353,False
tokyo_152722_relational_between,152722,stress_test,relational_between,vector,33,2018_2446518__event_001,0.7664904594421387,False
tokyo_156873_relational_between,156873,stress_test,relational_between,vector,1,2018_2498147__event_002,0.8813318014144897,True
tokyo_156873_relational_between,156873,stress_test,relational_between,vector,2,2018_2498115__event_001,0.8675487041473389,True
tokyo_156873_relational_between,156873,stress_test,relational_between,vector,3,2018_2498115__event_002,0.8590047359466553,True
tokyo_156873_relational_between,156873,stress_test,relational_between,vector,4,2018_2498147__event_003,0.858562707901001,True
tokyo_156873_relational_between,156873,stress_test,relational_between,vector,5,2018_2498144__event_001,0.8566526770591736,True
tokyo_156873_relational_between,156873,stress_test,relational_between,vector,6,2018_2498144__event_002,0.8503407835960388,True
tokyo_156873_relational_between,156873,stress_test,relational_between,vector,7,2018_2498144__event_003,0.8334171175956726,True
tokyo_156873_relational_between,156873,stress_test,relational_between,vector,8,2018_2498153__event_001,0.8276033997535706,True
tokyo_156873_relational_between,156873,stress_test,relational_between,vector,9,2018_2498121__event_001,0.8271303176879883,True
tokyo_156873_relational_between,156873,stress_test,relational_between,vector,10,2018_2498119__event_001,0.8259453177452087,True
tokyo_156873_relational_between,156873,stress_test,relational_between,vector,11,2018_2498120__event_002,0.8258501887321472,True
tokyo_156873_relational_between,156873,stress_test,relational_between,vector,12,2018_2498121__event_002,0.8242267370223999,True
tokyo_156873_relational_between,156873,stress_test,relational_between,vector,13,2018_2498135__event_001,0.8223236799240112,True
tokyo_156873_relational_between,156873,stress_test,relational_between,vector,14,2018_2498126__event_001,0.8200109601020813,True
tokyo_156873_relational_between,156873,stress_test,relational_between,vector,15,2018_2498120__event_001,0.8194705247879028,True
tokyo_156873_relational_between,156873,stress_test,relational_between,vector,16,2018_2498124__event_002,0.8188678622245789,True
tokyo_156873_relational_between,156873,stress_test,relational_between,vector,17,2018_2498174__event_001,0.8185805082321167,True
tokyo_156873_relational_between,156873,stress_test,relational_between,vector,18,2018_2498133__event_002,0.8175475597381592,True
tokyo_156873_relational_between,156873,stress_test,relational_between,vector,19,2018_2498142__event_001,0.8173355460166931,True
tokyo_156873_relational_between,156873,stress_test,relational_between,vector,20,2018_2498147__event_001,0.8171228170394897,True
tokyo_156873_relational_between,156873,stress_test,relational_between,vector,21,2018_2498174__event_003,0.8170841932296753,True
tokyo_156873_relational_between,156873,stress_test,relational_between,vector,22,2018_2498157__event_003,0.8160531520843506,True
tokyo_156873_relational_between,156873,stress_test,relational_between,vector,23,2018_2498165__event_001,0.8143343329429626,True
tokyo_156873_relational_between,156873,stress_test,relational_between,vector,24,2018_2498146__event_001,0.8139724731445312,True
tokyo_156873_relational_between,156873,stress_test,relational_between,vector,25,2018_2498136__event_002,0.8139243125915527,True
tokyo_156873_relational_between,156873,stress_test,relational_between,vector,26,2018_2498153__event_002,0.8135617971420288,True
tokyo_156873_relational_between,156873,stress_test,relational_between,vector,27,2018_2498124__event_003,0.8129264712333679,True
tokyo_156873_relational_between,156873,stress_test,relational_between,vector,28,2018_2498143__event_002,0.8125272989273071,True
tokyo_156873_relational_between,156873,stress_test,relational_between,vector,29,2018_2498166__event_001,0.8105591535568237,True
tokyo_156873_relational_between,156873,stress_test,relational_between,vector,30,2018_2498114__event_001,0.8097772598266602,True
tokyo_156873_relational_between,156873,stress_test,relational_between,vector,31,2018_2498135__event_002,0.8090059161186218,True
tokyo_156873_relational_between,156873,stress_test,relational_between,vector,32,2018_2498133__event_001,0.8089927434921265,True
tokyo_156873_relational_between,156873,stress_test,relational_between,vector,33,2018_2498126__event_002,0.8088180422782898,True
tokyo_156873_relational_between,156873,stress_test,relational_between,vector,34,2018_2498157__event_002,0.8068788647651672,True
tokyo_156873_relational_between,156873,stress_test,relational_between,vector,35,2018_2498119__event_002,0.8059572577476501,True
tokyo_156873_relational_between,156873,stress_test,relational_between,vector,36,2018_2498140__event_001,0.803601861000061,True
tokyo_156873_relational_between,156873,stress_test,relational_between,vector,37,2018_2498170__event_001,0.8028305768966675,True
tokyo_156873_relational_between,156873,stress_test,relational_between,vector,38,2018_2498146__event_002,0.8007069826126099,True
tokyo_156873_relational_between,156873,stress_test,relational_between,vector,39,2018_2498136__event_001,0.8002907037734985,True
tokyo_156873_relational_between,156873,stress_test,relational_between,vector,40,2018_2498174__event_002,0.800270676612854,True
tokyo_156873_relational_between,156873,stress_test,relational_between,vector,41,2018_2498155__event_001,0.7993725538253784,True
tokyo_156873_relational_between,156873,stress_test,relational_between,vector,42,2018_2498144__event_004,0.7986823320388794,True
tokyo_156873_relational_between,156873,stress_test,relational_between,vector,43,2018_2498179__event_001,0.7983357906341553,True
tokyo_156873_relational_between,156873,stress_test,relational_between,vector,44,2018_2498142__event_002,0.7970904111862183,True
tokyo_156873_relational_between,156873,stress_test,relational_between,vector,45,2018_2498140__event_002,0.7961478233337402,True
tokyo_156873_relational_between,156873,stress_test,relational_between,vector,46,2018_2498171__event_001,0.7947326898574829,True
tokyo_156873_relational_between,156873,stress_test,relational_between,vector,47,2018_2498171__event_002,0.7943446636199951,True
tokyo_156873_relational_between,156873,stress_test,relational_between,vector,48,2018_2498171__event_003,0.792174756526947,True
tokyo_156873_relational_between,156873,stress_test,relational_between,vector,49,2018_2498124__event_004,0.7920746207237244,True
tokyo_156873_relational_between,156873,stress_test,relational_between,vector,50,2018_2498165__event_002,0.7919458150863647,True
tokyo_156873_relational_between,156873,stress_test,relational_between,vector,51,2018_2498158__event_002,0.79163658618927,True
tokyo_156873_relational_between,156873,stress_test,relational_between,vector,52,2018_2498150__event_001,0.7910690307617188,True
tokyo_156873_relational_between,156873,stress_test,relational_between,vector,53,2018_2498145__event_001,0.7900307178497314,True
tokyo_156873_relational_between,156873,stress_test,relational_between,vector,54,2018_2498139__event_002,0.7896525263786316,True
tokyo_156873_relational_between,156873,stress_test,relational_between,vector,55,2018_2498157__event_001,0.7895190715789795,True
tokyo_156873_relational_between,156873,stress_test,relational_between,vector,56,2018_2498117__event_001,0.7878223657608032,True
tokyo_156873_relational_between,156873,stress_test,relational_between,vector,57,2018_2498143__event_001,0.7875975966453552,True
tokyo_156873_relational_between,156873,stress_test,relational_between,vector,58,2018_2498118__event_002,0.7875280380249023,True
tokyo_156873_relational_between,156873,stress_test,relational_between,vector,59,2018_2498123__event_001,0.787124752998352,True
tokyo_156873_relational_between,156873,stress_test,relational_between,vector,60,2018_2498139__event_001,0.7869827151298523,True
tokyo_156873_relational_between,156873,stress_test,relational_between,vector,61,2018_2498127__event_002,0.7868359088897705,True
tokyo_156873_relational_between,156873,stress_test,relational_between,vector,62,2018_2498145__event_002,0.7863848209381104,True
tokyo_156873_relational_between,156873,stress_test,relational_between,vector,63,2018_2498154__event_001,0.7862513065338135,True
tokyo_156873_relational_between,156873,stress_test,relational_between,vector,64,2018_2498154__event_002,0.7857261896133423,True
tokyo_156873_relational_between,156873,stress_test,relational_between,vector,65,2018_2498149__event_003,0.7855715751647949,True
tokyo_156873_relational_between,156873,stress_test,relational_between,vector,66,2018_2498155__event_002,0.7853696942329407,True
tokyo_156873_relational_between,156873,stress_test,relational_between,vector,67,2018_2498178__event_001,0.7849901914596558,True
tokyo_156873_relational_between,156873,stress_test,relational_between,vector,68,2018_2498127__event_001,0.7845171689987183,True
tokyo_156873_relational_between,156873,stress_test,relational_between,vector,69,2018_2498175__event_002,0.784004807472229,True
tokyo_156873_relational_between,156873,stress_test,relational_between,vector,70,2018_2498170__event_002,0.7836922407150269,True
tokyo_156873_relational_between,156873,stress_test,relational_between,vector,71,2018_2498141__event_002,0.7835942506790161,True
tokyo_156873_relational_between,156873,stress_test,relational_between,vector,72,2018_2498130__event_001,0.7830350995063782,True
tokyo_156873_relational_between,156873,stress_test,relational_between,vector,73,2018_2498117__event_002,0.7823601961135864,True
tokyo_156873_relational_between,156873,stress_test,relational_between,vector,74,2018_2498143__event_003,0.7817018628120422,True
tokyo_156873_relational_between,156873,stress_test,relational_between,vector,75,2018_2498126__event_003,0.7816441059112549,True
tokyo_156873_relational_between,156873,stress_test,relational_between,vector,76,2018_2498140__event_003,0.7815496325492859,True
tokyo_156873_relational_between,156873,stress_test,relational_between,vector,77,2018_2498130__event_002,0.7814240455627441,True
tokyo_156873_relational_between,156873,stress_test,relational_between,vector,78,2018_2498158__event_001,0.7809040546417236,True
tokyo_156873_relational_between,156873,stress_test,relational_between,vector,79,2018_2498179__event_002,0.78087317943573,True
tokyo_156873_relational_between,156873,stress_test,relational_between,vector,80,2018_2498118__event_001,0.7804735898971558,True
tokyo_156873_relational_between,156873,stress_test,relational_between,vector,81,2018_2498127__event_003,0.7802014350891113,True
tokyo_156873_relational_between,156873,stress_test,relational_between,vector,82,2018_2498134__event_002,0.7801394462585449,True
tokyo_156873_relational_between,156873,stress_test,relational_between,vector,83,2018_2498178__event_003,0.7800125479698181,True
tokyo_156873_relational_between,156873,stress_test,relational_between,vector,84,2018_2498158__event_003,0.7792742848396301,True
tokyo_156873_relational_between,156873,stress_test,relational_between,vector,85,2018_2498114__event_003,0.7791632413864136,True
tokyo_156873_relational_between,156873,stress_test,relational_between,vector,86,2018_2498134__event_001,0.7790603637695312,True
tokyo_156873_relational_between,156873,stress_test,relational_between,vector,87,2018_2498126__event_004,0.777367115020752,True
tokyo_156873_relational_between,156873,stress_test,relational_between,vector,88,2018_2498114__event_002,0.7772908210754395,True
tokyo_156873_relational_between,156873,stress_test,relational_between,vector,89,2018_2498175__event_001,0.7765486836433411,True
tokyo_156873_relational_between,156873,stress_test,relational_between,vector,90,2018_2498135__event_003,0.776461660861969,True
tokyo_156873_relational_between,156873,stress_test,relational_between,vector,91,2018_2498149__event_001,0.7751675248146057,True
tokyo_156873_relational_between,156873,stress_test,relational_between,vector,92,2018_2498119__event_003,0.7751377820968628,True
tokyo_156873_relational_between,156873,stress_test,relational_between,vector,93,2018_2498166__event_002,0.7745102643966675,True
tokyo_156873_relational_between,156873,stress_test,relational_between,vector,94,2018_2498124__event_001,0.7742364406585693,True
tokyo_156873_relational_between,156873,stress_test,relational_between,vector,95,2018_2498128__event_001,0.7736531496047974,True
tokyo_156873_relational_between,156873,stress_test,relational_between,vector,96,2018_2498167__event_002,0.7722318172454834,True
tokyo_156873_relational_between,156873,stress_test,relational_between,vector,97,2018_2498123__event_002,0.7715931534767151,True
tokyo_156873_relational_between,156873,stress_test,relational_between,vector,98,2018_2498137__event_001,0.7713133096694946,True
tokyo_156873_relational_between,156873,stress_test,relational_between,vector,99,2018_2498137__event_002,0.7704883813858032,True
tokyo_156873_relational_between,156873,stress_test,relational_between,vector,100,2018_2498172__event_002,0.7702492475509644,True
tokyo_156873_relational_between,156873,stress_test,relational_between,vector,101,2018_2498117__event_003,0.7696261405944824,True
tokyo_156873_relational_between,156873,stress_test,relational_between,vector,102,2018_2498141__event_001,0.7685937881469727,True
tokyo_156873_relational_between,156873,stress_test,relational_between,vector,103,2018_2498140__event_004,0.765626072883606,True
tokyo_156873_relational_between,156873,stress_test,relational_between,vector,104,2018_2498167__event_001,0.7638928890228271,True
tokyo_156873_relational_between,156873,stress_test,relational_between,vector,105,2018_2498172__event_001,0.7629645466804504,True
tokyo_156873_relational_between,156873,stress_test,relational_between,vector,106,2018_2498149__event_002,0.7623847723007202,True
tokyo_156873_relational_between,156873,stress_test,relational_between,vector,107,2018_2498128__event_002,0.7621674537658691,True
tokyo_156873_relational_between,156873,stress_test,relational_between,vector,108,2018_2498116__event_002,0.761404812335968,True
tokyo_156873_relational_between,156873,stress_test,relational_between,vector,109,2018_2498152__event_002,0.7613632678985596,True
tokyo_156873_relational_between,156873,stress_test,relational_between,vector,110,2018_2498166__event_003,0.7610611319541931,True
tokyo_156873_relational_between,156873,stress_test,relational_between,vector,111,2018_2498138__event_001,0.7602507472038269,True
tokyo_156873_relational_between,156873,stress_test,relational_between,vector,112,2018_2498150__event_002,0.759795069694519,True
tokyo_156873_relational_between,156873,stress_test,relational_between,vector,113,2018_2498116__event_001,0.7595882415771484,True
tokyo_156873_relational_between,156873,stress_test,relational_between,vector,114,2018_2498152__event_001,0.755163311958313,True
tokyo_156873_relational_between,156873,stress_test,relational_between,vector,115,2018_2498178__event_002,0.7478151321411133,True
tokyo_156873_relational_between,156873,stress_test,relational_between,vector,116,2018_2498138__event_002,0.7433582544326782,True
tokyo_167728_relational_between,167728,stress_test,relational_between,vector,1,2018_2604374__event_004,0.8921349048614502,True
tokyo_167728_relational_between,167728,stress_test,relational_between,vector,2,2018_2604374__event_005,0.8636245131492615,True
tokyo_167728_relational_between,167728,stress_test,relational_between,vector,3,2018_2604350__event_002,0.8613625168800354,True
tokyo_167728_relational_between,167728,stress_test,relational_between,vector,4,2018_2604359__event_002,0.8486570119857788,True
tokyo_167728_relational_between,167728,stress_test,relational_between,vector,5,2018_2604352__event_001,0.8485687971115112,True
tokyo_167728_relational_between,167728,stress_test,relational_between,vector,6,2018_2604378__event_001,0.8473045825958252,True
tokyo_167728_relational_between,167728,stress_test,relational_between,vector,7,2018_2604350__event_001,0.8317346572875977,True
tokyo_167728_relational_between,167728,stress_test,relational_between,vector,8,2018_2604374__event_003,0.8299146890640259,True
tokyo_167728_relational_between,167728,stress_test,relational_between,vector,9,2018_2604359__event_001,0.8263617753982544,True
tokyo_167728_relational_between,167728,stress_test,relational_between,vector,10,2018_2604378__event_002,0.8237323760986328,True
tokyo_167728_relational_between,167728,stress_test,relational_between,vector,11,2018_2604352__event_002,0.8223171234130859,True
tokyo_167728_relational_between,167728,stress_test,relational_between,vector,12,2018_2604349__event_003,0.82094407081604,True
tokyo_167728_relational_between,167728,stress_test,relational_between,vector,13,2018_2604362__event_005,0.8169996738433838,True
tokyo_167728_relational_between,167728,stress_test,relational_between,vector,14,2018_2604362__event_006,0.8044676780700684,True
tokyo_167728_relational_between,167728,stress_test,relational_between,vector,15,2018_2604368__event_002,0.8039063215255737,True
tokyo_167728_relational_between,167728,stress_test,relational_between,vector,16,2018_2604368__event_001,0.8025185465812683,True
tokyo_167728_relational_between,167728,stress_test,relational_between,vector,17,2018_2604364__event_001,0.8011298775672913,True
tokyo_167728_relational_between,167728,stress_test,relational_between,vector,18,2018_2604362__event_001,0.7997148633003235,True
tokyo_167728_relational_between,167728,stress_test,relational_between,vector,19,2018_2604362__event_003,0.7983814477920532,True
tokyo_167728_relational_between,167728,stress_test,relational_between,vector,20,2018_2604362__event_004,0.7974639534950256,True
tokyo_167728_relational_between,167728,stress_test,relational_between,vector,21,2018_2604378__event_003,0.7962570190429688,True
tokyo_167728_relational_between,167728,stress_test,relational_between,vector,22,2018_2604362__event_002,0.7945904731750488,True
tokyo_167728_relational_between,167728,stress_test,relational_between,vector,23,2018_2604374__event_002,0.792406439781189,True
tokyo_167728_relational_between,167728,stress_test,relational_between,vector,24,2018_2604364__event_002,0.791765034198761,True
tokyo_167728_relational_between,167728,stress_test,relational_between,vector,25,2018_2604412__event_001,0.7862353324890137,True
tokyo_167728_relational_between,167728,stress_test,relational_between,vector,26,2018_2604352__event_003,0.7846320867538452,True
tokyo_167728_relational_between,167728,stress_test,relational_between,vector,27,2018_2604366__event_001,0.7845476865768433,True
tokyo_167728_relational_between,167728,stress_test,relational_between,vector,28,2018_2604398__event_001,0.7804851531982422,True
tokyo_167728_relational_between,167728,stress_test,relational_between,vector,29,2018_2604349__event_002,0.7789167761802673,True
tokyo_167728_relational_between,167728,stress_test,relational_between,vector,30,2018_2604366__event_002,0.7778400182723999,True
tokyo_167728_relational_between,167728,stress_test,relational_between,vector,31,2018_2604398__event_002,0.7774040699005127,True
tokyo_167728_relational_between,167728,stress_test,relational_between,vector,32,2018_2604357__event_001,0.7771891951560974,True
tokyo_167728_relational_between,167728,stress_test,relational_between,vector,33,2018_2604412__event_002,0.7761130332946777,True
tokyo_167728_relational_between,167728,stress_test,relational_between,vector,34,2018_2604358__event_001,0.7747620344161987,True
tokyo_167728_relational_between,167728,stress_test,relational_between,vector,35,2018_2604382__event_003,0.7746568918228149,True
tokyo_167728_relational_between,167728,stress_test,relational_between,vector,36,2018_2604416__event_002,0.7718150615692139,True
tokyo_167728_relational_between,167728,stress_test,relational_between,vector,37,2018_2604409__event_002,0.7717474699020386,True
tokyo_167728_relational_between,167728,stress_test,relational_between,vector,38,2018_2604416__event_001,0.7714296579360962,True
tokyo_167728_relational_between,167728,stress_test,relational_between,vector,39,2018_2604357__event_002,0.7708346843719482,True
tokyo_167728_relational_between,167728,stress_test,relational_between,vector,40,2018_2604402__event_003,0.7702628374099731,True
tokyo_167728_relational_between,167728,stress_test,relational_between,vector,41,2018_2604382__event_002,0.7701787352561951,True
tokyo_167728_relational_between,167728,stress_test,relational_between,vector,42,2018_2604409__event_001,0.7691912651062012,True
tokyo_167728_relational_between,167728,stress_test,relational_between,vector,43,2018_2604406__event_002,0.7679222822189331,True
tokyo_167728_relational_between,167728,stress_test,relational_between,vector,44,2018_2604382__event_001,0.7673230171203613,True
tokyo_167728_relational_between,167728,stress_test,relational_between,vector,45,2018_2604396__event_001,0.7660784721374512,True
tokyo_167728_relational_between,167728,stress_test,relational_between,vector,46,2018_2604352__event_005,0.7659838199615479,True
tokyo_167728_relational_between,167728,stress_test,relational_between,vector,47,2018_2604406__event_001,0.7659481763839722,True
tokyo_167728_relational_between,167728,stress_test,relational_between,vector,48,2018_2604358__event_002,0.7649000883102417,True
tokyo_167728_relational_between,167728,stress_test,relational_between,vector,49,2018_2604352__event_004,0.7631326913833618,True
tokyo_167728_relational_between,167728,stress_test,relational_between,vector,50,2018_2604411__event_002,0.7621822953224182,True
tokyo_167728_relational_between,167728,stress_test,relational_between,vector,51,2018_2604402__event_002,0.7617555260658264,True
tokyo_167728_relational_between,167728,stress_test,relational_between,vector,52,2018_2604374__event_001,0.7612122893333435,True
tokyo_167728_relational_between,167728,stress_test,relational_between,vector,53,2018_2604366__event_003,0.7592389583587646,True
tokyo_167728_relational_between,167728,stress_test,relational_between,vector,54,2018_2604396__event_002,0.7576349973678589,True
tokyo_167728_relational_between,167728,stress_test,relational_between,vector,55,2018_2604345__event_002,0.7555996179580688,True
tokyo_167728_relational_between,167728,stress_test,relational_between,vector,56,2018_2604402__event_001,0.7533758878707886,True
tokyo_167728_relational_between,167728,stress_test,relational_between,vector,57,2018_2604349__event_001,0.7496368885040283,True
tokyo_167728_relational_between,167728,stress_test,relational_between,vector,58,2018_2604345__event_001,0.7406113147735596,True
tokyo_167728_relational_between,167728,stress_test,relational_between,vector,59,2018_2604411__event_001,0.7379659414291382,True
tokyo_169053_relational_between,169053,stress_test,relational_between,vector,1,2018_2620285__event_003,0.9026458263397217,False
tokyo_169053_relational_between,169053,stress_test,relational_between,vector,2,2018_2620285__event_001,0.9018464088439941,False
tokyo_169053_relational_between,169053,stress_test,relational_between,vector,3,2018_2620269__event_001,0.9005106687545776,False
tokyo_169053_relational_between,169053,stress_test,relational_between,vector,4,2018_2620285__event_002,0.880888819694519,False
tokyo_169053_relational_between,169053,stress_test,relational_between,vector,5,2018_2620269__event_002,0.8767698407173157,False
tokyo_169053_relational_between,169053,stress_test,relational_between,vector,6,2018_2620302__event_001,0.8248884081840515,False
tokyo_169053_relational_between,169053,stress_test,relational_between,vector,7,2018_2620268__event_002,0.8203696012496948,False
tokyo_169053_relational_between,169053,stress_test,relational_between,vector,8,2018_2620294__event_001,0.8192366361618042,False
tokyo_169053_relational_between,169053,stress_test,relational_between,vector,9,2018_2620313__event_001,0.8182264566421509,False
tokyo_169053_relational_between,169053,stress_test,relational_between,vector,10,2018_2620250__event_001,0.8150426149368286,False
tokyo_169053_relational_between,169053,stress_test,relational_between,vector,11,2018_2620313__event_002,0.8134081959724426,False
tokyo_169053_relational_between,169053,stress_test,relational_between,vector,12,2018_2620294__event_002,0.8110878467559814,False
tokyo_169053_relational_between,169053,stress_test,relational_between,vector,13,2018_2620287__event_001,0.8104093074798584,False
tokyo_169053_relational_between,169053,stress_test,relational_between,vector,14,2018_2620268__event_001,0.8101469278335571,False
tokyo_169053_relational_between,169053,stress_test,relational_between,vector,15,2018_2620302__event_002,0.8067086338996887,False
tokyo_169053_relational_between,169053,stress_test,relational_between,vector,16,2018_2620254__event_001,0.8066149950027466,False
tokyo_169053_relational_between,169053,stress_test,relational_between,vector,17,2018_2620311__event_002,0.8055256009101868,False
tokyo_169053_relational_between,169053,stress_test,relational_between,vector,18,2018_2620311__event_001,0.8024411201477051,False
tokyo_169053_relational_between,169053,stress_test,relational_between,vector,19,2018_2620297__event_002,0.7982274293899536,False
tokyo_169053_relational_between,169053,stress_test,relational_between,vector,20,2018_2620297__event_001,0.7960342764854431,False
tokyo_169053_relational_between,169053,stress_test,relational_between,vector,21,2018_2620302__event_003,0.7935830354690552,False
tokyo_169053_relational_between,169053,stress_test,relational_between,vector,22,2018_2620250__event_002,0.790928840637207,False
tokyo_169053_relational_between,169053,stress_test,relational_between,vector,23,2018_2620287__event_002,0.7861236333847046,False
tokyo_169053_relational_between,169053,stress_test,relational_between,vector,24,2018_2620302__event_004,0.7816711068153381,False
tokyo_169053_relational_between,169053,stress_test,relational_between,vector,25,2018_2620254__event_002,0.7661629319190979,False
tokyo_171659_relational_between,171659,stress_test,relational_between,vector,1,2018_2647186__event_002,0.8866775035858154,False
tokyo_171659_relational_between,171659,stress_test,relational_between,vector,2,2018_2647186__event_001,0.8805654048919678,False
tokyo_171659_relational_between,171659,stress_test,relational_between,vector,3,2018_2647177__event_002,0.8653483986854553,False
tokyo_171659_relational_between,171659,stress_test,relational_between,vector,4,2018_2647186__event_003,0.8646633625030518,False
tokyo_171659_relational_between,171659,stress_test,relational_between,vector,5,2018_2647177__event_003,0.8389228582382202,False
tokyo_171659_relational_between,171659,stress_test,relational_between,vector,6,2018_2647177__event_001,0.8385399580001831,False
tokyo_171659_relational_between,171659,stress_test,relational_between,vector,7,2018_2647180__event_001,0.8263946771621704,False
tokyo_171659_relational_between,171659,stress_test,relational_between,vector,8,2018_2647182__event_001,0.8257203102111816,False
tokyo_171659_relational_between,171659,stress_test,relational_between,vector,9,2018_2647197__event_001,0.8208681344985962,False
tokyo_171659_relational_between,171659,stress_test,relational_between,vector,10,2018_2647182__event_002,0.8196244239807129,False
tokyo_171659_relational_between,171659,stress_test,relational_between,vector,11,2018_2647199__event_001,0.8149209022521973,False
tokyo_171659_relational_between,171659,stress_test,relational_between,vector,12,2018_2647196__event_001,0.8148759603500366,False
tokyo_171659_relational_between,171659,stress_test,relational_between,vector,13,2018_2647187__event_001,0.8145322799682617,False
tokyo_171659_relational_between,171659,stress_test,relational_between,vector,14,2018_2647180__event_002,0.8115525245666504,False
tokyo_171659_relational_between,171659,stress_test,relational_between,vector,15,2018_2647182__event_003,0.8111700415611267,False
tokyo_171659_relational_between,171659,stress_test,relational_between,vector,16,2018_2647197__event_002,0.807348906993866,False
tokyo_171659_relational_between,171659,stress_test,relational_between,vector,17,2018_2647175__event_001,0.8067842721939087,False
tokyo_171659_relational_between,171659,stress_test,relational_between,vector,18,2018_2647176__event_001,0.8061612844467163,False
tokyo_171659_relational_between,171659,stress_test,relational_between,vector,19,2018_2647175__event_002,0.8052652478218079,False
tokyo_171659_relational_between,171659,stress_test,relational_between,vector,20,2018_2647196__event_002,0.8021526336669922,False
tokyo_171659_relational_between,171659,stress_test,relational_between,vector,21,2018_2647199__event_002,0.8016468286514282,False
tokyo_171659_relational_between,171659,stress_test,relational_between,vector,22,2018_2647187__event_002,0.8011228442192078,False
tokyo_171659_relational_between,171659,stress_test,relational_between,vector,23,2018_2647176__event_002,0.7974222302436829,False
tokyo_171659_relational_between,171659,stress_test,relational_between,vector,24,2018_2647177__event_004,0.7904126644134521,False
tokyo_171659_relational_between,171659,stress_test,relational_between,vector,25,2018_2647205__event_002,0.7779597043991089,False
tokyo_171659_relational_between,171659,stress_test,relational_between,vector,26,2018_2647205__event_001,0.7695128321647644,False
tokyo_178798_relational_between,178798,stress_test,relational_between,vector,1,2018_2707932__event_002,0.8962276577949524,False
tokyo_178798_relational_between,178798,stress_test,relational_between,vector,2,2018_2707932__event_003,0.8674024343490601,False
tokyo_178798_relational_between,178798,stress_test,relational_between,vector,3,2018_2707945__event_002,0.8543893098831177,False
tokyo_178798_relational_between,178798,stress_test,relational_between,vector,4,2018_2707932__event_001,0.8543406128883362,False
tokyo_178798_relational_between,178798,stress_test,relational_between,vector,5,2018_2707945__event_001,0.8321247100830078,False
tokyo_178798_relational_between,178798,stress_test,relational_between,vector,6,2018_2707926__event_003,0.8246580362319946,False
tokyo_178798_relational_between,178798,stress_test,relational_between,vector,7,2018_2707923__event_002,0.8124103546142578,False
tokyo_178798_relational_between,178798,stress_test,relational_between,vector,8,2018_2707929__event_001,0.8066681623458862,False
tokyo_178798_relational_between,178798,stress_test,relational_between,vector,9,2018_2707935__event_002,0.8016913533210754,False
tokyo_178798_relational_between,178798,stress_test,relational_between,vector,10,2018_2707928__event_001,0.7999532222747803,False
tokyo_178798_relational_between,178798,stress_test,relational_between,vector,11,2018_2707928__event_002,0.7994049191474915,False
tokyo_178798_relational_between,178798,stress_test,relational_between,vector,12,2018_2707926__event_002,0.7976188659667969,False
tokyo_178798_relational_between,178798,stress_test,relational_between,vector,13,2018_2707929__event_002,0.7945643067359924,False
tokyo_178798_relational_between,178798,stress_test,relational_between,vector,14,2018_2707939__event_002,0.7942860126495361,False
tokyo_178798_relational_between,178798,stress_test,relational_between,vector,15,2018_2707936__event_001,0.7926241159439087,False
tokyo_178798_relational_between,178798,stress_test,relational_between,vector,16,2018_2707926__event_001,0.7925965785980225,False
tokyo_178798_relational_between,178798,stress_test,relational_between,vector,17,2018_2707936__event_002,0.7884135246276855,False
tokyo_178798_relational_between,178798,stress_test,relational_between,vector,18,2018_2707923__event_001,0.7882096767425537,False
tokyo_178798_relational_between,178798,stress_test,relational_between,vector,19,2018_2707935__event_001,0.7882012724876404,False
tokyo_178798_relational_between,178798,stress_test,relational_between,vector,20,2018_2707939__event_001,0.7880659699440002,False
tokyo_178798_relational_between,178798,stress_test,relational_between,vector,21,2018_2707934__event_002,0.7871561050415039,False
tokyo_178798_relational_between,178798,stress_test,relational_between,vector,22,2018_2707940__event_001,0.7810207605361938,False
tokyo_178798_relational_between,178798,stress_test,relational_between,vector,23,2018_2707940__event_002,0.7761884331703186,False
tokyo_178798_relational_between,178798,stress_test,relational_between,vector,24,2018_2707934__event_001,0.7745867371559143,False
tokyo_178798_relational_between,178798,stress_test,relational_between,vector,25,2018_2707942__event_002,0.7741765975952148,False
tokyo_178798_relational_between,178798,stress_test,relational_between,vector,26,2018_2707942__event_001,0.7674615383148193,False
tokyo_19379_relational_between,19379,stress_test,relational_between,vector,1,2018_395435__event_001,0.9061938524246216,True
tokyo_19379_relational_between,19379,stress_test,relational_between,vector,2,2018_395427__event_001,0.9060448408126831,True
tokyo_19379_relational_between,19379,stress_test,relational_between,vector,3,2018_395498__event_001,0.9058241844177246,True
tokyo_19379_relational_between,19379,stress_test,relational_between,vector,4,2018_395498__event_002,0.9040431380271912,True
tokyo_19379_relational_between,19379,stress_test,relational_between,vector,5,2018_395417__event_002,0.9034466743469238,True
tokyo_19379_relational_between,19379,stress_test,relational_between,vector,6,2018_395436__event_002,0.9022693634033203,True
tokyo_19379_relational_between,19379,stress_test,relational_between,vector,7,2018_395382__event_001,0.9018709063529968,True
tokyo_19379_relational_between,19379,stress_test,relational_between,vector,8,2018_395370__event_003,0.9016402959823608,True
tokyo_19379_relational_between,19379,stress_test,relational_between,vector,9,2018_395370__event_001,0.9004799127578735,True
tokyo_19379_relational_between,19379,stress_test,relational_between,vector,10,2018_395342__event_002,0.9002965688705444,True
tokyo_19379_relational_between,19379,stress_test,relational_between,vector,11,2018_395302__event_001,0.8999900817871094,True
tokyo_19379_relational_between,19379,stress_test,relational_between,vector,12,2018_395431__event_002,0.8975235819816589,True
tokyo_19379_relational_between,19379,stress_test,relational_between,vector,13,2018_395493__event_002,0.897171139717102,True
tokyo_19379_relational_between,19379,stress_test,relational_between,vector,14,2018_395514__event_002,0.8969841599464417,True
tokyo_19379_relational_between,19379,stress_test,relational_between,vector,15,2018_395347__event_002,0.8961990475654602,True
tokyo_19379_relational_between,19379,stress_test,relational_between,vector,16,2018_395290__event_001,0.8954488039016724,True
tokyo_19379_relational_between,19379,stress_test,relational_between,vector,17,2018_395281__event_002,0.8953721523284912,True
tokyo_19379_relational_between,19379,stress_test,relational_between,vector,18,2018_395325__event_002,0.8937023282051086,True
tokyo_19379_relational_between,19379,stress_test,relational_between,vector,19,2018_395315__event_001,0.8923494815826416,True
tokyo_19379_relational_between,19379,stress_test,relational_between,vector,20,2018_395519__event_002,0.8918642997741699,True
tokyo_19379_relational_between,19379,stress_test,relational_between,vector,21,2018_395381__event_001,0.8918399810791016,True
tokyo_19379_relational_between,19379,stress_test,relational_between,vector,22,2018_395370__event_002,0.8847537636756897,True
tokyo_19379_relational_between,19379,stress_test,relational_between,vector,23,2018_395417__event_001,0.8838844299316406,True
tokyo_19379_relational_between,19379,stress_test,relational_between,vector,24,2018_395435__event_002,0.8790844082832336,True
tokyo_19379_relational_between,19379,stress_test,relational_between,vector,25,2018_395436__event_001,0.8762924671173096,True
tokyo_19379_relational_between,19379,stress_test,relational_between,vector,26,2018_395427__event_002,0.8744909763336182,True
tokyo_19379_relational_between,19379,stress_test,relational_between,vector,27,2018_395342__event_001,0.8718705177307129,True
tokyo_19379_relational_between,19379,stress_test,relational_between,vector,28,2018_395382__event_002,0.8706932067871094,True
tokyo_19379_relational_between,19379,stress_test,relational_between,vector,29,2018_395302__event_002,0.8647153377532959,True
tokyo_19379_relational_between,19379,stress_test,relational_between,vector,30,2018_395514__event_001,0.8637027740478516,True
tokyo_19379_relational_between,19379,stress_test,relational_between,vector,31,2018_395431__event_001,0.8623208403587341,True
tokyo_19379_relational_between,19379,stress_test,relational_between,vector,32,2018_395347__event_001,0.8615853786468506,True
tokyo_19379_relational_between,19379,stress_test,relational_between,vector,33,2018_395290__event_002,0.8604723811149597,True
tokyo_19379_relational_between,19379,stress_test,relational_between,vector,34,2018_395493__event_001,0.8602831363677979,True
tokyo_19379_relational_between,19379,stress_test,relational_between,vector,35,2018_395281__event_001,0.8600914478302002,True
tokyo_19379_relational_between,19379,stress_test,relational_between,vector,36,2018_395325__event_001,0.8577243089675903,True
tokyo_19379_relational_between,19379,stress_test,relational_between,vector,37,2018_395325__event_003,0.8542119264602661,True
tokyo_19379_relational_between,19379,stress_test,relational_between,vector,38,2018_395315__event_002,0.8540310263633728,True
tokyo_19379_relational_between,19379,stress_test,relational_between,vector,39,2018_395519__event_001,0.8468931317329407,True
tokyo_19379_relational_between,19379,stress_test,relational_between,vector,40,2018_395380__event_002,0.8434401750564575,True
tokyo_19379_relational_between,19379,stress_test,relational_between,vector,41,2018_395380__event_001,0.8422571420669556,True
tokyo_19379_relational_between,19379,stress_test,relational_between,vector,42,2018_395381__event_002,0.8421540260314941,True
tokyo_19379_relational_between,19379,stress_test,relational_between,vector,43,2018_395384__event_002,0.8414541482925415,True
tokyo_19379_relational_between,19379,stress_test,relational_between,vector,44,2018_395345__event_002,0.8378524780273438,True
tokyo_19379_relational_between,19379,stress_test,relational_between,vector,45,2018_395374__event_003,0.8375953435897827,True
tokyo_19379_relational_between,19379,stress_test,relational_between,vector,46,2018_395345__event_001,0.8375703692436218,True
tokyo_19379_relational_between,19379,stress_test,relational_between,vector,47,2018_395384__event_001,0.8356978297233582,True
tokyo_19379_relational_between,19379,stress_test,relational_between,vector,48,2018_395513__event_001,0.8344664573669434,True
tokyo_19379_relational_between,19379,stress_test,relational_between,vector,49,2018_395374__event_002,0.8315521478652954,True
tokyo_19379_relational_between,19379,stress_test,relational_between,vector,50,2018_395490__event_001,0.8307175040245056,True
tokyo_19379_relational_between,19379,stress_test,relational_between,vector,51,2018_395361__event_001,0.8281217217445374,True
tokyo_19379_relational_between,19379,stress_test,relational_between,vector,52,2018_395366__event_002,0.8257026672363281,True
tokyo_19379_relational_between,19379,stress_test,relational_between,vector,53,2018_395489__event_001,0.8247429132461548,True
tokyo_19379_relational_between,19379,stress_test,relational_between,vector,54,2018_395294__event_001,0.8246710300445557,True
tokyo_19379_relational_between,19379,stress_test,relational_between,vector,55,2018_395452__event_001,0.8236318230628967,True
tokyo_19379_relational_between,19379,stress_test,relational_between,vector,56,2018_395490__event_002,0.8224992752075195,True
tokyo_19379_relational_between,19379,stress_test,relational_between,vector,57,2018_395362__event_001,0.8197511434555054,True
tokyo_19379_relational_between,19379,stress_test,relational_between,vector,58,2018_395497__event_001,0.8197486400604248,True
tokyo_19379_relational_between,19379,stress_test,relational_between,vector,59,2018_395404__event_002,0.817832350730896,True
tokyo_19379_relational_between,19379,stress_test,relational_between,vector,60,2018_395387__event_002,0.817624568939209,True
tokyo_19379_relational_between,19379,stress_test,relational_between,vector,61,2018_395404__event_001,0.8142925500869751,True
tokyo_19379_relational_between,19379,stress_test,relational_between,vector,62,2018_395480__event_001,0.8123234510421753,True
tokyo_19379_relational_between,19379,stress_test,relational_between,vector,63,2018_395361__event_002,0.8121867179870605,True
tokyo_19379_relational_between,19379,stress_test,relational_between,vector,64,2018_395497__event_002,0.811976432800293,True
tokyo_19379_relational_between,19379,stress_test,relational_between,vector,65,2018_395480__event_002,0.8117489218711853,True
tokyo_19379_relational_between,19379,stress_test,relational_between,vector,66,2018_395452__event_002,0.8114116191864014,True
tokyo_19379_relational_between,19379,stress_test,relational_between,vector,67,2018_395366__event_001,0.8109644055366516,True
tokyo_19379_relational_between,19379,stress_test,relational_between,vector,68,2018_395489__event_002,0.810154914855957,True
tokyo_19379_relational_between,19379,stress_test,relational_between,vector,69,2018_395327__event_001,0.8061840534210205,True
tokyo_19379_relational_between,19379,stress_test,relational_between,vector,70,2018_395327__event_002,0.8040316104888916,True
tokyo_19379_relational_between,19379,stress_test,relational_between,vector,71,2018_395374__event_001,0.8004559278488159,True
tokyo_19379_relational_between,19379,stress_test,relational_between,vector,72,2018_395513__event_002,0.7970250844955444,True
tokyo_19379_relational_between,19379,stress_test,relational_between,vector,73,2018_395362__event_003,0.7943601012229919,True
tokyo_19379_relational_between,19379,stress_test,relational_between,vector,74,2018_395294__event_002,0.7938896417617798,True
tokyo_19379_relational_between,19379,stress_test,relational_between,vector,75,2018_395387__event_001,0.7926534414291382,True
tokyo_19379_relational_between,19379,stress_test,relational_between,vector,76,2018_395340__event_001,0.7910080552101135,True
tokyo_19379_relational_between,19379,stress_test,relational_between,vector,77,2018_395340__event_002,0.7852345705032349,True
tokyo_19379_relational_between,19379,stress_test,relational_between,vector,78,2018_395333__event_002,0.7803436517715454,True
tokyo_19379_relational_between,19379,stress_test,relational_between,vector,79,2018_395362__event_002,0.7773103713989258,True
tokyo_19379_relational_between,19379,stress_test,relational_between,vector,80,2018_395333__event_001,0.7578362226486206,True
tokyo_210254_relational_between,210254,stress_test,relational_between,vector,1,2018_2949696__event_003,0.902869701385498,False
tokyo_210254_relational_between,210254,stress_test,relational_between,vector,2,2018_2949695__event_002,0.9012163877487183,False
tokyo_210254_relational_between,210254,stress_test,relational_between,vector,3,2018_2949696__event_004,0.8994753360748291,False
tokyo_210254_relational_between,210254,stress_test,relational_between,vector,4,2018_2949678__event_002,0.8938248157501221,False
tokyo_210254_relational_between,210254,stress_test,relational_between,vector,5,2018_2949678__event_001,0.8540527820587158,False
tokyo_210254_relational_between,210254,stress_test,relational_between,vector,6,2018_2949695__event_001,0.8491132259368896,False
tokyo_210254_relational_between,210254,stress_test,relational_between,vector,7,2018_2949696__event_002,0.8479876518249512,False
tokyo_210254_relational_between,210254,stress_test,relational_between,vector,8,2018_2949702__event_001,0.835858941078186,False
tokyo_210254_relational_between,210254,stress_test,relational_between,vector,9,2018_2949684__event_001,0.8298012018203735,False
tokyo_210254_relational_between,210254,stress_test,relational_between,vector,10,2018_2949692__event_001,0.8277029991149902,False
tokyo_210254_relational_between,210254,stress_test,relational_between,vector,11,2018_2949684__event_002,0.8250032663345337,False
tokyo_210254_relational_between,210254,stress_test,relational_between,vector,12,2018_2949696__event_001,0.8200352191925049,False
tokyo_210254_relational_between,210254,stress_test,relational_between,vector,13,2018_2949690__event_001,0.818835437297821,False
tokyo_210254_relational_between,210254,stress_test,relational_between,vector,14,2018_2949691__event_002,0.8167474269866943,False
tokyo_210254_relational_between,210254,stress_test,relational_between,vector,15,2018_2949690__event_002,0.8155323266983032,False
tokyo_210254_relational_between,210254,stress_test,relational_between,vector,16,2018_2949692__event_002,0.8150936961174011,False
tokyo_210254_relational_between,210254,stress_test,relational_between,vector,17,2018_2949676__event_001,0.8135867118835449,False
tokyo_210254_relational_between,210254,stress_test,relational_between,vector,18,2018_2949693__event_001,0.8091245293617249,False
tokyo_210254_relational_between,210254,stress_test,relational_between,vector,19,2018_2949693__event_002,0.808692216873169,False
tokyo_210254_relational_between,210254,stress_test,relational_between,vector,20,2018_2949676__event_002,0.8073766827583313,False
tokyo_210254_relational_between,210254,stress_test,relational_between,vector,21,2018_2949702__event_002,0.8061052560806274,False
tokyo_210254_relational_between,210254,stress_test,relational_between,vector,22,2018_2949691__event_001,0.8056361675262451,False
tokyo_210254_relational_between,210254,stress_test,relational_between,vector,23,2018_2949690__event_003,0.7940493822097778,False
tokyo_210254_relational_between,210254,stress_test,relational_between,vector,24,2018_2949683__event_002,0.7935428619384766,False
tokyo_210254_relational_between,210254,stress_test,relational_between,vector,25,2018_2949686__event_002,0.7887685894966125,False
tokyo_210254_relational_between,210254,stress_test,relational_between,vector,26,2018_2949689__event_001,0.7885482311248779,False
tokyo_210254_relational_between,210254,stress_test,relational_between,vector,27,2018_2949689__event_002,0.7810581922531128,False
tokyo_210254_relational_between,210254,stress_test,relational_between,vector,28,2018_2949683__event_001,0.7775766253471375,False
tokyo_210254_relational_between,210254,stress_test,relational_between,vector,29,2018_2949686__event_001,0.7675601840019226,False
tokyo_223807_relational_between,223807,stress_test,relational_between,vector,1,2018_3045879__event_003,0.8988777995109558,False
tokyo_223807_relational_between,223807,stress_test,relational_between,vector,2,2018_3045879__event_002,0.8930553197860718,False
tokyo_223807_relational_between,223807,stress_test,relational_between,vector,3,2018_3045879__event_004,0.8652936220169067,False
tokyo_223807_relational_between,223807,stress_test,relational_between,vector,4,2018_3045879__event_001,0.8486709594726562,False
tokyo_223807_relational_between,223807,stress_test,relational_between,vector,5,2018_3045879__event_005,0.8394505977630615,False
tokyo_223807_relational_between,223807,stress_test,relational_between,vector,6,2018_3045886__event_002,0.8150267601013184,False
tokyo_223807_relational_between,223807,stress_test,relational_between,vector,7,2018_3045888__event_002,0.8147994875907898,False
tokyo_223807_relational_between,223807,stress_test,relational_between,vector,8,2018_3045886__event_001,0.8142361044883728,False
tokyo_223807_relational_between,223807,stress_test,relational_between,vector,9,2018_3045888__event_001,0.8131468296051025,False
tokyo_223807_relational_between,223807,stress_test,relational_between,vector,10,2018_3045895__event_001,0.8122678399085999,False
tokyo_223807_relational_between,223807,stress_test,relational_between,vector,11,2018_3045895__event_002,0.8093023300170898,False
tokyo_223807_relational_between,223807,stress_test,relational_between,vector,12,2018_3045903__event_002,0.808722734451294,False
tokyo_223807_relational_between,223807,stress_test,relational_between,vector,13,2018_3045880__event_002,0.8071213364601135,False
tokyo_223807_relational_between,223807,stress_test,relational_between,vector,14,2018_3045890__event_001,0.8069310188293457,False
tokyo_223807_relational_between,223807,stress_test,relational_between,vector,15,2018_3045900__event_001,0.8064782619476318,False
tokyo_223807_relational_between,223807,stress_test,relational_between,vector,16,2018_3045890__event_002,0.8062938451766968,False
tokyo_223807_relational_between,223807,stress_test,relational_between,vector,17,2018_3045903__event_001,0.8056899905204773,False
tokyo_223807_relational_between,223807,stress_test,relational_between,vector,18,2018_3045885__event_001,0.8051472902297974,False
tokyo_223807_relational_between,223807,stress_test,relational_between,vector,19,2018_3045877__event_001,0.8047809600830078,False
tokyo_223807_relational_between,223807,stress_test,relational_between,vector,20,2018_3045900__event_002,0.8043520450592041,False
tokyo_223807_relational_between,223807,stress_test,relational_between,vector,21,2018_3045880__event_001,0.7991809844970703,False
tokyo_223807_relational_between,223807,stress_test,relational_between,vector,22,2018_3045877__event_002,0.7985328435897827,False
tokyo_223807_relational_between,223807,stress_test,relational_between,vector,23,2018_3045878__event_003,0.7934162616729736,False
tokyo_223807_relational_between,223807,stress_test,relational_between,vector,24,2018_3045885__event_002,0.7880384922027588,False
tokyo_223807_relational_between,223807,stress_test,relational_between,vector,25,2018_3045878__event_002,0.7830778360366821,False
tokyo_223807_relational_between,223807,stress_test,relational_between,vector,26,2018_3045878__event_001,0.7813289761543274,False
tokyo_2309_relational_between,2309,stress_test,relational_between,vector,1,2018_50035__event_004,0.9034483432769775,False
tokyo_2309_relational_between,2309,stress_test,relational_between,vector,2,2018_50035__event_003,0.8951570987701416,False
tokyo_2309_relational_between,2309,stress_test,relational_between,vector,3,2018_50057__event_001,0.8848022222518921,False
tokyo_2309_relational_between,2309,stress_test,relational_between,vector,4,2018_50038__event_002,0.871655285358429,False
tokyo_2309_relational_between,2309,stress_test,relational_between,vector,5,2018_50031__event_002,0.8687117099761963,False
tokyo_2309_relational_between,2309,stress_test,relational_between,vector,6,2018_50033__event_002,0.8682804703712463,False
tokyo_2309_relational_between,2309,stress_test,relational_between,vector,7,2018_50035__event_002,0.8674594163894653,False
tokyo_2309_relational_between,2309,stress_test,relational_between,vector,8,2018_50057__event_002,0.8613516092300415,False
tokyo_2309_relational_between,2309,stress_test,relational_between,vector,9,2018_50031__event_001,0.8522117733955383,False
tokyo_2309_relational_between,2309,stress_test,relational_between,vector,10,2018_50038__event_001,0.8518885374069214,False
tokyo_2309_relational_between,2309,stress_test,relational_between,vector,11,2018_50033__event_001,0.8513926267623901,False
tokyo_2309_relational_between,2309,stress_test,relational_between,vector,12,2018_50035__event_001,0.8428192734718323,False
tokyo_2309_relational_between,2309,stress_test,relational_between,vector,13,2018_50031__event_003,0.8401873707771301,False
tokyo_2309_relational_between,2309,stress_test,relational_between,vector,14,2018_50057__event_003,0.8269115686416626,False
tokyo_2309_relational_between,2309,stress_test,relational_between,vector,15,2018_50056__event_002,0.8223609328269958,False
tokyo_2309_relational_between,2309,stress_test,relational_between,vector,16,2018_50033__event_003,0.8189536333084106,False
tokyo_2309_relational_between,2309,stress_test,relational_between,vector,17,2018_50037__event_002,0.8167523145675659,False
tokyo_2309_relational_between,2309,stress_test,relational_between,vector,18,2018_50056__event_001,0.8156823515892029,False
tokyo_2309_relational_between,2309,stress_test,relational_between,vector,19,2018_50042__event_001,0.8119296431541443,False
tokyo_2309_relational_between,2309,stress_test,relational_between,vector,20,2018_50055__event_001,0.8108973503112793,False
tokyo_2309_relational_between,2309,stress_test,relational_between,vector,21,2018_50037__event_003,0.8092104196548462,False
tokyo_2309_relational_between,2309,stress_test,relational_between,vector,22,2018_50051__event_001,0.8088974356651306,False
tokyo_2309_relational_between,2309,stress_test,relational_between,vector,23,2018_50042__event_002,0.7970293760299683,False
tokyo_2309_relational_between,2309,stress_test,relational_between,vector,24,2018_50051__event_002,0.7962042093276978,False
tokyo_2309_relational_between,2309,stress_test,relational_between,vector,25,2018_50055__event_002,0.7958834767341614,False
tokyo_2309_relational_between,2309,stress_test,relational_between,vector,26,2018_50037__event_001,0.7947230339050293,False
tokyo_2309_relational_between,2309,stress_test,relational_between,vector,27,2018_50041__event_001,0.7905837893486023,False
tokyo_2309_relational_between,2309,stress_test,relational_between,vector,28,2018_50060__event_002,0.7892165780067444,False
tokyo_2309_relational_between,2309,stress_test,relational_between,vector,29,2018_50060__event_001,0.7888893485069275,False
tokyo_2309_relational_between,2309,stress_test,relational_between,vector,30,2018_50040__event_002,0.7882931232452393,False
tokyo_2309_relational_between,2309,stress_test,relational_between,vector,31,2018_50041__event_002,0.7874542474746704,False
tokyo_2309_relational_between,2309,stress_test,relational_between,vector,32,2018_50059__event_002,0.7821322679519653,False
tokyo_2309_relational_between,2309,stress_test,relational_between,vector,33,2018_50059__event_001,0.7759857773780823,False
tokyo_2309_relational_between,2309,stress_test,relational_between,vector,34,2018_50040__event_001,0.7749135494232178,False
tokyo_23925_relational_between,23925,stress_test,relational_between,vector,1,2018_485886__event_002,0.9011363983154297,False
tokyo_23925_relational_between,23925,stress_test,relational_between,vector,2,2018_485886__event_001,0.8927704691886902,False
tokyo_23925_relational_between,23925,stress_test,relational_between,vector,3,2018_485935__event_002,0.8838666677474976,False
tokyo_23925_relational_between,23925,stress_test,relational_between,vector,4,2018_485935__event_001,0.880047082901001,False
tokyo_23925_relational_between,23925,stress_test,relational_between,vector,5,2018_485882__event_002,0.8752771615982056,False
tokyo_23925_relational_between,23925,stress_test,relational_between,vector,6,2018_485935__event_003,0.8751977682113647,False
tokyo_23925_relational_between,23925,stress_test,relational_between,vector,7,2018_485910__event_004,0.8747506141662598,False
tokyo_23925_relational_between,23925,stress_test,relational_between,vector,8,2018_485933__event_003,0.8747107982635498,False
tokyo_23925_relational_between,23925,stress_test,relational_between,vector,9,2018_485882__event_001,0.857357382774353,False
tokyo_23925_relational_between,23925,stress_test,relational_between,vector,10,2018_485933__event_002,0.8484299182891846,False
tokyo_23925_relational_between,23925,stress_test,relational_between,vector,11,2018_485910__event_003,0.8482370376586914,False
tokyo_23925_relational_between,23925,stress_test,relational_between,vector,12,2018_485910__event_002,0.8437066078186035,False
tokyo_23925_relational_between,23925,stress_test,relational_between,vector,13,2018_485902__event_001,0.842742919921875,False
tokyo_23925_relational_between,23925,stress_test,relational_between,vector,14,2018_485910__event_001,0.8420698642730713,False
tokyo_23925_relational_between,23925,stress_test,relational_between,vector,15,2018_485917__event_001,0.8416745066642761,False
tokyo_23925_relational_between,23925,stress_test,relational_between,vector,16,2018_485944__event_001,0.8407386541366577,False
tokyo_23925_relational_between,23925,stress_test,relational_between,vector,17,2018_485934__event_001,0.8337032794952393,False
tokyo_23925_relational_between,23925,stress_test,relational_between,vector,18,2018_485887__event_001,0.8336144685745239,False
tokyo_23925_relational_between,23925,stress_test,relational_between,vector,19,2018_485912__event_001,0.8316326141357422,False
tokyo_23925_relational_between,23925,stress_test,relational_between,vector,20,2018_485887__event_002,0.8301838636398315,False
tokyo_23925_relational_between,23925,stress_test,relational_between,vector,21,2018_485934__event_002,0.8290934562683105,False
tokyo_23925_relational_between,23925,stress_test,relational_between,vector,22,2018_485944__event_002,0.8279750347137451,False
tokyo_23925_relational_between,23925,stress_test,relational_between,vector,23,2018_485894__event_001,0.8270472884178162,False
tokyo_23925_relational_between,23925,stress_test,relational_between,vector,24,2018_485912__event_002,0.825019121170044,False
tokyo_23925_relational_between,23925,stress_test,relational_between,vector,25,2018_485917__event_002,0.8232938647270203,False
tokyo_23925_relational_between,23925,stress_test,relational_between,vector,26,2018_485902__event_002,0.822049617767334,False
tokyo_23925_relational_between,23925,stress_test,relational_between,vector,27,2018_485933__event_001,0.8218833804130554,False
tokyo_23925_relational_between,23925,stress_test,relational_between,vector,28,2018_485892__event_002,0.818792462348938,False
tokyo_23925_relational_between,23925,stress_test,relational_between,vector,29,2018_485892__event_001,0.8177055716514587,False
tokyo_23925_relational_between,23925,stress_test,relational_between,vector,30,2018_485906__event_001,0.815864086151123,False
tokyo_23925_relational_between,23925,stress_test,relational_between,vector,31,2018_485904__event_001,0.8147702813148499,False
tokyo_23925_relational_between,23925,stress_test,relational_between,vector,32,2018_485894__event_002,0.8139488697052002,False
tokyo_23925_relational_between,23925,stress_test,relational_between,vector,33,2018_485932__event_001,0.8128941655158997,False
tokyo_23925_relational_between,23925,stress_test,relational_between,vector,34,2018_485904__event_002,0.8072965741157532,False
tokyo_23925_relational_between,23925,stress_test,relational_between,vector,35,2018_485906__event_002,0.8071885704994202,False
tokyo_23925_relational_between,23925,stress_test,relational_between,vector,36,2018_485898__event_001,0.8058919906616211,False
tokyo_23925_relational_between,23925,stress_test,relational_between,vector,37,2018_485898__event_002,0.8032299280166626,False
tokyo_23925_relational_between,23925,stress_test,relational_between,vector,38,2018_485932__event_002,0.8012244701385498,False
tokyo_23925_relational_between,23925,stress_test,relational_between,vector,39,2018_485921__event_002,0.8004827499389648,False
tokyo_23925_relational_between,23925,stress_test,relational_between,vector,40,2018_485887__event_003,0.8001389503479004,False
tokyo_23925_relational_between,23925,stress_test,relational_between,vector,41,2018_485921__event_001,0.7958554029464722,False
tokyo_23925_relational_between,23925,stress_test,relational_between,vector,42,2018_485881__event_001,0.7935178279876709,False
tokyo_23925_relational_between,23925,stress_test,relational_between,vector,43,2018_485881__event_002,0.7926725149154663,False
tokyo_24664_relational_between,24664,stress_test,relational_between,vector,1,2018_501939__event_004,0.8867141008377075,True
tokyo_24664_relational_between,24664,stress_test,relational_between,vector,2,2018_501939__event_003,0.8768396377563477,True
tokyo_24664_relational_between,24664,stress_test,relational_between,vector,3,2018_501939__event_001,0.8572547435760498,True
tokyo_24664_relational_between,24664,stress_test,relational_between,vector,4,2018_501939__event_002,0.8524333238601685,True
tokyo_24664_relational_between,24664,stress_test,relational_between,vector,5,2018_501939__event_005,0.8512511849403381,True
tokyo_24664_relational_between,24664,stress_test,relational_between,vector,6,2018_501939__event_006,0.8039530515670776,True
tokyo_24664_relational_between,24664,stress_test,relational_between,vector,7,2018_501939__event_007,0.7873159646987915,True
tokyo_24664_relational_between,24664,stress_test,relational_between,vector,8,2018_501939__event_008,0.7869487404823303,True
tokyo_24664_relational_between,24664,stress_test,relational_between,vector,9,2018_501911__event_001,0.7762472629547119,True
tokyo_24664_relational_between,24664,stress_test,relational_between,vector,10,2018_501914__event_001,0.7663419246673584,True
tokyo_24664_relational_between,24664,stress_test,relational_between,vector,11,2018_501959__event_001,0.763870120048523,True
tokyo_24664_relational_between,24664,stress_test,relational_between,vector,12,2018_501938__event_002,0.7636679410934448,True
tokyo_24664_relational_between,24664,stress_test,relational_between,vector,13,2018_501948__event_002,0.7628204822540283,True
tokyo_24664_relational_between,24664,stress_test,relational_between,vector,14,2018_501940__event_001,0.7627823948860168,True
tokyo_24664_relational_between,24664,stress_test,relational_between,vector,15,2018_501909__event_002,0.7609876990318298,True
tokyo_24664_relational_between,24664,stress_test,relational_between,vector,16,2018_501948__event_001,0.7600733637809753,True
tokyo_24664_relational_between,24664,stress_test,relational_between,vector,17,2018_501940__event_002,0.7600721120834351,True
tokyo_24664_relational_between,24664,stress_test,relational_between,vector,18,2018_501935__event_001,0.7589682936668396,True
tokyo_24664_relational_between,24664,stress_test,relational_between,vector,19,2018_501944__event_001,0.7569241523742676,True
tokyo_24664_relational_between,24664,stress_test,relational_between,vector,20,2018_501938__event_001,0.7556139230728149,True
tokyo_24664_relational_between,24664,stress_test,relational_between,vector,21,2018_501925__event_001,0.7544710636138916,True
tokyo_24664_relational_between,24664,stress_test,relational_between,vector,22,2018_501959__event_002,0.7544078826904297,True
tokyo_24664_relational_between,24664,stress_test,relational_between,vector,23,2018_501962__event_001,0.7537871599197388,True
tokyo_24664_relational_between,24664,stress_test,relational_between,vector,24,2018_501932__event_003,0.7531743049621582,True
tokyo_24664_relational_between,24664,stress_test,relational_between,vector,25,2018_501948__event_003,0.7529966831207275,True
tokyo_24664_relational_between,24664,stress_test,relational_between,vector,26,2018_501935__event_002,0.7526636719703674,True
tokyo_24664_relational_between,24664,stress_test,relational_between,vector,27,2018_501962__event_006,0.7522385716438293,True
tokyo_24664_relational_between,24664,stress_test,relational_between,vector,28,2018_501918__event_002,0.7522167563438416,True
tokyo_24664_relational_between,24664,stress_test,relational_between,vector,29,2018_501955__event_002,0.7517856359481812,True
tokyo_24664_relational_between,24664,stress_test,relational_between,vector,30,2018_501956__event_001,0.7515479326248169,True
tokyo_24664_relational_between,24664,stress_test,relational_between,vector,31,2018_501944__event_002,0.7511302828788757,True
tokyo_24664_relational_between,24664,stress_test,relational_between,vector,32,2018_501962__event_005,0.751041054725647,True
tokyo_24664_relational_between,24664,stress_test,relational_between,vector,33,2018_501914__event_002,0.7508427500724792,True
tokyo_24664_relational_between,24664,stress_test,relational_between,vector,34,2018_501932__event_005,0.75033038854599,True
tokyo_24664_relational_between,24664,stress_test,relational_between,vector,35,2018_501968__event_002,0.7494566440582275,True
tokyo_24664_relational_between,24664,stress_test,relational_between,vector,36,2018_501925__event_002,0.7493526935577393,True
tokyo_24664_relational_between,24664,stress_test,relational_between,vector,37,2018_501911__event_002,0.7487642765045166,True
tokyo_24664_relational_between,24664,stress_test,relational_between,vector,38,2018_501939__event_009,0.748668909072876,True
tokyo_24664_relational_between,24664,stress_test,relational_between,vector,39,2018_501916__event_001,0.7481220960617065,True
tokyo_24664_relational_between,24664,stress_test,relational_between,vector,40,2018_501965__event_001,0.7471340894699097,True
tokyo_24664_relational_between,24664,stress_test,relational_between,vector,41,2018_501932__event_001,0.7471333742141724,True
tokyo_24664_relational_between,24664,stress_test,relational_between,vector,42,2018_501950__event_001,0.7470797300338745,True
tokyo_24664_relational_between,24664,stress_test,relational_between,vector,43,2018_501968__event_001,0.7468830347061157,True
tokyo_24664_relational_between,24664,stress_test,relational_between,vector,44,2018_501962__event_002,0.7466444969177246,True
tokyo_24664_relational_between,24664,stress_test,relational_between,vector,45,2018_501969__event_001,0.7465947866439819,True
tokyo_24664_relational_between,24664,stress_test,relational_between,vector,46,2018_501909__event_001,0.7461844682693481,True
tokyo_24664_relational_between,24664,stress_test,relational_between,vector,47,2018_501962__event_004,0.7459141612052917,True
tokyo_24664_relational_between,24664,stress_test,relational_between,vector,48,2018_501965__event_002,0.7458593249320984,True
tokyo_24664_relational_between,24664,stress_test,relational_between,vector,49,2018_501932__event_002,0.7457447052001953,True
tokyo_24664_relational_between,24664,stress_test,relational_between,vector,50,2018_501932__event_004,0.7451369762420654,True
tokyo_24664_relational_between,24664,stress_test,relational_between,vector,51,2018_501947__event_002,0.7449928522109985,True
tokyo_24664_relational_between,24664,stress_test,relational_between,vector,52,2018_501958__event_002,0.7443666458129883,True
tokyo_24664_relational_between,24664,stress_test,relational_between,vector,53,2018_501942__event_002,0.7441399693489075,True
tokyo_24664_relational_between,24664,stress_test,relational_between,vector,54,2018_501947__event_001,0.7434685826301575,True
tokyo_24664_relational_between,24664,stress_test,relational_between,vector,55,2018_501920__event_002,0.7432708144187927,True
tokyo_24664_relational_between,24664,stress_test,relational_between,vector,56,2018_501958__event_001,0.7429022789001465,True
tokyo_24664_relational_between,24664,stress_test,relational_between,vector,57,2018_501920__event_001,0.7426732778549194,True
tokyo_24664_relational_between,24664,stress_test,relational_between,vector,58,2018_501969__event_002,0.741264283657074,True
tokyo_24664_relational_between,24664,stress_test,relational_between,vector,59,2018_501942__event_001,0.7400457859039307,True
tokyo_24664_relational_between,24664,stress_test,relational_between,vector,60,2018_501956__event_002,0.7398327589035034,True
tokyo_24664_relational_between,24664,stress_test,relational_between,vector,61,2018_501962__event_003,0.7382816076278687,True
tokyo_24664_relational_between,24664,stress_test,relational_between,vector,62,2018_501950__event_002,0.7378594875335693,True
tokyo_24664_relational_between,24664,stress_test,relational_between,vector,63,2018_501916__event_002,0.7371940612792969,True
tokyo_24664_relational_between,24664,stress_test,relational_between,vector,64,2018_501956__event_003,0.7355108261108398,True
tokyo_24664_relational_between,24664,stress_test,relational_between,vector,65,2018_501955__event_001,0.7346264123916626,True
tokyo_24664_relational_between,24664,stress_test,relational_between,vector,66,2018_501918__event_001,0.7346179485321045,True
tokyo_24664_relational_between,24664,stress_test,relational_between,vector,67,2018_501954__event_002,0.7340994477272034,True
tokyo_24664_relational_between,24664,stress_test,relational_between,vector,68,2018_501954__event_001,0.7330894470214844,True
tokyo_24664_relational_between,24664,stress_test,relational_between,vector,69,2018_501916__event_003,0.72906494140625,True
tokyo_24765_relational_between,24765,stress_test,relational_between,vector,1,2018_504023__event_004,0.9028424620628357,True
tokyo_24765_relational_between,24765,stress_test,relational_between,vector,2,2018_504023__event_003,0.894976019859314,True
tokyo_24765_relational_between,24765,stress_test,relational_between,vector,3,2018_504023__event_005,0.8722546100616455,True
tokyo_24765_relational_between,24765,stress_test,relational_between,vector,4,2018_504023__event_002,0.8645304441452026,True
tokyo_24765_relational_between,24765,stress_test,relational_between,vector,5,2018_504026__event_003,0.8432500958442688,True
tokyo_24765_relational_between,24765,stress_test,relational_between,vector,6,2018_504023__event_001,0.8428165912628174,True
tokyo_24765_relational_between,24765,stress_test,relational_between,vector,7,2018_504031__event_001,0.8098215460777283,True
tokyo_24765_relational_between,24765,stress_test,relational_between,vector,8,2018_504028__event_002,0.8096128702163696,True
tokyo_24765_relational_between,24765,stress_test,relational_between,vector,9,2018_504026__event_002,0.8093169927597046,True
tokyo_24765_relational_between,24765,stress_test,relational_between,vector,10,2018_503989__event_001,0.806410014629364,True
tokyo_24765_relational_between,24765,stress_test,relational_between,vector,11,2018_503992__event_002,0.8019236922264099,True
tokyo_24765_relational_between,24765,stress_test,relational_between,vector,12,2018_503989__event_002,0.8008584380149841,True
tokyo_24765_relational_between,24765,stress_test,relational_between,vector,13,2018_504031__event_002,0.7975451350212097,True
tokyo_24765_relational_between,24765,stress_test,relational_between,vector,14,2018_504028__event_001,0.7973378300666809,True
tokyo_24765_relational_between,24765,stress_test,relational_between,vector,15,2018_504011__event_001,0.7970197200775146,True
tokyo_24765_relational_between,24765,stress_test,relational_between,vector,16,2018_503991__event_002,0.7960591912269592,True
tokyo_24765_relational_between,24765,stress_test,relational_between,vector,17,2018_504023__event_006,0.7958811521530151,True
tokyo_24765_relational_between,24765,stress_test,relational_between,vector,18,2018_503992__event_001,0.7943435311317444,True
tokyo_24765_relational_between,24765,stress_test,relational_between,vector,19,2018_504006__event_002,0.7920246720314026,True
tokyo_24765_relational_between,24765,stress_test,relational_between,vector,20,2018_504006__event_001,0.7886165380477905,True
tokyo_24765_relational_between,24765,stress_test,relational_between,vector,21,2018_504032__event_001,0.787998616695404,True
tokyo_24765_relational_between,24765,stress_test,relational_between,vector,22,2018_503988__event_002,0.7879235744476318,True
tokyo_24765_relational_between,24765,stress_test,relational_between,vector,23,2018_504030__event_001,0.7865195274353027,True
tokyo_24765_relational_between,24765,stress_test,relational_between,vector,24,2018_503988__event_001,0.7855069637298584,True
tokyo_24765_relational_between,24765,stress_test,relational_between,vector,25,2018_504030__event_002,0.7847003936767578,True
tokyo_24765_relational_between,24765,stress_test,relational_between,vector,26,2018_504019__event_002,0.7828707098960876,True
tokyo_24765_relational_between,24765,stress_test,relational_between,vector,27,2018_503997__event_001,0.7826417684555054,True
tokyo_24765_relational_between,24765,stress_test,relational_between,vector,28,2018_504019__event_001,0.7817761301994324,True
tokyo_24765_relational_between,24765,stress_test,relational_between,vector,29,2018_503991__event_001,0.7815337181091309,True
tokyo_24765_relational_between,24765,stress_test,relational_between,vector,30,2018_503999__event_001,0.7808911800384521,True
tokyo_24765_relational_between,24765,stress_test,relational_between,vector,31,2018_504007__event_001,0.7798959016799927,True
tokyo_24765_relational_between,24765,stress_test,relational_between,vector,32,2018_504023__event_007,0.7797129154205322,True
tokyo_24765_relational_between,24765,stress_test,relational_between,vector,33,2018_504011__event_002,0.7788205742835999,True
tokyo_24765_relational_between,24765,stress_test,relational_between,vector,34,2018_504000__event_001,0.7757497429847717,True
tokyo_24765_relational_between,24765,stress_test,relational_between,vector,35,2018_504020__event_002,0.7746820449829102,True
tokyo_24765_relational_between,24765,stress_test,relational_between,vector,36,2018_504013__event_001,0.7726743221282959,True
tokyo_24765_relational_between,24765,stress_test,relational_between,vector,37,2018_504007__event_002,0.7722609043121338,True
tokyo_24765_relational_between,24765,stress_test,relational_between,vector,38,2018_504033__event_001,0.7720088958740234,True
tokyo_24765_relational_between,24765,stress_test,relational_between,vector,39,2018_504005__event_002,0.7717087268829346,True
tokyo_24765_relational_between,24765,stress_test,relational_between,vector,40,2018_503997__event_002,0.7716267704963684,True
tokyo_24765_relational_between,24765,stress_test,relational_between,vector,41,2018_504013__event_002,0.770447850227356,True
tokyo_24765_relational_between,24765,stress_test,relational_between,vector,42,2018_504005__event_001,0.7698646783828735,True
tokyo_24765_relational_between,24765,stress_test,relational_between,vector,43,2018_503999__event_002,0.7698312401771545,True
tokyo_24765_relational_between,24765,stress_test,relational_between,vector,44,2018_504032__event_002,0.7684195041656494,True
tokyo_24765_relational_between,24765,stress_test,relational_between,vector,45,2018_504033__event_002,0.7680385708808899,True
tokyo_24765_relational_between,24765,stress_test,relational_between,vector,46,2018_504000__event_002,0.7679953575134277,True
tokyo_24765_relational_between,24765,stress_test,relational_between,vector,47,2018_504032__event_003,0.7661124467849731,True
tokyo_24765_relational_between,24765,stress_test,relational_between,vector,48,2018_504020__event_001,0.7660847902297974,True
tokyo_24765_relational_between,24765,stress_test,relational_between,vector,49,2018_504026__event_001,0.7655092477798462,True
tokyo_24765_relational_between,24765,stress_test,relational_between,vector,50,2018_504025__event_001,0.7580742835998535,True
tokyo_24765_relational_between,24765,stress_test,relational_between,vector,51,2018_504025__event_002,0.7486122846603394,True
tokyo_254908_relational_between,254908,stress_test,relational_between,vector,1,2018_3245115__event_003,0.8764204382896423,False
tokyo_254908_relational_between,254908,stress_test,relational_between,vector,2,2018_3245120__event_001,0.8752384185791016,False
tokyo_254908_relational_between,254908,stress_test,relational_between,vector,3,2018_3245120__event_002,0.8720695972442627,False
tokyo_254908_relational_between,254908,stress_test,relational_between,vector,4,2018_3245104__event_002,0.8605744242668152,False
tokyo_254908_relational_between,254908,stress_test,relational_between,vector,5,2018_3245113__event_001,0.8558803796768188,False
tokyo_254908_relational_between,254908,stress_test,relational_between,vector,6,2018_3245120__event_003,0.8475510478019714,False
tokyo_254908_relational_between,254908,stress_test,relational_between,vector,7,2018_3245115__event_004,0.8443649411201477,False
tokyo_254908_relational_between,254908,stress_test,relational_between,vector,8,2018_3245104__event_001,0.8286219835281372,False
tokyo_254908_relational_between,254908,stress_test,relational_between,vector,9,2018_3245104__event_003,0.818657398223877,False
tokyo_254908_relational_between,254908,stress_test,relational_between,vector,10,2018_3245119__event_001,0.8142408728599548,False
tokyo_254908_relational_between,254908,stress_test,relational_between,vector,11,2018_3245120__event_004,0.8057138323783875,False
tokyo_254908_relational_between,254908,stress_test,relational_between,vector,12,2018_3245119__event_002,0.8003504276275635,False
tokyo_254908_relational_between,254908,stress_test,relational_between,vector,13,2018_3245206__event_001,0.799384355545044,False
tokyo_254908_relational_between,254908,stress_test,relational_between,vector,14,2018_3245115__event_002,0.7988560199737549,False
tokyo_254908_relational_between,254908,stress_test,relational_between,vector,15,2018_3245206__event_002,0.7931347489356995,False
tokyo_254908_relational_between,254908,stress_test,relational_between,vector,16,2018_3245200__event_003,0.7929362058639526,False
tokyo_254908_relational_between,254908,stress_test,relational_between,vector,17,2018_3245200__event_002,0.7911493182182312,False
tokyo_254908_relational_between,254908,stress_test,relational_between,vector,18,2018_3245113__event_002,0.786011815071106,False
tokyo_254908_relational_between,254908,stress_test,relational_between,vector,19,2018_3245172__event_002,0.783216118812561,False
tokyo_254908_relational_between,254908,stress_test,relational_between,vector,20,2018_3245200__event_001,0.7826694250106812,False
tokyo_254908_relational_between,254908,stress_test,relational_between,vector,21,2018_3245216__event_002,0.7803161144256592,False
tokyo_254908_relational_between,254908,stress_test,relational_between,vector,22,2018_3245121__event_002,0.7797802090644836,False
tokyo_254908_relational_between,254908,stress_test,relational_between,vector,23,2018_3245121__event_001,0.7754539847373962,False
tokyo_254908_relational_between,254908,stress_test,relational_between,vector,24,2018_3245107__event_002,0.7745293974876404,False
tokyo_254908_relational_between,254908,stress_test,relational_between,vector,25,2018_3245107__event_001,0.7718038558959961,False
tokyo_254908_relational_between,254908,stress_test,relational_between,vector,26,2018_3245120__event_005,0.7711195945739746,False
tokyo_254908_relational_between,254908,stress_test,relational_between,vector,27,2018_3245115__event_001,0.7685422301292419,False
tokyo_254908_relational_between,254908,stress_test,relational_between,vector,28,2018_3245119__event_003,0.7684963345527649,False
tokyo_254908_relational_between,254908,stress_test,relational_between,vector,29,2018_3245172__event_001,0.7645022869110107,False
tokyo_254908_relational_between,254908,stress_test,relational_between,vector,30,2018_3245108__event_001,0.7603260278701782,False
tokyo_254908_relational_between,254908,stress_test,relational_between,vector,31,2018_3245108__event_002,0.7583032846450806,False
tokyo_254908_relational_between,254908,stress_test,relational_between,vector,32,2018_3245216__event_001,0.7550169229507446,False
tokyo_254908_relational_between,254908,stress_test,relational_between,vector,33,2018_3245206__event_003,0.7521233558654785,False
tokyo_259163_relational_between,259163,stress_test,relational_between,vector,1,2018_3271974__event_002,0.8823925256729126,False
tokyo_259163_relational_between,259163,stress_test,relational_between,vector,2,2018_3271974__event_003,0.8582510948181152,False
tokyo_259163_relational_between,259163,stress_test,relational_between,vector,3,2018_3271976__event_002,0.856049656867981,False
tokyo_259163_relational_between,259163,stress_test,relational_between,vector,4,2018_3271974__event_001,0.8246768116950989,False
tokyo_259163_relational_between,259163,stress_test,relational_between,vector,5,2018_3271955__event_003,0.821082592010498,False
tokyo_259163_relational_between,259163,stress_test,relational_between,vector,6,2018_3271951__event_001,0.8194746375083923,False
tokyo_259163_relational_between,259163,stress_test,relational_between,vector,7,2018_3271967__event_001,0.8192209601402283,False
tokyo_259163_relational_between,259163,stress_test,relational_between,vector,8,2018_3271982__event_002,0.8162275552749634,False
tokyo_259163_relational_between,259163,stress_test,relational_between,vector,9,2018_3271976__event_001,0.8159905672073364,False
tokyo_259163_relational_between,259163,stress_test,relational_between,vector,10,2018_3271945__event_001,0.8131846189498901,False
tokyo_259163_relational_between,259163,stress_test,relational_between,vector,11,2018_3271983__event_003,0.8059355020523071,False
tokyo_259163_relational_between,259163,stress_test,relational_between,vector,12,2018_3271977__event_002,0.7961588501930237,False
tokyo_259163_relational_between,259163,stress_test,relational_between,vector,13,2018_3271980__event_002,0.7960663437843323,False
tokyo_259163_relational_between,259163,stress_test,relational_between,vector,14,2018_3271977__event_001,0.7918745279312134,False
tokyo_259163_relational_between,259163,stress_test,relational_between,vector,15,2018_3271955__event_002,0.7881432175636292,False
tokyo_259163_relational_between,259163,stress_test,relational_between,vector,16,2018_3271980__event_001,0.7833086252212524,False
tokyo_259163_relational_between,259163,stress_test,relational_between,vector,17,2018_3271945__event_002,0.7824432849884033,False
tokyo_259163_relational_between,259163,stress_test,relational_between,vector,18,2018_3271951__event_002,0.7823119759559631,False
tokyo_259163_relational_between,259163,stress_test,relational_between,vector,19,2018_3271955__event_001,0.7813867330551147,False
tokyo_259163_relational_between,259163,stress_test,relational_between,vector,20,2018_3271977__event_003,0.7810764312744141,False
tokyo_259163_relational_between,259163,stress_test,relational_between,vector,21,2018_3271983__event_004,0.7788755893707275,False
tokyo_259163_relational_between,259163,stress_test,relational_between,vector,22,2018_3271967__event_002,0.777121365070343,False
tokyo_259163_relational_between,259163,stress_test,relational_between,vector,23,2018_3271945__event_003,0.7765134572982788,False
tokyo_259163_relational_between,259163,stress_test,relational_between,vector,24,2018_3271960__event_001,0.775601327419281,False
tokyo_259163_relational_between,259163,stress_test,relational_between,vector,25,2018_3271960__event_002,0.7695368528366089,False
tokyo_259163_relational_between,259163,stress_test,relational_between,vector,26,2018_3271982__event_001,0.7678783535957336,False
tokyo_259163_relational_between,259163,stress_test,relational_between,vector,27,2018_3271983__event_002,0.7661352753639221,False
tokyo_259163_relational_between,259163,stress_test,relational_between,vector,28,2018_3271983__event_001,0.7526575326919556,False
tokyo_263152_relational_between,263152,stress_test,relational_between,vector,1,2018_3295444__event_002,0.9077581167221069,False
tokyo_263152_relational_between,263152,stress_test,relational_between,vector,2,2018_3295444__event_003,0.9066460132598877,False
tokyo_263152_relational_between,263152,stress_test,relational_between,vector,3,2018_3295457__event_002,0.8839350938796997,False
tokyo_263152_relational_between,263152,stress_test,relational_between,vector,4,2018_3295457__event_001,0.8690395355224609,False
tokyo_263152_relational_between,263152,stress_test,relational_between,vector,5,2018_3295444__event_001,0.8614470958709717,False
tokyo_263152_relational_between,263152,stress_test,relational_between,vector,6,2018_3295456__event_003,0.837361752986908,False
tokyo_263152_relational_between,263152,stress_test,relational_between,vector,7,2018_3295443__event_002,0.8311498761177063,False
tokyo_263152_relational_between,263152,stress_test,relational_between,vector,8,2018_3295456__event_004,0.8298568725585938,False
tokyo_263152_relational_between,263152,stress_test,relational_between,vector,9,2018_3295459__event_001,0.8221428394317627,False
tokyo_263152_relational_between,263152,stress_test,relational_between,vector,10,2018_3295451__event_002,0.8124234080314636,False
tokyo_263152_relational_between,263152,stress_test,relational_between,vector,11,2018_3295459__event_002,0.8096981048583984,False
tokyo_263152_relational_between,263152,stress_test,relational_between,vector,12,2018_3295455__event_002,0.8093923330307007,False
tokyo_263152_relational_between,263152,stress_test,relational_between,vector,13,2018_3295443__event_001,0.8088801503181458,False
tokyo_263152_relational_between,263152,stress_test,relational_between,vector,14,2018_3295458__event_001,0.8082470893859863,False
tokyo_263152_relational_between,263152,stress_test,relational_between,vector,15,2018_3295460__event_001,0.8071470260620117,False
tokyo_263152_relational_between,263152,stress_test,relational_between,vector,16,2018_3295464__event_001,0.8044220209121704,False
tokyo_263152_relational_between,263152,stress_test,relational_between,vector,17,2018_3295458__event_002,0.8032674789428711,False
tokyo_263152_relational_between,263152,stress_test,relational_between,vector,18,2018_3295460__event_002,0.802503228187561,False
tokyo_263152_relational_between,263152,stress_test,relational_between,vector,19,2018_3295467__event_002,0.8018045425415039,False
tokyo_263152_relational_between,263152,stress_test,relational_between,vector,20,2018_3295455__event_001,0.8017299175262451,False
tokyo_263152_relational_between,263152,stress_test,relational_between,vector,21,2018_3295467__event_001,0.8013555407524109,False
tokyo_263152_relational_between,263152,stress_test,relational_between,vector,22,2018_3295464__event_002,0.7996237277984619,False
tokyo_263152_relational_between,263152,stress_test,relational_between,vector,23,2018_3295456__event_002,0.7968259453773499,False
tokyo_263152_relational_between,263152,stress_test,relational_between,vector,24,2018_3295452__event_002,0.791521430015564,False
tokyo_263152_relational_between,263152,stress_test,relational_between,vector,25,2018_3295452__event_001,0.7902040481567383,False
tokyo_263152_relational_between,263152,stress_test,relational_between,vector,26,2018_3295456__event_001,0.7894573211669922,False
tokyo_263152_relational_between,263152,stress_test,relational_between,vector,27,2018_3295451__event_001,0.7890231013298035,False
tokyo_264627_relational_between,264627,stress_test,relational_between,vector,1,2018_3303906__event_003,0.8793492317199707,True
tokyo_264627_relational_between,264627,stress_test,relational_between,vector,2,2018_3303906__event_004,0.8525913953781128,True
tokyo_264627_relational_between,264627,stress_test,relational_between,vector,3,2018_3303906__event_002,0.8468096256256104,True
tokyo_264627_relational_between,264627,stress_test,relational_between,vector,4,2018_3303923__event_001,0.8356356620788574,True
tokyo_264627_relational_between,264627,stress_test,relational_between,vector,5,2018_3303957__event_001,0.8336646556854248,True
tokyo_264627_relational_between,264627,stress_test,relational_between,vector,6,2018_3303906__event_001,0.8063040971755981,True
tokyo_264627_relational_between,264627,stress_test,relational_between,vector,7,2018_3303923__event_002,0.7973195314407349,True
tokyo_264627_relational_between,264627,stress_test,relational_between,vector,8,2018_3303899__event_002,0.7954303026199341,True
tokyo_264627_relational_between,264627,stress_test,relational_between,vector,9,2018_3303957__event_002,0.795179009437561,True
tokyo_264627_relational_between,264627,stress_test,relational_between,vector,10,2018_3303924__event_003,0.794512152671814,True
tokyo_264627_relational_between,264627,stress_test,relational_between,vector,11,2018_3303904__event_001,0.7885729074478149,True
tokyo_264627_relational_between,264627,stress_test,relational_between,vector,12,2018_3303924__event_001,0.7869804501533508,True
tokyo_264627_relational_between,264627,stress_test,relational_between,vector,13,2018_3303924__event_002,0.7849836945533752,True
tokyo_264627_relational_between,264627,stress_test,relational_between,vector,14,2018_3303899__event_003,0.7846999764442444,True
tokyo_264627_relational_between,264627,stress_test,relational_between,vector,15,2018_3303898__event_002,0.7812434434890747,True
tokyo_264627_relational_between,264627,stress_test,relational_between,vector,16,2018_3303898__event_001,0.7812332510948181,True
tokyo_264627_relational_between,264627,stress_test,relational_between,vector,17,2018_3303907__event_002,0.7804644107818604,True
tokyo_264627_relational_between,264627,stress_test,relational_between,vector,18,2018_3303955__event_003,0.7789149284362793,True
tokyo_264627_relational_between,264627,stress_test,relational_between,vector,19,2018_3303892__event_002,0.7775794863700867,True
tokyo_264627_relational_between,264627,stress_test,relational_between,vector,20,2018_3303886__event_002,0.7769853472709656,True
tokyo_264627_relational_between,264627,stress_test,relational_between,vector,21,2018_3303892__event_001,0.7769388556480408,True
tokyo_264627_relational_between,264627,stress_test,relational_between,vector,22,2018_3303874__event_001,0.7756447792053223,True
tokyo_264627_relational_between,264627,stress_test,relational_between,vector,23,2018_3303922__event_002,0.7749966979026794,True
tokyo_264627_relational_between,264627,stress_test,relational_between,vector,24,2018_3303899__event_001,0.7741559147834778,True
tokyo_264627_relational_between,264627,stress_test,relational_between,vector,25,2018_3303886__event_001,0.7731800079345703,True
tokyo_264627_relational_between,264627,stress_test,relational_between,vector,26,2018_3303881__event_001,0.7719296216964722,True
tokyo_264627_relational_between,264627,stress_test,relational_between,vector,27,2018_3303916__event_002,0.771746039390564,True
tokyo_264627_relational_between,264627,stress_test,relational_between,vector,28,2018_3303923__event_003,0.7715935111045837,True
tokyo_264627_relational_between,264627,stress_test,relational_between,vector,29,2018_3303955__event_001,0.7712938189506531,True
tokyo_264627_relational_between,264627,stress_test,relational_between,vector,30,2018_3303913__event_003,0.7712366580963135,True
tokyo_264627_relational_between,264627,stress_test,relational_between,vector,31,2018_3303881__event_002,0.7705584168434143,True
tokyo_264627_relational_between,264627,stress_test,relational_between,vector,32,2018_3303896__event_001,0.7705563902854919,True
tokyo_264627_relational_between,264627,stress_test,relational_between,vector,33,2018_3303943__event_002,0.7705402374267578,True
tokyo_264627_relational_between,264627,stress_test,relational_between,vector,34,2018_3303896__event_002,0.7665531039237976,True
tokyo_264627_relational_between,264627,stress_test,relational_between,vector,35,2018_3303874__event_002,0.7663737535476685,True
tokyo_264627_relational_between,264627,stress_test,relational_between,vector,36,2018_3303905__event_002,0.7661751508712769,True
tokyo_264627_relational_between,264627,stress_test,relational_between,vector,37,2018_3303904__event_002,0.7660000324249268,True
tokyo_264627_relational_between,264627,stress_test,relational_between,vector,38,2018_3303907__event_001,0.7658836841583252,True
tokyo_264627_relational_between,264627,stress_test,relational_between,vector,39,2018_3303889__event_001,0.7657701969146729,True
tokyo_264627_relational_between,264627,stress_test,relational_between,vector,40,2018_3303935__event_001,0.7651444673538208,True
tokyo_264627_relational_between,264627,stress_test,relational_between,vector,41,2018_3303935__event_002,0.765133798122406,True
tokyo_264627_relational_between,264627,stress_test,relational_between,vector,42,2018_3303922__event_001,0.7644961476325989,True
tokyo_264627_relational_between,264627,stress_test,relational_between,vector,43,2018_3303867__event_002,0.7644036412239075,True
tokyo_264627_relational_between,264627,stress_test,relational_between,vector,44,2018_3303955__event_002,0.7615073323249817,True
tokyo_264627_relational_between,264627,stress_test,relational_between,vector,45,2018_3303943__event_001,0.7604581117630005,True
tokyo_264627_relational_between,264627,stress_test,relational_between,vector,46,2018_3303867__event_003,0.7593367099761963,True
tokyo_264627_relational_between,264627,stress_test,relational_between,vector,47,2018_3303889__event_002,0.7592625617980957,True
tokyo_264627_relational_between,264627,stress_test,relational_between,vector,48,2018_3303890__event_002,0.758254885673523,True
tokyo_264627_relational_between,264627,stress_test,relational_between,vector,49,2018_3303905__event_001,0.7566267848014832,True
tokyo_264627_relational_between,264627,stress_test,relational_between,vector,50,2018_3303867__event_001,0.7558283805847168,True
tokyo_264627_relational_between,264627,stress_test,relational_between,vector,51,2018_3303925__event_001,0.7552214860916138,True
tokyo_264627_relational_between,264627,stress_test,relational_between,vector,52,2018_3303877__event_002,0.7548291087150574,True
tokyo_264627_relational_between,264627,stress_test,relational_between,vector,53,2018_3303877__event_001,0.7546625137329102,True
tokyo_264627_relational_between,264627,stress_test,relational_between,vector,54,2018_3303890__event_001,0.7543796896934509,True
tokyo_264627_relational_between,264627,stress_test,relational_between,vector,55,2018_3303916__event_003,0.7509099841117859,True
tokyo_264627_relational_between,264627,stress_test,relational_between,vector,56,2018_3303913__event_001,0.7484933733940125,True
tokyo_264627_relational_between,264627,stress_test,relational_between,vector,57,2018_3303916__event_001,0.7479828596115112,True
tokyo_264627_relational_between,264627,stress_test,relational_between,vector,58,2018_3303925__event_002,0.7472056150436401,True
tokyo_264627_relational_between,264627,stress_test,relational_between,vector,59,2018_3303913__event_002,0.7439877390861511,True
tokyo_267704_relational_between,267704,stress_test,relational_between,vector,1,2018_3322362__event_004,0.9083369374275208,False
tokyo_267704_relational_between,267704,stress_test,relational_between,vector,2,2018_3322362__event_003,0.874582052230835,False
tokyo_267704_relational_between,267704,stress_test,relational_between,vector,3,2018_3322360__event_003,0.8677912950515747,False
tokyo_267704_relational_between,267704,stress_test,relational_between,vector,4,2018_3322362__event_005,0.8541236519813538,False
tokyo_267704_relational_between,267704,stress_test,relational_between,vector,5,2018_3322360__event_002,0.8335487842559814,False
tokyo_267704_relational_between,267704,stress_test,relational_between,vector,6,2018_3322362__event_002,0.8274514675140381,False
tokyo_267704_relational_between,267704,stress_test,relational_between,vector,7,2018_3322360__event_004,0.8236712217330933,False
tokyo_267704_relational_between,267704,stress_test,relational_between,vector,8,2018_3322359__event_003,0.8039836883544922,False
tokyo_267704_relational_between,267704,stress_test,relational_between,vector,9,2018_3322364__event_003,0.802526593208313,False
tokyo_267704_relational_between,267704,stress_test,relational_between,vector,10,2018_3322363__event_002,0.7994238138198853,False
tokyo_267704_relational_between,267704,stress_test,relational_between,vector,11,2018_3322362__event_001,0.7992387413978577,False
tokyo_267704_relational_between,267704,stress_test,relational_between,vector,12,2018_3322364__event_004,0.7990646362304688,False
tokyo_267704_relational_between,267704,stress_test,relational_between,vector,13,2018_3322366__event_003,0.7985972166061401,False
tokyo_267704_relational_between,267704,stress_test,relational_between,vector,14,2018_3322363__event_001,0.7958009839057922,False
tokyo_267704_relational_between,267704,stress_test,relational_between,vector,15,2018_3322359__event_004,0.7944322228431702,False
tokyo_267704_relational_between,267704,stress_test,relational_between,vector,16,2018_3322365__event_002,0.7943764328956604,False
tokyo_267704_relational_between,267704,stress_test,relational_between,vector,17,2018_3322366__event_004,0.7920485734939575,False
tokyo_267704_relational_between,267704,stress_test,relational_between,vector,18,2018_3322359__event_006,0.7897405028343201,False
tokyo_267704_relational_between,267704,stress_test,relational_between,vector,19,2018_3322360__event_001,0.789732813835144,False
tokyo_267704_relational_between,267704,stress_test,relational_between,vector,20,2018_3322366__event_001,0.7888765335083008,False
tokyo_267704_relational_between,267704,stress_test,relational_between,vector,21,2018_3322360__event_005,0.7887538075447083,False
tokyo_267704_relational_between,267704,stress_test,relational_between,vector,22,2018_3322359__event_009,0.7881213426589966,False
tokyo_267704_relational_between,267704,stress_test,relational_between,vector,23,2018_3322359__event_005,0.7875968813896179,False
tokyo_267704_relational_between,267704,stress_test,relational_between,vector,24,2018_3322359__event_008,0.787161648273468,False
tokyo_267704_relational_between,267704,stress_test,relational_between,vector,25,2018_3322365__event_001,0.7852566242218018,False
tokyo_267704_relational_between,267704,stress_test,relational_between,vector,26,2018_3322359__event_007,0.7850457429885864,False
tokyo_267704_relational_between,267704,stress_test,relational_between,vector,27,2018_3322359__event_002,0.7834093570709229,False
tokyo_267704_relational_between,267704,stress_test,relational_between,vector,28,2018_3322363__event_003,0.7833513021469116,False
tokyo_267704_relational_between,267704,stress_test,relational_between,vector,29,2018_3322360__event_006,0.7833008766174316,False
tokyo_267704_relational_between,267704,stress_test,relational_between,vector,30,2018_3322359__event_010,0.7832523584365845,False
tokyo_267704_relational_between,267704,stress_test,relational_between,vector,31,2018_3322367__event_002,0.7822901010513306,False
tokyo_267704_relational_between,267704,stress_test,relational_between,vector,32,2018_3322360__event_007,0.7820038795471191,False
tokyo_267704_relational_between,267704,stress_test,relational_between,vector,33,2018_3322372__event_002,0.7813853025436401,False
tokyo_267704_relational_between,267704,stress_test,relational_between,vector,34,2018_3322358__event_001,0.7805172204971313,False
tokyo_267704_relational_between,267704,stress_test,relational_between,vector,35,2018_3322366__event_002,0.7774631977081299,False
tokyo_267704_relational_between,267704,stress_test,relational_between,vector,36,2018_3322359__event_001,0.7768750786781311,False
tokyo_267704_relational_between,267704,stress_test,relational_between,vector,37,2018_3322364__event_002,0.7763336896896362,False
tokyo_267704_relational_between,267704,stress_test,relational_between,vector,38,2018_3322359__event_011,0.7751914262771606,False
tokyo_267704_relational_between,267704,stress_test,relational_between,vector,39,2018_3322372__event_001,0.7744877338409424,False
tokyo_267704_relational_between,267704,stress_test,relational_between,vector,40,2018_3322367__event_001,0.7731929421424866,False
tokyo_267704_relational_between,267704,stress_test,relational_between,vector,41,2018_3322358__event_002,0.772992730140686,False
tokyo_267704_relational_between,267704,stress_test,relational_between,vector,42,2018_3322364__event_001,0.7704248428344727,False
tokyo_267704_relational_between,267704,stress_test,relational_between,vector,43,2018_3322364__event_005,0.7698445320129395,False
tokyo_267704_relational_between,267704,stress_test,relational_between,vector,44,2018_3322372__event_004,0.7680186033248901,False
tokyo_267704_relational_between,267704,stress_test,relational_between,vector,45,2018_3322372__event_003,0.7646164894104004,False
tokyo_267704_relational_between,267704,stress_test,relational_between,vector,46,2018_3322364__event_006,0.7591400146484375,False
tokyo_267704_relational_between,267704,stress_test,relational_between,vector,47,2018_3322372__event_005,0.758676290512085,False
tokyo_267704_relational_between,267704,stress_test,relational_between,vector,48,2018_3322358__event_003,0.7578457593917847,False
tokyo_26786_relational_between,26786,stress_test,relational_between,vector,1,2018_543205__event_002,0.8692295551300049,True
tokyo_26786_relational_between,26786,stress_test,relational_between,vector,2,2018_543210__event_002,0.868259072303772,True
tokyo_26786_relational_between,26786,stress_test,relational_between,vector,3,2018_543210__event_003,0.8670512437820435,True
tokyo_26786_relational_between,26786,stress_test,relational_between,vector,4,2018_543205__event_003,0.8659828901290894,True
tokyo_26786_relational_between,26786,stress_test,relational_between,vector,5,2018_543210__event_001,0.8641623258590698,True
tokyo_26786_relational_between,26786,stress_test,relational_between,vector,6,2018_543176__event_004,0.8603743314743042,True
tokyo_26786_relational_between,26786,stress_test,relational_between,vector,7,2018_543178__event_001,0.8602240085601807,True
tokyo_26786_relational_between,26786,stress_test,relational_between,vector,8,2018_543197__event_003,0.8593745231628418,True
tokyo_26786_relational_between,26786,stress_test,relational_between,vector,9,2018_543193__event_003,0.8586569428443909,True
tokyo_26786_relational_between,26786,stress_test,relational_between,vector,10,2018_543174__event_001,0.8502097725868225,True
tokyo_26786_relational_between,26786,stress_test,relational_between,vector,11,2018_543179__event_006,0.8500633835792542,True
tokyo_26786_relational_between,26786,stress_test,relational_between,vector,12,2018_543178__event_003,0.8495925664901733,True
tokyo_26786_relational_between,26786,stress_test,relational_between,vector,13,2018_543205__event_001,0.8494665622711182,True
tokyo_26786_relational_between,26786,stress_test,relational_between,vector,14,2018_543252__event_003,0.8486204147338867,True
tokyo_26786_relational_between,26786,stress_test,relational_between,vector,15,2018_543229__event_003,0.8480173945426941,True
tokyo_26786_relational_between,26786,stress_test,relational_between,vector,16,2018_543204__event_005,0.8472585678100586,True
tokyo_26786_relational_between,26786,stress_test,relational_between,vector,17,2018_543226__event_004,0.8468065857887268,True
tokyo_26786_relational_between,26786,stress_test,relational_between,vector,18,2018_543229__event_004,0.8465941548347473,True
tokyo_26786_relational_between,26786,stress_test,relational_between,vector,19,2018_543203__event_003,0.8447903990745544,True
tokyo_26786_relational_between,26786,stress_test,relational_between,vector,20,2018_543232__event_002,0.842443585395813,True
tokyo_26786_relational_between,26786,stress_test,relational_between,vector,21,2018_543206__event_001,0.8422571420669556,True
tokyo_26786_relational_between,26786,stress_test,relational_between,vector,22,2018_543228__event_002,0.8421593904495239,True
tokyo_26786_relational_between,26786,stress_test,relational_between,vector,23,2018_543209__event_001,0.8420829772949219,True
tokyo_26786_relational_between,26786,stress_test,relational_between,vector,24,2018_543174__event_002,0.8398603200912476,True
tokyo_26786_relational_between,26786,stress_test,relational_between,vector,25,2018_543169__event_004,0.8362148404121399,True
tokyo_26786_relational_between,26786,stress_test,relational_between,vector,26,2018_543204__event_008,0.8358112573623657,True
tokyo_26786_relational_between,26786,stress_test,relational_between,vector,27,2018_543207__event_002,0.8357223868370056,True
tokyo_26786_relational_between,26786,stress_test,relational_between,vector,28,2018_543256__event_004,0.8348236083984375,True
tokyo_26786_relational_between,26786,stress_test,relational_between,vector,29,2018_543212__event_005,0.8346617221832275,True
tokyo_26786_relational_between,26786,stress_test,relational_between,vector,30,2018_543201__event_007,0.8344888687133789,True
tokyo_26786_relational_between,26786,stress_test,relational_between,vector,31,2018_543203__event_006,0.8342750668525696,True
tokyo_26786_relational_between,26786,stress_test,relational_between,vector,32,2018_543178__event_002,0.8342419266700745,True
tokyo_26786_relational_between,26786,stress_test,relational_between,vector,33,2018_543228__event_003,0.8299884796142578,True
tokyo_26786_relational_between,26786,stress_test,relational_between,vector,34,2018_543239__event_004,0.828590989112854,True
tokyo_26786_relational_between,26786,stress_test,relational_between,vector,35,2018_543236__event_002,0.8280800580978394,True
tokyo_26786_relational_between,26786,stress_test,relational_between,vector,36,2018_543254__event_001,0.826099157333374,True
tokyo_26786_relational_between,26786,stress_test,relational_between,vector,37,2018_543178__event_004,0.8258336186408997,True
tokyo_26786_relational_between,26786,stress_test,relational_between,vector,38,2018_543241__event_002,0.825286865234375,True
tokyo_26786_relational_between,26786,stress_test,relational_between,vector,39,2018_543193__event_004,0.8252668976783752,True
tokyo_26786_relational_between,26786,stress_test,relational_between,vector,40,2018_543176__event_005,0.8245336413383484,True
tokyo_26786_relational_between,26786,stress_test,relational_between,vector,41,2018_543210__event_004,0.8243492841720581,True
tokyo_26786_relational_between,26786,stress_test,relational_between,vector,42,2018_543179__event_007,0.8241347670555115,True
tokyo_26786_relational_between,26786,stress_test,relational_between,vector,43,2018_543232__event_003,0.8237764835357666,True
tokyo_26786_relational_between,26786,stress_test,relational_between,vector,44,2018_543228__event_001,0.8217885494232178,True
tokyo_26786_relational_between,26786,stress_test,relational_between,vector,45,2018_543194__event_004,0.8216708898544312,True
tokyo_26786_relational_between,26786,stress_test,relational_between,vector,46,2018_543226__event_005,0.8209710121154785,True
tokyo_26786_relational_between,26786,stress_test,relational_between,vector,47,2018_543204__event_006,0.8208428025245667,True
tokyo_26786_relational_between,26786,stress_test,relational_between,vector,48,2018_543203__event_004,0.8203737735748291,True
tokyo_26786_relational_between,26786,stress_test,relational_between,vector,49,2018_543197__event_004,0.8181564211845398,True
tokyo_26786_relational_between,26786,stress_test,relational_between,vector,50,2018_543229__event_002,0.8180721998214722,True
tokyo_26786_relational_between,26786,stress_test,relational_between,vector,51,2018_543236__event_003,0.8175801038742065,True
tokyo_26786_relational_between,26786,stress_test,relational_between,vector,52,2018_543179__event_005,0.8168051838874817,True
tokyo_26786_relational_between,26786,stress_test,relational_between,vector,53,2018_543203__event_002,0.8150457739830017,True
tokyo_26786_relational_between,26786,stress_test,relational_between,vector,54,2018_543197__event_002,0.8146364688873291,True
tokyo_26786_relational_between,26786,stress_test,relational_between,vector,55,2018_543205__event_004,0.814530611038208,True
tokyo_26786_relational_between,26786,stress_test,relational_between,vector,56,2018_543218__event_003,0.8141849040985107,True
tokyo_26786_relational_between,26786,stress_test,relational_between,vector,57,2018_543218__event_001,0.811878502368927,True
tokyo_26786_relational_between,26786,stress_test,relational_between,vector,58,2018_543176__event_003,0.811362624168396,True
tokyo_26786_relational_between,26786,stress_test,relational_between,vector,59,2018_543200__event_001,0.809974193572998,True
tokyo_26786_relational_between,26786,stress_test,relational_between,vector,60,2018_543194__event_005,0.8094860315322876,True
tokyo_26786_relational_between,26786,stress_test,relational_between,vector,61,2018_543241__event_003,0.8087559938430786,True
tokyo_26786_relational_between,26786,stress_test,relational_between,vector,62,2018_543252__event_002,0.8072307109832764,True
tokyo_26786_relational_between,26786,stress_test,relational_between,vector,63,2018_543207__event_001,0.8065379858016968,True
tokyo_26786_relational_between,26786,stress_test,relational_between,vector,64,2018_543204__event_004,0.8063942193984985,True
tokyo_26786_relational_between,26786,stress_test,relational_between,vector,65,2018_543218__event_002,0.8042596578598022,True
tokyo_26786_relational_between,26786,stress_test,relational_between,vector,66,2018_543204__event_009,0.8039523363113403,True
tokyo_26786_relational_between,26786,stress_test,relational_between,vector,67,2018_543207__event_003,0.8039175271987915,True
tokyo_26786_relational_between,26786,stress_test,relational_between,vector,68,2018_543206__event_002,0.8031635880470276,True
tokyo_26786_relational_between,26786,stress_test,relational_between,vector,69,2018_543209__event_002,0.8027977347373962,True
tokyo_26786_relational_between,26786,stress_test,relational_between,vector,70,2018_543182__event_001,0.80277419090271,True
tokyo_26786_relational_between,26786,stress_test,relational_between,vector,71,2018_543216__event_001,0.8026492595672607,True
tokyo_26786_relational_between,26786,stress_test,relational_between,vector,72,2018_543218__event_004,0.802614152431488,True
tokyo_26786_relational_between,26786,stress_test,relational_between,vector,73,2018_543252__event_004,0.8013378381729126,True
tokyo_26786_relational_between,26786,stress_test,relational_between,vector,74,2018_543196__event_002,0.800411581993103,True
tokyo_26786_relational_between,26786,stress_test,relational_between,vector,75,2018_543231__event_001,0.8000780940055847,True
tokyo_26786_relational_between,26786,stress_test,relational_between,vector,76,2018_543213__event_002,0.799544095993042,True
tokyo_26786_relational_between,26786,stress_test,relational_between,vector,77,2018_543201__event_006,0.798862874507904,True
tokyo_26786_relational_between,26786,stress_test,relational_between,vector,78,2018_543212__event_004,0.798755407333374,True
tokyo_26786_relational_between,26786,stress_test,relational_between,vector,79,2018_543176__event_002,0.7981141805648804,True
tokyo_26786_relational_between,26786,stress_test,relational_between,vector,80,2018_543169__event_003,0.7966418266296387,True
tokyo_26786_relational_between,26786,stress_test,relational_between,vector,81,2018_543256__event_003,0.7957285642623901,True
tokyo_26786_relational_between,26786,stress_test,relational_between,vector,82,2018_543204__event_007,0.7956869602203369,True
tokyo_26786_relational_between,26786,stress_test,relational_between,vector,83,2018_543203__event_005,0.7951472997665405,True
tokyo_26786_relational_between,26786,stress_test,relational_between,vector,84,2018_543226__event_003,0.7949073910713196,True
tokyo_26786_relational_between,26786,stress_test,relational_between,vector,85,2018_543246__event_002,0.7948689460754395,True
tokyo_26786_relational_between,26786,stress_test,relational_between,vector,86,2018_543239__event_001,0.7945494055747986,True
tokyo_26786_relational_between,26786,stress_test,relational_between,vector,87,2018_543186__event_002,0.7941266298294067,True
tokyo_26786_relational_between,26786,stress_test,relational_between,vector,88,2018_543194__event_001,0.7925411462783813,True
tokyo_26786_relational_between,26786,stress_test,relational_between,vector,89,2018_543175__event_006,0.792468786239624,True
tokyo_26786_relational_between,26786,stress_test,relational_between,vector,90,2018_543222__event_003,0.7919596433639526,True
tokyo_26786_relational_between,26786,stress_test,relational_between,vector,91,2018_543241__event_001,0.7916703224182129,True
tokyo_26786_relational_between,26786,stress_test,relational_between,vector,92,2018_543168__event_009,0.7911636233329773,True
tokyo_26786_relational_between,26786,stress_test,relational_between,vector,93,2018_543234__event_001,0.7906811237335205,True
tokyo_26786_relational_between,26786,stress_test,relational_between,vector,94,2018_543248__event_002,0.7904695272445679,True
tokyo_26786_relational_between,26786,stress_test,relational_between,vector,95,2018_543188__event_002,0.7902847528457642,True
tokyo_26786_relational_between,26786,stress_test,relational_between,vector,96,2018_543193__event_002,0.7902592420578003,True
tokyo_26786_relational_between,26786,stress_test,relational_between,vector,97,2018_543185__event_004,0.7902562618255615,True
tokyo_26786_relational_between,26786,stress_test,relational_between,vector,98,2018_543194__event_006,0.7900526523590088,True
tokyo_26786_relational_between,26786,stress_test,relational_between,vector,99,2018_543176__event_001,0.789914071559906,True
tokyo_26786_relational_between,26786,stress_test,relational_between,vector,100,2018_543168__event_010,0.7897829413414001,True
tokyo_26786_relational_between,26786,stress_test,relational_between,vector,101,2018_543191__event_003,0.7896875143051147,True
tokyo_26786_relational_between,26786,stress_test,relational_between,vector,102,2018_543243__event_002,0.7892997860908508,True
tokyo_26786_relational_between,26786,stress_test,relational_between,vector,103,2018_543182__event_002,0.7891354560852051,True
tokyo_26786_relational_between,26786,stress_test,relational_between,vector,104,2018_543199__event_003,0.7880793809890747,True
tokyo_26786_relational_between,26786,stress_test,relational_between,vector,105,2018_543236__event_004,0.7874912619590759,True
tokyo_26786_relational_between,26786,stress_test,relational_between,vector,106,2018_543231__event_002,0.7874417304992676,True
tokyo_26786_relational_between,26786,stress_test,relational_between,vector,107,2018_543234__event_002,0.7872417569160461,True
tokyo_26786_relational_between,26786,stress_test,relational_between,vector,108,2018_543191__event_002,0.7867642641067505,True
tokyo_26786_relational_between,26786,stress_test,relational_between,vector,109,2018_543216__event_002,0.7863938212394714,True
tokyo_26786_relational_between,26786,stress_test,relational_between,vector,110,2018_543199__event_002,0.786030113697052,True
tokyo_26786_relational_between,26786,stress_test,relational_between,vector,111,2018_543249__event_002,0.7855932712554932,True
tokyo_26786_relational_between,26786,stress_test,relational_between,vector,112,2018_543222__event_001,0.7848695516586304,True
tokyo_26786_relational_between,26786,stress_test,relational_between,vector,113,2018_543225__event_001,0.7846839427947998,True
tokyo_26786_relational_between,26786,stress_test,relational_between,vector,114,2018_543184__event_003,0.7845618724822998,True
tokyo_26786_relational_between,26786,stress_test,relational_between,vector,115,2018_543228__event_004,0.7845027446746826,True
tokyo_26786_relational_between,26786,stress_test,relational_between,vector,116,2018_543197__event_005,0.7844778895378113,True
tokyo_26786_relational_between,26786,stress_test,relational_between,vector,117,2018_543239__event_003,0.7844166159629822,True
tokyo_26786_relational_between,26786,stress_test,relational_between,vector,118,2018_543175__event_005,0.7841131091117859,True
tokyo_26786_relational_between,26786,stress_test,relational_between,vector,119,2018_543168__event_001,0.7837105989456177,True
tokyo_26786_relational_between,26786,stress_test,relational_between,vector,120,2018_543248__event_001,0.7836400270462036,True
tokyo_26786_relational_between,26786,stress_test,relational_between,vector,121,2018_543239__event_002,0.7836258411407471,True
tokyo_26786_relational_between,26786,stress_test,relational_between,vector,122,2018_543249__event_001,0.7835650444030762,True
tokyo_26786_relational_between,26786,stress_test,relational_between,vector,123,2018_543245__event_002,0.7835601568222046,True
tokyo_26786_relational_between,26786,stress_test,relational_between,vector,124,2018_543191__event_001,0.7832046747207642,True
tokyo_26786_relational_between,26786,stress_test,relational_between,vector,125,2018_543173__event_002,0.7825994491577148,True
tokyo_26786_relational_between,26786,stress_test,relational_between,vector,126,2018_543254__event_002,0.782531201839447,True
tokyo_26786_relational_between,26786,stress_test,relational_between,vector,127,2018_543184__event_002,0.7825180888175964,True
tokyo_26786_relational_between,26786,stress_test,relational_between,vector,128,2018_543168__event_003,0.782325029373169,True
tokyo_26786_relational_between,26786,stress_test,relational_between,vector,129,2018_543193__event_001,0.7823222875595093,True
tokyo_26786_relational_between,26786,stress_test,relational_between,vector,130,2018_543194__event_002,0.7819466590881348,True
tokyo_26786_relational_between,26786,stress_test,relational_between,vector,131,2018_543188__event_001,0.7817663550376892,True
tokyo_26786_relational_between,26786,stress_test,relational_between,vector,132,2018_543194__event_007,0.7817099094390869,True
tokyo_26786_relational_between,26786,stress_test,relational_between,vector,133,2018_543208__event_001,0.7815860509872437,True
tokyo_26786_relational_between,26786,stress_test,relational_between,vector,134,2018_543225__event_003,0.7813602685928345,True
tokyo_26786_relational_between,26786,stress_test,relational_between,vector,135,2018_543194__event_003,0.7811341285705566,True
tokyo_26786_relational_between,26786,stress_test,relational_between,vector,136,2018_543185__event_003,0.7808412909507751,True
tokyo_26786_relational_between,26786,stress_test,relational_between,vector,137,2018_543225__event_002,0.7805895805358887,True
tokyo_26786_relational_between,26786,stress_test,relational_between,vector,138,2018_543192__event_003,0.7804317474365234,True
tokyo_26786_relational_between,26786,stress_test,relational_between,vector,139,2018_543243__event_001,0.7803173065185547,True
tokyo_26786_relational_between,26786,stress_test,relational_between,vector,140,2018_543200__event_002,0.7791069746017456,True
tokyo_26786_relational_between,26786,stress_test,relational_between,vector,141,2018_543225__event_004,0.7786099910736084,True
tokyo_26786_relational_between,26786,stress_test,relational_between,vector,142,2018_543208__event_002,0.7781883478164673,True
tokyo_26786_relational_between,26786,stress_test,relational_between,vector,143,2018_543196__event_003,0.7780630588531494,True
tokyo_26786_relational_between,26786,stress_test,relational_between,vector,144,2018_543174__event_003,0.7779791951179504,True
tokyo_26786_relational_between,26786,stress_test,relational_between,vector,145,2018_543185__event_002,0.777728796005249,True
tokyo_26786_relational_between,26786,stress_test,relational_between,vector,146,2018_543179__event_001,0.7774170637130737,True
tokyo_26786_relational_between,26786,stress_test,relational_between,vector,147,2018_543213__event_001,0.7773499488830566,True
tokyo_26786_relational_between,26786,stress_test,relational_between,vector,148,2018_543179__event_008,0.7771814465522766,True
tokyo_26786_relational_between,26786,stress_test,relational_between,vector,149,2018_543236__event_001,0.7768252491950989,True
tokyo_26786_relational_between,26786,stress_test,relational_between,vector,150,2018_543255__event_001,0.7765364050865173,True
tokyo_26786_relational_between,26786,stress_test,relational_between,vector,151,2018_543196__event_001,0.7764756083488464,True
tokyo_26786_relational_between,26786,stress_test,relational_between,vector,152,2018_543197__event_006,0.7762595415115356,True
tokyo_26786_relational_between,26786,stress_test,relational_between,vector,153,2018_543248__event_003,0.7760732769966125,True
tokyo_26786_relational_between,26786,stress_test,relational_between,vector,154,2018_543232__event_001,0.7760705947875977,True
tokyo_26786_relational_between,26786,stress_test,relational_between,vector,155,2018_543197__event_001,0.7759493589401245,True
tokyo_26786_relational_between,26786,stress_test,relational_between,vector,156,2018_543245__event_001,0.7757600545883179,True
tokyo_26786_relational_between,26786,stress_test,relational_between,vector,157,2018_543179__event_002,0.7747944593429565,True
tokyo_26786_relational_between,26786,stress_test,relational_between,vector,158,2018_543194__event_008,0.7736276388168335,True
tokyo_26786_relational_between,26786,stress_test,relational_between,vector,159,2018_543185__event_001,0.7732294797897339,True
tokyo_26786_relational_between,26786,stress_test,relational_between,vector,160,2018_543216__event_003,0.7730773687362671,True
tokyo_26786_relational_between,26786,stress_test,relational_between,vector,161,2018_543229__event_005,0.7728887796401978,True
tokyo_26786_relational_between,26786,stress_test,relational_between,vector,162,2018_543222__event_002,0.7725757360458374,True
tokyo_26786_relational_between,26786,stress_test,relational_between,vector,163,2018_543229__event_001,0.7724588513374329,True
tokyo_26786_relational_between,26786,stress_test,relational_between,vector,164,2018_543222__event_004,0.7723075151443481,True
tokyo_26786_relational_between,26786,stress_test,relational_between,vector,165,2018_543236__event_006,0.7721641063690186,True
tokyo_26786_relational_between,26786,stress_test,relational_between,vector,166,2018_543208__event_003,0.7710095047950745,True
tokyo_26786_relational_between,26786,stress_test,relational_between,vector,167,2018_543175__event_001,0.7705228924751282,True
tokyo_26786_relational_between,26786,stress_test,relational_between,vector,168,2018_543215__event_001,0.77021324634552,True
tokyo_26786_relational_between,26786,stress_test,relational_between,vector,169,2018_543183__event_001,0.7701030373573303,True
tokyo_26786_relational_between,26786,stress_test,relational_between,vector,170,2018_543170__event_002,0.7698878049850464,True
tokyo_26786_relational_between,26786,stress_test,relational_between,vector,171,2018_543186__event_001,0.7698577046394348,True
tokyo_26786_relational_between,26786,stress_test,relational_between,vector,172,2018_543226__event_001,0.769736111164093,True
tokyo_26786_relational_between,26786,stress_test,relational_between,vector,173,2018_543195__event_001,0.7693745493888855,True
tokyo_26786_relational_between,26786,stress_test,relational_between,vector,174,2018_543246__event_001,0.7693668007850647,True
tokyo_26786_relational_between,26786,stress_test,relational_between,vector,175,2018_543201__event_005,0.7689175605773926,True
tokyo_26786_relational_between,26786,stress_test,relational_between,vector,176,2018_543201__event_001,0.7685844898223877,True
tokyo_26786_relational_between,26786,stress_test,relational_between,vector,177,2018_543240__event_002,0.7684497833251953,True
tokyo_26786_relational_between,26786,stress_test,relational_between,vector,178,2018_543226__event_006,0.7678296566009521,True
tokyo_26786_relational_between,26786,stress_test,relational_between,vector,179,2018_543179__event_003,0.7678134441375732,True
tokyo_26786_relational_between,26786,stress_test,relational_between,vector,180,2018_543168__event_004,0.767695426940918,True
tokyo_26786_relational_between,26786,stress_test,relational_between,vector,181,2018_543212__event_001,0.7674555778503418,True
tokyo_26786_relational_between,26786,stress_test,relational_between,vector,182,2018_543169__event_001,0.7673977613449097,True
tokyo_26786_relational_between,26786,stress_test,relational_between,vector,183,2018_543204__event_001,0.7671085596084595,True
tokyo_26786_relational_between,26786,stress_test,relational_between,vector,184,2018_543180__event_002,0.7668651342391968,True
tokyo_26786_relational_between,26786,stress_test,relational_between,vector,185,2018_543169__event_002,0.7668180465698242,True
tokyo_26786_relational_between,26786,stress_test,relational_between,vector,186,2018_543175__event_002,0.7667803764343262,True
tokyo_26786_relational_between,26786,stress_test,relational_between,vector,187,2018_543168__event_002,0.7667627930641174,True
tokyo_26786_relational_between,26786,stress_test,relational_between,vector,188,2018_543204__event_003,0.7665108442306519,True
tokyo_26786_relational_between,26786,stress_test,relational_between,vector,189,2018_543255__event_004,0.766210675239563,True
tokyo_26786_relational_between,26786,stress_test,relational_between,vector,190,2018_543203__event_001,0.7659033536911011,True
tokyo_26786_relational_between,26786,stress_test,relational_between,vector,191,2018_543192__event_004,0.7657747268676758,True
tokyo_26786_relational_between,26786,stress_test,relational_between,vector,192,2018_543230__event_002,0.7656130194664001,True
tokyo_26786_relational_between,26786,stress_test,relational_between,vector,193,2018_543241__event_004,0.7655594348907471,True
tokyo_26786_relational_between,26786,stress_test,relational_between,vector,194,2018_543256__event_001,0.7654184103012085,True
tokyo_26786_relational_between,26786,stress_test,relational_between,vector,195,2018_543230__event_003,0.7654036283493042,True
tokyo_26786_relational_between,26786,stress_test,relational_between,vector,196,2018_543255__event_005,0.7648643851280212,True
tokyo_26786_relational_between,26786,stress_test,relational_between,vector,197,2018_543254__event_003,0.7647800445556641,True
tokyo_26786_relational_between,26786,stress_test,relational_between,vector,198,2018_543215__event_002,0.7647573947906494,True
tokyo_26786_relational_between,26786,stress_test,relational_between,vector,199,2018_543238__event_002,0.7647178173065186,True
tokyo_26786_relational_between,26786,stress_test,relational_between,vector,200,2018_543252__event_001,0.7646771669387817,True
tokyo_26786_relational_between,26786,stress_test,relational_between,vector,201,2018_543183__event_004,0.7643263936042786,True
tokyo_26786_relational_between,26786,stress_test,relational_between,vector,202,2018_543256__event_002,0.764316737651825,True
tokyo_26786_relational_between,26786,stress_test,relational_between,vector,203,2018_543250__event_002,0.7642083168029785,True
tokyo_26786_relational_between,26786,stress_test,relational_between,vector,204,2018_543183__event_002,0.7639386653900146,True
tokyo_26786_relational_between,26786,stress_test,relational_between,vector,205,2018_543201__event_004,0.7638084888458252,True
tokyo_26786_relational_between,26786,stress_test,relational_between,vector,206,2018_543192__event_001,0.7637051343917847,True
tokyo_26786_relational_between,26786,stress_test,relational_between,vector,207,2018_543195__event_013,0.7635046243667603,True
tokyo_26786_relational_between,26786,stress_test,relational_between,vector,208,2018_543204__event_002,0.7634699940681458,True
tokyo_26786_relational_between,26786,stress_test,relational_between,vector,209,2018_543226__event_002,0.7634327411651611,True
tokyo_26786_relational_between,26786,stress_test,relational_between,vector,210,2018_543227__event_002,0.763303279876709,True
tokyo_26786_relational_between,26786,stress_test,relational_between,vector,211,2018_543168__event_005,0.7632039785385132,True
tokyo_26786_relational_between,26786,stress_test,relational_between,vector,212,2018_543255__event_002,0.7631533145904541,True
tokyo_26786_relational_between,26786,stress_test,relational_between,vector,213,2018_543242__event_001,0.7628078460693359,True
tokyo_26786_relational_between,26786,stress_test,relational_between,vector,214,2018_543173__event_001,0.7626593112945557,True
tokyo_26786_relational_between,26786,stress_test,relational_between,vector,215,2018_543175__event_003,0.7625417709350586,True
tokyo_26786_relational_between,26786,stress_test,relational_between,vector,216,2018_543201__event_002,0.761906623840332,True
tokyo_26786_relational_between,26786,stress_test,relational_between,vector,217,2018_543192__event_002,0.7617473602294922,True
tokyo_26786_relational_between,26786,stress_test,relational_between,vector,218,2018_543170__event_001,0.7617168426513672,True
tokyo_26786_relational_between,26786,stress_test,relational_between,vector,219,2018_543212__event_002,0.7614243030548096,True
tokyo_26786_relational_between,26786,stress_test,relational_between,vector,220,2018_543212__event_003,0.7611061334609985,True
tokyo_26786_relational_between,26786,stress_test,relational_between,vector,221,2018_543168__event_006,0.7609142065048218,True
tokyo_26786_relational_between,26786,stress_test,relational_between,vector,222,2018_543242__event_002,0.7605754733085632,True
tokyo_26786_relational_between,26786,stress_test,relational_between,vector,223,2018_543195__event_002,0.7603206038475037,True
tokyo_26786_relational_between,26786,stress_test,relational_between,vector,224,2018_543255__event_003,0.760160505771637,True
tokyo_26786_relational_between,26786,stress_test,relational_between,vector,225,2018_543236__event_005,0.7600700855255127,True
tokyo_26786_relational_between,26786,stress_test,relational_between,vector,226,2018_543183__event_005,0.7593396902084351,True
tokyo_26786_relational_between,26786,stress_test,relational_between,vector,227,2018_543175__event_004,0.7585874795913696,True
tokyo_26786_relational_between,26786,stress_test,relational_between,vector,228,2018_543183__event_006,0.7583886384963989,True
tokyo_26786_relational_between,26786,stress_test,relational_between,vector,229,2018_543199__event_001,0.7562977075576782,True
tokyo_26786_relational_between,26786,stress_test,relational_between,vector,230,2018_543168__event_008,0.7561027407646179,True
tokyo_26786_relational_between,26786,stress_test,relational_between,vector,231,2018_543180__event_001,0.7553493976593018,True
tokyo_26786_relational_between,26786,stress_test,relational_between,vector,232,2018_543184__event_001,0.754900336265564,True
tokyo_26786_relational_between,26786,stress_test,relational_between,vector,233,2018_543227__event_001,0.7540079951286316,True
tokyo_26786_relational_between,26786,stress_test,relational_between,vector,234,2018_543240__event_001,0.7535066604614258,True
tokyo_26786_relational_between,26786,stress_test,relational_between,vector,235,2018_543250__event_001,0.7534022331237793,True
tokyo_26786_relational_between,26786,stress_test,relational_between,vector,236,2018_543179__event_004,0.7529598474502563,True
tokyo_26786_relational_between,26786,stress_test,relational_between,vector,237,2018_543238__event_001,0.7524062991142273,True
tokyo_26786_relational_between,26786,stress_test,relational_between,vector,238,2018_543220__event_001,0.7522385716438293,True
tokyo_26786_relational_between,26786,stress_test,relational_between,vector,239,2018_543195__event_012,0.7515009045600891,True
tokyo_26786_relational_between,26786,stress_test,relational_between,vector,240,2018_543208__event_004,0.7513275146484375,True
tokyo_26786_relational_between,26786,stress_test,relational_between,vector,241,2018_543220__event_003,0.7496024370193481,True
tokyo_26786_relational_between,26786,stress_test,relational_between,vector,242,2018_543252__event_005,0.7491427659988403,True
tokyo_26786_relational_between,26786,stress_test,relational_between,vector,243,2018_543230__event_001,0.744226336479187,True
tokyo_26786_relational_between,26786,stress_test,relational_between,vector,244,2018_543195__event_005,0.7430696487426758,True
tokyo_26786_relational_between,26786,stress_test,relational_between,vector,245,2018_543183__event_003,0.7420908212661743,True
tokyo_26786_relational_between,26786,stress_test,relational_between,vector,246,2018_543195__event_010,0.7408499717712402,True
tokyo_26786_relational_between,26786,stress_test,relational_between,vector,247,2018_543195__event_011,0.740600049495697,True
tokyo_26786_relational_between,26786,stress_test,relational_between,vector,248,2018_543201__event_003,0.7405622005462646,True
tokyo_26786_relational_between,26786,stress_test,relational_between,vector,249,2018_543195__event_009,0.7393120527267456,True
tokyo_26786_relational_between,26786,stress_test,relational_between,vector,250,2018_543220__event_002,0.7361264228820801,True
tokyo_26786_relational_between,26786,stress_test,relational_between,vector,251,2018_543195__event_006,0.7357709407806396,True
tokyo_26786_relational_between,26786,stress_test,relational_between,vector,252,2018_543168__event_007,0.7354787588119507,True
tokyo_26786_relational_between,26786,stress_test,relational_between,vector,253,2018_543195__event_008,0.7336400747299194,True
tokyo_26786_relational_between,26786,stress_test,relational_between,vector,254,2018_543195__event_003,0.726626992225647,True
tokyo_26786_relational_between,26786,stress_test,relational_between,vector,255,2018_543195__event_007,0.7257652282714844,True
tokyo_26786_relational_between,26786,stress_test,relational_between,vector,256,2018_543195__event_004,0.7195349931716919,True
tokyo_277915_relational_between,277915,stress_test,relational_between,vector,1,2018_3383894__event_001,0.9033216238021851,False
tokyo_277915_relational_between,277915,stress_test,relational_between,vector,2,2018_3383894__event_002,0.8928263187408447,False
tokyo_277915_relational_between,277915,stress_test,relational_between,vector,3,2018_3383892__event_002,0.8899487257003784,False
tokyo_277915_relational_between,277915,stress_test,relational_between,vector,4,2018_3383896__event_002,0.878922164440155,False
tokyo_277915_relational_between,277915,stress_test,relational_between,vector,5,2018_3383898__event_002,0.8782274127006531,False
tokyo_277915_relational_between,277915,stress_test,relational_between,vector,6,2018_3383909__event_002,0.8755896091461182,False
tokyo_277915_relational_between,277915,stress_test,relational_between,vector,7,2018_3383887__event_003,0.8746466636657715,False
tokyo_277915_relational_between,277915,stress_test,relational_between,vector,8,2018_3383891__event_001,0.870405912399292,False
tokyo_277915_relational_between,277915,stress_test,relational_between,vector,9,2018_3383887__event_002,0.8687576055526733,False
tokyo_277915_relational_between,277915,stress_test,relational_between,vector,10,2018_3383892__event_003,0.8644146919250488,False
tokyo_277915_relational_between,277915,stress_test,relational_between,vector,11,2018_3383892__event_001,0.8639094829559326,False
tokyo_277915_relational_between,277915,stress_test,relational_between,vector,12,2018_3383896__event_001,0.8623096346855164,False
tokyo_277915_relational_between,277915,stress_test,relational_between,vector,13,2018_3383898__event_003,0.8556076288223267,False
tokyo_277915_relational_between,277915,stress_test,relational_between,vector,14,2018_3383898__event_001,0.8484762907028198,False
tokyo_277915_relational_between,277915,stress_test,relational_between,vector,15,2018_3383891__event_002,0.8450565934181213,False
tokyo_277915_relational_between,277915,stress_test,relational_between,vector,16,2018_3383909__event_001,0.8445765972137451,False
tokyo_277915_relational_between,277915,stress_test,relational_between,vector,17,2018_3383894__event_003,0.8392846584320068,False
tokyo_277915_relational_between,277915,stress_test,relational_between,vector,18,2018_3383890__event_001,0.8348870277404785,False
tokyo_277915_relational_between,277915,stress_test,relational_between,vector,19,2018_3383886__event_001,0.8336210250854492,False
tokyo_277915_relational_between,277915,stress_test,relational_between,vector,20,2018_3383899__event_001,0.8333206176757812,False
tokyo_277915_relational_between,277915,stress_test,relational_between,vector,21,2018_3383900__event_002,0.8316712975502014,False
tokyo_277915_relational_between,277915,stress_test,relational_between,vector,22,2018_3383887__event_001,0.8300448656082153,False
tokyo_277915_relational_between,277915,stress_test,relational_between,vector,23,2018_3383901__event_001,0.8280330896377563,False
tokyo_277915_relational_between,277915,stress_test,relational_between,vector,24,2018_3383901__event_002,0.8278973698616028,False
tokyo_277915_relational_between,277915,stress_test,relational_between,vector,25,2018_3383889__event_002,0.8278679847717285,False
tokyo_277915_relational_between,277915,stress_test,relational_between,vector,26,2018_3383894__event_004,0.8269939422607422,False
tokyo_277915_relational_between,277915,stress_test,relational_between,vector,27,2018_3383902__event_002,0.8247998952865601,False
tokyo_277915_relational_between,277915,stress_test,relational_between,vector,28,2018_3383900__event_001,0.8218152523040771,False
tokyo_277915_relational_between,277915,stress_test,relational_between,vector,29,2018_3383902__event_001,0.8149651885032654,False
tokyo_277915_relational_between,277915,stress_test,relational_between,vector,30,2018_3383894__event_005,0.8102270364761353,False
tokyo_277915_relational_between,277915,stress_test,relational_between,vector,31,2018_3383899__event_002,0.8101797103881836,False
tokyo_277915_relational_between,277915,stress_test,relational_between,vector,32,2018_3383886__event_002,0.8101686835289001,False
tokyo_277915_relational_between,277915,stress_test,relational_between,vector,33,2018_3383890__event_002,0.8092958927154541,False
tokyo_277915_relational_between,277915,stress_test,relational_between,vector,34,2018_3383912__event_002,0.8038407564163208,False
tokyo_277915_relational_between,277915,stress_test,relational_between,vector,35,2018_3383912__event_001,0.7984830141067505,False
tokyo_277915_relational_between,277915,stress_test,relational_between,vector,36,2018_3383889__event_001,0.7887632250785828,False
tokyo_277915_relational_between,277915,stress_test,relational_between,vector,37,2018_3383911__event_002,0.7857058644294739,False
tokyo_277915_relational_between,277915,stress_test,relational_between,vector,38,2018_3383903__event_002,0.777876079082489,False
tokyo_277915_relational_between,277915,stress_test,relational_between,vector,39,2018_3383911__event_001,0.7751670479774475,False
tokyo_277915_relational_between,277915,stress_test,relational_between,vector,40,2018_3383903__event_001,0.7706129550933838,False
tokyo_280210_relational_between,280210,stress_test,relational_between,vector,1,2018_3396830__event_002,0.8672258853912354,True
tokyo_280210_relational_between,280210,stress_test,relational_between,vector,2,2018_3396830__event_001,0.8580518364906311,True
tokyo_280210_relational_between,280210,stress_test,relational_between,vector,3,2018_3396833__event_001,0.8551791906356812,True
tokyo_280210_relational_between,280210,stress_test,relational_between,vector,4,2018_3396830__event_003,0.8489302396774292,True
tokyo_280210_relational_between,280210,stress_test,relational_between,vector,5,2018_3396833__event_002,0.8335952162742615,True
tokyo_280210_relational_between,280210,stress_test,relational_between,vector,6,2018_3396830__event_004,0.8174545764923096,True
tokyo_280210_relational_between,280210,stress_test,relational_between,vector,7,2018_3396831__event_002,0.7952367067337036,True
tokyo_280210_relational_between,280210,stress_test,relational_between,vector,8,2018_3396833__event_003,0.792595386505127,True
tokyo_280210_relational_between,280210,stress_test,relational_between,vector,9,2018_3396831__event_001,0.791297197341919,True
tokyo_280210_relational_between,280210,stress_test,relational_between,vector,10,2018_3396800__event_001,0.786614716053009,True
tokyo_280210_relational_between,280210,stress_test,relational_between,vector,11,2018_3396783__event_002,0.7854899168014526,True
tokyo_280210_relational_between,280210,stress_test,relational_between,vector,12,2018_3396831__event_003,0.7850192785263062,True
tokyo_280210_relational_between,280210,stress_test,relational_between,vector,13,2018_3396777__event_002,0.7848300933837891,True
tokyo_280210_relational_between,280210,stress_test,relational_between,vector,14,2018_3396812__event_001,0.7828869819641113,True
tokyo_280210_relational_between,280210,stress_test,relational_between,vector,15,2018_3396788__event_002,0.7828631401062012,True
tokyo_280210_relational_between,280210,stress_test,relational_between,vector,16,2018_3396777__event_001,0.7818939685821533,True
tokyo_280210_relational_between,280210,stress_test,relational_between,vector,17,2018_3396805__event_002,0.78098464012146,True
tokyo_280210_relational_between,280210,stress_test,relational_between,vector,18,2018_3396789__event_004,0.7783166170120239,True
tokyo_280210_relational_between,280210,stress_test,relational_between,vector,19,2018_3396783__event_001,0.7774723172187805,True
tokyo_280210_relational_between,280210,stress_test,relational_between,vector,20,2018_3396792__event_003,0.7771681547164917,True
tokyo_280210_relational_between,280210,stress_test,relational_between,vector,21,2018_3396831__event_004,0.7766004204750061,True
tokyo_280210_relational_between,280210,stress_test,relational_between,vector,22,2018_3396800__event_005,0.7762981057167053,True
tokyo_280210_relational_between,280210,stress_test,relational_between,vector,23,2018_3396837__event_002,0.7762161493301392,True
tokyo_280210_relational_between,280210,stress_test,relational_between,vector,24,2018_3396805__event_001,0.7760411500930786,True
tokyo_280210_relational_between,280210,stress_test,relational_between,vector,25,2018_3396837__event_003,0.7759964466094971,True
tokyo_280210_relational_between,280210,stress_test,relational_between,vector,26,2018_3396800__event_003,0.775299072265625,True
tokyo_280210_relational_between,280210,stress_test,relational_between,vector,27,2018_3396797__event_002,0.774260401725769,True
tokyo_280210_relational_between,280210,stress_test,relational_between,vector,28,2018_3396788__event_003,0.77414870262146,True
tokyo_280210_relational_between,280210,stress_test,relational_between,vector,29,2018_3396792__event_004,0.7737653255462646,True
tokyo_280210_relational_between,280210,stress_test,relational_between,vector,30,2018_3396832__event_001,0.773746132850647,True
tokyo_280210_relational_between,280210,stress_test,relational_between,vector,31,2018_3396800__event_002,0.7726893424987793,True
tokyo_280210_relational_between,280210,stress_test,relational_between,vector,32,2018_3396806__event_003,0.7717742323875427,True
tokyo_280210_relational_between,280210,stress_test,relational_between,vector,33,2018_3396837__event_001,0.7716014981269836,True
tokyo_280210_relational_between,280210,stress_test,relational_between,vector,34,2018_3396792__event_002,0.7713508009910583,True
tokyo_280210_relational_between,280210,stress_test,relational_between,vector,35,2018_3396788__event_001,0.7695009708404541,True
tokyo_280210_relational_between,280210,stress_test,relational_between,vector,36,2018_3396789__event_003,0.7694190144538879,True
tokyo_280210_relational_between,280210,stress_test,relational_between,vector,37,2018_3396808__event_001,0.768975555896759,True
tokyo_280210_relational_between,280210,stress_test,relational_between,vector,38,2018_3396792__event_001,0.7689014673233032,True
tokyo_280210_relational_between,280210,stress_test,relational_between,vector,39,2018_3396800__event_004,0.7684667706489563,True
tokyo_280210_relational_between,280210,stress_test,relational_between,vector,40,2018_3396806__event_004,0.7653756141662598,True
tokyo_280210_relational_between,280210,stress_test,relational_between,vector,41,2018_3396819__event_001,0.7650795578956604,True
tokyo_280210_relational_between,280210,stress_test,relational_between,vector,42,2018_3396797__event_001,0.7637805938720703,True
tokyo_280210_relational_between,280210,stress_test,relational_between,vector,43,2018_3396832__event_002,0.7627506852149963,True
tokyo_280210_relational_between,280210,stress_test,relational_between,vector,44,2018_3396814__event_002,0.762701690196991,True
tokyo_280210_relational_between,280210,stress_test,relational_between,vector,45,2018_3396789__event_002,0.7623068690299988,True
tokyo_280210_relational_between,280210,stress_test,relational_between,vector,46,2018_3396789__event_001,0.7619190812110901,True
tokyo_280210_relational_between,280210,stress_test,relational_between,vector,47,2018_3396806__event_001,0.7600818872451782,True
tokyo_280210_relational_between,280210,stress_test,relational_between,vector,48,2018_3396807__event_001,0.7600783109664917,True
tokyo_280210_relational_between,280210,stress_test,relational_between,vector,49,2018_3396806__event_002,0.7591859102249146,True
tokyo_280210_relational_between,280210,stress_test,relational_between,vector,50,2018_3396778__event_003,0.758542537689209,True
tokyo_280210_relational_between,280210,stress_test,relational_between,vector,51,2018_3396798__event_001,0.7579824924468994,True
tokyo_280210_relational_between,280210,stress_test,relational_between,vector,52,2018_3396814__event_001,0.75738525390625,True
tokyo_280210_relational_between,280210,stress_test,relational_between,vector,53,2018_3396808__event_002,0.756643533706665,True
tokyo_280210_relational_between,280210,stress_test,relational_between,vector,54,2018_3396837__event_004,0.7557463645935059,True
tokyo_280210_relational_between,280210,stress_test,relational_between,vector,55,2018_3396832__event_003,0.755311906337738,True
tokyo_280210_relational_between,280210,stress_test,relational_between,vector,56,2018_3396778__event_002,0.75457763671875,True
tokyo_280210_relational_between,280210,stress_test,relational_between,vector,57,2018_3396833__event_004,0.7545124292373657,True
tokyo_280210_relational_between,280210,stress_test,relational_between,vector,58,2018_3396819__event_002,0.7541579008102417,True
tokyo_280210_relational_between,280210,stress_test,relational_between,vector,59,2018_3396792__event_005,0.7539421916007996,True
tokyo_280210_relational_between,280210,stress_test,relational_between,vector,60,2018_3396798__event_002,0.750819206237793,True
tokyo_280210_relational_between,280210,stress_test,relational_between,vector,61,2018_3396807__event_002,0.7498778700828552,True
tokyo_280210_relational_between,280210,stress_test,relational_between,vector,62,2018_3396812__event_002,0.7473496198654175,True
tokyo_280210_relational_between,280210,stress_test,relational_between,vector,63,2018_3396778__event_001,0.7469834685325623,True
tokyo_281448_relational_between,281448,stress_test,relational_between,vector,1,2018_3403825__event_002,0.8773574829101562,False
tokyo_281448_relational_between,281448,stress_test,relational_between,vector,2,2018_3403862__event_002,0.8771914839744568,False
tokyo_281448_relational_between,281448,stress_test,relational_between,vector,3,2018_3403886__event_002,0.875302791595459,False
tokyo_281448_relational_between,281448,stress_test,relational_between,vector,4,2018_3403847__event_001,0.8677617311477661,False
tokyo_281448_relational_between,281448,stress_test,relational_between,vector,5,2018_3403886__event_003,0.8630161285400391,False
tokyo_281448_relational_between,281448,stress_test,relational_between,vector,6,2018_3403834__event_003,0.8576202392578125,False
tokyo_281448_relational_between,281448,stress_test,relational_between,vector,7,2018_3403886__event_004,0.8537870645523071,False
tokyo_281448_relational_between,281448,stress_test,relational_between,vector,8,2018_3403825__event_001,0.8519784212112427,False
tokyo_281448_relational_between,281448,stress_test,relational_between,vector,9,2018_3403862__event_001,0.8488777279853821,False
tokyo_281448_relational_between,281448,stress_test,relational_between,vector,10,2018_3403886__event_001,0.84726482629776,False
tokyo_281448_relational_between,281448,stress_test,relational_between,vector,11,2018_3403834__event_002,0.8383281230926514,False
tokyo_281448_relational_between,281448,stress_test,relational_between,vector,12,2018_3403860__event_002,0.8361990451812744,False
tokyo_281448_relational_between,281448,stress_test,relational_between,vector,13,2018_3403847__event_002,0.8356204032897949,False
tokyo_281448_relational_between,281448,stress_test,relational_between,vector,14,2018_3403837__event_001,0.8228037357330322,False
tokyo_281448_relational_between,281448,stress_test,relational_between,vector,15,2018_3403886__event_005,0.8216097950935364,False
tokyo_281448_relational_between,281448,stress_test,relational_between,vector,16,2018_3403853__event_002,0.8120690584182739,False
tokyo_281448_relational_between,281448,stress_test,relational_between,vector,17,2018_3403849__event_001,0.8114640712738037,False
tokyo_281448_relational_between,281448,stress_test,relational_between,vector,18,2018_3403848__event_002,0.811331570148468,False
tokyo_281448_relational_between,281448,stress_test,relational_between,vector,19,2018_3403848__event_001,0.8103863000869751,False
tokyo_281448_relational_between,281448,stress_test,relational_between,vector,20,2018_3403853__event_001,0.8079328536987305,False
tokyo_281448_relational_between,281448,stress_test,relational_between,vector,21,2018_3403834__event_001,0.8065862655639648,False
tokyo_281448_relational_between,281448,stress_test,relational_between,vector,22,2018_3403853__event_003,0.8065392971038818,False
tokyo_281448_relational_between,281448,stress_test,relational_between,vector,23,2018_3403837__event_002,0.8057948350906372,False
tokyo_281448_relational_between,281448,stress_test,relational_between,vector,24,2018_3403849__event_002,0.8056347370147705,False
tokyo_281448_relational_between,281448,stress_test,relational_between,vector,25,2018_3403850__event_001,0.8041102886199951,False
tokyo_281448_relational_between,281448,stress_test,relational_between,vector,26,2018_3403856__event_001,0.8033595085144043,False
tokyo_281448_relational_between,281448,stress_test,relational_between,vector,27,2018_3403856__event_003,0.8028432726860046,False
tokyo_281448_relational_between,281448,stress_test,relational_between,vector,28,2018_3403860__event_003,0.8019105792045593,False
tokyo_281448_relational_between,281448,stress_test,relational_between,vector,29,2018_3403850__event_002,0.8000115752220154,False
tokyo_281448_relational_between,281448,stress_test,relational_between,vector,30,2018_3403856__event_002,0.799929678440094,False
tokyo_281448_relational_between,281448,stress_test,relational_between,vector,31,2018_3403888__event_002,0.7956281304359436,False
tokyo_281448_relational_between,281448,stress_test,relational_between,vector,32,2018_3403868__event_002,0.7949261665344238,False
tokyo_281448_relational_between,281448,stress_test,relational_between,vector,33,2018_3403860__event_001,0.7947611212730408,False
tokyo_281448_relational_between,281448,stress_test,relational_between,vector,34,2018_3403888__event_001,0.7920273542404175,False
tokyo_281448_relational_between,281448,stress_test,relational_between,vector,35,2018_3403868__event_001,0.7896924018859863,False
tokyo_283450_relational_between,283450,stress_test,relational_between,vector,1,2018_3416152__event_002,0.8832956552505493,True
tokyo_283450_relational_between,283450,stress_test,relational_between,vector,2,2018_3416142__event_005,0.8787834048271179,True
tokyo_283450_relational_between,283450,stress_test,relational_between,vector,3,2018_3416142__event_004,0.8760502338409424,True
tokyo_283450_relational_between,283450,stress_test,relational_between,vector,4,2018_3416142__event_001,0.8747310638427734,True
tokyo_283450_relational_between,283450,stress_test,relational_between,vector,5,2018_3416112__event_001,0.873568058013916,True
tokyo_283450_relational_between,283450,stress_test,relational_between,vector,6,2018_3416142__event_006,0.8732690215110779,True
tokyo_283450_relational_between,283450,stress_test,relational_between,vector,7,2018_3416140__event_001,0.871619701385498,True
tokyo_283450_relational_between,283450,stress_test,relational_between,vector,8,2018_3416112__event_005,0.8682262897491455,True
tokyo_283450_relational_between,283450,stress_test,relational_between,vector,9,2018_3416148__event_002,0.8649754524230957,True
tokyo_283450_relational_between,283450,stress_test,relational_between,vector,10,2018_3416140__event_004,0.8628817796707153,True
tokyo_283450_relational_between,283450,stress_test,relational_between,vector,11,2018_3416119__event_001,0.8613197803497314,True
tokyo_283450_relational_between,283450,stress_test,relational_between,vector,12,2018_3416149__event_001,0.8602918386459351,True
tokyo_283450_relational_between,283450,stress_test,relational_between,vector,13,2018_3416130__event_001,0.8595012426376343,True
tokyo_283450_relational_between,283450,stress_test,relational_between,vector,14,2018_3416130__event_002,0.8592924475669861,True
tokyo_283450_relational_between,283450,stress_test,relational_between,vector,15,2018_3416119__event_002,0.8583002090454102,True
tokyo_283450_relational_between,283450,stress_test,relational_between,vector,16,2018_3416152__event_001,0.8563063144683838,True
tokyo_283450_relational_between,283450,stress_test,relational_between,vector,17,2018_3416120__event_002,0.8536184430122375,True
tokyo_283450_relational_between,283450,stress_test,relational_between,vector,18,2018_3416124__event_001,0.8502933979034424,True
tokyo_283450_relational_between,283450,stress_test,relational_between,vector,19,2018_3416090__event_002,0.8495137691497803,True
tokyo_283450_relational_between,283450,stress_test,relational_between,vector,20,2018_3416143__event_001,0.8491278290748596,True
tokyo_283450_relational_between,283450,stress_test,relational_between,vector,21,2018_3416100__event_002,0.8482342958450317,True
tokyo_283450_relational_between,283450,stress_test,relational_between,vector,22,2018_3416102__event_002,0.8463919162750244,True
tokyo_283450_relational_between,283450,stress_test,relational_between,vector,23,2018_3416146__event_002,0.8412753939628601,True
tokyo_283450_relational_between,283450,stress_test,relational_between,vector,24,2018_3416100__event_001,0.8397294878959656,True
tokyo_283450_relational_between,283450,stress_test,relational_between,vector,25,2018_3416112__event_002,0.8394054174423218,True
tokyo_283450_relational_between,283450,stress_test,relational_between,vector,26,2018_3416144__event_001,0.8392043709754944,True
tokyo_283450_relational_between,283450,stress_test,relational_between,vector,27,2018_3416142__event_002,0.8391386270523071,True
tokyo_283450_relational_between,283450,stress_test,relational_between,vector,28,2018_3416112__event_004,0.8372103571891785,True
tokyo_283450_relational_between,283450,stress_test,relational_between,vector,29,2018_3416090__event_001,0.8357284069061279,True
tokyo_283450_relational_between,283450,stress_test,relational_between,vector,30,2018_3416124__event_002,0.8350200653076172,True
tokyo_283450_relational_between,283450,stress_test,relational_between,vector,31,2018_3416140__event_002,0.8347834348678589,True
tokyo_283450_relational_between,283450,stress_test,relational_between,vector,32,2018_3416146__event_003,0.8346246480941772,True
tokyo_283450_relational_between,283450,stress_test,relational_between,vector,33,2018_3416143__event_002,0.8322867155075073,True
tokyo_283450_relational_between,283450,stress_test,relational_between,vector,34,2018_3416141__event_003,0.8312959671020508,True
tokyo_283450_relational_between,283450,stress_test,relational_between,vector,35,2018_3416141__event_001,0.831001877784729,True
tokyo_283450_relational_between,283450,stress_test,relational_between,vector,36,2018_3416140__event_003,0.8288902044296265,True
tokyo_283450_relational_between,283450,stress_test,relational_between,vector,37,2018_3416086__event_002,0.8275878429412842,True
tokyo_283450_relational_between,283450,stress_test,relational_between,vector,38,2018_3416102__event_001,0.8259516954421997,True
tokyo_283450_relational_between,283450,stress_test,relational_between,vector,39,2018_3416142__event_003,0.8247541189193726,True
tokyo_283450_relational_between,283450,stress_test,relational_between,vector,40,2018_3416120__event_003,0.8246232867240906,True
tokyo_283450_relational_between,283450,stress_test,relational_between,vector,41,2018_3416101__event_002,0.8244039416313171,True
tokyo_283450_relational_between,283450,stress_test,relational_between,vector,42,2018_3416120__event_001,0.823523759841919,True
tokyo_283450_relational_between,283450,stress_test,relational_between,vector,43,2018_3416148__event_001,0.8207184672355652,True
tokyo_283450_relational_between,283450,stress_test,relational_between,vector,44,2018_3416139__event_001,0.8181643486022949,True
tokyo_283450_relational_between,283450,stress_test,relational_between,vector,45,2018_3416144__event_002,0.8127093315124512,True
tokyo_283450_relational_between,283450,stress_test,relational_between,vector,46,2018_3416147__event_002,0.8124340176582336,True
tokyo_283450_relational_between,283450,stress_test,relational_between,vector,47,2018_3416149__event_002,0.8101258873939514,True
tokyo_283450_relational_between,283450,stress_test,relational_between,vector,48,2018_3416143__event_003,0.8099713921546936,True
tokyo_283450_relational_between,283450,stress_test,relational_between,vector,49,2018_3416147__event_001,0.8099499940872192,True
tokyo_283450_relational_between,283450,stress_test,relational_between,vector,50,2018_3416101__event_001,0.8094784021377563,True
tokyo_283450_relational_between,283450,stress_test,relational_between,vector,51,2018_3416144__event_003,0.8086930513381958,True
tokyo_283450_relational_between,283450,stress_test,relational_between,vector,52,2018_3416146__event_001,0.8083667159080505,True
tokyo_283450_relational_between,283450,stress_test,relational_between,vector,53,2018_3416086__event_001,0.8048768639564514,True
tokyo_283450_relational_between,283450,stress_test,relational_between,vector,54,2018_3416141__event_002,0.8039141893386841,True
tokyo_283450_relational_between,283450,stress_test,relational_between,vector,55,2018_3416112__event_003,0.8036307096481323,True
tokyo_283450_relational_between,283450,stress_test,relational_between,vector,56,2018_3416150__event_002,0.7916665077209473,True
tokyo_283450_relational_between,283450,stress_test,relational_between,vector,57,2018_3416133__event_002,0.790195107460022,True
tokyo_283450_relational_between,283450,stress_test,relational_between,vector,58,2018_3416115__event_001,0.7900097966194153,True
tokyo_283450_relational_between,283450,stress_test,relational_between,vector,59,2018_3416105__event_002,0.7876930236816406,True
tokyo_283450_relational_between,283450,stress_test,relational_between,vector,60,2018_3416085__event_001,0.7867765426635742,True
tokyo_283450_relational_between,283450,stress_test,relational_between,vector,61,2018_3416150__event_001,0.7860853672027588,True
tokyo_283450_relational_between,283450,stress_test,relational_between,vector,62,2018_3416122__event_001,0.7854599356651306,True
tokyo_283450_relational_between,283450,stress_test,relational_between,vector,63,2018_3416133__event_001,0.7835680842399597,True
tokyo_283450_relational_between,283450,stress_test,relational_between,vector,64,2018_3416115__event_002,0.7833839058876038,True
tokyo_283450_relational_between,283450,stress_test,relational_between,vector,65,2018_3416139__event_002,0.7808413505554199,True
tokyo_283450_relational_between,283450,stress_test,relational_between,vector,66,2018_3416099__event_002,0.7803014516830444,True
tokyo_283450_relational_between,283450,stress_test,relational_between,vector,67,2018_3416122__event_002,0.7800028920173645,True
tokyo_283450_relational_between,283450,stress_test,relational_between,vector,68,2018_3416085__event_002,0.7796111702919006,True
tokyo_283450_relational_between,283450,stress_test,relational_between,vector,69,2018_3416149__event_003,0.7757551670074463,True
tokyo_283450_relational_between,283450,stress_test,relational_between,vector,70,2018_3416151__event_001,0.7727400064468384,True
tokyo_283450_relational_between,283450,stress_test,relational_between,vector,71,2018_3416099__event_001,0.7713891863822937,True
tokyo_283450_relational_between,283450,stress_test,relational_between,vector,72,2018_3416105__event_001,0.769700288772583,True
tokyo_283450_relational_between,283450,stress_test,relational_between,vector,73,2018_3416151__event_002,0.7665413618087769,True
tokyo_283450_relational_between,283450,stress_test,relational_between,vector,74,2018_3416150__event_003,0.7638395428657532,True
tokyo_286142_relational_between,286142,stress_test,relational_between,vector,1,2018_3433042__event_002,0.9252633452415466,False
tokyo_286142_relational_between,286142,stress_test,relational_between,vector,2,2018_3433042__event_001,0.8990384340286255,False
tokyo_286142_relational_between,286142,stress_test,relational_between,vector,3,2018_3433042__event_003,0.890876293182373,False
tokyo_286142_relational_between,286142,stress_test,relational_between,vector,4,2018_3433033__event_001,0.8589580059051514,False
tokyo_286142_relational_between,286142,stress_test,relational_between,vector,5,2018_3433018__event_002,0.8573536276817322,False
tokyo_286142_relational_between,286142,stress_test,relational_between,vector,6,2018_3433018__event_001,0.8570212125778198,False
tokyo_286142_relational_between,286142,stress_test,relational_between,vector,7,2018_3433021__event_001,0.8555738925933838,False
tokyo_286142_relational_between,286142,stress_test,relational_between,vector,8,2018_3433027__event_001,0.8552560806274414,False
tokyo_286142_relational_between,286142,stress_test,relational_between,vector,9,2018_3433026__event_001,0.8539295196533203,False
tokyo_286142_relational_between,286142,stress_test,relational_between,vector,10,2018_3433040__event_002,0.8496509790420532,False
tokyo_286142_relational_between,286142,stress_test,relational_between,vector,11,2018_3433030__event_002,0.8464378118515015,False
tokyo_286142_relational_between,286142,stress_test,relational_between,vector,12,2018_3433020__event_001,0.8410289287567139,False
tokyo_286142_relational_between,286142,stress_test,relational_between,vector,13,2018_3433040__event_001,0.8392429351806641,False
tokyo_286142_relational_between,286142,stress_test,relational_between,vector,14,2018_3433030__event_001,0.8389215469360352,False
tokyo_286142_relational_between,286142,stress_test,relational_between,vector,15,2018_3433026__event_002,0.830548882484436,False
tokyo_286142_relational_between,286142,stress_test,relational_between,vector,16,2018_3433008__event_002,0.825474202632904,False
tokyo_286142_relational_between,286142,stress_test,relational_between,vector,17,2018_3433033__event_002,0.8228964805603027,False
tokyo_286142_relational_between,286142,stress_test,relational_between,vector,18,2018_3433020__event_002,0.8163958787918091,False
tokyo_286142_relational_between,286142,stress_test,relational_between,vector,19,2018_3433021__event_002,0.8144155740737915,False
tokyo_286142_relational_between,286142,stress_test,relational_between,vector,20,2018_3433027__event_002,0.8119353652000427,False
tokyo_286142_relational_between,286142,stress_test,relational_between,vector,21,2018_3433008__event_001,0.8118749856948853,False
tokyo_28664_relational_between,28664,stress_test,relational_between,vector,1,2018_580041__event_005,0.8937816023826599,True
tokyo_28664_relational_between,28664,stress_test,relational_between,vector,2,2018_580041__event_006,0.8935590386390686,True
tokyo_28664_relational_between,28664,stress_test,relational_between,vector,3,2018_580041__event_004,0.8835028409957886,True
tokyo_28664_relational_between,28664,stress_test,relational_between,vector,4,2018_580028__event_003,0.8614888787269592,True
tokyo_28664_relational_between,28664,stress_test,relational_between,vector,5,2018_580044__event_003,0.8608311414718628,True
tokyo_28664_relational_between,28664,stress_test,relational_between,vector,6,2018_580019__event_001,0.8598018884658813,True
tokyo_28664_relational_between,28664,stress_test,relational_between,vector,7,2018_580039__event_002,0.8554947376251221,True
tokyo_28664_relational_between,28664,stress_test,relational_between,vector,8,2018_580044__event_001,0.8537400960922241,True
tokyo_28664_relational_between,28664,stress_test,relational_between,vector,9,2018_580041__event_001,0.8532847166061401,True
tokyo_28664_relational_between,28664,stress_test,relational_between,vector,10,2018_580026__event_001,0.8525246977806091,True
tokyo_28664_relational_between,28664,stress_test,relational_between,vector,11,2018_580044__event_004,0.8486250638961792,True
tokyo_28664_relational_between,28664,stress_test,relational_between,vector,12,2018_580041__event_003,0.8471019864082336,True
tokyo_28664_relational_between,28664,stress_test,relational_between,vector,13,2018_580039__event_001,0.8436385989189148,True
tokyo_28664_relational_between,28664,stress_test,relational_between,vector,14,2018_580026__event_002,0.8401663899421692,True
tokyo_28664_relational_between,28664,stress_test,relational_between,vector,15,2018_580028__event_002,0.8369939923286438,True
tokyo_28664_relational_between,28664,stress_test,relational_between,vector,16,2018_580041__event_002,0.8329432010650635,True
tokyo_28664_relational_between,28664,stress_test,relational_between,vector,17,2018_580028__event_004,0.8315132260322571,True
tokyo_28664_relational_between,28664,stress_test,relational_between,vector,18,2018_580019__event_002,0.8312772512435913,True
tokyo_28664_relational_between,28664,stress_test,relational_between,vector,19,2018_580044__event_002,0.8257390856742859,True
tokyo_28664_relational_between,28664,stress_test,relational_between,vector,20,2018_580044__event_005,0.8244795203208923,True
tokyo_28664_relational_between,28664,stress_test,relational_between,vector,21,2018_580041__event_007,0.822479248046875,True
tokyo_28664_relational_between,28664,stress_test,relational_between,vector,22,2018_580038__event_002,0.8190803527832031,True
tokyo_28664_relational_between,28664,stress_test,relational_between,vector,23,2018_580046__event_002,0.8185001015663147,True
tokyo_28664_relational_between,28664,stress_test,relational_between,vector,24,2018_580044__event_006,0.8174533843994141,True
tokyo_28664_relational_between,28664,stress_test,relational_between,vector,25,2018_580047__event_003,0.81357741355896,True
tokyo_28664_relational_between,28664,stress_test,relational_between,vector,26,2018_580024__event_001,0.8123010396957397,True
tokyo_28664_relational_between,28664,stress_test,relational_between,vector,27,2018_580049__event_001,0.8116921782493591,True
tokyo_28664_relational_between,28664,stress_test,relational_between,vector,28,2018_580029__event_002,0.810494601726532,True
tokyo_28664_relational_between,28664,stress_test,relational_between,vector,29,2018_580038__event_001,0.8092681765556335,True
tokyo_28664_relational_between,28664,stress_test,relational_between,vector,30,2018_580049__event_002,0.8071756362915039,True
tokyo_28664_relational_between,28664,stress_test,relational_between,vector,31,2018_580044__event_007,0.8057626485824585,True
tokyo_28664_relational_between,28664,stress_test,relational_between,vector,32,2018_580046__event_001,0.8057441115379333,True
tokyo_28664_relational_between,28664,stress_test,relational_between,vector,33,2018_580047__event_002,0.8043793439865112,True
tokyo_28664_relational_between,28664,stress_test,relational_between,vector,34,2018_580028__event_001,0.8010988235473633,True
tokyo_28664_relational_between,28664,stress_test,relational_between,vector,35,2018_580047__event_001,0.8004962205886841,True
tokyo_28664_relational_between,28664,stress_test,relational_between,vector,36,2018_580029__event_001,0.7996543049812317,True
tokyo_28664_relational_between,28664,stress_test,relational_between,vector,37,2018_580047__event_004,0.7991753816604614,True
tokyo_28664_relational_between,28664,stress_test,relational_between,vector,38,2018_580040__event_002,0.7942489385604858,True
tokyo_28664_relational_between,28664,stress_test,relational_between,vector,39,2018_580024__event_002,0.7941427826881409,True
tokyo_28664_relational_between,28664,stress_test,relational_between,vector,40,2018_580034__event_001,0.7933722734451294,True
tokyo_28664_relational_between,28664,stress_test,relational_between,vector,41,2018_580041__event_008,0.7925456762313843,True
tokyo_28664_relational_between,28664,stress_test,relational_between,vector,42,2018_580040__event_001,0.7875193357467651,True
tokyo_28664_relational_between,28664,stress_test,relational_between,vector,43,2018_580020__event_001,0.7842050194740295,True
tokyo_28664_relational_between,28664,stress_test,relational_between,vector,44,2018_580048__event_003,0.783696174621582,True
tokyo_28664_relational_between,28664,stress_test,relational_between,vector,45,2018_580034__event_002,0.7799736261367798,True
tokyo_28664_relational_between,28664,stress_test,relational_between,vector,46,2018_580020__event_002,0.7796101570129395,True
tokyo_28664_relational_between,28664,stress_test,relational_between,vector,47,2018_580048__event_002,0.7787052392959595,True
tokyo_28664_relational_between,28664,stress_test,relational_between,vector,48,2018_580048__event_001,0.7785823941230774,True
tokyo_28664_relational_between,28664,stress_test,relational_between,vector,49,2018_580032__event_001,0.7740167379379272,True
tokyo_28664_relational_between,28664,stress_test,relational_between,vector,50,2018_580032__event_002,0.7721918821334839,True
tokyo_28664_relational_between,28664,stress_test,relational_between,vector,51,2018_580050__event_002,0.7714991569519043,True
tokyo_28664_relational_between,28664,stress_test,relational_between,vector,52,2018_580051__event_002,0.7694757580757141,True
tokyo_28664_relational_between,28664,stress_test,relational_between,vector,53,2018_580050__event_001,0.7691891193389893,True
tokyo_28664_relational_between,28664,stress_test,relational_between,vector,54,2018_580051__event_001,0.7660372853279114,True
tokyo_28664_relational_between,28664,stress_test,relational_between,vector,55,2018_580023__event_001,0.7572610378265381,True
tokyo_28664_relational_between,28664,stress_test,relational_between,vector,56,2018_580023__event_002,0.7544019222259521,True
tokyo_28697_relational_between,28697,stress_test,relational_between,vector,1,2018_580879__event_001,0.8886167407035828,False
tokyo_28697_relational_between,28697,stress_test,relational_between,vector,2,2018_580874__event_001,0.887538492679596,False
tokyo_28697_relational_between,28697,stress_test,relational_between,vector,3,2018_580896__event_003,0.8874974250793457,False
tokyo_28697_relational_between,28697,stress_test,relational_between,vector,4,2018_580896__event_002,0.8868429660797119,False
tokyo_28697_relational_between,28697,stress_test,relational_between,vector,5,2018_580896__event_001,0.8857371807098389,False
tokyo_28697_relational_between,28697,stress_test,relational_between,vector,6,2018_580888__event_002,0.8856073021888733,False
tokyo_28697_relational_between,28697,stress_test,relational_between,vector,7,2018_580905__event_001,0.8843862414360046,False
tokyo_28697_relational_between,28697,stress_test,relational_between,vector,8,2018_580888__event_001,0.8753693103790283,False
tokyo_28697_relational_between,28697,stress_test,relational_between,vector,9,2018_580879__event_002,0.8740377426147461,False
tokyo_28697_relational_between,28697,stress_test,relational_between,vector,10,2018_580874__event_002,0.8738020658493042,False
tokyo_28697_relational_between,28697,stress_test,relational_between,vector,11,2018_580884__event_003,0.8728456497192383,False
tokyo_28697_relational_between,28697,stress_test,relational_between,vector,12,2018_580905__event_002,0.871042013168335,False
tokyo_28697_relational_between,28697,stress_test,relational_between,vector,13,2018_580873__event_001,0.8708438277244568,False
tokyo_28697_relational_between,28697,stress_test,relational_between,vector,14,2018_580878__event_001,0.8680344820022583,False
tokyo_28697_relational_between,28697,stress_test,relational_between,vector,15,2018_580886__event_004,0.8653794527053833,False
tokyo_28697_relational_between,28697,stress_test,relational_between,vector,16,2018_580901__event_002,0.862709105014801,False
tokyo_28697_relational_between,28697,stress_test,relational_between,vector,17,2018_580876__event_001,0.8617387413978577,False
tokyo_28697_relational_between,28697,stress_test,relational_between,vector,18,2018_580873__event_004,0.8602450489997864,False
tokyo_28697_relational_between,28697,stress_test,relational_between,vector,19,2018_580903__event_001,0.8546972274780273,False
tokyo_28697_relational_between,28697,stress_test,relational_between,vector,20,2018_580901__event_001,0.8523454666137695,False
tokyo_28697_relational_between,28697,stress_test,relational_between,vector,21,2018_580878__event_002,0.8515156507492065,False
tokyo_28697_relational_between,28697,stress_test,relational_between,vector,22,2018_580886__event_003,0.8453227281570435,False
tokyo_28697_relational_between,28697,stress_test,relational_between,vector,23,2018_580903__event_002,0.8344020843505859,False
tokyo_28697_relational_between,28697,stress_test,relational_between,vector,24,2018_580873__event_003,0.832871675491333,False
tokyo_28697_relational_between,28697,stress_test,relational_between,vector,25,2018_580873__event_002,0.8276945352554321,False
tokyo_28697_relational_between,28697,stress_test,relational_between,vector,26,2018_580884__event_002,0.821752667427063,False
tokyo_28697_relational_between,28697,stress_test,relational_between,vector,27,2018_580876__event_002,0.8075369596481323,False
tokyo_28697_relational_between,28697,stress_test,relational_between,vector,28,2018_580887__event_002,0.7824079990386963,False
tokyo_28697_relational_between,28697,stress_test,relational_between,vector,29,2018_580886__event_002,0.780723512172699,False
tokyo_28697_relational_between,28697,stress_test,relational_between,vector,30,2018_580884__event_001,0.7805195450782776,False
tokyo_28697_relational_between,28697,stress_test,relational_between,vector,31,2018_580887__event_001,0.7744274139404297,False
tokyo_28697_relational_between,28697,stress_test,relational_between,vector,32,2018_580909__event_003,0.7676883935928345,False
tokyo_28697_relational_between,28697,stress_test,relational_between,vector,33,2018_580900__event_002,0.762086033821106,False
tokyo_28697_relational_between,28697,stress_test,relational_between,vector,34,2018_580909__event_001,0.760552167892456,False
tokyo_28697_relational_between,28697,stress_test,relational_between,vector,35,2018_580900__event_001,0.7509012818336487,False
tokyo_28697_relational_between,28697,stress_test,relational_between,vector,36,2018_580909__event_002,0.7507890462875366,False
tokyo_28697_relational_between,28697,stress_test,relational_between,vector,37,2018_580886__event_001,0.740950345993042,False
tokyo_290806_relational_between,290806,stress_test,relational_between,vector,1,2018_3462044__event_001,0.9184409379959106,False
tokyo_290806_relational_between,290806,stress_test,relational_between,vector,2,2018_3462036__event_004,0.9122339487075806,False
tokyo_290806_relational_between,290806,stress_test,relational_between,vector,3,2018_3462038__event_004,0.9113855361938477,False
tokyo_290806_relational_between,290806,stress_test,relational_between,vector,4,2018_3462040__event_003,0.9090169072151184,False
tokyo_290806_relational_between,290806,stress_test,relational_between,vector,5,2018_3462045__event_001,0.9074947834014893,False
tokyo_290806_relational_between,290806,stress_test,relational_between,vector,6,2018_3462036__event_003,0.8937808275222778,False
tokyo_290806_relational_between,290806,stress_test,relational_between,vector,7,2018_3462044__event_002,0.8810599446296692,False
tokyo_290806_relational_between,290806,stress_test,relational_between,vector,8,2018_3462045__event_002,0.8592497706413269,False
tokyo_290806_relational_between,290806,stress_test,relational_between,vector,9,2018_3462036__event_002,0.8492017984390259,False
tokyo_290806_relational_between,290806,stress_test,relational_between,vector,10,2018_3462038__event_003,0.8419437408447266,False
tokyo_290806_relational_between,290806,stress_test,relational_between,vector,11,2018_3462040__event_002,0.8402974009513855,False
tokyo_290806_relational_between,290806,stress_test,relational_between,vector,12,2018_3462058__event_001,0.8391289710998535,False
tokyo_290806_relational_between,290806,stress_test,relational_between,vector,13,2018_3462036__event_001,0.8322091102600098,False
tokyo_290806_relational_between,290806,stress_test,relational_between,vector,14,2018_3462038__event_001,0.8316596150398254,False
tokyo_290806_relational_between,290806,stress_test,relational_between,vector,15,2018_3462038__event_002,0.821809709072113,False
tokyo_290806_relational_between,290806,stress_test,relational_between,vector,16,2018_3462040__event_001,0.8207557201385498,False
tokyo_290806_relational_between,290806,stress_test,relational_between,vector,17,2018_3462056__event_001,0.8204076290130615,False
tokyo_290806_relational_between,290806,stress_test,relational_between,vector,18,2018_3462044__event_003,0.8178040981292725,False
tokyo_290806_relational_between,290806,stress_test,relational_between,vector,19,2018_3462051__event_002,0.8157441020011902,False
tokyo_290806_relational_between,290806,stress_test,relational_between,vector,20,2018_3462051__event_001,0.8145346641540527,False
tokyo_290806_relational_between,290806,stress_test,relational_between,vector,21,2018_3462058__event_004,0.8139476776123047,False
tokyo_290806_relational_between,290806,stress_test,relational_between,vector,22,2018_3462058__event_003,0.810328483581543,False
tokyo_290806_relational_between,290806,stress_test,relational_between,vector,23,2018_3462063__event_001,0.8097497820854187,False
tokyo_290806_relational_between,290806,stress_test,relational_between,vector,24,2018_3462056__event_002,0.8072496652603149,False
tokyo_290806_relational_between,290806,stress_test,relational_between,vector,25,2018_3462039__event_002,0.8068920969963074,False
tokyo_290806_relational_between,290806,stress_test,relational_between,vector,26,2018_3462058__event_002,0.8062894344329834,False
tokyo_290806_relational_between,290806,stress_test,relational_between,vector,27,2018_3462043__event_001,0.805444598197937,False
tokyo_290806_relational_between,290806,stress_test,relational_between,vector,28,2018_3462043__event_002,0.8011921048164368,False
tokyo_290806_relational_between,290806,stress_test,relational_between,vector,29,2018_3462039__event_001,0.7964392900466919,False
tokyo_290806_relational_between,290806,stress_test,relational_between,vector,30,2018_3462063__event_002,0.796078085899353,False
tokyo_290806_relational_between,290806,stress_test,relational_between,vector,31,2018_3462047__event_001,0.78908371925354,False
tokyo_290806_relational_between,290806,stress_test,relational_between,vector,32,2018_3462047__event_002,0.7868252992630005,False
tokyo_290806_relational_between,290806,stress_test,relational_between,vector,33,2018_3462055__event_002,0.7799292802810669,False
tokyo_290806_relational_between,290806,stress_test,relational_between,vector,34,2018_3462055__event_001,0.7751117944717407,False
tokyo_290806_relational_between,290806,stress_test,relational_between,vector,35,2018_3462064__event_002,0.7673161625862122,False
tokyo_290806_relational_between,290806,stress_test,relational_between,vector,36,2018_3462064__event_001,0.7605727314949036,False
tokyo_29501_relational_between,29501,stress_test,relational_between,vector,1,2018_596177__event_002,0.8799043893814087,False
tokyo_29501_relational_between,29501,stress_test,relational_between,vector,2,2018_596140__event_002,0.8788551092147827,False
tokyo_29501_relational_between,29501,stress_test,relational_between,vector,3,2018_596177__event_001,0.8685458898544312,False
tokyo_29501_relational_between,29501,stress_test,relational_between,vector,4,2018_596140__event_001,0.8526244163513184,False
tokyo_29501_relational_between,29501,stress_test,relational_between,vector,5,2018_596177__event_003,0.8408269882202148,False
tokyo_29501_relational_between,29501,stress_test,relational_between,vector,6,2018_596177__event_004,0.8170642852783203,False
tokyo_29501_relational_between,29501,stress_test,relational_between,vector,7,2018_596194__event_002,0.8027101755142212,False
tokyo_29501_relational_between,29501,stress_test,relational_between,vector,8,2018_596159__event_002,0.7982176542282104,False
tokyo_29501_relational_between,29501,stress_test,relational_between,vector,9,2018_596168__event_003,0.7962064146995544,False
tokyo_29501_relational_between,29501,stress_test,relational_between,vector,10,2018_596194__event_001,0.7951769828796387,False
tokyo_29501_relational_between,29501,stress_test,relational_between,vector,11,2018_596197__event_001,0.792278528213501,False
tokyo_29501_relational_between,29501,stress_test,relational_between,vector,12,2018_596165__event_002,0.7917988300323486,False
tokyo_29501_relational_between,29501,stress_test,relational_between,vector,13,2018_596185__event_002,0.7911678552627563,False
tokyo_29501_relational_between,29501,stress_test,relational_between,vector,14,2018_596165__event_001,0.7907875180244446,False
tokyo_29501_relational_between,29501,stress_test,relational_between,vector,15,2018_596158__event_001,0.7907800078392029,False
tokyo_29501_relational_between,29501,stress_test,relational_between,vector,16,2018_596195__event_002,0.7907333374023438,False
tokyo_29501_relational_between,29501,stress_test,relational_between,vector,17,2018_596167__event_002,0.7900502681732178,False
tokyo_29501_relational_between,29501,stress_test,relational_between,vector,18,2018_596185__event_001,0.7894870042800903,False
tokyo_29501_relational_between,29501,stress_test,relational_between,vector,19,2018_596195__event_001,0.7876380681991577,False
tokyo_29501_relational_between,29501,stress_test,relational_between,vector,20,2018_596167__event_001,0.7874716520309448,False
tokyo_29501_relational_between,29501,stress_test,relational_between,vector,21,2018_596169__event_001,0.7842378616333008,False
tokyo_29501_relational_between,29501,stress_test,relational_between,vector,22,2018_596159__event_001,0.7830077409744263,False
tokyo_29501_relational_between,29501,stress_test,relational_between,vector,23,2018_596168__event_001,0.7816824913024902,False
tokyo_29501_relational_between,29501,stress_test,relational_between,vector,24,2018_596168__event_002,0.78144770860672,False
tokyo_29501_relational_between,29501,stress_test,relational_between,vector,25,2018_596152__event_001,0.781335711479187,False
tokyo_29501_relational_between,29501,stress_test,relational_between,vector,26,2018_596197__event_002,0.7805719375610352,False
tokyo_29501_relational_between,29501,stress_test,relational_between,vector,27,2018_596186__event_002,0.7803475260734558,False
tokyo_29501_relational_between,29501,stress_test,relational_between,vector,28,2018_596152__event_002,0.7791198492050171,False
tokyo_29501_relational_between,29501,stress_test,relational_between,vector,29,2018_596158__event_002,0.7756887674331665,False
tokyo_29501_relational_between,29501,stress_test,relational_between,vector,30,2018_596175__event_002,0.7755795121192932,False
tokyo_29501_relational_between,29501,stress_test,relational_between,vector,31,2018_596186__event_001,0.7720475792884827,False
tokyo_29501_relational_between,29501,stress_test,relational_between,vector,32,2018_596177__event_005,0.7720392346382141,False
tokyo_29501_relational_between,29501,stress_test,relational_between,vector,33,2018_596175__event_001,0.7713180780410767,False
tokyo_29501_relational_between,29501,stress_test,relational_between,vector,34,2018_596137__event_001,0.7711635828018188,False
tokyo_29501_relational_between,29501,stress_test,relational_between,vector,35,2018_596169__event_002,0.7632420659065247,False
tokyo_29501_relational_between,29501,stress_test,relational_between,vector,36,2018_596137__event_002,0.7552173137664795,False
tokyo_29757_relational_between,29757,stress_test,relational_between,vector,1,2018_601360__event_002,0.8816243410110474,False
tokyo_29757_relational_between,29757,stress_test,relational_between,vector,2,2018_601369__event_001,0.8673702478408813,False
tokyo_29757_relational_between,29757,stress_test,relational_between,vector,3,2018_601365__event_001,0.866362988948822,False
tokyo_29757_relational_between,29757,stress_test,relational_between,vector,4,2018_601360__event_003,0.8656662106513977,False
tokyo_29757_relational_between,29757,stress_test,relational_between,vector,5,2018_601365__event_002,0.8650805354118347,False
tokyo_29757_relational_between,29757,stress_test,relational_between,vector,6,2018_601379__event_001,0.86445152759552,False
tokyo_29757_relational_between,29757,stress_test,relational_between,vector,7,2018_601369__event_002,0.8637043237686157,False
tokyo_29757_relational_between,29757,stress_test,relational_between,vector,8,2018_601360__event_001,0.860485315322876,False
tokyo_29757_relational_between,29757,stress_test,relational_between,vector,9,2018_601379__event_002,0.8479938507080078,False
tokyo_29757_relational_between,29757,stress_test,relational_between,vector,10,2018_601365__event_003,0.8279269337654114,False
tokyo_29757_relational_between,29757,stress_test,relational_between,vector,11,2018_601369__event_003,0.825360119342804,False
tokyo_29757_relational_between,29757,stress_test,relational_between,vector,12,2018_601394__event_002,0.8245810866355896,False
tokyo_29757_relational_between,29757,stress_test,relational_between,vector,13,2018_601398__event_002,0.8245288133621216,False
tokyo_29757_relational_between,29757,stress_test,relational_between,vector,14,2018_601384__event_002,0.8245129585266113,False
tokyo_29757_relational_between,29757,stress_test,relational_between,vector,15,2018_601386__event_002,0.8241731524467468,False
tokyo_29757_relational_between,29757,stress_test,relational_between,vector,16,2018_601408__event_002,0.8241618871688843,False
tokyo_29757_relational_between,29757,stress_test,relational_between,vector,17,2018_601389__event_002,0.8240959644317627,False
tokyo_29757_relational_between,29757,stress_test,relational_between,vector,18,2018_601377__event_002,0.8237707018852234,False
tokyo_29757_relational_between,29757,stress_test,relational_between,vector,19,2018_601388__event_002,0.8237518072128296,False
tokyo_29757_relational_between,29757,stress_test,relational_between,vector,20,2018_601415__event_002,0.8236585259437561,False
tokyo_29757_relational_between,29757,stress_test,relational_between,vector,21,2018_601440__event_002,0.8231834173202515,False
tokyo_29757_relational_between,29757,stress_test,relational_between,vector,22,2018_601389__event_001,0.8226464986801147,False
tokyo_29757_relational_between,29757,stress_test,relational_between,vector,23,2018_601430__event_002,0.8225151896476746,False
tokyo_29757_relational_between,29757,stress_test,relational_between,vector,24,2018_601361__event_002,0.8223702907562256,False
tokyo_29757_relational_between,29757,stress_test,relational_between,vector,25,2018_601391__event_002,0.8220224380493164,False
tokyo_29757_relational_between,29757,stress_test,relational_between,vector,26,2018_601394__event_001,0.8217469453811646,False
tokyo_29757_relational_between,29757,stress_test,relational_between,vector,27,2018_601373__event_002,0.820785641670227,False
tokyo_29757_relational_between,29757,stress_test,relational_between,vector,28,2018_601373__event_001,0.819074809551239,False
tokyo_29757_relational_between,29757,stress_test,relational_between,vector,29,2018_601415__event_001,0.8188153505325317,False
tokyo_29757_relational_between,29757,stress_test,relational_between,vector,30,2018_601384__event_001,0.818780779838562,False
tokyo_29757_relational_between,29757,stress_test,relational_between,vector,31,2018_601398__event_001,0.8187645673751831,False
tokyo_29757_relational_between,29757,stress_test,relational_between,vector,32,2018_601386__event_001,0.8182201981544495,False
tokyo_29757_relational_between,29757,stress_test,relational_between,vector,33,2018_601408__event_001,0.8181818723678589,False
tokyo_29757_relational_between,29757,stress_test,relational_between,vector,34,2018_601388__event_001,0.8178999423980713,False
tokyo_29757_relational_between,29757,stress_test,relational_between,vector,35,2018_601377__event_001,0.8171192407608032,False
tokyo_29757_relational_between,29757,stress_test,relational_between,vector,36,2018_601361__event_001,0.8168585896492004,False
tokyo_29757_relational_between,29757,stress_test,relational_between,vector,37,2018_601391__event_001,0.8164435029029846,False
tokyo_29757_relational_between,29757,stress_test,relational_between,vector,38,2018_601440__event_001,0.8164305090904236,False
tokyo_29757_relational_between,29757,stress_test,relational_between,vector,39,2018_601430__event_001,0.8158881664276123,False
tokyo_29757_relational_between,29757,stress_test,relational_between,vector,40,2018_601438__event_001,0.8130190372467041,False
tokyo_29757_relational_between,29757,stress_test,relational_between,vector,41,2018_601438__event_002,0.7948377132415771,False
tokyo_29764_relational_between,29764,stress_test,relational_between,vector,1,2018_601542__event_002,0.9248690605163574,False
tokyo_29764_relational_between,29764,stress_test,relational_between,vector,2,2018_601479__event_003,0.9247617721557617,False
tokyo_29764_relational_between,29764,stress_test,relational_between,vector,3,2018_601514__event_002,0.9243799448013306,False
tokyo_29764_relational_between,29764,stress_test,relational_between,vector,4,2018_601501__event_002,0.9241312742233276,False
tokyo_29764_relational_between,29764,stress_test,relational_between,vector,5,2018_601559__event_002,0.9237926006317139,False
tokyo_29764_relational_between,29764,stress_test,relational_between,vector,6,2018_601480__event_002,0.9233174920082092,False
tokyo_29764_relational_between,29764,stress_test,relational_between,vector,7,2018_601542__event_001,0.9207395315170288,False
tokyo_29764_relational_between,29764,stress_test,relational_between,vector,8,2018_601534__event_001,0.920677661895752,False
tokyo_29764_relational_between,29764,stress_test,relational_between,vector,9,2018_601480__event_001,0.9206182956695557,False
tokyo_29764_relational_between,29764,stress_test,relational_between,vector,10,2018_601559__event_001,0.9198660850524902,False
tokyo_29764_relational_between,29764,stress_test,relational_between,vector,11,2018_601514__event_001,0.9194690585136414,False
tokyo_29764_relational_between,29764,stress_test,relational_between,vector,12,2018_601501__event_001,0.9193704128265381,False
tokyo_29764_relational_between,29764,stress_test,relational_between,vector,13,2018_601633__event_002,0.9114854335784912,False
tokyo_29764_relational_between,29764,stress_test,relational_between,vector,14,2018_601487__event_002,0.9110053777694702,False
tokyo_29764_relational_between,29764,stress_test,relational_between,vector,15,2018_601534__event_002,0.9108618497848511,False
tokyo_29764_relational_between,29764,stress_test,relational_between,vector,16,2018_601478__event_001,0.9069702625274658,False
tokyo_29764_relational_between,29764,stress_test,relational_between,vector,17,2018_601479__event_002,0.8998597860336304,False
tokyo_29764_relational_between,29764,stress_test,relational_between,vector,18,2018_601633__event_001,0.8857201337814331,False
tokyo_29764_relational_between,29764,stress_test,relational_between,vector,19,2018_601487__event_001,0.885624349117279,False
tokyo_29764_relational_between,29764,stress_test,relational_between,vector,20,2018_601479__event_001,0.8801963329315186,False
tokyo_29764_relational_between,29764,stress_test,relational_between,vector,21,2018_601487__event_003,0.8686084747314453,False
tokyo_29764_relational_between,29764,stress_test,relational_between,vector,22,2018_601633__event_003,0.8674875497817993,False
tokyo_29764_relational_between,29764,stress_test,relational_between,vector,23,2018_601478__event_002,0.8670654296875,False
tokyo_29764_relational_between,29764,stress_test,relational_between,vector,24,2018_601534__event_003,0.8530032634735107,False
tokyo_29764_relational_between,29764,stress_test,relational_between,vector,25,2018_601478__event_003,0.8323718905448914,False
tokyo_29764_relational_between,29764,stress_test,relational_between,vector,26,2018_601634__event_002,0.8241266012191772,False
tokyo_29764_relational_between,29764,stress_test,relational_between,vector,27,2018_601634__event_001,0.8101728558540344,False
tokyo_29764_relational_between,29764,stress_test,relational_between,vector,28,2018_601534__event_004,0.7955920100212097,False
tokyo_31204_relational_between,31204,stress_test,relational_between,vector,1,2018_631703__event_002,0.8918018341064453,False
tokyo_31204_relational_between,31204,stress_test,relational_between,vector,2,2018_631703__event_003,0.8854655027389526,False
tokyo_31204_relational_between,31204,stress_test,relational_between,vector,3,2018_631691__event_001,0.8318711519241333,False
tokyo_31204_relational_between,31204,stress_test,relational_between,vector,4,2018_631654__event_001,0.8297275900840759,False
tokyo_31204_relational_between,31204,stress_test,relational_between,vector,5,2018_631588__event_001,0.8291882276535034,False
tokyo_31204_relational_between,31204,stress_test,relational_between,vector,6,2018_631614__event_001,0.8287228345870972,False
tokyo_31204_relational_between,31204,stress_test,relational_between,vector,7,2018_631677__event_001,0.827975869178772,False
tokyo_31204_relational_between,31204,stress_test,relational_between,vector,8,2018_631691__event_002,0.8279390335083008,False
tokyo_31204_relational_between,31204,stress_test,relational_between,vector,9,2018_631611__event_001,0.8274148106575012,False
tokyo_31204_relational_between,31204,stress_test,relational_between,vector,10,2018_631703__event_001,0.822948694229126,False
tokyo_31204_relational_between,31204,stress_test,relational_between,vector,11,2018_631588__event_002,0.8225553631782532,False
tokyo_31204_relational_between,31204,stress_test,relational_between,vector,12,2018_631614__event_002,0.8221592903137207,False
tokyo_31204_relational_between,31204,stress_test,relational_between,vector,13,2018_631654__event_002,0.8216261863708496,False
tokyo_31204_relational_between,31204,stress_test,relational_between,vector,14,2018_631700__event_001,0.8214839696884155,False
tokyo_31204_relational_between,31204,stress_test,relational_between,vector,15,2018_631677__event_002,0.8205817937850952,False
tokyo_31204_relational_between,31204,stress_test,relational_between,vector,16,2018_631611__event_002,0.8205375671386719,False
tokyo_31204_relational_between,31204,stress_test,relational_between,vector,17,2018_631700__event_002,0.8169581890106201,False
tokyo_31204_relational_between,31204,stress_test,relational_between,vector,18,2018_631642__event_001,0.7967956066131592,False
tokyo_31204_relational_between,31204,stress_test,relational_between,vector,19,2018_631642__event_002,0.7951905727386475,False
tokyo_31204_relational_between,31204,stress_test,relational_between,vector,20,2018_631666__event_001,0.7949451208114624,False
tokyo_31204_relational_between,31204,stress_test,relational_between,vector,21,2018_631604__event_002,0.790118932723999,False
tokyo_31204_relational_between,31204,stress_test,relational_between,vector,22,2018_631666__event_002,0.7878172397613525,False
tokyo_31204_relational_between,31204,stress_test,relational_between,vector,23,2018_631604__event_001,0.7868797183036804,False
tokyo_31204_relational_between,31204,stress_test,relational_between,vector,24,2018_631651__event_002,0.7814019322395325,False
tokyo_31204_relational_between,31204,stress_test,relational_between,vector,25,2018_631693__event_002,0.7811796069145203,False
tokyo_31204_relational_between,31204,stress_test,relational_between,vector,26,2018_631693__event_001,0.7800333499908447,False
tokyo_31204_relational_between,31204,stress_test,relational_between,vector,27,2018_631651__event_001,0.7780495882034302,False
tokyo_32545_relational_between,32545,stress_test,relational_between,vector,1,2018_661952__event_003,0.862938404083252,True
tokyo_32545_relational_between,32545,stress_test,relational_between,vector,2,2018_661952__event_002,0.8505373001098633,True
tokyo_32545_relational_between,32545,stress_test,relational_between,vector,3,2018_661946__event_002,0.8396390676498413,True
tokyo_32545_relational_between,32545,stress_test,relational_between,vector,4,2018_661952__event_004,0.8391906023025513,True
tokyo_32545_relational_between,32545,stress_test,relational_between,vector,5,2018_661957__event_001,0.8391885161399841,True
tokyo_32545_relational_between,32545,stress_test,relational_between,vector,6,2018_661991__event_003,0.8377514481544495,True
tokyo_32545_relational_between,32545,stress_test,relational_between,vector,7,2018_661940__event_001,0.8371573686599731,True
tokyo_32545_relational_between,32545,stress_test,relational_between,vector,8,2018_661950__event_002,0.8366705179214478,True
tokyo_32545_relational_between,32545,stress_test,relational_between,vector,9,2018_661970__event_001,0.8361451625823975,True
tokyo_32545_relational_between,32545,stress_test,relational_between,vector,10,2018_661938__event_003,0.8349630832672119,True
tokyo_32545_relational_between,32545,stress_test,relational_between,vector,11,2018_661977__event_002,0.8328230977058411,True
tokyo_32545_relational_between,32545,stress_test,relational_between,vector,12,2018_661948__event_002,0.8311384320259094,True
tokyo_32545_relational_between,32545,stress_test,relational_between,vector,13,2018_661967__event_001,0.8307851552963257,True
tokyo_32545_relational_between,32545,stress_test,relational_between,vector,14,2018_662009__event_002,0.8305824398994446,True
tokyo_32545_relational_between,32545,stress_test,relational_between,vector,15,2018_661994__event_001,0.83049476146698,True
tokyo_32545_relational_between,32545,stress_test,relational_between,vector,16,2018_661974__event_002,0.8277948498725891,True
tokyo_32545_relational_between,32545,stress_test,relational_between,vector,17,2018_661973__event_001,0.8263294696807861,True
tokyo_32545_relational_between,32545,stress_test,relational_between,vector,18,2018_661946__event_001,0.8228583931922913,True
tokyo_32545_relational_between,32545,stress_test,relational_between,vector,19,2018_661952__event_001,0.8156402707099915,True
tokyo_32545_relational_between,32545,stress_test,relational_between,vector,20,2018_661974__event_001,0.8134222030639648,True
tokyo_32545_relational_between,32545,stress_test,relational_between,vector,21,2018_661973__event_002,0.8119528293609619,True
tokyo_32545_relational_between,32545,stress_test,relational_between,vector,22,2018_661942__event_003,0.8104445338249207,True
tokyo_32545_relational_between,32545,stress_test,relational_between,vector,23,2018_661950__event_001,0.8050321936607361,True
tokyo_32545_relational_between,32545,stress_test,relational_between,vector,24,2018_661940__event_002,0.8047658205032349,True
tokyo_32545_relational_between,32545,stress_test,relational_between,vector,25,2018_661942__event_002,0.8044470548629761,True
tokyo_32545_relational_between,32545,stress_test,relational_between,vector,26,2018_661963__event_001,0.802541196346283,True
tokyo_32545_relational_between,32545,stress_test,relational_between,vector,27,2018_661970__event_002,0.8003824949264526,True
tokyo_32545_relational_between,32545,stress_test,relational_between,vector,28,2018_661994__event_002,0.7996973991394043,True
tokyo_32545_relational_between,32545,stress_test,relational_between,vector,29,2018_661948__event_001,0.7985609173774719,True
tokyo_32545_relational_between,32545,stress_test,relational_between,vector,30,2018_661952__event_005,0.7983951568603516,True
tokyo_32545_relational_between,32545,stress_test,relational_between,vector,31,2018_661957__event_002,0.7961934208869934,True
tokyo_32545_relational_between,32545,stress_test,relational_between,vector,32,2018_661950__event_003,0.7946159839630127,True
tokyo_32545_relational_between,32545,stress_test,relational_between,vector,33,2018_661942__event_004,0.7925055623054504,True
tokyo_32545_relational_between,32545,stress_test,relational_between,vector,34,2018_661991__event_002,0.7901908159255981,True
tokyo_32545_relational_between,32545,stress_test,relational_between,vector,35,2018_661963__event_002,0.7899885177612305,True
tokyo_32545_relational_between,32545,stress_test,relational_between,vector,36,2018_661977__event_001,0.7888970375061035,True
tokyo_32545_relational_between,32545,stress_test,relational_between,vector,37,2018_662009__event_001,0.7888399362564087,True
tokyo_32545_relational_between,32545,stress_test,relational_between,vector,38,2018_661938__event_002,0.7883477807044983,True
tokyo_32545_relational_between,32545,stress_test,relational_between,vector,39,2018_661946__event_003,0.7869744896888733,True
tokyo_32545_relational_between,32545,stress_test,relational_between,vector,40,2018_661937__event_001,0.7805026769638062,True
tokyo_32545_relational_between,32545,stress_test,relational_between,vector,41,2018_661998__event_003,0.7804594039916992,True
tokyo_32545_relational_between,32545,stress_test,relational_between,vector,42,2018_661962__event_001,0.7800179719924927,True
tokyo_32545_relational_between,32545,stress_test,relational_between,vector,43,2018_661966__event_002,0.7762839198112488,True
tokyo_32545_relational_between,32545,stress_test,relational_between,vector,44,2018_661988__event_003,0.7751476764678955,True
tokyo_32545_relational_between,32545,stress_test,relational_between,vector,45,2018_661967__event_002,0.7747930288314819,True
tokyo_32545_relational_between,32545,stress_test,relational_between,vector,46,2018_661980__event_001,0.7738211154937744,True
tokyo_32545_relational_between,32545,stress_test,relational_between,vector,47,2018_661937__event_002,0.7714747190475464,True
tokyo_32545_relational_between,32545,stress_test,relational_between,vector,48,2018_662002__event_002,0.7711631059646606,True
tokyo_32545_relational_between,32545,stress_test,relational_between,vector,49,2018_661936__event_001,0.7697934508323669,True
tokyo_32545_relational_between,32545,stress_test,relational_between,vector,50,2018_661942__event_001,0.769608736038208,True
tokyo_32545_relational_between,32545,stress_test,relational_between,vector,51,2018_661990__event_002,0.7691371440887451,True
tokyo_32545_relational_between,32545,stress_test,relational_between,vector,52,2018_661985__event_001,0.7689085006713867,True
tokyo_32545_relational_between,32545,stress_test,relational_between,vector,53,2018_661985__event_004,0.7680649161338806,True
tokyo_32545_relational_between,32545,stress_test,relational_between,vector,54,2018_661962__event_003,0.7675539255142212,True
tokyo_32545_relational_between,32545,stress_test,relational_between,vector,55,2018_661993__event_001,0.7674793004989624,True
tokyo_32545_relational_between,32545,stress_test,relational_between,vector,56,2018_661966__event_001,0.7670943737030029,True
tokyo_32545_relational_between,32545,stress_test,relational_between,vector,57,2018_661945__event_002,0.7666897177696228,True
tokyo_32545_relational_between,32545,stress_test,relational_between,vector,58,2018_661951__event_001,0.7660320997238159,True
tokyo_32545_relational_between,32545,stress_test,relational_between,vector,59,2018_661985__event_003,0.7642126083374023,True
tokyo_32545_relational_between,32545,stress_test,relational_between,vector,60,2018_661980__event_002,0.7640071511268616,True
tokyo_32545_relational_between,32545,stress_test,relational_between,vector,61,2018_662005__event_002,0.763515293598175,True
tokyo_32545_relational_between,32545,stress_test,relational_between,vector,62,2018_662006__event_001,0.762660026550293,True
tokyo_32545_relational_between,32545,stress_test,relational_between,vector,63,2018_661998__event_002,0.7620497345924377,True
tokyo_32545_relational_between,32545,stress_test,relational_between,vector,64,2018_661949__event_002,0.7615501880645752,True
tokyo_32545_relational_between,32545,stress_test,relational_between,vector,65,2018_661990__event_001,0.7613846063613892,True
tokyo_32545_relational_between,32545,stress_test,relational_between,vector,66,2018_661981__event_002,0.7611861228942871,True
tokyo_32545_relational_between,32545,stress_test,relational_between,vector,67,2018_661936__event_003,0.7608432769775391,True
tokyo_32545_relational_between,32545,stress_test,relational_between,vector,68,2018_661936__event_002,0.7607059478759766,True
tokyo_32545_relational_between,32545,stress_test,relational_between,vector,69,2018_661988__event_001,0.7606027722358704,True
tokyo_32545_relational_between,32545,stress_test,relational_between,vector,70,2018_662008__event_001,0.7595181465148926,True
tokyo_32545_relational_between,32545,stress_test,relational_between,vector,71,2018_661951__event_002,0.7593986988067627,True
tokyo_32545_relational_between,32545,stress_test,relational_between,vector,72,2018_661987__event_002,0.7592658400535583,True
tokyo_32545_relational_between,32545,stress_test,relational_between,vector,73,2018_661962__event_002,0.7589837908744812,True
tokyo_32545_relational_between,32545,stress_test,relational_between,vector,74,2018_661949__event_001,0.7587733268737793,True
tokyo_32545_relational_between,32545,stress_test,relational_between,vector,75,2018_661965__event_002,0.7581104636192322,True
tokyo_32545_relational_between,32545,stress_test,relational_between,vector,76,2018_662008__event_002,0.7579157948493958,True
tokyo_32545_relational_between,32545,stress_test,relational_between,vector,77,2018_661945__event_003,0.7578838467597961,True
tokyo_32545_relational_between,32545,stress_test,relational_between,vector,78,2018_661944__event_003,0.7574734091758728,True
tokyo_32545_relational_between,32545,stress_test,relational_between,vector,79,2018_661950__event_004,0.7573975324630737,True
tokyo_32545_relational_between,32545,stress_test,relational_between,vector,80,2018_662002__event_001,0.757146954536438,True
tokyo_32545_relational_between,32545,stress_test,relational_between,vector,81,2018_661997__event_002,0.7571014165878296,True
tokyo_32545_relational_between,32545,stress_test,relational_between,vector,82,2018_661991__event_001,0.7547853589057922,True
tokyo_32545_relational_between,32545,stress_test,relational_between,vector,83,2018_661945__event_001,0.7534627914428711,True
tokyo_32545_relational_between,32545,stress_test,relational_between,vector,84,2018_662006__event_002,0.7530659437179565,True
tokyo_32545_relational_between,32545,stress_test,relational_between,vector,85,2018_661943__event_001,0.7528260946273804,True
tokyo_32545_relational_between,32545,stress_test,relational_between,vector,86,2018_661946__event_004,0.7519941329956055,True
tokyo_32545_relational_between,32545,stress_test,relational_between,vector,87,2018_661965__event_001,0.7510801553726196,True
tokyo_32545_relational_between,32545,stress_test,relational_between,vector,88,2018_661985__event_002,0.7506439685821533,True
tokyo_32545_relational_between,32545,stress_test,relational_between,vector,89,2018_661993__event_002,0.7503979206085205,True
tokyo_32545_relational_between,32545,stress_test,relational_between,vector,90,2018_661992__event_003,0.7501811981201172,True
tokyo_32545_relational_between,32545,stress_test,relational_between,vector,91,2018_661968__event_002,0.7494333982467651,True
tokyo_32545_relational_between,32545,stress_test,relational_between,vector,92,2018_661992__event_002,0.7488752603530884,True
tokyo_32545_relational_between,32545,stress_test,relational_between,vector,93,2018_661997__event_001,0.7473077774047852,True
tokyo_32545_relational_between,32545,stress_test,relational_between,vector,94,2018_661988__event_002,0.7470895051956177,True
tokyo_32545_relational_between,32545,stress_test,relational_between,vector,95,2018_661998__event_001,0.747084379196167,True
tokyo_32545_relational_between,32545,stress_test,relational_between,vector,96,2018_662005__event_001,0.7457250356674194,True
tokyo_32545_relational_between,32545,stress_test,relational_between,vector,97,2018_661943__event_002,0.7394016981124878,True
tokyo_32545_relational_between,32545,stress_test,relational_between,vector,98,2018_661938__event_001,0.7389065027236938,True
tokyo_32545_relational_between,32545,stress_test,relational_between,vector,99,2018_661981__event_001,0.7382691502571106,True
tokyo_32545_relational_between,32545,stress_test,relational_between,vector,100,2018_661992__event_001,0.7374294996261597,True
tokyo_32545_relational_between,32545,stress_test,relational_between,vector,101,2018_661968__event_001,0.7364434003829956,True
tokyo_32545_relational_between,32545,stress_test,relational_between,vector,102,2018_661987__event_001,0.7354774475097656,True
tokyo_32545_relational_between,32545,stress_test,relational_between,vector,103,2018_661944__event_001,0.7343218326568604,True
tokyo_32545_relational_between,32545,stress_test,relational_between,vector,104,2018_661944__event_002,0.7326662540435791,True
tokyo_32545_relational_between,32545,stress_test,relational_between,vector,105,2018_661996__event_002,0.7239270210266113,True
tokyo_32545_relational_between,32545,stress_test,relational_between,vector,106,2018_661996__event_001,0.7198162078857422,True
tokyo_325605_relational_between,325605,stress_test,relational_between,vector,1,2018_3674480__event_002,0.9161691665649414,True
tokyo_325605_relational_between,325605,stress_test,relational_between,vector,2,2018_3674446__event_002,0.9071901440620422,True
tokyo_325605_relational_between,325605,stress_test,relational_between,vector,3,2018_3674427__event_003,0.9046335220336914,True
tokyo_325605_relational_between,325605,stress_test,relational_between,vector,4,2018_3674422__event_002,0.9036093950271606,True
tokyo_325605_relational_between,325605,stress_test,relational_between,vector,5,2018_3674471__event_002,0.9033136367797852,True
tokyo_325605_relational_between,325605,stress_test,relational_between,vector,6,2018_3674480__event_003,0.9015203714370728,True
tokyo_325605_relational_between,325605,stress_test,relational_between,vector,7,2018_3674463__event_003,0.89837646484375,True
tokyo_325605_relational_between,325605,stress_test,relational_between,vector,8,2018_3674443__event_002,0.8963462114334106,True
tokyo_325605_relational_between,325605,stress_test,relational_between,vector,9,2018_3674436__event_002,0.8959963917732239,True
tokyo_325605_relational_between,325605,stress_test,relational_between,vector,10,2018_3674408__event_002,0.8959729671478271,True
tokyo_325605_relational_between,325605,stress_test,relational_between,vector,11,2018_3674471__event_001,0.8888434171676636,True
tokyo_325605_relational_between,325605,stress_test,relational_between,vector,12,2018_3674480__event_001,0.8831007480621338,True
tokyo_325605_relational_between,325605,stress_test,relational_between,vector,13,2018_3674427__event_002,0.8830674290657043,True
tokyo_325605_relational_between,325605,stress_test,relational_between,vector,14,2018_3674455__event_001,0.8821018934249878,True
tokyo_325605_relational_between,325605,stress_test,relational_between,vector,15,2018_3674422__event_001,0.8818292617797852,True
tokyo_325605_relational_between,325605,stress_test,relational_between,vector,16,2018_3674455__event_002,0.8726575374603271,True
tokyo_325605_relational_between,325605,stress_test,relational_between,vector,17,2018_3674436__event_001,0.8715595602989197,True
tokyo_325605_relational_between,325605,stress_test,relational_between,vector,18,2018_3674427__event_004,0.8663215041160583,True
tokyo_325605_relational_between,325605,stress_test,relational_between,vector,19,2018_3674419__event_002,0.8651846647262573,True
tokyo_325605_relational_between,325605,stress_test,relational_between,vector,20,2018_3674443__event_001,0.8648116588592529,True
tokyo_325605_relational_between,325605,stress_test,relational_between,vector,21,2018_3674419__event_001,0.859097957611084,True
tokyo_325605_relational_between,325605,stress_test,relational_between,vector,22,2018_3674446__event_001,0.8556466698646545,True
tokyo_325605_relational_between,325605,stress_test,relational_between,vector,23,2018_3674454__event_002,0.8552862405776978,True
tokyo_325605_relational_between,325605,stress_test,relational_between,vector,24,2018_3674411__event_001,0.8536762595176697,True
tokyo_325605_relational_between,325605,stress_test,relational_between,vector,25,2018_3674418__event_005,0.8525201678276062,True
tokyo_325605_relational_between,325605,stress_test,relational_between,vector,26,2018_3674477__event_001,0.8510715961456299,True
tokyo_325605_relational_between,325605,stress_test,relational_between,vector,27,2018_3674472__event_001,0.8500916361808777,True
tokyo_325605_relational_between,325605,stress_test,relational_between,vector,28,2018_3674469__event_001,0.8499619364738464,True
tokyo_325605_relational_between,325605,stress_test,relational_between,vector,29,2018_3674458__event_003,0.8495759963989258,True
tokyo_325605_relational_between,325605,stress_test,relational_between,vector,30,2018_3674408__event_001,0.8485404849052429,True
tokyo_325605_relational_between,325605,stress_test,relational_between,vector,31,2018_3674433__event_001,0.8472293615341187,True
tokyo_325605_relational_between,325605,stress_test,relational_between,vector,32,2018_3674434__event_001,0.8470596075057983,True
tokyo_325605_relational_between,325605,stress_test,relational_between,vector,33,2018_3674462__event_001,0.8459150791168213,True
tokyo_325605_relational_between,325605,stress_test,relational_between,vector,34,2018_3674460__event_002,0.8438047766685486,True
tokyo_325605_relational_between,325605,stress_test,relational_between,vector,35,2018_3674454__event_001,0.8426567912101746,True
tokyo_325605_relational_between,325605,stress_test,relational_between,vector,36,2018_3674419__event_003,0.842434287071228,True
tokyo_325605_relational_between,325605,stress_test,relational_between,vector,37,2018_3674462__event_002,0.8416132926940918,True
tokyo_325605_relational_between,325605,stress_test,relational_between,vector,38,2018_3674463__event_002,0.8377536535263062,True
tokyo_325605_relational_between,325605,stress_test,relational_between,vector,39,2018_3674411__event_002,0.8375211954116821,True
tokyo_325605_relational_between,325605,stress_test,relational_between,vector,40,2018_3674460__event_001,0.8364605903625488,True
tokyo_325605_relational_between,325605,stress_test,relational_between,vector,41,2018_3674449__event_002,0.8282560110092163,True
tokyo_325605_relational_between,325605,stress_test,relational_between,vector,42,2018_3674428__event_003,0.8256269693374634,True
tokyo_325605_relational_between,325605,stress_test,relational_between,vector,43,2018_3674472__event_002,0.8246126770973206,True
tokyo_325605_relational_between,325605,stress_test,relational_between,vector,44,2018_3674427__event_001,0.8239462971687317,True
tokyo_325605_relational_between,325605,stress_test,relational_between,vector,45,2018_3674469__event_002,0.8234683871269226,True
tokyo_325605_relational_between,325605,stress_test,relational_between,vector,46,2018_3674433__event_002,0.822249710559845,True
tokyo_325605_relational_between,325605,stress_test,relational_between,vector,47,2018_3674418__event_004,0.8201401829719543,True
tokyo_325605_relational_between,325605,stress_test,relational_between,vector,48,2018_3674428__event_002,0.8160140514373779,True
tokyo_325605_relational_between,325605,stress_test,relational_between,vector,49,2018_3674418__event_001,0.8155447244644165,True
tokyo_325605_relational_between,325605,stress_test,relational_between,vector,50,2018_3674449__event_001,0.8139336109161377,True
tokyo_325605_relational_between,325605,stress_test,relational_between,vector,51,2018_3674434__event_003,0.8132014870643616,True
tokyo_325605_relational_between,325605,stress_test,relational_between,vector,52,2018_3674477__event_002,0.8119537830352783,True
tokyo_325605_relational_between,325605,stress_test,relational_between,vector,53,2018_3674442__event_002,0.8105080723762512,True
tokyo_325605_relational_between,325605,stress_test,relational_between,vector,54,2018_3674476__event_002,0.8088394403457642,True
tokyo_325605_relational_between,325605,stress_test,relational_between,vector,55,2018_3674461__event_001,0.8085830211639404,True
tokyo_325605_relational_between,325605,stress_test,relational_between,vector,56,2018_3674458__event_002,0.8084853291511536,True
tokyo_325605_relational_between,325605,stress_test,relational_between,vector,57,2018_3674458__event_004,0.8067859411239624,True
tokyo_325605_relational_between,325605,stress_test,relational_between,vector,58,2018_3674423__event_002,0.8065769672393799,True
tokyo_325605_relational_between,325605,stress_test,relational_between,vector,59,2018_3674461__event_002,0.8056430816650391,True
tokyo_325605_relational_between,325605,stress_test,relational_between,vector,60,2018_3674434__event_002,0.8051064014434814,True
tokyo_325605_relational_between,325605,stress_test,relational_between,vector,61,2018_3674426__event_001,0.8037159442901611,True
tokyo_325605_relational_between,325605,stress_test,relational_between,vector,62,2018_3674468__event_002,0.8016190528869629,True
tokyo_325605_relational_between,325605,stress_test,relational_between,vector,63,2018_3674469__event_003,0.7992432713508606,True
tokyo_325605_relational_between,325605,stress_test,relational_between,vector,64,2018_3674418__event_002,0.7991689443588257,True
tokyo_325605_relational_between,325605,stress_test,relational_between,vector,65,2018_3674424__event_002,0.7987873554229736,True
tokyo_325605_relational_between,325605,stress_test,relational_between,vector,66,2018_3674426__event_002,0.7967996001243591,True
tokyo_325605_relational_between,325605,stress_test,relational_between,vector,67,2018_3674434__event_004,0.7955765724182129,True
tokyo_325605_relational_between,325605,stress_test,relational_between,vector,68,2018_3674418__event_003,0.7940041422843933,True
tokyo_325605_relational_between,325605,stress_test,relational_between,vector,69,2018_3674458__event_001,0.7936815023422241,True
tokyo_325605_relational_between,325605,stress_test,relational_between,vector,70,2018_3674452__event_002,0.7924000024795532,True
tokyo_325605_relational_between,325605,stress_test,relational_between,vector,71,2018_3674424__event_001,0.7923321723937988,True
tokyo_325605_relational_between,325605,stress_test,relational_between,vector,72,2018_3674442__event_001,0.7918466329574585,True
tokyo_325605_relational_between,325605,stress_test,relational_between,vector,73,2018_3674444__event_002,0.7897738218307495,True
tokyo_325605_relational_between,325605,stress_test,relational_between,vector,74,2018_3674452__event_001,0.787421464920044,True
tokyo_325605_relational_between,325605,stress_test,relational_between,vector,75,2018_3674428__event_001,0.779983401298523,True
tokyo_325605_relational_between,325605,stress_test,relational_between,vector,76,2018_3674476__event_001,0.7785600423812866,True
tokyo_325605_relational_between,325605,stress_test,relational_between,vector,77,2018_3674477__event_003,0.7780783772468567,True
tokyo_325605_relational_between,325605,stress_test,relational_between,vector,78,2018_3674444__event_001,0.7749511003494263,True
tokyo_325605_relational_between,325605,stress_test,relational_between,vector,79,2018_3674468__event_001,0.7745119333267212,True
tokyo_325605_relational_between,325605,stress_test,relational_between,vector,80,2018_3674463__event_001,0.7719883918762207,True
tokyo_325605_relational_between,325605,stress_test,relational_between,vector,81,2018_3674423__event_001,0.7717536687850952,True
tokyo_325605_relational_between,325605,stress_test,relational_between,vector,82,2018_3674458__event_005,0.7657666802406311,True
tokyo_328941_relational_between,328941,stress_test,relational_between,vector,1,2018_3694436__event_003,0.9095513820648193,False
tokyo_328941_relational_between,328941,stress_test,relational_between,vector,2,2018_3694436__event_002,0.9041275978088379,False
tokyo_328941_relational_between,328941,stress_test,relational_between,vector,3,2018_3694438__event_001,0.8624747395515442,False
tokyo_328941_relational_between,328941,stress_test,relational_between,vector,4,2018_3694436__event_001,0.8613364696502686,False
tokyo_328941_relational_between,328941,stress_test,relational_between,vector,5,2018_3694439__event_001,0.8444693088531494,False
tokyo_328941_relational_between,328941,stress_test,relational_between,vector,6,2018_3694439__event_002,0.821229875087738,False
tokyo_328941_relational_between,328941,stress_test,relational_between,vector,7,2018_3694443__event_001,0.815937876701355,False
tokyo_328941_relational_between,328941,stress_test,relational_between,vector,8,2018_3694437__event_002,0.8111831545829773,False
tokyo_328941_relational_between,328941,stress_test,relational_between,vector,9,2018_3694438__event_002,0.8043946027755737,False
tokyo_328941_relational_between,328941,stress_test,relational_between,vector,10,2018_3694433__event_002,0.8023359775543213,False
tokyo_328941_relational_between,328941,stress_test,relational_between,vector,11,2018_3694443__event_002,0.7936235666275024,False
tokyo_328941_relational_between,328941,stress_test,relational_between,vector,12,2018_3694435__event_002,0.7921044230461121,False
tokyo_328941_relational_between,328941,stress_test,relational_between,vector,13,2018_3694430__event_001,0.7914891839027405,False
tokyo_328941_relational_between,328941,stress_test,relational_between,vector,14,2018_3694437__event_001,0.7890883088111877,False
tokyo_328941_relational_between,328941,stress_test,relational_between,vector,15,2018_3694433__event_001,0.7867667078971863,False
tokyo_328941_relational_between,328941,stress_test,relational_between,vector,16,2018_3694440__event_002,0.7854000329971313,False
tokyo_328941_relational_between,328941,stress_test,relational_between,vector,17,2018_3694440__event_001,0.7841300964355469,False
tokyo_328941_relational_between,328941,stress_test,relational_between,vector,18,2018_3694432__event_002,0.7829184532165527,False
tokyo_328941_relational_between,328941,stress_test,relational_between,vector,19,2018_3694432__event_001,0.7816799283027649,False
tokyo_328941_relational_between,328941,stress_test,relational_between,vector,20,2018_3694434__event_001,0.7810943126678467,False
tokyo_328941_relational_between,328941,stress_test,relational_between,vector,21,2018_3694434__event_002,0.7806589007377625,False
tokyo_328941_relational_between,328941,stress_test,relational_between,vector,22,2018_3694435__event_001,0.7764152884483337,False
tokyo_328941_relational_between,328941,stress_test,relational_between,vector,23,2018_3694430__event_002,0.7731850147247314,False
tokyo_339444_relational_between,339444,stress_test,relational_between,vector,1,2018_3757165__event_005,0.9166788458824158,False
tokyo_339444_relational_between,339444,stress_test,relational_between,vector,2,2018_3757165__event_006,0.900439977645874,False
tokyo_339444_relational_between,339444,stress_test,relational_between,vector,3,2018_3757165__event_004,0.8961784839630127,False
tokyo_339444_relational_between,339444,stress_test,relational_between,vector,4,2018_3757165__event_003,0.8803622722625732,False
tokyo_339444_relational_between,339444,stress_test,relational_between,vector,5,2018_3757165__event_002,0.8460734486579895,False
tokyo_339444_relational_between,339444,stress_test,relational_between,vector,6,2018_3757162__event_001,0.8109050989151001,False
tokyo_339444_relational_between,339444,stress_test,relational_between,vector,7,2018_3757165__event_001,0.8106414079666138,False
tokyo_339444_relational_between,339444,stress_test,relational_between,vector,8,2018_3757167__event_001,0.8102575540542603,False
tokyo_339444_relational_between,339444,stress_test,relational_between,vector,9,2018_3757165__event_007,0.8100738525390625,False
tokyo_339444_relational_between,339444,stress_test,relational_between,vector,10,2018_3757170__event_001,0.807572066783905,False
tokyo_339444_relational_between,339444,stress_test,relational_between,vector,11,2018_3757180__event_001,0.8063659071922302,False
tokyo_339444_relational_between,339444,stress_test,relational_between,vector,12,2018_3757180__event_002,0.8052304983139038,False
tokyo_339444_relational_between,339444,stress_test,relational_between,vector,13,2018_3757169__event_001,0.8041883111000061,False
tokyo_339444_relational_between,339444,stress_test,relational_between,vector,14,2018_3757170__event_002,0.803466796875,False
tokyo_339444_relational_between,339444,stress_test,relational_between,vector,15,2018_3757162__event_002,0.8026710748672485,False
tokyo_339444_relational_between,339444,stress_test,relational_between,vector,16,2018_3757175__event_001,0.8020598888397217,False
tokyo_339444_relational_between,339444,stress_test,relational_between,vector,17,2018_3757166__event_001,0.8014044165611267,False
tokyo_339444_relational_between,339444,stress_test,relational_between,vector,18,2018_3757166__event_002,0.8005434274673462,False
tokyo_339444_relational_between,339444,stress_test,relational_between,vector,19,2018_3757174__event_001,0.8003889322280884,False
tokyo_339444_relational_between,339444,stress_test,relational_between,vector,20,2018_3757175__event_002,0.7998343706130981,False
tokyo_339444_relational_between,339444,stress_test,relational_between,vector,21,2018_3757169__event_002,0.7969965934753418,False
tokyo_339444_relational_between,339444,stress_test,relational_between,vector,22,2018_3757167__event_002,0.7953310012817383,False
tokyo_339444_relational_between,339444,stress_test,relational_between,vector,23,2018_3757184__event_001,0.7923043966293335,False
tokyo_339444_relational_between,339444,stress_test,relational_between,vector,24,2018_3757184__event_002,0.7880865335464478,False
tokyo_339444_relational_between,339444,stress_test,relational_between,vector,25,2018_3757174__event_002,0.7872141599655151,False
tokyo_339444_relational_between,339444,stress_test,relational_between,vector,26,2018_3757163__event_001,0.7856093645095825,False
tokyo_339444_relational_between,339444,stress_test,relational_between,vector,27,2018_3757164__event_001,0.7852193117141724,False
tokyo_339444_relational_between,339444,stress_test,relational_between,vector,28,2018_3757165__event_008,0.7824814319610596,False
tokyo_339444_relational_between,339444,stress_test,relational_between,vector,29,2018_3757162__event_003,0.7814085483551025,False
tokyo_339444_relational_between,339444,stress_test,relational_between,vector,30,2018_3757163__event_002,0.780001699924469,False
tokyo_339444_relational_between,339444,stress_test,relational_between,vector,31,2018_3757164__event_002,0.779924750328064,False
tokyo_342180_relational_between,342180,stress_test,relational_between,vector,1,2018_3773299__event_002,0.8677843809127808,True
tokyo_342180_relational_between,342180,stress_test,relational_between,vector,2,2018_3773299__event_001,0.8650736808776855,True
tokyo_342180_relational_between,342180,stress_test,relational_between,vector,3,2018_3773310__event_001,0.8607914447784424,True
tokyo_342180_relational_between,342180,stress_test,relational_between,vector,4,2018_3773299__event_003,0.8584138751029968,True
tokyo_342180_relational_between,342180,stress_test,relational_between,vector,5,2018_3773300__event_002,0.8558855652809143,True
tokyo_342180_relational_between,342180,stress_test,relational_between,vector,6,2018_3773298__event_001,0.8542840480804443,True
tokyo_342180_relational_between,342180,stress_test,relational_between,vector,7,2018_3773296__event_002,0.8511961102485657,True
tokyo_342180_relational_between,342180,stress_test,relational_between,vector,8,2018_3773310__event_002,0.8344917893409729,True
tokyo_342180_relational_between,342180,stress_test,relational_between,vector,9,2018_3773300__event_001,0.8255188465118408,True
tokyo_342180_relational_between,342180,stress_test,relational_between,vector,10,2018_3773307__event_002,0.8198113441467285,True
tokyo_342180_relational_between,342180,stress_test,relational_between,vector,11,2018_3773298__event_002,0.8177717924118042,True
tokyo_342180_relational_between,342180,stress_test,relational_between,vector,12,2018_3773296__event_001,0.8171601295471191,True
tokyo_342180_relational_between,342180,stress_test,relational_between,vector,13,2018_3773311__event_002,0.8139430284500122,True
tokyo_342180_relational_between,342180,stress_test,relational_between,vector,14,2018_3773307__event_001,0.8137426376342773,True
tokyo_342180_relational_between,342180,stress_test,relational_between,vector,15,2018_3773285__event_002,0.811251163482666,True
tokyo_342180_relational_between,342180,stress_test,relational_between,vector,16,2018_3773307__event_003,0.8085449934005737,True
tokyo_342180_relational_between,342180,stress_test,relational_between,vector,17,2018_3773302__event_001,0.8012531995773315,True
tokyo_342180_relational_between,342180,stress_test,relational_between,vector,18,2018_3773311__event_003,0.7952679395675659,True
tokyo_342180_relational_between,342180,stress_test,relational_between,vector,19,2018_3773313__event_001,0.7942423820495605,True
tokyo_342180_relational_between,342180,stress_test,relational_between,vector,20,2018_3773301__event_001,0.79256272315979,True
tokyo_342180_relational_between,342180,stress_test,relational_between,vector,21,2018_3773285__event_001,0.7907177209854126,True
tokyo_342180_relational_between,342180,stress_test,relational_between,vector,22,2018_3773284__event_001,0.7897621393203735,True
tokyo_342180_relational_between,342180,stress_test,relational_between,vector,23,2018_3773311__event_001,0.7889352440834045,True
tokyo_342180_relational_between,342180,stress_test,relational_between,vector,24,2018_3773313__event_002,0.7878158092498779,True
tokyo_342180_relational_between,342180,stress_test,relational_between,vector,25,2018_3773289__event_001,0.7856863737106323,True
tokyo_342180_relational_between,342180,stress_test,relational_between,vector,26,2018_3773316__event_001,0.7849730253219604,True
tokyo_342180_relational_between,342180,stress_test,relational_between,vector,27,2018_3773318__event_001,0.7840695381164551,True
tokyo_342180_relational_between,342180,stress_test,relational_between,vector,28,2018_3773289__event_002,0.7840034365653992,True
tokyo_342180_relational_between,342180,stress_test,relational_between,vector,29,2018_3773304__event_001,0.7826665639877319,True
tokyo_342180_relational_between,342180,stress_test,relational_between,vector,30,2018_3773318__event_002,0.7810589075088501,True
tokyo_342180_relational_between,342180,stress_test,relational_between,vector,31,2018_3773294__event_001,0.7794499397277832,True
tokyo_342180_relational_between,342180,stress_test,relational_between,vector,32,2018_3773314__event_001,0.7778831124305725,True
tokyo_342180_relational_between,342180,stress_test,relational_between,vector,33,2018_3773310__event_003,0.777653157711029,True
tokyo_342180_relational_between,342180,stress_test,relational_between,vector,34,2018_3773302__event_002,0.7701401114463806,True
tokyo_342180_relational_between,342180,stress_test,relational_between,vector,35,2018_3773304__event_002,0.76966392993927,True
tokyo_342180_relational_between,342180,stress_test,relational_between,vector,36,2018_3773284__event_002,0.7688544988632202,True
tokyo_342180_relational_between,342180,stress_test,relational_between,vector,37,2018_3773288__event_001,0.7682154774665833,True
tokyo_342180_relational_between,342180,stress_test,relational_between,vector,38,2018_3773288__event_002,0.7680404186248779,True
tokyo_342180_relational_between,342180,stress_test,relational_between,vector,39,2018_3773318__event_004,0.767600417137146,True
tokyo_342180_relational_between,342180,stress_test,relational_between,vector,40,2018_3773301__event_002,0.7674764394760132,True
tokyo_342180_relational_between,342180,stress_test,relational_between,vector,41,2018_3773316__event_002,0.7616775035858154,True
tokyo_342180_relational_between,342180,stress_test,relational_between,vector,42,2018_3773314__event_002,0.7596138715744019,True
tokyo_342180_relational_between,342180,stress_test,relational_between,vector,43,2018_3773313__event_003,0.7589085102081299,True
tokyo_342180_relational_between,342180,stress_test,relational_between,vector,44,2018_3773297__event_001,0.7588908672332764,True
tokyo_342180_relational_between,342180,stress_test,relational_between,vector,45,2018_3773314__event_003,0.7586258053779602,True
tokyo_342180_relational_between,342180,stress_test,relational_between,vector,46,2018_3773294__event_002,0.7556833028793335,True
tokyo_342180_relational_between,342180,stress_test,relational_between,vector,47,2018_3773318__event_003,0.7539610862731934,True
tokyo_342180_relational_between,342180,stress_test,relational_between,vector,48,2018_3773297__event_002,0.7521464824676514,True
tokyo_342180_relational_between,342180,stress_test,relational_between,vector,49,2018_3773301__event_003,0.7369155883789062,True
tokyo_34258_relational_between,34258,stress_test,relational_between,vector,1,2018_698472__event_007,0.9192441701889038,False
tokyo_34258_relational_between,34258,stress_test,relational_between,vector,2,2018_698472__event_009,0.9164385199546814,False
tokyo_34258_relational_between,34258,stress_test,relational_between,vector,3,2018_698472__event_008,0.9043743014335632,False
tokyo_34258_relational_between,34258,stress_test,relational_between,vector,4,2018_698472__event_011,0.86012864112854,False
tokyo_34258_relational_between,34258,stress_test,relational_between,vector,5,2018_698472__event_005,0.855699896812439,False
tokyo_34258_relational_between,34258,stress_test,relational_between,vector,6,2018_698472__event_006,0.8503125309944153,False
tokyo_34258_relational_between,34258,stress_test,relational_between,vector,7,2018_698472__event_010,0.8491480350494385,False
tokyo_34258_relational_between,34258,stress_test,relational_between,vector,8,2018_698467__event_003,0.8439147472381592,False
tokyo_34258_relational_between,34258,stress_test,relational_between,vector,9,2018_698471__event_002,0.8348044157028198,False
tokyo_34258_relational_between,34258,stress_test,relational_between,vector,10,2018_698471__event_003,0.8329957723617554,False
tokyo_34258_relational_between,34258,stress_test,relational_between,vector,11,2018_698462__event_002,0.8329527378082275,False
tokyo_34258_relational_between,34258,stress_test,relational_between,vector,12,2018_698482__event_002,0.8329424858093262,False
tokyo_34258_relational_between,34258,stress_test,relational_between,vector,13,2018_698467__event_002,0.8326659202575684,False
tokyo_34258_relational_between,34258,stress_test,relational_between,vector,14,2018_698472__event_002,0.8322722911834717,False
tokyo_34258_relational_between,34258,stress_test,relational_between,vector,15,2018_698479__event_002,0.8317969441413879,False
tokyo_34258_relational_between,34258,stress_test,relational_between,vector,16,2018_698472__event_003,0.8317620158195496,False
tokyo_34258_relational_between,34258,stress_test,relational_between,vector,17,2018_698478__event_002,0.8311954140663147,False
tokyo_34258_relational_between,34258,stress_test,relational_between,vector,18,2018_698480__event_002,0.830495297908783,False
tokyo_34258_relational_between,34258,stress_test,relational_between,vector,19,2018_698473__event_002,0.8302639722824097,False
tokyo_34258_relational_between,34258,stress_test,relational_between,vector,20,2018_698471__event_001,0.8289916515350342,False
tokyo_34258_relational_between,34258,stress_test,relational_between,vector,21,2018_698483__event_002,0.8285336494445801,False
tokyo_34258_relational_between,34258,stress_test,relational_between,vector,22,2018_698462__event_001,0.8281534910202026,False
tokyo_34258_relational_between,34258,stress_test,relational_between,vector,23,2018_698479__event_001,0.8276687264442444,False
tokyo_34258_relational_between,34258,stress_test,relational_between,vector,24,2018_698467__event_005,0.8269715905189514,False
tokyo_34258_relational_between,34258,stress_test,relational_between,vector,25,2018_698467__event_001,0.8266006708145142,False
tokyo_34258_relational_between,34258,stress_test,relational_between,vector,26,2018_698473__event_001,0.8263624906539917,False
tokyo_34258_relational_between,34258,stress_test,relational_between,vector,27,2018_698478__event_001,0.8261074423789978,False
tokyo_34258_relational_between,34258,stress_test,relational_between,vector,28,2018_698482__event_001,0.8260498642921448,False
tokyo_34258_relational_between,34258,stress_test,relational_between,vector,29,2018_698480__event_001,0.8260027170181274,False
tokyo_34258_relational_between,34258,stress_test,relational_between,vector,30,2018_698472__event_001,0.8255844116210938,False
tokyo_34258_relational_between,34258,stress_test,relational_between,vector,31,2018_698483__event_001,0.8238587379455566,False
tokyo_34258_relational_between,34258,stress_test,relational_between,vector,32,2018_698471__event_004,0.8230005502700806,False
tokyo_34258_relational_between,34258,stress_test,relational_between,vector,33,2018_698482__event_003,0.8200492262840271,False
tokyo_34258_relational_between,34258,stress_test,relational_between,vector,34,2018_698472__event_004,0.8194808959960938,False
tokyo_34258_relational_between,34258,stress_test,relational_between,vector,35,2018_698463__event_001,0.8179003000259399,False
tokyo_34258_relational_between,34258,stress_test,relational_between,vector,36,2018_698463__event_002,0.8163983821868896,False
tokyo_34258_relational_between,34258,stress_test,relational_between,vector,37,2018_698481__event_001,0.8047436475753784,False
tokyo_34258_relational_between,34258,stress_test,relational_between,vector,38,2018_698481__event_003,0.801916241645813,False
tokyo_34258_relational_between,34258,stress_test,relational_between,vector,39,2018_698467__event_004,0.8013526201248169,False
tokyo_34258_relational_between,34258,stress_test,relational_between,vector,40,2018_698482__event_005,0.7994872331619263,False
tokyo_34258_relational_between,34258,stress_test,relational_between,vector,41,2018_698481__event_002,0.7665759325027466,False
tokyo_34258_relational_between,34258,stress_test,relational_between,vector,42,2018_698482__event_004,0.7658686637878418,False
tokyo_348059_relational_between,348059,stress_test,relational_between,vector,1,2018_3807517__event_004,0.9174085259437561,False
tokyo_348059_relational_between,348059,stress_test,relational_between,vector,2,2018_3807517__event_005,0.903623104095459,False
tokyo_348059_relational_between,348059,stress_test,relational_between,vector,3,2018_3807517__event_003,0.8853643536567688,False
tokyo_348059_relational_between,348059,stress_test,relational_between,vector,4,2018_3807516__event_003,0.8609696626663208,False
tokyo_348059_relational_between,348059,stress_test,relational_between,vector,5,2018_3807506__event_004,0.8513436317443848,False
tokyo_348059_relational_between,348059,stress_test,relational_between,vector,6,2018_3807516__event_004,0.8459688425064087,False
tokyo_348059_relational_between,348059,stress_test,relational_between,vector,7,2018_3807506__event_005,0.8450070023536682,False
tokyo_348059_relational_between,348059,stress_test,relational_between,vector,8,2018_3807506__event_003,0.842575192451477,False
tokyo_348059_relational_between,348059,stress_test,relational_between,vector,9,2018_3807514__event_002,0.8378288745880127,False
tokyo_348059_relational_between,348059,stress_test,relational_between,vector,10,2018_3807523__event_004,0.8330631256103516,False
tokyo_348059_relational_between,348059,stress_test,relational_between,vector,11,2018_3807524__event_004,0.8328901529312134,False
tokyo_348059_relational_between,348059,stress_test,relational_between,vector,12,2018_3807524__event_002,0.832718014717102,False
tokyo_348059_relational_between,348059,stress_test,relational_between,vector,13,2018_3807525__event_001,0.831652820110321,False
tokyo_348059_relational_between,348059,stress_test,relational_between,vector,14,2018_3807521__event_003,0.8316410779953003,False
tokyo_348059_relational_between,348059,stress_test,relational_between,vector,15,2018_3807520__event_003,0.8313542604446411,False
tokyo_348059_relational_between,348059,stress_test,relational_between,vector,16,2018_3807522__event_003,0.8310732841491699,False
tokyo_348059_relational_between,348059,stress_test,relational_between,vector,17,2018_3807511__event_002,0.8303132057189941,False
tokyo_348059_relational_between,348059,stress_test,relational_between,vector,18,2018_3807523__event_003,0.8273910284042358,False
tokyo_348059_relational_between,348059,stress_test,relational_between,vector,19,2018_3807506__event_001,0.8272843360900879,False
tokyo_348059_relational_between,348059,stress_test,relational_between,vector,20,2018_3807521__event_004,0.8250606060028076,False
tokyo_348059_relational_between,348059,stress_test,relational_between,vector,21,2018_3807509__event_003,0.8246576189994812,False
tokyo_348059_relational_between,348059,stress_test,relational_between,vector,22,2018_3807525__event_002,0.8243663311004639,False
tokyo_348059_relational_between,348059,stress_test,relational_between,vector,23,2018_3807524__event_003,0.821923017501831,False
tokyo_348059_relational_between,348059,stress_test,relational_between,vector,24,2018_3807514__event_001,0.8216948509216309,False
tokyo_348059_relational_between,348059,stress_test,relational_between,vector,25,2018_3807523__event_005,0.8211150169372559,False
tokyo_348059_relational_between,348059,stress_test,relational_between,vector,26,2018_3807515__event_001,0.8180294036865234,False
tokyo_348059_relational_between,348059,stress_test,relational_between,vector,27,2018_3807525__event_003,0.8177135586738586,False
tokyo_348059_relational_between,348059,stress_test,relational_between,vector,28,2018_3807516__event_002,0.8149853944778442,False
tokyo_348059_relational_between,348059,stress_test,relational_between,vector,29,2018_3807524__event_005,0.8143776655197144,False
tokyo_348059_relational_between,348059,stress_test,relational_between,vector,30,2018_3807517__event_002,0.8115365505218506,False
tokyo_348059_relational_between,348059,stress_test,relational_between,vector,31,2018_3807506__event_002,0.8114145398139954,False
tokyo_348059_relational_between,348059,stress_test,relational_between,vector,32,2018_3807515__event_002,0.8113192319869995,False
tokyo_348059_relational_between,348059,stress_test,relational_between,vector,33,2018_3807516__event_006,0.8101538419723511,False
tokyo_348059_relational_between,348059,stress_test,relational_between,vector,34,2018_3807511__event_001,0.8070605397224426,False
tokyo_348059_relational_between,348059,stress_test,relational_between,vector,35,2018_3807524__event_001,0.8009911775588989,False
tokyo_348059_relational_between,348059,stress_test,relational_between,vector,36,2018_3807522__event_002,0.799950361251831,False
tokyo_348059_relational_between,348059,stress_test,relational_between,vector,37,2018_3807509__event_004,0.7998976707458496,False
tokyo_348059_relational_between,348059,stress_test,relational_between,vector,38,2018_3807521__event_002,0.7997600436210632,False
tokyo_348059_relational_between,348059,stress_test,relational_between,vector,39,2018_3807520__event_002,0.7986314296722412,False
tokyo_348059_relational_between,348059,stress_test,relational_between,vector,40,2018_3807523__event_002,0.7974663972854614,False
tokyo_348059_relational_between,348059,stress_test,relational_between,vector,41,2018_3807519__event_002,0.7931889295578003,False
tokyo_348059_relational_between,348059,stress_test,relational_between,vector,42,2018_3807518__event_001,0.7923519611358643,False
tokyo_348059_relational_between,348059,stress_test,relational_between,vector,43,2018_3807505__event_001,0.7838654518127441,False
tokyo_348059_relational_between,348059,stress_test,relational_between,vector,44,2018_3807519__event_001,0.7804375290870667,False
tokyo_348059_relational_between,348059,stress_test,relational_between,vector,45,2018_3807516__event_005,0.7792942523956299,False
tokyo_348059_relational_between,348059,stress_test,relational_between,vector,46,2018_3807507__event_001,0.7792819142341614,False
tokyo_348059_relational_between,348059,stress_test,relational_between,vector,47,2018_3807521__event_001,0.7791056632995605,False
tokyo_348059_relational_between,348059,stress_test,relational_between,vector,48,2018_3807520__event_001,0.7789030075073242,False
tokyo_348059_relational_between,348059,stress_test,relational_between,vector,49,2018_3807522__event_001,0.7785822153091431,False
tokyo_348059_relational_between,348059,stress_test,relational_between,vector,50,2018_3807516__event_001,0.7784615159034729,False
tokyo_348059_relational_between,348059,stress_test,relational_between,vector,51,2018_3807523__event_001,0.777854323387146,False
tokyo_348059_relational_between,348059,stress_test,relational_between,vector,52,2018_3807519__event_003,0.7773758172988892,False
tokyo_348059_relational_between,348059,stress_test,relational_between,vector,53,2018_3807517__event_001,0.7773175239562988,False
tokyo_348059_relational_between,348059,stress_test,relational_between,vector,54,2018_3807512__event_001,0.7758185863494873,False
tokyo_348059_relational_between,348059,stress_test,relational_between,vector,55,2018_3807507__event_002,0.7727270126342773,False
tokyo_348059_relational_between,348059,stress_test,relational_between,vector,56,2018_3807518__event_002,0.7713299989700317,False
tokyo_348059_relational_between,348059,stress_test,relational_between,vector,57,2018_3807512__event_002,0.7706835865974426,False
tokyo_348059_relational_between,348059,stress_test,relational_between,vector,58,2018_3807505__event_002,0.7690348029136658,False
tokyo_348059_relational_between,348059,stress_test,relational_between,vector,59,2018_3807509__event_002,0.7641749382019043,False
tokyo_348059_relational_between,348059,stress_test,relational_between,vector,60,2018_3807509__event_001,0.7600492835044861,False
tokyo_348059_relational_between,348059,stress_test,relational_between,vector,61,2018_3807513__event_003,0.7423143982887268,False
tokyo_348059_relational_between,348059,stress_test,relational_between,vector,62,2018_3807513__event_001,0.7265174388885498,False
tokyo_348059_relational_between,348059,stress_test,relational_between,vector,63,2018_3807513__event_002,0.7197829484939575,False
tokyo_350248_relational_between,350248,stress_test,relational_between,vector,1,2018_3820552__event_002,0.8811336755752563,True
tokyo_350248_relational_between,350248,stress_test,relational_between,vector,2,2018_3820523__event_001,0.8731518983840942,True
tokyo_350248_relational_between,350248,stress_test,relational_between,vector,3,2018_3820554__event_001,0.8722323179244995,True
tokyo_350248_relational_between,350248,stress_test,relational_between,vector,4,2018_3820552__event_001,0.8698769807815552,True
tokyo_350248_relational_between,350248,stress_test,relational_between,vector,5,2018_3820558__event_001,0.867774486541748,True
tokyo_350248_relational_between,350248,stress_test,relational_between,vector,6,2018_3820524__event_006,0.8672410249710083,True
tokyo_350248_relational_between,350248,stress_test,relational_between,vector,7,2018_3820558__event_002,0.8393044471740723,True
tokyo_350248_relational_between,350248,stress_test,relational_between,vector,8,2018_3820552__event_003,0.8360182046890259,True
tokyo_350248_relational_between,350248,stress_test,relational_between,vector,9,2018_3820523__event_002,0.833136796951294,True
tokyo_350248_relational_between,350248,stress_test,relational_between,vector,10,2018_3820554__event_002,0.8307514190673828,True
tokyo_350248_relational_between,350248,stress_test,relational_between,vector,11,2018_3820524__event_005,0.8157737851142883,True
tokyo_350248_relational_between,350248,stress_test,relational_between,vector,12,2018_3820524__event_002,0.8050203919410706,True
tokyo_350248_relational_between,350248,stress_test,relational_between,vector,13,2018_3820531__event_001,0.802118182182312,True
tokyo_350248_relational_between,350248,stress_test,relational_between,vector,14,2018_3820543__event_001,0.800006628036499,True
tokyo_350248_relational_between,350248,stress_test,relational_between,vector,15,2018_3820543__event_002,0.7997465133666992,True
tokyo_350248_relational_between,350248,stress_test,relational_between,vector,16,2018_3820524__event_003,0.7982633113861084,True
tokyo_350248_relational_between,350248,stress_test,relational_between,vector,17,2018_3820529__event_001,0.7947837710380554,True
tokyo_350248_relational_between,350248,stress_test,relational_between,vector,18,2018_3820563__event_001,0.7937479019165039,True
tokyo_350248_relational_between,350248,stress_test,relational_between,vector,19,2018_3820524__event_001,0.7934287786483765,True
tokyo_350248_relational_between,350248,stress_test,relational_between,vector,20,2018_3820531__event_002,0.7919669151306152,True
tokyo_350248_relational_between,350248,stress_test,relational_between,vector,21,2018_3820539__event_002,0.7919186949729919,True
tokyo_350248_relational_between,350248,stress_test,relational_between,vector,22,2018_3820522__event_003,0.7910535335540771,True
tokyo_350248_relational_between,350248,stress_test,relational_between,vector,23,2018_3820529__event_002,0.7901827096939087,True
tokyo_350248_relational_between,350248,stress_test,relational_between,vector,24,2018_3820551__event_002,0.7897336483001709,True
tokyo_350248_relational_between,350248,stress_test,relational_between,vector,25,2018_3820522__event_002,0.789487898349762,True
tokyo_350248_relational_between,350248,stress_test,relational_between,vector,26,2018_3820535__event_001,0.7886483669281006,True
tokyo_350248_relational_between,350248,stress_test,relational_between,vector,27,2018_3820528__event_001,0.7884826064109802,True
tokyo_350248_relational_between,350248,stress_test,relational_between,vector,28,2018_3820535__event_002,0.7874742746353149,True
tokyo_350248_relational_between,350248,stress_test,relational_between,vector,29,2018_3820539__event_001,0.7849298119544983,True
tokyo_350248_relational_between,350248,stress_test,relational_between,vector,30,2018_3820554__event_003,0.7845519781112671,True
tokyo_350248_relational_between,350248,stress_test,relational_between,vector,31,2018_3820528__event_002,0.7839893698692322,True
tokyo_350248_relational_between,350248,stress_test,relational_between,vector,32,2018_3820551__event_001,0.7821621894836426,True
tokyo_350248_relational_between,350248,stress_test,relational_between,vector,33,2018_3820563__event_002,0.781999945640564,True
tokyo_350248_relational_between,350248,stress_test,relational_between,vector,34,2018_3820557__event_001,0.7808845043182373,True
tokyo_350248_relational_between,350248,stress_test,relational_between,vector,35,2018_3820562__event_001,0.779656171798706,True
tokyo_350248_relational_between,350248,stress_test,relational_between,vector,36,2018_3820550__event_002,0.779254138469696,True
tokyo_350248_relational_between,350248,stress_test,relational_between,vector,37,2018_3820549__event_001,0.7782064080238342,True
tokyo_350248_relational_between,350248,stress_test,relational_between,vector,38,2018_3820541__event_002,0.778165876865387,True
tokyo_350248_relational_between,350248,stress_test,relational_between,vector,39,2018_3820556__event_002,0.776556134223938,True
tokyo_350248_relational_between,350248,stress_test,relational_between,vector,40,2018_3820556__event_001,0.7756835222244263,True
tokyo_350248_relational_between,350248,stress_test,relational_between,vector,41,2018_3820526__event_001,0.774972677230835,True
tokyo_350248_relational_between,350248,stress_test,relational_between,vector,42,2018_3820561__event_001,0.7742089629173279,True
tokyo_350248_relational_between,350248,stress_test,relational_between,vector,43,2018_3820557__event_002,0.7740482091903687,True
tokyo_350248_relational_between,350248,stress_test,relational_between,vector,44,2018_3820561__event_002,0.7739959955215454,True
tokyo_350248_relational_between,350248,stress_test,relational_between,vector,45,2018_3820522__event_001,0.7736493945121765,True
tokyo_350248_relational_between,350248,stress_test,relational_between,vector,46,2018_3820526__event_002,0.7735029458999634,True
tokyo_350248_relational_between,350248,stress_test,relational_between,vector,47,2018_3820557__event_003,0.7734957337379456,True
tokyo_350248_relational_between,350248,stress_test,relational_between,vector,48,2018_3820549__event_002,0.772711455821991,True
tokyo_350248_relational_between,350248,stress_test,relational_between,vector,49,2018_3820524__event_004,0.7726619243621826,True
tokyo_350248_relational_between,350248,stress_test,relational_between,vector,50,2018_3820528__event_003,0.7725680470466614,True
tokyo_350248_relational_between,350248,stress_test,relational_between,vector,51,2018_3820550__event_001,0.770779013633728,True
tokyo_350248_relational_between,350248,stress_test,relational_between,vector,52,2018_3820541__event_001,0.7685433626174927,True
tokyo_350248_relational_between,350248,stress_test,relational_between,vector,53,2018_3820562__event_002,0.765464186668396,True
tokyo_350248_relational_between,350248,stress_test,relational_between,vector,54,2018_3820535__event_003,0.7636961936950684,True
tokyo_356419_relational_between,356419,stress_test,relational_between,vector,1,2018_3855574__event_002,0.8957763910293579,False
tokyo_356419_relational_between,356419,stress_test,relational_between,vector,2,2018_3855574__event_001,0.8814126253128052,False
tokyo_356419_relational_between,356419,stress_test,relational_between,vector,3,2018_3855574__event_003,0.8800324201583862,False
tokyo_356419_relational_between,356419,stress_test,relational_between,vector,4,2018_3855579__event_001,0.8780749440193176,False
tokyo_356419_relational_between,356419,stress_test,relational_between,vector,5,2018_3855582__event_001,0.8768813014030457,False
tokyo_356419_relational_between,356419,stress_test,relational_between,vector,6,2018_3855574__event_004,0.852259635925293,False
tokyo_356419_relational_between,356419,stress_test,relational_between,vector,7,2018_3855579__event_002,0.8400858044624329,False
tokyo_356419_relational_between,356419,stress_test,relational_between,vector,8,2018_3855582__event_002,0.8397585153579712,False
tokyo_356419_relational_between,356419,stress_test,relational_between,vector,9,2018_3855585__event_001,0.8304483890533447,False
tokyo_356419_relational_between,356419,stress_test,relational_between,vector,10,2018_3855593__event_002,0.827694296836853,False
tokyo_356419_relational_between,356419,stress_test,relational_between,vector,11,2018_3855580__event_002,0.8222158551216125,False
tokyo_356419_relational_between,356419,stress_test,relational_between,vector,12,2018_3855572__event_002,0.8219236731529236,False
tokyo_356419_relational_between,356419,stress_test,relational_between,vector,13,2018_3855576__event_002,0.8218582272529602,False
tokyo_356419_relational_between,356419,stress_test,relational_between,vector,14,2018_3855583__event_002,0.8216240406036377,False
tokyo_356419_relational_between,356419,stress_test,relational_between,vector,15,2018_3855593__event_001,0.8215821981430054,False
tokyo_356419_relational_between,356419,stress_test,relational_between,vector,16,2018_3855592__event_002,0.8210248947143555,False
tokyo_356419_relational_between,356419,stress_test,relational_between,vector,17,2018_3855570__event_001,0.8208715915679932,False
tokyo_356419_relational_between,356419,stress_test,relational_between,vector,18,2018_3855571__event_003,0.8208421468734741,False
tokyo_356419_relational_between,356419,stress_test,relational_between,vector,19,2018_3855594__event_002,0.8202506303787231,False
tokyo_356419_relational_between,356419,stress_test,relational_between,vector,20,2018_3855571__event_001,0.8202260732650757,False
tokyo_356419_relational_between,356419,stress_test,relational_between,vector,21,2018_3855585__event_002,0.8165012001991272,False
tokyo_356419_relational_between,356419,stress_test,relational_between,vector,22,2018_3855571__event_002,0.8162325620651245,False
tokyo_356419_relational_between,356419,stress_test,relational_between,vector,23,2018_3855574__event_005,0.8129979372024536,False
tokyo_356419_relational_between,356419,stress_test,relational_between,vector,24,2018_3855574__event_006,0.812129020690918,False
tokyo_356419_relational_between,356419,stress_test,relational_between,vector,25,2018_3855570__event_002,0.8121020197868347,False
tokyo_356419_relational_between,356419,stress_test,relational_between,vector,26,2018_3855575__event_001,0.8116132020950317,False
tokyo_356419_relational_between,356419,stress_test,relational_between,vector,27,2018_3855572__event_001,0.8105130195617676,False
tokyo_356419_relational_between,356419,stress_test,relational_between,vector,28,2018_3855576__event_001,0.8104991912841797,False
tokyo_356419_relational_between,356419,stress_test,relational_between,vector,29,2018_3855592__event_001,0.8098909854888916,False
tokyo_356419_relational_between,356419,stress_test,relational_between,vector,30,2018_3855583__event_001,0.8088877201080322,False
tokyo_356419_relational_between,356419,stress_test,relational_between,vector,31,2018_3855575__event_002,0.8036709427833557,False
tokyo_356419_relational_between,356419,stress_test,relational_between,vector,32,2018_3855594__event_001,0.7915123701095581,False
tokyo_356419_relational_between,356419,stress_test,relational_between,vector,33,2018_3855580__event_001,0.7892715930938721,False
tokyo_35718_relational_between,35718,stress_test,relational_between,vector,1,2018_727097__event_002,0.8884113430976868,False
tokyo_35718_relational_between,35718,stress_test,relational_between,vector,2,2018_727134__event_003,0.8850277662277222,False
tokyo_35718_relational_between,35718,stress_test,relational_between,vector,3,2018_727134__event_002,0.8812838792800903,False
tokyo_35718_relational_between,35718,stress_test,relational_between,vector,4,2018_727134__event_001,0.8810417056083679,False
tokyo_35718_relational_between,35718,stress_test,relational_between,vector,5,2018_727097__event_001,0.869881272315979,False
tokyo_35718_relational_between,35718,stress_test,relational_between,vector,6,2018_727085__event_002,0.8469535112380981,False
tokyo_35718_relational_between,35718,stress_test,relational_between,vector,7,2018_727085__event_001,0.846361517906189,False
tokyo_35718_relational_between,35718,stress_test,relational_between,vector,8,2018_727120__event_002,0.8159390687942505,False
tokyo_35718_relational_between,35718,stress_test,relational_between,vector,9,2018_727120__event_003,0.8027439713478088,False
tokyo_35718_relational_between,35718,stress_test,relational_between,vector,10,2018_727120__event_001,0.8022470474243164,False
tokyo_35718_relational_between,35718,stress_test,relational_between,vector,11,2018_727082__event_002,0.799738883972168,False
tokyo_35718_relational_between,35718,stress_test,relational_between,vector,12,2018_727082__event_001,0.7966382503509521,False
tokyo_35718_relational_between,35718,stress_test,relational_between,vector,13,2018_727114__event_002,0.7950557470321655,False
tokyo_35718_relational_between,35718,stress_test,relational_between,vector,14,2018_727132__event_002,0.7933405637741089,False
tokyo_35718_relational_between,35718,stress_test,relational_between,vector,15,2018_727114__event_001,0.7911838293075562,False
tokyo_35718_relational_between,35718,stress_test,relational_between,vector,16,2018_727132__event_001,0.78495192527771,False
tokyo_35718_relational_between,35718,stress_test,relational_between,vector,17,2018_727082__event_003,0.7830311059951782,False
tokyo_35718_relational_between,35718,stress_test,relational_between,vector,18,2018_727143__event_001,0.7827158570289612,False
tokyo_35718_relational_between,35718,stress_test,relational_between,vector,19,2018_727136__event_003,0.7820861339569092,False
tokyo_35718_relational_between,35718,stress_test,relational_between,vector,20,2018_727143__event_002,0.7815603017807007,False
tokyo_35718_relational_between,35718,stress_test,relational_between,vector,21,2018_727117__event_002,0.7787407636642456,False
tokyo_35718_relational_between,35718,stress_test,relational_between,vector,22,2018_727136__event_001,0.7777589559555054,False
tokyo_35718_relational_between,35718,stress_test,relational_between,vector,23,2018_727117__event_001,0.7770724892616272,False
tokyo_35718_relational_between,35718,stress_test,relational_between,vector,24,2018_727129__event_001,0.7765935659408569,False
tokyo_35718_relational_between,35718,stress_test,relational_between,vector,25,2018_727136__event_002,0.7756429314613342,False
tokyo_35718_relational_between,35718,stress_test,relational_between,vector,26,2018_727129__event_002,0.7696340680122375,False
tokyo_362630_relational_between,362630,stress_test,relational_between,vector,1,2018_3889075__event_002,0.9040244817733765,False
tokyo_362630_relational_between,362630,stress_test,relational_between,vector,2,2018_3889075__event_003,0.8988077640533447,False
tokyo_362630_relational_between,362630,stress_test,relational_between,vector,3,2018_3889075__event_001,0.8372825384140015,False
tokyo_362630_relational_between,362630,stress_test,relational_between,vector,4,2018_3889096__event_002,0.8271491527557373,False
tokyo_362630_relational_between,362630,stress_test,relational_between,vector,5,2018_3889084__event_002,0.8251374959945679,False
tokyo_362630_relational_between,362630,stress_test,relational_between,vector,6,2018_3889098__event_002,0.8247612118721008,False
tokyo_362630_relational_between,362630,stress_test,relational_between,vector,7,2018_3889086__event_002,0.8245136737823486,False
tokyo_362630_relational_between,362630,stress_test,relational_between,vector,8,2018_3889074__event_002,0.8235765099525452,False
tokyo_362630_relational_between,362630,stress_test,relational_between,vector,9,2018_3889076__event_002,0.8230983018875122,False
tokyo_362630_relational_between,362630,stress_test,relational_between,vector,10,2018_3889096__event_001,0.8220925331115723,False
tokyo_362630_relational_between,362630,stress_test,relational_between,vector,11,2018_3889086__event_003,0.820785403251648,False
tokyo_362630_relational_between,362630,stress_test,relational_between,vector,12,2018_3889098__event_001,0.8189719319343567,False
tokyo_362630_relational_between,362630,stress_test,relational_between,vector,13,2018_3889074__event_001,0.8131603002548218,False
tokyo_362630_relational_between,362630,stress_test,relational_between,vector,14,2018_3889076__event_001,0.8125645518302917,False
tokyo_362630_relational_between,362630,stress_test,relational_between,vector,15,2018_3889072__event_002,0.809392511844635,False
tokyo_362630_relational_between,362630,stress_test,relational_between,vector,16,2018_3889077__event_001,0.8082795143127441,False
tokyo_362630_relational_between,362630,stress_test,relational_between,vector,17,2018_3889077__event_002,0.80709308385849,False
tokyo_362630_relational_between,362630,stress_test,relational_between,vector,18,2018_3889072__event_001,0.8040215969085693,False
tokyo_362630_relational_between,362630,stress_test,relational_between,vector,19,2018_3889084__event_001,0.8037060499191284,False
tokyo_362630_relational_between,362630,stress_test,relational_between,vector,20,2018_3889095__event_002,0.8012834191322327,False
tokyo_362630_relational_between,362630,stress_test,relational_between,vector,21,2018_3889093__event_002,0.8003944158554077,False
tokyo_362630_relational_between,362630,stress_test,relational_between,vector,22,2018_3889093__event_001,0.7949255704879761,False
tokyo_362630_relational_between,362630,stress_test,relational_between,vector,23,2018_3889086__event_001,0.7885664701461792,False
tokyo_362630_relational_between,362630,stress_test,relational_between,vector,24,2018_3889095__event_001,0.7851822376251221,False
tokyo_36487_relational_between,36487,stress_test,relational_between,vector,1,2018_741725__event_003,0.8632185459136963,False
tokyo_36487_relational_between,36487,stress_test,relational_between,vector,2,2018_741725__event_002,0.8592446446418762,False
tokyo_36487_relational_between,36487,stress_test,relational_between,vector,3,2018_741721__event_002,0.8494343757629395,False
tokyo_36487_relational_between,36487,stress_test,relational_between,vector,4,2018_741725__event_004,0.8452891111373901,False
tokyo_36487_relational_between,36487,stress_test,relational_between,vector,5,2018_741712__event_004,0.8406608700752258,False
tokyo_36487_relational_between,36487,stress_test,relational_between,vector,6,2018_741707__event_001,0.8346916437149048,False
tokyo_36487_relational_between,36487,stress_test,relational_between,vector,7,2018_741721__event_001,0.8338853716850281,False
tokyo_36487_relational_between,36487,stress_test,relational_between,vector,8,2018_741716__event_002,0.8210697770118713,False
tokyo_36487_relational_between,36487,stress_test,relational_between,vector,9,2018_741716__event_001,0.8207723498344421,False
tokyo_36487_relational_between,36487,stress_test,relational_between,vector,10,2018_741722__event_002,0.820021390914917,False
tokyo_36487_relational_between,36487,stress_test,relational_between,vector,11,2018_741722__event_004,0.8176222443580627,False
tokyo_36487_relational_between,36487,stress_test,relational_between,vector,12,2018_741722__event_003,0.8128065466880798,False
tokyo_36487_relational_between,36487,stress_test,relational_between,vector,13,2018_741725__event_001,0.8104745745658875,False
tokyo_36487_relational_between,36487,stress_test,relational_between,vector,14,2018_741725__event_005,0.8091890811920166,False
tokyo_36487_relational_between,36487,stress_test,relational_between,vector,15,2018_741710__event_002,0.8091158866882324,False
tokyo_36487_relational_between,36487,stress_test,relational_between,vector,16,2018_741721__event_003,0.8075997829437256,False
tokyo_36487_relational_between,36487,stress_test,relational_between,vector,17,2018_741712__event_003,0.8014670014381409,False
tokyo_36487_relational_between,36487,stress_test,relational_between,vector,18,2018_741712__event_005,0.8002543449401855,False
tokyo_36487_relational_between,36487,stress_test,relational_between,vector,19,2018_741707__event_002,0.7996834516525269,False
tokyo_36487_relational_between,36487,stress_test,relational_between,vector,20,2018_741710__event_001,0.799295961856842,False
tokyo_36487_relational_between,36487,stress_test,relational_between,vector,21,2018_741722__event_001,0.7990819811820984,False
tokyo_36487_relational_between,36487,stress_test,relational_between,vector,22,2018_741708__event_002,0.796225368976593,False
tokyo_36487_relational_between,36487,stress_test,relational_between,vector,23,2018_741726__event_003,0.7959071397781372,False
tokyo_36487_relational_between,36487,stress_test,relational_between,vector,24,2018_741716__event_003,0.7950388193130493,False
tokyo_36487_relational_between,36487,stress_test,relational_between,vector,25,2018_741699__event_002,0.7941209673881531,False
tokyo_36487_relational_between,36487,stress_test,relational_between,vector,26,2018_741712__event_006,0.7929534912109375,False
tokyo_36487_relational_between,36487,stress_test,relational_between,vector,27,2018_741726__event_001,0.7920118570327759,False
tokyo_36487_relational_between,36487,stress_test,relational_between,vector,28,2018_741699__event_001,0.7913827896118164,False
tokyo_36487_relational_between,36487,stress_test,relational_between,vector,29,2018_741708__event_003,0.7913796305656433,False
tokyo_36487_relational_between,36487,stress_test,relational_between,vector,30,2018_741726__event_002,0.7896097302436829,False
tokyo_36487_relational_between,36487,stress_test,relational_between,vector,31,2018_741640__event_001,0.7834887504577637,False
tokyo_36487_relational_between,36487,stress_test,relational_between,vector,32,2018_741640__event_002,0.7823619842529297,False
tokyo_36487_relational_between,36487,stress_test,relational_between,vector,33,2018_741700__event_002,0.7809367775917053,False
tokyo_36487_relational_between,36487,stress_test,relational_between,vector,34,2018_741689__event_001,0.7807525992393494,False
tokyo_36487_relational_between,36487,stress_test,relational_between,vector,35,2018_741694__event_001,0.7806301116943359,False
tokyo_36487_relational_between,36487,stress_test,relational_between,vector,36,2018_741712__event_002,0.7798250913619995,False
tokyo_36487_relational_between,36487,stress_test,relational_between,vector,37,2018_741708__event_001,0.7784755229949951,False
tokyo_36487_relational_between,36487,stress_test,relational_between,vector,38,2018_741706__event_001,0.7758951187133789,False
tokyo_36487_relational_between,36487,stress_test,relational_between,vector,39,2018_741700__event_003,0.7733175754547119,False
tokyo_36487_relational_between,36487,stress_test,relational_between,vector,40,2018_741694__event_002,0.7730081677436829,False
tokyo_36487_relational_between,36487,stress_test,relational_between,vector,41,2018_741714__event_002,0.7727516889572144,False
tokyo_36487_relational_between,36487,stress_test,relational_between,vector,42,2018_741689__event_002,0.7726022601127625,False
tokyo_36487_relational_between,36487,stress_test,relational_between,vector,43,2018_741712__event_001,0.7724919319152832,False
tokyo_36487_relational_between,36487,stress_test,relational_between,vector,44,2018_741708__event_004,0.7692825794219971,False
tokyo_36487_relational_between,36487,stress_test,relational_between,vector,45,2018_741700__event_004,0.7673167586326599,False
tokyo_36487_relational_between,36487,stress_test,relational_between,vector,46,2018_741720__event_002,0.7661337852478027,False
tokyo_36487_relational_between,36487,stress_test,relational_between,vector,47,2018_741714__event_003,0.7660226225852966,False
tokyo_36487_relational_between,36487,stress_test,relational_between,vector,48,2018_741714__event_001,0.7655920386314392,False
tokyo_36487_relational_between,36487,stress_test,relational_between,vector,49,2018_741721__event_004,0.7655701637268066,False
tokyo_36487_relational_between,36487,stress_test,relational_between,vector,50,2018_741700__event_001,0.7641792297363281,False
tokyo_36487_relational_between,36487,stress_test,relational_between,vector,51,2018_741711__event_001,0.7625378966331482,False
tokyo_36487_relational_between,36487,stress_test,relational_between,vector,52,2018_741706__event_002,0.7617415189743042,False
tokyo_36487_relational_between,36487,stress_test,relational_between,vector,53,2018_741720__event_001,0.7583420276641846,False
tokyo_36487_relational_between,36487,stress_test,relational_between,vector,54,2018_741711__event_002,0.7524675130844116,False
tokyo_365381_relational_between,365381,stress_test,relational_between,vector,1,2018_3903074__event_001,0.906557559967041,False
tokyo_365381_relational_between,365381,stress_test,relational_between,vector,2,2018_3903074__event_002,0.892903208732605,False
tokyo_365381_relational_between,365381,stress_test,relational_between,vector,3,2018_3903075__event_002,0.887618899345398,False
tokyo_365381_relational_between,365381,stress_test,relational_between,vector,4,2018_3903075__event_003,0.8766276836395264,False
tokyo_365381_relational_between,365381,stress_test,relational_between,vector,5,2018_3903075__event_001,0.8703727126121521,False
tokyo_365381_relational_between,365381,stress_test,relational_between,vector,6,2018_3903071__event_002,0.8643336296081543,False
tokyo_365381_relational_between,365381,stress_test,relational_between,vector,7,2018_3903077__event_001,0.8540244102478027,False
tokyo_365381_relational_between,365381,stress_test,relational_between,vector,8,2018_3903071__event_001,0.8534338474273682,False
tokyo_365381_relational_between,365381,stress_test,relational_between,vector,9,2018_3903088__event_002,0.8351418972015381,False
tokyo_365381_relational_between,365381,stress_test,relational_between,vector,10,2018_3903087__event_001,0.8328306674957275,False
tokyo_365381_relational_between,365381,stress_test,relational_between,vector,11,2018_3903087__event_002,0.8248164057731628,False
tokyo_365381_relational_between,365381,stress_test,relational_between,vector,12,2018_3903086__event_001,0.8248047232627869,False
tokyo_365381_relational_between,365381,stress_test,relational_between,vector,13,2018_3903086__event_002,0.8166926503181458,False
tokyo_365381_relational_between,365381,stress_test,relational_between,vector,14,2018_3903077__event_002,0.8159337043762207,False
tokyo_365381_relational_between,365381,stress_test,relational_between,vector,15,2018_3903088__event_001,0.8122156262397766,False
tokyo_365381_relational_between,365381,stress_test,relational_between,vector,16,2018_3903070__event_002,0.8055233955383301,False
tokyo_365381_relational_between,365381,stress_test,relational_between,vector,17,2018_3903074__event_003,0.8049465417861938,False
tokyo_365381_relational_between,365381,stress_test,relational_between,vector,18,2018_3903070__event_001,0.8024883270263672,False
tokyo_365381_relational_between,365381,stress_test,relational_between,vector,19,2018_3903079__event_002,0.794101357460022,False
tokyo_365381_relational_between,365381,stress_test,relational_between,vector,20,2018_3903084__event_001,0.7901104092597961,False
tokyo_365381_relational_between,365381,stress_test,relational_between,vector,21,2018_3903076__event_002,0.7879663705825806,False
tokyo_365381_relational_between,365381,stress_test,relational_between,vector,22,2018_3903076__event_001,0.7855433225631714,False
tokyo_365381_relational_between,365381,stress_test,relational_between,vector,23,2018_3903084__event_002,0.7836967706680298,False
tokyo_365381_relational_between,365381,stress_test,relational_between,vector,24,2018_3903079__event_001,0.7732195854187012,False
tokyo_41088_relational_between,41088,stress_test,relational_between,vector,1,2018_831017__event_002,0.8705641627311707,True
tokyo_41088_relational_between,41088,stress_test,relational_between,vector,2,2018_830987__event_003,0.8656929731369019,True
tokyo_41088_relational_between,41088,stress_test,relational_between,vector,3,2018_830997__event_003,0.8648552894592285,True
tokyo_41088_relational_between,41088,stress_test,relational_between,vector,4,2018_831010__event_003,0.8644238114356995,True
tokyo_41088_relational_between,41088,stress_test,relational_between,vector,5,2018_830981__event_003,0.8643486499786377,True
tokyo_41088_relational_between,41088,stress_test,relational_between,vector,6,2018_830970__event_002,0.8630297183990479,True
tokyo_41088_relational_between,41088,stress_test,relational_between,vector,7,2018_831020__event_003,0.8625097274780273,True
tokyo_41088_relational_between,41088,stress_test,relational_between,vector,8,2018_831000__event_003,0.862072229385376,True
tokyo_41088_relational_between,41088,stress_test,relational_between,vector,9,2018_830978__event_003,0.8617225885391235,True
tokyo_41088_relational_between,41088,stress_test,relational_between,vector,10,2018_831017__event_003,0.8605192303657532,True
tokyo_41088_relational_between,41088,stress_test,relational_between,vector,11,2018_830969__event_002,0.8578075170516968,True
tokyo_41088_relational_between,41088,stress_test,relational_between,vector,12,2018_830970__event_001,0.8564472198486328,True
tokyo_41088_relational_between,41088,stress_test,relational_between,vector,13,2018_830990__event_002,0.8537964820861816,True
tokyo_41088_relational_between,41088,stress_test,relational_between,vector,14,2018_831017__event_001,0.851241946220398,True
tokyo_41088_relational_between,41088,stress_test,relational_between,vector,15,2018_830992__event_001,0.8480690717697144,True
tokyo_41088_relational_between,41088,stress_test,relational_between,vector,16,2018_831000__event_002,0.8437697887420654,True
tokyo_41088_relational_between,41088,stress_test,relational_between,vector,17,2018_831006__event_001,0.841510534286499,True
tokyo_41088_relational_between,41088,stress_test,relational_between,vector,18,2018_830987__event_002,0.840802788734436,True
tokyo_41088_relational_between,41088,stress_test,relational_between,vector,19,2018_830997__event_002,0.8404718041419983,True
tokyo_41088_relational_between,41088,stress_test,relational_between,vector,20,2018_831020__event_002,0.8397910594940186,True
tokyo_41088_relational_between,41088,stress_test,relational_between,vector,21,2018_830981__event_002,0.8391532301902771,True
tokyo_41088_relational_between,41088,stress_test,relational_between,vector,22,2018_831010__event_002,0.8389384746551514,True
tokyo_41088_relational_between,41088,stress_test,relational_between,vector,23,2018_830978__event_002,0.8387575745582581,True
tokyo_41088_relational_between,41088,stress_test,relational_between,vector,24,2018_830969__event_001,0.8378543853759766,True
tokyo_41088_relational_between,41088,stress_test,relational_between,vector,25,2018_830993__event_001,0.8359668254852295,True
tokyo_41088_relational_between,41088,stress_test,relational_between,vector,26,2018_830990__event_001,0.8355831503868103,True
tokyo_41088_relational_between,41088,stress_test,relational_between,vector,27,2018_830990__event_003,0.8320776224136353,True
tokyo_41088_relational_between,41088,stress_test,relational_between,vector,28,2018_831008__event_001,0.8255583643913269,True
tokyo_41088_relational_between,41088,stress_test,relational_between,vector,29,2018_831006__event_002,0.8121858239173889,True
tokyo_41088_relational_between,41088,stress_test,relational_between,vector,30,2018_830999__event_002,0.7986094951629639,True
tokyo_41088_relational_between,41088,stress_test,relational_between,vector,31,2018_831000__event_001,0.7983640432357788,True
tokyo_41088_relational_between,41088,stress_test,relational_between,vector,32,2018_831026__event_002,0.7980512380599976,True
tokyo_41088_relational_between,41088,stress_test,relational_between,vector,33,2018_830999__event_001,0.797992467880249,True
tokyo_41088_relational_between,41088,stress_test,relational_between,vector,34,2018_831026__event_001,0.7971285581588745,True
tokyo_41088_relational_between,41088,stress_test,relational_between,vector,35,2018_830978__event_001,0.7970089912414551,True
tokyo_41088_relational_between,41088,stress_test,relational_between,vector,36,2018_830981__event_001,0.7968637347221375,True
tokyo_41088_relational_between,41088,stress_test,relational_between,vector,37,2018_830988__event_002,0.7968353033065796,True
tokyo_41088_relational_between,41088,stress_test,relational_between,vector,38,2018_831034__event_002,0.79665207862854,True
tokyo_41088_relational_between,41088,stress_test,relational_between,vector,39,2018_830985__event_002,0.7965473532676697,True
tokyo_41088_relational_between,41088,stress_test,relational_between,vector,40,2018_830997__event_001,0.7963564395904541,True
tokyo_41088_relational_between,41088,stress_test,relational_between,vector,41,2018_831010__event_001,0.7963523864746094,True
tokyo_41088_relational_between,41088,stress_test,relational_between,vector,42,2018_830987__event_001,0.7961221933364868,True
tokyo_41088_relational_between,41088,stress_test,relational_between,vector,43,2018_831032__event_002,0.7960265874862671,True
tokyo_41088_relational_between,41088,stress_test,relational_between,vector,44,2018_831034__event_001,0.7959089279174805,True
tokyo_41088_relational_between,41088,stress_test,relational_between,vector,45,2018_830988__event_001,0.7957171201705933,True
tokyo_41088_relational_between,41088,stress_test,relational_between,vector,46,2018_830972__event_001,0.795695960521698,True
tokyo_41088_relational_between,41088,stress_test,relational_between,vector,47,2018_830985__event_001,0.7955344915390015,True
tokyo_41088_relational_between,41088,stress_test,relational_between,vector,48,2018_831032__event_001,0.7947425842285156,True
tokyo_41088_relational_between,41088,stress_test,relational_between,vector,49,2018_830993__event_002,0.7942224740982056,True
tokyo_41088_relational_between,41088,stress_test,relational_between,vector,50,2018_830992__event_002,0.7939497232437134,True
tokyo_41088_relational_between,41088,stress_test,relational_between,vector,51,2018_831020__event_001,0.7935858964920044,True
tokyo_41088_relational_between,41088,stress_test,relational_between,vector,52,2018_830972__event_002,0.7933273911476135,True
tokyo_41088_relational_between,41088,stress_test,relational_between,vector,53,2018_831024__event_001,0.7912688255310059,True
tokyo_41088_relational_between,41088,stress_test,relational_between,vector,54,2018_831008__event_002,0.7665037512779236,True
tokyo_41088_relational_between,41088,stress_test,relational_between,vector,55,2018_831024__event_002,0.757840096950531,True
tokyo_41088_relational_between,41088,stress_test,relational_between,vector,56,2018_830973__event_002,0.757583498954773,True
tokyo_41088_relational_between,41088,stress_test,relational_between,vector,57,2018_830976__event_003,0.7570268511772156,True
tokyo_41088_relational_between,41088,stress_test,relational_between,vector,58,2018_831031__event_002,0.756570041179657,True
tokyo_41088_relational_between,41088,stress_test,relational_between,vector,59,2018_831021__event_001,0.7560514807701111,True
tokyo_41088_relational_between,41088,stress_test,relational_between,vector,60,2018_830967__event_001,0.7545702457427979,True
tokyo_41088_relational_between,41088,stress_test,relational_between,vector,61,2018_830973__event_001,0.7504335045814514,True
tokyo_41088_relational_between,41088,stress_test,relational_between,vector,62,2018_831031__event_001,0.7503955364227295,True
tokyo_41088_relational_between,41088,stress_test,relational_between,vector,63,2018_830967__event_002,0.7493835687637329,True
tokyo_41088_relational_between,41088,stress_test,relational_between,vector,64,2018_831021__event_002,0.7475136518478394,True
tokyo_41088_relational_between,41088,stress_test,relational_between,vector,65,2018_831024__event_003,0.745450496673584,True
tokyo_41088_relational_between,41088,stress_test,relational_between,vector,66,2018_830966__event_001,0.7435159683227539,True
tokyo_41088_relational_between,41088,stress_test,relational_between,vector,67,2018_830980__event_001,0.7423115968704224,True
tokyo_41088_relational_between,41088,stress_test,relational_between,vector,68,2018_830982__event_001,0.7403539419174194,True
tokyo_41088_relational_between,41088,stress_test,relational_between,vector,69,2018_830983__event_002,0.7397444248199463,True
tokyo_41088_relational_between,41088,stress_test,relational_between,vector,70,2018_830991__event_002,0.7372423410415649,True
tokyo_41088_relational_between,41088,stress_test,relational_between,vector,71,2018_830976__event_002,0.7365666627883911,True
tokyo_41088_relational_between,41088,stress_test,relational_between,vector,72,2018_830983__event_001,0.7365536689758301,True
tokyo_41088_relational_between,41088,stress_test,relational_between,vector,73,2018_830991__event_001,0.7361317873001099,True
tokyo_41088_relational_between,41088,stress_test,relational_between,vector,74,2018_830966__event_002,0.7343459725379944,True
tokyo_41088_relational_between,41088,stress_test,relational_between,vector,75,2018_830982__event_002,0.7336289882659912,True
tokyo_41088_relational_between,41088,stress_test,relational_between,vector,76,2018_830980__event_002,0.7336136102676392,True
tokyo_41088_relational_between,41088,stress_test,relational_between,vector,77,2018_830976__event_001,0.7195601463317871,True
tokyo_42282_relational_between,42282,stress_test,relational_between,vector,1,2018_852454__event_002,0.8997009992599487,False
tokyo_42282_relational_between,42282,stress_test,relational_between,vector,2,2018_852454__event_003,0.8719221353530884,False
tokyo_42282_relational_between,42282,stress_test,relational_between,vector,3,2018_852473__event_001,0.8595336079597473,False
tokyo_42282_relational_between,42282,stress_test,relational_between,vector,4,2018_852454__event_001,0.8452785015106201,False
tokyo_42282_relational_between,42282,stress_test,relational_between,vector,5,2018_852473__event_002,0.8450294733047485,False
tokyo_42282_relational_between,42282,stress_test,relational_between,vector,6,2018_852454__event_004,0.8429530262947083,False
tokyo_42282_relational_between,42282,stress_test,relational_between,vector,7,2018_852475__event_001,0.8356027007102966,False
tokyo_42282_relational_between,42282,stress_test,relational_between,vector,8,2018_852419__event_001,0.8345448970794678,False
tokyo_42282_relational_between,42282,stress_test,relational_between,vector,9,2018_852419__event_002,0.8302544951438904,False
tokyo_42282_relational_between,42282,stress_test,relational_between,vector,10,2018_852475__event_002,0.8238587379455566,False
tokyo_42282_relational_between,42282,stress_test,relational_between,vector,11,2018_852451__event_001,0.8228304386138916,False
tokyo_42282_relational_between,42282,stress_test,relational_between,vector,12,2018_852420__event_001,0.8227635025978088,False
tokyo_42282_relational_between,42282,stress_test,relational_between,vector,13,2018_852420__event_002,0.8204829692840576,False
tokyo_42282_relational_between,42282,stress_test,relational_between,vector,14,2018_852427__event_002,0.8071437478065491,False
tokyo_42282_relational_between,42282,stress_test,relational_between,vector,15,2018_852451__event_002,0.8044993877410889,False
tokyo_42282_relational_between,42282,stress_test,relational_between,vector,16,2018_852441__event_002,0.7992962598800659,False
tokyo_42282_relational_between,42282,stress_test,relational_between,vector,17,2018_852486__event_001,0.7880542278289795,False
tokyo_42282_relational_between,42282,stress_test,relational_between,vector,18,2018_852486__event_002,0.7875112295150757,False
tokyo_42282_relational_between,42282,stress_test,relational_between,vector,19,2018_852441__event_001,0.7792198657989502,False
tokyo_42282_relational_between,42282,stress_test,relational_between,vector,20,2018_852463__event_002,0.7776980996131897,False
tokyo_42282_relational_between,42282,stress_test,relational_between,vector,21,2018_852427__event_001,0.7739602327346802,False
tokyo_42282_relational_between,42282,stress_test,relational_between,vector,22,2018_852463__event_001,0.7665961384773254,False
tokyo_42282_relational_between,42282,stress_test,relational_between,vector,23,2018_852433__event_002,0.7539534568786621,False
tokyo_42282_relational_between,42282,stress_test,relational_between,vector,24,2018_852433__event_001,0.7474664449691772,False
tokyo_44616_relational_between,44616,stress_test,relational_between,vector,1,2018_895858__event_002,0.8986956477165222,False
tokyo_44616_relational_between,44616,stress_test,relational_between,vector,2,2018_895858__event_001,0.8926543593406677,False
tokyo_44616_relational_between,44616,stress_test,relational_between,vector,3,2018_895858__event_003,0.8852990865707397,False
tokyo_44616_relational_between,44616,stress_test,relational_between,vector,4,2018_895857__event_001,0.8782089352607727,False
tokyo_44616_relational_between,44616,stress_test,relational_between,vector,5,2018_895859__event_002,0.8778238296508789,False
tokyo_44616_relational_between,44616,stress_test,relational_between,vector,6,2018_895859__event_004,0.8445334434509277,False
tokyo_44616_relational_between,44616,stress_test,relational_between,vector,7,2018_895859__event_003,0.8419315814971924,False
tokyo_44616_relational_between,44616,stress_test,relational_between,vector,8,2018_895860__event_001,0.8387277126312256,False
tokyo_44616_relational_between,44616,stress_test,relational_between,vector,9,2018_895859__event_001,0.8387008905410767,False
tokyo_44616_relational_between,44616,stress_test,relational_between,vector,10,2018_895857__event_002,0.8375786542892456,False
tokyo_44616_relational_between,44616,stress_test,relational_between,vector,11,2018_895852__event_005,0.8167926073074341,False
tokyo_44616_relational_between,44616,stress_test,relational_between,vector,12,2018_895855__event_002,0.8161607980728149,False
tokyo_44616_relational_between,44616,stress_test,relational_between,vector,13,2018_895855__event_003,0.8131127953529358,False
tokyo_44616_relational_between,44616,stress_test,relational_between,vector,14,2018_895860__event_002,0.8129138350486755,False
tokyo_44616_relational_between,44616,stress_test,relational_between,vector,15,2018_895854__event_005,0.8128894567489624,False
tokyo_44616_relational_between,44616,stress_test,relational_between,vector,16,2018_895859__event_005,0.8125969767570496,False
tokyo_44616_relational_between,44616,stress_test,relational_between,vector,17,2018_895852__event_006,0.8118072748184204,False
tokyo_44616_relational_between,44616,stress_test,relational_between,vector,18,2018_895854__event_004,0.8110672831535339,False
tokyo_44616_relational_between,44616,stress_test,relational_between,vector,19,2018_895855__event_004,0.8099474906921387,False
tokyo_44616_relational_between,44616,stress_test,relational_between,vector,20,2018_895852__event_004,0.806646466255188,False
tokyo_44616_relational_between,44616,stress_test,relational_between,vector,21,2018_895860__event_003,0.8041394948959351,False
tokyo_44616_relational_between,44616,stress_test,relational_between,vector,22,2018_895850__event_003,0.8015135526657104,False
tokyo_44616_relational_between,44616,stress_test,relational_between,vector,23,2018_895862__event_003,0.8009724617004395,False
tokyo_44616_relational_between,44616,stress_test,relational_between,vector,24,2018_895855__event_001,0.8000019788742065,False
tokyo_44616_relational_between,44616,stress_test,relational_between,vector,25,2018_895850__event_002,0.7989867925643921,False
tokyo_44616_relational_between,44616,stress_test,relational_between,vector,26,2018_895852__event_007,0.7979379892349243,False
tokyo_44616_relational_between,44616,stress_test,relational_between,vector,27,2018_895850__event_001,0.7974539995193481,False
tokyo_44616_relational_between,44616,stress_test,relational_between,vector,28,2018_895852__event_002,0.7973471879959106,False
tokyo_44616_relational_between,44616,stress_test,relational_between,vector,29,2018_895862__event_002,0.7963168025016785,False
tokyo_44616_relational_between,44616,stress_test,relational_between,vector,30,2018_895854__event_001,0.7952646017074585,False
tokyo_44616_relational_between,44616,stress_test,relational_between,vector,31,2018_895862__event_001,0.794061005115509,False
tokyo_44616_relational_between,44616,stress_test,relational_between,vector,32,2018_895852__event_001,0.7886323928833008,False
tokyo_44616_relational_between,44616,stress_test,relational_between,vector,33,2018_895854__event_003,0.7870708703994751,False
tokyo_44616_relational_between,44616,stress_test,relational_between,vector,34,2018_895852__event_003,0.7865407466888428,False
tokyo_44616_relational_between,44616,stress_test,relational_between,vector,35,2018_895850__event_004,0.7862666249275208,False
tokyo_44616_relational_between,44616,stress_test,relational_between,vector,36,2018_895854__event_002,0.7855888605117798,False
tokyo_44616_relational_between,44616,stress_test,relational_between,vector,37,2018_895848__event_001,0.7831523418426514,False
tokyo_44616_relational_between,44616,stress_test,relational_between,vector,38,2018_895848__event_002,0.781274676322937,False
tokyo_44616_relational_between,44616,stress_test,relational_between,vector,39,2018_895848__event_003,0.7719323039054871,False
tokyo_45189_relational_between,45189,stress_test,relational_between,vector,1,2018_907304__event_002,0.8745530843734741,False
tokyo_45189_relational_between,45189,stress_test,relational_between,vector,2,2018_907321__event_001,0.8689823150634766,False
tokyo_45189_relational_between,45189,stress_test,relational_between,vector,3,2018_907314__event_003,0.8669894933700562,False
tokyo_45189_relational_between,45189,stress_test,relational_between,vector,4,2018_907314__event_001,0.8582260012626648,False
tokyo_45189_relational_between,45189,stress_test,relational_between,vector,5,2018_907304__event_001,0.854215681552887,False
tokyo_45189_relational_between,45189,stress_test,relational_between,vector,6,2018_907314__event_002,0.8446778059005737,False
tokyo_45189_relational_between,45189,stress_test,relational_between,vector,7,2018_907321__event_002,0.8319692611694336,False
tokyo_45189_relational_between,45189,stress_test,relational_between,vector,8,2018_907297__event_002,0.8248249292373657,False
tokyo_45189_relational_between,45189,stress_test,relational_between,vector,9,2018_907297__event_001,0.824364423751831,False
tokyo_45189_relational_between,45189,stress_test,relational_between,vector,10,2018_907301__event_002,0.8213182687759399,False
tokyo_45189_relational_between,45189,stress_test,relational_between,vector,11,2018_907301__event_001,0.8157346844673157,False
tokyo_45189_relational_between,45189,stress_test,relational_between,vector,12,2018_907299__event_001,0.8086866140365601,False
tokyo_45189_relational_between,45189,stress_test,relational_between,vector,13,2018_907300__event_001,0.8085734844207764,False
tokyo_45189_relational_between,45189,stress_test,relational_between,vector,14,2018_907313__event_003,0.8064624071121216,False
tokyo_45189_relational_between,45189,stress_test,relational_between,vector,15,2018_907299__event_002,0.8046876788139343,False
tokyo_45189_relational_between,45189,stress_test,relational_between,vector,16,2018_907300__event_002,0.8021343946456909,False
tokyo_45189_relational_between,45189,stress_test,relational_between,vector,17,2018_907313__event_004,0.7984319925308228,False
tokyo_45189_relational_between,45189,stress_test,relational_between,vector,18,2018_907322__event_001,0.7978432178497314,False
tokyo_45189_relational_between,45189,stress_test,relational_between,vector,19,2018_907313__event_005,0.7945636510848999,False
tokyo_45189_relational_between,45189,stress_test,relational_between,vector,20,2018_907312__event_001,0.7847461700439453,False
tokyo_45189_relational_between,45189,stress_test,relational_between,vector,21,2018_907313__event_001,0.7835357189178467,False
tokyo_45189_relational_between,45189,stress_test,relational_between,vector,22,2018_907312__event_003,0.7822245359420776,False
tokyo_45189_relational_between,45189,stress_test,relational_between,vector,23,2018_907322__event_002,0.7807092666625977,False
tokyo_45189_relational_between,45189,stress_test,relational_between,vector,24,2018_907312__event_002,0.7775338292121887,False
tokyo_45189_relational_between,45189,stress_test,relational_between,vector,25,2018_907313__event_002,0.7763024568557739,False
tokyo_45205_relational_between,45205,stress_test,relational_between,vector,1,2018_907559__event_004,0.9124041199684143,True
tokyo_45205_relational_between,45205,stress_test,relational_between,vector,2,2018_907492__event_003,0.911156177520752,True
tokyo_45205_relational_between,45205,stress_test,relational_between,vector,3,2018_907586__event_002,0.9070941805839539,True
tokyo_45205_relational_between,45205,stress_test,relational_between,vector,4,2018_907580__event_002,0.9038182497024536,True
tokyo_45205_relational_between,45205,stress_test,relational_between,vector,5,2018_907554__event_002,0.9035905003547668,True
tokyo_45205_relational_between,45205,stress_test,relational_between,vector,6,2018_907587__event_003,0.9031873941421509,True
tokyo_45205_relational_between,45205,stress_test,relational_between,vector,7,2018_907559__event_005,0.9030948877334595,True
tokyo_45205_relational_between,45205,stress_test,relational_between,vector,8,2018_907546__event_002,0.9012919664382935,True
tokyo_45205_relational_between,45205,stress_test,relational_between,vector,9,2018_907579__event_002,0.9012827277183533,True
tokyo_45205_relational_between,45205,stress_test,relational_between,vector,10,2018_907544__event_003,0.8985707759857178,True
tokyo_45205_relational_between,45205,stress_test,relational_between,vector,11,2018_907580__event_001,0.8985031843185425,True
tokyo_45205_relational_between,45205,stress_test,relational_between,vector,12,2018_907586__event_001,0.8977009057998657,True
tokyo_45205_relational_between,45205,stress_test,relational_between,vector,13,2018_907546__event_001,0.897070050239563,True
tokyo_45205_relational_between,45205,stress_test,relational_between,vector,14,2018_907544__event_004,0.8949957489967346,True
tokyo_45205_relational_between,45205,stress_test,relational_between,vector,15,2018_907492__event_004,0.8940593004226685,True
tokyo_45205_relational_between,45205,stress_test,relational_between,vector,16,2018_907554__event_003,0.8936606645584106,True
tokyo_45205_relational_between,45205,stress_test,relational_between,vector,17,2018_907587__event_002,0.8935084342956543,True
tokyo_45205_relational_between,45205,stress_test,relational_between,vector,18,2018_907587__event_004,0.8931229710578918,True
tokyo_45205_relational_between,45205,stress_test,relational_between,vector,19,2018_907560__event_006,0.8926299810409546,True
tokyo_45205_relational_between,45205,stress_test,relational_between,vector,20,2018_907581__event_003,0.8917086124420166,True
tokyo_45205_relational_between,45205,stress_test,relational_between,vector,21,2018_907546__event_003,0.8916181325912476,True
tokyo_45205_relational_between,45205,stress_test,relational_between,vector,22,2018_907563__event_002,0.8847379684448242,True
tokyo_45205_relational_between,45205,stress_test,relational_between,vector,23,2018_907477__event_001,0.883031964302063,True
tokyo_45205_relational_between,45205,stress_test,relational_between,vector,24,2018_907488__event_002,0.8808058500289917,True
tokyo_45205_relational_between,45205,stress_test,relational_between,vector,25,2018_907579__event_001,0.8796054720878601,True
tokyo_45205_relational_between,45205,stress_test,relational_between,vector,26,2018_907559__event_003,0.8786596059799194,True
tokyo_45205_relational_between,45205,stress_test,relational_between,vector,27,2018_907563__event_003,0.8778324127197266,True
tokyo_45205_relational_between,45205,stress_test,relational_between,vector,28,2018_907565__event_001,0.8678116798400879,True
tokyo_45205_relational_between,45205,stress_test,relational_between,vector,29,2018_907587__event_001,0.8673075437545776,True
tokyo_45205_relational_between,45205,stress_test,relational_between,vector,30,2018_907546__event_004,0.8658139109611511,True
tokyo_45205_relational_between,45205,stress_test,relational_between,vector,31,2018_907502__event_001,0.8630483150482178,True
tokyo_45205_relational_between,45205,stress_test,relational_between,vector,32,2018_907565__event_002,0.8630142211914062,True
tokyo_45205_relational_between,45205,stress_test,relational_between,vector,33,2018_907548__event_001,0.8616471290588379,True
tokyo_45205_relational_between,45205,stress_test,relational_between,vector,34,2018_907560__event_005,0.8614306449890137,True
tokyo_45205_relational_between,45205,stress_test,relational_between,vector,35,2018_907560__event_007,0.8607404232025146,True
tokyo_45205_relational_between,45205,stress_test,relational_between,vector,36,2018_907488__event_001,0.8601073026657104,True
tokyo_45205_relational_between,45205,stress_test,relational_between,vector,37,2018_907531__event_002,0.8595706820487976,True
tokyo_45205_relational_between,45205,stress_test,relational_between,vector,38,2018_907523__event_001,0.8587908148765564,True
tokyo_45205_relational_between,45205,stress_test,relational_between,vector,39,2018_907524__event_002,0.8587701916694641,True
tokyo_45205_relational_between,45205,stress_test,relational_between,vector,40,2018_907530__event_003,0.858667254447937,True
tokyo_45205_relational_between,45205,stress_test,relational_between,vector,41,2018_907559__event_006,0.858603298664093,True
tokyo_45205_relational_between,45205,stress_test,relational_between,vector,42,2018_907499__event_001,0.8581227660179138,True
tokyo_45205_relational_between,45205,stress_test,relational_between,vector,43,2018_907581__event_002,0.8578125238418579,True
tokyo_45205_relational_between,45205,stress_test,relational_between,vector,44,2018_907554__event_001,0.8577409386634827,True
tokyo_45205_relational_between,45205,stress_test,relational_between,vector,45,2018_907564__event_003,0.857672393321991,True
tokyo_45205_relational_between,45205,stress_test,relational_between,vector,46,2018_907580__event_003,0.8530899286270142,True
tokyo_45205_relational_between,45205,stress_test,relational_between,vector,47,2018_907583__event_002,0.8513872623443604,True
tokyo_45205_relational_between,45205,stress_test,relational_between,vector,48,2018_907548__event_002,0.8508201837539673,True
tokyo_45205_relational_between,45205,stress_test,relational_between,vector,49,2018_907492__event_002,0.8507725596427917,True
tokyo_45205_relational_between,45205,stress_test,relational_between,vector,50,2018_907502__event_002,0.8501170873641968,True
tokyo_45205_relational_between,45205,stress_test,relational_between,vector,51,2018_907475__event_002,0.8483872413635254,True
tokyo_45205_relational_between,45205,stress_test,relational_between,vector,52,2018_907549__event_002,0.8482502698898315,True
tokyo_45205_relational_between,45205,stress_test,relational_between,vector,53,2018_907479__event_003,0.8477762937545776,True
tokyo_45205_relational_between,45205,stress_test,relational_between,vector,54,2018_907489__event_002,0.8476110696792603,True
tokyo_45205_relational_between,45205,stress_test,relational_between,vector,55,2018_907478__event_002,0.8475483059883118,True
tokyo_45205_relational_between,45205,stress_test,relational_between,vector,56,2018_907497__event_002,0.8472570180892944,True
tokyo_45205_relational_between,45205,stress_test,relational_between,vector,57,2018_907481__event_001,0.8471801280975342,True
tokyo_45205_relational_between,45205,stress_test,relational_between,vector,58,2018_907536__event_002,0.8471600413322449,True
tokyo_45205_relational_between,45205,stress_test,relational_between,vector,59,2018_907541__event_002,0.8470865488052368,True
tokyo_45205_relational_between,45205,stress_test,relational_between,vector,60,2018_907543__event_001,0.847083330154419,True
tokyo_45205_relational_between,45205,stress_test,relational_between,vector,61,2018_907540__event_002,0.8465065956115723,True
tokyo_45205_relational_between,45205,stress_test,relational_between,vector,62,2018_907567__event_002,0.8456532955169678,True
tokyo_45205_relational_between,45205,stress_test,relational_between,vector,63,2018_907529__event_002,0.8454757928848267,True
tokyo_45205_relational_between,45205,stress_test,relational_between,vector,64,2018_907528__event_002,0.844761073589325,True
tokyo_45205_relational_between,45205,stress_test,relational_between,vector,65,2018_907562__event_001,0.8446269035339355,True
tokyo_45205_relational_between,45205,stress_test,relational_between,vector,66,2018_907469__event_003,0.8442103862762451,True
tokyo_45205_relational_between,45205,stress_test,relational_between,vector,67,2018_907522__event_001,0.8441052436828613,True
tokyo_45205_relational_between,45205,stress_test,relational_between,vector,68,2018_907477__event_002,0.8437114953994751,True
tokyo_45205_relational_between,45205,stress_test,relational_between,vector,69,2018_907538__event_001,0.8437020778656006,True
tokyo_45205_relational_between,45205,stress_test,relational_between,vector,70,2018_907496__event_001,0.8430389165878296,True
tokyo_45205_relational_between,45205,stress_test,relational_between,vector,71,2018_907576__event_002,0.843035101890564,True
tokyo_45205_relational_between,45205,stress_test,relational_between,vector,72,2018_907522__event_002,0.8426666259765625,True
tokyo_45205_relational_between,45205,stress_test,relational_between,vector,73,2018_907562__event_002,0.842567503452301,True
tokyo_45205_relational_between,45205,stress_test,relational_between,vector,74,2018_907579__event_003,0.8369805812835693,True
tokyo_45205_relational_between,45205,stress_test,relational_between,vector,75,2018_907531__event_001,0.8349681496620178,True
tokyo_45205_relational_between,45205,stress_test,relational_between,vector,76,2018_907524__event_001,0.8346620798110962,True
tokyo_45205_relational_between,45205,stress_test,relational_between,vector,77,2018_907489__event_001,0.831810474395752,True
tokyo_45205_relational_between,45205,stress_test,relational_between,vector,78,2018_907549__event_001,0.8316205739974976,True
tokyo_45205_relational_between,45205,stress_test,relational_between,vector,79,2018_907497__event_001,0.8296118974685669,True
tokyo_45205_relational_between,45205,stress_test,relational_between,vector,80,2018_907581__event_001,0.82646244764328,True
tokyo_45205_relational_between,45205,stress_test,relational_between,vector,81,2018_907499__event_002,0.8259141445159912,True
tokyo_45205_relational_between,45205,stress_test,relational_between,vector,82,2018_907583__event_001,0.8258166313171387,True
tokyo_45205_relational_between,45205,stress_test,relational_between,vector,83,2018_907523__event_002,0.8245976567268372,True
tokyo_45205_relational_between,45205,stress_test,relational_between,vector,84,2018_907530__event_002,0.8236694931983948,True
tokyo_45205_relational_between,45205,stress_test,relational_between,vector,85,2018_907481__event_002,0.8235957622528076,True
tokyo_45205_relational_between,45205,stress_test,relational_between,vector,86,2018_907564__event_002,0.8233464360237122,True
tokyo_45205_relational_between,45205,stress_test,relational_between,vector,87,2018_907475__event_001,0.8229725956916809,True
tokyo_45205_relational_between,45205,stress_test,relational_between,vector,88,2018_907536__event_001,0.8220621347427368,True
tokyo_45205_relational_between,45205,stress_test,relational_between,vector,89,2018_907540__event_001,0.8213125467300415,True
tokyo_45205_relational_between,45205,stress_test,relational_between,vector,90,2018_907541__event_001,0.8210296034812927,True
tokyo_45205_relational_between,45205,stress_test,relational_between,vector,91,2018_907567__event_001,0.8209132552146912,True
tokyo_45205_relational_between,45205,stress_test,relational_between,vector,92,2018_907478__event_001,0.8208016157150269,True
tokyo_45205_relational_between,45205,stress_test,relational_between,vector,93,2018_907520__event_001,0.8201946020126343,True
tokyo_45205_relational_between,45205,stress_test,relational_between,vector,94,2018_907479__event_002,0.8200925588607788,True
tokyo_45205_relational_between,45205,stress_test,relational_between,vector,95,2018_907579__event_004,0.8181890249252319,True
tokyo_45205_relational_between,45205,stress_test,relational_between,vector,96,2018_907576__event_001,0.817765474319458,True
tokyo_45205_relational_between,45205,stress_test,relational_between,vector,97,2018_907560__event_004,0.8175895810127258,True
tokyo_45205_relational_between,45205,stress_test,relational_between,vector,98,2018_907528__event_001,0.8172475695610046,True
tokyo_45205_relational_between,45205,stress_test,relational_between,vector,99,2018_907496__event_002,0.8142997622489929,True
tokyo_45205_relational_between,45205,stress_test,relational_between,vector,100,2018_907563__event_001,0.8133910894393921,True
tokyo_45205_relational_between,45205,stress_test,relational_between,vector,101,2018_907529__event_001,0.8127483129501343,True
tokyo_45205_relational_between,45205,stress_test,relational_between,vector,102,2018_907559__event_002,0.8115264177322388,True
tokyo_45205_relational_between,45205,stress_test,relational_between,vector,103,2018_907544__event_002,0.807689905166626,True
tokyo_45205_relational_between,45205,stress_test,relational_between,vector,104,2018_907543__event_002,0.8049395680427551,True
tokyo_45205_relational_between,45205,stress_test,relational_between,vector,105,2018_907538__event_002,0.8048484325408936,True
tokyo_45205_relational_between,45205,stress_test,relational_between,vector,106,2018_907563__event_004,0.8043376207351685,True
tokyo_45205_relational_between,45205,stress_test,relational_between,vector,107,2018_907539__event_001,0.803624153137207,True
tokyo_45205_relational_between,45205,stress_test,relational_between,vector,108,2018_907488__event_003,0.800835371017456,True
tokyo_45205_relational_between,45205,stress_test,relational_between,vector,109,2018_907530__event_001,0.8004692196846008,True
tokyo_45205_relational_between,45205,stress_test,relational_between,vector,110,2018_907469__event_002,0.7988272905349731,True
tokyo_45205_relational_between,45205,stress_test,relational_between,vector,111,2018_907579__event_005,0.7911214828491211,True
tokyo_45205_relational_between,45205,stress_test,relational_between,vector,112,2018_907499__event_003,0.789798378944397,True
tokyo_45205_relational_between,45205,stress_test,relational_between,vector,113,2018_907468__event_001,0.7893801331520081,True
tokyo_45205_relational_between,45205,stress_test,relational_between,vector,114,2018_907483__event_002,0.7886478900909424,True
tokyo_45205_relational_between,45205,stress_test,relational_between,vector,115,2018_907470__event_001,0.7885630130767822,True
tokyo_45205_relational_between,45205,stress_test,relational_between,vector,116,2018_907508__event_002,0.7882747650146484,True
tokyo_45205_relational_between,45205,stress_test,relational_between,vector,117,2018_907520__event_002,0.7880632281303406,True
tokyo_45205_relational_between,45205,stress_test,relational_between,vector,118,2018_907539__event_002,0.7871935367584229,True
tokyo_45205_relational_between,45205,stress_test,relational_between,vector,119,2018_907468__event_002,0.7868956327438354,True
tokyo_45205_relational_between,45205,stress_test,relational_between,vector,120,2018_907564__event_001,0.7863022089004517,True
tokyo_45205_relational_between,45205,stress_test,relational_between,vector,121,2018_907470__event_002,0.7855963706970215,True
tokyo_45205_relational_between,45205,stress_test,relational_between,vector,122,2018_907559__event_001,0.7851226329803467,True
tokyo_45205_relational_between,45205,stress_test,relational_between,vector,123,2018_907470__event_003,0.7835052609443665,True
tokyo_45205_relational_between,45205,stress_test,relational_between,vector,124,2018_907492__event_001,0.783268392086029,True
tokyo_45205_relational_between,45205,stress_test,relational_between,vector,125,2018_907560__event_003,0.7825397253036499,True
tokyo_45205_relational_between,45205,stress_test,relational_between,vector,126,2018_907508__event_001,0.7818542122840881,True
tokyo_45205_relational_between,45205,stress_test,relational_between,vector,127,2018_907483__event_001,0.7802883982658386,True
tokyo_45205_relational_between,45205,stress_test,relational_between,vector,128,2018_907553__event_001,0.7793229818344116,True
tokyo_45205_relational_between,45205,stress_test,relational_between,vector,129,2018_907560__event_001,0.7787551879882812,True
tokyo_45205_relational_between,45205,stress_test,relational_between,vector,130,2018_907544__event_001,0.7782785296440125,True
tokyo_45205_relational_between,45205,stress_test,relational_between,vector,131,2018_907479__event_001,0.7774480581283569,True
tokyo_45205_relational_between,45205,stress_test,relational_between,vector,132,2018_907560__event_002,0.7767719626426697,True
tokyo_45205_relational_between,45205,stress_test,relational_between,vector,133,2018_907495__event_001,0.774661660194397,True
tokyo_45205_relational_between,45205,stress_test,relational_between,vector,134,2018_907495__event_002,0.7711525559425354,True
tokyo_45205_relational_between,45205,stress_test,relational_between,vector,135,2018_907566__event_001,0.7710510492324829,True
tokyo_45205_relational_between,45205,stress_test,relational_between,vector,136,2018_907553__event_002,0.7700236439704895,True
tokyo_45205_relational_between,45205,stress_test,relational_between,vector,137,2018_907498__event_002,0.7693506479263306,True
tokyo_45205_relational_between,45205,stress_test,relational_between,vector,138,2018_907498__event_001,0.7687205076217651,True
tokyo_45205_relational_between,45205,stress_test,relational_between,vector,139,2018_907566__event_002,0.7608095407485962,True
tokyo_45205_relational_between,45205,stress_test,relational_between,vector,140,2018_907469__event_001,0.7528978586196899,True
tokyo_50046_relational_between,50046,stress_test,relational_between,vector,1,2018_1004024__event_003,0.8947272896766663,True
tokyo_50046_relational_between,50046,stress_test,relational_between,vector,2,2018_1004024__event_002,0.8815144300460815,True
tokyo_50046_relational_between,50046,stress_test,relational_between,vector,3,2018_1004024__event_001,0.8521072864532471,True
tokyo_50046_relational_between,50046,stress_test,relational_between,vector,4,2018_1003995__event_001,0.8460235595703125,True
tokyo_50046_relational_between,50046,stress_test,relational_between,vector,5,2018_1003997__event_002,0.8437341451644897,True
tokyo_50046_relational_between,50046,stress_test,relational_between,vector,6,2018_1003987__event_002,0.8427789807319641,True
tokyo_50046_relational_between,50046,stress_test,relational_between,vector,7,2018_1004044__event_002,0.8417092561721802,True
tokyo_50046_relational_between,50046,stress_test,relational_between,vector,8,2018_1004003__event_001,0.8339505195617676,True
tokyo_50046_relational_between,50046,stress_test,relational_between,vector,9,2018_1004059__event_001,0.833283007144928,True
tokyo_50046_relational_between,50046,stress_test,relational_between,vector,10,2018_1003999__event_003,0.8330334424972534,True
tokyo_50046_relational_between,50046,stress_test,relational_between,vector,11,2018_1003981__event_002,0.832797646522522,True
tokyo_50046_relational_between,50046,stress_test,relational_between,vector,12,2018_1003981__event_001,0.8274155259132385,True
tokyo_50046_relational_between,50046,stress_test,relational_between,vector,13,2018_1004003__event_002,0.8201608657836914,True
tokyo_50046_relational_between,50046,stress_test,relational_between,vector,14,2018_1004052__event_001,0.8184794783592224,True
tokyo_50046_relational_between,50046,stress_test,relational_between,vector,15,2018_1004052__event_002,0.8171486854553223,True
tokyo_50046_relational_between,50046,stress_test,relational_between,vector,16,2018_1003987__event_001,0.8154362440109253,True
tokyo_50046_relational_between,50046,stress_test,relational_between,vector,17,2018_1003997__event_001,0.8144157528877258,True
tokyo_50046_relational_between,50046,stress_test,relational_between,vector,18,2018_1004044__event_001,0.8126013278961182,True
tokyo_50046_relational_between,50046,stress_test,relational_between,vector,19,2018_1003995__event_002,0.8085331916809082,True
tokyo_50046_relational_between,50046,stress_test,relational_between,vector,20,2018_1004049__event_002,0.8081209659576416,True
tokyo_50046_relational_between,50046,stress_test,relational_between,vector,21,2018_1004027__event_001,0.804930567741394,True
tokyo_50046_relational_between,50046,stress_test,relational_between,vector,22,2018_1004049__event_001,0.8039849400520325,True
tokyo_50046_relational_between,50046,stress_test,relational_between,vector,23,2018_1003976__event_003,0.7999083399772644,True
tokyo_50046_relational_between,50046,stress_test,relational_between,vector,24,2018_1004056__event_002,0.7993323802947998,True
tokyo_50046_relational_between,50046,stress_test,relational_between,vector,25,2018_1003976__event_002,0.7990426421165466,True
tokyo_50046_relational_between,50046,stress_test,relational_between,vector,26,2018_1003999__event_001,0.7984722256660461,True
tokyo_50046_relational_between,50046,stress_test,relational_between,vector,27,2018_1004059__event_002,0.7962124347686768,True
tokyo_50046_relational_between,50046,stress_test,relational_between,vector,28,2018_1004013__event_002,0.7952789068222046,True
tokyo_50046_relational_between,50046,stress_test,relational_between,vector,29,2018_1004054__event_002,0.7948168516159058,True
tokyo_50046_relational_between,50046,stress_test,relational_between,vector,30,2018_1004048__event_002,0.7908329963684082,True
tokyo_50046_relational_between,50046,stress_test,relational_between,vector,31,2018_1003976__event_001,0.7904108166694641,True
tokyo_50046_relational_between,50046,stress_test,relational_between,vector,32,2018_1004027__event_002,0.7895028591156006,True
tokyo_50046_relational_between,50046,stress_test,relational_between,vector,33,2018_1004026__event_001,0.7870457172393799,True
tokyo_50046_relational_between,50046,stress_test,relational_between,vector,34,2018_1004013__event_001,0.7862873077392578,True
tokyo_50046_relational_between,50046,stress_test,relational_between,vector,35,2018_1003971__event_001,0.785062849521637,True
tokyo_50046_relational_between,50046,stress_test,relational_between,vector,36,2018_1004048__event_001,0.7850161790847778,True
tokyo_50046_relational_between,50046,stress_test,relational_between,vector,37,2018_1004056__event_001,0.7848344445228577,True
tokyo_50046_relational_between,50046,stress_test,relational_between,vector,38,2018_1004026__event_002,0.7843285799026489,True
tokyo_50046_relational_between,50046,stress_test,relational_between,vector,39,2018_1003999__event_002,0.781494140625,True
tokyo_50046_relational_between,50046,stress_test,relational_between,vector,40,2018_1003971__event_002,0.7796508073806763,True
tokyo_50046_relational_between,50046,stress_test,relational_between,vector,41,2018_1004054__event_001,0.7767571210861206,True
tokyo_50046_relational_between,50046,stress_test,relational_between,vector,42,2018_1003993__event_001,0.7737597227096558,True
tokyo_50046_relational_between,50046,stress_test,relational_between,vector,43,2018_1004046__event_001,0.7723735570907593,True
tokyo_50046_relational_between,50046,stress_test,relational_between,vector,44,2018_1003968__event_002,0.7720773220062256,True
tokyo_50046_relational_between,50046,stress_test,relational_between,vector,45,2018_1003993__event_002,0.770081639289856,True
tokyo_50046_relational_between,50046,stress_test,relational_between,vector,46,2018_1003982__event_002,0.7692283391952515,True
tokyo_50046_relational_between,50046,stress_test,relational_between,vector,47,2018_1004028__event_002,0.7658987641334534,True
tokyo_50046_relational_between,50046,stress_test,relational_between,vector,48,2018_1004027__event_003,0.7652495503425598,True
tokyo_50046_relational_between,50046,stress_test,relational_between,vector,49,2018_1004028__event_001,0.7650297284126282,True
tokyo_50046_relational_between,50046,stress_test,relational_between,vector,50,2018_1004059__event_003,0.7646058797836304,True
tokyo_50046_relational_between,50046,stress_test,relational_between,vector,51,2018_1003968__event_001,0.7626274228096008,True
tokyo_50046_relational_between,50046,stress_test,relational_between,vector,52,2018_1003982__event_001,0.7621259689331055,True
tokyo_50046_relational_between,50046,stress_test,relational_between,vector,53,2018_1004033__event_001,0.7605506777763367,True
tokyo_50046_relational_between,50046,stress_test,relational_between,vector,54,2018_1004046__event_002,0.746018648147583,True
tokyo_50046_relational_between,50046,stress_test,relational_between,vector,55,2018_1004033__event_002,0.7418022155761719,True
tokyo_51031_relational_between,51031,stress_test,relational_between,vector,1,2018_1023518__event_002,0.9194296598434448,True
tokyo_51031_relational_between,51031,stress_test,relational_between,vector,2,2018_1023518__event_001,0.9158844947814941,True
tokyo_51031_relational_between,51031,stress_test,relational_between,vector,3,2018_1023518__event_003,0.8982908725738525,True
tokyo_51031_relational_between,51031,stress_test,relational_between,vector,4,2018_1023537__event_002,0.8418337106704712,True
tokyo_51031_relational_between,51031,stress_test,relational_between,vector,5,2018_1023533__event_002,0.83769690990448,True
tokyo_51031_relational_between,51031,stress_test,relational_between,vector,6,2018_1023517__event_002,0.8360731601715088,True
tokyo_51031_relational_between,51031,stress_test,relational_between,vector,7,2018_1023534__event_001,0.8355045318603516,True
tokyo_51031_relational_between,51031,stress_test,relational_between,vector,8,2018_1023514__event_001,0.8320786952972412,True
tokyo_51031_relational_between,51031,stress_test,relational_between,vector,9,2018_1023538__event_001,0.8310914039611816,True
tokyo_51031_relational_between,51031,stress_test,relational_between,vector,10,2018_1023534__event_002,0.8309471607208252,True
tokyo_51031_relational_between,51031,stress_test,relational_between,vector,11,2018_1023537__event_001,0.8292461037635803,True
tokyo_51031_relational_between,51031,stress_test,relational_between,vector,12,2018_1023517__event_001,0.8283487558364868,True
tokyo_51031_relational_between,51031,stress_test,relational_between,vector,13,2018_1023514__event_002,0.8260506391525269,True
tokyo_51031_relational_between,51031,stress_test,relational_between,vector,14,2018_1023516__event_001,0.8220093250274658,True
tokyo_51031_relational_between,51031,stress_test,relational_between,vector,15,2018_1023538__event_002,0.8218513131141663,True
tokyo_51031_relational_between,51031,stress_test,relational_between,vector,16,2018_1023533__event_001,0.8193163871765137,True
tokyo_51031_relational_between,51031,stress_test,relational_between,vector,17,2018_1023542__event_001,0.8183861374855042,True
tokyo_51031_relational_between,51031,stress_test,relational_between,vector,18,2018_1023537__event_004,0.8166931867599487,True
tokyo_51031_relational_between,51031,stress_test,relational_between,vector,19,2018_1023541__event_001,0.8149410486221313,True
tokyo_51031_relational_between,51031,stress_test,relational_between,vector,20,2018_1023522__event_002,0.8129162192344666,True
tokyo_51031_relational_between,51031,stress_test,relational_between,vector,21,2018_1023537__event_003,0.8127527832984924,True
tokyo_51031_relational_between,51031,stress_test,relational_between,vector,22,2018_1023521__event_002,0.8117866516113281,True
tokyo_51031_relational_between,51031,stress_test,relational_between,vector,23,2018_1023532__event_002,0.808986246585846,True
tokyo_51031_relational_between,51031,stress_test,relational_between,vector,24,2018_1023541__event_002,0.8089644908905029,True
tokyo_51031_relational_between,51031,stress_test,relational_between,vector,25,2018_1023542__event_003,0.8087820410728455,True
tokyo_51031_relational_between,51031,stress_test,relational_between,vector,26,2018_1023542__event_002,0.8076508641242981,True
tokyo_51031_relational_between,51031,stress_test,relational_between,vector,27,2018_1023527__event_002,0.8069378137588501,True
tokyo_51031_relational_between,51031,stress_test,relational_between,vector,28,2018_1023524__event_001,0.8058239221572876,True
tokyo_51031_relational_between,51031,stress_test,relational_between,vector,29,2018_1023525__event_002,0.8046448826789856,True
tokyo_51031_relational_between,51031,stress_test,relational_between,vector,30,2018_1023516__event_002,0.8036295175552368,True
tokyo_51031_relational_between,51031,stress_test,relational_between,vector,31,2018_1023540__event_002,0.8009223937988281,True
tokyo_51031_relational_between,51031,stress_test,relational_between,vector,32,2018_1023527__event_001,0.7906286716461182,True
tokyo_51031_relational_between,51031,stress_test,relational_between,vector,33,2018_1023525__event_001,0.7894378900527954,True
tokyo_51031_relational_between,51031,stress_test,relational_between,vector,34,2018_1023543__event_001,0.7882684469223022,True
tokyo_51031_relational_between,51031,stress_test,relational_between,vector,35,2018_1023542__event_004,0.7867683172225952,True
tokyo_51031_relational_between,51031,stress_test,relational_between,vector,36,2018_1023510__event_001,0.7859179973602295,True
tokyo_51031_relational_between,51031,stress_test,relational_between,vector,37,2018_1023524__event_002,0.7855461835861206,True
tokyo_51031_relational_between,51031,stress_test,relational_between,vector,38,2018_1023540__event_001,0.7841584086418152,True
tokyo_51031_relational_between,51031,stress_test,relational_between,vector,39,2018_1023510__event_002,0.7840455770492554,True
tokyo_51031_relational_between,51031,stress_test,relational_between,vector,40,2018_1023543__event_002,0.7806098461151123,True
tokyo_51031_relational_between,51031,stress_test,relational_between,vector,41,2018_1023513__event_001,0.7757063508033752,True
tokyo_51031_relational_between,51031,stress_test,relational_between,vector,42,2018_1023513__event_002,0.7751321792602539,True
tokyo_51031_relational_between,51031,stress_test,relational_between,vector,43,2018_1023532__event_001,0.7744593620300293,True
tokyo_51031_relational_between,51031,stress_test,relational_between,vector,44,2018_1023522__event_001,0.7728861570358276,True
tokyo_51031_relational_between,51031,stress_test,relational_between,vector,45,2018_1023533__event_003,0.7727426290512085,True
tokyo_51031_relational_between,51031,stress_test,relational_between,vector,46,2018_1023521__event_001,0.7723933458328247,True
tokyo_51031_relational_between,51031,stress_test,relational_between,vector,47,2018_1023519__event_001,0.7701890468597412,True
tokyo_51031_relational_between,51031,stress_test,relational_between,vector,48,2018_1023519__event_002,0.7678545713424683,True
tokyo_51031_relational_between,51031,stress_test,relational_between,vector,49,2018_1023513__event_003,0.7644460201263428,True
tokyo_51516_relational_between,51516,stress_test,relational_between,vector,1,2018_1033126__event_002,0.8957161903381348,False
tokyo_51516_relational_between,51516,stress_test,relational_between,vector,2,2018_1033040__event_002,0.8810350894927979,False
tokyo_51516_relational_between,51516,stress_test,relational_between,vector,3,2018_1033126__event_003,0.8808274269104004,False
tokyo_51516_relational_between,51516,stress_test,relational_between,vector,4,2018_1033029__event_001,0.879591166973114,False
tokyo_51516_relational_between,51516,stress_test,relational_between,vector,5,2018_1033029__event_002,0.8697606325149536,False
tokyo_51516_relational_between,51516,stress_test,relational_between,vector,6,2018_1033040__event_001,0.8634099960327148,False
tokyo_51516_relational_between,51516,stress_test,relational_between,vector,7,2018_1033126__event_004,0.8614902496337891,False
tokyo_51516_relational_between,51516,stress_test,relational_between,vector,8,2018_1033007__event_001,0.8507807850837708,False
tokyo_51516_relational_between,51516,stress_test,relational_between,vector,9,2018_1033014__event_003,0.8461737632751465,False
tokyo_51516_relational_between,51516,stress_test,relational_between,vector,10,2018_1033126__event_001,0.8401285409927368,False
tokyo_51516_relational_between,51516,stress_test,relational_between,vector,11,2018_1033064__event_001,0.8386279344558716,False
tokyo_51516_relational_between,51516,stress_test,relational_between,vector,12,2018_1033058__event_001,0.8371832370758057,False
tokyo_51516_relational_between,51516,stress_test,relational_between,vector,13,2018_1033058__event_002,0.8287844657897949,False
tokyo_51516_relational_between,51516,stress_test,relational_between,vector,14,2018_1033007__event_003,0.8228664994239807,False
tokyo_51516_relational_between,51516,stress_test,relational_between,vector,15,2018_1033029__event_003,0.8226214051246643,False
tokyo_51516_relational_between,51516,stress_test,relational_between,vector,16,2018_1033014__event_001,0.8208756446838379,False
tokyo_51516_relational_between,51516,stress_test,relational_between,vector,17,2018_1033014__event_002,0.8208374977111816,False
tokyo_51516_relational_between,51516,stress_test,relational_between,vector,18,2018_1033114__event_002,0.8202338218688965,False
tokyo_51516_relational_between,51516,stress_test,relational_between,vector,19,2018_1033007__event_002,0.8196984529495239,False
tokyo_51516_relational_between,51516,stress_test,relational_between,vector,20,2018_1033007__event_004,0.8192938566207886,False
tokyo_51516_relational_between,51516,stress_test,relational_between,vector,21,2018_1033064__event_002,0.8167595863342285,False
tokyo_51516_relational_between,51516,stress_test,relational_between,vector,22,2018_1033000__event_001,0.8162755966186523,False
tokyo_51516_relational_between,51516,stress_test,relational_between,vector,23,2018_1033115__event_002,0.8136779069900513,False
tokyo_51516_relational_between,51516,stress_test,relational_between,vector,24,2018_1033044__event_001,0.8134952783584595,False
tokyo_51516_relational_between,51516,stress_test,relational_between,vector,25,2018_1033096__event_001,0.8118885159492493,False
tokyo_51516_relational_between,51516,stress_test,relational_between,vector,26,2018_1033000__event_002,0.8081116676330566,False
tokyo_51516_relational_between,51516,stress_test,relational_between,vector,27,2018_1033010__event_001,0.8067036271095276,False
tokyo_51516_relational_between,51516,stress_test,relational_between,vector,28,2018_1033114__event_001,0.8006387948989868,False
tokyo_51516_relational_between,51516,stress_test,relational_between,vector,29,2018_1033010__event_003,0.7990195751190186,False
tokyo_51516_relational_between,51516,stress_test,relational_between,vector,30,2018_1033044__event_002,0.7983620166778564,False
tokyo_51516_relational_between,51516,stress_test,relational_between,vector,31,2018_1033096__event_002,0.797911524772644,False
tokyo_51516_relational_between,51516,stress_test,relational_between,vector,32,2018_1033115__event_001,0.7970605492591858,False
tokyo_51516_relational_between,51516,stress_test,relational_between,vector,33,2018_1033010__event_002,0.7933449745178223,False
tokyo_52894_relational_between,52894,stress_test,relational_between,vector,1,2018_1058964__event_002,0.8616324663162231,False
tokyo_52894_relational_between,52894,stress_test,relational_between,vector,2,2018_1058964__event_001,0.8518353700637817,False
tokyo_52894_relational_between,52894,stress_test,relational_between,vector,3,2018_1058964__event_003,0.8196511268615723,False
tokyo_52894_relational_between,52894,stress_test,relational_between,vector,4,2018_1058986__event_002,0.8071041107177734,False
tokyo_52894_relational_between,52894,stress_test,relational_between,vector,5,2018_1058972__event_001,0.8069441914558411,False
tokyo_52894_relational_between,52894,stress_test,relational_between,vector,6,2018_1058961__event_001,0.8053909540176392,False
tokyo_52894_relational_between,52894,stress_test,relational_between,vector,7,2018_1058963__event_001,0.805290937423706,False
tokyo_52894_relational_between,52894,stress_test,relational_between,vector,8,2018_1058977__event_001,0.8044133186340332,False
tokyo_52894_relational_between,52894,stress_test,relational_between,vector,9,2018_1058961__event_002,0.8013108968734741,False
tokyo_52894_relational_between,52894,stress_test,relational_between,vector,10,2018_1058960__event_003,0.8012822866439819,False
tokyo_52894_relational_between,52894,stress_test,relational_between,vector,11,2018_1058965__event_001,0.8001458048820496,False
tokyo_52894_relational_between,52894,stress_test,relational_between,vector,12,2018_1058953__event_002,0.7986236810684204,False
tokyo_52894_relational_between,52894,stress_test,relational_between,vector,13,2018_1058980__event_001,0.7983256578445435,False
tokyo_52894_relational_between,52894,stress_test,relational_between,vector,14,2018_1058980__event_002,0.7972385287284851,False
tokyo_52894_relational_between,52894,stress_test,relational_between,vector,15,2018_1058972__event_002,0.7971175909042358,False
tokyo_52894_relational_between,52894,stress_test,relational_between,vector,16,2018_1058975__event_001,0.7970094680786133,False
tokyo_52894_relational_between,52894,stress_test,relational_between,vector,17,2018_1058974__event_001,0.7968260645866394,False
tokyo_52894_relational_between,52894,stress_test,relational_between,vector,18,2018_1058981__event_001,0.7961301803588867,False
tokyo_52894_relational_between,52894,stress_test,relational_between,vector,19,2018_1058985__event_002,0.7951658964157104,False
tokyo_52894_relational_between,52894,stress_test,relational_between,vector,20,2018_1058958__event_001,0.7949997782707214,False
tokyo_52894_relational_between,52894,stress_test,relational_between,vector,21,2018_1058986__event_003,0.7945539951324463,False
tokyo_52894_relational_between,52894,stress_test,relational_between,vector,22,2018_1058965__event_002,0.794385552406311,False
tokyo_52894_relational_between,52894,stress_test,relational_between,vector,23,2018_1058953__event_001,0.7933542728424072,False
tokyo_52894_relational_between,52894,stress_test,relational_between,vector,24,2018_1058960__event_001,0.7931417226791382,False
tokyo_52894_relational_between,52894,stress_test,relational_between,vector,25,2018_1058982__event_003,0.7929391860961914,False
tokyo_52894_relational_between,52894,stress_test,relational_between,vector,26,2018_1058963__event_002,0.7925407886505127,False
tokyo_52894_relational_between,52894,stress_test,relational_between,vector,27,2018_1058960__event_002,0.7921537160873413,False
tokyo_52894_relational_between,52894,stress_test,relational_between,vector,28,2018_1058960__event_004,0.7914367914199829,False
tokyo_52894_relational_between,52894,stress_test,relational_between,vector,29,2018_1058985__event_001,0.7904838919639587,False
tokyo_52894_relational_between,52894,stress_test,relational_between,vector,30,2018_1058956__event_002,0.7893401384353638,False
tokyo_52894_relational_between,52894,stress_test,relational_between,vector,31,2018_1058981__event_002,0.7871754169464111,False
tokyo_52894_relational_between,52894,stress_test,relational_between,vector,32,2018_1058975__event_002,0.7859410047531128,False
tokyo_52894_relational_between,52894,stress_test,relational_between,vector,33,2018_1058986__event_001,0.7852175831794739,False
tokyo_52894_relational_between,52894,stress_test,relational_between,vector,34,2018_1058967__event_002,0.7849606275558472,False
tokyo_52894_relational_between,52894,stress_test,relational_between,vector,35,2018_1058978__event_001,0.7847763299942017,False
tokyo_52894_relational_between,52894,stress_test,relational_between,vector,36,2018_1058982__event_001,0.7847510576248169,False
tokyo_52894_relational_between,52894,stress_test,relational_between,vector,37,2018_1058956__event_001,0.7844243049621582,False
tokyo_52894_relational_between,52894,stress_test,relational_between,vector,38,2018_1058978__event_002,0.7841722369194031,False
tokyo_52894_relational_between,52894,stress_test,relational_between,vector,39,2018_1058977__event_002,0.783901572227478,False
tokyo_52894_relational_between,52894,stress_test,relational_between,vector,40,2018_1058982__event_002,0.7838071584701538,False
tokyo_52894_relational_between,52894,stress_test,relational_between,vector,41,2018_1058974__event_002,0.7750701308250427,False
tokyo_52894_relational_between,52894,stress_test,relational_between,vector,42,2018_1058967__event_001,0.7726116180419922,False
tokyo_52894_relational_between,52894,stress_test,relational_between,vector,43,2018_1058958__event_002,0.7677115797996521,False
tokyo_53205_relational_between,53205,stress_test,relational_between,vector,1,2018_1065518__event_002,0.8910102248191833,False
tokyo_53205_relational_between,53205,stress_test,relational_between,vector,2,2018_1065518__event_003,0.8882429003715515,False
tokyo_53205_relational_between,53205,stress_test,relational_between,vector,3,2018_1065518__event_004,0.8877733945846558,False
tokyo_53205_relational_between,53205,stress_test,relational_between,vector,4,2018_1065518__event_001,0.8831602334976196,False
tokyo_53205_relational_between,53205,stress_test,relational_between,vector,5,2018_1065513__event_002,0.8465973138809204,False
tokyo_53205_relational_between,53205,stress_test,relational_between,vector,6,2018_1065503__event_001,0.8392167687416077,False
tokyo_53205_relational_between,53205,stress_test,relational_between,vector,7,2018_1065513__event_001,0.8349032402038574,False
tokyo_53205_relational_between,53205,stress_test,relational_between,vector,8,2018_1065515__event_003,0.8300500512123108,False
tokyo_53205_relational_between,53205,stress_test,relational_between,vector,9,2018_1065533__event_001,0.813794732093811,False
tokyo_53205_relational_between,53205,stress_test,relational_between,vector,10,2018_1065530__event_001,0.8124215602874756,False
tokyo_53205_relational_between,53205,stress_test,relational_between,vector,11,2018_1065533__event_002,0.8123929500579834,False
tokyo_53205_relational_between,53205,stress_test,relational_between,vector,12,2018_1065515__event_002,0.8123679757118225,False
tokyo_53205_relational_between,53205,stress_test,relational_between,vector,13,2018_1065535__event_001,0.8110406398773193,False
tokyo_53205_relational_between,53205,stress_test,relational_between,vector,14,2018_1065535__event_002,0.8092811703681946,False
tokyo_53205_relational_between,53205,stress_test,relational_between,vector,15,2018_1065503__event_002,0.8085404634475708,False
tokyo_53205_relational_between,53205,stress_test,relational_between,vector,16,2018_1065515__event_001,0.8071293830871582,False
tokyo_53205_relational_between,53205,stress_test,relational_between,vector,17,2018_1065536__event_002,0.8070498704910278,False
tokyo_53205_relational_between,53205,stress_test,relational_between,vector,18,2018_1065520__event_001,0.8056399822235107,False
tokyo_53205_relational_between,53205,stress_test,relational_between,vector,19,2018_1065532__event_003,0.8055241107940674,False
tokyo_53205_relational_between,53205,stress_test,relational_between,vector,20,2018_1065530__event_002,0.8041452169418335,False
tokyo_53205_relational_between,53205,stress_test,relational_between,vector,21,2018_1065532__event_002,0.803322434425354,False
tokyo_53205_relational_between,53205,stress_test,relational_between,vector,22,2018_1065504__event_001,0.800315260887146,False
tokyo_53205_relational_between,53205,stress_test,relational_between,vector,23,2018_1065530__event_004,0.7962914705276489,False
tokyo_53205_relational_between,53205,stress_test,relational_between,vector,24,2018_1065540__event_003,0.7937876582145691,False
tokyo_53205_relational_between,53205,stress_test,relational_between,vector,25,2018_1065530__event_003,0.7922955751419067,False
tokyo_53205_relational_between,53205,stress_test,relational_between,vector,26,2018_1065536__event_001,0.7921221256256104,False
tokyo_53205_relational_between,53205,stress_test,relational_between,vector,27,2018_1065531__event_001,0.7920840382575989,False
tokyo_53205_relational_between,53205,stress_test,relational_between,vector,28,2018_1065531__event_002,0.7895682454109192,False
tokyo_53205_relational_between,53205,stress_test,relational_between,vector,29,2018_1065504__event_002,0.7880253195762634,False
tokyo_53205_relational_between,53205,stress_test,relational_between,vector,30,2018_1065516__event_001,0.787756085395813,False
tokyo_53205_relational_between,53205,stress_test,relational_between,vector,31,2018_1065540__event_001,0.7836730480194092,False
tokyo_53205_relational_between,53205,stress_test,relational_between,vector,32,2018_1065501__event_001,0.7820877432823181,False
tokyo_53205_relational_between,53205,stress_test,relational_between,vector,33,2018_1065501__event_003,0.7818824052810669,False
tokyo_53205_relational_between,53205,stress_test,relational_between,vector,34,2018_1065540__event_002,0.7807826995849609,False
tokyo_53205_relational_between,53205,stress_test,relational_between,vector,35,2018_1065511__event_002,0.7799787521362305,False
tokyo_53205_relational_between,53205,stress_test,relational_between,vector,36,2018_1065520__event_002,0.7767389416694641,False
tokyo_53205_relational_between,53205,stress_test,relational_between,vector,37,2018_1065501__event_002,0.7764678001403809,False
tokyo_53205_relational_between,53205,stress_test,relational_between,vector,38,2018_1065516__event_002,0.7758359313011169,False
tokyo_53205_relational_between,53205,stress_test,relational_between,vector,39,2018_1065511__event_001,0.7707661986351013,False
tokyo_53205_relational_between,53205,stress_test,relational_between,vector,40,2018_1065532__event_001,0.7627722024917603,False
tokyo_53405_relational_between,53405,stress_test,relational_between,vector,1,2018_1069036__event_002,0.8734496831893921,False
tokyo_53405_relational_between,53405,stress_test,relational_between,vector,2,2018_1069036__event_003,0.8621358871459961,False
tokyo_53405_relational_between,53405,stress_test,relational_between,vector,3,2018_1069036__event_001,0.855353593826294,False
tokyo_53405_relational_between,53405,stress_test,relational_between,vector,4,2018_1068997__event_001,0.7942736148834229,False
tokyo_53405_relational_between,53405,stress_test,relational_between,vector,5,2018_1069003__event_001,0.7880308628082275,False
tokyo_53405_relational_between,53405,stress_test,relational_between,vector,6,2018_1068997__event_002,0.7848246097564697,False
tokyo_53405_relational_between,53405,stress_test,relational_between,vector,7,2018_1069091__event_001,0.7835863828659058,False
tokyo_53405_relational_between,53405,stress_test,relational_between,vector,8,2018_1069024__event_001,0.7834675312042236,False
tokyo_53405_relational_between,53405,stress_test,relational_between,vector,9,2018_1069067__event_002,0.7801172137260437,False
tokyo_53405_relational_between,53405,stress_test,relational_between,vector,10,2018_1068990__event_002,0.7772313356399536,False
tokyo_53405_relational_between,53405,stress_test,relational_between,vector,11,2018_1069059__event_002,0.776477575302124,False
tokyo_53405_relational_between,53405,stress_test,relational_between,vector,12,2018_1069091__event_002,0.775449275970459,False
tokyo_53405_relational_between,53405,stress_test,relational_between,vector,13,2018_1069013__event_001,0.775414228439331,False
tokyo_53405_relational_between,53405,stress_test,relational_between,vector,14,2018_1069003__event_002,0.7736654877662659,False
tokyo_53405_relational_between,53405,stress_test,relational_between,vector,15,2018_1069001__event_002,0.7699745893478394,False
tokyo_53405_relational_between,53405,stress_test,relational_between,vector,16,2018_1068990__event_001,0.7695236802101135,False
tokyo_53405_relational_between,53405,stress_test,relational_between,vector,17,2018_1068990__event_003,0.7690435647964478,False
tokyo_53405_relational_between,53405,stress_test,relational_between,vector,18,2018_1069024__event_002,0.7671042084693909,False
tokyo_53405_relational_between,53405,stress_test,relational_between,vector,19,2018_1069067__event_003,0.7645119428634644,False
tokyo_53405_relational_between,53405,stress_test,relational_between,vector,20,2018_1069067__event_001,0.763891339302063,False
tokyo_53405_relational_between,53405,stress_test,relational_between,vector,21,2018_1069001__event_001,0.7629918456077576,False
tokyo_53405_relational_between,53405,stress_test,relational_between,vector,22,2018_1069059__event_003,0.7600991129875183,False
tokyo_53405_relational_between,53405,stress_test,relational_between,vector,23,2018_1069059__event_001,0.7559782266616821,False
tokyo_53405_relational_between,53405,stress_test,relational_between,vector,24,2018_1069067__event_004,0.7535631656646729,False
tokyo_53405_relational_between,53405,stress_test,relational_between,vector,25,2018_1069013__event_002,0.7508193254470825,False
tokyo_53405_relational_between,53405,stress_test,relational_between,vector,26,2018_1069003__event_003,0.7491087913513184,False
tokyo_55985_relational_between,55985,stress_test,relational_between,vector,1,2018_1115811__event_002,0.9044090509414673,False
tokyo_55985_relational_between,55985,stress_test,relational_between,vector,2,2018_1115811__event_003,0.8907111883163452,False
tokyo_55985_relational_between,55985,stress_test,relational_between,vector,3,2018_1115809__event_001,0.8703672885894775,False
tokyo_55985_relational_between,55985,stress_test,relational_between,vector,4,2018_1115813__event_001,0.8701125979423523,False
tokyo_55985_relational_between,55985,stress_test,relational_between,vector,5,2018_1115811__event_001,0.8683733940124512,False
tokyo_55985_relational_between,55985,stress_test,relational_between,vector,6,2018_1115814__event_003,0.8675094842910767,False
tokyo_55985_relational_between,55985,stress_test,relational_between,vector,7,2018_1115818__event_002,0.8663262724876404,False
tokyo_55985_relational_between,55985,stress_test,relational_between,vector,8,2018_1115814__event_004,0.8547759652137756,False
tokyo_55985_relational_between,55985,stress_test,relational_between,vector,9,2018_1115818__event_003,0.8543606996536255,False
tokyo_55985_relational_between,55985,stress_test,relational_between,vector,10,2018_1115809__event_002,0.8543546199798584,False
tokyo_55985_relational_between,55985,stress_test,relational_between,vector,11,2018_1115813__event_002,0.8542103171348572,False
tokyo_55985_relational_between,55985,stress_test,relational_between,vector,12,2018_1115816__event_002,0.8533146381378174,False
tokyo_55985_relational_between,55985,stress_test,relational_between,vector,13,2018_1115818__event_001,0.847232460975647,False
tokyo_55985_relational_between,55985,stress_test,relational_between,vector,14,2018_1115814__event_002,0.8444133996963501,False
tokyo_55985_relational_between,55985,stress_test,relational_between,vector,15,2018_1115830__event_001,0.8387280702590942,False
tokyo_55985_relational_between,55985,stress_test,relational_between,vector,16,2018_1115816__event_001,0.8384769558906555,False
tokyo_55985_relational_between,55985,stress_test,relational_between,vector,17,2018_1115817__event_002,0.8299353122711182,False
tokyo_55985_relational_between,55985,stress_test,relational_between,vector,18,2018_1115817__event_001,0.8298861980438232,False
tokyo_55985_relational_between,55985,stress_test,relational_between,vector,19,2018_1115830__event_002,0.8254119753837585,False
tokyo_55985_relational_between,55985,stress_test,relational_between,vector,20,2018_1115828__event_002,0.8201094269752502,False
tokyo_55985_relational_between,55985,stress_test,relational_between,vector,21,2018_1115823__event_001,0.8142215609550476,False
tokyo_55985_relational_between,55985,stress_test,relational_between,vector,22,2018_1115828__event_001,0.81411212682724,False
tokyo_55985_relational_between,55985,stress_test,relational_between,vector,23,2018_1115810__event_002,0.8122745156288147,False
tokyo_55985_relational_between,55985,stress_test,relational_between,vector,24,2018_1115829__event_002,0.8119935393333435,False
tokyo_55985_relational_between,55985,stress_test,relational_between,vector,25,2018_1115820__event_001,0.8113610148429871,False
tokyo_55985_relational_between,55985,stress_test,relational_between,vector,26,2018_1115820__event_002,0.8098382949829102,False
tokyo_55985_relational_between,55985,stress_test,relational_between,vector,27,2018_1115829__event_001,0.8097648620605469,False
tokyo_55985_relational_between,55985,stress_test,relational_between,vector,28,2018_1115810__event_001,0.8089041709899902,False
tokyo_55985_relational_between,55985,stress_test,relational_between,vector,29,2018_1115814__event_001,0.8081780672073364,False
tokyo_55985_relational_between,55985,stress_test,relational_between,vector,30,2018_1115823__event_002,0.7991592884063721,False
tokyo_59554_relational_between,59554,stress_test,relational_between,vector,1,2018_1176901__event_001,0.9280252456665039,False
tokyo_59554_relational_between,59554,stress_test,relational_between,vector,2,2018_1176835__event_001,0.9157088398933411,False
tokyo_59554_relational_between,59554,stress_test,relational_between,vector,3,2018_1176879__event_001,0.9132822155952454,False
tokyo_59554_relational_between,59554,stress_test,relational_between,vector,4,2018_1176858__event_001,0.904566764831543,False
tokyo_59554_relational_between,59554,stress_test,relational_between,vector,5,2018_1176852__event_001,0.894683837890625,False
tokyo_59554_relational_between,59554,stress_test,relational_between,vector,6,2018_1176782__event_001,0.8932987451553345,False
tokyo_59554_relational_between,59554,stress_test,relational_between,vector,7,2018_1176852__event_002,0.8927968144416809,False
tokyo_59554_relational_between,59554,stress_test,relational_between,vector,8,2018_1176901__event_002,0.8885306119918823,False
tokyo_59554_relational_between,59554,stress_test,relational_between,vector,9,2018_1176835__event_002,0.8809915781021118,False
tokyo_59554_relational_between,59554,stress_test,relational_between,vector,10,2018_1176864__event_001,0.8798297643661499,False
tokyo_59554_relational_between,59554,stress_test,relational_between,vector,11,2018_1176890__event_002,0.876070499420166,False
tokyo_59554_relational_between,59554,stress_test,relational_between,vector,12,2018_1176890__event_001,0.8742745518684387,False
tokyo_59554_relational_between,59554,stress_test,relational_between,vector,13,2018_1176782__event_002,0.8731715679168701,False
tokyo_59554_relational_between,59554,stress_test,relational_between,vector,14,2018_1176879__event_002,0.8720920085906982,False
tokyo_59554_relational_between,59554,stress_test,relational_between,vector,15,2018_1176858__event_002,0.8674071431159973,False
tokyo_59554_relational_between,59554,stress_test,relational_between,vector,16,2018_1176864__event_002,0.8656435608863831,False
tokyo_59554_relational_between,59554,stress_test,relational_between,vector,17,2018_1176829__event_001,0.8648368120193481,False
tokyo_59554_relational_between,59554,stress_test,relational_between,vector,18,2018_1176840__event_001,0.8646867275238037,False
tokyo_59554_relational_between,59554,stress_test,relational_between,vector,19,2018_1176829__event_002,0.8560128211975098,False
tokyo_59554_relational_between,59554,stress_test,relational_between,vector,20,2018_1176852__event_003,0.8556758165359497,False
tokyo_59554_relational_between,59554,stress_test,relational_between,vector,21,2018_1176840__event_002,0.8555091619491577,False
tokyo_59554_relational_between,59554,stress_test,relational_between,vector,22,2018_1176853__event_001,0.8245257139205933,False
tokyo_59554_relational_between,59554,stress_test,relational_between,vector,23,2018_1176853__event_002,0.8225814700126648,False
tokyo_60393_relational_between,60393,stress_test,relational_between,vector,1,2018_1190549__event_002,0.9078117609024048,True
tokyo_60393_relational_between,60393,stress_test,relational_between,vector,2,2018_1190503__event_003,0.9068784713745117,True
tokyo_60393_relational_between,60393,stress_test,relational_between,vector,3,2018_1190539__event_005,0.9047876596450806,True
tokyo_60393_relational_between,60393,stress_test,relational_between,vector,4,2018_1190480__event_003,0.9024515151977539,True
tokyo_60393_relational_between,60393,stress_test,relational_between,vector,5,2018_1190583__event_003,0.9015023112297058,True
tokyo_60393_relational_between,60393,stress_test,relational_between,vector,6,2018_1190503__event_005,0.9014801979064941,True
tokyo_60393_relational_between,60393,stress_test,relational_between,vector,7,2018_1190522__event_002,0.901237428188324,True
tokyo_60393_relational_between,60393,stress_test,relational_between,vector,8,2018_1190577__event_002,0.8968355059623718,True
tokyo_60393_relational_between,60393,stress_test,relational_between,vector,9,2018_1190518__event_004,0.8945250511169434,True
tokyo_60393_relational_between,60393,stress_test,relational_between,vector,10,2018_1190511__event_002,0.893902063369751,True
tokyo_60393_relational_between,60393,stress_test,relational_between,vector,11,2018_1190503__event_004,0.8813741207122803,True
tokyo_60393_relational_between,60393,stress_test,relational_between,vector,12,2018_1190539__event_006,0.8806918859481812,True
tokyo_60393_relational_between,60393,stress_test,relational_between,vector,13,2018_1190522__event_001,0.8772489428520203,True
tokyo_60393_relational_between,60393,stress_test,relational_between,vector,14,2018_1190577__event_001,0.8771774172782898,True
tokyo_60393_relational_between,60393,stress_test,relational_between,vector,15,2018_1190549__event_001,0.8766918182373047,True
tokyo_60393_relational_between,60393,stress_test,relational_between,vector,16,2018_1190549__event_003,0.8738549947738647,True
tokyo_60393_relational_between,60393,stress_test,relational_between,vector,17,2018_1190522__event_003,0.873290479183197,True
tokyo_60393_relational_between,60393,stress_test,relational_between,vector,18,2018_1190583__event_004,0.8727755546569824,True
tokyo_60393_relational_between,60393,stress_test,relational_between,vector,19,2018_1190539__event_004,0.8637895584106445,True
tokyo_60393_relational_between,60393,stress_test,relational_between,vector,20,2018_1190511__event_001,0.863041877746582,True
tokyo_60393_relational_between,60393,stress_test,relational_between,vector,21,2018_1190480__event_002,0.8629428744316101,True
tokyo_60393_relational_between,60393,stress_test,relational_between,vector,22,2018_1190583__event_002,0.8614012002944946,True
tokyo_60393_relational_between,60393,stress_test,relational_between,vector,23,2018_1190503__event_006,0.8517744541168213,True
tokyo_60393_relational_between,60393,stress_test,relational_between,vector,24,2018_1190518__event_003,0.8472819328308105,True
tokyo_60393_relational_between,60393,stress_test,relational_between,vector,25,2018_1190503__event_002,0.8456414937973022,True
tokyo_60393_relational_between,60393,stress_test,relational_between,vector,26,2018_1190577__event_003,0.8450479507446289,True
tokyo_60393_relational_between,60393,stress_test,relational_between,vector,27,2018_1190529__event_002,0.8401322364807129,True
tokyo_60393_relational_between,60393,stress_test,relational_between,vector,28,2018_1190539__event_003,0.8393235206604004,True
tokyo_60393_relational_between,60393,stress_test,relational_between,vector,29,2018_1190496__event_003,0.838174045085907,True
tokyo_60393_relational_between,60393,stress_test,relational_between,vector,30,2018_1190491__event_002,0.8369598388671875,True
tokyo_60393_relational_between,60393,stress_test,relational_between,vector,31,2018_1190496__event_004,0.8350412845611572,True
tokyo_60393_relational_between,60393,stress_test,relational_between,vector,32,2018_1190496__event_007,0.8339319825172424,True
tokyo_60393_relational_between,60393,stress_test,relational_between,vector,33,2018_1190495__event_003,0.8323076963424683,True
tokyo_60393_relational_between,60393,stress_test,relational_between,vector,34,2018_1190542__event_004,0.8320778608322144,True
tokyo_60393_relational_between,60393,stress_test,relational_between,vector,35,2018_1190542__event_003,0.8317362666130066,True
tokyo_60393_relational_between,60393,stress_test,relational_between,vector,36,2018_1190539__event_007,0.8315180540084839,True
tokyo_60393_relational_between,60393,stress_test,relational_between,vector,37,2018_1190495__event_004,0.829737663269043,True
tokyo_60393_relational_between,60393,stress_test,relational_between,vector,38,2018_1190539__event_011,0.8295429944992065,True
tokyo_60393_relational_between,60393,stress_test,relational_between,vector,39,2018_1190539__event_010,0.8288557529449463,True
tokyo_60393_relational_between,60393,stress_test,relational_between,vector,40,2018_1190540__event_002,0.8286385536193848,True
tokyo_60393_relational_between,60393,stress_test,relational_between,vector,41,2018_1190494__event_003,0.8282523155212402,True
tokyo_60393_relational_between,60393,stress_test,relational_between,vector,42,2018_1190532__event_002,0.8282226324081421,True
tokyo_60393_relational_between,60393,stress_test,relational_between,vector,43,2018_1190496__event_005,0.8278234601020813,True
tokyo_60393_relational_between,60393,stress_test,relational_between,vector,44,2018_1190539__event_008,0.8266880512237549,True
tokyo_60393_relational_between,60393,stress_test,relational_between,vector,45,2018_1190540__event_003,0.8246178030967712,True
tokyo_60393_relational_between,60393,stress_test,relational_between,vector,46,2018_1190562__event_001,0.8240809440612793,True
tokyo_60393_relational_between,60393,stress_test,relational_between,vector,47,2018_1190532__event_003,0.8233388066291809,True
tokyo_60393_relational_between,60393,stress_test,relational_between,vector,48,2018_1190496__event_006,0.8230474591255188,True
tokyo_60393_relational_between,60393,stress_test,relational_between,vector,49,2018_1190475__event_003,0.8228050470352173,True
tokyo_60393_relational_between,60393,stress_test,relational_between,vector,50,2018_1190523__event_001,0.8218507170677185,True
tokyo_60393_relational_between,60393,stress_test,relational_between,vector,51,2018_1190491__event_001,0.8217525482177734,True
tokyo_60393_relational_between,60393,stress_test,relational_between,vector,52,2018_1190480__event_001,0.8217495679855347,True
tokyo_60393_relational_between,60393,stress_test,relational_between,vector,53,2018_1190475__event_005,0.8208369016647339,True
tokyo_60393_relational_between,60393,stress_test,relational_between,vector,54,2018_1190496__event_002,0.819692850112915,True
tokyo_60393_relational_between,60393,stress_test,relational_between,vector,55,2018_1190540__event_001,0.8196679949760437,True
tokyo_60393_relational_between,60393,stress_test,relational_between,vector,56,2018_1190495__event_002,0.8179485201835632,True
tokyo_60393_relational_between,60393,stress_test,relational_between,vector,57,2018_1190532__event_001,0.817852258682251,True
tokyo_60393_relational_between,60393,stress_test,relational_between,vector,58,2018_1190475__event_004,0.8168059587478638,True
tokyo_60393_relational_between,60393,stress_test,relational_between,vector,59,2018_1190491__event_003,0.8164739012718201,True
tokyo_60393_relational_between,60393,stress_test,relational_between,vector,60,2018_1190489__event_001,0.8154367208480835,True
tokyo_60393_relational_between,60393,stress_test,relational_between,vector,61,2018_1190581__event_001,0.8153243064880371,True
tokyo_60393_relational_between,60393,stress_test,relational_between,vector,62,2018_1190487__event_002,0.8138676881790161,True
tokyo_60393_relational_between,60393,stress_test,relational_between,vector,63,2018_1190539__event_002,0.8136341571807861,True
tokyo_60393_relational_between,60393,stress_test,relational_between,vector,64,2018_1190510__event_001,0.813412070274353,True
tokyo_60393_relational_between,60393,stress_test,relational_between,vector,65,2018_1190543__event_004,0.8125333786010742,True
tokyo_60393_relational_between,60393,stress_test,relational_between,vector,66,2018_1190475__event_006,0.8122674822807312,True
tokyo_60393_relational_between,60393,stress_test,relational_between,vector,67,2018_1190494__event_002,0.8120779395103455,True
tokyo_60393_relational_between,60393,stress_test,relational_between,vector,68,2018_1190562__event_002,0.8117321729660034,True
tokyo_60393_relational_between,60393,stress_test,relational_between,vector,69,2018_1190486__event_001,0.8112874031066895,True
tokyo_60393_relational_between,60393,stress_test,relational_between,vector,70,2018_1190510__event_004,0.810102105140686,True
tokyo_60393_relational_between,60393,stress_test,relational_between,vector,71,2018_1190529__event_001,0.8094334602355957,True
tokyo_60393_relational_between,60393,stress_test,relational_between,vector,72,2018_1190542__event_001,0.8092660903930664,True
tokyo_60393_relational_between,60393,stress_test,relational_between,vector,73,2018_1190540__event_004,0.8092566728591919,True
tokyo_60393_relational_between,60393,stress_test,relational_between,vector,74,2018_1190489__event_002,0.8089134693145752,True
tokyo_60393_relational_between,60393,stress_test,relational_between,vector,75,2018_1190486__event_003,0.8085468411445618,True
tokyo_60393_relational_between,60393,stress_test,relational_between,vector,76,2018_1190581__event_003,0.804916262626648,True
tokyo_60393_relational_between,60393,stress_test,relational_between,vector,77,2018_1190493__event_002,0.8046751618385315,True
tokyo_60393_relational_between,60393,stress_test,relational_between,vector,78,2018_1190496__event_001,0.8044295310974121,True
tokyo_60393_relational_between,60393,stress_test,relational_between,vector,79,2018_1190486__event_002,0.8040378093719482,True
tokyo_60393_relational_between,60393,stress_test,relational_between,vector,80,2018_1190583__event_001,0.8033690452575684,True
tokyo_60393_relational_between,60393,stress_test,relational_between,vector,81,2018_1190543__event_003,0.803220808506012,True
tokyo_60393_relational_between,60393,stress_test,relational_between,vector,82,2018_1190556__event_001,0.8015199899673462,True
tokyo_60393_relational_between,60393,stress_test,relational_between,vector,83,2018_1190523__event_002,0.8012663722038269,True
tokyo_60393_relational_between,60393,stress_test,relational_between,vector,84,2018_1190519__event_002,0.8006395101547241,True
tokyo_60393_relational_between,60393,stress_test,relational_between,vector,85,2018_1190510__event_002,0.7994292974472046,True
tokyo_60393_relational_between,60393,stress_test,relational_between,vector,86,2018_1190487__event_001,0.7991472482681274,True
tokyo_60393_relational_between,60393,stress_test,relational_between,vector,87,2018_1190581__event_002,0.7991055250167847,True
tokyo_60393_relational_between,60393,stress_test,relational_between,vector,88,2018_1190479__event_001,0.7986655235290527,True
tokyo_60393_relational_between,60393,stress_test,relational_between,vector,89,2018_1190543__event_002,0.7986081838607788,True
tokyo_60393_relational_between,60393,stress_test,relational_between,vector,90,2018_1190543__event_001,0.798133134841919,True
tokyo_60393_relational_between,60393,stress_test,relational_between,vector,91,2018_1190545__event_001,0.797132134437561,True
tokyo_60393_relational_between,60393,stress_test,relational_between,vector,92,2018_1190510__event_003,0.7968576550483704,True
tokyo_60393_relational_between,60393,stress_test,relational_between,vector,93,2018_1190494__event_001,0.7965412139892578,True
tokyo_60393_relational_between,60393,stress_test,relational_between,vector,94,2018_1190476__event_003,0.7960107326507568,True
tokyo_60393_relational_between,60393,stress_test,relational_between,vector,95,2018_1190539__event_001,0.7959863543510437,True
tokyo_60393_relational_between,60393,stress_test,relational_between,vector,96,2018_1190516__event_003,0.7957745790481567,True
tokyo_60393_relational_between,60393,stress_test,relational_between,vector,97,2018_1190493__event_003,0.7943142652511597,True
tokyo_60393_relational_between,60393,stress_test,relational_between,vector,98,2018_1190476__event_002,0.7942994236946106,True
tokyo_60393_relational_between,60393,stress_test,relational_between,vector,99,2018_1190508__event_003,0.7886573076248169,True
tokyo_60393_relational_between,60393,stress_test,relational_between,vector,100,2018_1190542__event_002,0.7875389456748962,True
tokyo_60393_relational_between,60393,stress_test,relational_between,vector,101,2018_1190475__event_002,0.7854235172271729,True
tokyo_60393_relational_between,60393,stress_test,relational_between,vector,102,2018_1190539__event_009,0.7848955392837524,True
tokyo_60393_relational_between,60393,stress_test,relational_between,vector,103,2018_1190567__event_002,0.7844310998916626,True
tokyo_60393_relational_between,60393,stress_test,relational_between,vector,104,2018_1190485__event_001,0.7831110954284668,True
tokyo_60393_relational_between,60393,stress_test,relational_between,vector,105,2018_1190516__event_002,0.7828575372695923,True
tokyo_60393_relational_between,60393,stress_test,relational_between,vector,106,2018_1190499__event_004,0.7828460335731506,True
tokyo_60393_relational_between,60393,stress_test,relational_between,vector,107,2018_1190493__event_001,0.782715916633606,True
tokyo_60393_relational_between,60393,stress_test,relational_between,vector,108,2018_1190567__event_001,0.7806841135025024,True
tokyo_60393_relational_between,60393,stress_test,relational_between,vector,109,2018_1190501__event_001,0.7804080247879028,True
tokyo_60393_relational_between,60393,stress_test,relational_between,vector,110,2018_1190518__event_002,0.77936190366745,True
tokyo_60393_relational_between,60393,stress_test,relational_between,vector,111,2018_1190519__event_001,0.7792956829071045,True
tokyo_60393_relational_between,60393,stress_test,relational_between,vector,112,2018_1190512__event_001,0.7792661786079407,True
tokyo_60393_relational_between,60393,stress_test,relational_between,vector,113,2018_1190532__event_004,0.77792888879776,True
tokyo_60393_relational_between,60393,stress_test,relational_between,vector,114,2018_1190490__event_002,0.7778101563453674,True
tokyo_60393_relational_between,60393,stress_test,relational_between,vector,115,2018_1190476__event_001,0.7770941257476807,True
tokyo_60393_relational_between,60393,stress_test,relational_between,vector,116,2018_1190492__event_001,0.7769503593444824,True
tokyo_60393_relational_between,60393,stress_test,relational_between,vector,117,2018_1190503__event_001,0.7768697738647461,True
tokyo_60393_relational_between,60393,stress_test,relational_between,vector,118,2018_1190547__event_001,0.7767168283462524,True
tokyo_60393_relational_between,60393,stress_test,relational_between,vector,119,2018_1190493__event_004,0.7765306234359741,True
tokyo_60393_relational_between,60393,stress_test,relational_between,vector,120,2018_1190495__event_001,0.7762726545333862,True
tokyo_60393_relational_between,60393,stress_test,relational_between,vector,121,2018_1190499__event_006,0.7751163840293884,True
tokyo_60393_relational_between,60393,stress_test,relational_between,vector,122,2018_1190498__event_002,0.7746422290802002,True
tokyo_60393_relational_between,60393,stress_test,relational_between,vector,123,2018_1190508__event_002,0.7729433178901672,True
tokyo_60393_relational_between,60393,stress_test,relational_between,vector,124,2018_1190562__event_003,0.7725980281829834,True
tokyo_60393_relational_between,60393,stress_test,relational_between,vector,125,2018_1190549__event_004,0.7719859480857849,True
tokyo_60393_relational_between,60393,stress_test,relational_between,vector,126,2018_1190540__event_005,0.7713923454284668,True
tokyo_60393_relational_between,60393,stress_test,relational_between,vector,127,2018_1190547__event_002,0.7701376676559448,True
tokyo_60393_relational_between,60393,stress_test,relational_between,vector,128,2018_1190512__event_003,0.7694417238235474,True
tokyo_60393_relational_between,60393,stress_test,relational_between,vector,129,2018_1190479__event_002,0.7692027688026428,True
tokyo_60393_relational_between,60393,stress_test,relational_between,vector,130,2018_1190545__event_002,0.769123911857605,True
tokyo_60393_relational_between,60393,stress_test,relational_between,vector,131,2018_1190508__event_004,0.7688042521476746,True
tokyo_60393_relational_between,60393,stress_test,relational_between,vector,132,2018_1190485__event_002,0.7683901190757751,True
tokyo_60393_relational_between,60393,stress_test,relational_between,vector,133,2018_1190581__event_004,0.7679381370544434,True
tokyo_60393_relational_between,60393,stress_test,relational_between,vector,134,2018_1190499__event_005,0.7678648233413696,True
tokyo_60393_relational_between,60393,stress_test,relational_between,vector,135,2018_1190498__event_001,0.7675904035568237,True
tokyo_60393_relational_between,60393,stress_test,relational_between,vector,136,2018_1190499__event_002,0.7674161791801453,True
tokyo_60393_relational_between,60393,stress_test,relational_between,vector,137,2018_1190556__event_002,0.7670089602470398,True
tokyo_60393_relational_between,60393,stress_test,relational_between,vector,138,2018_1190499__event_001,0.7667876482009888,True
tokyo_60393_relational_between,60393,stress_test,relational_between,vector,139,2018_1190512__event_002,0.7664034366607666,True
tokyo_60393_relational_between,60393,stress_test,relational_between,vector,140,2018_1190512__event_004,0.7661945819854736,True
tokyo_60393_relational_between,60393,stress_test,relational_between,vector,141,2018_1190499__event_003,0.7658810615539551,True
tokyo_60393_relational_between,60393,stress_test,relational_between,vector,142,2018_1190506__event_002,0.7647991180419922,True
tokyo_60393_relational_between,60393,stress_test,relational_between,vector,143,2018_1190492__event_002,0.762079656124115,True
tokyo_60393_relational_between,60393,stress_test,relational_between,vector,144,2018_1190508__event_001,0.7619315385818481,True
tokyo_60393_relational_between,60393,stress_test,relational_between,vector,145,2018_1190501__event_002,0.7616195678710938,True
tokyo_60393_relational_between,60393,stress_test,relational_between,vector,146,2018_1190541__event_002,0.7606678009033203,True
tokyo_60393_relational_between,60393,stress_test,relational_between,vector,147,2018_1190515__event_002,0.7606452107429504,True
tokyo_60393_relational_between,60393,stress_test,relational_between,vector,148,2018_1190482__event_002,0.7598329782485962,True
tokyo_60393_relational_between,60393,stress_test,relational_between,vector,149,2018_1190541__event_001,0.7590266466140747,True
tokyo_60393_relational_between,60393,stress_test,relational_between,vector,150,2018_1190512__event_006,0.75877845287323,True
tokyo_60393_relational_between,60393,stress_test,relational_between,vector,151,2018_1190553__event_002,0.7584717273712158,True
tokyo_60393_relational_between,60393,stress_test,relational_between,vector,152,2018_1190515__event_001,0.7574711441993713,True
tokyo_60393_relational_between,60393,stress_test,relational_between,vector,153,2018_1190490__event_001,0.7572317719459534,True
tokyo_60393_relational_between,60393,stress_test,relational_between,vector,154,2018_1190482__event_001,0.7561891078948975,True
tokyo_60393_relational_between,60393,stress_test,relational_between,vector,155,2018_1190506__event_001,0.7542219161987305,True
tokyo_60393_relational_between,60393,stress_test,relational_between,vector,156,2018_1190516__event_001,0.7531918883323669,True
tokyo_60393_relational_between,60393,stress_test,relational_between,vector,157,2018_1190483__event_002,0.748853325843811,True
tokyo_60393_relational_between,60393,stress_test,relational_between,vector,158,2018_1190490__event_004,0.747395396232605,True
tokyo_60393_relational_between,60393,stress_test,relational_between,vector,159,2018_1190486__event_004,0.7468808889389038,True
tokyo_60393_relational_between,60393,stress_test,relational_between,vector,160,2018_1190478__event_002,0.7462071180343628,True
tokyo_60393_relational_between,60393,stress_test,relational_between,vector,161,2018_1190490__event_003,0.7411741614341736,True
tokyo_60393_relational_between,60393,stress_test,relational_between,vector,162,2018_1190512__event_005,0.734416127204895,True
tokyo_60393_relational_between,60393,stress_test,relational_between,vector,163,2018_1190553__event_001,0.7317414283752441,True
tokyo_60393_relational_between,60393,stress_test,relational_between,vector,164,2018_1190478__event_001,0.7315281629562378,True
tokyo_60393_relational_between,60393,stress_test,relational_between,vector,165,2018_1190475__event_001,0.731177031993866,True
tokyo_60393_relational_between,60393,stress_test,relational_between,vector,166,2018_1190483__event_001,0.7306323051452637,True
tokyo_60393_relational_between,60393,stress_test,relational_between,vector,167,2018_1190549__event_005,0.7302041053771973,True
tokyo_60393_relational_between,60393,stress_test,relational_between,vector,168,2018_1190518__event_001,0.7301572561264038,True
tokyo_60393_relational_between,60393,stress_test,relational_between,vector,169,2018_1190533__event_002,0.7276412844657898,True
tokyo_60393_relational_between,60393,stress_test,relational_between,vector,170,2018_1190533__event_001,0.7206722497940063,True
tokyo_70564_relational_between,70564,stress_test,relational_between,vector,1,2018_1332686__event_002,0.8818403482437134,True
tokyo_70564_relational_between,70564,stress_test,relational_between,vector,2,2018_1332686__event_003,0.8633747100830078,True
tokyo_70564_relational_between,70564,stress_test,relational_between,vector,3,2018_1332673__event_002,0.8617390394210815,True
tokyo_70564_relational_between,70564,stress_test,relational_between,vector,4,2018_1332693__event_002,0.8604551553726196,True
tokyo_70564_relational_between,70564,stress_test,relational_between,vector,5,2018_1332611__event_004,0.8557734489440918,True
tokyo_70564_relational_between,70564,stress_test,relational_between,vector,6,2018_1332622__event_002,0.8539564609527588,True
tokyo_70564_relational_between,70564,stress_test,relational_between,vector,7,2018_1332686__event_001,0.8486846685409546,True
tokyo_70564_relational_between,70564,stress_test,relational_between,vector,8,2018_1332693__event_001,0.848643958568573,True
tokyo_70564_relational_between,70564,stress_test,relational_between,vector,9,2018_1332673__event_001,0.8486316800117493,True
tokyo_70564_relational_between,70564,stress_test,relational_between,vector,10,2018_1332622__event_001,0.8475561141967773,True
tokyo_70564_relational_between,70564,stress_test,relational_between,vector,11,2018_1332669__event_002,0.8463103771209717,True
tokyo_70564_relational_between,70564,stress_test,relational_between,vector,12,2018_1332687__event_001,0.8422707319259644,True
tokyo_70564_relational_between,70564,stress_test,relational_between,vector,13,2018_1332618__event_001,0.8419800400733948,True
tokyo_70564_relational_between,70564,stress_test,relational_between,vector,14,2018_1332611__event_005,0.8397822976112366,True
tokyo_70564_relational_between,70564,stress_test,relational_between,vector,15,2018_1332611__event_003,0.8382401466369629,True
tokyo_70564_relational_between,70564,stress_test,relational_between,vector,16,2018_1332680__event_003,0.8368229269981384,True
tokyo_70564_relational_between,70564,stress_test,relational_between,vector,17,2018_1332670__event_001,0.8364652395248413,True
tokyo_70564_relational_between,70564,stress_test,relational_between,vector,18,2018_1332670__event_002,0.8362797498703003,True
tokyo_70564_relational_between,70564,stress_test,relational_between,vector,19,2018_1332680__event_002,0.8359677195549011,True
tokyo_70564_relational_between,70564,stress_test,relational_between,vector,20,2018_1332669__event_001,0.8358378410339355,True
tokyo_70564_relational_between,70564,stress_test,relational_between,vector,21,2018_1332713__event_001,0.8350275754928589,True
tokyo_70564_relational_between,70564,stress_test,relational_between,vector,22,2018_1332713__event_002,0.8333584070205688,True
tokyo_70564_relational_between,70564,stress_test,relational_between,vector,23,2018_1332695__event_001,0.833209753036499,True
tokyo_70564_relational_between,70564,stress_test,relational_between,vector,24,2018_1332692__event_002,0.8329660296440125,True
tokyo_70564_relational_between,70564,stress_test,relational_between,vector,25,2018_1332692__event_003,0.8321106433868408,True
tokyo_70564_relational_between,70564,stress_test,relational_between,vector,26,2018_1332695__event_002,0.8301228284835815,True
tokyo_70564_relational_between,70564,stress_test,relational_between,vector,27,2018_1332692__event_001,0.8286467790603638,True
tokyo_70564_relational_between,70564,stress_test,relational_between,vector,28,2018_1332614__event_001,0.8258012533187866,True
tokyo_70564_relational_between,70564,stress_test,relational_between,vector,29,2018_1332640__event_002,0.8256522417068481,True
tokyo_70564_relational_between,70564,stress_test,relational_between,vector,30,2018_1332643__event_002,0.8254932761192322,True
tokyo_70564_relational_between,70564,stress_test,relational_between,vector,31,2018_1332687__event_002,0.8251771330833435,True
tokyo_70564_relational_between,70564,stress_test,relational_between,vector,32,2018_1332649__event_002,0.8248764276504517,True
tokyo_70564_relational_between,70564,stress_test,relational_between,vector,33,2018_1332686__event_004,0.8241480588912964,True
tokyo_70564_relational_between,70564,stress_test,relational_between,vector,34,2018_1332692__event_004,0.8233121037483215,True
tokyo_70564_relational_between,70564,stress_test,relational_between,vector,35,2018_1332618__event_002,0.8218209743499756,True
tokyo_70564_relational_between,70564,stress_test,relational_between,vector,36,2018_1332657__event_002,0.8217189311981201,True
tokyo_70564_relational_between,70564,stress_test,relational_between,vector,37,2018_1332622__event_003,0.8210077881813049,True
tokyo_70564_relational_between,70564,stress_test,relational_between,vector,38,2018_1332642__event_001,0.820165753364563,True
tokyo_70564_relational_between,70564,stress_test,relational_between,vector,39,2018_1332632__event_002,0.8191370964050293,True
tokyo_70564_relational_between,70564,stress_test,relational_between,vector,40,2018_1332644__event_001,0.8188391923904419,True
tokyo_70564_relational_between,70564,stress_test,relational_between,vector,41,2018_1332637__event_002,0.8177016973495483,True
tokyo_70564_relational_between,70564,stress_test,relational_between,vector,42,2018_1332660__event_003,0.8145521879196167,True
tokyo_70564_relational_between,70564,stress_test,relational_between,vector,43,2018_1332668__event_001,0.814178466796875,True
tokyo_70564_relational_between,70564,stress_test,relational_between,vector,44,2018_1332641__event_002,0.8132777214050293,True
tokyo_70564_relational_between,70564,stress_test,relational_between,vector,45,2018_1332640__event_001,0.8120481967926025,True
tokyo_70564_relational_between,70564,stress_test,relational_between,vector,46,2018_1332632__event_001,0.8117952346801758,True
tokyo_70564_relational_between,70564,stress_test,relational_between,vector,47,2018_1332643__event_001,0.8114216327667236,True
tokyo_70564_relational_between,70564,stress_test,relational_between,vector,48,2018_1332641__event_001,0.8113296031951904,True
tokyo_70564_relational_between,70564,stress_test,relational_between,vector,49,2018_1332637__event_001,0.8109790086746216,True
tokyo_70564_relational_between,70564,stress_test,relational_between,vector,50,2018_1332649__event_001,0.8106241226196289,True
tokyo_70564_relational_between,70564,stress_test,relational_between,vector,51,2018_1332650__event_001,0.8104692697525024,True
tokyo_70564_relational_between,70564,stress_test,relational_between,vector,52,2018_1332611__event_002,0.8104425668716431,True
tokyo_70564_relational_between,70564,stress_test,relational_between,vector,53,2018_1332668__event_004,0.8103052377700806,True
tokyo_70564_relational_between,70564,stress_test,relational_between,vector,54,2018_1332668__event_003,0.8102056980133057,True
tokyo_70564_relational_between,70564,stress_test,relational_between,vector,55,2018_1332650__event_002,0.8100188970565796,True
tokyo_70564_relational_between,70564,stress_test,relational_between,vector,56,2018_1332658__event_001,0.8097620010375977,True
tokyo_70564_relational_between,70564,stress_test,relational_between,vector,57,2018_1332682__event_001,0.8095973134040833,True
tokyo_70564_relational_between,70564,stress_test,relational_between,vector,58,2018_1332670__event_003,0.8084056973457336,True
tokyo_70564_relational_between,70564,stress_test,relational_between,vector,59,2018_1332657__event_001,0.8083634376525879,True
tokyo_70564_relational_between,70564,stress_test,relational_between,vector,60,2018_1332668__event_002,0.8078711032867432,True
tokyo_70564_relational_between,70564,stress_test,relational_between,vector,61,2018_1332705__event_001,0.807868242263794,True
tokyo_70564_relational_between,70564,stress_test,relational_between,vector,62,2018_1332630__event_001,0.8076804876327515,True
tokyo_70564_relational_between,70564,stress_test,relational_between,vector,63,2018_1332658__event_002,0.8075059652328491,True
tokyo_70564_relational_between,70564,stress_test,relational_between,vector,64,2018_1332614__event_002,0.8071611523628235,True
tokyo_70564_relational_between,70564,stress_test,relational_between,vector,65,2018_1332645__event_001,0.8060632944107056,True
tokyo_70564_relational_between,70564,stress_test,relational_between,vector,66,2018_1332660__event_002,0.8058988451957703,True
tokyo_70564_relational_between,70564,stress_test,relational_between,vector,67,2018_1332630__event_002,0.8057029843330383,True
tokyo_70564_relational_between,70564,stress_test,relational_between,vector,68,2018_1332622__event_004,0.8049966096878052,True
tokyo_70564_relational_between,70564,stress_test,relational_between,vector,69,2018_1332660__event_001,0.8048956394195557,True
tokyo_70564_relational_between,70564,stress_test,relational_between,vector,70,2018_1332682__event_002,0.804731547832489,True
tokyo_70564_relational_between,70564,stress_test,relational_between,vector,71,2018_1332608__event_002,0.8045819401741028,True
tokyo_70564_relational_between,70564,stress_test,relational_between,vector,72,2018_1332680__event_001,0.8035226464271545,True
tokyo_70564_relational_between,70564,stress_test,relational_between,vector,73,2018_1332619__event_001,0.8024327754974365,True
tokyo_70564_relational_between,70564,stress_test,relational_between,vector,74,2018_1332642__event_002,0.8022736310958862,True
tokyo_70564_relational_between,70564,stress_test,relational_between,vector,75,2018_1332644__event_002,0.8020089864730835,True
tokyo_70564_relational_between,70564,stress_test,relational_between,vector,76,2018_1332705__event_002,0.8017325401306152,True
tokyo_70564_relational_between,70564,stress_test,relational_between,vector,77,2018_1332608__event_001,0.8007111549377441,True
tokyo_70564_relational_between,70564,stress_test,relational_between,vector,78,2018_1332682__event_003,0.7991957664489746,True
tokyo_70564_relational_between,70564,stress_test,relational_between,vector,79,2018_1332645__event_002,0.798952043056488,True
tokyo_70564_relational_between,70564,stress_test,relational_between,vector,80,2018_1332619__event_002,0.7988430261611938,True
tokyo_70564_relational_between,70564,stress_test,relational_between,vector,81,2018_1332686__event_005,0.7986294031143188,True
tokyo_70564_relational_between,70564,stress_test,relational_between,vector,82,2018_1332658__event_003,0.7985848188400269,True
tokyo_70564_relational_between,70564,stress_test,relational_between,vector,83,2018_1332689__event_001,0.7981535196304321,True
tokyo_70564_relational_between,70564,stress_test,relational_between,vector,84,2018_1332689__event_002,0.7978512048721313,True
tokyo_70564_relational_between,70564,stress_test,relational_between,vector,85,2018_1332713__event_003,0.7969942688941956,True
tokyo_70564_relational_between,70564,stress_test,relational_between,vector,86,2018_1332619__event_003,0.7926458120346069,True
tokyo_70564_relational_between,70564,stress_test,relational_between,vector,87,2018_1332608__event_003,0.7920180559158325,True
tokyo_70564_relational_between,70564,stress_test,relational_between,vector,88,2018_1332627__event_001,0.7871175408363342,True
tokyo_70564_relational_between,70564,stress_test,relational_between,vector,89,2018_1332617__event_002,0.7834599614143372,True
tokyo_70564_relational_between,70564,stress_test,relational_between,vector,90,2018_1332627__event_002,0.7823631763458252,True
tokyo_70564_relational_between,70564,stress_test,relational_between,vector,91,2018_1332666__event_001,0.7814870476722717,True
tokyo_70564_relational_between,70564,stress_test,relational_between,vector,92,2018_1332617__event_001,0.781409502029419,True
tokyo_70564_relational_between,70564,stress_test,relational_between,vector,93,2018_1332642__event_003,0.7809903621673584,True
tokyo_70564_relational_between,70564,stress_test,relational_between,vector,94,2018_1332628__event_001,0.779035210609436,True
tokyo_70564_relational_between,70564,stress_test,relational_between,vector,95,2018_1332662__event_001,0.7734707593917847,True
tokyo_70564_relational_between,70564,stress_test,relational_between,vector,96,2018_1332623__event_001,0.7730528116226196,True
tokyo_70564_relational_between,70564,stress_test,relational_between,vector,97,2018_1332608__event_004,0.7724860906600952,True
tokyo_70564_relational_between,70564,stress_test,relational_between,vector,98,2018_1332696__event_002,0.7724663615226746,True
tokyo_70564_relational_between,70564,stress_test,relational_between,vector,99,2018_1332666__event_002,0.7695355415344238,True
tokyo_70564_relational_between,70564,stress_test,relational_between,vector,100,2018_1332623__event_002,0.7683779001235962,True
tokyo_70564_relational_between,70564,stress_test,relational_between,vector,101,2018_1332696__event_001,0.7655272483825684,True
tokyo_70564_relational_between,70564,stress_test,relational_between,vector,102,2018_1332611__event_001,0.7601044178009033,True
tokyo_70564_relational_between,70564,stress_test,relational_between,vector,103,2018_1332628__event_002,0.7597543597221375,True
tokyo_70564_relational_between,70564,stress_test,relational_between,vector,104,2018_1332662__event_002,0.7552573680877686,True
tokyo_70564_relational_between,70564,stress_test,relational_between,vector,105,2018_1332713__event_004,0.7539346218109131,True
tokyo_70564_relational_between,70564,stress_test,relational_between,vector,106,2018_1332696__event_003,0.7539186477661133,True
tokyo_70703_relational_between,70703,stress_test,relational_between,vector,1,2018_1335105__event_004,0.8489221334457397,False
tokyo_70703_relational_between,70703,stress_test,relational_between,vector,2,2018_1335105__event_003,0.8456112146377563,False
tokyo_70703_relational_between,70703,stress_test,relational_between,vector,3,2018_1335110__event_001,0.8215459585189819,False
tokyo_70703_relational_between,70703,stress_test,relational_between,vector,4,2018_1335105__event_002,0.8161152601242065,False
tokyo_70703_relational_between,70703,stress_test,relational_between,vector,5,2018_1335105__event_001,0.8056938052177429,False
tokyo_70703_relational_between,70703,stress_test,relational_between,vector,6,2018_1335110__event_002,0.8023267388343811,False
tokyo_70703_relational_between,70703,stress_test,relational_between,vector,7,2018_1335089__event_001,0.8022269010543823,False
tokyo_70703_relational_between,70703,stress_test,relational_between,vector,8,2018_1335089__event_002,0.7860492467880249,False
tokyo_70703_relational_between,70703,stress_test,relational_between,vector,9,2018_1335100__event_003,0.7844624519348145,False
tokyo_70703_relational_between,70703,stress_test,relational_between,vector,10,2018_1335107__event_001,0.7831060886383057,False
tokyo_70703_relational_between,70703,stress_test,relational_between,vector,11,2018_1335091__event_003,0.779395580291748,False
tokyo_70703_relational_between,70703,stress_test,relational_between,vector,12,2018_1335091__event_002,0.7777292728424072,False
tokyo_70703_relational_between,70703,stress_test,relational_between,vector,13,2018_1335116__event_002,0.7750885486602783,False
tokyo_70703_relational_between,70703,stress_test,relational_between,vector,14,2018_1335104__event_001,0.774437427520752,False
tokyo_70703_relational_between,70703,stress_test,relational_between,vector,15,2018_1335104__event_002,0.7741997241973877,False
tokyo_70703_relational_between,70703,stress_test,relational_between,vector,16,2018_1335107__event_002,0.7721630930900574,False
tokyo_70703_relational_between,70703,stress_test,relational_between,vector,17,2018_1335098__event_001,0.7716304063796997,False
tokyo_70703_relational_between,70703,stress_test,relational_between,vector,18,2018_1335111__event_001,0.771135687828064,False
tokyo_70703_relational_between,70703,stress_test,relational_between,vector,19,2018_1335093__event_003,0.7707980871200562,False
tokyo_70703_relational_between,70703,stress_test,relational_between,vector,20,2018_1335091__event_001,0.7700438499450684,False
tokyo_70703_relational_between,70703,stress_test,relational_between,vector,21,2018_1335093__event_004,0.7674599289894104,False
tokyo_70703_relational_between,70703,stress_test,relational_between,vector,22,2018_1335116__event_001,0.7664200067520142,False
tokyo_70703_relational_between,70703,stress_test,relational_between,vector,23,2018_1335108__event_002,0.7649283409118652,False
tokyo_70703_relational_between,70703,stress_test,relational_between,vector,24,2018_1335093__event_005,0.7640806436538696,False
tokyo_70703_relational_between,70703,stress_test,relational_between,vector,25,2018_1335097__event_003,0.763700544834137,False
tokyo_70703_relational_between,70703,stress_test,relational_between,vector,26,2018_1335108__event_001,0.7633063793182373,False
tokyo_70703_relational_between,70703,stress_test,relational_between,vector,27,2018_1335096__event_002,0.762772798538208,False
tokyo_70703_relational_between,70703,stress_test,relational_between,vector,28,2018_1335094__event_001,0.7627198696136475,False
tokyo_70703_relational_between,70703,stress_test,relational_between,vector,29,2018_1335097__event_001,0.7625792622566223,False
tokyo_70703_relational_between,70703,stress_test,relational_between,vector,30,2018_1335111__event_002,0.7607438564300537,False
tokyo_70703_relational_between,70703,stress_test,relational_between,vector,31,2018_1335100__event_002,0.7607244849205017,False
tokyo_70703_relational_between,70703,stress_test,relational_between,vector,32,2018_1335093__event_001,0.7597368359565735,False
tokyo_70703_relational_between,70703,stress_test,relational_between,vector,33,2018_1335087__event_002,0.759331464767456,False
tokyo_70703_relational_between,70703,stress_test,relational_between,vector,34,2018_1335098__event_002,0.7567265033721924,False
tokyo_70703_relational_between,70703,stress_test,relational_between,vector,35,2018_1335099__event_001,0.7558869123458862,False
tokyo_70703_relational_between,70703,stress_test,relational_between,vector,36,2018_1335111__event_003,0.7540812492370605,False
tokyo_70703_relational_between,70703,stress_test,relational_between,vector,37,2018_1335111__event_004,0.7540371417999268,False
tokyo_70703_relational_between,70703,stress_test,relational_between,vector,38,2018_1335093__event_002,0.7538391351699829,False
tokyo_70703_relational_between,70703,stress_test,relational_between,vector,39,2018_1335099__event_002,0.7535982728004456,False
tokyo_70703_relational_between,70703,stress_test,relational_between,vector,40,2018_1335096__event_001,0.751325786113739,False
tokyo_70703_relational_between,70703,stress_test,relational_between,vector,41,2018_1335094__event_002,0.7499430179595947,False
tokyo_70703_relational_between,70703,stress_test,relational_between,vector,42,2018_1335100__event_001,0.7479332089424133,False
tokyo_70703_relational_between,70703,stress_test,relational_between,vector,43,2018_1335099__event_003,0.74739670753479,False
tokyo_70703_relational_between,70703,stress_test,relational_between,vector,44,2018_1335087__event_001,0.7452948093414307,False
tokyo_70703_relational_between,70703,stress_test,relational_between,vector,45,2018_1335097__event_002,0.7439367771148682,False
tokyo_70703_relational_between,70703,stress_test,relational_between,vector,46,2018_1335109__event_002,0.7357617616653442,False
tokyo_70703_relational_between,70703,stress_test,relational_between,vector,47,2018_1335109__event_001,0.7327569723129272,False
tokyo_72210_relational_between,72210,stress_test,relational_between,vector,1,2018_1357857__event_002,0.8788681030273438,False
tokyo_72210_relational_between,72210,stress_test,relational_between,vector,2,2018_1357857__event_003,0.8632007837295532,False
tokyo_72210_relational_between,72210,stress_test,relational_between,vector,3,2018_1357883__event_002,0.8484926223754883,False
tokyo_72210_relational_between,72210,stress_test,relational_between,vector,4,2018_1357857__event_001,0.8434267640113831,False
tokyo_72210_relational_between,72210,stress_test,relational_between,vector,5,2018_1357878__event_002,0.8319395780563354,False
tokyo_72210_relational_between,72210,stress_test,relational_between,vector,6,2018_1357857__event_004,0.8242044448852539,False
tokyo_72210_relational_between,72210,stress_test,relational_between,vector,7,2018_1357883__event_001,0.8208185434341431,False
tokyo_72210_relational_between,72210,stress_test,relational_between,vector,8,2018_1357863__event_002,0.8075014352798462,False
tokyo_72210_relational_between,72210,stress_test,relational_between,vector,9,2018_1357875__event_003,0.8057087659835815,False
tokyo_72210_relational_between,72210,stress_test,relational_between,vector,10,2018_1357865__event_001,0.8025046586990356,False
tokyo_72210_relational_between,72210,stress_test,relational_between,vector,11,2018_1357878__event_001,0.7995211482048035,False
tokyo_72210_relational_between,72210,stress_test,relational_between,vector,12,2018_1357877__event_001,0.7992193698883057,False
tokyo_72210_relational_between,72210,stress_test,relational_between,vector,13,2018_1357863__event_001,0.7975945472717285,False
tokyo_72210_relational_between,72210,stress_test,relational_between,vector,14,2018_1357865__event_002,0.7932437062263489,False
tokyo_72210_relational_between,72210,stress_test,relational_between,vector,15,2018_1357856__event_002,0.792857825756073,False
tokyo_72210_relational_between,72210,stress_test,relational_between,vector,16,2018_1357875__event_002,0.7908403873443604,False
tokyo_72210_relational_between,72210,stress_test,relational_between,vector,17,2018_1357866__event_001,0.7894672155380249,False
tokyo_72210_relational_between,72210,stress_test,relational_between,vector,18,2018_1357866__event_002,0.7886089086532593,False
tokyo_72210_relational_between,72210,stress_test,relational_between,vector,19,2018_1357892__event_001,0.7833917737007141,False
tokyo_72210_relational_between,72210,stress_test,relational_between,vector,20,2018_1357857__event_005,0.7812913656234741,False
tokyo_72210_relational_between,72210,stress_test,relational_between,vector,21,2018_1357875__event_001,0.7812521457672119,False
tokyo_72210_relational_between,72210,stress_test,relational_between,vector,22,2018_1357855__event_003,0.7803724408149719,False
tokyo_72210_relational_between,72210,stress_test,relational_between,vector,23,2018_1357876__event_002,0.7794545888900757,False
tokyo_72210_relational_between,72210,stress_test,relational_between,vector,24,2018_1357855__event_001,0.7793110609054565,False
tokyo_72210_relational_between,72210,stress_test,relational_between,vector,25,2018_1357855__event_002,0.7791794538497925,False
tokyo_72210_relational_between,72210,stress_test,relational_between,vector,26,2018_1357877__event_002,0.7790519595146179,False
tokyo_72210_relational_between,72210,stress_test,relational_between,vector,27,2018_1357856__event_001,0.7783270478248596,False
tokyo_72210_relational_between,72210,stress_test,relational_between,vector,28,2018_1357856__event_003,0.7778124213218689,False
tokyo_72210_relational_between,72210,stress_test,relational_between,vector,29,2018_1357880__event_001,0.7756736278533936,False
tokyo_72210_relational_between,72210,stress_test,relational_between,vector,30,2018_1357880__event_002,0.7733174562454224,False
tokyo_72210_relational_between,72210,stress_test,relational_between,vector,31,2018_1357892__event_002,0.7728880643844604,False
tokyo_72210_relational_between,72210,stress_test,relational_between,vector,32,2018_1357892__event_003,0.7667145729064941,False
tokyo_72210_relational_between,72210,stress_test,relational_between,vector,33,2018_1357876__event_001,0.7659463882446289,False
tokyo_72210_relational_between,72210,stress_test,relational_between,vector,34,2018_1357894__event_002,0.7555269002914429,False
tokyo_72210_relational_between,72210,stress_test,relational_between,vector,35,2018_1357894__event_001,0.7550939321517944,False
tokyo_72444_relational_between,72444,stress_test,relational_between,vector,1,2018_1361371__event_003,0.9122462272644043,False
tokyo_72444_relational_between,72444,stress_test,relational_between,vector,2,2018_1361371__event_002,0.9086518287658691,False
tokyo_72444_relational_between,72444,stress_test,relational_between,vector,3,2018_1361355__event_002,0.8699358701705933,False
tokyo_72444_relational_between,72444,stress_test,relational_between,vector,4,2018_1361355__event_001,0.8692406415939331,False
tokyo_72444_relational_between,72444,stress_test,relational_between,vector,5,2018_1361371__event_001,0.8577156662940979,False
tokyo_72444_relational_between,72444,stress_test,relational_between,vector,6,2018_1361355__event_003,0.8431377410888672,False
tokyo_72444_relational_between,72444,stress_test,relational_between,vector,7,2018_1361416__event_002,0.8359802961349487,False
tokyo_72444_relational_between,72444,stress_test,relational_between,vector,8,2018_1361372__event_002,0.8175283670425415,False
tokyo_72444_relational_between,72444,stress_test,relational_between,vector,9,2018_1361390__event_001,0.811735987663269,False
tokyo_72444_relational_between,72444,stress_test,relational_between,vector,10,2018_1361390__event_002,0.8113070130348206,False
tokyo_72444_relational_between,72444,stress_test,relational_between,vector,11,2018_1361378__event_002,0.8095350861549377,False
tokyo_72444_relational_between,72444,stress_test,relational_between,vector,12,2018_1361378__event_001,0.8093199729919434,False
tokyo_72444_relational_between,72444,stress_test,relational_between,vector,13,2018_1361354__event_001,0.8088015913963318,False
tokyo_72444_relational_between,72444,stress_test,relational_between,vector,14,2018_1361413__event_001,0.8084898591041565,False
tokyo_72444_relational_between,72444,stress_test,relational_between,vector,15,2018_1361348__event_002,0.807491660118103,False
tokyo_72444_relational_between,72444,stress_test,relational_between,vector,16,2018_1361355__event_006,0.8061676025390625,False
tokyo_72444_relational_between,72444,stress_test,relational_between,vector,17,2018_1361416__event_001,0.8051314353942871,False
tokyo_72444_relational_between,72444,stress_test,relational_between,vector,18,2018_1361392__event_002,0.8036741018295288,False
tokyo_72444_relational_between,72444,stress_test,relational_between,vector,19,2018_1361404__event_002,0.79459547996521,False
tokyo_72444_relational_between,72444,stress_test,relational_between,vector,20,2018_1361394__event_001,0.787651538848877,False
tokyo_72444_relational_between,72444,stress_test,relational_between,vector,21,2018_1361372__event_001,0.7862161993980408,False
tokyo_72444_relational_between,72444,stress_test,relational_between,vector,22,2018_1361355__event_005,0.7860782742500305,False
tokyo_72444_relational_between,72444,stress_test,relational_between,vector,23,2018_1361413__event_002,0.7807469367980957,False
tokyo_72444_relational_between,72444,stress_test,relational_between,vector,24,2018_1361404__event_001,0.7735216021537781,False
tokyo_72444_relational_between,72444,stress_test,relational_between,vector,25,2018_1361348__event_001,0.7731019258499146,False
tokyo_72444_relational_between,72444,stress_test,relational_between,vector,26,2018_1361354__event_002,0.77088463306427,False
tokyo_72444_relational_between,72444,stress_test,relational_between,vector,27,2018_1361355__event_004,0.7672179937362671,False
tokyo_72444_relational_between,72444,stress_test,relational_between,vector,28,2018_1361394__event_002,0.7663639783859253,False
tokyo_72444_relational_between,72444,stress_test,relational_between,vector,29,2018_1361392__event_001,0.7646924257278442,False
tokyo_74188_relational_between,74188,stress_test,relational_between,vector,1,2018_1388327__event_003,0.9042233228683472,False
tokyo_74188_relational_between,74188,stress_test,relational_between,vector,2,2018_1388327__event_004,0.8803963661193848,False
tokyo_74188_relational_between,74188,stress_test,relational_between,vector,3,2018_1388327__event_002,0.8553770780563354,False
tokyo_74188_relational_between,74188,stress_test,relational_between,vector,4,2018_1388327__event_001,0.8552484512329102,False
tokyo_74188_relational_between,74188,stress_test,relational_between,vector,5,2018_1388327__event_005,0.8271306157112122,False
tokyo_74188_relational_between,74188,stress_test,relational_between,vector,6,2018_1388323__event_006,0.8100528717041016,False
tokyo_74188_relational_between,74188,stress_test,relational_between,vector,7,2018_1388323__event_004,0.8082551956176758,False
tokyo_74188_relational_between,74188,stress_test,relational_between,vector,8,2018_1388323__event_005,0.8062854409217834,False
tokyo_74188_relational_between,74188,stress_test,relational_between,vector,9,2018_1388323__event_007,0.8056169152259827,False
tokyo_74188_relational_between,74188,stress_test,relational_between,vector,10,2018_1388346__event_001,0.7984431982040405,False
tokyo_74188_relational_between,74188,stress_test,relational_between,vector,11,2018_1388298__event_001,0.7965788245201111,False
tokyo_74188_relational_between,74188,stress_test,relational_between,vector,12,2018_1388306__event_002,0.7952097058296204,False
tokyo_74188_relational_between,74188,stress_test,relational_between,vector,13,2018_1388306__event_001,0.7939296960830688,False
tokyo_74188_relational_between,74188,stress_test,relational_between,vector,14,2018_1388323__event_003,0.7923295497894287,False
tokyo_74188_relational_between,74188,stress_test,relational_between,vector,15,2018_1388323__event_001,0.7920418977737427,False
tokyo_74188_relational_between,74188,stress_test,relational_between,vector,16,2018_1388347__event_001,0.7913802266120911,False
tokyo_74188_relational_between,74188,stress_test,relational_between,vector,17,2018_1388310__event_002,0.7909064292907715,False
tokyo_74188_relational_between,74188,stress_test,relational_between,vector,18,2018_1388347__event_002,0.79066002368927,False
tokyo_74188_relational_between,74188,stress_test,relational_between,vector,19,2018_1388310__event_001,0.7903261184692383,False
tokyo_74188_relational_between,74188,stress_test,relational_between,vector,20,2018_1388298__event_002,0.7879617214202881,False
tokyo_74188_relational_between,74188,stress_test,relational_between,vector,21,2018_1388318__event_001,0.7879079580307007,False
tokyo_74188_relational_between,74188,stress_test,relational_between,vector,22,2018_1388346__event_002,0.7876383662223816,False
tokyo_74188_relational_between,74188,stress_test,relational_between,vector,23,2018_1388323__event_002,0.7866335511207581,False
tokyo_74188_relational_between,74188,stress_test,relational_between,vector,24,2018_1388319__event_001,0.7866081595420837,False
tokyo_74188_relational_between,74188,stress_test,relational_between,vector,25,2018_1388319__event_002,0.78656405210495,False
tokyo_74188_relational_between,74188,stress_test,relational_between,vector,26,2018_1388318__event_003,0.7856258153915405,False
tokyo_74188_relational_between,74188,stress_test,relational_between,vector,27,2018_1388306__event_003,0.7796750068664551,False
tokyo_74188_relational_between,74188,stress_test,relational_between,vector,28,2018_1388346__event_003,0.7792238593101501,False
tokyo_74188_relational_between,74188,stress_test,relational_between,vector,29,2018_1388313__event_001,0.7777255773544312,False
tokyo_74188_relational_between,74188,stress_test,relational_between,vector,30,2018_1388318__event_002,0.7775935530662537,False
tokyo_74188_relational_between,74188,stress_test,relational_between,vector,31,2018_1388319__event_003,0.7750065922737122,False
tokyo_74188_relational_between,74188,stress_test,relational_between,vector,32,2018_1388313__event_002,0.774466872215271,False
tokyo_74188_relational_between,74188,stress_test,relational_between,vector,33,2018_1388307__event_003,0.7742021679878235,False
tokyo_74188_relational_between,74188,stress_test,relational_between,vector,34,2018_1388329__event_002,0.7722446918487549,False
tokyo_74188_relational_between,74188,stress_test,relational_between,vector,35,2018_1388329__event_001,0.7721763253211975,False
tokyo_74188_relational_between,74188,stress_test,relational_between,vector,36,2018_1388307__event_002,0.7690083384513855,False
tokyo_74188_relational_between,74188,stress_test,relational_between,vector,37,2018_1388307__event_001,0.7651727199554443,False
tokyo_74188_relational_between,74188,stress_test,relational_between,vector,38,2018_1388299__event_002,0.7593982219696045,False
tokyo_74188_relational_between,74188,stress_test,relational_between,vector,39,2018_1388299__event_001,0.7554901838302612,False
tokyo_74982_relational_between,74982,stress_test,relational_between,vector,1,2018_1402555__event_002,0.8740814924240112,False
tokyo_74982_relational_between,74982,stress_test,relational_between,vector,2,2018_1402558__event_001,0.8351165056228638,False
tokyo_74982_relational_between,74982,stress_test,relational_between,vector,3,2018_1402555__event_003,0.8328561782836914,False
tokyo_74982_relational_between,74982,stress_test,relational_between,vector,4,2018_1402555__event_001,0.8287273645401001,False
tokyo_74982_relational_between,74982,stress_test,relational_between,vector,5,2018_1402558__event_002,0.802680253982544,False
tokyo_74982_relational_between,74982,stress_test,relational_between,vector,6,2018_1402590__event_002,0.7733510732650757,False
tokyo_74982_relational_between,74982,stress_test,relational_between,vector,7,2018_1402590__event_001,0.7693247199058533,False
tokyo_74982_relational_between,74982,stress_test,relational_between,vector,8,2018_1402572__event_001,0.761587381362915,False
tokyo_74982_relational_between,74982,stress_test,relational_between,vector,9,2018_1402547__event_001,0.7599821090698242,False
tokyo_74982_relational_between,74982,stress_test,relational_between,vector,10,2018_1402590__event_003,0.7595759630203247,False
tokyo_74982_relational_between,74982,stress_test,relational_between,vector,11,2018_1402575__event_002,0.7577605247497559,False
tokyo_74982_relational_between,74982,stress_test,relational_between,vector,12,2018_1402573__event_001,0.7575489282608032,False
tokyo_74982_relational_between,74982,stress_test,relational_between,vector,13,2018_1402586__event_002,0.7558397054672241,False
tokyo_74982_relational_between,74982,stress_test,relational_between,vector,14,2018_1402575__event_001,0.7557628154754639,False
tokyo_74982_relational_between,74982,stress_test,relational_between,vector,15,2018_1402586__event_001,0.7548396587371826,False
tokyo_74982_relational_between,74982,stress_test,relational_between,vector,16,2018_1402573__event_002,0.7544737458229065,False
tokyo_74982_relational_between,74982,stress_test,relational_between,vector,17,2018_1402547__event_002,0.7535930871963501,False
tokyo_74982_relational_between,74982,stress_test,relational_between,vector,18,2018_1402572__event_002,0.749076247215271,False
tokyo_74982_relational_between,74982,stress_test,relational_between,vector,19,2018_1402556__event_001,0.748810350894928,False
tokyo_74982_relational_between,74982,stress_test,relational_between,vector,20,2018_1402556__event_002,0.7472152709960938,False
tokyo_74982_relational_between,74982,stress_test,relational_between,vector,21,2018_1402572__event_003,0.7470561265945435,False
tokyo_74982_relational_between,74982,stress_test,relational_between,vector,22,2018_1402609__event_001,0.7454869151115417,False
tokyo_74982_relational_between,74982,stress_test,relational_between,vector,23,2018_1402609__event_002,0.743828296661377,False
tokyo_74982_relational_between,74982,stress_test,relational_between,vector,24,2018_1402572__event_004,0.7422429323196411,False
tokyo_78286_relational_between,78286,stress_test,relational_between,vector,1,2018_1453186__event_002,0.9254235625267029,True
tokyo_78286_relational_between,78286,stress_test,relational_between,vector,2,2018_1453185__event_002,0.9014256596565247,True
tokyo_78286_relational_between,78286,stress_test,relational_between,vector,3,2018_1453187__event_002,0.9010517001152039,True
tokyo_78286_relational_between,78286,stress_test,relational_between,vector,4,2018_1453195__event_002,0.9009212851524353,True
tokyo_78286_relational_between,78286,stress_test,relational_between,vector,5,2018_1453194__event_002,0.9008471965789795,True
tokyo_78286_relational_between,78286,stress_test,relational_between,vector,6,2018_1453209__event_003,0.9008411169052124,True
tokyo_78286_relational_between,78286,stress_test,relational_between,vector,7,2018_1453212__event_002,0.9007841348648071,True
tokyo_78286_relational_between,78286,stress_test,relational_between,vector,8,2018_1453211__event_002,0.9005343914031982,True
tokyo_78286_relational_between,78286,stress_test,relational_between,vector,9,2018_1453183__event_002,0.9005012512207031,True
tokyo_78286_relational_between,78286,stress_test,relational_between,vector,10,2018_1453186__event_003,0.9004236459732056,True
tokyo_78286_relational_between,78286,stress_test,relational_between,vector,11,2018_1453189__event_002,0.9002491235733032,True
tokyo_78286_relational_between,78286,stress_test,relational_between,vector,12,2018_1453203__event_002,0.8999509811401367,True
tokyo_78286_relational_between,78286,stress_test,relational_between,vector,13,2018_1453205__event_002,0.8999454975128174,True
tokyo_78286_relational_between,78286,stress_test,relational_between,vector,14,2018_1453211__event_001,0.8983581066131592,True
tokyo_78286_relational_between,78286,stress_test,relational_between,vector,15,2018_1453185__event_001,0.898261547088623,True
tokyo_78286_relational_between,78286,stress_test,relational_between,vector,16,2018_1453187__event_001,0.8982440233230591,True
tokyo_78286_relational_between,78286,stress_test,relational_between,vector,17,2018_1453212__event_001,0.8980382680892944,True
tokyo_78286_relational_between,78286,stress_test,relational_between,vector,18,2018_1453189__event_001,0.8972887396812439,True
tokyo_78286_relational_between,78286,stress_test,relational_between,vector,19,2018_1453195__event_001,0.8971847891807556,True
tokyo_78286_relational_between,78286,stress_test,relational_between,vector,20,2018_1453194__event_001,0.8970390558242798,True
tokyo_78286_relational_between,78286,stress_test,relational_between,vector,21,2018_1453183__event_001,0.897018313407898,True
tokyo_78286_relational_between,78286,stress_test,relational_between,vector,22,2018_1453203__event_001,0.8967945575714111,True
tokyo_78286_relational_between,78286,stress_test,relational_between,vector,23,2018_1453205__event_001,0.8962785005569458,True
tokyo_78286_relational_between,78286,stress_test,relational_between,vector,24,2018_1453184__event_003,0.893587589263916,True
tokyo_78286_relational_between,78286,stress_test,relational_between,vector,25,2018_1453199__event_001,0.8932448625564575,True
tokyo_78286_relational_between,78286,stress_test,relational_between,vector,26,2018_1453207__event_001,0.8929599523544312,True
tokyo_78286_relational_between,78286,stress_test,relational_between,vector,27,2018_1453193__event_001,0.8929166793823242,True
tokyo_78286_relational_between,78286,stress_test,relational_between,vector,28,2018_1453202__event_002,0.8926712870597839,True
tokyo_78286_relational_between,78286,stress_test,relational_between,vector,29,2018_1453215__event_002,0.8911146521568298,True
tokyo_78286_relational_between,78286,stress_test,relational_between,vector,30,2018_1453182__event_001,0.8910430073738098,True
tokyo_78286_relational_between,78286,stress_test,relational_between,vector,31,2018_1453220__event_002,0.8882704973220825,True
tokyo_78286_relational_between,78286,stress_test,relational_between,vector,32,2018_1453209__event_002,0.8881058692932129,True
tokyo_78286_relational_between,78286,stress_test,relational_between,vector,33,2018_1453204__event_002,0.8839475512504578,True
tokyo_78286_relational_between,78286,stress_test,relational_between,vector,34,2018_1453215__event_001,0.8750045895576477,True
tokyo_78286_relational_between,78286,stress_test,relational_between,vector,35,2018_1453186__event_004,0.8697179555892944,True
tokyo_78286_relational_between,78286,stress_test,relational_between,vector,36,2018_1453193__event_002,0.8689857721328735,True
tokyo_78286_relational_between,78286,stress_test,relational_between,vector,37,2018_1453202__event_001,0.8681197166442871,True
tokyo_78286_relational_between,78286,stress_test,relational_between,vector,38,2018_1453189__event_003,0.8667073249816895,True
tokyo_78286_relational_between,78286,stress_test,relational_between,vector,39,2018_1453186__event_001,0.8665324449539185,True
tokyo_78286_relational_between,78286,stress_test,relational_between,vector,40,2018_1453199__event_002,0.8642510175704956,True
tokyo_78286_relational_between,78286,stress_test,relational_between,vector,41,2018_1453184__event_002,0.864025890827179,True
tokyo_78286_relational_between,78286,stress_test,relational_between,vector,42,2018_1453207__event_002,0.8620551228523254,True
tokyo_78286_relational_between,78286,stress_test,relational_between,vector,43,2018_1453220__event_001,0.8589268922805786,True
tokyo_78286_relational_between,78286,stress_test,relational_between,vector,44,2018_1453204__event_001,0.8583584427833557,True
tokyo_78286_relational_between,78286,stress_test,relational_between,vector,45,2018_1453182__event_002,0.8579155206680298,True
tokyo_78286_relational_between,78286,stress_test,relational_between,vector,46,2018_1453192__event_002,0.8420503735542297,True
tokyo_78286_relational_between,78286,stress_test,relational_between,vector,47,2018_1453190__event_003,0.837675929069519,True
tokyo_78286_relational_between,78286,stress_test,relational_between,vector,48,2018_1453206__event_002,0.8282291889190674,True
tokyo_78286_relational_between,78286,stress_test,relational_between,vector,49,2018_1453213__event_002,0.8211920857429504,True
tokyo_78286_relational_between,78286,stress_test,relational_between,vector,50,2018_1453188__event_002,0.8192790746688843,True
tokyo_78286_relational_between,78286,stress_test,relational_between,vector,51,2018_1453192__event_003,0.8168724775314331,True
tokyo_78286_relational_between,78286,stress_test,relational_between,vector,52,2018_1453190__event_002,0.8123499155044556,True
tokyo_78286_relational_between,78286,stress_test,relational_between,vector,53,2018_1453188__event_003,0.809999942779541,True
tokyo_78286_relational_between,78286,stress_test,relational_between,vector,54,2018_1453190__event_001,0.8066862225532532,True
tokyo_78286_relational_between,78286,stress_test,relational_between,vector,55,2018_1453213__event_001,0.8050336837768555,True
tokyo_78286_relational_between,78286,stress_test,relational_between,vector,56,2018_1453206__event_003,0.7994428277015686,True
tokyo_78286_relational_between,78286,stress_test,relational_between,vector,57,2018_1453184__event_001,0.7959107160568237,True
tokyo_78286_relational_between,78286,stress_test,relational_between,vector,58,2018_1453206__event_001,0.7935308218002319,True
tokyo_78286_relational_between,78286,stress_test,relational_between,vector,59,2018_1453196__event_001,0.7925851941108704,True
tokyo_78286_relational_between,78286,stress_test,relational_between,vector,60,2018_1453209__event_001,0.7919903993606567,True
tokyo_78286_relational_between,78286,stress_test,relational_between,vector,61,2018_1453196__event_002,0.7911830544471741,True
tokyo_78286_relational_between,78286,stress_test,relational_between,vector,62,2018_1453192__event_001,0.7863250374794006,True
tokyo_78286_relational_between,78286,stress_test,relational_between,vector,63,2018_1453181__event_001,0.7841374278068542,True
tokyo_78286_relational_between,78286,stress_test,relational_between,vector,64,2018_1453206__event_004,0.7817342281341553,True
tokyo_78286_relational_between,78286,stress_test,relational_between,vector,65,2018_1453198__event_001,0.7814441323280334,True
tokyo_78286_relational_between,78286,stress_test,relational_between,vector,66,2018_1453181__event_002,0.7811139822006226,True
tokyo_78286_relational_between,78286,stress_test,relational_between,vector,67,2018_1453197__event_001,0.7808665633201599,True
tokyo_78286_relational_between,78286,stress_test,relational_between,vector,68,2018_1453197__event_002,0.7803263068199158,True
tokyo_78286_relational_between,78286,stress_test,relational_between,vector,69,2018_1453198__event_002,0.780071496963501,True
tokyo_78286_relational_between,78286,stress_test,relational_between,vector,70,2018_1453219__event_002,0.777550220489502,True
tokyo_78286_relational_between,78286,stress_test,relational_between,vector,71,2018_1453219__event_001,0.7754790782928467,True
tokyo_78286_relational_between,78286,stress_test,relational_between,vector,72,2018_1453180__event_002,0.7615755200386047,True
tokyo_78286_relational_between,78286,stress_test,relational_between,vector,73,2018_1453186__event_005,0.7606315612792969,True
tokyo_78286_relational_between,78286,stress_test,relational_between,vector,74,2018_1453180__event_001,0.7598382234573364,True
tokyo_78286_relational_between,78286,stress_test,relational_between,vector,75,2018_1453182__event_003,0.7507370710372925,True
tokyo_78286_relational_between,78286,stress_test,relational_between,vector,76,2018_1453188__event_001,0.7469249963760376,True
tokyo_79139_relational_between,79139,stress_test,relational_between,vector,1,2018_1466948__event_002,0.9157153367996216,False
tokyo_79139_relational_between,79139,stress_test,relational_between,vector,2,2018_1466960__event_003,0.9009823799133301,False
tokyo_79139_relational_between,79139,stress_test,relational_between,vector,3,2018_1466946__event_002,0.8943850994110107,False
tokyo_79139_relational_between,79139,stress_test,relational_between,vector,4,2018_1466948__event_003,0.890254020690918,False
tokyo_79139_relational_between,79139,stress_test,relational_between,vector,5,2018_1466948__event_005,0.8870131969451904,False
tokyo_79139_relational_between,79139,stress_test,relational_between,vector,6,2018_1466948__event_001,0.8833969831466675,False
tokyo_79139_relational_between,79139,stress_test,relational_between,vector,7,2018_1466946__event_003,0.8789346814155579,False
tokyo_79139_relational_between,79139,stress_test,relational_between,vector,8,2018_1466960__event_002,0.8761358857154846,False
tokyo_79139_relational_between,79139,stress_test,relational_between,vector,9,2018_1466960__event_001,0.8593260645866394,False
tokyo_79139_relational_between,79139,stress_test,relational_between,vector,10,2018_1466948__event_004,0.8566336631774902,False
tokyo_79139_relational_between,79139,stress_test,relational_between,vector,11,2018_1466946__event_001,0.8490487933158875,False
tokyo_79139_relational_between,79139,stress_test,relational_between,vector,12,2018_1466943__event_001,0.8393691778182983,False
tokyo_79139_relational_between,79139,stress_test,relational_between,vector,13,2018_1466953__event_001,0.8169934749603271,False
tokyo_79139_relational_between,79139,stress_test,relational_between,vector,14,2018_1466952__event_001,0.8150098323822021,False
tokyo_79139_relational_between,79139,stress_test,relational_between,vector,15,2018_1466952__event_002,0.8132836818695068,False
tokyo_79139_relational_between,79139,stress_test,relational_between,vector,16,2018_1466943__event_002,0.812312662601471,False
tokyo_79139_relational_between,79139,stress_test,relational_between,vector,17,2018_1466952__event_003,0.8104082345962524,False
tokyo_79139_relational_between,79139,stress_test,relational_between,vector,18,2018_1466953__event_002,0.8048548102378845,False
tokyo_79139_relational_between,79139,stress_test,relational_between,vector,19,2018_1466953__event_003,0.8041201233863831,False
tokyo_79139_relational_between,79139,stress_test,relational_between,vector,20,2018_1466939__event_002,0.8021620512008667,False
tokyo_79139_relational_between,79139,stress_test,relational_between,vector,21,2018_1466939__event_001,0.8019016981124878,False
tokyo_79139_relational_between,79139,stress_test,relational_between,vector,22,2018_1466958__event_001,0.8000509738922119,False
tokyo_79139_relational_between,79139,stress_test,relational_between,vector,23,2018_1466958__event_002,0.7995705604553223,False
tokyo_79139_relational_between,79139,stress_test,relational_between,vector,24,2018_1466944__event_002,0.7990426421165466,False
tokyo_79139_relational_between,79139,stress_test,relational_between,vector,25,2018_1466942__event_003,0.798194408416748,False
tokyo_79139_relational_between,79139,stress_test,relational_between,vector,26,2018_1466956__event_001,0.7931578159332275,False
tokyo_79139_relational_between,79139,stress_test,relational_between,vector,27,2018_1466956__event_002,0.793138861656189,False
tokyo_79139_relational_between,79139,stress_test,relational_between,vector,28,2018_1466945__event_001,0.7926822304725647,False
tokyo_79139_relational_between,79139,stress_test,relational_between,vector,29,2018_1466945__event_002,0.789025068283081,False
tokyo_79139_relational_between,79139,stress_test,relational_between,vector,30,2018_1466942__event_002,0.7888520956039429,False
tokyo_79139_relational_between,79139,stress_test,relational_between,vector,31,2018_1466944__event_001,0.7855439186096191,False
tokyo_79139_relational_between,79139,stress_test,relational_between,vector,32,2018_1466942__event_001,0.7641223669052124,False
tokyo_79719_relational_between,79719,stress_test,relational_between,vector,1,2018_1475396__event_002,0.8914722800254822,True
tokyo_79719_relational_between,79719,stress_test,relational_between,vector,2,2018_1475387__event_002,0.8759113550186157,True
tokyo_79719_relational_between,79719,stress_test,relational_between,vector,3,2018_1475396__event_001,0.8707876205444336,True
tokyo_79719_relational_between,79719,stress_test,relational_between,vector,4,2018_1475387__event_001,0.8704367876052856,True
tokyo_79719_relational_between,79719,stress_test,relational_between,vector,5,2018_1475355__event_001,0.8663040399551392,True
tokyo_79719_relational_between,79719,stress_test,relational_between,vector,6,2018_1475343__event_001,0.8637462258338928,True
tokyo_79719_relational_between,79719,stress_test,relational_between,vector,7,2018_1475380__event_001,0.8630409240722656,True
tokyo_79719_relational_between,79719,stress_test,relational_between,vector,8,2018_1475385__event_001,0.8602256774902344,True
tokyo_79719_relational_between,79719,stress_test,relational_between,vector,9,2018_1475391__event_001,0.860063910484314,True
tokyo_79719_relational_between,79719,stress_test,relational_between,vector,10,2018_1475389__event_001,0.8554062247276306,True
tokyo_79719_relational_between,79719,stress_test,relational_between,vector,11,2018_1475396__event_003,0.8549611568450928,True
tokyo_79719_relational_between,79719,stress_test,relational_between,vector,12,2018_1475348__event_005,0.8547856211662292,True
tokyo_79719_relational_between,79719,stress_test,relational_between,vector,13,2018_1475380__event_002,0.8523049354553223,True
tokyo_79719_relational_between,79719,stress_test,relational_between,vector,14,2018_1475393__event_001,0.8521248698234558,True
tokyo_79719_relational_between,79719,stress_test,relational_between,vector,15,2018_1475386__event_001,0.8512916564941406,True
tokyo_79719_relational_between,79719,stress_test,relational_between,vector,16,2018_1475385__event_002,0.8489482402801514,True
tokyo_79719_relational_between,79719,stress_test,relational_between,vector,17,2018_1475372__event_001,0.8488980531692505,True
tokyo_79719_relational_between,79719,stress_test,relational_between,vector,18,2018_1475348__event_004,0.8479598164558411,True
tokyo_79719_relational_between,79719,stress_test,relational_between,vector,19,2018_1475377__event_004,0.8473682403564453,True
tokyo_79719_relational_between,79719,stress_test,relational_between,vector,20,2018_1475374__event_001,0.8457445502281189,True
tokyo_79719_relational_between,79719,stress_test,relational_between,vector,21,2018_1475338__event_002,0.8315713405609131,True
tokyo_79719_relational_between,79719,stress_test,relational_between,vector,22,2018_1475355__event_002,0.8272643685340881,True
tokyo_79719_relational_between,79719,stress_test,relational_between,vector,23,2018_1475343__event_002,0.8179334402084351,True
tokyo_79719_relational_between,79719,stress_test,relational_between,vector,24,2018_1475402__event_002,0.8177955150604248,True
tokyo_79719_relational_between,79719,stress_test,relational_between,vector,25,2018_1475391__event_002,0.8165810108184814,True
tokyo_79719_relational_between,79719,stress_test,relational_between,vector,26,2018_1475393__event_002,0.8086405396461487,True
tokyo_79719_relational_between,79719,stress_test,relational_between,vector,27,2018_1475377__event_003,0.8047568798065186,True
tokyo_79719_relational_between,79719,stress_test,relational_between,vector,28,2018_1475341__event_002,0.8046574592590332,True
tokyo_79719_relational_between,79719,stress_test,relational_between,vector,29,2018_1475338__event_001,0.8042015433311462,True
tokyo_79719_relational_between,79719,stress_test,relational_between,vector,30,2018_1475372__event_002,0.803490161895752,True
tokyo_79719_relational_between,79719,stress_test,relational_between,vector,31,2018_1475341__event_001,0.80340576171875,True
tokyo_79719_relational_between,79719,stress_test,relational_between,vector,32,2018_1475386__event_002,0.8027046918869019,True
tokyo_79719_relational_between,79719,stress_test,relational_between,vector,33,2018_1475374__event_002,0.8020267486572266,True
tokyo_79719_relational_between,79719,stress_test,relational_between,vector,34,2018_1475389__event_002,0.8014652729034424,True
tokyo_79719_relational_between,79719,stress_test,relational_between,vector,35,2018_1475338__event_003,0.7978187799453735,True
tokyo_79719_relational_between,79719,stress_test,relational_between,vector,36,2018_1475348__event_003,0.7972280383110046,True
tokyo_79719_relational_between,79719,stress_test,relational_between,vector,37,2018_1475402__event_001,0.7961245775222778,True
tokyo_79719_relational_between,79719,stress_test,relational_between,vector,38,2018_1475331__event_002,0.793302595615387,True
tokyo_79719_relational_between,79719,stress_test,relational_between,vector,39,2018_1475337__event_002,0.7880802154541016,True
tokyo_79719_relational_between,79719,stress_test,relational_between,vector,40,2018_1475345__event_001,0.7834397554397583,True
tokyo_79719_relational_between,79719,stress_test,relational_between,vector,41,2018_1475351__event_002,0.7828382253646851,True
tokyo_79719_relational_between,79719,stress_test,relational_between,vector,42,2018_1475331__event_001,0.772331178188324,True
tokyo_79719_relational_between,79719,stress_test,relational_between,vector,43,2018_1475348__event_002,0.7690916061401367,True
tokyo_79719_relational_between,79719,stress_test,relational_between,vector,44,2018_1475337__event_001,0.7670297622680664,True
tokyo_79719_relational_between,79719,stress_test,relational_between,vector,45,2018_1475351__event_001,0.7666927576065063,True
tokyo_79719_relational_between,79719,stress_test,relational_between,vector,46,2018_1475391__event_003,0.764732301235199,True
tokyo_79719_relational_between,79719,stress_test,relational_between,vector,47,2018_1475351__event_003,0.7592477798461914,True
tokyo_79719_relational_between,79719,stress_test,relational_between,vector,48,2018_1475384__event_001,0.758729100227356,True
tokyo_79719_relational_between,79719,stress_test,relational_between,vector,49,2018_1475345__event_002,0.7566096782684326,True
tokyo_79719_relational_between,79719,stress_test,relational_between,vector,50,2018_1475398__event_001,0.7548334002494812,True
tokyo_79719_relational_between,79719,stress_test,relational_between,vector,51,2018_1475398__event_002,0.7516271471977234,True
tokyo_79719_relational_between,79719,stress_test,relational_between,vector,52,2018_1475348__event_001,0.7514578104019165,True
tokyo_79719_relational_between,79719,stress_test,relational_between,vector,53,2018_1475384__event_002,0.749401330947876,True
tokyo_79719_relational_between,79719,stress_test,relational_between,vector,54,2018_1475377__event_002,0.747929036617279,True
tokyo_79719_relational_between,79719,stress_test,relational_between,vector,55,2018_1475338__event_004,0.747124433517456,True
tokyo_79719_relational_between,79719,stress_test,relational_between,vector,56,2018_1475377__event_001,0.7428870797157288,True
tokyo_79719_relational_between,79719,stress_test,relational_between,vector,57,2018_1475389__event_003,0.7424230575561523,True
tokyo_80051_relational_between,80051,stress_test,relational_between,vector,1,2018_1480027__event_002,0.8798764944076538,False
tokyo_80051_relational_between,80051,stress_test,relational_between,vector,2,2018_1480027__event_001,0.859164297580719,False
tokyo_80051_relational_between,80051,stress_test,relational_between,vector,3,2018_1480027__event_003,0.8569664359092712,False
tokyo_80051_relational_between,80051,stress_test,relational_between,vector,4,2018_1480043__event_001,0.8339416980743408,False
tokyo_80051_relational_between,80051,stress_test,relational_between,vector,5,2018_1480043__event_002,0.7857252955436707,False
tokyo_80051_relational_between,80051,stress_test,relational_between,vector,6,2018_1480050__event_001,0.7688565254211426,False
tokyo_80051_relational_between,80051,stress_test,relational_between,vector,7,2018_1480018__event_001,0.7665475010871887,False
tokyo_80051_relational_between,80051,stress_test,relational_between,vector,8,2018_1480024__event_002,0.7663385272026062,False
tokyo_80051_relational_between,80051,stress_test,relational_between,vector,9,2018_1480015__event_002,0.7647237181663513,False
tokyo_80051_relational_between,80051,stress_test,relational_between,vector,10,2018_1480045__event_001,0.7645460367202759,False
tokyo_80051_relational_between,80051,stress_test,relational_between,vector,11,2018_1480050__event_002,0.7603888511657715,False
tokyo_80051_relational_between,80051,stress_test,relational_between,vector,12,2018_1480018__event_002,0.7603408098220825,False
tokyo_80051_relational_between,80051,stress_test,relational_between,vector,13,2018_1480015__event_001,0.7601490020751953,False
tokyo_80051_relational_between,80051,stress_test,relational_between,vector,14,2018_1480012__event_001,0.7596027851104736,False
tokyo_80051_relational_between,80051,stress_test,relational_between,vector,15,2018_1480044__event_002,0.7588520646095276,False
tokyo_80051_relational_between,80051,stress_test,relational_between,vector,16,2018_1480044__event_003,0.7587137222290039,False
tokyo_80051_relational_between,80051,stress_test,relational_between,vector,17,2018_1480032__event_001,0.7572699785232544,False
tokyo_80051_relational_between,80051,stress_test,relational_between,vector,18,2018_1480056__event_001,0.7562206983566284,False
tokyo_80051_relational_between,80051,stress_test,relational_between,vector,19,2018_1480003__event_001,0.7557399868965149,False
tokyo_80051_relational_between,80051,stress_test,relational_between,vector,20,2018_1480041__event_002,0.7549852728843689,False
tokyo_80051_relational_between,80051,stress_test,relational_between,vector,21,2018_1480045__event_002,0.7548153400421143,False
tokyo_80051_relational_between,80051,stress_test,relational_between,vector,22,2018_1480018__event_003,0.7547285556793213,False
tokyo_80051_relational_between,80051,stress_test,relational_between,vector,23,2018_1480016__event_001,0.7545635104179382,False
tokyo_80051_relational_between,80051,stress_test,relational_between,vector,24,2018_1480024__event_001,0.7545462846755981,False
tokyo_80051_relational_between,80051,stress_test,relational_between,vector,25,2018_1480003__event_002,0.7539587616920471,False
tokyo_80051_relational_between,80051,stress_test,relational_between,vector,26,2018_1480047__event_001,0.7523523569107056,False
tokyo_80051_relational_between,80051,stress_test,relational_between,vector,27,2018_1480041__event_001,0.7523338794708252,False
tokyo_80051_relational_between,80051,stress_test,relational_between,vector,28,2018_1480032__event_003,0.7510257959365845,False
tokyo_80051_relational_between,80051,stress_test,relational_between,vector,29,2018_1480032__event_002,0.7503923177719116,False
tokyo_80051_relational_between,80051,stress_test,relational_between,vector,30,2018_1480047__event_002,0.7503796815872192,False
tokyo_80051_relational_between,80051,stress_test,relational_between,vector,31,2018_1480012__event_002,0.7469860911369324,False
tokyo_80051_relational_between,80051,stress_test,relational_between,vector,32,2018_1480016__event_002,0.7451754808425903,False
tokyo_80051_relational_between,80051,stress_test,relational_between,vector,33,2018_1480056__event_002,0.7445776462554932,False
tokyo_80051_relational_between,80051,stress_test,relational_between,vector,34,2018_1480044__event_001,0.7407740354537964,False
tokyo_80415_relational_between,80415,stress_test,relational_between,vector,1,2018_1485455__event_002,0.9032275676727295,False
tokyo_80415_relational_between,80415,stress_test,relational_between,vector,2,2018_1485455__event_003,0.9009183645248413,False
tokyo_80415_relational_between,80415,stress_test,relational_between,vector,3,2018_1485455__event_001,0.8797333240509033,False
tokyo_80415_relational_between,80415,stress_test,relational_between,vector,4,2018_1485536__event_001,0.8661760687828064,False
tokyo_80415_relational_between,80415,stress_test,relational_between,vector,5,2018_1485532__event_001,0.865594744682312,False
tokyo_80415_relational_between,80415,stress_test,relational_between,vector,6,2018_1485522__event_003,0.862033486366272,False
tokyo_80415_relational_between,80415,stress_test,relational_between,vector,7,2018_1485496__event_002,0.8617124557495117,False
tokyo_80415_relational_between,80415,stress_test,relational_between,vector,8,2018_1485539__event_002,0.8542851805686951,False
tokyo_80415_relational_between,80415,stress_test,relational_between,vector,9,2018_1485539__event_001,0.8533692359924316,False
tokyo_80415_relational_between,80415,stress_test,relational_between,vector,10,2018_1485536__event_002,0.8518102169036865,False
tokyo_80415_relational_between,80415,stress_test,relational_between,vector,11,2018_1485532__event_002,0.842225193977356,False
tokyo_80415_relational_between,80415,stress_test,relational_between,vector,12,2018_1485522__event_002,0.8407576084136963,False
tokyo_80415_relational_between,80415,stress_test,relational_between,vector,13,2018_1485496__event_001,0.8383916616439819,False
tokyo_80415_relational_between,80415,stress_test,relational_between,vector,14,2018_1485473__event_003,0.829814076423645,False
tokyo_80415_relational_between,80415,stress_test,relational_between,vector,15,2018_1485514__event_002,0.8274210691452026,False
tokyo_80415_relational_between,80415,stress_test,relational_between,vector,16,2018_1485466__event_002,0.8175863027572632,False
tokyo_80415_relational_between,80415,stress_test,relational_between,vector,17,2018_1485466__event_001,0.8084619045257568,False
tokyo_80415_relational_between,80415,stress_test,relational_between,vector,18,2018_1485526__event_001,0.8068816661834717,False
tokyo_80415_relational_between,80415,stress_test,relational_between,vector,19,2018_1485473__event_002,0.8067493438720703,False
tokyo_80415_relational_between,80415,stress_test,relational_between,vector,20,2018_1485498__event_002,0.8058310747146606,False
tokyo_80415_relational_between,80415,stress_test,relational_between,vector,21,2018_1485473__event_001,0.8039708137512207,False
tokyo_80415_relational_between,80415,stress_test,relational_between,vector,22,2018_1485526__event_002,0.8038262128829956,False
tokyo_80415_relational_between,80415,stress_test,relational_between,vector,23,2018_1485522__event_001,0.7985515594482422,False
tokyo_80415_relational_between,80415,stress_test,relational_between,vector,24,2018_1485514__event_001,0.79405277967453,False
tokyo_80415_relational_between,80415,stress_test,relational_between,vector,25,2018_1485498__event_001,0.7799488306045532,False
tokyo_80480_relational_between,80480,stress_test,relational_between,vector,1,2018_1486542__event_002,0.8797977566719055,False
tokyo_80480_relational_between,80480,stress_test,relational_between,vector,2,2018_1486542__event_003,0.8664295673370361,False
tokyo_80480_relational_between,80480,stress_test,relational_between,vector,3,2018_1486542__event_001,0.8624110221862793,False
tokyo_80480_relational_between,80480,stress_test,relational_between,vector,4,2018_1486545__event_001,0.8543306589126587,False
tokyo_80480_relational_between,80480,stress_test,relational_between,vector,5,2018_1486547__event_002,0.8540859222412109,False
tokyo_80480_relational_between,80480,stress_test,relational_between,vector,6,2018_1486547__event_001,0.8295613527297974,False
tokyo_80480_relational_between,80480,stress_test,relational_between,vector,7,2018_1486545__event_002,0.8263100385665894,False
tokyo_80480_relational_between,80480,stress_test,relational_between,vector,8,2018_1486537__event_004,0.817359209060669,False
tokyo_80480_relational_between,80480,stress_test,relational_between,vector,9,2018_1486537__event_003,0.8047674894332886,False
tokyo_80480_relational_between,80480,stress_test,relational_between,vector,10,2018_1486512__event_001,0.7980050444602966,False
tokyo_80480_relational_between,80480,stress_test,relational_between,vector,11,2018_1486512__event_002,0.7976984977722168,False
tokyo_80480_relational_between,80480,stress_test,relational_between,vector,12,2018_1486548__event_002,0.7943637371063232,False
tokyo_80480_relational_between,80480,stress_test,relational_between,vector,13,2018_1486537__event_002,0.7939552068710327,False
tokyo_80480_relational_between,80480,stress_test,relational_between,vector,14,2018_1486537__event_001,0.7934560775756836,False
tokyo_80480_relational_between,80480,stress_test,relational_between,vector,15,2018_1486523__event_001,0.7926324605941772,False
tokyo_80480_relational_between,80480,stress_test,relational_between,vector,16,2018_1486505__event_001,0.7924659252166748,False
tokyo_80480_relational_between,80480,stress_test,relational_between,vector,17,2018_1486514__event_001,0.7920855283737183,False
tokyo_80480_relational_between,80480,stress_test,relational_between,vector,18,2018_1486546__event_001,0.7917149066925049,False
tokyo_80480_relational_between,80480,stress_test,relational_between,vector,19,2018_1486514__event_002,0.7916584014892578,False
tokyo_80480_relational_between,80480,stress_test,relational_between,vector,20,2018_1486505__event_002,0.7916261553764343,False
tokyo_80480_relational_between,80480,stress_test,relational_between,vector,21,2018_1486546__event_002,0.7902926206588745,False
tokyo_80480_relational_between,80480,stress_test,relational_between,vector,22,2018_1486523__event_002,0.7879606485366821,False
tokyo_80480_relational_between,80480,stress_test,relational_between,vector,23,2018_1486558__event_001,0.7879444360733032,False
tokyo_80480_relational_between,80480,stress_test,relational_between,vector,24,2018_1486550__event_001,0.7863544225692749,False
tokyo_80480_relational_between,80480,stress_test,relational_between,vector,25,2018_1486523__event_003,0.7862122654914856,False
tokyo_80480_relational_between,80480,stress_test,relational_between,vector,26,2018_1486556__event_003,0.7855455279350281,False
tokyo_80480_relational_between,80480,stress_test,relational_between,vector,27,2018_1486558__event_002,0.7831035256385803,False
tokyo_80480_relational_between,80480,stress_test,relational_between,vector,28,2018_1486544__event_001,0.7808297872543335,False
tokyo_80480_relational_between,80480,stress_test,relational_between,vector,29,2018_1486556__event_002,0.7793605327606201,False
tokyo_80480_relational_between,80480,stress_test,relational_between,vector,30,2018_1486544__event_002,0.7782382965087891,False
tokyo_80480_relational_between,80480,stress_test,relational_between,vector,31,2018_1486551__event_002,0.7756781578063965,False
tokyo_80480_relational_between,80480,stress_test,relational_between,vector,32,2018_1486540__event_002,0.7747442722320557,False
tokyo_80480_relational_between,80480,stress_test,relational_between,vector,33,2018_1486550__event_002,0.774722695350647,False
tokyo_80480_relational_between,80480,stress_test,relational_between,vector,34,2018_1486548__event_001,0.7722406387329102,False
tokyo_80480_relational_between,80480,stress_test,relational_between,vector,35,2018_1486551__event_001,0.7718551158905029,False
tokyo_80480_relational_between,80480,stress_test,relational_between,vector,36,2018_1486556__event_001,0.7713891863822937,False
tokyo_80480_relational_between,80480,stress_test,relational_between,vector,37,2018_1486540__event_001,0.7709949612617493,False
tokyo_80480_relational_between,80480,stress_test,relational_between,vector,38,2018_1486540__event_003,0.7664318084716797,False
tokyo_86988_relational_between,86988,stress_test,relational_between,vector,1,2018_1596327__event_003,0.8725035786628723,True
tokyo_86988_relational_between,86988,stress_test,relational_between,vector,2,2018_1596327__event_004,0.8628163933753967,True
tokyo_86988_relational_between,86988,stress_test,relational_between,vector,3,2018_1596327__event_005,0.853766143321991,True
tokyo_86988_relational_between,86988,stress_test,relational_between,vector,4,2018_1596327__event_002,0.8351401090621948,True
tokyo_86988_relational_between,86988,stress_test,relational_between,vector,5,2018_1596282__event_002,0.8029195070266724,True
tokyo_86988_relational_between,86988,stress_test,relational_between,vector,6,2018_1596283__event_002,0.8016957640647888,True
tokyo_86988_relational_between,86988,stress_test,relational_between,vector,7,2018_1596300__event_002,0.7977738380432129,True
tokyo_86988_relational_between,86988,stress_test,relational_between,vector,8,2018_1596300__event_003,0.7974754571914673,True
tokyo_86988_relational_between,86988,stress_test,relational_between,vector,9,2018_1596317__event_002,0.7972028851509094,True
tokyo_86988_relational_between,86988,stress_test,relational_between,vector,10,2018_1596312__event_002,0.7971978783607483,True
tokyo_86988_relational_between,86988,stress_test,relational_between,vector,11,2018_1596282__event_001,0.7956054210662842,True
tokyo_86988_relational_between,86988,stress_test,relational_between,vector,12,2018_1596296__event_003,0.7935197353363037,True
tokyo_86988_relational_between,86988,stress_test,relational_between,vector,13,2018_1596292__event_001,0.7921848297119141,True
tokyo_86988_relational_between,86988,stress_test,relational_between,vector,14,2018_1596293__event_001,0.79205322265625,True
tokyo_86988_relational_between,86988,stress_test,relational_between,vector,15,2018_1596311__event_001,0.7918078303337097,True
tokyo_86988_relational_between,86988,stress_test,relational_between,vector,16,2018_1596314__event_001,0.791593611240387,True
tokyo_86988_relational_between,86988,stress_test,relational_between,vector,17,2018_1596310__event_001,0.7914772629737854,True
tokyo_86988_relational_between,86988,stress_test,relational_between,vector,18,2018_1596312__event_001,0.791205644607544,True
tokyo_86988_relational_between,86988,stress_test,relational_between,vector,19,2018_1596317__event_001,0.7911685109138489,True
tokyo_86988_relational_between,86988,stress_test,relational_between,vector,20,2018_1596300__event_001,0.791130542755127,True
tokyo_86988_relational_between,86988,stress_test,relational_between,vector,21,2018_1596284__event_001,0.7910736799240112,True
tokyo_86988_relational_between,86988,stress_test,relational_between,vector,22,2018_1596300__event_004,0.7907596826553345,True
tokyo_86988_relational_between,86988,stress_test,relational_between,vector,23,2018_1596297__event_001,0.790081799030304,True
tokyo_86988_relational_between,86988,stress_test,relational_between,vector,24,2018_1596323__event_001,0.7900630235671997,True
tokyo_86988_relational_between,86988,stress_test,relational_between,vector,25,2018_1596279__event_001,0.7900169491767883,True
tokyo_86988_relational_between,86988,stress_test,relational_between,vector,26,2018_1596285__event_002,0.789901852607727,True
tokyo_86988_relational_between,86988,stress_test,relational_between,vector,27,2018_1596327__event_001,0.7890589237213135,True
tokyo_86988_relational_between,86988,stress_test,relational_between,vector,28,2018_1596285__event_001,0.7867103815078735,True
tokyo_86988_relational_between,86988,stress_test,relational_between,vector,29,2018_1596283__event_001,0.7866958379745483,True
tokyo_86988_relational_between,86988,stress_test,relational_between,vector,30,2018_1596293__event_002,0.7861685752868652,True
tokyo_86988_relational_between,86988,stress_test,relational_between,vector,31,2018_1596296__event_002,0.7854929566383362,True
tokyo_86988_relational_between,86988,stress_test,relational_between,vector,32,2018_1596314__event_002,0.7853289842605591,True
tokyo_86988_relational_between,86988,stress_test,relational_between,vector,33,2018_1596284__event_002,0.7830246090888977,True
tokyo_86988_relational_between,86988,stress_test,relational_between,vector,34,2018_1596310__event_002,0.7808866500854492,True
tokyo_86988_relational_between,86988,stress_test,relational_between,vector,35,2018_1596292__event_002,0.7763707041740417,True
tokyo_86988_relational_between,86988,stress_test,relational_between,vector,36,2018_1596277__event_002,0.776332676410675,True
tokyo_86988_relational_between,86988,stress_test,relational_between,vector,37,2018_1596311__event_002,0.7762966156005859,True
tokyo_86988_relational_between,86988,stress_test,relational_between,vector,38,2018_1596296__event_001,0.7754208445549011,True
tokyo_86988_relational_between,86988,stress_test,relational_between,vector,39,2018_1596323__event_002,0.774610161781311,True
tokyo_86988_relational_between,86988,stress_test,relational_between,vector,40,2018_1596278__event_001,0.7699136734008789,True
tokyo_86988_relational_between,86988,stress_test,relational_between,vector,41,2018_1596278__event_002,0.7688935399055481,True
tokyo_86988_relational_between,86988,stress_test,relational_between,vector,42,2018_1596277__event_001,0.7681496143341064,True
tokyo_86988_relational_between,86988,stress_test,relational_between,vector,43,2018_1596279__event_002,0.7675162553787231,True
tokyo_86988_relational_between,86988,stress_test,relational_between,vector,44,2018_1596297__event_002,0.767465353012085,True
tokyo_86988_relational_between,86988,stress_test,relational_between,vector,45,2018_1596324__event_002,0.7673765420913696,True
tokyo_86988_relational_between,86988,stress_test,relational_between,vector,46,2018_1596324__event_001,0.7657248973846436,True
tokyo_86988_relational_between,86988,stress_test,relational_between,vector,47,2018_1596277__event_003,0.764672040939331,True
tokyo_88625_relational_between,88625,stress_test,relational_between,vector,1,2018_1619221__event_002,0.8790391087532043,False
tokyo_88625_relational_between,88625,stress_test,relational_between,vector,2,2018_1619221__event_001,0.8624480962753296,False
tokyo_88625_relational_between,88625,stress_test,relational_between,vector,3,2018_1619221__event_003,0.8580647706985474,False
tokyo_88625_relational_between,88625,stress_test,relational_between,vector,4,2018_1619225__event_001,0.8369283080101013,False
tokyo_88625_relational_between,88625,stress_test,relational_between,vector,5,2018_1619242__event_003,0.8260624408721924,False
tokyo_88625_relational_between,88625,stress_test,relational_between,vector,6,2018_1619225__event_002,0.8245553970336914,False
tokyo_88625_relational_between,88625,stress_test,relational_between,vector,7,2018_1619231__event_001,0.8213495016098022,False
tokyo_88625_relational_between,88625,stress_test,relational_between,vector,8,2018_1619225__event_003,0.8208527565002441,False
tokyo_88625_relational_between,88625,stress_test,relational_between,vector,9,2018_1619222__event_001,0.8198786973953247,False
tokyo_88625_relational_between,88625,stress_test,relational_between,vector,10,2018_1619235__event_003,0.8186933994293213,False
tokyo_88625_relational_between,88625,stress_test,relational_between,vector,11,2018_1619235__event_002,0.814535915851593,False
tokyo_88625_relational_between,88625,stress_test,relational_between,vector,12,2018_1619235__event_001,0.8019715547561646,False
tokyo_88625_relational_between,88625,stress_test,relational_between,vector,13,2018_1619231__event_003,0.7966578006744385,False
tokyo_88625_relational_between,88625,stress_test,relational_between,vector,14,2018_1619240__event_001,0.7859781980514526,False
tokyo_88625_relational_between,88625,stress_test,relational_between,vector,15,2018_1619234__event_001,0.7850240468978882,False
tokyo_88625_relational_between,88625,stress_test,relational_between,vector,16,2018_1619230__event_001,0.7826271057128906,False
tokyo_88625_relational_between,88625,stress_test,relational_between,vector,17,2018_1619219__event_002,0.7821835279464722,False
tokyo_88625_relational_between,88625,stress_test,relational_between,vector,18,2018_1619242__event_002,0.7771483659744263,False
tokyo_88625_relational_between,88625,stress_test,relational_between,vector,19,2018_1619222__event_002,0.776212215423584,False
tokyo_88625_relational_between,88625,stress_test,relational_between,vector,20,2018_1619219__event_001,0.7752679586410522,False
tokyo_88625_relational_between,88625,stress_test,relational_between,vector,21,2018_1619231__event_002,0.7740198373794556,False
tokyo_88625_relational_between,88625,stress_test,relational_between,vector,22,2018_1619242__event_001,0.7729583978652954,False
tokyo_88625_relational_between,88625,stress_test,relational_between,vector,23,2018_1619218__event_001,0.7656353712081909,False
tokyo_88625_relational_between,88625,stress_test,relational_between,vector,24,2018_1619234__event_002,0.7637934684753418,False
tokyo_88625_relational_between,88625,stress_test,relational_between,vector,25,2018_1619240__event_002,0.7637640237808228,False
tokyo_88625_relational_between,88625,stress_test,relational_between,vector,26,2018_1619230__event_002,0.7630757689476013,False
tokyo_88625_relational_between,88625,stress_test,relational_between,vector,27,2018_1619235__event_004,0.7613227367401123,False
tokyo_88625_relational_between,88625,stress_test,relational_between,vector,28,2018_1619218__event_002,0.7594788670539856,False
tokyo_88625_relational_between,88625,stress_test,relational_between,vector,29,2018_1619239__event_002,0.7541141510009766,False
tokyo_88625_relational_between,88625,stress_test,relational_between,vector,30,2018_1619239__event_001,0.751375138759613,False
tokyo_88625_relational_between,88625,stress_test,relational_between,vector,31,2018_1619236__event_002,0.7438772320747375,False
tokyo_88625_relational_between,88625,stress_test,relational_between,vector,32,2018_1619236__event_001,0.7414497137069702,False
tokyo_88793_relational_between,88793,stress_test,relational_between,vector,1,2018_1621563__event_001,0.9031862020492554,True
tokyo_88793_relational_between,88793,stress_test,relational_between,vector,2,2018_1621563__event_002,0.9017295837402344,True
tokyo_88793_relational_between,88793,stress_test,relational_between,vector,3,2018_1621565__event_003,0.8942109942436218,True
tokyo_88793_relational_between,88793,stress_test,relational_between,vector,4,2018_1621569__event_002,0.8921158313751221,True
tokyo_88793_relational_between,88793,stress_test,relational_between,vector,5,2018_1621564__event_002,0.891934871673584,True
tokyo_88793_relational_between,88793,stress_test,relational_between,vector,6,2018_1621562__event_003,0.8919292092323303,True
tokyo_88793_relational_between,88793,stress_test,relational_between,vector,7,2018_1621561__event_001,0.8912444114685059,True
tokyo_88793_relational_between,88793,stress_test,relational_between,vector,8,2018_1621562__event_002,0.882229745388031,True
tokyo_88793_relational_between,88793,stress_test,relational_between,vector,9,2018_1621589__event_002,0.8745821118354797,True
tokyo_88793_relational_between,88793,stress_test,relational_between,vector,10,2018_1621581__event_001,0.8744896650314331,True
tokyo_88793_relational_between,88793,stress_test,relational_between,vector,11,2018_1621589__event_001,0.8706209659576416,True
tokyo_88793_relational_between,88793,stress_test,relational_between,vector,12,2018_1621562__event_001,0.8649159669876099,True
tokyo_88793_relational_between,88793,stress_test,relational_between,vector,13,2018_1621581__event_002,0.8611449599266052,True
tokyo_88793_relational_between,88793,stress_test,relational_between,vector,14,2018_1621592__event_001,0.8599985241889954,True
tokyo_88793_relational_between,88793,stress_test,relational_between,vector,15,2018_1621591__event_001,0.8599321842193604,True
tokyo_88793_relational_between,88793,stress_test,relational_between,vector,16,2018_1621583__event_003,0.859774112701416,True
tokyo_88793_relational_between,88793,stress_test,relational_between,vector,17,2018_1621565__event_002,0.856874406337738,True
tokyo_88793_relational_between,88793,stress_test,relational_between,vector,18,2018_1621564__event_001,0.854999303817749,True
tokyo_88793_relational_between,88793,stress_test,relational_between,vector,19,2018_1621569__event_001,0.8537002801895142,True
tokyo_88793_relational_between,88793,stress_test,relational_between,vector,20,2018_1621567__event_002,0.8516616225242615,True
tokyo_88793_relational_between,88793,stress_test,relational_between,vector,21,2018_1621561__event_002,0.8490440249443054,True
tokyo_88793_relational_between,88793,stress_test,relational_between,vector,22,2018_1621562__event_004,0.8476111888885498,True
tokyo_88793_relational_between,88793,stress_test,relational_between,vector,23,2018_1621583__event_002,0.8420525789260864,True
tokyo_88793_relational_between,88793,stress_test,relational_between,vector,24,2018_1621574__event_001,0.8353667855262756,True
tokyo_88793_relational_between,88793,stress_test,relational_between,vector,25,2018_1621574__event_002,0.835214376449585,True
tokyo_88793_relational_between,88793,stress_test,relational_between,vector,26,2018_1621561__event_003,0.8280150294303894,True
tokyo_88793_relational_between,88793,stress_test,relational_between,vector,27,2018_1621591__event_002,0.8278790712356567,True
tokyo_88793_relational_between,88793,stress_test,relational_between,vector,28,2018_1621590__event_001,0.8210676908493042,True
tokyo_88793_relational_between,88793,stress_test,relational_between,vector,29,2018_1621592__event_002,0.8188349604606628,True
tokyo_88793_relational_between,88793,stress_test,relational_between,vector,30,2018_1621583__event_004,0.8183990120887756,True
tokyo_88793_relational_between,88793,stress_test,relational_between,vector,31,2018_1621568__event_002,0.8179019689559937,True
tokyo_88793_relational_between,88793,stress_test,relational_between,vector,32,2018_1621580__event_001,0.8101090788841248,True
tokyo_88793_relational_between,88793,stress_test,relational_between,vector,33,2018_1621582__event_002,0.8091175556182861,True
tokyo_88793_relational_between,88793,stress_test,relational_between,vector,34,2018_1621594__event_002,0.8079304099082947,True
tokyo_88793_relational_between,88793,stress_test,relational_between,vector,35,2018_1621568__event_001,0.8049091100692749,True
tokyo_88793_relational_between,88793,stress_test,relational_between,vector,36,2018_1621594__event_001,0.8013282418251038,True
tokyo_88793_relational_between,88793,stress_test,relational_between,vector,37,2018_1621582__event_001,0.8010435104370117,True
tokyo_88793_relational_between,88793,stress_test,relational_between,vector,38,2018_1621571__event_002,0.7980775833129883,True
tokyo_88793_relational_between,88793,stress_test,relational_between,vector,39,2018_1621580__event_002,0.7975766658782959,True
tokyo_88793_relational_between,88793,stress_test,relational_between,vector,40,2018_1621567__event_001,0.7972218990325928,True
tokyo_88793_relational_between,88793,stress_test,relational_between,vector,41,2018_1621566__event_002,0.7964125871658325,True
tokyo_88793_relational_between,88793,stress_test,relational_between,vector,42,2018_1621573__event_002,0.7930150032043457,True
tokyo_88793_relational_between,88793,stress_test,relational_between,vector,43,2018_1621590__event_002,0.7920046448707581,True
tokyo_88793_relational_between,88793,stress_test,relational_between,vector,44,2018_1621565__event_001,0.7919958829879761,True
tokyo_88793_relational_between,88793,stress_test,relational_between,vector,45,2018_1621573__event_001,0.7875476479530334,True
tokyo_88793_relational_between,88793,stress_test,relational_between,vector,46,2018_1621566__event_001,0.7859325408935547,True
tokyo_88793_relational_between,88793,stress_test,relational_between,vector,47,2018_1621570__event_002,0.7853638529777527,True
tokyo_88793_relational_between,88793,stress_test,relational_between,vector,48,2018_1621583__event_001,0.7840808629989624,True
tokyo_88793_relational_between,88793,stress_test,relational_between,vector,49,2018_1621571__event_001,0.7839181423187256,True
tokyo_88793_relational_between,88793,stress_test,relational_between,vector,50,2018_1621570__event_001,0.7704824209213257,True
