query_id,user_id,benchmark_tier,query_type,method,rank,retrieved_event_id,score,is_high_memory_load
tokyo_100312_relational_between,100312,stress_test,relational_between,vector,1,2018_1767907__event_002,0.7784110307693481,True
tokyo_100312_relational_between,100312,stress_test,relational_between,vector,2,2018_1767947__event_002,0.7069268226623535,True
tokyo_100312_relational_between,100312,stress_test,relational_between,vector,3,2018_1767893__event_002,0.6999854445457458,True
tokyo_100312_relational_between,100312,stress_test,relational_between,vector,4,2018_1767963__event_002,0.6912018656730652,True
tokyo_100312_relational_between,100312,stress_test,relational_between,vector,5,2018_1767945__event_002,0.6872435808181763,True
tokyo_100312_relational_between,100312,stress_test,relational_between,vector,6,2018_1767921__event_002,0.6762504577636719,True
tokyo_100312_relational_between,100312,stress_test,relational_between,vector,7,2018_1767895__event_002,0.6629312634468079,True
tokyo_100312_relational_between,100312,stress_test,relational_between,vector,8,2018_1767885__event_002,0.6571060419082642,True
tokyo_100312_relational_between,100312,stress_test,relational_between,vector,9,2018_1767935__event_002,0.6352739334106445,True
tokyo_100312_relational_between,100312,stress_test,relational_between,vector,10,2018_1767926__event_002,0.6350828409194946,True
tokyo_100312_relational_between,100312,stress_test,relational_between,vector,11,2018_1767902__event_002,0.6325150728225708,True
tokyo_100312_relational_between,100312,stress_test,relational_between,vector,12,2018_1767879__event_002,0.6244189143180847,True
tokyo_100312_relational_between,100312,stress_test,relational_between,vector,13,2018_1767863__event_002,0.6145111918449402,True
tokyo_100312_relational_between,100312,stress_test,relational_between,vector,14,2018_1767934__event_002,0.6067994236946106,True
tokyo_100312_relational_between,100312,stress_test,relational_between,vector,15,2018_1767913__event_002,0.6060612797737122,True
tokyo_100312_relational_between,100312,stress_test,relational_between,vector,16,2018_1767925__event_002,0.600468635559082,True
tokyo_100312_relational_between,100312,stress_test,relational_between,vector,17,2018_1767957__event_002,0.596811056137085,True
tokyo_100312_relational_between,100312,stress_test,relational_between,vector,18,2018_1767887__event_002,0.5937884449958801,True
tokyo_100312_relational_between,100312,stress_test,relational_between,vector,19,2018_1767867__event_002,0.5884039402008057,True
tokyo_100312_relational_between,100312,stress_test,relational_between,vector,20,2018_1767903__event_002,0.5835679173469543,True
tokyo_100312_relational_between,100312,stress_test,relational_between,vector,21,2018_1767914__event_002,0.5833065509796143,True
tokyo_100312_relational_between,100312,stress_test,relational_between,vector,22,2018_1767945__event_001,0.5806528329849243,True
tokyo_100312_relational_between,100312,stress_test,relational_between,vector,23,2018_1767953__event_002,0.5736488103866577,True
tokyo_100312_relational_between,100312,stress_test,relational_between,vector,24,2018_1767907__event_003,0.5649555921554565,True
tokyo_100312_relational_between,100312,stress_test,relational_between,vector,25,2018_1767925__event_001,0.5647010803222656,True
tokyo_100312_relational_between,100312,stress_test,relational_between,vector,26,2018_1767890__event_002,0.5532358884811401,True
tokyo_100312_relational_between,100312,stress_test,relational_between,vector,27,2018_1767933__event_002,0.5508407950401306,True
tokyo_100312_relational_between,100312,stress_test,relational_between,vector,28,2018_1767953__event_003,0.5495307445526123,True
tokyo_100312_relational_between,100312,stress_test,relational_between,vector,29,2018_1767880__event_002,0.5487512946128845,True
tokyo_100312_relational_between,100312,stress_test,relational_between,vector,30,2018_1767940__event_002,0.5459343194961548,True
tokyo_100312_relational_between,100312,stress_test,relational_between,vector,31,2018_1767950__event_002,0.5433182716369629,True
tokyo_100312_relational_between,100312,stress_test,relational_between,vector,32,2018_1767933__event_001,0.5411261916160583,True
tokyo_100312_relational_between,100312,stress_test,relational_between,vector,33,2018_1767905__event_002,0.5363143682479858,True
tokyo_100312_relational_between,100312,stress_test,relational_between,vector,34,2018_1767866__event_002,0.5327829122543335,True
tokyo_100312_relational_between,100312,stress_test,relational_between,vector,35,2018_1767950__event_001,0.5244006514549255,True
tokyo_100312_relational_between,100312,stress_test,relational_between,vector,36,2018_1767953__event_001,0.5240054130554199,True
tokyo_100312_relational_between,100312,stress_test,relational_between,vector,37,2018_1767947__event_001,0.5222116112709045,True
tokyo_100312_relational_between,100312,stress_test,relational_between,vector,38,2018_1767879__event_001,0.5215287804603577,True
tokyo_100312_relational_between,100312,stress_test,relational_between,vector,39,2018_1767934__event_001,0.5204533338546753,True
tokyo_100312_relational_between,100312,stress_test,relational_between,vector,40,2018_1767940__event_001,0.5202833414077759,True
tokyo_100312_relational_between,100312,stress_test,relational_between,vector,41,2018_1767866__event_001,0.5192757844924927,True
tokyo_100312_relational_between,100312,stress_test,relational_between,vector,42,2018_1767926__event_001,0.5189924836158752,True
tokyo_100312_relational_between,100312,stress_test,relational_between,vector,43,2018_1767902__event_001,0.5183073282241821,True
tokyo_100312_relational_between,100312,stress_test,relational_between,vector,44,2018_1767903__event_001,0.5177804827690125,True
tokyo_100312_relational_between,100312,stress_test,relational_between,vector,45,2018_1767885__event_001,0.5165005326271057,True
tokyo_100312_relational_between,100312,stress_test,relational_between,vector,46,2018_1767893__event_001,0.5133609771728516,True
tokyo_100312_relational_between,100312,stress_test,relational_between,vector,47,2018_1767890__event_001,0.5112263560295105,True
tokyo_100312_relational_between,100312,stress_test,relational_between,vector,48,2018_1767905__event_001,0.5094623565673828,True
tokyo_100312_relational_between,100312,stress_test,relational_between,vector,49,2018_1767913__event_001,0.5069565176963806,True
tokyo_100312_relational_between,100312,stress_test,relational_between,vector,50,2018_1767963__event_001,0.506884753704071,True
tokyo_100312_relational_between,100312,stress_test,relational_between,vector,51,2018_1767895__event_001,0.5058934688568115,True
tokyo_100312_relational_between,100312,stress_test,relational_between,vector,52,2018_1767887__event_001,0.5026912689208984,True
tokyo_100312_relational_between,100312,stress_test,relational_between,vector,53,2018_1767957__event_001,0.5026671886444092,True
tokyo_100312_relational_between,100312,stress_test,relational_between,vector,54,2018_1767921__event_001,0.5015875101089478,True
tokyo_100312_relational_between,100312,stress_test,relational_between,vector,55,2018_1767863__event_001,0.5007674694061279,True
tokyo_100312_relational_between,100312,stress_test,relational_between,vector,56,2018_1767876__event_001,0.4995475709438324,True
tokyo_100312_relational_between,100312,stress_test,relational_between,vector,57,2018_1767867__event_001,0.49910449981689453,True
tokyo_100312_relational_between,100312,stress_test,relational_between,vector,58,2018_1767870__event_002,0.49640801548957825,True
tokyo_100312_relational_between,100312,stress_test,relational_between,vector,59,2018_1767880__event_001,0.49555161595344543,True
tokyo_100312_relational_between,100312,stress_test,relational_between,vector,60,2018_1767914__event_001,0.4902915954589844,True
tokyo_100312_relational_between,100312,stress_test,relational_between,vector,61,2018_1767876__event_002,0.47994479537010193,True
tokyo_100312_relational_between,100312,stress_test,relational_between,vector,62,2018_1767935__event_001,0.4679049849510193,True
tokyo_100312_relational_between,100312,stress_test,relational_between,vector,63,2018_1767964__event_001,0.466036319732666,True
tokyo_100312_relational_between,100312,stress_test,relational_between,vector,64,2018_1767870__event_001,0.45476460456848145,True
tokyo_100312_relational_between,100312,stress_test,relational_between,vector,65,2018_1767941__event_002,0.4545295536518097,True
tokyo_100312_relational_between,100312,stress_test,relational_between,vector,66,2018_1767958__event_001,0.4471346437931061,True
tokyo_100312_relational_between,100312,stress_test,relational_between,vector,67,2018_1767941__event_001,0.4416934847831726,True
tokyo_100312_relational_between,100312,stress_test,relational_between,vector,68,2018_1767964__event_002,0.4394698441028595,True
tokyo_100312_relational_between,100312,stress_test,relational_between,vector,69,2018_1767958__event_002,0.4373239278793335,True
tokyo_100312_relational_between,100312,stress_test,relational_between,vector,70,2018_1767907__event_001,0.435890793800354,True
tokyo_101467_relational_between,101467,stress_test,relational_between,vector,1,2018_1784994__event_003,0.680624783039093,False
tokyo_101467_relational_between,101467,stress_test,relational_between,vector,2,2018_1784993__event_001,0.5538999438285828,False
tokyo_101467_relational_between,101467,stress_test,relational_between,vector,3,2018_1785003__event_002,0.5205799341201782,False
tokyo_101467_relational_between,101467,stress_test,relational_between,vector,4,2018_1785009__event_001,0.5017491579055786,False
tokyo_101467_relational_between,101467,stress_test,relational_between,vector,5,2018_1785004__event_001,0.49629372358322144,False
tokyo_101467_relational_between,101467,stress_test,relational_between,vector,6,2018_1784987__event_002,0.4931800663471222,False
tokyo_101467_relational_between,101467,stress_test,relational_between,vector,7,2018_1784985__event_002,0.4904855489730835,False
tokyo_101467_relational_between,101467,stress_test,relational_between,vector,8,2018_1785000__event_002,0.4902888536453247,False
tokyo_101467_relational_between,101467,stress_test,relational_between,vector,9,2018_1784994__event_002,0.48194360733032227,False
tokyo_101467_relational_between,101467,stress_test,relational_between,vector,10,2018_1784994__event_004,0.4810178577899933,False
tokyo_101467_relational_between,101467,stress_test,relational_between,vector,11,2018_1784989__event_002,0.46812769770622253,False
tokyo_101467_relational_between,101467,stress_test,relational_between,vector,12,2018_1784989__event_001,0.467196524143219,False
tokyo_101467_relational_between,101467,stress_test,relational_between,vector,13,2018_1784986__event_001,0.46584221720695496,False
tokyo_101467_relational_between,101467,stress_test,relational_between,vector,14,2018_1784987__event_001,0.4624287784099579,False
tokyo_101467_relational_between,101467,stress_test,relational_between,vector,15,2018_1784994__event_005,0.45599231123924255,False
tokyo_101467_relational_between,101467,stress_test,relational_between,vector,16,2018_1785000__event_003,0.4516930878162384,False
tokyo_101467_relational_between,101467,stress_test,relational_between,vector,17,2018_1784991__event_002,0.4481464922428131,False
tokyo_101467_relational_between,101467,stress_test,relational_between,vector,18,2018_1785009__event_002,0.4439278841018677,False
tokyo_101467_relational_between,101467,stress_test,relational_between,vector,19,2018_1785005__event_001,0.44195565581321716,False
tokyo_101467_relational_between,101467,stress_test,relational_between,vector,20,2018_1784985__event_001,0.4414248466491699,False
tokyo_101467_relational_between,101467,stress_test,relational_between,vector,21,2018_1785013__event_002,0.43335476517677307,False
tokyo_101467_relational_between,101467,stress_test,relational_between,vector,22,2018_1785003__event_003,0.4331868290901184,False
tokyo_101467_relational_between,101467,stress_test,relational_between,vector,23,2018_1785005__event_002,0.43269598484039307,False
tokyo_101467_relational_between,101467,stress_test,relational_between,vector,24,2018_1785013__event_001,0.43068626523017883,False
tokyo_101467_relational_between,101467,stress_test,relational_between,vector,25,2018_1785004__event_002,0.42339128255844116,False
tokyo_101467_relational_between,101467,stress_test,relational_between,vector,26,2018_1784992__event_001,0.4208420515060425,False
tokyo_101467_relational_between,101467,stress_test,relational_between,vector,27,2018_1784990__event_002,0.4188311696052551,False
tokyo_101467_relational_between,101467,stress_test,relational_between,vector,28,2018_1784994__event_001,0.4172017276287079,False
tokyo_101467_relational_between,101467,stress_test,relational_between,vector,29,2018_1784996__event_002,0.4166301488876343,False
tokyo_101467_relational_between,101467,stress_test,relational_between,vector,30,2018_1784996__event_001,0.4158294200897217,False
tokyo_101467_relational_between,101467,stress_test,relational_between,vector,31,2018_1784986__event_002,0.4046473503112793,False
tokyo_101467_relational_between,101467,stress_test,relational_between,vector,32,2018_1785005__event_003,0.4001030921936035,False
tokyo_101467_relational_between,101467,stress_test,relational_between,vector,33,2018_1784990__event_001,0.3951321840286255,False
tokyo_101467_relational_between,101467,stress_test,relational_between,vector,34,2018_1785003__event_001,0.3876577615737915,False
tokyo_101467_relational_between,101467,stress_test,relational_between,vector,35,2018_1785000__event_001,0.38512182235717773,False
tokyo_101467_relational_between,101467,stress_test,relational_between,vector,36,2018_1785001__event_002,0.3806469440460205,False
tokyo_101467_relational_between,101467,stress_test,relational_between,vector,37,2018_1784991__event_001,0.3794466257095337,False
tokyo_101467_relational_between,101467,stress_test,relational_between,vector,38,2018_1785001__event_001,0.3775641918182373,False
tokyo_101467_relational_between,101467,stress_test,relational_between,vector,39,2018_1784992__event_002,0.367252379655838,False
tokyo_101467_relational_between,101467,stress_test,relational_between,vector,40,2018_1784993__event_002,0.36318862438201904,False
tokyo_101467_relational_between,101467,stress_test,relational_between,vector,41,2018_1784988__event_002,0.35654985904693604,False
tokyo_101467_relational_between,101467,stress_test,relational_between,vector,42,2018_1784988__event_001,0.30091091990470886,False
tokyo_106628_relational_between,106628,stress_test,relational_between,vector,1,2018_1860411__event_003,0.752014696598053,True
tokyo_106628_relational_between,106628,stress_test,relational_between,vector,2,2018_1860395__event_001,0.7048696875572205,True
tokyo_106628_relational_between,106628,stress_test,relational_between,vector,3,2018_1860407__event_002,0.5354467630386353,True
tokyo_106628_relational_between,106628,stress_test,relational_between,vector,4,2018_1860375__event_001,0.504024863243103,True
tokyo_106628_relational_between,106628,stress_test,relational_between,vector,5,2018_1860403__event_001,0.4911764860153198,True
tokyo_106628_relational_between,106628,stress_test,relational_between,vector,6,2018_1860391__event_002,0.4855910539627075,True
tokyo_106628_relational_between,106628,stress_test,relational_between,vector,7,2018_1860378__event_001,0.4821968376636505,True
tokyo_106628_relational_between,106628,stress_test,relational_between,vector,8,2018_1860432__event_002,0.47323769330978394,True
tokyo_106628_relational_between,106628,stress_test,relational_between,vector,9,2018_1860433__event_001,0.4717516303062439,True
tokyo_106628_relational_between,106628,stress_test,relational_between,vector,10,2018_1860443__event_002,0.47105544805526733,True
tokyo_106628_relational_between,106628,stress_test,relational_between,vector,11,2018_1860388__event_001,0.459791898727417,True
tokyo_106628_relational_between,106628,stress_test,relational_between,vector,12,2018_1860440__event_001,0.4585677981376648,True
tokyo_106628_relational_between,106628,stress_test,relational_between,vector,13,2018_1860398__event_001,0.45416051149368286,True
tokyo_106628_relational_between,106628,stress_test,relational_between,vector,14,2018_1860445__event_001,0.446415513753891,True
tokyo_106628_relational_between,106628,stress_test,relational_between,vector,15,2018_1860387__event_002,0.43857812881469727,True
tokyo_106628_relational_between,106628,stress_test,relational_between,vector,16,2018_1860378__event_002,0.43418586254119873,True
tokyo_106628_relational_between,106628,stress_test,relational_between,vector,17,2018_1860367__event_002,0.42977434396743774,True
tokyo_106628_relational_between,106628,stress_test,relational_between,vector,18,2018_1860397__event_002,0.428007572889328,True
tokyo_106628_relational_between,106628,stress_test,relational_between,vector,19,2018_1860394__event_001,0.42667442560195923,True
tokyo_106628_relational_between,106628,stress_test,relational_between,vector,20,2018_1860445__event_002,0.42639726400375366,True
tokyo_106628_relational_between,106628,stress_test,relational_between,vector,21,2018_1860384__event_002,0.422183632850647,True
tokyo_106628_relational_between,106628,stress_test,relational_between,vector,22,2018_1860411__event_002,0.4211980402469635,True
tokyo_106628_relational_between,106628,stress_test,relational_between,vector,23,2018_1860397__event_001,0.4059337377548218,True
tokyo_106628_relational_between,106628,stress_test,relational_between,vector,24,2018_1860393__event_002,0.3974481225013733,True
tokyo_106628_relational_between,106628,stress_test,relational_between,vector,25,2018_1860435__event_001,0.396644651889801,True
tokyo_106628_relational_between,106628,stress_test,relational_between,vector,26,2018_1860436__event_002,0.3937881588935852,True
tokyo_106628_relational_between,106628,stress_test,relational_between,vector,27,2018_1860421__event_003,0.39341306686401367,True
tokyo_106628_relational_between,106628,stress_test,relational_between,vector,28,2018_1860419__event_002,0.3924042284488678,True
tokyo_106628_relational_between,106628,stress_test,relational_between,vector,29,2018_1860376__event_001,0.3919333219528198,True
tokyo_106628_relational_between,106628,stress_test,relational_between,vector,30,2018_1860412__event_001,0.38741499185562134,True
tokyo_106628_relational_between,106628,stress_test,relational_between,vector,31,2018_1860436__event_001,0.3868575692176819,True
tokyo_106628_relational_between,106628,stress_test,relational_between,vector,32,2018_1860423__event_001,0.3853456974029541,True
tokyo_106628_relational_between,106628,stress_test,relational_between,vector,33,2018_1860443__event_001,0.3848937451839447,True
tokyo_106628_relational_between,106628,stress_test,relational_between,vector,34,2018_1860406__event_002,0.37909770011901855,True
tokyo_106628_relational_between,106628,stress_test,relational_between,vector,35,2018_1860388__event_002,0.37708204984664917,True
tokyo_106628_relational_between,106628,stress_test,relational_between,vector,36,2018_1860444__event_001,0.3702199459075928,True
tokyo_106628_relational_between,106628,stress_test,relational_between,vector,37,2018_1860378__event_003,0.36931484937667847,True
tokyo_106628_relational_between,106628,stress_test,relational_between,vector,38,2018_1860412__event_002,0.36896198987960815,True
tokyo_106628_relational_between,106628,stress_test,relational_between,vector,39,2018_1860444__event_002,0.3685888648033142,True
tokyo_106628_relational_between,106628,stress_test,relational_between,vector,40,2018_1860440__event_002,0.36670368909835815,True
tokyo_106628_relational_between,106628,stress_test,relational_between,vector,41,2018_1860406__event_003,0.36180204153060913,True
tokyo_106628_relational_between,106628,stress_test,relational_between,vector,42,2018_1860400__event_001,0.3617978096008301,True
tokyo_106628_relational_between,106628,stress_test,relational_between,vector,43,2018_1860421__event_002,0.36075806617736816,True
tokyo_106628_relational_between,106628,stress_test,relational_between,vector,44,2018_1860369__event_002,0.35810816287994385,True
tokyo_106628_relational_between,106628,stress_test,relational_between,vector,45,2018_1860405__event_001,0.35658758878707886,True
tokyo_106628_relational_between,106628,stress_test,relational_between,vector,46,2018_1860411__event_004,0.35606658458709717,True
tokyo_106628_relational_between,106628,stress_test,relational_between,vector,47,2018_1860441__event_002,0.35558179020881653,True
tokyo_106628_relational_between,106628,stress_test,relational_between,vector,48,2018_1860400__event_003,0.3519607484340668,True
tokyo_106628_relational_between,106628,stress_test,relational_between,vector,49,2018_1860443__event_003,0.34952032566070557,True
tokyo_106628_relational_between,106628,stress_test,relational_between,vector,50,2018_1860437__event_001,0.3491189479827881,True
tokyo_106628_relational_between,106628,stress_test,relational_between,vector,51,2018_1860401__event_001,0.34910571575164795,True
tokyo_106628_relational_between,106628,stress_test,relational_between,vector,52,2018_1860403__event_002,0.3487330675125122,True
tokyo_106628_relational_between,106628,stress_test,relational_between,vector,53,2018_1860370__event_002,0.34825003147125244,True
tokyo_106628_relational_between,106628,stress_test,relational_between,vector,54,2018_1860400__event_002,0.3475029766559601,True
tokyo_106628_relational_between,106628,stress_test,relational_between,vector,55,2018_1860398__event_002,0.345136821269989,True
tokyo_106628_relational_between,106628,stress_test,relational_between,vector,56,2018_1860441__event_003,0.34256595373153687,True
tokyo_106628_relational_between,106628,stress_test,relational_between,vector,57,2018_1860405__event_002,0.33007270097732544,True
tokyo_106628_relational_between,106628,stress_test,relational_between,vector,58,2018_1860367__event_001,0.32864975929260254,True
tokyo_106628_relational_between,106628,stress_test,relational_between,vector,59,2018_1860420__event_002,0.3271079659461975,True
tokyo_106628_relational_between,106628,stress_test,relational_between,vector,60,2018_1860411__event_001,0.32465770840644836,True
tokyo_106628_relational_between,106628,stress_test,relational_between,vector,61,2018_1860387__event_001,0.3244358003139496,True
tokyo_106628_relational_between,106628,stress_test,relational_between,vector,62,2018_1860419__event_001,0.31968948245048523,True
tokyo_106628_relational_between,106628,stress_test,relational_between,vector,63,2018_1860379__event_002,0.3110012710094452,True
tokyo_106628_relational_between,106628,stress_test,relational_between,vector,64,2018_1860401__event_002,0.30639150738716125,True
tokyo_106628_relational_between,106628,stress_test,relational_between,vector,65,2018_1860420__event_001,0.3053092360496521,True
tokyo_106628_relational_between,106628,stress_test,relational_between,vector,66,2018_1860432__event_001,0.30511927604675293,True
tokyo_106628_relational_between,106628,stress_test,relational_between,vector,67,2018_1860423__event_002,0.30383872985839844,True
tokyo_106628_relational_between,106628,stress_test,relational_between,vector,68,2018_1860379__event_001,0.3037765920162201,True
tokyo_106628_relational_between,106628,stress_test,relational_between,vector,69,2018_1860376__event_002,0.302487850189209,True
tokyo_106628_relational_between,106628,stress_test,relational_between,vector,70,2018_1860421__event_001,0.29873400926589966,True
tokyo_106628_relational_between,106628,stress_test,relational_between,vector,71,2018_1860441__event_001,0.29452088475227356,True
tokyo_106628_relational_between,106628,stress_test,relational_between,vector,72,2018_1860433__event_002,0.29386717081069946,True
tokyo_106628_relational_between,106628,stress_test,relational_between,vector,73,2018_1860373__event_001,0.29134321212768555,True
tokyo_106628_relational_between,106628,stress_test,relational_between,vector,74,2018_1860375__event_002,0.29114508628845215,True
tokyo_106628_relational_between,106628,stress_test,relational_between,vector,75,2018_1860369__event_001,0.2891140580177307,True
tokyo_106628_relational_between,106628,stress_test,relational_between,vector,76,2018_1860394__event_002,0.2843450605869293,True
tokyo_106628_relational_between,106628,stress_test,relational_between,vector,77,2018_1860395__event_002,0.2839950621128082,True
tokyo_106628_relational_between,106628,stress_test,relational_between,vector,78,2018_1860441__event_004,0.2816060483455658,True
tokyo_106628_relational_between,106628,stress_test,relational_between,vector,79,2018_1860435__event_002,0.27702879905700684,True
tokyo_106628_relational_between,106628,stress_test,relational_between,vector,80,2018_1860406__event_001,0.2720019221305847,True
tokyo_106628_relational_between,106628,stress_test,relational_between,vector,81,2018_1860393__event_001,0.26561805605888367,True
tokyo_106628_relational_between,106628,stress_test,relational_between,vector,82,2018_1860407__event_001,0.262530654668808,True
tokyo_106628_relational_between,106628,stress_test,relational_between,vector,83,2018_1860370__event_001,0.25775063037872314,True
tokyo_106628_relational_between,106628,stress_test,relational_between,vector,84,2018_1860373__event_002,0.2550574541091919,True
tokyo_106628_relational_between,106628,stress_test,relational_between,vector,85,2018_1860391__event_001,0.2523527145385742,True
tokyo_106628_relational_between,106628,stress_test,relational_between,vector,86,2018_1860437__event_002,0.2516446113586426,True
tokyo_106628_relational_between,106628,stress_test,relational_between,vector,87,2018_1860384__event_001,0.23818224668502808,True
tokyo_106628_relational_between,106628,stress_test,relational_between,vector,88,2018_1860391__event_003,0.21973836421966553,True
tokyo_109617_relational_between,109617,stress_test,relational_between,vector,1,2018_1909174__event_002,0.7295987606048584,True
tokyo_109617_relational_between,109617,stress_test,relational_between,vector,2,2018_1909177__event_002,0.7101171016693115,True
tokyo_109617_relational_between,109617,stress_test,relational_between,vector,3,2018_1909135__event_002,0.6798038482666016,True
tokyo_109617_relational_between,109617,stress_test,relational_between,vector,4,2018_1909137__event_002,0.5928149223327637,True
tokyo_109617_relational_between,109617,stress_test,relational_between,vector,5,2018_1909174__event_001,0.5429955720901489,True
tokyo_109617_relational_between,109617,stress_test,relational_between,vector,6,2018_1909158__event_002,0.5402731895446777,True
tokyo_109617_relational_between,109617,stress_test,relational_between,vector,7,2018_1909177__event_003,0.5389499068260193,True
tokyo_109617_relational_between,109617,stress_test,relational_between,vector,8,2018_1909179__event_002,0.5298351645469666,True
tokyo_109617_relational_between,109617,stress_test,relational_between,vector,9,2018_1909177__event_004,0.528033971786499,True
tokyo_109617_relational_between,109617,stress_test,relational_between,vector,10,2018_1909137__event_001,0.5261217355728149,True
tokyo_109617_relational_between,109617,stress_test,relational_between,vector,11,2018_1909174__event_003,0.5228546857833862,True
tokyo_109617_relational_between,109617,stress_test,relational_between,vector,12,2018_1909179__event_001,0.5210579633712769,True
tokyo_109617_relational_between,109617,stress_test,relational_between,vector,13,2018_1909213__event_003,0.5203213691711426,True
tokyo_109617_relational_between,109617,stress_test,relational_between,vector,14,2018_1909212__event_001,0.5181042551994324,True
tokyo_109617_relational_between,109617,stress_test,relational_between,vector,15,2018_1909177__event_001,0.516412079334259,True
tokyo_109617_relational_between,109617,stress_test,relational_between,vector,16,2018_1909187__event_002,0.5163997411727905,True
tokyo_109617_relational_between,109617,stress_test,relational_between,vector,17,2018_1909179__event_003,0.5130623579025269,True
tokyo_109617_relational_between,109617,stress_test,relational_between,vector,18,2018_1909190__event_002,0.5127071142196655,True
tokyo_109617_relational_between,109617,stress_test,relational_between,vector,19,2018_1909150__event_002,0.5125734806060791,True
tokyo_109617_relational_between,109617,stress_test,relational_between,vector,20,2018_1909190__event_001,0.5111170411109924,True
tokyo_109617_relational_between,109617,stress_test,relational_between,vector,21,2018_1909158__event_003,0.510688841342926,True
tokyo_109617_relational_between,109617,stress_test,relational_between,vector,22,2018_1909214__event_004,0.5069178342819214,True
tokyo_109617_relational_between,109617,stress_test,relational_between,vector,23,2018_1909167__event_002,0.5062538385391235,True
tokyo_109617_relational_between,109617,stress_test,relational_between,vector,24,2018_1909135__event_001,0.5057656764984131,True
tokyo_109617_relational_between,109617,stress_test,relational_between,vector,25,2018_1909138__event_001,0.5021688938140869,True
tokyo_109617_relational_between,109617,stress_test,relational_between,vector,26,2018_1909175__event_002,0.5010572671890259,True
tokyo_109617_relational_between,109617,stress_test,relational_between,vector,27,2018_1909148__event_002,0.49962401390075684,True
tokyo_109617_relational_between,109617,stress_test,relational_between,vector,28,2018_1909214__event_002,0.4955775737762451,True
tokyo_109617_relational_between,109617,stress_test,relational_between,vector,29,2018_1909211__event_002,0.493938684463501,True
tokyo_109617_relational_between,109617,stress_test,relational_between,vector,30,2018_1909203__event_001,0.4937933385372162,True
tokyo_109617_relational_between,109617,stress_test,relational_between,vector,31,2018_1909117__event_001,0.4928044080734253,True
tokyo_109617_relational_between,109617,stress_test,relational_between,vector,32,2018_1909175__event_001,0.4915313720703125,True
tokyo_109617_relational_between,109617,stress_test,relational_between,vector,33,2018_1909129__event_001,0.4912620782852173,True
tokyo_109617_relational_between,109617,stress_test,relational_between,vector,34,2018_1909214__event_001,0.49114564061164856,True
tokyo_109617_relational_between,109617,stress_test,relational_between,vector,35,2018_1909143__event_002,0.48676472902297974,True
tokyo_109617_relational_between,109617,stress_test,relational_between,vector,36,2018_1909213__event_002,0.48571014404296875,True
tokyo_109617_relational_between,109617,stress_test,relational_between,vector,37,2018_1909138__event_002,0.4840523600578308,True
tokyo_109617_relational_between,109617,stress_test,relational_between,vector,38,2018_1909167__event_001,0.47847044467926025,True
tokyo_109617_relational_between,109617,stress_test,relational_between,vector,39,2018_1909213__event_001,0.4760204553604126,True
tokyo_109617_relational_between,109617,stress_test,relational_between,vector,40,2018_1909157__event_002,0.4752925932407379,True
tokyo_109617_relational_between,109617,stress_test,relational_between,vector,41,2018_1909144__event_002,0.4740358591079712,True
tokyo_109617_relational_between,109617,stress_test,relational_between,vector,42,2018_1909150__event_001,0.4731293022632599,True
tokyo_109617_relational_between,109617,stress_test,relational_between,vector,43,2018_1909178__event_002,0.46714457869529724,True
tokyo_109617_relational_between,109617,stress_test,relational_between,vector,44,2018_1909195__event_001,0.46571803092956543,True
tokyo_109617_relational_between,109617,stress_test,relational_between,vector,45,2018_1909214__event_003,0.4642179310321808,True
tokyo_109617_relational_between,109617,stress_test,relational_between,vector,46,2018_1909157__event_003,0.4631580710411072,True
tokyo_109617_relational_between,109617,stress_test,relational_between,vector,47,2018_1909198__event_001,0.46274232864379883,True
tokyo_109617_relational_between,109617,stress_test,relational_between,vector,48,2018_1909148__event_001,0.46044689416885376,True
tokyo_109617_relational_between,109617,stress_test,relational_between,vector,49,2018_1909199__event_001,0.46036407351493835,True
tokyo_109617_relational_between,109617,stress_test,relational_between,vector,50,2018_1909157__event_001,0.4601176679134369,True
tokyo_109617_relational_between,109617,stress_test,relational_between,vector,51,2018_1909195__event_002,0.4572809636592865,True
tokyo_109617_relational_between,109617,stress_test,relational_between,vector,52,2018_1909152__event_002,0.45601290464401245,True
tokyo_109617_relational_between,109617,stress_test,relational_between,vector,53,2018_1909144__event_001,0.4552965462207794,True
tokyo_109617_relational_between,109617,stress_test,relational_between,vector,54,2018_1909158__event_001,0.4543001651763916,True
tokyo_109617_relational_between,109617,stress_test,relational_between,vector,55,2018_1909184__event_001,0.44278836250305176,True
tokyo_109617_relational_between,109617,stress_test,relational_between,vector,56,2018_1909143__event_001,0.44189831614494324,True
tokyo_109617_relational_between,109617,stress_test,relational_between,vector,57,2018_1909212__event_002,0.4400280714035034,True
tokyo_109617_relational_between,109617,stress_test,relational_between,vector,58,2018_1909184__event_002,0.43856239318847656,True
tokyo_109617_relational_between,109617,stress_test,relational_between,vector,59,2018_1909198__event_002,0.43750858306884766,True
tokyo_109617_relational_between,109617,stress_test,relational_between,vector,60,2018_1909203__event_002,0.43526536226272583,True
tokyo_109617_relational_between,109617,stress_test,relational_between,vector,61,2018_1909211__event_001,0.4329570233821869,True
tokyo_109617_relational_between,109617,stress_test,relational_between,vector,62,2018_1909117__event_002,0.4299466609954834,True
tokyo_109617_relational_between,109617,stress_test,relational_between,vector,63,2018_1909187__event_001,0.4241962134838104,True
tokyo_109617_relational_between,109617,stress_test,relational_between,vector,64,2018_1909129__event_002,0.4207296371459961,True
tokyo_109617_relational_between,109617,stress_test,relational_between,vector,65,2018_1909152__event_001,0.417892187833786,True
tokyo_109617_relational_between,109617,stress_test,relational_between,vector,66,2018_1909181__event_002,0.408794105052948,True
tokyo_109617_relational_between,109617,stress_test,relational_between,vector,67,2018_1909178__event_001,0.37678417563438416,True
tokyo_109617_relational_between,109617,stress_test,relational_between,vector,68,2018_1909199__event_002,0.3709273934364319,True
tokyo_109617_relational_between,109617,stress_test,relational_between,vector,69,2018_1909181__event_001,0.3461417257785797,True
tokyo_109621_relational_between,109621,stress_test,relational_between,vector,1,2018_1909372__event_002,0.7410765290260315,True
tokyo_109621_relational_between,109621,stress_test,relational_between,vector,2,2018_1909395__event_002,0.7356356382369995,True
tokyo_109621_relational_between,109621,stress_test,relational_between,vector,3,2018_1909397__event_002,0.7288200855255127,True
tokyo_109621_relational_between,109621,stress_test,relational_between,vector,4,2018_1909379__event_002,0.7281714677810669,True
tokyo_109621_relational_between,109621,stress_test,relational_between,vector,5,2018_1909379__event_003,0.7235640287399292,True
tokyo_109621_relational_between,109621,stress_test,relational_between,vector,6,2018_1909368__event_002,0.7227296829223633,True
tokyo_109621_relational_between,109621,stress_test,relational_between,vector,7,2018_1909382__event_001,0.7203733325004578,True
tokyo_109621_relational_between,109621,stress_test,relational_between,vector,8,2018_1909370__event_004,0.7196580171585083,True
tokyo_109621_relational_between,109621,stress_test,relational_between,vector,9,2018_1909397__event_001,0.7166917324066162,True
tokyo_109621_relational_between,109621,stress_test,relational_between,vector,10,2018_1909374__event_002,0.7138495445251465,True
tokyo_109621_relational_between,109621,stress_test,relational_between,vector,11,2018_1909386__event_002,0.7133216857910156,True
tokyo_109621_relational_between,109621,stress_test,relational_between,vector,12,2018_1909375__event_002,0.7124924063682556,True
tokyo_109621_relational_between,109621,stress_test,relational_between,vector,13,2018_1909382__event_002,0.7124902009963989,True
tokyo_109621_relational_between,109621,stress_test,relational_between,vector,14,2018_1909386__event_001,0.7109024524688721,True
tokyo_109621_relational_between,109621,stress_test,relational_between,vector,15,2018_1909372__event_004,0.7105783820152283,True
tokyo_109621_relational_between,109621,stress_test,relational_between,vector,16,2018_1909379__event_001,0.7088810205459595,True
tokyo_109621_relational_between,109621,stress_test,relational_between,vector,17,2018_1909370__event_003,0.7077888250350952,True
tokyo_109621_relational_between,109621,stress_test,relational_between,vector,18,2018_1909390__event_003,0.7075793743133545,True
tokyo_109621_relational_between,109621,stress_test,relational_between,vector,19,2018_1909383__event_003,0.7069233059883118,True
tokyo_109621_relational_between,109621,stress_test,relational_between,vector,20,2018_1909390__event_002,0.7060970664024353,True
tokyo_109621_relational_between,109621,stress_test,relational_between,vector,21,2018_1909395__event_003,0.705639123916626,True
tokyo_109621_relational_between,109621,stress_test,relational_between,vector,22,2018_1909368__event_001,0.7028132677078247,True
tokyo_109621_relational_between,109621,stress_test,relational_between,vector,23,2018_1909383__event_004,0.701591432094574,True
tokyo_109621_relational_between,109621,stress_test,relational_between,vector,24,2018_1909389__event_002,0.6974959373474121,True
tokyo_109621_relational_between,109621,stress_test,relational_between,vector,25,2018_1909369__event_005,0.6971497535705566,True
tokyo_109621_relational_between,109621,stress_test,relational_between,vector,26,2018_1909384__event_002,0.696904182434082,True
tokyo_109621_relational_between,109621,stress_test,relational_between,vector,27,2018_1909384__event_001,0.6946150660514832,True
tokyo_109621_relational_between,109621,stress_test,relational_between,vector,28,2018_1909390__event_004,0.693723738193512,True
tokyo_109621_relational_between,109621,stress_test,relational_between,vector,29,2018_1909379__event_004,0.6922411918640137,True
tokyo_109621_relational_between,109621,stress_test,relational_between,vector,30,2018_1909366__event_001,0.692051351070404,True
tokyo_109621_relational_between,109621,stress_test,relational_between,vector,31,2018_1909383__event_001,0.692000150680542,True
tokyo_109621_relational_between,109621,stress_test,relational_between,vector,32,2018_1909365__event_002,0.6904091238975525,True
tokyo_109621_relational_between,109621,stress_test,relational_between,vector,33,2018_1909375__event_004,0.68224036693573,True
tokyo_109621_relational_between,109621,stress_test,relational_between,vector,34,2018_1909389__event_001,0.6802719831466675,True
tokyo_109621_relational_between,109621,stress_test,relational_between,vector,35,2018_1909371__event_003,0.6795993447303772,True
tokyo_109621_relational_between,109621,stress_test,relational_between,vector,36,2018_1909396__event_002,0.6776343584060669,True
tokyo_109621_relational_between,109621,stress_test,relational_between,vector,37,2018_1909374__event_003,0.6718189120292664,True
tokyo_109621_relational_between,109621,stress_test,relational_between,vector,38,2018_1909373__event_005,0.6714284420013428,True
tokyo_109621_relational_between,109621,stress_test,relational_between,vector,39,2018_1909390__event_005,0.6693277359008789,True
tokyo_109621_relational_between,109621,stress_test,relational_between,vector,40,2018_1909396__event_001,0.6641483306884766,True
tokyo_109621_relational_between,109621,stress_test,relational_between,vector,41,2018_1909370__event_001,0.6594979763031006,True
tokyo_109621_relational_between,109621,stress_test,relational_between,vector,42,2018_1909376__event_001,0.6583906412124634,True
tokyo_109621_relational_between,109621,stress_test,relational_between,vector,43,2018_1909371__event_007,0.6583707332611084,True
tokyo_109621_relational_between,109621,stress_test,relational_between,vector,44,2018_1909367__event_003,0.6579490900039673,True
tokyo_109621_relational_between,109621,stress_test,relational_between,vector,45,2018_1909373__event_001,0.6571813225746155,True
tokyo_109621_relational_between,109621,stress_test,relational_between,vector,46,2018_1909373__event_006,0.651345431804657,True
tokyo_109621_relational_between,109621,stress_test,relational_between,vector,47,2018_1909371__event_006,0.6507845520973206,True
tokyo_109621_relational_between,109621,stress_test,relational_between,vector,48,2018_1909394__event_001,0.6489460468292236,True
tokyo_109621_relational_between,109621,stress_test,relational_between,vector,49,2018_1909372__event_003,0.6486060619354248,True
tokyo_109621_relational_between,109621,stress_test,relational_between,vector,50,2018_1909371__event_004,0.6484699249267578,True
tokyo_109621_relational_between,109621,stress_test,relational_between,vector,51,2018_1909369__event_003,0.645112931728363,True
tokyo_109621_relational_between,109621,stress_test,relational_between,vector,52,2018_1909369__event_002,0.6443265676498413,True
tokyo_109621_relational_between,109621,stress_test,relational_between,vector,53,2018_1909378__event_001,0.6335976719856262,True
tokyo_109621_relational_between,109621,stress_test,relational_between,vector,54,2018_1909369__event_004,0.6273784637451172,True
tokyo_109621_relational_between,109621,stress_test,relational_between,vector,55,2018_1909376__event_002,0.6218453645706177,True
tokyo_109621_relational_between,109621,stress_test,relational_between,vector,56,2018_1909366__event_002,0.616243839263916,True
tokyo_109621_relational_between,109621,stress_test,relational_between,vector,57,2018_1909371__event_008,0.6098719835281372,True
tokyo_109621_relational_between,109621,stress_test,relational_between,vector,58,2018_1909371__event_005,0.6037814617156982,True
tokyo_109621_relational_between,109621,stress_test,relational_between,vector,59,2018_1909367__event_002,0.6001397371292114,True
tokyo_109621_relational_between,109621,stress_test,relational_between,vector,60,2018_1909373__event_003,0.5936886072158813,True
tokyo_109621_relational_between,109621,stress_test,relational_between,vector,61,2018_1909395__event_001,0.5873355865478516,True
tokyo_109621_relational_between,109621,stress_test,relational_between,vector,62,2018_1909368__event_003,0.5860645771026611,True
tokyo_109621_relational_between,109621,stress_test,relational_between,vector,63,2018_1909376__event_003,0.5775021314620972,True
tokyo_109621_relational_between,109621,stress_test,relational_between,vector,64,2018_1909373__event_004,0.5770745277404785,True
tokyo_109621_relational_between,109621,stress_test,relational_between,vector,65,2018_1909365__event_001,0.5703436732292175,True
tokyo_109621_relational_between,109621,stress_test,relational_between,vector,66,2018_1909370__event_002,0.5653130412101746,True
tokyo_109621_relational_between,109621,stress_test,relational_between,vector,67,2018_1909373__event_002,0.5596571564674377,True
tokyo_109621_relational_between,109621,stress_test,relational_between,vector,68,2018_1909388__event_002,0.5559422969818115,True
tokyo_109621_relational_between,109621,stress_test,relational_between,vector,69,2018_1909378__event_003,0.555686354637146,True
tokyo_109621_relational_between,109621,stress_test,relational_between,vector,70,2018_1909378__event_002,0.5555533170700073,True
tokyo_109621_relational_between,109621,stress_test,relational_between,vector,71,2018_1909390__event_001,0.5551350116729736,True
tokyo_109621_relational_between,109621,stress_test,relational_between,vector,72,2018_1909369__event_001,0.5381282567977905,True
tokyo_109621_relational_between,109621,stress_test,relational_between,vector,73,2018_1909385__event_002,0.5322697162628174,True
tokyo_109621_relational_between,109621,stress_test,relational_between,vector,74,2018_1909375__event_001,0.5232890844345093,True
tokyo_109621_relational_between,109621,stress_test,relational_between,vector,75,2018_1909367__event_001,0.5162132382392883,True
tokyo_109621_relational_between,109621,stress_test,relational_between,vector,76,2018_1909371__event_002,0.5161387920379639,True
tokyo_109621_relational_between,109621,stress_test,relational_between,vector,77,2018_1909374__event_004,0.5159037113189697,True
tokyo_109621_relational_between,109621,stress_test,relational_between,vector,78,2018_1909374__event_005,0.511831521987915,True
tokyo_109621_relational_between,109621,stress_test,relational_between,vector,79,2018_1909375__event_003,0.5105426907539368,True
tokyo_109621_relational_between,109621,stress_test,relational_between,vector,80,2018_1909371__event_010,0.5055881142616272,True
tokyo_109621_relational_between,109621,stress_test,relational_between,vector,81,2018_1909368__event_005,0.5024653673171997,True
tokyo_109621_relational_between,109621,stress_test,relational_between,vector,82,2018_1909374__event_001,0.47602319717407227,True
tokyo_109621_relational_between,109621,stress_test,relational_between,vector,83,2018_1909377__event_001,0.4664926528930664,True
tokyo_109621_relational_between,109621,stress_test,relational_between,vector,84,2018_1909383__event_002,0.46137961745262146,True
tokyo_109621_relational_between,109621,stress_test,relational_between,vector,85,2018_1909394__event_002,0.46132370829582214,True
tokyo_109621_relational_between,109621,stress_test,relational_between,vector,86,2018_1909372__event_001,0.45944565534591675,True
tokyo_109621_relational_between,109621,stress_test,relational_between,vector,87,2018_1909377__event_002,0.4530942738056183,True
tokyo_109621_relational_between,109621,stress_test,relational_between,vector,88,2018_1909371__event_001,0.4493660628795624,True
tokyo_109621_relational_between,109621,stress_test,relational_between,vector,89,2018_1909368__event_004,0.44780439138412476,True
tokyo_109621_relational_between,109621,stress_test,relational_between,vector,90,2018_1909371__event_009,0.4253731369972229,True
tokyo_109621_relational_between,109621,stress_test,relational_between,vector,91,2018_1909385__event_001,0.41850346326828003,True
tokyo_109621_relational_between,109621,stress_test,relational_between,vector,92,2018_1909388__event_001,0.3015502393245697,True
tokyo_113499_relational_between,113499,stress_test,relational_between,vector,1,2018_1959234__event_002,0.6564526557922363,False
tokyo_113499_relational_between,113499,stress_test,relational_between,vector,2,2018_1959244__event_001,0.5792205929756165,False
tokyo_113499_relational_between,113499,stress_test,relational_between,vector,3,2018_1959240__event_002,0.5713230967521667,False
tokyo_113499_relational_between,113499,stress_test,relational_between,vector,4,2018_1959258__event_003,0.5656675100326538,False
tokyo_113499_relational_between,113499,stress_test,relational_between,vector,5,2018_1959244__event_002,0.5635454058647156,False
tokyo_113499_relational_between,113499,stress_test,relational_between,vector,6,2018_1959238__event_001,0.5627256631851196,False
tokyo_113499_relational_between,113499,stress_test,relational_between,vector,7,2018_1959265__event_001,0.5552797317504883,False
tokyo_113499_relational_between,113499,stress_test,relational_between,vector,8,2018_1959249__event_002,0.5550569891929626,False
tokyo_113499_relational_between,113499,stress_test,relational_between,vector,9,2018_1959251__event_002,0.5506545305252075,False
tokyo_113499_relational_between,113499,stress_test,relational_between,vector,10,2018_1959234__event_003,0.5499666929244995,False
tokyo_113499_relational_between,113499,stress_test,relational_between,vector,11,2018_1959247__event_002,0.547439694404602,False
tokyo_113499_relational_between,113499,stress_test,relational_between,vector,12,2018_1959267__event_002,0.5444071888923645,False
tokyo_113499_relational_between,113499,stress_test,relational_between,vector,13,2018_1959257__event_002,0.5359127521514893,False
tokyo_113499_relational_between,113499,stress_test,relational_between,vector,14,2018_1959236__event_002,0.533581018447876,False
tokyo_113499_relational_between,113499,stress_test,relational_between,vector,15,2018_1959258__event_002,0.52945876121521,False
tokyo_113499_relational_between,113499,stress_test,relational_between,vector,16,2018_1959236__event_001,0.5260692834854126,False
tokyo_113499_relational_between,113499,stress_test,relational_between,vector,17,2018_1959268__event_002,0.52464359998703,False
tokyo_113499_relational_between,113499,stress_test,relational_between,vector,18,2018_1959242__event_002,0.5246183276176453,False
tokyo_113499_relational_between,113499,stress_test,relational_between,vector,19,2018_1959243__event_002,0.5225982666015625,False
tokyo_113499_relational_between,113499,stress_test,relational_between,vector,20,2018_1959240__event_001,0.5158964991569519,False
tokyo_113499_relational_between,113499,stress_test,relational_between,vector,21,2018_1959253__event_002,0.5045538544654846,False
tokyo_113499_relational_between,113499,stress_test,relational_between,vector,22,2018_1959250__event_002,0.49461495876312256,False
tokyo_113499_relational_between,113499,stress_test,relational_between,vector,23,2018_1959267__event_001,0.4726400077342987,False
tokyo_113499_relational_between,113499,stress_test,relational_between,vector,24,2018_1959250__event_001,0.4611506462097168,False
tokyo_113499_relational_between,113499,stress_test,relational_between,vector,25,2018_1959265__event_002,0.450764000415802,False
tokyo_113499_relational_between,113499,stress_test,relational_between,vector,26,2018_1959249__event_001,0.44543972611427307,False
tokyo_113499_relational_between,113499,stress_test,relational_between,vector,27,2018_1959257__event_001,0.44472360610961914,False
tokyo_113499_relational_between,113499,stress_test,relational_between,vector,28,2018_1959238__event_002,0.44420596957206726,False
tokyo_113499_relational_between,113499,stress_test,relational_between,vector,29,2018_1959242__event_001,0.44296514987945557,False
tokyo_113499_relational_between,113499,stress_test,relational_between,vector,30,2018_1959243__event_001,0.44210827350616455,False
tokyo_113499_relational_between,113499,stress_test,relational_between,vector,31,2018_1959268__event_001,0.4416276812553406,False
tokyo_113499_relational_between,113499,stress_test,relational_between,vector,32,2018_1959258__event_001,0.43209201097488403,False
tokyo_113499_relational_between,113499,stress_test,relational_between,vector,33,2018_1959253__event_001,0.4223874807357788,False
tokyo_113499_relational_between,113499,stress_test,relational_between,vector,34,2018_1959251__event_001,0.42147377133369446,False
tokyo_113499_relational_between,113499,stress_test,relational_between,vector,35,2018_1959234__event_001,0.41211456060409546,False
tokyo_113499_relational_between,113499,stress_test,relational_between,vector,36,2018_1959234__event_004,0.40450572967529297,False
tokyo_113499_relational_between,113499,stress_test,relational_between,vector,37,2018_1959247__event_001,0.3801040053367615,False
tokyo_113897_relational_between,113897,stress_test,relational_between,vector,1,2018_1963913__event_002,0.7002384066581726,False
tokyo_113897_relational_between,113897,stress_test,relational_between,vector,2,2018_1963921__event_002,0.6666477918624878,False
tokyo_113897_relational_between,113897,stress_test,relational_between,vector,3,2018_1963882__event_002,0.644684910774231,False
tokyo_113897_relational_between,113897,stress_test,relational_between,vector,4,2018_1963911__event_003,0.6418296098709106,False
tokyo_113897_relational_between,113897,stress_test,relational_between,vector,5,2018_1963902__event_002,0.6073020100593567,False
tokyo_113897_relational_between,113897,stress_test,relational_between,vector,6,2018_1963899__event_002,0.5474237203598022,False
tokyo_113897_relational_between,113897,stress_test,relational_between,vector,7,2018_1963925__event_002,0.5464848279953003,False
tokyo_113897_relational_between,113897,stress_test,relational_between,vector,8,2018_1963913__event_003,0.5463554859161377,False
tokyo_113897_relational_between,113897,stress_test,relational_between,vector,9,2018_1963884__event_002,0.538844883441925,False
tokyo_113897_relational_between,113897,stress_test,relational_between,vector,10,2018_1963915__event_002,0.5382527112960815,False
tokyo_113897_relational_between,113897,stress_test,relational_between,vector,11,2018_1963899__event_001,0.5345197916030884,False
tokyo_113897_relational_between,113897,stress_test,relational_between,vector,12,2018_1963878__event_002,0.5340396761894226,False
tokyo_113897_relational_between,113897,stress_test,relational_between,vector,13,2018_1963911__event_002,0.5325224995613098,False
tokyo_113897_relational_between,113897,stress_test,relational_between,vector,14,2018_1963910__event_001,0.5300253629684448,False
tokyo_113897_relational_between,113897,stress_test,relational_between,vector,15,2018_1963921__event_001,0.5270503759384155,False
tokyo_113897_relational_between,113897,stress_test,relational_between,vector,16,2018_1963878__event_001,0.5254856944084167,False
tokyo_113897_relational_between,113897,stress_test,relational_between,vector,17,2018_1963913__event_001,0.5247945785522461,False
tokyo_113897_relational_between,113897,stress_test,relational_between,vector,18,2018_1963883__event_001,0.5239204168319702,False
tokyo_113897_relational_between,113897,stress_test,relational_between,vector,19,2018_1963915__event_001,0.5202664136886597,False
tokyo_113897_relational_between,113897,stress_test,relational_between,vector,20,2018_1963884__event_001,0.5169826149940491,False
tokyo_113897_relational_between,113897,stress_test,relational_between,vector,21,2018_1963925__event_001,0.5115848779678345,False
tokyo_113897_relational_between,113897,stress_test,relational_between,vector,22,2018_1963922__event_001,0.5025187730789185,False
tokyo_113897_relational_between,113897,stress_test,relational_between,vector,23,2018_1963883__event_002,0.5004346966743469,False
tokyo_113897_relational_between,113897,stress_test,relational_between,vector,24,2018_1963895__event_002,0.49253156781196594,False
tokyo_113897_relational_between,113897,stress_test,relational_between,vector,25,2018_1963887__event_002,0.4906187355518341,False
tokyo_113897_relational_between,113897,stress_test,relational_between,vector,26,2018_1963902__event_001,0.4865497052669525,False
tokyo_113897_relational_between,113897,stress_test,relational_between,vector,27,2018_1963895__event_001,0.48224547505378723,False
tokyo_113897_relational_between,113897,stress_test,relational_between,vector,28,2018_1963910__event_002,0.4814770817756653,False
tokyo_113897_relational_between,113897,stress_test,relational_between,vector,29,2018_1963882__event_001,0.4805908203125,False
tokyo_113897_relational_between,113897,stress_test,relational_between,vector,30,2018_1963924__event_002,0.4777972400188446,False
tokyo_113897_relational_between,113897,stress_test,relational_between,vector,31,2018_1963911__event_001,0.4755113422870636,False
tokyo_113897_relational_between,113897,stress_test,relational_between,vector,32,2018_1963919__event_002,0.47494766116142273,False
tokyo_113897_relational_between,113897,stress_test,relational_between,vector,33,2018_1963904__event_001,0.47493863105773926,False
tokyo_113897_relational_between,113897,stress_test,relational_between,vector,34,2018_1963904__event_002,0.4749203324317932,False
tokyo_113897_relational_between,113897,stress_test,relational_between,vector,35,2018_1963922__event_002,0.4389670491218567,False
tokyo_113897_relational_between,113897,stress_test,relational_between,vector,36,2018_1963919__event_001,0.43084681034088135,False
tokyo_113897_relational_between,113897,stress_test,relational_between,vector,37,2018_1963884__event_003,0.422934353351593,False
tokyo_113897_relational_between,113897,stress_test,relational_between,vector,38,2018_1963887__event_001,0.4162662625312805,False
tokyo_113897_relational_between,113897,stress_test,relational_between,vector,39,2018_1963924__event_001,0.4083440899848938,False
tokyo_115855_relational_between,115855,stress_test,relational_between,vector,1,2018_1984790__event_002,0.7387697696685791,False
tokyo_115855_relational_between,115855,stress_test,relational_between,vector,2,2018_1984790__event_004,0.7007465362548828,False
tokyo_115855_relational_between,115855,stress_test,relational_between,vector,3,2018_1984785__event_002,0.6589339971542358,False
tokyo_115855_relational_between,115855,stress_test,relational_between,vector,4,2018_1984800__event_002,0.644696831703186,False
tokyo_115855_relational_between,115855,stress_test,relational_between,vector,5,2018_1984781__event_001,0.59791100025177,False
tokyo_115855_relational_between,115855,stress_test,relational_between,vector,6,2018_1984793__event_001,0.5927474498748779,False
tokyo_115855_relational_between,115855,stress_test,relational_between,vector,7,2018_1984785__event_001,0.5847926735877991,False
tokyo_115855_relational_between,115855,stress_test,relational_between,vector,8,2018_1984792__event_001,0.5739461779594421,False
tokyo_115855_relational_between,115855,stress_test,relational_between,vector,9,2018_1984781__event_002,0.5633280873298645,False
tokyo_115855_relational_between,115855,stress_test,relational_between,vector,10,2018_1984790__event_003,0.5347995758056641,False
tokyo_115855_relational_between,115855,stress_test,relational_between,vector,11,2018_1984793__event_002,0.5304901003837585,False
tokyo_115855_relational_between,115855,stress_test,relational_between,vector,12,2018_1984806__event_001,0.5067367553710938,False
tokyo_115855_relational_between,115855,stress_test,relational_between,vector,13,2018_1984790__event_001,0.504370927810669,False
tokyo_115855_relational_between,115855,stress_test,relational_between,vector,14,2018_1984807__event_001,0.499690979719162,False
tokyo_115855_relational_between,115855,stress_test,relational_between,vector,15,2018_1984791__event_001,0.47327303886413574,False
tokyo_115855_relational_between,115855,stress_test,relational_between,vector,16,2018_1984792__event_002,0.4645799398422241,False
tokyo_115855_relational_between,115855,stress_test,relational_between,vector,17,2018_1984798__event_002,0.42153847217559814,False
tokyo_115855_relational_between,115855,stress_test,relational_between,vector,18,2018_1984798__event_001,0.40770095586776733,False
tokyo_115855_relational_between,115855,stress_test,relational_between,vector,19,2018_1984806__event_002,0.3855729103088379,False
tokyo_115855_relational_between,115855,stress_test,relational_between,vector,20,2018_1984807__event_002,0.38177940249443054,False
tokyo_115855_relational_between,115855,stress_test,relational_between,vector,21,2018_1984791__event_002,0.3692608177661896,False
tokyo_115855_relational_between,115855,stress_test,relational_between,vector,22,2018_1984800__event_001,0.36682379245758057,False
tokyo_1172_relational_between,1172,stress_test,relational_between,vector,1,2018_23932__event_002,0.8103241920471191,True
tokyo_1172_relational_between,1172,stress_test,relational_between,vector,2,2018_23965__event_001,0.7849400043487549,True
tokyo_1172_relational_between,1172,stress_test,relational_between,vector,3,2018_23947__event_002,0.7823008298873901,True
tokyo_1172_relational_between,1172,stress_test,relational_between,vector,4,2018_23837__event_001,0.7804208993911743,True
tokyo_1172_relational_between,1172,stress_test,relational_between,vector,5,2018_23885__event_001,0.7783132791519165,True
tokyo_1172_relational_between,1172,stress_test,relational_between,vector,6,2018_23876__event_004,0.7767821550369263,True
tokyo_1172_relational_between,1172,stress_test,relational_between,vector,7,2018_23945__event_002,0.7747615575790405,True
tokyo_1172_relational_between,1172,stress_test,relational_between,vector,8,2018_23921__event_002,0.773935079574585,True
tokyo_1172_relational_between,1172,stress_test,relational_between,vector,9,2018_23965__event_002,0.7730177044868469,True
tokyo_1172_relational_between,1172,stress_test,relational_between,vector,10,2018_23868__event_002,0.7619034647941589,True
tokyo_1172_relational_between,1172,stress_test,relational_between,vector,11,2018_23888__event_001,0.7604818344116211,True
tokyo_1172_relational_between,1172,stress_test,relational_between,vector,12,2018_23968__event_001,0.7519617676734924,True
tokyo_1172_relational_between,1172,stress_test,relational_between,vector,13,2018_23868__event_001,0.7358512282371521,True
tokyo_1172_relational_between,1172,stress_test,relational_between,vector,14,2018_23860__event_001,0.7347146272659302,True
tokyo_1172_relational_between,1172,stress_test,relational_between,vector,15,2018_23884__event_001,0.6838127374649048,True
tokyo_1172_relational_between,1172,stress_test,relational_between,vector,16,2018_23968__event_002,0.6536610126495361,True
tokyo_1172_relational_between,1172,stress_test,relational_between,vector,17,2018_23885__event_002,0.6465849280357361,True
tokyo_1172_relational_between,1172,stress_test,relational_between,vector,18,2018_23929__event_003,0.6451568007469177,True
tokyo_1172_relational_between,1172,stress_test,relational_between,vector,19,2018_23932__event_001,0.6441575884819031,True
tokyo_1172_relational_between,1172,stress_test,relational_between,vector,20,2018_23832__event_001,0.6429210901260376,True
tokyo_1172_relational_between,1172,stress_test,relational_between,vector,21,2018_23876__event_001,0.6413204073905945,True
tokyo_1172_relational_between,1172,stress_test,relational_between,vector,22,2018_23888__event_002,0.637717068195343,True
tokyo_1172_relational_between,1172,stress_test,relational_between,vector,23,2018_23979__event_001,0.6338920593261719,True
tokyo_1172_relational_between,1172,stress_test,relational_between,vector,24,2018_23883__event_001,0.6305798292160034,True
tokyo_1172_relational_between,1172,stress_test,relational_between,vector,25,2018_23979__event_003,0.6305564641952515,True
tokyo_1172_relational_between,1172,stress_test,relational_between,vector,26,2018_23885__event_003,0.626117467880249,True
tokyo_1172_relational_between,1172,stress_test,relational_between,vector,27,2018_23876__event_003,0.6248242855072021,True
tokyo_1172_relational_between,1172,stress_test,relational_between,vector,28,2018_23883__event_003,0.6246963739395142,True
tokyo_1172_relational_between,1172,stress_test,relational_between,vector,29,2018_23911__event_002,0.6240142583847046,True
tokyo_1172_relational_between,1172,stress_test,relational_between,vector,30,2018_23879__event_002,0.6214368343353271,True
tokyo_1172_relational_between,1172,stress_test,relational_between,vector,31,2018_23837__event_002,0.6156271696090698,True
tokyo_1172_relational_between,1172,stress_test,relational_between,vector,32,2018_23876__event_002,0.6133410334587097,True
tokyo_1172_relational_between,1172,stress_test,relational_between,vector,33,2018_23932__event_003,0.6096212863922119,True
tokyo_1172_relational_between,1172,stress_test,relational_between,vector,34,2018_23915__event_001,0.6088956594467163,True
tokyo_1172_relational_between,1172,stress_test,relational_between,vector,35,2018_23923__event_002,0.6036983132362366,True
tokyo_1172_relational_between,1172,stress_test,relational_between,vector,36,2018_23879__event_001,0.6035597324371338,True
tokyo_1172_relational_between,1172,stress_test,relational_between,vector,37,2018_23935__event_003,0.6019145250320435,True
tokyo_1172_relational_between,1172,stress_test,relational_between,vector,38,2018_23945__event_001,0.5998607873916626,True
tokyo_1172_relational_between,1172,stress_test,relational_between,vector,39,2018_23905__event_002,0.5987730622291565,True
tokyo_1172_relational_between,1172,stress_test,relational_between,vector,40,2018_23884__event_002,0.5947815179824829,True
tokyo_1172_relational_between,1172,stress_test,relational_between,vector,41,2018_23928__event_002,0.5944085121154785,True
tokyo_1172_relational_between,1172,stress_test,relational_between,vector,42,2018_23921__event_001,0.5912803411483765,True
tokyo_1172_relational_between,1172,stress_test,relational_between,vector,43,2018_23894__event_001,0.5812884569168091,True
tokyo_1172_relational_between,1172,stress_test,relational_between,vector,44,2018_23894__event_002,0.5611413717269897,True
tokyo_1172_relational_between,1172,stress_test,relational_between,vector,45,2018_23883__event_002,0.5492489337921143,True
tokyo_1172_relational_between,1172,stress_test,relational_between,vector,46,2018_23911__event_001,0.5480067729949951,True
tokyo_1172_relational_between,1172,stress_test,relational_between,vector,47,2018_23947__event_001,0.5442503690719604,True
tokyo_1172_relational_between,1172,stress_test,relational_between,vector,48,2018_23929__event_004,0.5397704243659973,True
tokyo_1172_relational_between,1172,stress_test,relational_between,vector,49,2018_23929__event_002,0.5385667085647583,True
tokyo_1172_relational_between,1172,stress_test,relational_between,vector,50,2018_23931__event_001,0.5369951725006104,True
tokyo_1172_relational_between,1172,stress_test,relational_between,vector,51,2018_23832__event_002,0.525316596031189,True
tokyo_1172_relational_between,1172,stress_test,relational_between,vector,52,2018_23879__event_003,0.5237751603126526,True
tokyo_1172_relational_between,1172,stress_test,relational_between,vector,53,2018_23888__event_003,0.5223963260650635,True
tokyo_1172_relational_between,1172,stress_test,relational_between,vector,54,2018_23929__event_001,0.5181103348731995,True
tokyo_1172_relational_between,1172,stress_test,relational_between,vector,55,2018_23870__event_001,0.5134760141372681,True
tokyo_1172_relational_between,1172,stress_test,relational_between,vector,56,2018_23942__event_001,0.5093117952346802,True
tokyo_1172_relational_between,1172,stress_test,relational_between,vector,57,2018_23868__event_003,0.5064412951469421,True
tokyo_1172_relational_between,1172,stress_test,relational_between,vector,58,2018_23915__event_002,0.5027627944946289,True
tokyo_1172_relational_between,1172,stress_test,relational_between,vector,59,2018_23917__event_001,0.501533031463623,True
tokyo_1172_relational_between,1172,stress_test,relational_between,vector,60,2018_23935__event_001,0.48356887698173523,True
tokyo_1172_relational_between,1172,stress_test,relational_between,vector,61,2018_23870__event_002,0.4750272035598755,True
tokyo_1172_relational_between,1172,stress_test,relational_between,vector,62,2018_23863__event_001,0.4697716236114502,True
tokyo_1172_relational_between,1172,stress_test,relational_between,vector,63,2018_23942__event_003,0.4675007462501526,True
tokyo_1172_relational_between,1172,stress_test,relational_between,vector,64,2018_23942__event_002,0.45133721828460693,True
tokyo_1172_relational_between,1172,stress_test,relational_between,vector,65,2018_23863__event_002,0.4492115378379822,True
tokyo_1172_relational_between,1172,stress_test,relational_between,vector,66,2018_23905__event_001,0.44920849800109863,True
tokyo_1172_relational_between,1172,stress_test,relational_between,vector,67,2018_23860__event_002,0.4461458921432495,True
tokyo_1172_relational_between,1172,stress_test,relational_between,vector,68,2018_23935__event_002,0.422960102558136,True
tokyo_1172_relational_between,1172,stress_test,relational_between,vector,69,2018_23979__event_002,0.41969120502471924,True
tokyo_1172_relational_between,1172,stress_test,relational_between,vector,70,2018_23917__event_002,0.41435831785202026,True
tokyo_1172_relational_between,1172,stress_test,relational_between,vector,71,2018_23928__event_001,0.394952654838562,True
tokyo_1172_relational_between,1172,stress_test,relational_between,vector,72,2018_23931__event_002,0.38998761773109436,True
tokyo_1172_relational_between,1172,stress_test,relational_between,vector,73,2018_23923__event_001,0.3836174011230469,True
tokyo_119597_relational_between,119597,stress_test,relational_between,vector,1,2018_2023484__event_003,0.8001856803894043,False
tokyo_119597_relational_between,119597,stress_test,relational_between,vector,2,2018_2023481__event_002,0.7940266132354736,False
tokyo_119597_relational_between,119597,stress_test,relational_between,vector,3,2018_2023460__event_002,0.7902650833129883,False
tokyo_119597_relational_between,119597,stress_test,relational_between,vector,4,2018_2023457__event_001,0.7878517508506775,False
tokyo_119597_relational_between,119597,stress_test,relational_between,vector,5,2018_2023500__event_002,0.7820127010345459,False
tokyo_119597_relational_between,119597,stress_test,relational_between,vector,6,2018_2023466__event_002,0.780771017074585,False
tokyo_119597_relational_between,119597,stress_test,relational_between,vector,7,2018_2023481__event_003,0.7784041166305542,False
tokyo_119597_relational_between,119597,stress_test,relational_between,vector,8,2018_2023466__event_003,0.7749588489532471,False
tokyo_119597_relational_between,119597,stress_test,relational_between,vector,9,2018_2023484__event_002,0.7742615938186646,False
tokyo_119597_relational_between,119597,stress_test,relational_between,vector,10,2018_2023503__event_001,0.7685834169387817,False
tokyo_119597_relational_between,119597,stress_test,relational_between,vector,11,2018_2023457__event_002,0.7620720863342285,False
tokyo_119597_relational_between,119597,stress_test,relational_between,vector,12,2018_2023469__event_002,0.7618789672851562,False
tokyo_119597_relational_between,119597,stress_test,relational_between,vector,13,2018_2023487__event_002,0.7567192912101746,False
tokyo_119597_relational_between,119597,stress_test,relational_between,vector,14,2018_2023479__event_001,0.7558594942092896,False
tokyo_119597_relational_between,119597,stress_test,relational_between,vector,15,2018_2023479__event_002,0.755427896976471,False
tokyo_119597_relational_between,119597,stress_test,relational_between,vector,16,2018_2023474__event_001,0.7546643018722534,False
tokyo_119597_relational_between,119597,stress_test,relational_between,vector,17,2018_2023500__event_001,0.7485337257385254,False
tokyo_119597_relational_between,119597,stress_test,relational_between,vector,18,2018_2023466__event_001,0.747548520565033,False
tokyo_119597_relational_between,119597,stress_test,relational_between,vector,19,2018_2023472__event_002,0.7450449466705322,False
tokyo_119597_relational_between,119597,stress_test,relational_between,vector,20,2018_2023495__event_002,0.7448321580886841,False
tokyo_119597_relational_between,119597,stress_test,relational_between,vector,21,2018_2023469__event_001,0.738983154296875,False
tokyo_119597_relational_between,119597,stress_test,relational_between,vector,22,2018_2023460__event_001,0.7380282878875732,False
tokyo_119597_relational_between,119597,stress_test,relational_between,vector,23,2018_2023481__event_001,0.7360967397689819,False
tokyo_119597_relational_between,119597,stress_test,relational_between,vector,24,2018_2023487__event_001,0.7333019971847534,False
tokyo_119597_relational_between,119597,stress_test,relational_between,vector,25,2018_2023484__event_005,0.7057190537452698,False
tokyo_119597_relational_between,119597,stress_test,relational_between,vector,26,2018_2023491__event_001,0.6992676258087158,False
tokyo_119597_relational_between,119597,stress_test,relational_between,vector,27,2018_2023495__event_001,0.6119424700737,False
tokyo_119597_relational_between,119597,stress_test,relational_between,vector,28,2018_2023484__event_004,0.6017966270446777,False
tokyo_119597_relational_between,119597,stress_test,relational_between,vector,29,2018_2023472__event_001,0.5999529957771301,False
tokyo_119597_relational_between,119597,stress_test,relational_between,vector,30,2018_2023484__event_001,0.598014771938324,False
tokyo_119597_relational_between,119597,stress_test,relational_between,vector,31,2018_2023503__event_002,0.5646736025810242,False
tokyo_119597_relational_between,119597,stress_test,relational_between,vector,32,2018_2023473__event_001,0.5615348219871521,False
tokyo_119597_relational_between,119597,stress_test,relational_between,vector,33,2018_2023460__event_003,0.5597169399261475,False
tokyo_119597_relational_between,119597,stress_test,relational_between,vector,34,2018_2023481__event_004,0.5537503361701965,False
tokyo_119597_relational_between,119597,stress_test,relational_between,vector,35,2018_2023474__event_002,0.5376485586166382,False
tokyo_119597_relational_between,119597,stress_test,relational_between,vector,36,2018_2023491__event_002,0.5267055630683899,False
tokyo_119597_relational_between,119597,stress_test,relational_between,vector,37,2018_2023473__event_002,0.4865405857563019,False
tokyo_121554_relational_between,121554,stress_test,relational_between,vector,1,2018_2047606__event_004,0.7205316424369812,False
tokyo_121554_relational_between,121554,stress_test,relational_between,vector,2,2018_2047612__event_002,0.6950885057449341,False
tokyo_121554_relational_between,121554,stress_test,relational_between,vector,3,2018_2047604__event_002,0.6890769004821777,False
tokyo_121554_relational_between,121554,stress_test,relational_between,vector,4,2018_2047617__event_002,0.6868176460266113,False
tokyo_121554_relational_between,121554,stress_test,relational_between,vector,5,2018_2047600__event_002,0.6858615279197693,False
tokyo_121554_relational_between,121554,stress_test,relational_between,vector,6,2018_2047607__event_002,0.6838524341583252,False
tokyo_121554_relational_between,121554,stress_test,relational_between,vector,7,2018_2047609__event_002,0.6774137616157532,False
tokyo_121554_relational_between,121554,stress_test,relational_between,vector,8,2018_2047617__event_001,0.6753616333007812,False
tokyo_121554_relational_between,121554,stress_test,relational_between,vector,9,2018_2047595__event_002,0.6742924451828003,False
tokyo_121554_relational_between,121554,stress_test,relational_between,vector,10,2018_2047618__event_002,0.6574312448501587,False
tokyo_121554_relational_between,121554,stress_test,relational_between,vector,11,2018_2047626__event_002,0.6486115455627441,False
tokyo_121554_relational_between,121554,stress_test,relational_between,vector,12,2018_2047619__event_002,0.6343461275100708,False
tokyo_121554_relational_between,121554,stress_test,relational_between,vector,13,2018_2047613__event_002,0.6319077610969543,False
tokyo_121554_relational_between,121554,stress_test,relational_between,vector,14,2018_2047626__event_001,0.6250305771827698,False
tokyo_121554_relational_between,121554,stress_test,relational_between,vector,15,2018_2047619__event_001,0.6076167821884155,False
tokyo_121554_relational_between,121554,stress_test,relational_between,vector,16,2018_2047606__event_002,0.6024476289749146,False
tokyo_121554_relational_between,121554,stress_test,relational_between,vector,17,2018_2047610__event_002,0.5950011014938354,False
tokyo_121554_relational_between,121554,stress_test,relational_between,vector,18,2018_2047604__event_001,0.5925688743591309,False
tokyo_121554_relational_between,121554,stress_test,relational_between,vector,19,2018_2047606__event_005,0.5875895619392395,False
tokyo_121554_relational_between,121554,stress_test,relational_between,vector,20,2018_2047607__event_001,0.5846639275550842,False
tokyo_121554_relational_between,121554,stress_test,relational_between,vector,21,2018_2047606__event_003,0.5832887887954712,False
tokyo_121554_relational_between,121554,stress_test,relational_between,vector,22,2018_2047606__event_001,0.5783936977386475,False
tokyo_121554_relational_between,121554,stress_test,relational_between,vector,23,2018_2047600__event_001,0.5766327977180481,False
tokyo_121554_relational_between,121554,stress_test,relational_between,vector,24,2018_2047612__event_001,0.5668700933456421,False
tokyo_121554_relational_between,121554,stress_test,relational_between,vector,25,2018_2047609__event_003,0.5651354789733887,False
tokyo_121554_relational_between,121554,stress_test,relational_between,vector,26,2018_2047609__event_001,0.5580527782440186,False
tokyo_121554_relational_between,121554,stress_test,relational_between,vector,27,2018_2047610__event_001,0.5250895023345947,False
tokyo_121554_relational_between,121554,stress_test,relational_between,vector,28,2018_2047595__event_001,0.512901246547699,False
tokyo_121554_relational_between,121554,stress_test,relational_between,vector,29,2018_2047618__event_001,0.5067702531814575,False
tokyo_121554_relational_between,121554,stress_test,relational_between,vector,30,2018_2047613__event_001,0.44122689962387085,False
tokyo_121554_relational_between,121554,stress_test,relational_between,vector,31,2018_2047613__event_003,0.43976083397865295,False
tokyo_126183_relational_between,126183,stress_test,relational_between,vector,1,2018_2118390__event_002,0.7905785441398621,True
tokyo_126183_relational_between,126183,stress_test,relational_between,vector,2,2018_2118376__event_003,0.7759679555892944,True
tokyo_126183_relational_between,126183,stress_test,relational_between,vector,3,2018_2118407__event_002,0.7635091543197632,True
tokyo_126183_relational_between,126183,stress_test,relational_between,vector,4,2018_2118382__event_003,0.7287548184394836,True
tokyo_126183_relational_between,126183,stress_test,relational_between,vector,5,2018_2118357__event_002,0.7182254791259766,True
tokyo_126183_relational_between,126183,stress_test,relational_between,vector,6,2018_2118347__event_002,0.6986836194992065,True
tokyo_126183_relational_between,126183,stress_test,relational_between,vector,7,2018_2118374__event_002,0.6936800479888916,True
tokyo_126183_relational_between,126183,stress_test,relational_between,vector,8,2018_2118387__event_002,0.6642140746116638,True
tokyo_126183_relational_between,126183,stress_test,relational_between,vector,9,2018_2118350__event_001,0.6484922170639038,True
tokyo_126183_relational_between,126183,stress_test,relational_between,vector,10,2018_2118392__event_003,0.6407012939453125,True
tokyo_126183_relational_between,126183,stress_test,relational_between,vector,11,2018_2118405__event_001,0.6284893751144409,True
tokyo_126183_relational_between,126183,stress_test,relational_between,vector,12,2018_2118387__event_003,0.6110689043998718,True
tokyo_126183_relational_between,126183,stress_test,relational_between,vector,13,2018_2118389__event_002,0.5920329093933105,True
tokyo_126183_relational_between,126183,stress_test,relational_between,vector,14,2018_2118405__event_002,0.5912696123123169,True
tokyo_126183_relational_between,126183,stress_test,relational_between,vector,15,2018_2118385__event_003,0.5839759111404419,True
tokyo_126183_relational_between,126183,stress_test,relational_between,vector,16,2018_2118384__event_002,0.5770412087440491,True
tokyo_126183_relational_between,126183,stress_test,relational_between,vector,17,2018_2118370__event_003,0.5747759342193604,True
tokyo_126183_relational_between,126183,stress_test,relational_between,vector,18,2018_2118411__event_002,0.5665963888168335,True
tokyo_126183_relational_between,126183,stress_test,relational_between,vector,19,2018_2118376__event_004,0.5641697645187378,True
tokyo_126183_relational_between,126183,stress_test,relational_between,vector,20,2018_2118382__event_002,0.5634691715240479,True
tokyo_126183_relational_between,126183,stress_test,relational_between,vector,21,2018_2118404__event_002,0.5622292757034302,True
tokyo_126183_relational_between,126183,stress_test,relational_between,vector,22,2018_2118390__event_003,0.5591566562652588,True
tokyo_126183_relational_between,126183,stress_test,relational_between,vector,23,2018_2118375__event_002,0.5584440231323242,True
tokyo_126183_relational_between,126183,stress_test,relational_between,vector,24,2018_2118385__event_004,0.5575228929519653,True
tokyo_126183_relational_between,126183,stress_test,relational_between,vector,25,2018_2118364__event_002,0.5575191974639893,True
tokyo_126183_relational_between,126183,stress_test,relational_between,vector,26,2018_2118378__event_003,0.5452486276626587,True
tokyo_126183_relational_between,126183,stress_test,relational_between,vector,27,2018_2118349__event_002,0.5438638925552368,True
tokyo_126183_relational_between,126183,stress_test,relational_between,vector,28,2018_2118376__event_002,0.542762279510498,True
tokyo_126183_relational_between,126183,stress_test,relational_between,vector,29,2018_2118370__event_002,0.5418877601623535,True
tokyo_126183_relational_between,126183,stress_test,relational_between,vector,30,2018_2118385__event_002,0.5373799204826355,True
tokyo_126183_relational_between,126183,stress_test,relational_between,vector,31,2018_2118381__event_002,0.5366787314414978,True
tokyo_126183_relational_between,126183,stress_test,relational_between,vector,32,2018_2118353__event_002,0.5351030826568604,True
tokyo_126183_relational_between,126183,stress_test,relational_between,vector,33,2018_2118354__event_002,0.5321153998374939,True
tokyo_126183_relational_between,126183,stress_test,relational_between,vector,34,2018_2118384__event_003,0.5286673307418823,True
tokyo_126183_relational_between,126183,stress_test,relational_between,vector,35,2018_2118377__event_003,0.5190027356147766,True
tokyo_126183_relational_between,126183,stress_test,relational_between,vector,36,2018_2118385__event_001,0.5181477069854736,True
tokyo_126183_relational_between,126183,stress_test,relational_between,vector,37,2018_2118374__event_001,0.5168825387954712,True
tokyo_126183_relational_between,126183,stress_test,relational_between,vector,38,2018_2118349__event_001,0.5163493156433105,True
tokyo_126183_relational_between,126183,stress_test,relational_between,vector,39,2018_2118352__event_002,0.516232430934906,True
tokyo_126183_relational_between,126183,stress_test,relational_between,vector,40,2018_2118350__event_002,0.5138059258460999,True
tokyo_126183_relational_between,126183,stress_test,relational_between,vector,41,2018_2118387__event_001,0.5104925632476807,True
tokyo_126183_relational_between,126183,stress_test,relational_between,vector,42,2018_2118378__event_002,0.500806987285614,True
tokyo_126183_relational_between,126183,stress_test,relational_between,vector,43,2018_2118407__event_001,0.49964916706085205,True
tokyo_126183_relational_between,126183,stress_test,relational_between,vector,44,2018_2118392__event_002,0.4867194890975952,True
tokyo_126183_relational_between,126183,stress_test,relational_between,vector,45,2018_2118404__event_001,0.4821630120277405,True
tokyo_126183_relational_between,126183,stress_test,relational_between,vector,46,2018_2118389__event_001,0.4752373695373535,True
tokyo_126183_relational_between,126183,stress_test,relational_between,vector,47,2018_2118381__event_001,0.4729194939136505,True
tokyo_126183_relational_between,126183,stress_test,relational_between,vector,48,2018_2118375__event_001,0.4715895354747772,True
tokyo_126183_relational_between,126183,stress_test,relational_between,vector,49,2018_2118390__event_001,0.47137191891670227,True
tokyo_126183_relational_between,126183,stress_test,relational_between,vector,50,2018_2118392__event_001,0.46986693143844604,True
tokyo_126183_relational_between,126183,stress_test,relational_between,vector,51,2018_2118411__event_001,0.4683453440666199,True
tokyo_126183_relational_between,126183,stress_test,relational_between,vector,52,2018_2118353__event_001,0.46825483441352844,True
tokyo_126183_relational_between,126183,stress_test,relational_between,vector,53,2018_2118350__event_003,0.4661105275154114,True
tokyo_126183_relational_between,126183,stress_test,relational_between,vector,54,2018_2118377__event_002,0.46435633301734924,True
tokyo_126183_relational_between,126183,stress_test,relational_between,vector,55,2018_2118354__event_001,0.462988018989563,True
tokyo_126183_relational_between,126183,stress_test,relational_between,vector,56,2018_2118389__event_003,0.45951059460639954,True
tokyo_126183_relational_between,126183,stress_test,relational_between,vector,57,2018_2118378__event_001,0.45857346057891846,True
tokyo_126183_relational_between,126183,stress_test,relational_between,vector,58,2018_2118384__event_001,0.4568632245063782,True
tokyo_126183_relational_between,126183,stress_test,relational_between,vector,59,2018_2118423__event_001,0.45533719658851624,True
tokyo_126183_relational_between,126183,stress_test,relational_between,vector,60,2018_2118423__event_002,0.453339159488678,True
tokyo_126183_relational_between,126183,stress_test,relational_between,vector,61,2018_2118382__event_001,0.44914817810058594,True
tokyo_126183_relational_between,126183,stress_test,relational_between,vector,62,2018_2118347__event_001,0.44821783900260925,True
tokyo_126183_relational_between,126183,stress_test,relational_between,vector,63,2018_2118407__event_003,0.4473686218261719,True
tokyo_126183_relational_between,126183,stress_test,relational_between,vector,64,2018_2118393__event_001,0.44686421751976013,True
tokyo_126183_relational_between,126183,stress_test,relational_between,vector,65,2018_2118364__event_001,0.44588297605514526,True
tokyo_126183_relational_between,126183,stress_test,relational_between,vector,66,2018_2118377__event_001,0.4409447908401489,True
tokyo_126183_relational_between,126183,stress_test,relational_between,vector,67,2018_2118357__event_001,0.44063758850097656,True
tokyo_126183_relational_between,126183,stress_test,relational_between,vector,68,2018_2118376__event_001,0.43242931365966797,True
tokyo_126183_relational_between,126183,stress_test,relational_between,vector,69,2018_2118370__event_001,0.42561274766921997,True
tokyo_126183_relational_between,126183,stress_test,relational_between,vector,70,2018_2118352__event_001,0.42200756072998047,True
tokyo_126183_relational_between,126183,stress_test,relational_between,vector,71,2018_2118393__event_002,0.40535327792167664,True
tokyo_127201_relational_between,127201,stress_test,relational_between,vector,1,2018_2134912__event_002,0.5936201214790344,False
tokyo_127201_relational_between,127201,stress_test,relational_between,vector,2,2018_2134912__event_003,0.5627887845039368,False
tokyo_127201_relational_between,127201,stress_test,relational_between,vector,3,2018_2134938__event_005,0.5392853021621704,False
tokyo_127201_relational_between,127201,stress_test,relational_between,vector,4,2018_2134938__event_006,0.3750319182872772,False
tokyo_127201_relational_between,127201,stress_test,relational_between,vector,5,2018_2134939__event_003,0.3579963743686676,False
tokyo_127201_relational_between,127201,stress_test,relational_between,vector,6,2018_2134933__event_001,0.35372549295425415,False
tokyo_127201_relational_between,127201,stress_test,relational_between,vector,7,2018_2134938__event_002,0.3513474762439728,False
tokyo_127201_relational_between,127201,stress_test,relational_between,vector,8,2018_2134931__event_001,0.3479629456996918,False
tokyo_127201_relational_between,127201,stress_test,relational_between,vector,9,2018_2134934__event_002,0.3474126160144806,False
tokyo_127201_relational_between,127201,stress_test,relational_between,vector,10,2018_2134931__event_002,0.3442148268222809,False
tokyo_127201_relational_between,127201,stress_test,relational_between,vector,11,2018_2134938__event_004,0.3362237811088562,False
tokyo_127201_relational_between,127201,stress_test,relational_between,vector,12,2018_2134924__event_002,0.33068370819091797,False
tokyo_127201_relational_between,127201,stress_test,relational_between,vector,13,2018_2134923__event_001,0.32676786184310913,False
tokyo_127201_relational_between,127201,stress_test,relational_between,vector,14,2018_2134924__event_001,0.3188716769218445,False
tokyo_127201_relational_between,127201,stress_test,relational_between,vector,15,2018_2134921__event_002,0.3179238736629486,False
tokyo_127201_relational_between,127201,stress_test,relational_between,vector,16,2018_2134933__event_002,0.31028851866722107,False
tokyo_127201_relational_between,127201,stress_test,relational_between,vector,17,2018_2134922__event_002,0.3075999915599823,False
tokyo_127201_relational_between,127201,stress_test,relational_between,vector,18,2018_2134914__event_001,0.3044065535068512,False
tokyo_127201_relational_between,127201,stress_test,relational_between,vector,19,2018_2134917__event_002,0.29995977878570557,False
tokyo_127201_relational_between,127201,stress_test,relational_between,vector,20,2018_2134916__event_001,0.2937523126602173,False
tokyo_127201_relational_between,127201,stress_test,relational_between,vector,21,2018_2134921__event_001,0.29334205389022827,False
tokyo_127201_relational_between,127201,stress_test,relational_between,vector,22,2018_2134917__event_001,0.29125767946243286,False
tokyo_127201_relational_between,127201,stress_test,relational_between,vector,23,2018_2134916__event_002,0.289669394493103,False
tokyo_127201_relational_between,127201,stress_test,relational_between,vector,24,2018_2134934__event_001,0.28320473432540894,False
tokyo_127201_relational_between,127201,stress_test,relational_between,vector,25,2018_2134912__event_001,0.2793014347553253,False
tokyo_127201_relational_between,127201,stress_test,relational_between,vector,26,2018_2134922__event_001,0.272641658782959,False
tokyo_127201_relational_between,127201,stress_test,relational_between,vector,27,2018_2134923__event_002,0.25464296340942383,False
tokyo_127201_relational_between,127201,stress_test,relational_between,vector,28,2018_2134919__event_001,0.2507109045982361,False
tokyo_127201_relational_between,127201,stress_test,relational_between,vector,29,2018_2134939__event_002,0.2100103199481964,False
tokyo_127201_relational_between,127201,stress_test,relational_between,vector,30,2018_2134939__event_001,0.18775346875190735,False
tokyo_127201_relational_between,127201,stress_test,relational_between,vector,31,2018_2134938__event_003,0.15969549119472504,False
tokyo_127201_relational_between,127201,stress_test,relational_between,vector,32,2018_2134926__event_002,0.15816882252693176,False
tokyo_127201_relational_between,127201,stress_test,relational_between,vector,33,2018_2134914__event_002,0.14971217513084412,False
tokyo_127201_relational_between,127201,stress_test,relational_between,vector,34,2018_2134926__event_001,0.14819608628749847,False
tokyo_127201_relational_between,127201,stress_test,relational_between,vector,35,2018_2134938__event_001,0.1460646092891693,False
tokyo_127201_relational_between,127201,stress_test,relational_between,vector,36,2018_2134927__event_001,0.13697223365306854,False
tokyo_127201_relational_between,127201,stress_test,relational_between,vector,37,2018_2134919__event_002,0.13255243003368378,False
tokyo_127201_relational_between,127201,stress_test,relational_between,vector,38,2018_2134927__event_002,0.11878746747970581,False
tokyo_130084_relational_between,130084,stress_test,relational_between,vector,1,2018_2179338__event_002,0.7464183568954468,True
tokyo_130084_relational_between,130084,stress_test,relational_between,vector,2,2018_2179314__event_001,0.691249668598175,True
tokyo_130084_relational_between,130084,stress_test,relational_between,vector,3,2018_2179306__event_003,0.6482224464416504,True
tokyo_130084_relational_between,130084,stress_test,relational_between,vector,4,2018_2179324__event_001,0.6462276577949524,True
tokyo_130084_relational_between,130084,stress_test,relational_between,vector,5,2018_2179342__event_001,0.642874002456665,True
tokyo_130084_relational_between,130084,stress_test,relational_between,vector,6,2018_2179300__event_001,0.6416838765144348,True
tokyo_130084_relational_between,130084,stress_test,relational_between,vector,7,2018_2179292__event_002,0.6364480257034302,True
tokyo_130084_relational_between,130084,stress_test,relational_between,vector,8,2018_2179312__event_001,0.6327376365661621,True
tokyo_130084_relational_between,130084,stress_test,relational_between,vector,9,2018_2179302__event_002,0.631854772567749,True
tokyo_130084_relational_between,130084,stress_test,relational_between,vector,10,2018_2179308__event_005,0.6256656646728516,True
tokyo_130084_relational_between,130084,stress_test,relational_between,vector,11,2018_2179329__event_003,0.6028177738189697,True
tokyo_130084_relational_between,130084,stress_test,relational_between,vector,12,2018_2179304__event_002,0.5811254978179932,True
tokyo_130084_relational_between,130084,stress_test,relational_between,vector,13,2018_2179329__event_001,0.5803706645965576,True
tokyo_130084_relational_between,130084,stress_test,relational_between,vector,14,2018_2179293__event_001,0.5798815488815308,True
tokyo_130084_relational_between,130084,stress_test,relational_between,vector,15,2018_2179333__event_003,0.5743740797042847,True
tokyo_130084_relational_between,130084,stress_test,relational_between,vector,16,2018_2179335__event_002,0.5716311931610107,True
tokyo_130084_relational_between,130084,stress_test,relational_between,vector,17,2018_2179310__event_002,0.5711525678634644,True
tokyo_130084_relational_between,130084,stress_test,relational_between,vector,18,2018_2179306__event_002,0.5694122910499573,True
tokyo_130084_relational_between,130084,stress_test,relational_between,vector,19,2018_2179324__event_002,0.5691141486167908,True
tokyo_130084_relational_between,130084,stress_test,relational_between,vector,20,2018_2179299__event_002,0.5668436288833618,True
tokyo_130084_relational_between,130084,stress_test,relational_between,vector,21,2018_2179292__event_001,0.5662938356399536,True
tokyo_130084_relational_between,130084,stress_test,relational_between,vector,22,2018_2179326__event_001,0.565714955329895,True
tokyo_130084_relational_between,130084,stress_test,relational_between,vector,23,2018_2179299__event_001,0.5644165277481079,True
tokyo_130084_relational_between,130084,stress_test,relational_between,vector,24,2018_2179335__event_001,0.5638149976730347,True
tokyo_130084_relational_between,130084,stress_test,relational_between,vector,25,2018_2179338__event_003,0.5636330842971802,True
tokyo_130084_relational_between,130084,stress_test,relational_between,vector,26,2018_2179342__event_002,0.5620308518409729,True
tokyo_130084_relational_between,130084,stress_test,relational_between,vector,27,2018_2179309__event_001,0.5602366328239441,True
tokyo_130084_relational_between,130084,stress_test,relational_between,vector,28,2018_2179320__event_001,0.5584716796875,True
tokyo_130084_relational_between,130084,stress_test,relational_between,vector,29,2018_2179334__event_002,0.5584180951118469,True
tokyo_130084_relational_between,130084,stress_test,relational_between,vector,30,2018_2179308__event_004,0.5560354590415955,True
tokyo_130084_relational_between,130084,stress_test,relational_between,vector,31,2018_2179302__event_001,0.5558764934539795,True
tokyo_130084_relational_between,130084,stress_test,relational_between,vector,32,2018_2179312__event_002,0.5535076260566711,True
tokyo_130084_relational_between,130084,stress_test,relational_between,vector,33,2018_2179304__event_003,0.5534883141517639,True
tokyo_130084_relational_between,130084,stress_test,relational_between,vector,34,2018_2179321__event_002,0.5534290671348572,True
tokyo_130084_relational_between,130084,stress_test,relational_between,vector,35,2018_2179316__event_001,0.5533992052078247,True
tokyo_130084_relational_between,130084,stress_test,relational_between,vector,36,2018_2179325__event_003,0.5529869794845581,True
tokyo_130084_relational_between,130084,stress_test,relational_between,vector,37,2018_2179341__event_003,0.5525734424591064,True
tokyo_130084_relational_between,130084,stress_test,relational_between,vector,38,2018_2179329__event_002,0.5515156388282776,True
tokyo_130084_relational_between,130084,stress_test,relational_between,vector,39,2018_2179320__event_002,0.5507297515869141,True
tokyo_130084_relational_between,130084,stress_test,relational_between,vector,40,2018_2179325__event_002,0.5472772121429443,True
tokyo_130084_relational_between,130084,stress_test,relational_between,vector,41,2018_2179313__event_002,0.5468457937240601,True
tokyo_130084_relational_between,130084,stress_test,relational_between,vector,42,2018_2179309__event_002,0.545454204082489,True
tokyo_130084_relational_between,130084,stress_test,relational_between,vector,43,2018_2179293__event_002,0.5445454120635986,True
tokyo_130084_relational_between,130084,stress_test,relational_between,vector,44,2018_2179315__event_002,0.543808102607727,True
tokyo_130084_relational_between,130084,stress_test,relational_between,vector,45,2018_2179316__event_002,0.5419365763664246,True
tokyo_130084_relational_between,130084,stress_test,relational_between,vector,46,2018_2179334__event_001,0.5405765771865845,True
tokyo_130084_relational_between,130084,stress_test,relational_between,vector,47,2018_2179308__event_001,0.5403338074684143,True
tokyo_130084_relational_between,130084,stress_test,relational_between,vector,48,2018_2179303__event_002,0.540263295173645,True
tokyo_130084_relational_between,130084,stress_test,relational_between,vector,49,2018_2179318__event_001,0.5397616624832153,True
tokyo_130084_relational_between,130084,stress_test,relational_between,vector,50,2018_2179331__event_001,0.5395520925521851,True
tokyo_130084_relational_between,130084,stress_test,relational_between,vector,51,2018_2179341__event_002,0.5387868881225586,True
tokyo_130084_relational_between,130084,stress_test,relational_between,vector,52,2018_2179308__event_002,0.5375866889953613,True
tokyo_130084_relational_between,130084,stress_test,relational_between,vector,53,2018_2179315__event_001,0.5370641350746155,True
tokyo_130084_relational_between,130084,stress_test,relational_between,vector,54,2018_2179314__event_002,0.5347609519958496,True
tokyo_130084_relational_between,130084,stress_test,relational_between,vector,55,2018_2179338__event_001,0.5343866944313049,True
tokyo_130084_relational_between,130084,stress_test,relational_between,vector,56,2018_2179306__event_004,0.534329891204834,True
tokyo_130084_relational_between,130084,stress_test,relational_between,vector,57,2018_2179300__event_002,0.5332964658737183,True
tokyo_130084_relational_between,130084,stress_test,relational_between,vector,58,2018_2179303__event_001,0.52870774269104,True
tokyo_130084_relational_between,130084,stress_test,relational_between,vector,59,2018_2179321__event_001,0.5275408029556274,True
tokyo_130084_relational_between,130084,stress_test,relational_between,vector,60,2018_2179318__event_002,0.5259901285171509,True
tokyo_130084_relational_between,130084,stress_test,relational_between,vector,61,2018_2179311__event_002,0.5259549021720886,True
tokyo_130084_relational_between,130084,stress_test,relational_between,vector,62,2018_2179304__event_001,0.5254107713699341,True
tokyo_130084_relational_between,130084,stress_test,relational_between,vector,63,2018_2179308__event_003,0.5223428606987,True
tokyo_130084_relational_between,130084,stress_test,relational_between,vector,64,2018_2179306__event_001,0.517367959022522,True
tokyo_130084_relational_between,130084,stress_test,relational_between,vector,65,2018_2179311__event_001,0.5153088569641113,True
tokyo_130084_relational_between,130084,stress_test,relational_between,vector,66,2018_2179305__event_002,0.5070338845252991,True
tokyo_130084_relational_between,130084,stress_test,relational_between,vector,67,2018_2179331__event_002,0.5057802200317383,True
tokyo_130084_relational_between,130084,stress_test,relational_between,vector,68,2018_2179305__event_001,0.4972401261329651,True
tokyo_130084_relational_between,130084,stress_test,relational_between,vector,69,2018_2179339__event_002,0.48188790678977966,True
tokyo_130084_relational_between,130084,stress_test,relational_between,vector,70,2018_2179333__event_001,0.4691409468650818,True
tokyo_130084_relational_between,130084,stress_test,relational_between,vector,71,2018_2179333__event_002,0.4560784697532654,True
tokyo_130084_relational_between,130084,stress_test,relational_between,vector,72,2018_2179310__event_001,0.4476468861103058,True
tokyo_130084_relational_between,130084,stress_test,relational_between,vector,73,2018_2179339__event_001,0.4449668526649475,True
tokyo_130084_relational_between,130084,stress_test,relational_between,vector,74,2018_2179326__event_002,0.43749627470970154,True
tokyo_130084_relational_between,130084,stress_test,relational_between,vector,75,2018_2179341__event_001,0.4346995949745178,True
tokyo_130084_relational_between,130084,stress_test,relational_between,vector,76,2018_2179313__event_001,0.423273503780365,True
tokyo_130084_relational_between,130084,stress_test,relational_between,vector,77,2018_2179323__event_001,0.39827436208724976,True
tokyo_130084_relational_between,130084,stress_test,relational_between,vector,78,2018_2179323__event_002,0.3907935321331024,True
tokyo_130084_relational_between,130084,stress_test,relational_between,vector,79,2018_2179325__event_001,0.3718723654747009,True
tokyo_130568_relational_between,130568,stress_test,relational_between,vector,1,2018_2187162__event_002,0.6384803056716919,False
tokyo_130568_relational_between,130568,stress_test,relational_between,vector,2,2018_2187165__event_004,0.636673092842102,False
tokyo_130568_relational_between,130568,stress_test,relational_between,vector,3,2018_2187170__event_002,0.6064577102661133,False
tokyo_130568_relational_between,130568,stress_test,relational_between,vector,4,2018_2187168__event_001,0.5915714502334595,False
tokyo_130568_relational_between,130568,stress_test,relational_between,vector,5,2018_2187166__event_001,0.5741438269615173,False
tokyo_130568_relational_between,130568,stress_test,relational_between,vector,6,2018_2187171__event_002,0.5610526204109192,False
tokyo_130568_relational_between,130568,stress_test,relational_between,vector,7,2018_2187165__event_005,0.5296064019203186,False
tokyo_130568_relational_between,130568,stress_test,relational_between,vector,8,2018_2187173__event_004,0.5125113725662231,False
tokyo_130568_relational_between,130568,stress_test,relational_between,vector,9,2018_2187171__event_001,0.5094262361526489,False
tokyo_130568_relational_between,130568,stress_test,relational_between,vector,10,2018_2187165__event_006,0.5016331672668457,False
tokyo_130568_relational_between,130568,stress_test,relational_between,vector,11,2018_2187173__event_005,0.49771836400032043,False
tokyo_130568_relational_between,130568,stress_test,relational_between,vector,12,2018_2187162__event_001,0.49666404724121094,False
tokyo_130568_relational_between,130568,stress_test,relational_between,vector,13,2018_2187165__event_002,0.49546849727630615,False
tokyo_130568_relational_between,130568,stress_test,relational_between,vector,14,2018_2187164__event_001,0.4939327836036682,False
tokyo_130568_relational_between,130568,stress_test,relational_between,vector,15,2018_2187165__event_003,0.4918908178806305,False
tokyo_130568_relational_between,130568,stress_test,relational_between,vector,16,2018_2187173__event_006,0.4868268370628357,False
tokyo_130568_relational_between,130568,stress_test,relational_between,vector,17,2018_2187165__event_007,0.4823537766933441,False
tokyo_130568_relational_between,130568,stress_test,relational_between,vector,18,2018_2187164__event_002,0.4720040559768677,False
tokyo_130568_relational_between,130568,stress_test,relational_between,vector,19,2018_2187173__event_003,0.46675917506217957,False
tokyo_130568_relational_between,130568,stress_test,relational_between,vector,20,2018_2187170__event_001,0.46547967195510864,False
tokyo_130568_relational_between,130568,stress_test,relational_between,vector,21,2018_2187168__event_002,0.46532875299453735,False
tokyo_130568_relational_between,130568,stress_test,relational_between,vector,22,2018_2187166__event_002,0.4642295837402344,False
tokyo_130568_relational_between,130568,stress_test,relational_between,vector,23,2018_2187173__event_002,0.45353466272354126,False
tokyo_130568_relational_between,130568,stress_test,relational_between,vector,24,2018_2187163__event_001,0.4468405246734619,False
tokyo_130568_relational_between,130568,stress_test,relational_between,vector,25,2018_2187173__event_001,0.4447363615036011,False
tokyo_130568_relational_between,130568,stress_test,relational_between,vector,26,2018_2187170__event_003,0.43936002254486084,False
tokyo_130568_relational_between,130568,stress_test,relational_between,vector,27,2018_2187164__event_003,0.43496590852737427,False
tokyo_130568_relational_between,130568,stress_test,relational_between,vector,28,2018_2187171__event_003,0.43331533670425415,False
tokyo_130568_relational_between,130568,stress_test,relational_between,vector,29,2018_2187169__event_002,0.4253619313240051,False
tokyo_130568_relational_between,130568,stress_test,relational_between,vector,30,2018_2187173__event_007,0.42439040541648865,False
tokyo_130568_relational_between,130568,stress_test,relational_between,vector,31,2018_2187163__event_002,0.4081384539604187,False
tokyo_130568_relational_between,130568,stress_test,relational_between,vector,32,2018_2187169__event_001,0.40219396352767944,False
tokyo_130568_relational_between,130568,stress_test,relational_between,vector,33,2018_2187162__event_003,0.3911745250225067,False
tokyo_130568_relational_between,130568,stress_test,relational_between,vector,34,2018_2187165__event_001,0.3649550676345825,False
tokyo_130777_relational_between,130777,stress_test,relational_between,vector,1,2018_2190768__event_002,0.6798970699310303,False
tokyo_130777_relational_between,130777,stress_test,relational_between,vector,2,2018_2190768__event_004,0.6602005958557129,False
tokyo_130777_relational_between,130777,stress_test,relational_between,vector,3,2018_2190703__event_003,0.6555037498474121,False
tokyo_130777_relational_between,130777,stress_test,relational_between,vector,4,2018_2190727__event_001,0.6500175595283508,False
tokyo_130777_relational_between,130777,stress_test,relational_between,vector,5,2018_2190763__event_001,0.6429011821746826,False
tokyo_130777_relational_between,130777,stress_test,relational_between,vector,6,2018_2190718__event_002,0.6428038477897644,False
tokyo_130777_relational_between,130777,stress_test,relational_between,vector,7,2018_2190688__event_002,0.6366574764251709,False
tokyo_130777_relational_between,130777,stress_test,relational_between,vector,8,2018_2190688__event_001,0.6165755391120911,False
tokyo_130777_relational_between,130777,stress_test,relational_between,vector,9,2018_2190768__event_001,0.49739396572113037,False
tokyo_130777_relational_between,130777,stress_test,relational_between,vector,10,2018_2190753__event_002,0.4901702404022217,False
tokyo_130777_relational_between,130777,stress_test,relational_between,vector,11,2018_2190728__event_001,0.48963695764541626,False
tokyo_130777_relational_between,130777,stress_test,relational_between,vector,12,2018_2190753__event_001,0.4829530119895935,False
tokyo_130777_relational_between,130777,stress_test,relational_between,vector,13,2018_2190768__event_005,0.47281086444854736,False
tokyo_130777_relational_between,130777,stress_test,relational_between,vector,14,2018_2190703__event_001,0.4724768400192261,False
tokyo_130777_relational_between,130777,stress_test,relational_between,vector,15,2018_2190768__event_003,0.4706435799598694,False
tokyo_130777_relational_between,130777,stress_test,relational_between,vector,16,2018_2190703__event_002,0.4701511561870575,False
tokyo_130777_relational_between,130777,stress_test,relational_between,vector,17,2018_2190742__event_002,0.46937209367752075,False
tokyo_130777_relational_between,130777,stress_test,relational_between,vector,18,2018_2190750__event_002,0.46633556485176086,False
tokyo_130777_relational_between,130777,stress_test,relational_between,vector,19,2018_2190696__event_002,0.4581514000892639,False
tokyo_130777_relational_between,130777,stress_test,relational_between,vector,20,2018_2190763__event_002,0.4564511477947235,False
tokyo_130777_relational_between,130777,stress_test,relational_between,vector,21,2018_2190713__event_002,0.4542691707611084,False
tokyo_130777_relational_between,130777,stress_test,relational_between,vector,22,2018_2190757__event_002,0.44920971989631653,False
tokyo_130777_relational_between,130777,stress_test,relational_between,vector,23,2018_2190742__event_001,0.4484453797340393,False
tokyo_130777_relational_between,130777,stress_test,relational_between,vector,24,2018_2190750__event_001,0.4430496394634247,False
tokyo_130777_relational_between,130777,stress_test,relational_between,vector,25,2018_2190757__event_001,0.4382302463054657,False
tokyo_130777_relational_between,130777,stress_test,relational_between,vector,26,2018_2190713__event_001,0.431128591299057,False
tokyo_130777_relational_between,130777,stress_test,relational_between,vector,27,2018_2190728__event_002,0.4285200834274292,False
tokyo_130777_relational_between,130777,stress_test,relational_between,vector,28,2018_2190718__event_001,0.4271883964538574,False
tokyo_130777_relational_between,130777,stress_test,relational_between,vector,29,2018_2190702__event_002,0.427049845457077,False
tokyo_130777_relational_between,130777,stress_test,relational_between,vector,30,2018_2190696__event_003,0.42660510540008545,False
tokyo_130777_relational_between,130777,stress_test,relational_between,vector,31,2018_2190696__event_001,0.42572468519210815,False
tokyo_130777_relational_between,130777,stress_test,relational_between,vector,32,2018_2190702__event_001,0.4189532995223999,False
tokyo_130777_relational_between,130777,stress_test,relational_between,vector,33,2018_2190727__event_002,0.41489177942276,False
tokyo_130777_relational_between,130777,stress_test,relational_between,vector,34,2018_2190688__event_003,0.39827632904052734,False
tokyo_130872_relational_between,130872,stress_test,relational_between,vector,1,2018_2192471__event_002,0.7723592519760132,False
tokyo_130872_relational_between,130872,stress_test,relational_between,vector,2,2018_2192464__event_003,0.7721920013427734,False
tokyo_130872_relational_between,130872,stress_test,relational_between,vector,3,2018_2192442__event_002,0.7700377702713013,False
tokyo_130872_relational_between,130872,stress_test,relational_between,vector,4,2018_2192462__event_002,0.7694511413574219,False
tokyo_130872_relational_between,130872,stress_test,relational_between,vector,5,2018_2192457__event_002,0.7687082290649414,False
tokyo_130872_relational_between,130872,stress_test,relational_between,vector,6,2018_2192461__event_002,0.7612354755401611,False
tokyo_130872_relational_between,130872,stress_test,relational_between,vector,7,2018_2192458__event_002,0.7571896314620972,False
tokyo_130872_relational_between,130872,stress_test,relational_between,vector,8,2018_2192451__event_002,0.748298704624176,False
tokyo_130872_relational_between,130872,stress_test,relational_between,vector,9,2018_2192468__event_002,0.7437253594398499,False
tokyo_130872_relational_between,130872,stress_test,relational_between,vector,10,2018_2192469__event_003,0.7429808378219604,False
tokyo_130872_relational_between,130872,stress_test,relational_between,vector,11,2018_2192445__event_001,0.7347856163978577,False
tokyo_130872_relational_between,130872,stress_test,relational_between,vector,12,2018_2192476__event_002,0.7198352217674255,False
tokyo_130872_relational_between,130872,stress_test,relational_between,vector,13,2018_2192448__event_002,0.7143839001655579,False
tokyo_130872_relational_between,130872,stress_test,relational_between,vector,14,2018_2192477__event_002,0.7058112621307373,False
tokyo_130872_relational_between,130872,stress_test,relational_between,vector,15,2018_2192464__event_001,0.5873228311538696,False
tokyo_130872_relational_between,130872,stress_test,relational_between,vector,16,2018_2192471__event_001,0.5640700459480286,False
tokyo_130872_relational_between,130872,stress_test,relational_between,vector,17,2018_2192442__event_003,0.5537274479866028,False
tokyo_130872_relational_between,130872,stress_test,relational_between,vector,18,2018_2192464__event_004,0.5446071624755859,False
tokyo_130872_relational_between,130872,stress_test,relational_between,vector,19,2018_2192462__event_001,0.5442937612533569,False
tokyo_130872_relational_between,130872,stress_test,relational_between,vector,20,2018_2192469__event_002,0.5441709160804749,False
tokyo_130872_relational_between,130872,stress_test,relational_between,vector,21,2018_2192451__event_001,0.5290151834487915,False
tokyo_130872_relational_between,130872,stress_test,relational_between,vector,22,2018_2192457__event_001,0.5234667658805847,False
tokyo_130872_relational_between,130872,stress_test,relational_between,vector,23,2018_2192461__event_001,0.5025719404220581,False
tokyo_130872_relational_between,130872,stress_test,relational_between,vector,24,2018_2192477__event_001,0.5022172927856445,False
tokyo_130872_relational_between,130872,stress_test,relational_between,vector,25,2018_2192458__event_001,0.4955315589904785,False
tokyo_130872_relational_between,130872,stress_test,relational_between,vector,26,2018_2192457__event_003,0.48711204528808594,False
tokyo_130872_relational_between,130872,stress_test,relational_between,vector,27,2018_2192464__event_002,0.484757661819458,False
tokyo_130872_relational_between,130872,stress_test,relational_between,vector,28,2018_2192448__event_001,0.48202794790267944,False
tokyo_130872_relational_between,130872,stress_test,relational_between,vector,29,2018_2192468__event_001,0.4748767912387848,False
tokyo_130872_relational_between,130872,stress_test,relational_between,vector,30,2018_2192442__event_001,0.46176886558532715,False
tokyo_130872_relational_between,130872,stress_test,relational_between,vector,31,2018_2192451__event_003,0.44831860065460205,False
tokyo_130872_relational_between,130872,stress_test,relational_between,vector,32,2018_2192469__event_001,0.44643068313598633,False
tokyo_130872_relational_between,130872,stress_test,relational_between,vector,33,2018_2192445__event_002,0.4439225196838379,False
tokyo_130872_relational_between,130872,stress_test,relational_between,vector,34,2018_2192476__event_001,0.43083110451698303,False
tokyo_131525_relational_between,131525,stress_test,relational_between,vector,1,2018_2202064__event_002,0.6243232488632202,False
tokyo_131525_relational_between,131525,stress_test,relational_between,vector,2,2018_2202078__event_001,0.5505011081695557,False
tokyo_131525_relational_between,131525,stress_test,relational_between,vector,3,2018_2202056__event_002,0.5390843152999878,False
tokyo_131525_relational_between,131525,stress_test,relational_between,vector,4,2018_2202055__event_002,0.5375657677650452,False
tokyo_131525_relational_between,131525,stress_test,relational_between,vector,5,2018_2202064__event_001,0.5280859470367432,False
tokyo_131525_relational_between,131525,stress_test,relational_between,vector,6,2018_2202076__event_002,0.5267820358276367,False
tokyo_131525_relational_between,131525,stress_test,relational_between,vector,7,2018_2202054__event_002,0.5257498025894165,False
tokyo_131525_relational_between,131525,stress_test,relational_between,vector,8,2018_2202084__event_002,0.5095916986465454,False
tokyo_131525_relational_between,131525,stress_test,relational_between,vector,9,2018_2202064__event_003,0.49758830666542053,False
tokyo_131525_relational_between,131525,stress_test,relational_between,vector,10,2018_2202061__event_002,0.49576762318611145,False
tokyo_131525_relational_between,131525,stress_test,relational_between,vector,11,2018_2202071__event_001,0.49220559000968933,False
tokyo_131525_relational_between,131525,stress_test,relational_between,vector,12,2018_2202086__event_002,0.490364670753479,False
tokyo_131525_relational_between,131525,stress_test,relational_between,vector,13,2018_2202054__event_001,0.49013835191726685,False
tokyo_131525_relational_between,131525,stress_test,relational_between,vector,14,2018_2202055__event_001,0.4832722246646881,False
tokyo_131525_relational_between,131525,stress_test,relational_between,vector,15,2018_2202061__event_001,0.48196059465408325,False
tokyo_131525_relational_between,131525,stress_test,relational_between,vector,16,2018_2202071__event_002,0.4598703682422638,False
tokyo_131525_relational_between,131525,stress_test,relational_between,vector,17,2018_2202053__event_001,0.45923465490341187,False
tokyo_131525_relational_between,131525,stress_test,relational_between,vector,18,2018_2202065__event_001,0.4575980603694916,False
tokyo_131525_relational_between,131525,stress_test,relational_between,vector,19,2018_2202056__event_001,0.4545099437236786,False
tokyo_131525_relational_between,131525,stress_test,relational_between,vector,20,2018_2202067__event_001,0.45413702726364136,False
tokyo_131525_relational_between,131525,stress_test,relational_between,vector,21,2018_2202065__event_002,0.4540272355079651,False
tokyo_131525_relational_between,131525,stress_test,relational_between,vector,22,2018_2202065__event_003,0.45381757616996765,False
tokyo_131525_relational_between,131525,stress_test,relational_between,vector,23,2018_2202078__event_002,0.45370516180992126,False
tokyo_131525_relational_between,131525,stress_test,relational_between,vector,24,2018_2202071__event_003,0.44250786304473877,False
tokyo_131525_relational_between,131525,stress_test,relational_between,vector,25,2018_2202056__event_003,0.43815869092941284,False
tokyo_131525_relational_between,131525,stress_test,relational_between,vector,26,2018_2202058__event_001,0.4267102777957916,False
tokyo_131525_relational_between,131525,stress_test,relational_between,vector,27,2018_2202076__event_001,0.4222111701965332,False
tokyo_131525_relational_between,131525,stress_test,relational_between,vector,28,2018_2202084__event_001,0.419386625289917,False
tokyo_131525_relational_between,131525,stress_test,relational_between,vector,29,2018_2202086__event_001,0.41520237922668457,False
tokyo_131525_relational_between,131525,stress_test,relational_between,vector,30,2018_2202067__event_002,0.4108433723449707,False
tokyo_131525_relational_between,131525,stress_test,relational_between,vector,31,2018_2202069__event_002,0.3929756283760071,False
tokyo_131525_relational_between,131525,stress_test,relational_between,vector,32,2018_2202069__event_001,0.3924482464790344,False
tokyo_131525_relational_between,131525,stress_test,relational_between,vector,33,2018_2202062__event_002,0.3697366714477539,False
tokyo_131525_relational_between,131525,stress_test,relational_between,vector,34,2018_2202062__event_001,0.3421737551689148,False
tokyo_131525_relational_between,131525,stress_test,relational_between,vector,35,2018_2202053__event_002,0.33694061636924744,False
tokyo_131525_relational_between,131525,stress_test,relational_between,vector,36,2018_2202058__event_002,0.3172074556350708,False
tokyo_132723_relational_between,132723,stress_test,relational_between,vector,1,2018_2219866__event_001,0.7142977714538574,True
tokyo_132723_relational_between,132723,stress_test,relational_between,vector,2,2018_2219923__event_002,0.7140727043151855,True
tokyo_132723_relational_between,132723,stress_test,relational_between,vector,3,2018_2219917__event_002,0.7055971026420593,True
tokyo_132723_relational_between,132723,stress_test,relational_between,vector,4,2018_2219894__event_002,0.7004330158233643,True
tokyo_132723_relational_between,132723,stress_test,relational_between,vector,5,2018_2219871__event_001,0.6980193257331848,True
tokyo_132723_relational_between,132723,stress_test,relational_between,vector,6,2018_2219876__event_002,0.6169415712356567,True
tokyo_132723_relational_between,132723,stress_test,relational_between,vector,7,2018_2219923__event_001,0.6105010509490967,True
tokyo_132723_relational_between,132723,stress_test,relational_between,vector,8,2018_2219888__event_001,0.6025989055633545,True
tokyo_132723_relational_between,132723,stress_test,relational_between,vector,9,2018_2219878__event_001,0.5903992056846619,True
tokyo_132723_relational_between,132723,stress_test,relational_between,vector,10,2018_2219886__event_001,0.5835853219032288,True
tokyo_132723_relational_between,132723,stress_test,relational_between,vector,11,2018_2219876__event_001,0.57364821434021,True
tokyo_132723_relational_between,132723,stress_test,relational_between,vector,12,2018_2219886__event_002,0.5639930963516235,True
tokyo_132723_relational_between,132723,stress_test,relational_between,vector,13,2018_2219917__event_003,0.5444819927215576,True
tokyo_132723_relational_between,132723,stress_test,relational_between,vector,14,2018_2219895__event_001,0.54067063331604,True
tokyo_132723_relational_between,132723,stress_test,relational_between,vector,15,2018_2219871__event_002,0.5401312708854675,True
tokyo_132723_relational_between,132723,stress_test,relational_between,vector,16,2018_2219888__event_002,0.5395916104316711,True
tokyo_132723_relational_between,132723,stress_test,relational_between,vector,17,2018_2219919__event_002,0.5331603288650513,True
tokyo_132723_relational_between,132723,stress_test,relational_between,vector,18,2018_2219918__event_001,0.5321109294891357,True
tokyo_132723_relational_between,132723,stress_test,relational_between,vector,19,2018_2219878__event_002,0.5217227339744568,True
tokyo_132723_relational_between,132723,stress_test,relational_between,vector,20,2018_2219895__event_002,0.5192111730575562,True
tokyo_132723_relational_between,132723,stress_test,relational_between,vector,21,2018_2219915__event_002,0.5127818584442139,True
tokyo_132723_relational_between,132723,stress_test,relational_between,vector,22,2018_2219906__event_002,0.5097475647926331,True
tokyo_132723_relational_between,132723,stress_test,relational_between,vector,23,2018_2219904__event_001,0.5079442262649536,True
tokyo_132723_relational_between,132723,stress_test,relational_between,vector,24,2018_2219880__event_002,0.5075653791427612,True
tokyo_132723_relational_between,132723,stress_test,relational_between,vector,25,2018_2219919__event_001,0.5024614930152893,True
tokyo_132723_relational_between,132723,stress_test,relational_between,vector,26,2018_2219897__event_003,0.4989185333251953,True
tokyo_132723_relational_between,132723,stress_test,relational_between,vector,27,2018_2219903__event_001,0.4906507730484009,True
tokyo_132723_relational_between,132723,stress_test,relational_between,vector,28,2018_2219867__event_002,0.48712944984436035,True
tokyo_132723_relational_between,132723,stress_test,relational_between,vector,29,2018_2219920__event_002,0.4761347770690918,True
tokyo_132723_relational_between,132723,stress_test,relational_between,vector,30,2018_2219866__event_002,0.44215700030326843,True
tokyo_132723_relational_between,132723,stress_test,relational_between,vector,31,2018_2219920__event_001,0.4418494701385498,True
tokyo_132723_relational_between,132723,stress_test,relational_between,vector,32,2018_2219867__event_001,0.42885157465934753,True
tokyo_132723_relational_between,132723,stress_test,relational_between,vector,33,2018_2219894__event_001,0.3858322203159332,True
tokyo_132723_relational_between,132723,stress_test,relational_between,vector,34,2018_2219895__event_003,0.38457900285720825,True
tokyo_132723_relational_between,132723,stress_test,relational_between,vector,35,2018_2219897__event_002,0.37810617685317993,True
tokyo_132723_relational_between,132723,stress_test,relational_between,vector,36,2018_2219891__event_002,0.37443143129348755,True
tokyo_132723_relational_between,132723,stress_test,relational_between,vector,37,2018_2219904__event_002,0.36998289823532104,True
tokyo_132723_relational_between,132723,stress_test,relational_between,vector,38,2018_2219903__event_002,0.36874616146087646,True
tokyo_132723_relational_between,132723,stress_test,relational_between,vector,39,2018_2219891__event_003,0.3651372194290161,True
tokyo_132723_relational_between,132723,stress_test,relational_between,vector,40,2018_2219891__event_001,0.3639955520629883,True
tokyo_132723_relational_between,132723,stress_test,relational_between,vector,41,2018_2219915__event_001,0.3567667007446289,True
tokyo_132723_relational_between,132723,stress_test,relational_between,vector,42,2018_2219897__event_001,0.35393768548965454,True
tokyo_132723_relational_between,132723,stress_test,relational_between,vector,43,2018_2219879__event_001,0.34996873140335083,True
tokyo_132723_relational_between,132723,stress_test,relational_between,vector,44,2018_2219906__event_001,0.34461939334869385,True
tokyo_132723_relational_between,132723,stress_test,relational_between,vector,45,2018_2219879__event_002,0.3433510363101959,True
tokyo_132723_relational_between,132723,stress_test,relational_between,vector,46,2018_2219880__event_001,0.33814501762390137,True
tokyo_132723_relational_between,132723,stress_test,relational_between,vector,47,2018_2219918__event_002,0.3279843330383301,True
tokyo_132723_relational_between,132723,stress_test,relational_between,vector,48,2018_2219917__event_001,0.2732899487018585,True
tokyo_134307_relational_between,134307,stress_test,relational_between,vector,1,2018_2242051__event_002,0.7717925310134888,False
tokyo_134307_relational_between,134307,stress_test,relational_between,vector,2,2018_2242058__event_001,0.5078933835029602,False
tokyo_134307_relational_between,134307,stress_test,relational_between,vector,3,2018_2242042__event_001,0.49316588044166565,False
tokyo_134307_relational_between,134307,stress_test,relational_between,vector,4,2018_2242049__event_001,0.4835969805717468,False
tokyo_134307_relational_between,134307,stress_test,relational_between,vector,5,2018_2242042__event_002,0.48121362924575806,False
tokyo_134307_relational_between,134307,stress_test,relational_between,vector,6,2018_2242033__event_001,0.4804033041000366,False
tokyo_134307_relational_between,134307,stress_test,relational_between,vector,7,2018_2242033__event_003,0.47818899154663086,False
tokyo_134307_relational_between,134307,stress_test,relational_between,vector,8,2018_2242035__event_001,0.47313183546066284,False
tokyo_134307_relational_between,134307,stress_test,relational_between,vector,9,2018_2242051__event_001,0.47188204526901245,False
tokyo_134307_relational_between,134307,stress_test,relational_between,vector,10,2018_2242038__event_001,0.46949154138565063,False
tokyo_134307_relational_between,134307,stress_test,relational_between,vector,11,2018_2242027__event_002,0.4662129282951355,False
tokyo_134307_relational_between,134307,stress_test,relational_between,vector,12,2018_2242033__event_002,0.45808935165405273,False
tokyo_134307_relational_between,134307,stress_test,relational_between,vector,13,2018_2242027__event_001,0.45718899369239807,False
tokyo_134307_relational_between,134307,stress_test,relational_between,vector,14,2018_2242009__event_002,0.45685672760009766,False
tokyo_134307_relational_between,134307,stress_test,relational_between,vector,15,2018_2242009__event_001,0.45256394147872925,False
tokyo_134307_relational_between,134307,stress_test,relational_between,vector,16,2018_2242034__event_001,0.4503629207611084,False
tokyo_134307_relational_between,134307,stress_test,relational_between,vector,17,2018_2242049__event_002,0.4400472044944763,False
tokyo_134307_relational_between,134307,stress_test,relational_between,vector,18,2018_2242043__event_001,0.42936044931411743,False
tokyo_134307_relational_between,134307,stress_test,relational_between,vector,19,2018_2242034__event_002,0.42509108781814575,False
tokyo_134307_relational_between,134307,stress_test,relational_between,vector,20,2018_2242051__event_003,0.38198602199554443,False
tokyo_134307_relational_between,134307,stress_test,relational_between,vector,21,2018_2242043__event_002,0.38005873560905457,False
tokyo_134307_relational_between,134307,stress_test,relational_between,vector,22,2018_2242026__event_001,0.36892199516296387,False
tokyo_134307_relational_between,134307,stress_test,relational_between,vector,23,2018_2242058__event_002,0.3606189787387848,False
tokyo_134307_relational_between,134307,stress_test,relational_between,vector,24,2018_2242035__event_002,0.35831713676452637,False
tokyo_134307_relational_between,134307,stress_test,relational_between,vector,25,2018_2242038__event_002,0.35517969727516174,False
tokyo_134307_relational_between,134307,stress_test,relational_between,vector,26,2018_2242029__event_002,0.33658283948898315,False
tokyo_134307_relational_between,134307,stress_test,relational_between,vector,27,2018_2242029__event_001,0.3132200241088867,False
tokyo_134307_relational_between,134307,stress_test,relational_between,vector,28,2018_2242026__event_002,0.19961415231227875,False
tokyo_135393_relational_between,135393,stress_test,relational_between,vector,1,2018_2257318__event_003,0.620761513710022,False
tokyo_135393_relational_between,135393,stress_test,relational_between,vector,2,2018_2257299__event_001,0.594090461730957,False
tokyo_135393_relational_between,135393,stress_test,relational_between,vector,3,2018_2257283__event_004,0.5859055519104004,False
tokyo_135393_relational_between,135393,stress_test,relational_between,vector,4,2018_2257269__event_002,0.5831212997436523,False
tokyo_135393_relational_between,135393,stress_test,relational_between,vector,5,2018_2257267__event_001,0.5587201118469238,False
tokyo_135393_relational_between,135393,stress_test,relational_between,vector,6,2018_2257318__event_002,0.5074422359466553,False
tokyo_135393_relational_between,135393,stress_test,relational_between,vector,7,2018_2257293__event_002,0.4448998272418976,False
tokyo_135393_relational_between,135393,stress_test,relational_between,vector,8,2018_2257299__event_002,0.4204522967338562,False
tokyo_135393_relational_between,135393,stress_test,relational_between,vector,9,2018_2257271__event_001,0.41924145817756653,False
tokyo_135393_relational_between,135393,stress_test,relational_between,vector,10,2018_2257260__event_002,0.4173963963985443,False
tokyo_135393_relational_between,135393,stress_test,relational_between,vector,11,2018_2257267__event_002,0.41204726696014404,False
tokyo_135393_relational_between,135393,stress_test,relational_between,vector,12,2018_2257266__event_002,0.40665555000305176,False
tokyo_135393_relational_between,135393,stress_test,relational_between,vector,13,2018_2257273__event_001,0.398578941822052,False
tokyo_135393_relational_between,135393,stress_test,relational_between,vector,14,2018_2257269__event_001,0.39354074001312256,False
tokyo_135393_relational_between,135393,stress_test,relational_between,vector,15,2018_2257318__event_004,0.3882513642311096,False
tokyo_135393_relational_between,135393,stress_test,relational_between,vector,16,2018_2257268__event_002,0.38574397563934326,False
tokyo_135393_relational_between,135393,stress_test,relational_between,vector,17,2018_2257293__event_001,0.3841235637664795,False
tokyo_135393_relational_between,135393,stress_test,relational_between,vector,18,2018_2257293__event_003,0.3834497928619385,False
tokyo_135393_relational_between,135393,stress_test,relational_between,vector,19,2018_2257283__event_003,0.3722192049026489,False
tokyo_135393_relational_between,135393,stress_test,relational_between,vector,20,2018_2257280__event_002,0.3718489408493042,False
tokyo_135393_relational_between,135393,stress_test,relational_between,vector,21,2018_2257280__event_001,0.35932397842407227,False
tokyo_135393_relational_between,135393,stress_test,relational_between,vector,22,2018_2257271__event_002,0.35497742891311646,False
tokyo_135393_relational_between,135393,stress_test,relational_between,vector,23,2018_2257283__event_002,0.35454580187797546,False
tokyo_135393_relational_between,135393,stress_test,relational_between,vector,24,2018_2257274__event_003,0.35002586245536804,False
tokyo_135393_relational_between,135393,stress_test,relational_between,vector,25,2018_2257274__event_002,0.34122583270072937,False
tokyo_135393_relational_between,135393,stress_test,relational_between,vector,26,2018_2257276__event_002,0.3387293815612793,False
tokyo_135393_relational_between,135393,stress_test,relational_between,vector,27,2018_2257273__event_002,0.3335728645324707,False
tokyo_135393_relational_between,135393,stress_test,relational_between,vector,28,2018_2257282__event_002,0.3328140377998352,False
tokyo_135393_relational_between,135393,stress_test,relational_between,vector,29,2018_2257266__event_001,0.329507976770401,False
tokyo_135393_relational_between,135393,stress_test,relational_between,vector,30,2018_2257283__event_001,0.32869720458984375,False
tokyo_135393_relational_between,135393,stress_test,relational_between,vector,31,2018_2257295__event_002,0.32704323530197144,False
tokyo_135393_relational_between,135393,stress_test,relational_between,vector,32,2018_2257295__event_001,0.314808189868927,False
tokyo_135393_relational_between,135393,stress_test,relational_between,vector,33,2018_2257265__event_002,0.313845157623291,False
tokyo_135393_relational_between,135393,stress_test,relational_between,vector,34,2018_2257318__event_001,0.31355106830596924,False
tokyo_135393_relational_between,135393,stress_test,relational_between,vector,35,2018_2257260__event_001,0.30780529975891113,False
tokyo_135393_relational_between,135393,stress_test,relational_between,vector,36,2018_2257265__event_003,0.3072931170463562,False
tokyo_135393_relational_between,135393,stress_test,relational_between,vector,37,2018_2257299__event_003,0.2957768142223358,False
tokyo_135393_relational_between,135393,stress_test,relational_between,vector,38,2018_2257268__event_001,0.29266655445098877,False
tokyo_135393_relational_between,135393,stress_test,relational_between,vector,39,2018_2257272__event_002,0.2705172896385193,False
tokyo_135393_relational_between,135393,stress_test,relational_between,vector,40,2018_2257262__event_002,0.27041739225387573,False
tokyo_135393_relational_between,135393,stress_test,relational_between,vector,41,2018_2257272__event_001,0.26280438899993896,False
tokyo_135393_relational_between,135393,stress_test,relational_between,vector,42,2018_2257282__event_001,0.2596632242202759,False
tokyo_135393_relational_between,135393,stress_test,relational_between,vector,43,2018_2257276__event_001,0.2505881190299988,False
tokyo_135393_relational_between,135393,stress_test,relational_between,vector,44,2018_2257262__event_001,0.2359471619129181,False
tokyo_135393_relational_between,135393,stress_test,relational_between,vector,45,2018_2257265__event_001,0.23268811404705048,False
tokyo_135393_relational_between,135393,stress_test,relational_between,vector,46,2018_2257274__event_001,0.2193101942539215,False
tokyo_138301_relational_between,138301,stress_test,relational_between,vector,1,2018_2294113__event_002,0.710385799407959,False
tokyo_138301_relational_between,138301,stress_test,relational_between,vector,2,2018_2294109__event_002,0.6921141743659973,False
tokyo_138301_relational_between,138301,stress_test,relational_between,vector,3,2018_2294102__event_001,0.6887195706367493,False
tokyo_138301_relational_between,138301,stress_test,relational_between,vector,4,2018_2294107__event_001,0.6830450296401978,False
tokyo_138301_relational_between,138301,stress_test,relational_between,vector,5,2018_2294107__event_002,0.6733052730560303,False
tokyo_138301_relational_between,138301,stress_test,relational_between,vector,6,2018_2294131__event_002,0.6710885167121887,False
tokyo_138301_relational_between,138301,stress_test,relational_between,vector,7,2018_2294065__event_003,0.6632477641105652,False
tokyo_138301_relational_between,138301,stress_test,relational_between,vector,8,2018_2294097__event_002,0.6559115648269653,False
tokyo_138301_relational_between,138301,stress_test,relational_between,vector,9,2018_2294100__event_002,0.6538679599761963,False
tokyo_138301_relational_between,138301,stress_test,relational_between,vector,10,2018_2294117__event_002,0.6492272615432739,False
tokyo_138301_relational_between,138301,stress_test,relational_between,vector,11,2018_2294067__event_002,0.6389679908752441,False
tokyo_138301_relational_between,138301,stress_test,relational_between,vector,12,2018_2294113__event_003,0.463485985994339,False
tokyo_138301_relational_between,138301,stress_test,relational_between,vector,13,2018_2294102__event_002,0.44995465874671936,False
tokyo_138301_relational_between,138301,stress_test,relational_between,vector,14,2018_2294104__event_003,0.44860339164733887,False
tokyo_138301_relational_between,138301,stress_test,relational_between,vector,15,2018_2294113__event_001,0.4479972720146179,False
tokyo_138301_relational_between,138301,stress_test,relational_between,vector,16,2018_2294102__event_003,0.44110307097435,False
tokyo_138301_relational_between,138301,stress_test,relational_between,vector,17,2018_2294120__event_002,0.4397848844528198,False
tokyo_138301_relational_between,138301,stress_test,relational_between,vector,18,2018_2294113__event_004,0.4396446943283081,False
tokyo_138301_relational_between,138301,stress_test,relational_between,vector,19,2018_2294115__event_001,0.4345738887786865,False
tokyo_138301_relational_between,138301,stress_test,relational_between,vector,20,2018_2294109__event_003,0.4323101043701172,False
tokyo_138301_relational_between,138301,stress_test,relational_between,vector,21,2018_2294126__event_001,0.42901167273521423,False
tokyo_138301_relational_between,138301,stress_test,relational_between,vector,22,2018_2294065__event_002,0.4286057949066162,False
tokyo_138301_relational_between,138301,stress_test,relational_between,vector,23,2018_2294120__event_001,0.4268217086791992,False
tokyo_138301_relational_between,138301,stress_test,relational_between,vector,24,2018_2294131__event_001,0.4250850975513458,False
tokyo_138301_relational_between,138301,stress_test,relational_between,vector,25,2018_2294132__event_002,0.41804051399230957,False
tokyo_138301_relational_between,138301,stress_test,relational_between,vector,26,2018_2294104__event_001,0.41380423307418823,False
tokyo_138301_relational_between,138301,stress_test,relational_between,vector,27,2018_2294115__event_002,0.40376895666122437,False
tokyo_138301_relational_between,138301,stress_test,relational_between,vector,28,2018_2294126__event_002,0.4020012617111206,False
tokyo_138301_relational_between,138301,stress_test,relational_between,vector,29,2018_2294104__event_002,0.40008339285850525,False
tokyo_138301_relational_between,138301,stress_test,relational_between,vector,30,2018_2294104__event_004,0.3939915895462036,False
tokyo_138301_relational_between,138301,stress_test,relational_between,vector,31,2018_2294132__event_001,0.3862149119377136,False
tokyo_138301_relational_between,138301,stress_test,relational_between,vector,32,2018_2294117__event_001,0.38527610898017883,False
tokyo_138301_relational_between,138301,stress_test,relational_between,vector,33,2018_2294100__event_001,0.37656402587890625,False
tokyo_138301_relational_between,138301,stress_test,relational_between,vector,34,2018_2294065__event_001,0.368208110332489,False
tokyo_138301_relational_between,138301,stress_test,relational_between,vector,35,2018_2294067__event_001,0.3669155538082123,False
tokyo_138301_relational_between,138301,stress_test,relational_between,vector,36,2018_2294109__event_001,0.363228976726532,False
tokyo_138301_relational_between,138301,stress_test,relational_between,vector,37,2018_2294097__event_001,0.3493790030479431,False
tokyo_138301_relational_between,138301,stress_test,relational_between,vector,38,2018_2294095__event_001,0.25631922483444214,False
tokyo_138301_relational_between,138301,stress_test,relational_between,vector,39,2018_2294095__event_002,0.2442641705274582,False
tokyo_139656_relational_between,139656,stress_test,relational_between,vector,1,2018_2308875__event_001,0.6326440572738647,True
tokyo_139656_relational_between,139656,stress_test,relational_between,vector,2,2018_2308886__event_001,0.6236028075218201,True
tokyo_139656_relational_between,139656,stress_test,relational_between,vector,3,2018_2308874__event_001,0.6185117959976196,True
tokyo_139656_relational_between,139656,stress_test,relational_between,vector,4,2018_2308885__event_001,0.61726975440979,True
tokyo_139656_relational_between,139656,stress_test,relational_between,vector,5,2018_2308868__event_001,0.6137630939483643,True
tokyo_139656_relational_between,139656,stress_test,relational_between,vector,6,2018_2308880__event_001,0.6132925748825073,True
tokyo_139656_relational_between,139656,stress_test,relational_between,vector,7,2018_2308857__event_001,0.6119970679283142,True
tokyo_139656_relational_between,139656,stress_test,relational_between,vector,8,2018_2308836__event_001,0.6108790040016174,True
tokyo_139656_relational_between,139656,stress_test,relational_between,vector,9,2018_2308884__event_001,0.6084237098693848,True
tokyo_139656_relational_between,139656,stress_test,relational_between,vector,10,2018_2308866__event_001,0.605589747428894,True
tokyo_139656_relational_between,139656,stress_test,relational_between,vector,11,2018_2308879__event_001,0.6035608649253845,True
tokyo_139656_relational_between,139656,stress_test,relational_between,vector,12,2018_2308837__event_001,0.6021724343299866,True
tokyo_139656_relational_between,139656,stress_test,relational_between,vector,13,2018_2308864__event_001,0.5969268083572388,True
tokyo_139656_relational_between,139656,stress_test,relational_between,vector,14,2018_2308851__event_002,0.594612717628479,True
tokyo_139656_relational_between,139656,stress_test,relational_between,vector,15,2018_2308859__event_001,0.5943988561630249,True
tokyo_139656_relational_between,139656,stress_test,relational_between,vector,16,2018_2308869__event_001,0.5926769375801086,True
tokyo_139656_relational_between,139656,stress_test,relational_between,vector,17,2018_2308834__event_001,0.5917969346046448,True
tokyo_139656_relational_between,139656,stress_test,relational_between,vector,18,2018_2308887__event_001,0.5910779237747192,True
tokyo_139656_relational_between,139656,stress_test,relational_between,vector,19,2018_2308861__event_001,0.590890109539032,True
tokyo_139656_relational_between,139656,stress_test,relational_between,vector,20,2018_2308844__event_001,0.5898327827453613,True
tokyo_139656_relational_between,139656,stress_test,relational_between,vector,21,2018_2308839__event_001,0.5880073308944702,True
tokyo_139656_relational_between,139656,stress_test,relational_between,vector,22,2018_2308840__event_001,0.5858184695243835,True
tokyo_139656_relational_between,139656,stress_test,relational_between,vector,23,2018_2308852__event_001,0.5852181911468506,True
tokyo_139656_relational_between,139656,stress_test,relational_between,vector,24,2018_2308845__event_001,0.5632910132408142,True
tokyo_139656_relational_between,139656,stress_test,relational_between,vector,25,2018_2308849__event_001,0.5614826679229736,True
tokyo_139656_relational_between,139656,stress_test,relational_between,vector,26,2018_2308846__event_001,0.5591549277305603,True
tokyo_139656_relational_between,139656,stress_test,relational_between,vector,27,2018_2308875__event_002,0.5584869980812073,True
tokyo_139656_relational_between,139656,stress_test,relational_between,vector,28,2018_2308863__event_001,0.5578221082687378,True
tokyo_139656_relational_between,139656,stress_test,relational_between,vector,29,2018_2308880__event_002,0.5562832355499268,True
tokyo_139656_relational_between,139656,stress_test,relational_between,vector,30,2018_2308885__event_002,0.5495877861976624,True
tokyo_139656_relational_between,139656,stress_test,relational_between,vector,31,2018_2308857__event_002,0.5480567812919617,True
tokyo_139656_relational_between,139656,stress_test,relational_between,vector,32,2018_2308868__event_002,0.5451952815055847,True
tokyo_139656_relational_between,139656,stress_test,relational_between,vector,33,2018_2308886__event_002,0.5446723103523254,True
tokyo_139656_relational_between,139656,stress_test,relational_between,vector,34,2018_2308874__event_002,0.5430235266685486,True
tokyo_139656_relational_between,139656,stress_test,relational_between,vector,35,2018_2308866__event_002,0.5418034195899963,True
tokyo_139656_relational_between,139656,stress_test,relational_between,vector,36,2018_2308837__event_002,0.5399568676948547,True
tokyo_139656_relational_between,139656,stress_test,relational_between,vector,37,2018_2308836__event_002,0.5374100804328918,True
tokyo_139656_relational_between,139656,stress_test,relational_between,vector,38,2018_2308864__event_002,0.5365035533905029,True
tokyo_139656_relational_between,139656,stress_test,relational_between,vector,39,2018_2308834__event_002,0.5358022451400757,True
tokyo_139656_relational_between,139656,stress_test,relational_between,vector,40,2018_2308884__event_002,0.5352628231048584,True
tokyo_139656_relational_between,139656,stress_test,relational_between,vector,41,2018_2308879__event_002,0.5320695638656616,True
tokyo_139656_relational_between,139656,stress_test,relational_between,vector,42,2018_2308844__event_002,0.5302968621253967,True
tokyo_139656_relational_between,139656,stress_test,relational_between,vector,43,2018_2308859__event_002,0.5302718877792358,True
tokyo_139656_relational_between,139656,stress_test,relational_between,vector,44,2018_2308861__event_002,0.5295286774635315,True
tokyo_139656_relational_between,139656,stress_test,relational_between,vector,45,2018_2308869__event_002,0.5273830890655518,True
tokyo_139656_relational_between,139656,stress_test,relational_between,vector,46,2018_2308852__event_002,0.5253891944885254,True
tokyo_139656_relational_between,139656,stress_test,relational_between,vector,47,2018_2308840__event_002,0.5231058597564697,True
tokyo_139656_relational_between,139656,stress_test,relational_between,vector,48,2018_2308839__event_002,0.520928680896759,True
tokyo_139656_relational_between,139656,stress_test,relational_between,vector,49,2018_2308887__event_002,0.5103169679641724,True
tokyo_139656_relational_between,139656,stress_test,relational_between,vector,50,2018_2308845__event_002,0.5057593584060669,True
tokyo_139656_relational_between,139656,stress_test,relational_between,vector,51,2018_2308849__event_002,0.5020628571510315,True
tokyo_139656_relational_between,139656,stress_test,relational_between,vector,52,2018_2308846__event_002,0.49878090620040894,True
tokyo_139656_relational_between,139656,stress_test,relational_between,vector,53,2018_2308851__event_003,0.49419939517974854,True
tokyo_139656_relational_between,139656,stress_test,relational_between,vector,54,2018_2308851__event_001,0.4733627736568451,True
tokyo_139656_relational_between,139656,stress_test,relational_between,vector,55,2018_2308863__event_002,0.3780355453491211,True
tokyo_140775_relational_between,140775,stress_test,relational_between,vector,1,2018_2320646__event_002,0.7289822101593018,False
tokyo_140775_relational_between,140775,stress_test,relational_between,vector,2,2018_2320646__event_004,0.6454586386680603,False
tokyo_140775_relational_between,140775,stress_test,relational_between,vector,3,2018_2320660__event_001,0.6329030990600586,False
tokyo_140775_relational_between,140775,stress_test,relational_between,vector,4,2018_2320657__event_001,0.6266430616378784,False
tokyo_140775_relational_between,140775,stress_test,relational_between,vector,5,2018_2320666__event_001,0.6069419384002686,False
tokyo_140775_relational_between,140775,stress_test,relational_between,vector,6,2018_2320666__event_002,0.5990594625473022,False
tokyo_140775_relational_between,140775,stress_test,relational_between,vector,7,2018_2320646__event_001,0.5831233263015747,False
tokyo_140775_relational_between,140775,stress_test,relational_between,vector,8,2018_2320660__event_002,0.5755902528762817,False
tokyo_140775_relational_between,140775,stress_test,relational_between,vector,9,2018_2320646__event_003,0.5385276079177856,False
tokyo_140775_relational_between,140775,stress_test,relational_between,vector,10,2018_2320634__event_003,0.5304458141326904,False
tokyo_140775_relational_between,140775,stress_test,relational_between,vector,11,2018_2320665__event_002,0.5234173536300659,False
tokyo_140775_relational_between,140775,stress_test,relational_between,vector,12,2018_2320634__event_002,0.5189880728721619,False
tokyo_140775_relational_between,140775,stress_test,relational_between,vector,13,2018_2320634__event_001,0.506066083908081,False
tokyo_140775_relational_between,140775,stress_test,relational_between,vector,14,2018_2320664__event_002,0.4977948069572449,False
tokyo_140775_relational_between,140775,stress_test,relational_between,vector,15,2018_2320675__event_002,0.49141865968704224,False
tokyo_140775_relational_between,140775,stress_test,relational_between,vector,16,2018_2320665__event_001,0.49001532793045044,False
tokyo_140775_relational_between,140775,stress_test,relational_between,vector,17,2018_2320655__event_001,0.48424699902534485,False
tokyo_140775_relational_between,140775,stress_test,relational_between,vector,18,2018_2320676__event_001,0.4739648699760437,False
tokyo_140775_relational_between,140775,stress_test,relational_between,vector,19,2018_2320657__event_002,0.4727874994277954,False
tokyo_140775_relational_between,140775,stress_test,relational_between,vector,20,2018_2320676__event_002,0.4671701192855835,False
tokyo_140775_relational_between,140775,stress_test,relational_between,vector,21,2018_2320655__event_002,0.45916417241096497,False
tokyo_140775_relational_between,140775,stress_test,relational_between,vector,22,2018_2320664__event_001,0.4539608955383301,False
tokyo_140775_relational_between,140775,stress_test,relational_between,vector,23,2018_2320675__event_001,0.4464185833930969,False
tokyo_149225_relational_between,149225,stress_test,relational_between,vector,1,2018_2402537__event_002,0.6384885311126709,False
tokyo_149225_relational_between,149225,stress_test,relational_between,vector,2,2018_2402517__event_002,0.5754873156547546,False
tokyo_149225_relational_between,149225,stress_test,relational_between,vector,3,2018_2402512__event_002,0.44224151968955994,False
tokyo_149225_relational_between,149225,stress_test,relational_between,vector,4,2018_2402517__event_001,0.44031399488449097,False
tokyo_149225_relational_between,149225,stress_test,relational_between,vector,5,2018_2402534__event_002,0.4401617646217346,False
tokyo_149225_relational_between,149225,stress_test,relational_between,vector,6,2018_2402531__event_002,0.4385616183280945,False
tokyo_149225_relational_between,149225,stress_test,relational_between,vector,7,2018_2402533__event_001,0.4335750937461853,False
tokyo_149225_relational_between,149225,stress_test,relational_between,vector,8,2018_2402516__event_002,0.4311087429523468,False
tokyo_149225_relational_between,149225,stress_test,relational_between,vector,9,2018_2402520__event_002,0.43018513917922974,False
tokyo_149225_relational_between,149225,stress_test,relational_between,vector,10,2018_2402528__event_002,0.42835766077041626,False
tokyo_149225_relational_between,149225,stress_test,relational_between,vector,11,2018_2402526__event_002,0.4175078868865967,False
tokyo_149225_relational_between,149225,stress_test,relational_between,vector,12,2018_2402533__event_002,0.41557538509368896,False
tokyo_149225_relational_between,149225,stress_test,relational_between,vector,13,2018_2402537__event_003,0.41123050451278687,False
tokyo_149225_relational_between,149225,stress_test,relational_between,vector,14,2018_2402529__event_002,0.41072559356689453,False
tokyo_149225_relational_between,149225,stress_test,relational_between,vector,15,2018_2402538__event_002,0.40890365839004517,False
tokyo_149225_relational_between,149225,stress_test,relational_between,vector,16,2018_2402526__event_001,0.40757450461387634,False
tokyo_149225_relational_between,149225,stress_test,relational_between,vector,17,2018_2402531__event_001,0.4009571075439453,False
tokyo_149225_relational_between,149225,stress_test,relational_between,vector,18,2018_2402517__event_003,0.39286285638809204,False
tokyo_149225_relational_between,149225,stress_test,relational_between,vector,19,2018_2402528__event_001,0.3871195316314697,False
tokyo_149225_relational_between,149225,stress_test,relational_between,vector,20,2018_2402538__event_001,0.38273483514785767,False
tokyo_149225_relational_between,149225,stress_test,relational_between,vector,21,2018_2402523__event_001,0.3825700283050537,False
tokyo_149225_relational_between,149225,stress_test,relational_between,vector,22,2018_2402514__event_002,0.38023555278778076,False
tokyo_149225_relational_between,149225,stress_test,relational_between,vector,23,2018_2402512__event_001,0.37671715021133423,False
tokyo_149225_relational_between,149225,stress_test,relational_between,vector,24,2018_2402534__event_001,0.3733741044998169,False
tokyo_149225_relational_between,149225,stress_test,relational_between,vector,25,2018_2402537__event_001,0.3705331087112427,False
tokyo_149225_relational_between,149225,stress_test,relational_between,vector,26,2018_2402516__event_001,0.365859717130661,False
tokyo_149225_relational_between,149225,stress_test,relational_between,vector,27,2018_2402519__event_002,0.36481934785842896,False
tokyo_149225_relational_between,149225,stress_test,relational_between,vector,28,2018_2402514__event_001,0.364312082529068,False
tokyo_149225_relational_between,149225,stress_test,relational_between,vector,29,2018_2402529__event_001,0.36418813467025757,False
tokyo_149225_relational_between,149225,stress_test,relational_between,vector,30,2018_2402516__event_003,0.36125874519348145,False
tokyo_149225_relational_between,149225,stress_test,relational_between,vector,31,2018_2402520__event_001,0.35312503576278687,False
tokyo_149225_relational_between,149225,stress_test,relational_between,vector,32,2018_2402523__event_002,0.3433987498283386,False
tokyo_149225_relational_between,149225,stress_test,relational_between,vector,33,2018_2402519__event_001,0.32524174451828003,False
tokyo_152722_relational_between,152722,stress_test,relational_between,vector,1,2018_2446524__event_004,0.7947866916656494,False
tokyo_152722_relational_between,152722,stress_test,relational_between,vector,2,2018_2446525__event_002,0.7887738943099976,False
tokyo_152722_relational_between,152722,stress_test,relational_between,vector,3,2018_2446524__event_002,0.788154125213623,False
tokyo_152722_relational_between,152722,stress_test,relational_between,vector,4,2018_2446526__event_002,0.7653416395187378,False
tokyo_152722_relational_between,152722,stress_test,relational_between,vector,5,2018_2446524__event_005,0.7645201683044434,False
tokyo_152722_relational_between,152722,stress_test,relational_between,vector,6,2018_2446506__event_002,0.7640390396118164,False
tokyo_152722_relational_between,152722,stress_test,relational_between,vector,7,2018_2446571__event_002,0.7597355842590332,False
tokyo_152722_relational_between,152722,stress_test,relational_between,vector,8,2018_2446525__event_003,0.7595667839050293,False
tokyo_152722_relational_between,152722,stress_test,relational_between,vector,9,2018_2446527__event_001,0.7561687231063843,False
tokyo_152722_relational_between,152722,stress_test,relational_between,vector,10,2018_2446527__event_002,0.7555009126663208,False
tokyo_152722_relational_between,152722,stress_test,relational_between,vector,11,2018_2446526__event_001,0.755351185798645,False
tokyo_152722_relational_between,152722,stress_test,relational_between,vector,12,2018_2446526__event_003,0.7546650171279907,False
tokyo_152722_relational_between,152722,stress_test,relational_between,vector,13,2018_2446520__event_002,0.749328076839447,False
tokyo_152722_relational_between,152722,stress_test,relational_between,vector,14,2018_2446548__event_001,0.7458542585372925,False
tokyo_152722_relational_between,152722,stress_test,relational_between,vector,15,2018_2446508__event_001,0.7453586459159851,False
tokyo_152722_relational_between,152722,stress_test,relational_between,vector,16,2018_2446525__event_001,0.7420345544815063,False
tokyo_152722_relational_between,152722,stress_test,relational_between,vector,17,2018_2446519__event_003,0.7385669946670532,False
tokyo_152722_relational_between,152722,stress_test,relational_between,vector,18,2018_2446524__event_001,0.7377007007598877,False
tokyo_152722_relational_between,152722,stress_test,relational_between,vector,19,2018_2446535__event_002,0.7254909873008728,False
tokyo_152722_relational_between,152722,stress_test,relational_between,vector,20,2018_2446519__event_002,0.7189335823059082,False
tokyo_152722_relational_between,152722,stress_test,relational_between,vector,21,2018_2446519__event_001,0.6991429328918457,False
tokyo_152722_relational_between,152722,stress_test,relational_between,vector,22,2018_2446524__event_003,0.6867514848709106,False
tokyo_152722_relational_between,152722,stress_test,relational_between,vector,23,2018_2446506__event_001,0.5742169618606567,False
tokyo_152722_relational_between,152722,stress_test,relational_between,vector,24,2018_2446517__event_003,0.5659331679344177,False
tokyo_152722_relational_between,152722,stress_test,relational_between,vector,25,2018_2446571__event_001,0.5631306171417236,False
tokyo_152722_relational_between,152722,stress_test,relational_between,vector,26,2018_2446520__event_001,0.5593918561935425,False
tokyo_152722_relational_between,152722,stress_test,relational_between,vector,27,2018_2446508__event_002,0.5522937774658203,False
tokyo_152722_relational_between,152722,stress_test,relational_between,vector,28,2018_2446517__event_002,0.5519502758979797,False
tokyo_152722_relational_between,152722,stress_test,relational_between,vector,29,2018_2446548__event_002,0.5365572571754456,False
tokyo_152722_relational_between,152722,stress_test,relational_between,vector,30,2018_2446535__event_001,0.5295370817184448,False
tokyo_152722_relational_between,152722,stress_test,relational_between,vector,31,2018_2446518__event_001,0.5274763107299805,False
tokyo_152722_relational_between,152722,stress_test,relational_between,vector,32,2018_2446517__event_001,0.5172073841094971,False
tokyo_152722_relational_between,152722,stress_test,relational_between,vector,33,2018_2446518__event_002,0.5162081718444824,False
tokyo_156873_relational_between,156873,stress_test,relational_between,vector,1,2018_2498147__event_002,0.7267131805419922,True
tokyo_156873_relational_between,156873,stress_test,relational_between,vector,2,2018_2498115__event_001,0.682835042476654,True
tokyo_156873_relational_between,156873,stress_test,relational_between,vector,3,2018_2498150__event_001,0.678432047367096,True
tokyo_156873_relational_between,156873,stress_test,relational_between,vector,4,2018_2498153__event_001,0.6644220352172852,True
tokyo_156873_relational_between,156873,stress_test,relational_between,vector,5,2018_2498179__event_001,0.641785740852356,True
tokyo_156873_relational_between,156873,stress_test,relational_between,vector,6,2018_2498140__event_001,0.6183738708496094,True
tokyo_156873_relational_between,156873,stress_test,relational_between,vector,7,2018_2498154__event_001,0.6092719435691833,True
tokyo_156873_relational_between,156873,stress_test,relational_between,vector,8,2018_2498117__event_002,0.5946904420852661,True
tokyo_156873_relational_between,156873,stress_test,relational_between,vector,9,2018_2498149__event_001,0.5922546982765198,True
tokyo_156873_relational_between,156873,stress_test,relational_between,vector,10,2018_2498139__event_001,0.5654244422912598,True
tokyo_156873_relational_between,156873,stress_test,relational_between,vector,11,2018_2498157__event_001,0.5603473782539368,True
tokyo_156873_relational_between,156873,stress_test,relational_between,vector,12,2018_2498130__event_001,0.5570926070213318,True
tokyo_156873_relational_between,156873,stress_test,relational_between,vector,13,2018_2498127__event_002,0.5387382507324219,True
tokyo_156873_relational_between,156873,stress_test,relational_between,vector,14,2018_2498126__event_001,0.531490683555603,True
tokyo_156873_relational_between,156873,stress_test,relational_between,vector,15,2018_2498157__event_003,0.4965885579586029,True
tokyo_156873_relational_between,156873,stress_test,relational_between,vector,16,2018_2498139__event_002,0.49183499813079834,True
tokyo_156873_relational_between,156873,stress_test,relational_between,vector,17,2018_2498143__event_002,0.48930254578590393,True
tokyo_156873_relational_between,156873,stress_test,relational_between,vector,18,2018_2498140__event_002,0.4845970869064331,True
tokyo_156873_relational_between,156873,stress_test,relational_between,vector,19,2018_2498157__event_002,0.48278796672821045,True
tokyo_156873_relational_between,156873,stress_test,relational_between,vector,20,2018_2498152__event_001,0.4817689061164856,True
tokyo_156873_relational_between,156873,stress_test,relational_between,vector,21,2018_2498143__event_001,0.4714740514755249,True
tokyo_156873_relational_between,156873,stress_test,relational_between,vector,22,2018_2498144__event_003,0.46615031361579895,True
tokyo_156873_relational_between,156873,stress_test,relational_between,vector,23,2018_2498137__event_001,0.46500498056411743,True
tokyo_156873_relational_between,156873,stress_test,relational_between,vector,24,2018_2498134__event_002,0.4641399383544922,True
tokyo_156873_relational_between,156873,stress_test,relational_between,vector,25,2018_2498114__event_003,0.4626302123069763,True
tokyo_156873_relational_between,156873,stress_test,relational_between,vector,26,2018_2498126__event_002,0.4625304937362671,True
tokyo_156873_relational_between,156873,stress_test,relational_between,vector,27,2018_2498120__event_002,0.4567877948284149,True
tokyo_156873_relational_between,156873,stress_test,relational_between,vector,28,2018_2498138__event_001,0.4552120566368103,True
tokyo_156873_relational_between,156873,stress_test,relational_between,vector,29,2018_2498138__event_002,0.4521926939487457,True
tokyo_156873_relational_between,156873,stress_test,relational_between,vector,30,2018_2498147__event_001,0.4499463737010956,True
tokyo_156873_relational_between,156873,stress_test,relational_between,vector,31,2018_2498114__event_002,0.4487394094467163,True
tokyo_156873_relational_between,156873,stress_test,relational_between,vector,32,2018_2498135__event_003,0.4403887987136841,True
tokyo_156873_relational_between,156873,stress_test,relational_between,vector,33,2018_2498142__event_001,0.44030672311782837,True
tokyo_156873_relational_between,156873,stress_test,relational_between,vector,34,2018_2498170__event_001,0.440284788608551,True
tokyo_156873_relational_between,156873,stress_test,relational_between,vector,35,2018_2498140__event_003,0.4390760064125061,True
tokyo_156873_relational_between,156873,stress_test,relational_between,vector,36,2018_2498136__event_002,0.4356353282928467,True
tokyo_156873_relational_between,156873,stress_test,relational_between,vector,37,2018_2498165__event_001,0.43467089533805847,True
tokyo_156873_relational_between,156873,stress_test,relational_between,vector,38,2018_2498119__event_001,0.4340774416923523,True
tokyo_156873_relational_between,156873,stress_test,relational_between,vector,39,2018_2498136__event_001,0.4328998923301697,True
tokyo_156873_relational_between,156873,stress_test,relational_between,vector,40,2018_2498123__event_002,0.4315836429595947,True
tokyo_156873_relational_between,156873,stress_test,relational_between,vector,41,2018_2498145__event_001,0.43156975507736206,True
tokyo_156873_relational_between,156873,stress_test,relational_between,vector,42,2018_2498153__event_002,0.43130403757095337,True
tokyo_156873_relational_between,156873,stress_test,relational_between,vector,43,2018_2498123__event_001,0.43120819330215454,True
tokyo_156873_relational_between,156873,stress_test,relational_between,vector,44,2018_2498134__event_001,0.4282664656639099,True
tokyo_156873_relational_between,156873,stress_test,relational_between,vector,45,2018_2498143__event_003,0.4279654324054718,True
tokyo_156873_relational_between,156873,stress_test,relational_between,vector,46,2018_2498154__event_002,0.42778444290161133,True
tokyo_156873_relational_between,156873,stress_test,relational_between,vector,47,2018_2498128__event_002,0.4266328811645508,True
tokyo_156873_relational_between,156873,stress_test,relational_between,vector,48,2018_2498166__event_001,0.4256410002708435,True
tokyo_156873_relational_between,156873,stress_test,relational_between,vector,49,2018_2498146__event_001,0.4248182475566864,True
tokyo_156873_relational_between,156873,stress_test,relational_between,vector,50,2018_2498114__event_001,0.42237144708633423,True
tokyo_156873_relational_between,156873,stress_test,relational_between,vector,51,2018_2498135__event_001,0.4222518503665924,True
tokyo_156873_relational_between,156873,stress_test,relational_between,vector,52,2018_2498166__event_002,0.42011499404907227,True
tokyo_156873_relational_between,156873,stress_test,relational_between,vector,53,2018_2498155__event_002,0.4180392920970917,True
tokyo_156873_relational_between,156873,stress_test,relational_between,vector,54,2018_2498174__event_001,0.4168202579021454,True
tokyo_156873_relational_between,156873,stress_test,relational_between,vector,55,2018_2498150__event_002,0.4157305955886841,True
tokyo_156873_relational_between,156873,stress_test,relational_between,vector,56,2018_2498124__event_003,0.4148068130016327,True
tokyo_156873_relational_between,156873,stress_test,relational_between,vector,57,2018_2498152__event_002,0.4092918038368225,True
tokyo_156873_relational_between,156873,stress_test,relational_between,vector,58,2018_2498171__event_003,0.40917614102363586,True
tokyo_156873_relational_between,156873,stress_test,relational_between,vector,59,2018_2498165__event_002,0.40803056955337524,True
tokyo_156873_relational_between,156873,stress_test,relational_between,vector,60,2018_2498171__event_001,0.4071885943412781,True
tokyo_156873_relational_between,156873,stress_test,relational_between,vector,61,2018_2498133__event_002,0.4062795042991638,True
tokyo_156873_relational_between,156873,stress_test,relational_between,vector,62,2018_2498127__event_001,0.4046210050582886,True
tokyo_156873_relational_between,156873,stress_test,relational_between,vector,63,2018_2498174__event_003,0.40284958481788635,True
tokyo_156873_relational_between,156873,stress_test,relational_between,vector,64,2018_2498121__event_002,0.3986141085624695,True
tokyo_156873_relational_between,156873,stress_test,relational_between,vector,65,2018_2498155__event_001,0.3979886770248413,True
tokyo_156873_relational_between,156873,stress_test,relational_between,vector,66,2018_2498133__event_001,0.396800696849823,True
tokyo_156873_relational_between,156873,stress_test,relational_between,vector,67,2018_2498140__event_004,0.39585545659065247,True
tokyo_156873_relational_between,156873,stress_test,relational_between,vector,68,2018_2498158__event_001,0.3952515721321106,True
tokyo_156873_relational_between,156873,stress_test,relational_between,vector,69,2018_2498144__event_004,0.3882507085800171,True
tokyo_156873_relational_between,156873,stress_test,relational_between,vector,70,2018_2498116__event_002,0.3866707682609558,True
tokyo_156873_relational_between,156873,stress_test,relational_between,vector,71,2018_2498141__event_001,0.382569283246994,True
tokyo_156873_relational_between,156873,stress_test,relational_between,vector,72,2018_2498149__event_002,0.3825426697731018,True
tokyo_156873_relational_between,156873,stress_test,relational_between,vector,73,2018_2498130__event_002,0.3804665505886078,True
tokyo_156873_relational_between,156873,stress_test,relational_between,vector,74,2018_2498126__event_003,0.3795164227485657,True
tokyo_156873_relational_between,156873,stress_test,relational_between,vector,75,2018_2498120__event_001,0.37763118743896484,True
tokyo_156873_relational_between,156873,stress_test,relational_between,vector,76,2018_2498119__event_002,0.3757224678993225,True
tokyo_156873_relational_between,156873,stress_test,relational_between,vector,77,2018_2498117__event_003,0.37542301416397095,True
tokyo_156873_relational_between,156873,stress_test,relational_between,vector,78,2018_2498171__event_002,0.3737490773200989,True
tokyo_156873_relational_between,156873,stress_test,relational_between,vector,79,2018_2498117__event_001,0.3718794286251068,True
tokyo_156873_relational_between,156873,stress_test,relational_between,vector,80,2018_2498144__event_002,0.3713712692260742,True
tokyo_156873_relational_between,156873,stress_test,relational_between,vector,81,2018_2498167__event_001,0.37055137753486633,True
tokyo_156873_relational_between,156873,stress_test,relational_between,vector,82,2018_2498119__event_003,0.3701190948486328,True
tokyo_156873_relational_between,156873,stress_test,relational_between,vector,83,2018_2498118__event_001,0.3690623641014099,True
tokyo_156873_relational_between,156873,stress_test,relational_between,vector,84,2018_2498145__event_002,0.36826324462890625,True
tokyo_156873_relational_between,156873,stress_test,relational_between,vector,85,2018_2498172__event_002,0.3677675127983093,True
tokyo_156873_relational_between,156873,stress_test,relational_between,vector,86,2018_2498174__event_002,0.3657264709472656,True
tokyo_156873_relational_between,156873,stress_test,relational_between,vector,87,2018_2498172__event_001,0.3650810420513153,True
tokyo_156873_relational_between,156873,stress_test,relational_between,vector,88,2018_2498135__event_002,0.36160361766815186,True
tokyo_156873_relational_between,156873,stress_test,relational_between,vector,89,2018_2498124__event_004,0.36018550395965576,True
tokyo_156873_relational_between,156873,stress_test,relational_between,vector,90,2018_2498178__event_002,0.3593875765800476,True
tokyo_156873_relational_between,156873,stress_test,relational_between,vector,91,2018_2498116__event_001,0.35437801480293274,True
tokyo_156873_relational_between,156873,stress_test,relational_between,vector,92,2018_2498144__event_001,0.3539137542247772,True
tokyo_156873_relational_between,156873,stress_test,relational_between,vector,93,2018_2498147__event_003,0.35285115242004395,True
tokyo_156873_relational_between,156873,stress_test,relational_between,vector,94,2018_2498121__event_001,0.3425076901912689,True
tokyo_156873_relational_between,156873,stress_test,relational_between,vector,95,2018_2498167__event_002,0.34044313430786133,True
tokyo_156873_relational_between,156873,stress_test,relational_between,vector,96,2018_2498128__event_001,0.3378615379333496,True
tokyo_156873_relational_between,156873,stress_test,relational_between,vector,97,2018_2498115__event_002,0.3357190489768982,True
tokyo_156873_relational_between,156873,stress_test,relational_between,vector,98,2018_2498158__event_002,0.33301398158073425,True
tokyo_156873_relational_between,156873,stress_test,relational_between,vector,99,2018_2498175__event_001,0.3296705484390259,True
tokyo_156873_relational_between,156873,stress_test,relational_between,vector,100,2018_2498137__event_002,0.3272784352302551,True
tokyo_156873_relational_between,156873,stress_test,relational_between,vector,101,2018_2498142__event_002,0.31522828340530396,True
tokyo_156873_relational_between,156873,stress_test,relational_between,vector,102,2018_2498179__event_002,0.30758363008499146,True
tokyo_156873_relational_between,156873,stress_test,relational_between,vector,103,2018_2498146__event_002,0.3037417531013489,True
tokyo_156873_relational_between,156873,stress_test,relational_between,vector,104,2018_2498170__event_002,0.29684263467788696,True
tokyo_156873_relational_between,156873,stress_test,relational_between,vector,105,2018_2498118__event_002,0.2789820432662964,True
tokyo_156873_relational_between,156873,stress_test,relational_between,vector,106,2018_2498149__event_003,0.27884364128112793,True
tokyo_156873_relational_between,156873,stress_test,relational_between,vector,107,2018_2498178__event_001,0.2703998386859894,True
tokyo_156873_relational_between,156873,stress_test,relational_between,vector,108,2018_2498141__event_002,0.2695861756801605,True
tokyo_156873_relational_between,156873,stress_test,relational_between,vector,109,2018_2498158__event_003,0.2625906765460968,True
tokyo_156873_relational_between,156873,stress_test,relational_between,vector,110,2018_2498178__event_003,0.2575533390045166,True
tokyo_156873_relational_between,156873,stress_test,relational_between,vector,111,2018_2498175__event_002,0.2575433850288391,True
tokyo_156873_relational_between,156873,stress_test,relational_between,vector,112,2018_2498127__event_003,0.2528454661369324,True
tokyo_156873_relational_between,156873,stress_test,relational_between,vector,113,2018_2498124__event_002,0.23307520151138306,True
tokyo_156873_relational_between,156873,stress_test,relational_between,vector,114,2018_2498126__event_004,0.2239852398633957,True
tokyo_156873_relational_between,156873,stress_test,relational_between,vector,115,2018_2498166__event_003,0.21509236097335815,True
tokyo_156873_relational_between,156873,stress_test,relational_between,vector,116,2018_2498124__event_001,0.16314661502838135,True
tokyo_167728_relational_between,167728,stress_test,relational_between,vector,1,2018_2604374__event_004,0.7887407541275024,True
tokyo_167728_relational_between,167728,stress_test,relational_between,vector,2,2018_2604349__event_003,0.7683748006820679,True
tokyo_167728_relational_between,167728,stress_test,relational_between,vector,3,2018_2604368__event_002,0.6163451671600342,True
tokyo_167728_relational_between,167728,stress_test,relational_between,vector,4,2018_2604378__event_002,0.6103641986846924,True
tokyo_167728_relational_between,167728,stress_test,relational_between,vector,5,2018_2604352__event_002,0.607447624206543,True
tokyo_167728_relational_between,167728,stress_test,relational_between,vector,6,2018_2604378__event_003,0.5978043079376221,True
tokyo_167728_relational_between,167728,stress_test,relational_between,vector,7,2018_2604352__event_003,0.5964029431343079,True
tokyo_167728_relational_between,167728,stress_test,relational_between,vector,8,2018_2604359__event_001,0.5884820222854614,True
tokyo_167728_relational_between,167728,stress_test,relational_between,vector,9,2018_2604352__event_004,0.5844658613204956,True
tokyo_167728_relational_between,167728,stress_test,relational_between,vector,10,2018_2604402__event_002,0.5808135271072388,True
tokyo_167728_relational_between,167728,stress_test,relational_between,vector,11,2018_2604357__event_001,0.5799059867858887,True
tokyo_167728_relational_between,167728,stress_test,relational_between,vector,12,2018_2604352__event_001,0.5775342583656311,True
tokyo_167728_relational_between,167728,stress_test,relational_between,vector,13,2018_2604368__event_001,0.5719761848449707,True
tokyo_167728_relational_between,167728,stress_test,relational_between,vector,14,2018_2604374__event_005,0.5709829330444336,True
tokyo_167728_relational_between,167728,stress_test,relational_between,vector,15,2018_2604350__event_001,0.5670086145401001,True
tokyo_167728_relational_between,167728,stress_test,relational_between,vector,16,2018_2604352__event_005,0.5658807754516602,True
tokyo_167728_relational_between,167728,stress_test,relational_between,vector,17,2018_2604378__event_001,0.5658546686172485,True
tokyo_167728_relational_between,167728,stress_test,relational_between,vector,18,2018_2604349__event_002,0.5655118227005005,True
tokyo_167728_relational_between,167728,stress_test,relational_between,vector,19,2018_2604359__event_002,0.5569841861724854,True
tokyo_167728_relational_between,167728,stress_test,relational_between,vector,20,2018_2604374__event_001,0.5553598999977112,True
tokyo_167728_relational_between,167728,stress_test,relational_between,vector,21,2018_2604364__event_001,0.5510836243629456,True
tokyo_167728_relational_between,167728,stress_test,relational_between,vector,22,2018_2604412__event_002,0.5313459038734436,True
tokyo_167728_relational_between,167728,stress_test,relational_between,vector,23,2018_2604350__event_002,0.5305977463722229,True
tokyo_167728_relational_between,167728,stress_test,relational_between,vector,24,2018_2604382__event_003,0.5268006324768066,True
tokyo_167728_relational_between,167728,stress_test,relational_between,vector,25,2018_2604396__event_001,0.5260991454124451,True
tokyo_167728_relational_between,167728,stress_test,relational_between,vector,26,2018_2604411__event_002,0.5234302282333374,True
tokyo_167728_relational_between,167728,stress_test,relational_between,vector,27,2018_2604402__event_001,0.5160956382751465,True
tokyo_167728_relational_between,167728,stress_test,relational_between,vector,28,2018_2604358__event_001,0.5105173587799072,True
tokyo_167728_relational_between,167728,stress_test,relational_between,vector,29,2018_2604398__event_002,0.5094238519668579,True
tokyo_167728_relational_between,167728,stress_test,relational_between,vector,30,2018_2604382__event_001,0.5082175135612488,True
tokyo_167728_relational_between,167728,stress_test,relational_between,vector,31,2018_2604382__event_002,0.5055443644523621,True
tokyo_167728_relational_between,167728,stress_test,relational_between,vector,32,2018_2604402__event_003,0.5039151310920715,True
tokyo_167728_relational_between,167728,stress_test,relational_between,vector,33,2018_2604416__event_002,0.4972971975803375,True
tokyo_167728_relational_between,167728,stress_test,relational_between,vector,34,2018_2604358__event_002,0.4935704469680786,True
tokyo_167728_relational_between,167728,stress_test,relational_between,vector,35,2018_2604409__event_001,0.4927618205547333,True
tokyo_167728_relational_between,167728,stress_test,relational_between,vector,36,2018_2604412__event_001,0.49217307567596436,True
tokyo_167728_relational_between,167728,stress_test,relational_between,vector,37,2018_2604366__event_003,0.49051129817962646,True
tokyo_167728_relational_between,167728,stress_test,relational_between,vector,38,2018_2604345__event_002,0.4895787537097931,True
tokyo_167728_relational_between,167728,stress_test,relational_between,vector,39,2018_2604362__event_006,0.4827662706375122,True
tokyo_167728_relational_between,167728,stress_test,relational_between,vector,40,2018_2604374__event_003,0.4811879098415375,True
tokyo_167728_relational_between,167728,stress_test,relational_between,vector,41,2018_2604362__event_005,0.47929513454437256,True
tokyo_167728_relational_between,167728,stress_test,relational_between,vector,42,2018_2604406__event_002,0.47563451528549194,True
tokyo_167728_relational_between,167728,stress_test,relational_between,vector,43,2018_2604357__event_002,0.47275421023368835,True
tokyo_167728_relational_between,167728,stress_test,relational_between,vector,44,2018_2604374__event_002,0.4579274654388428,True
tokyo_167728_relational_between,167728,stress_test,relational_between,vector,45,2018_2604398__event_001,0.45226550102233887,True
tokyo_167728_relational_between,167728,stress_test,relational_between,vector,46,2018_2604345__event_001,0.4518609642982483,True
tokyo_167728_relational_between,167728,stress_test,relational_between,vector,47,2018_2604362__event_003,0.451661616563797,True
tokyo_167728_relational_between,167728,stress_test,relational_between,vector,48,2018_2604349__event_001,0.44646692276000977,True
tokyo_167728_relational_between,167728,stress_test,relational_between,vector,49,2018_2604362__event_002,0.4443090558052063,True
tokyo_167728_relational_between,167728,stress_test,relational_between,vector,50,2018_2604366__event_001,0.4427197277545929,True
tokyo_167728_relational_between,167728,stress_test,relational_between,vector,51,2018_2604362__event_004,0.44133180379867554,True
tokyo_167728_relational_between,167728,stress_test,relational_between,vector,52,2018_2604416__event_001,0.4352273941040039,True
tokyo_167728_relational_between,167728,stress_test,relational_between,vector,53,2018_2604366__event_002,0.4325385093688965,True
tokyo_167728_relational_between,167728,stress_test,relational_between,vector,54,2018_2604409__event_002,0.4240015149116516,True
tokyo_167728_relational_between,167728,stress_test,relational_between,vector,55,2018_2604396__event_002,0.4168478548526764,True
tokyo_167728_relational_between,167728,stress_test,relational_between,vector,56,2018_2604364__event_002,0.41535499691963196,True
tokyo_167728_relational_between,167728,stress_test,relational_between,vector,57,2018_2604362__event_001,0.395805299282074,True
tokyo_167728_relational_between,167728,stress_test,relational_between,vector,58,2018_2604406__event_001,0.3684915602207184,True
tokyo_167728_relational_between,167728,stress_test,relational_between,vector,59,2018_2604411__event_001,0.34210634231567383,True
tokyo_169053_relational_between,169053,stress_test,relational_between,vector,1,2018_2620285__event_002,0.6970833539962769,False
tokyo_169053_relational_between,169053,stress_test,relational_between,vector,2,2018_2620287__event_001,0.6858919858932495,False
tokyo_169053_relational_between,169053,stress_test,relational_between,vector,3,2018_2620294__event_001,0.6835264563560486,False
tokyo_169053_relational_between,169053,stress_test,relational_between,vector,4,2018_2620269__event_002,0.6728939414024353,False
tokyo_169053_relational_between,169053,stress_test,relational_between,vector,5,2018_2620302__event_001,0.6694549322128296,False
tokyo_169053_relational_between,169053,stress_test,relational_between,vector,6,2018_2620250__event_001,0.6629797220230103,False
tokyo_169053_relational_between,169053,stress_test,relational_between,vector,7,2018_2620268__event_002,0.6617385745048523,False
tokyo_169053_relational_between,169053,stress_test,relational_between,vector,8,2018_2620313__event_001,0.6530554890632629,False
tokyo_169053_relational_between,169053,stress_test,relational_between,vector,9,2018_2620313__event_002,0.6484890580177307,False
tokyo_169053_relational_between,169053,stress_test,relational_between,vector,10,2018_2620302__event_002,0.46493831276893616,False
tokyo_169053_relational_between,169053,stress_test,relational_between,vector,11,2018_2620285__event_001,0.45511817932128906,False
tokyo_169053_relational_between,169053,stress_test,relational_between,vector,12,2018_2620285__event_003,0.4507558345794678,False
tokyo_169053_relational_between,169053,stress_test,relational_between,vector,13,2018_2620269__event_001,0.44206035137176514,False
tokyo_169053_relational_between,169053,stress_test,relational_between,vector,14,2018_2620294__event_002,0.4418115019798279,False
tokyo_169053_relational_between,169053,stress_test,relational_between,vector,15,2018_2620268__event_001,0.4406653344631195,False
tokyo_169053_relational_between,169053,stress_test,relational_between,vector,16,2018_2620250__event_002,0.44045934081077576,False
tokyo_169053_relational_between,169053,stress_test,relational_between,vector,17,2018_2620311__event_002,0.41788217425346375,False
tokyo_169053_relational_between,169053,stress_test,relational_between,vector,18,2018_2620287__event_002,0.41600301861763,False
tokyo_169053_relational_between,169053,stress_test,relational_between,vector,19,2018_2620302__event_003,0.41224151849746704,False
tokyo_169053_relational_between,169053,stress_test,relational_between,vector,20,2018_2620297__event_001,0.3980301022529602,False
tokyo_169053_relational_between,169053,stress_test,relational_between,vector,21,2018_2620311__event_001,0.38892024755477905,False
tokyo_169053_relational_between,169053,stress_test,relational_between,vector,22,2018_2620297__event_002,0.37503090500831604,False
tokyo_169053_relational_between,169053,stress_test,relational_between,vector,23,2018_2620302__event_004,0.3692131042480469,False
tokyo_169053_relational_between,169053,stress_test,relational_between,vector,24,2018_2620254__event_001,0.27868038415908813,False
tokyo_169053_relational_between,169053,stress_test,relational_between,vector,25,2018_2620254__event_002,0.20117652416229248,False
tokyo_171659_relational_between,171659,stress_test,relational_between,vector,1,2018_2647186__event_002,0.8145678043365479,False
tokyo_171659_relational_between,171659,stress_test,relational_between,vector,2,2018_2647177__event_001,0.7727341651916504,False
tokyo_171659_relational_between,171659,stress_test,relational_between,vector,3,2018_2647186__event_001,0.6362013816833496,False
tokyo_171659_relational_between,171659,stress_test,relational_between,vector,4,2018_2647177__event_002,0.549062967300415,False
tokyo_171659_relational_between,171659,stress_test,relational_between,vector,5,2018_2647177__event_004,0.5477131605148315,False
tokyo_171659_relational_between,171659,stress_test,relational_between,vector,6,2018_2647182__event_002,0.534217357635498,False
tokyo_171659_relational_between,171659,stress_test,relational_between,vector,7,2018_2647186__event_003,0.5338340997695923,False
tokyo_171659_relational_between,171659,stress_test,relational_between,vector,8,2018_2647205__event_002,0.5303716659545898,False
tokyo_171659_relational_between,171659,stress_test,relational_between,vector,9,2018_2647180__event_002,0.507618248462677,False
tokyo_171659_relational_between,171659,stress_test,relational_between,vector,10,2018_2647197__event_002,0.4984285235404968,False
tokyo_171659_relational_between,171659,stress_test,relational_between,vector,11,2018_2647176__event_001,0.4938470423221588,False
tokyo_171659_relational_between,171659,stress_test,relational_between,vector,12,2018_2647182__event_001,0.49333176016807556,False
tokyo_171659_relational_between,171659,stress_test,relational_between,vector,13,2018_2647177__event_003,0.49265527725219727,False
tokyo_171659_relational_between,171659,stress_test,relational_between,vector,14,2018_2647199__event_002,0.48583054542541504,False
tokyo_171659_relational_between,171659,stress_test,relational_between,vector,15,2018_2647180__event_001,0.4813889265060425,False
tokyo_171659_relational_between,171659,stress_test,relational_between,vector,16,2018_2647182__event_003,0.4783374071121216,False
tokyo_171659_relational_between,171659,stress_test,relational_between,vector,17,2018_2647196__event_002,0.45684677362442017,False
tokyo_171659_relational_between,171659,stress_test,relational_between,vector,18,2018_2647175__event_001,0.4567050337791443,False
tokyo_171659_relational_between,171659,stress_test,relational_between,vector,19,2018_2647187__event_002,0.4559897780418396,False
tokyo_171659_relational_between,171659,stress_test,relational_between,vector,20,2018_2647199__event_001,0.45452505350112915,False
tokyo_171659_relational_between,171659,stress_test,relational_between,vector,21,2018_2647205__event_001,0.4534396231174469,False
tokyo_171659_relational_between,171659,stress_test,relational_between,vector,22,2018_2647175__event_002,0.4479229152202606,False
tokyo_171659_relational_between,171659,stress_test,relational_between,vector,23,2018_2647197__event_001,0.44673141837120056,False
tokyo_171659_relational_between,171659,stress_test,relational_between,vector,24,2018_2647187__event_001,0.4335387349128723,False
tokyo_171659_relational_between,171659,stress_test,relational_between,vector,25,2018_2647196__event_001,0.4261256456375122,False
tokyo_171659_relational_between,171659,stress_test,relational_between,vector,26,2018_2647176__event_002,0.4107118844985962,False
tokyo_178798_relational_between,178798,stress_test,relational_between,vector,1,2018_2707932__event_002,0.6503537893295288,False
tokyo_178798_relational_between,178798,stress_test,relational_between,vector,2,2018_2707929__event_001,0.6402499675750732,False
tokyo_178798_relational_between,178798,stress_test,relational_between,vector,3,2018_2707923__event_002,0.5963466167449951,False
tokyo_178798_relational_between,178798,stress_test,relational_between,vector,4,2018_2707939__event_002,0.5280922651290894,False
tokyo_178798_relational_between,178798,stress_test,relational_between,vector,5,2018_2707926__event_003,0.5230960249900818,False
tokyo_178798_relational_between,178798,stress_test,relational_between,vector,6,2018_2707940__event_001,0.5015286207199097,False
tokyo_178798_relational_between,178798,stress_test,relational_between,vector,7,2018_2707926__event_002,0.49792081117630005,False
tokyo_178798_relational_between,178798,stress_test,relational_between,vector,8,2018_2707935__event_002,0.4951671361923218,False
tokyo_178798_relational_between,178798,stress_test,relational_between,vector,9,2018_2707936__event_002,0.4896512031555176,False
tokyo_178798_relational_between,178798,stress_test,relational_between,vector,10,2018_2707936__event_001,0.4895637631416321,False
tokyo_178798_relational_between,178798,stress_test,relational_between,vector,11,2018_2707929__event_002,0.4871363341808319,False
tokyo_178798_relational_between,178798,stress_test,relational_between,vector,12,2018_2707935__event_001,0.4867025911808014,False
tokyo_178798_relational_between,178798,stress_test,relational_between,vector,13,2018_2707942__event_001,0.4819805324077606,False
tokyo_178798_relational_between,178798,stress_test,relational_between,vector,14,2018_2707932__event_001,0.47998422384262085,False
tokyo_178798_relational_between,178798,stress_test,relational_between,vector,15,2018_2707928__event_002,0.475253701210022,False
tokyo_178798_relational_between,178798,stress_test,relational_between,vector,16,2018_2707940__event_002,0.46948540210723877,False
tokyo_178798_relational_between,178798,stress_test,relational_between,vector,17,2018_2707945__event_002,0.4676642119884491,False
tokyo_178798_relational_between,178798,stress_test,relational_between,vector,18,2018_2707945__event_001,0.46274450421333313,False
tokyo_178798_relational_between,178798,stress_test,relational_between,vector,19,2018_2707932__event_003,0.4605233073234558,False
tokyo_178798_relational_between,178798,stress_test,relational_between,vector,20,2018_2707928__event_001,0.45108088850975037,False
tokyo_178798_relational_between,178798,stress_test,relational_between,vector,21,2018_2707942__event_002,0.44361722469329834,False
tokyo_178798_relational_between,178798,stress_test,relational_between,vector,22,2018_2707923__event_001,0.42708730697631836,False
tokyo_178798_relational_between,178798,stress_test,relational_between,vector,23,2018_2707939__event_001,0.41961443424224854,False
tokyo_178798_relational_between,178798,stress_test,relational_between,vector,24,2018_2707926__event_001,0.3926105499267578,False
tokyo_178798_relational_between,178798,stress_test,relational_between,vector,25,2018_2707934__event_001,0.3703617453575134,False
tokyo_178798_relational_between,178798,stress_test,relational_between,vector,26,2018_2707934__event_002,0.36851662397384644,False
tokyo_19379_relational_between,19379,stress_test,relational_between,vector,1,2018_395370__event_002,0.8241649866104126,True
tokyo_19379_relational_between,19379,stress_test,relational_between,vector,2,2018_395498__event_001,0.7064570188522339,True
tokyo_19379_relational_between,19379,stress_test,relational_between,vector,3,2018_395374__event_003,0.7030706405639648,True
tokyo_19379_relational_between,19379,stress_test,relational_between,vector,4,2018_395498__event_002,0.7015145421028137,True
tokyo_19379_relational_between,19379,stress_test,relational_between,vector,5,2018_395381__event_002,0.7013027667999268,True
tokyo_19379_relational_between,19379,stress_test,relational_between,vector,6,2018_395519__event_002,0.6961413621902466,True
tokyo_19379_relational_between,19379,stress_test,relational_between,vector,7,2018_395327__event_002,0.695305347442627,True
tokyo_19379_relational_between,19379,stress_test,relational_between,vector,8,2018_395281__event_002,0.6873338222503662,True
tokyo_19379_relational_between,19379,stress_test,relational_between,vector,9,2018_395325__event_002,0.6791922450065613,True
tokyo_19379_relational_between,19379,stress_test,relational_between,vector,10,2018_395514__event_002,0.6788250803947449,True
tokyo_19379_relational_between,19379,stress_test,relational_between,vector,11,2018_395325__event_001,0.6778598427772522,True
tokyo_19379_relational_between,19379,stress_test,relational_between,vector,12,2018_395370__event_003,0.6766402721405029,True
tokyo_19379_relational_between,19379,stress_test,relational_between,vector,13,2018_395431__event_002,0.676512598991394,True
tokyo_19379_relational_between,19379,stress_test,relational_between,vector,14,2018_395436__event_001,0.6759828329086304,True
tokyo_19379_relational_between,19379,stress_test,relational_between,vector,15,2018_395493__event_002,0.6699838638305664,True
tokyo_19379_relational_between,19379,stress_test,relational_between,vector,16,2018_395290__event_001,0.6696923971176147,True
tokyo_19379_relational_between,19379,stress_test,relational_between,vector,17,2018_395436__event_002,0.6695448160171509,True
tokyo_19379_relational_between,19379,stress_test,relational_between,vector,18,2018_395370__event_001,0.6694719791412354,True
tokyo_19379_relational_between,19379,stress_test,relational_between,vector,19,2018_395381__event_001,0.6671908497810364,True
tokyo_19379_relational_between,19379,stress_test,relational_between,vector,20,2018_395315__event_001,0.6577203273773193,True
tokyo_19379_relational_between,19379,stress_test,relational_between,vector,21,2018_395290__event_002,0.6520510911941528,True
tokyo_19379_relational_between,19379,stress_test,relational_between,vector,22,2018_395347__event_002,0.6499831676483154,True
tokyo_19379_relational_between,19379,stress_test,relational_between,vector,23,2018_395382__event_001,0.6495388746261597,True
tokyo_19379_relational_between,19379,stress_test,relational_between,vector,24,2018_395302__event_001,0.6489074230194092,True
tokyo_19379_relational_between,19379,stress_test,relational_between,vector,25,2018_395427__event_001,0.6481742262840271,True
tokyo_19379_relational_between,19379,stress_test,relational_between,vector,26,2018_395281__event_001,0.6437075138092041,True
tokyo_19379_relational_between,19379,stress_test,relational_between,vector,27,2018_395342__event_002,0.6312898397445679,True
tokyo_19379_relational_between,19379,stress_test,relational_between,vector,28,2018_395382__event_002,0.6307876110076904,True
tokyo_19379_relational_between,19379,stress_test,relational_between,vector,29,2018_395435__event_001,0.6288543939590454,True
tokyo_19379_relational_between,19379,stress_test,relational_between,vector,30,2018_395514__event_001,0.6270886659622192,True
tokyo_19379_relational_between,19379,stress_test,relational_between,vector,31,2018_395347__event_001,0.6185237169265747,True
tokyo_19379_relational_between,19379,stress_test,relational_between,vector,32,2018_395431__event_001,0.6172565817832947,True
tokyo_19379_relational_between,19379,stress_test,relational_between,vector,33,2018_395513__event_002,0.6172140836715698,True
tokyo_19379_relational_between,19379,stress_test,relational_between,vector,34,2018_395302__event_002,0.6168392300605774,True
tokyo_19379_relational_between,19379,stress_test,relational_between,vector,35,2018_395342__event_001,0.6158413290977478,True
tokyo_19379_relational_between,19379,stress_test,relational_between,vector,36,2018_395452__event_001,0.6144922375679016,True
tokyo_19379_relational_between,19379,stress_test,relational_between,vector,37,2018_395417__event_002,0.6139234304428101,True
tokyo_19379_relational_between,19379,stress_test,relational_between,vector,38,2018_395493__event_001,0.6128454804420471,True
tokyo_19379_relational_between,19379,stress_test,relational_between,vector,39,2018_395480__event_001,0.6094649434089661,True
tokyo_19379_relational_between,19379,stress_test,relational_between,vector,40,2018_395340__event_001,0.6061258912086487,True
tokyo_19379_relational_between,19379,stress_test,relational_between,vector,41,2018_395387__event_001,0.6042196750640869,True
tokyo_19379_relational_between,19379,stress_test,relational_between,vector,42,2018_395345__event_002,0.5991648435592651,True
tokyo_19379_relational_between,19379,stress_test,relational_between,vector,43,2018_395315__event_002,0.5967717170715332,True
tokyo_19379_relational_between,19379,stress_test,relational_between,vector,44,2018_395325__event_003,0.5939729809761047,True
tokyo_19379_relational_between,19379,stress_test,relational_between,vector,45,2018_395497__event_001,0.5809773802757263,True
tokyo_19379_relational_between,19379,stress_test,relational_between,vector,46,2018_395513__event_001,0.5808123350143433,True
tokyo_19379_relational_between,19379,stress_test,relational_between,vector,47,2018_395380__event_002,0.5739972591400146,True
tokyo_19379_relational_between,19379,stress_test,relational_between,vector,48,2018_395519__event_001,0.564778745174408,True
tokyo_19379_relational_between,19379,stress_test,relational_between,vector,49,2018_395489__event_001,0.5643261075019836,True
tokyo_19379_relational_between,19379,stress_test,relational_between,vector,50,2018_395490__event_001,0.5604358911514282,True
tokyo_19379_relational_between,19379,stress_test,relational_between,vector,51,2018_395327__event_001,0.5588420629501343,True
tokyo_19379_relational_between,19379,stress_test,relational_between,vector,52,2018_395294__event_002,0.557659387588501,True
tokyo_19379_relational_between,19379,stress_test,relational_between,vector,53,2018_395384__event_002,0.5570306777954102,True
tokyo_19379_relational_between,19379,stress_test,relational_between,vector,54,2018_395294__event_001,0.5551959872245789,True
tokyo_19379_relational_between,19379,stress_test,relational_between,vector,55,2018_395366__event_001,0.5521087646484375,True
tokyo_19379_relational_between,19379,stress_test,relational_between,vector,56,2018_395340__event_002,0.5520698428153992,True
tokyo_19379_relational_between,19379,stress_test,relational_between,vector,57,2018_395361__event_001,0.5518118143081665,True
tokyo_19379_relational_between,19379,stress_test,relational_between,vector,58,2018_395497__event_002,0.5435402393341064,True
tokyo_19379_relational_between,19379,stress_test,relational_between,vector,59,2018_395345__event_001,0.5404595136642456,True
tokyo_19379_relational_between,19379,stress_test,relational_between,vector,60,2018_395366__event_002,0.5382730960845947,True
tokyo_19379_relational_between,19379,stress_test,relational_between,vector,61,2018_395380__event_001,0.5380198359489441,True
tokyo_19379_relational_between,19379,stress_test,relational_between,vector,62,2018_395362__event_002,0.5325806140899658,True
tokyo_19379_relational_between,19379,stress_test,relational_between,vector,63,2018_395490__event_002,0.5320934653282166,True
tokyo_19379_relational_between,19379,stress_test,relational_between,vector,64,2018_395480__event_002,0.52732253074646,True
tokyo_19379_relational_between,19379,stress_test,relational_between,vector,65,2018_395362__event_001,0.5254038572311401,True
tokyo_19379_relational_between,19379,stress_test,relational_between,vector,66,2018_395374__event_002,0.5166637897491455,True
tokyo_19379_relational_between,19379,stress_test,relational_between,vector,67,2018_395387__event_002,0.5040543079376221,True
tokyo_19379_relational_between,19379,stress_test,relational_between,vector,68,2018_395489__event_002,0.49936357140541077,True
tokyo_19379_relational_between,19379,stress_test,relational_between,vector,69,2018_395361__event_002,0.4970288574695587,True
tokyo_19379_relational_between,19379,stress_test,relational_between,vector,70,2018_395404__event_002,0.4914049208164215,True
tokyo_19379_relational_between,19379,stress_test,relational_between,vector,71,2018_395417__event_001,0.48703882098197937,True
tokyo_19379_relational_between,19379,stress_test,relational_between,vector,72,2018_395427__event_002,0.48519083857536316,True
tokyo_19379_relational_between,19379,stress_test,relational_between,vector,73,2018_395404__event_001,0.48357293009757996,True
tokyo_19379_relational_between,19379,stress_test,relational_between,vector,74,2018_395452__event_002,0.4800788164138794,True
tokyo_19379_relational_between,19379,stress_test,relational_between,vector,75,2018_395435__event_002,0.4783828854560852,True
tokyo_19379_relational_between,19379,stress_test,relational_between,vector,76,2018_395333__event_001,0.46215206384658813,True
tokyo_19379_relational_between,19379,stress_test,relational_between,vector,77,2018_395384__event_001,0.39873555302619934,True
tokyo_19379_relational_between,19379,stress_test,relational_between,vector,78,2018_395333__event_002,0.3853807747364044,True
tokyo_19379_relational_between,19379,stress_test,relational_between,vector,79,2018_395362__event_003,0.36593249440193176,True
tokyo_19379_relational_between,19379,stress_test,relational_between,vector,80,2018_395374__event_001,0.35600972175598145,True
tokyo_210254_relational_between,210254,stress_test,relational_between,vector,1,2018_2949696__event_003,0.700329601764679,False
tokyo_210254_relational_between,210254,stress_test,relational_between,vector,2,2018_2949702__event_002,0.6670999526977539,False
tokyo_210254_relational_between,210254,stress_test,relational_between,vector,3,2018_2949684__event_001,0.6616594791412354,False
tokyo_210254_relational_between,210254,stress_test,relational_between,vector,4,2018_2949683__event_002,0.6477319002151489,False
tokyo_210254_relational_between,210254,stress_test,relational_between,vector,5,2018_2949678__event_001,0.6397272944450378,False
tokyo_210254_relational_between,210254,stress_test,relational_between,vector,6,2018_2949695__event_001,0.6329861879348755,False
tokyo_210254_relational_between,210254,stress_test,relational_between,vector,7,2018_2949686__event_002,0.5788689851760864,False
tokyo_210254_relational_between,210254,stress_test,relational_between,vector,8,2018_2949690__event_003,0.5674582719802856,False
tokyo_210254_relational_between,210254,stress_test,relational_between,vector,9,2018_2949696__event_004,0.5536578893661499,False
tokyo_210254_relational_between,210254,stress_test,relational_between,vector,10,2018_2949692__event_002,0.5451251268386841,False
tokyo_210254_relational_between,210254,stress_test,relational_between,vector,11,2018_2949684__event_002,0.5440042614936829,False
tokyo_210254_relational_between,210254,stress_test,relational_between,vector,12,2018_2949695__event_002,0.5396411418914795,False
tokyo_210254_relational_between,210254,stress_test,relational_between,vector,13,2018_2949702__event_001,0.5386572480201721,False
tokyo_210254_relational_between,210254,stress_test,relational_between,vector,14,2018_2949678__event_002,0.5237612724304199,False
tokyo_210254_relational_between,210254,stress_test,relational_between,vector,15,2018_2949690__event_002,0.5122535228729248,False
tokyo_210254_relational_between,210254,stress_test,relational_between,vector,16,2018_2949689__event_001,0.5114034414291382,False
tokyo_210254_relational_between,210254,stress_test,relational_between,vector,17,2018_2949691__event_001,0.4866984486579895,False
tokyo_210254_relational_between,210254,stress_test,relational_between,vector,18,2018_2949690__event_001,0.4827267527580261,False
tokyo_210254_relational_between,210254,stress_test,relational_between,vector,19,2018_2949676__event_002,0.4825105369091034,False
tokyo_210254_relational_between,210254,stress_test,relational_between,vector,20,2018_2949676__event_001,0.4745858907699585,False
tokyo_210254_relational_between,210254,stress_test,relational_between,vector,21,2018_2949696__event_001,0.4519557058811188,False
tokyo_210254_relational_between,210254,stress_test,relational_between,vector,22,2018_2949689__event_002,0.4359586834907532,False
tokyo_210254_relational_between,210254,stress_test,relational_between,vector,23,2018_2949692__event_001,0.4300660789012909,False
tokyo_210254_relational_between,210254,stress_test,relational_between,vector,24,2018_2949696__event_002,0.42483216524124146,False
tokyo_210254_relational_between,210254,stress_test,relational_between,vector,25,2018_2949683__event_001,0.4243564009666443,False
tokyo_210254_relational_between,210254,stress_test,relational_between,vector,26,2018_2949691__event_002,0.42181557416915894,False
tokyo_210254_relational_between,210254,stress_test,relational_between,vector,27,2018_2949686__event_001,0.41088688373565674,False
tokyo_210254_relational_between,210254,stress_test,relational_between,vector,28,2018_2949693__event_002,0.4010480046272278,False
tokyo_210254_relational_between,210254,stress_test,relational_between,vector,29,2018_2949693__event_001,0.4003904163837433,False
tokyo_223807_relational_between,223807,stress_test,relational_between,vector,1,2018_3045879__event_002,0.7375627160072327,False
tokyo_223807_relational_between,223807,stress_test,relational_between,vector,2,2018_3045877__event_001,0.7078988552093506,False
tokyo_223807_relational_between,223807,stress_test,relational_between,vector,3,2018_3045886__event_002,0.7029532194137573,False
tokyo_223807_relational_between,223807,stress_test,relational_between,vector,4,2018_3045895__event_001,0.7002904415130615,False
tokyo_223807_relational_between,223807,stress_test,relational_between,vector,5,2018_3045888__event_002,0.6959965229034424,False
tokyo_223807_relational_between,223807,stress_test,relational_between,vector,6,2018_3045890__event_002,0.6594456434249878,False
tokyo_223807_relational_between,223807,stress_test,relational_between,vector,7,2018_3045879__event_004,0.6402359008789062,False
tokyo_223807_relational_between,223807,stress_test,relational_between,vector,8,2018_3045879__event_003,0.627766489982605,False
tokyo_223807_relational_between,223807,stress_test,relational_between,vector,9,2018_3045879__event_005,0.6234906911849976,False
tokyo_223807_relational_between,223807,stress_test,relational_between,vector,10,2018_3045903__event_001,0.6192786693572998,False
tokyo_223807_relational_between,223807,stress_test,relational_between,vector,11,2018_3045903__event_002,0.6081198453903198,False
tokyo_223807_relational_between,223807,stress_test,relational_between,vector,12,2018_3045879__event_001,0.6027244925498962,False
tokyo_223807_relational_between,223807,stress_test,relational_between,vector,13,2018_3045886__event_001,0.5944589376449585,False
tokyo_223807_relational_between,223807,stress_test,relational_between,vector,14,2018_3045895__event_002,0.5793831944465637,False
tokyo_223807_relational_between,223807,stress_test,relational_between,vector,15,2018_3045880__event_001,0.578440248966217,False
tokyo_223807_relational_between,223807,stress_test,relational_between,vector,16,2018_3045877__event_002,0.5772243142127991,False
tokyo_223807_relational_between,223807,stress_test,relational_between,vector,17,2018_3045888__event_001,0.5766304135322571,False
tokyo_223807_relational_between,223807,stress_test,relational_between,vector,18,2018_3045890__event_001,0.5759841799736023,False
tokyo_223807_relational_between,223807,stress_test,relational_between,vector,19,2018_3045878__event_003,0.559016764163971,False
tokyo_223807_relational_between,223807,stress_test,relational_between,vector,20,2018_3045880__event_002,0.5580072402954102,False
tokyo_223807_relational_between,223807,stress_test,relational_between,vector,21,2018_3045900__event_002,0.535047173500061,False
tokyo_223807_relational_between,223807,stress_test,relational_between,vector,22,2018_3045900__event_001,0.5287038683891296,False
tokyo_223807_relational_between,223807,stress_test,relational_between,vector,23,2018_3045878__event_002,0.49450844526290894,False
tokyo_223807_relational_between,223807,stress_test,relational_between,vector,24,2018_3045878__event_001,0.47582772374153137,False
tokyo_223807_relational_between,223807,stress_test,relational_between,vector,25,2018_3045885__event_001,0.4398954212665558,False
tokyo_223807_relational_between,223807,stress_test,relational_between,vector,26,2018_3045885__event_002,0.4295658767223358,False
tokyo_2309_relational_between,2309,stress_test,relational_between,vector,1,2018_50031__event_002,0.7691687345504761,False
tokyo_2309_relational_between,2309,stress_test,relational_between,vector,2,2018_50035__event_003,0.7669567465782166,False
tokyo_2309_relational_between,2309,stress_test,relational_between,vector,3,2018_50033__event_002,0.7642192244529724,False
tokyo_2309_relational_between,2309,stress_test,relational_between,vector,4,2018_50035__event_002,0.7640016674995422,False
tokyo_2309_relational_between,2309,stress_test,relational_between,vector,5,2018_50038__event_001,0.7583333253860474,False
tokyo_2309_relational_between,2309,stress_test,relational_between,vector,6,2018_50038__event_002,0.7460434436798096,False
tokyo_2309_relational_between,2309,stress_test,relational_between,vector,7,2018_50031__event_001,0.7457946538925171,False
tokyo_2309_relational_between,2309,stress_test,relational_between,vector,8,2018_50033__event_001,0.7393078804016113,False
tokyo_2309_relational_between,2309,stress_test,relational_between,vector,9,2018_50035__event_001,0.5344972610473633,False
tokyo_2309_relational_between,2309,stress_test,relational_between,vector,10,2018_50033__event_003,0.5310280323028564,False
tokyo_2309_relational_between,2309,stress_test,relational_between,vector,11,2018_50031__event_003,0.5254716277122498,False
tokyo_2309_relational_between,2309,stress_test,relational_between,vector,12,2018_50035__event_004,0.49828848242759705,False
tokyo_2309_relational_between,2309,stress_test,relational_between,vector,13,2018_50055__event_001,0.4782736897468567,False
tokyo_2309_relational_between,2309,stress_test,relational_between,vector,14,2018_50042__event_002,0.4768405258655548,False
tokyo_2309_relational_between,2309,stress_test,relational_between,vector,15,2018_50040__event_001,0.47680187225341797,False
tokyo_2309_relational_between,2309,stress_test,relational_between,vector,16,2018_50037__event_002,0.4711081087589264,False
tokyo_2309_relational_between,2309,stress_test,relational_between,vector,17,2018_50056__event_001,0.467406690120697,False
tokyo_2309_relational_between,2309,stress_test,relational_between,vector,18,2018_50056__event_002,0.4645865261554718,False
tokyo_2309_relational_between,2309,stress_test,relational_between,vector,19,2018_50057__event_002,0.4614384174346924,False
tokyo_2309_relational_between,2309,stress_test,relational_between,vector,20,2018_50042__event_001,0.46114522218704224,False
tokyo_2309_relational_between,2309,stress_test,relational_between,vector,21,2018_50051__event_002,0.45478737354278564,False
tokyo_2309_relational_between,2309,stress_test,relational_between,vector,22,2018_50051__event_001,0.44632136821746826,False
tokyo_2309_relational_between,2309,stress_test,relational_between,vector,23,2018_50060__event_002,0.44413137435913086,False
tokyo_2309_relational_between,2309,stress_test,relational_between,vector,24,2018_50060__event_001,0.44151249527931213,False
tokyo_2309_relational_between,2309,stress_test,relational_between,vector,25,2018_50059__event_002,0.4411856532096863,False
tokyo_2309_relational_between,2309,stress_test,relational_between,vector,26,2018_50037__event_003,0.44026345014572144,False
tokyo_2309_relational_between,2309,stress_test,relational_between,vector,27,2018_50057__event_001,0.43547743558883667,False
tokyo_2309_relational_between,2309,stress_test,relational_between,vector,28,2018_50057__event_003,0.4343670606613159,False
tokyo_2309_relational_between,2309,stress_test,relational_between,vector,29,2018_50040__event_002,0.4324133098125458,False
tokyo_2309_relational_between,2309,stress_test,relational_between,vector,30,2018_50055__event_002,0.43116313219070435,False
tokyo_2309_relational_between,2309,stress_test,relational_between,vector,31,2018_50041__event_002,0.42690223455429077,False
tokyo_2309_relational_between,2309,stress_test,relational_between,vector,32,2018_50037__event_001,0.4178244173526764,False
tokyo_2309_relational_between,2309,stress_test,relational_between,vector,33,2018_50041__event_001,0.4177402853965759,False
tokyo_2309_relational_between,2309,stress_test,relational_between,vector,34,2018_50059__event_001,0.4069947600364685,False
tokyo_23925_relational_between,23925,stress_test,relational_between,vector,1,2018_485933__event_002,0.6775932908058167,False
tokyo_23925_relational_between,23925,stress_test,relational_between,vector,2,2018_485935__event_002,0.6727294325828552,False
tokyo_23925_relational_between,23925,stress_test,relational_between,vector,3,2018_485910__event_003,0.6511877179145813,False
tokyo_23925_relational_between,23925,stress_test,relational_between,vector,4,2018_485932__event_002,0.6443666219711304,False
tokyo_23925_relational_between,23925,stress_test,relational_between,vector,5,2018_485944__event_002,0.6211659908294678,False
tokyo_23925_relational_between,23925,stress_test,relational_between,vector,6,2018_485882__event_001,0.6157385110855103,False
tokyo_23925_relational_between,23925,stress_test,relational_between,vector,7,2018_485921__event_002,0.6145689487457275,False
tokyo_23925_relational_between,23925,stress_test,relational_between,vector,8,2018_485887__event_002,0.6107592582702637,False
tokyo_23925_relational_between,23925,stress_test,relational_between,vector,9,2018_485906__event_002,0.6073375344276428,False
tokyo_23925_relational_between,23925,stress_test,relational_between,vector,10,2018_485904__event_002,0.6047232747077942,False
tokyo_23925_relational_between,23925,stress_test,relational_between,vector,11,2018_485898__event_002,0.5809084177017212,False
tokyo_23925_relational_between,23925,stress_test,relational_between,vector,12,2018_485917__event_002,0.5789410471916199,False
tokyo_23925_relational_between,23925,stress_test,relational_between,vector,13,2018_485902__event_002,0.5649936199188232,False
tokyo_23925_relational_between,23925,stress_test,relational_between,vector,14,2018_485881__event_002,0.5643676519393921,False
tokyo_23925_relational_between,23925,stress_test,relational_between,vector,15,2018_485912__event_001,0.5629926919937134,False
tokyo_23925_relational_between,23925,stress_test,relational_between,vector,16,2018_485935__event_001,0.5419385433197021,False
tokyo_23925_relational_between,23925,stress_test,relational_between,vector,17,2018_485892__event_002,0.519373893737793,False
tokyo_23925_relational_between,23925,stress_test,relational_between,vector,18,2018_485921__event_001,0.5170279741287231,False
tokyo_23925_relational_between,23925,stress_test,relational_between,vector,19,2018_485910__event_002,0.5135895609855652,False
tokyo_23925_relational_between,23925,stress_test,relational_between,vector,20,2018_485933__event_001,0.5119122266769409,False
tokyo_23925_relational_between,23925,stress_test,relational_between,vector,21,2018_485933__event_003,0.5118783712387085,False
tokyo_23925_relational_between,23925,stress_test,relational_between,vector,22,2018_485935__event_003,0.5092009902000427,False
tokyo_23925_relational_between,23925,stress_test,relational_between,vector,23,2018_485934__event_002,0.507416307926178,False
tokyo_23925_relational_between,23925,stress_test,relational_between,vector,24,2018_485882__event_002,0.5033223628997803,False
tokyo_23925_relational_between,23925,stress_test,relational_between,vector,25,2018_485906__event_001,0.4999103546142578,False
tokyo_23925_relational_between,23925,stress_test,relational_between,vector,26,2018_485932__event_001,0.49497324228286743,False
tokyo_23925_relational_between,23925,stress_test,relational_between,vector,27,2018_485944__event_001,0.4942992031574249,False
tokyo_23925_relational_between,23925,stress_test,relational_between,vector,28,2018_485887__event_003,0.49059799313545227,False
tokyo_23925_relational_between,23925,stress_test,relational_between,vector,29,2018_485894__event_002,0.48963549733161926,False
tokyo_23925_relational_between,23925,stress_test,relational_between,vector,30,2018_485902__event_001,0.487689346075058,False
tokyo_23925_relational_between,23925,stress_test,relational_between,vector,31,2018_485886__event_002,0.4869876503944397,False
tokyo_23925_relational_between,23925,stress_test,relational_between,vector,32,2018_485917__event_001,0.4868226945400238,False
tokyo_23925_relational_between,23925,stress_test,relational_between,vector,33,2018_485904__event_001,0.4803043603897095,False
tokyo_23925_relational_between,23925,stress_test,relational_between,vector,34,2018_485910__event_004,0.47848471999168396,False
tokyo_23925_relational_between,23925,stress_test,relational_between,vector,35,2018_485898__event_001,0.4683372676372528,False
tokyo_23925_relational_between,23925,stress_test,relational_between,vector,36,2018_485910__event_001,0.4606030583381653,False
tokyo_23925_relational_between,23925,stress_test,relational_between,vector,37,2018_485881__event_001,0.4483957886695862,False
tokyo_23925_relational_between,23925,stress_test,relational_between,vector,38,2018_485934__event_001,0.4398123025894165,False
tokyo_23925_relational_between,23925,stress_test,relational_between,vector,39,2018_485892__event_001,0.4305371046066284,False
tokyo_23925_relational_between,23925,stress_test,relational_between,vector,40,2018_485894__event_001,0.40950608253479004,False
tokyo_23925_relational_between,23925,stress_test,relational_between,vector,41,2018_485887__event_001,0.40892329812049866,False
tokyo_23925_relational_between,23925,stress_test,relational_between,vector,42,2018_485886__event_001,0.39065825939178467,False
tokyo_23925_relational_between,23925,stress_test,relational_between,vector,43,2018_485912__event_002,0.38905832171440125,False
tokyo_24664_relational_between,24664,stress_test,relational_between,vector,1,2018_501939__event_003,0.7346658706665039,True
tokyo_24664_relational_between,24664,stress_test,relational_between,vector,2,2018_501939__event_001,0.703883171081543,True
tokyo_24664_relational_between,24664,stress_test,relational_between,vector,3,2018_501939__event_004,0.6866997480392456,True
tokyo_24664_relational_between,24664,stress_test,relational_between,vector,4,2018_501939__event_002,0.6772221922874451,True
tokyo_24664_relational_between,24664,stress_test,relational_between,vector,5,2018_501939__event_006,0.6764463186264038,True
tokyo_24664_relational_between,24664,stress_test,relational_between,vector,6,2018_501939__event_005,0.6753997802734375,True
tokyo_24664_relational_between,24664,stress_test,relational_between,vector,7,2018_501939__event_007,0.659847617149353,True
tokyo_24664_relational_between,24664,stress_test,relational_between,vector,8,2018_501959__event_002,0.6224392056465149,True
tokyo_24664_relational_between,24664,stress_test,relational_between,vector,9,2018_501962__event_005,0.6034324765205383,True
tokyo_24664_relational_between,24664,stress_test,relational_between,vector,10,2018_501939__event_008,0.5915173888206482,True
tokyo_24664_relational_between,24664,stress_test,relational_between,vector,11,2018_501958__event_002,0.5856338739395142,True
tokyo_24664_relational_between,24664,stress_test,relational_between,vector,12,2018_501968__event_001,0.5628176927566528,True
tokyo_24664_relational_between,24664,stress_test,relational_between,vector,13,2018_501958__event_001,0.562485933303833,True
tokyo_24664_relational_between,24664,stress_test,relational_between,vector,14,2018_501968__event_002,0.5575295090675354,True
tokyo_24664_relational_between,24664,stress_test,relational_between,vector,15,2018_501932__event_003,0.5563609600067139,True
tokyo_24664_relational_between,24664,stress_test,relational_between,vector,16,2018_501956__event_001,0.5545052886009216,True
tokyo_24664_relational_between,24664,stress_test,relational_between,vector,17,2018_501962__event_001,0.5508022904396057,True
tokyo_24664_relational_between,24664,stress_test,relational_between,vector,18,2018_501955__event_001,0.5467758178710938,True
tokyo_24664_relational_between,24664,stress_test,relational_between,vector,19,2018_501918__event_002,0.5440951585769653,True
tokyo_24664_relational_between,24664,stress_test,relational_between,vector,20,2018_501944__event_001,0.5333254933357239,True
tokyo_24664_relational_between,24664,stress_test,relational_between,vector,21,2018_501950__event_001,0.5314774513244629,True
tokyo_24664_relational_between,24664,stress_test,relational_between,vector,22,2018_501911__event_001,0.5274803638458252,True
tokyo_24664_relational_between,24664,stress_test,relational_between,vector,23,2018_501925__event_001,0.5249544978141785,True
tokyo_24664_relational_between,24664,stress_test,relational_between,vector,24,2018_501962__event_004,0.5194586515426636,True
tokyo_24664_relational_between,24664,stress_test,relational_between,vector,25,2018_501954__event_001,0.5179096460342407,True
tokyo_24664_relational_between,24664,stress_test,relational_between,vector,26,2018_501914__event_002,0.5165998935699463,True
tokyo_24664_relational_between,24664,stress_test,relational_between,vector,27,2018_501916__event_002,0.5149841904640198,True
tokyo_24664_relational_between,24664,stress_test,relational_between,vector,28,2018_501948__event_002,0.5116074085235596,True
tokyo_24664_relational_between,24664,stress_test,relational_between,vector,29,2018_501925__event_002,0.5072743892669678,True
tokyo_24664_relational_between,24664,stress_test,relational_between,vector,30,2018_501948__event_003,0.504768967628479,True
tokyo_24664_relational_between,24664,stress_test,relational_between,vector,31,2018_501956__event_002,0.5040062665939331,True
tokyo_24664_relational_between,24664,stress_test,relational_between,vector,32,2018_501940__event_002,0.5020060539245605,True
tokyo_24664_relational_between,24664,stress_test,relational_between,vector,33,2018_501962__event_002,0.5018036365509033,True
tokyo_24664_relational_between,24664,stress_test,relational_between,vector,34,2018_501955__event_002,0.4979047179222107,True
tokyo_24664_relational_between,24664,stress_test,relational_between,vector,35,2018_501962__event_006,0.4978145956993103,True
tokyo_24664_relational_between,24664,stress_test,relational_between,vector,36,2018_501939__event_009,0.49766018986701965,True
tokyo_24664_relational_between,24664,stress_test,relational_between,vector,37,2018_501935__event_001,0.49608612060546875,True
tokyo_24664_relational_between,24664,stress_test,relational_between,vector,38,2018_501940__event_001,0.49588820338249207,True
tokyo_24664_relational_between,24664,stress_test,relational_between,vector,39,2018_501920__event_002,0.4950515329837799,True
tokyo_24664_relational_between,24664,stress_test,relational_between,vector,40,2018_501909__event_002,0.4888037443161011,True
tokyo_24664_relational_between,24664,stress_test,relational_between,vector,41,2018_501948__event_001,0.48748719692230225,True
tokyo_24664_relational_between,24664,stress_test,relational_between,vector,42,2018_501947__event_001,0.48466163873672485,True
tokyo_24664_relational_between,24664,stress_test,relational_between,vector,43,2018_501954__event_002,0.4823653995990753,True
tokyo_24664_relational_between,24664,stress_test,relational_between,vector,44,2018_501935__event_002,0.48126089572906494,True
tokyo_24664_relational_between,24664,stress_test,relational_between,vector,45,2018_501938__event_002,0.48046550154685974,True
tokyo_24664_relational_between,24664,stress_test,relational_between,vector,46,2018_501959__event_001,0.47975239157676697,True
tokyo_24664_relational_between,24664,stress_test,relational_between,vector,47,2018_501938__event_001,0.47605323791503906,True
tokyo_24664_relational_between,24664,stress_test,relational_between,vector,48,2018_501965__event_001,0.4738355278968811,True
tokyo_24664_relational_between,24664,stress_test,relational_between,vector,49,2018_501956__event_003,0.4720897972583771,True
tokyo_24664_relational_between,24664,stress_test,relational_between,vector,50,2018_501944__event_002,0.4712737798690796,True
tokyo_24664_relational_between,24664,stress_test,relational_between,vector,51,2018_501911__event_002,0.4712139368057251,True
tokyo_24664_relational_between,24664,stress_test,relational_between,vector,52,2018_501932__event_004,0.46681487560272217,True
tokyo_24664_relational_between,24664,stress_test,relational_between,vector,53,2018_501914__event_001,0.46651214361190796,True
tokyo_24664_relational_between,24664,stress_test,relational_between,vector,54,2018_501918__event_001,0.46638667583465576,True
tokyo_24664_relational_between,24664,stress_test,relational_between,vector,55,2018_501932__event_002,0.46315523982048035,True
tokyo_24664_relational_between,24664,stress_test,relational_between,vector,56,2018_501920__event_001,0.4612458348274231,True
tokyo_24664_relational_between,24664,stress_test,relational_between,vector,57,2018_501909__event_001,0.4576241075992584,True
tokyo_24664_relational_between,24664,stress_test,relational_between,vector,58,2018_501962__event_003,0.4418635666370392,True
tokyo_24664_relational_between,24664,stress_test,relational_between,vector,59,2018_501932__event_005,0.43230271339416504,True
tokyo_24664_relational_between,24664,stress_test,relational_between,vector,60,2018_501969__event_001,0.4303453266620636,True
tokyo_24664_relational_between,24664,stress_test,relational_between,vector,61,2018_501932__event_001,0.4301318824291229,True
tokyo_24664_relational_between,24664,stress_test,relational_between,vector,62,2018_501947__event_002,0.4232182502746582,True
tokyo_24664_relational_between,24664,stress_test,relational_between,vector,63,2018_501965__event_002,0.42316561937332153,True
tokyo_24664_relational_between,24664,stress_test,relational_between,vector,64,2018_501942__event_002,0.4201990067958832,True
tokyo_24664_relational_between,24664,stress_test,relational_between,vector,65,2018_501916__event_001,0.41063809394836426,True
tokyo_24664_relational_between,24664,stress_test,relational_between,vector,66,2018_501942__event_001,0.3899637758731842,True
tokyo_24664_relational_between,24664,stress_test,relational_between,vector,67,2018_501950__event_002,0.38313454389572144,True
tokyo_24664_relational_between,24664,stress_test,relational_between,vector,68,2018_501969__event_002,0.3788779079914093,True
tokyo_24664_relational_between,24664,stress_test,relational_between,vector,69,2018_501916__event_003,0.31939759850502014,True
tokyo_24765_relational_between,24765,stress_test,relational_between,vector,1,2018_504023__event_003,0.7442842125892639,True
tokyo_24765_relational_between,24765,stress_test,relational_between,vector,2,2018_504023__event_005,0.7178531885147095,True
tokyo_24765_relational_between,24765,stress_test,relational_between,vector,3,2018_503992__event_002,0.7148246765136719,True
tokyo_24765_relational_between,24765,stress_test,relational_between,vector,4,2018_504023__event_006,0.7066398859024048,True
tokyo_24765_relational_between,24765,stress_test,relational_between,vector,5,2018_503989__event_001,0.7037450075149536,True
tokyo_24765_relational_between,24765,stress_test,relational_between,vector,6,2018_503992__event_001,0.5870004296302795,True
tokyo_24765_relational_between,24765,stress_test,relational_between,vector,7,2018_504023__event_001,0.5687263011932373,True
tokyo_24765_relational_between,24765,stress_test,relational_between,vector,8,2018_504011__event_002,0.568628191947937,True
tokyo_24765_relational_between,24765,stress_test,relational_between,vector,9,2018_503991__event_002,0.5682656764984131,True
tokyo_24765_relational_between,24765,stress_test,relational_between,vector,10,2018_503991__event_001,0.5675300359725952,True
tokyo_24765_relational_between,24765,stress_test,relational_between,vector,11,2018_504031__event_002,0.5658973455429077,True
tokyo_24765_relational_between,24765,stress_test,relational_between,vector,12,2018_504023__event_004,0.5658212900161743,True
tokyo_24765_relational_between,24765,stress_test,relational_between,vector,13,2018_503989__event_002,0.5644055604934692,True
tokyo_24765_relational_between,24765,stress_test,relational_between,vector,14,2018_504025__event_002,0.5639141798019409,True
tokyo_24765_relational_between,24765,stress_test,relational_between,vector,15,2018_504023__event_002,0.563736081123352,True
tokyo_24765_relational_between,24765,stress_test,relational_between,vector,16,2018_504005__event_001,0.5610811114311218,True
tokyo_24765_relational_between,24765,stress_test,relational_between,vector,17,2018_504019__event_001,0.5594533681869507,True
tokyo_24765_relational_between,24765,stress_test,relational_between,vector,18,2018_503999__event_002,0.556644082069397,True
tokyo_24765_relational_between,24765,stress_test,relational_between,vector,19,2018_504031__event_001,0.5517430305480957,True
tokyo_24765_relational_between,24765,stress_test,relational_between,vector,20,2018_504030__event_002,0.5508463978767395,True
tokyo_24765_relational_between,24765,stress_test,relational_between,vector,21,2018_503997__event_001,0.5506899356842041,True
tokyo_24765_relational_between,24765,stress_test,relational_between,vector,22,2018_504005__event_002,0.5471760034561157,True
tokyo_24765_relational_between,24765,stress_test,relational_between,vector,23,2018_504026__event_003,0.5466924905776978,True
tokyo_24765_relational_between,24765,stress_test,relational_between,vector,24,2018_504032__event_001,0.5465376377105713,True
tokyo_24765_relational_between,24765,stress_test,relational_between,vector,25,2018_504023__event_007,0.5393292307853699,True
tokyo_24765_relational_between,24765,stress_test,relational_between,vector,26,2018_504019__event_002,0.5375919342041016,True
tokyo_24765_relational_between,24765,stress_test,relational_between,vector,27,2018_503999__event_001,0.5363543033599854,True
tokyo_24765_relational_between,24765,stress_test,relational_between,vector,28,2018_504026__event_002,0.5350248217582703,True
tokyo_24765_relational_between,24765,stress_test,relational_between,vector,29,2018_504007__event_002,0.5323326587677002,True
tokyo_24765_relational_between,24765,stress_test,relational_between,vector,30,2018_504028__event_001,0.5215672254562378,True
tokyo_24765_relational_between,24765,stress_test,relational_between,vector,31,2018_504028__event_002,0.519432783126831,True
tokyo_24765_relational_between,24765,stress_test,relational_between,vector,32,2018_504032__event_002,0.5191570520401001,True
tokyo_24765_relational_between,24765,stress_test,relational_between,vector,33,2018_503988__event_002,0.5167621374130249,True
tokyo_24765_relational_between,24765,stress_test,relational_between,vector,34,2018_504033__event_001,0.5162065625190735,True
tokyo_24765_relational_between,24765,stress_test,relational_between,vector,35,2018_503997__event_002,0.5137499570846558,True
tokyo_24765_relational_between,24765,stress_test,relational_between,vector,36,2018_503988__event_001,0.5080816745758057,True
tokyo_24765_relational_between,24765,stress_test,relational_between,vector,37,2018_504013__event_002,0.5068410634994507,True
tokyo_24765_relational_between,24765,stress_test,relational_between,vector,38,2018_504026__event_001,0.5061955451965332,True
tokyo_24765_relational_between,24765,stress_test,relational_between,vector,39,2018_504006__event_001,0.5061848163604736,True
tokyo_24765_relational_between,24765,stress_test,relational_between,vector,40,2018_504020__event_001,0.5006371736526489,True
tokyo_24765_relational_between,24765,stress_test,relational_between,vector,41,2018_504000__event_002,0.5005604028701782,True
tokyo_24765_relational_between,24765,stress_test,relational_between,vector,42,2018_504025__event_001,0.4983709454536438,True
tokyo_24765_relational_between,24765,stress_test,relational_between,vector,43,2018_504030__event_001,0.49011269211769104,True
tokyo_24765_relational_between,24765,stress_test,relational_between,vector,44,2018_504033__event_002,0.48917245864868164,True
tokyo_24765_relational_between,24765,stress_test,relational_between,vector,45,2018_504020__event_002,0.48169395327568054,True
tokyo_24765_relational_between,24765,stress_test,relational_between,vector,46,2018_504000__event_001,0.47495514154434204,True
tokyo_24765_relational_between,24765,stress_test,relational_between,vector,47,2018_504032__event_003,0.4740905463695526,True
tokyo_24765_relational_between,24765,stress_test,relational_between,vector,48,2018_504007__event_001,0.46262919902801514,True
tokyo_24765_relational_between,24765,stress_test,relational_between,vector,49,2018_504006__event_002,0.44410377740859985,True
tokyo_24765_relational_between,24765,stress_test,relational_between,vector,50,2018_504013__event_001,0.44068628549575806,True
tokyo_24765_relational_between,24765,stress_test,relational_between,vector,51,2018_504011__event_001,0.4394260048866272,True
tokyo_254908_relational_between,254908,stress_test,relational_between,vector,1,2018_3245120__event_002,0.7283486127853394,False
tokyo_254908_relational_between,254908,stress_test,relational_between,vector,2,2018_3245115__event_004,0.6991733312606812,False
tokyo_254908_relational_between,254908,stress_test,relational_between,vector,3,2018_3245120__event_003,0.6365742087364197,False
tokyo_254908_relational_between,254908,stress_test,relational_between,vector,4,2018_3245120__event_001,0.6201758980751038,False
tokyo_254908_relational_between,254908,stress_test,relational_between,vector,5,2018_3245115__event_003,0.6183671951293945,False
tokyo_254908_relational_between,254908,stress_test,relational_between,vector,6,2018_3245119__event_002,0.5845963954925537,False
tokyo_254908_relational_between,254908,stress_test,relational_between,vector,7,2018_3245121__event_002,0.5465946197509766,False
tokyo_254908_relational_between,254908,stress_test,relational_between,vector,8,2018_3245104__event_001,0.5420666933059692,False
tokyo_254908_relational_between,254908,stress_test,relational_between,vector,9,2018_3245115__event_002,0.5373479127883911,False
tokyo_254908_relational_between,254908,stress_test,relational_between,vector,10,2018_3245200__event_003,0.5202857255935669,False
tokyo_254908_relational_between,254908,stress_test,relational_between,vector,11,2018_3245200__event_001,0.5183655023574829,False
tokyo_254908_relational_between,254908,stress_test,relational_between,vector,12,2018_3245200__event_002,0.5160261392593384,False
tokyo_254908_relational_between,254908,stress_test,relational_between,vector,13,2018_3245107__event_001,0.5158766508102417,False
tokyo_254908_relational_between,254908,stress_test,relational_between,vector,14,2018_3245172__event_002,0.5121146440505981,False
tokyo_254908_relational_between,254908,stress_test,relational_between,vector,15,2018_3245206__event_002,0.5052114725112915,False
tokyo_254908_relational_between,254908,stress_test,relational_between,vector,16,2018_3245119__event_003,0.5035213232040405,False
tokyo_254908_relational_between,254908,stress_test,relational_between,vector,17,2018_3245121__event_001,0.4894799292087555,False
tokyo_254908_relational_between,254908,stress_test,relational_between,vector,18,2018_3245113__event_002,0.48687052726745605,False
tokyo_254908_relational_between,254908,stress_test,relational_between,vector,19,2018_3245113__event_001,0.48118478059768677,False
tokyo_254908_relational_between,254908,stress_test,relational_between,vector,20,2018_3245108__event_001,0.48099642992019653,False
tokyo_254908_relational_between,254908,stress_test,relational_between,vector,21,2018_3245104__event_002,0.47208040952682495,False
tokyo_254908_relational_between,254908,stress_test,relational_between,vector,22,2018_3245119__event_001,0.46787023544311523,False
tokyo_254908_relational_between,254908,stress_test,relational_between,vector,23,2018_3245115__event_001,0.46522027254104614,False
tokyo_254908_relational_between,254908,stress_test,relational_between,vector,24,2018_3245206__event_001,0.45994409918785095,False
tokyo_254908_relational_between,254908,stress_test,relational_between,vector,25,2018_3245216__event_002,0.4553782343864441,False
tokyo_254908_relational_between,254908,stress_test,relational_between,vector,26,2018_3245120__event_004,0.4000265300273895,False
tokyo_254908_relational_between,254908,stress_test,relational_between,vector,27,2018_3245108__event_002,0.3628790080547333,False
tokyo_254908_relational_between,254908,stress_test,relational_between,vector,28,2018_3245120__event_005,0.36264193058013916,False
tokyo_254908_relational_between,254908,stress_test,relational_between,vector,29,2018_3245104__event_003,0.361630380153656,False
tokyo_254908_relational_between,254908,stress_test,relational_between,vector,30,2018_3245216__event_001,0.34095078706741333,False
tokyo_254908_relational_between,254908,stress_test,relational_between,vector,31,2018_3245206__event_003,0.33663785457611084,False
tokyo_254908_relational_between,254908,stress_test,relational_between,vector,32,2018_3245172__event_001,0.2952994108200073,False
tokyo_254908_relational_between,254908,stress_test,relational_between,vector,33,2018_3245107__event_002,0.28983908891677856,False
tokyo_259163_relational_between,259163,stress_test,relational_between,vector,1,2018_3271974__event_002,0.7142072319984436,False
tokyo_259163_relational_between,259163,stress_test,relational_between,vector,2,2018_3271983__event_003,0.7123814821243286,False
tokyo_259163_relational_between,259163,stress_test,relational_between,vector,3,2018_3271982__event_002,0.6766443252563477,False
tokyo_259163_relational_between,259163,stress_test,relational_between,vector,4,2018_3271967__event_001,0.6723889112472534,False
tokyo_259163_relational_between,259163,stress_test,relational_between,vector,5,2018_3271951__event_001,0.6641197800636292,False
tokyo_259163_relational_between,259163,stress_test,relational_between,vector,6,2018_3271945__event_001,0.6377848386764526,False
tokyo_259163_relational_between,259163,stress_test,relational_between,vector,7,2018_3271955__event_003,0.6317960023880005,False
tokyo_259163_relational_between,259163,stress_test,relational_between,vector,8,2018_3271977__event_002,0.5181565880775452,False
tokyo_259163_relational_between,259163,stress_test,relational_between,vector,9,2018_3271980__event_002,0.47743603587150574,False
tokyo_259163_relational_between,259163,stress_test,relational_between,vector,10,2018_3271945__event_002,0.4249396324157715,False
tokyo_259163_relational_between,259163,stress_test,relational_between,vector,11,2018_3271977__event_003,0.41331934928894043,False
tokyo_259163_relational_between,259163,stress_test,relational_between,vector,12,2018_3271977__event_001,0.3937396705150604,False
tokyo_259163_relational_between,259163,stress_test,relational_between,vector,13,2018_3271974__event_001,0.3672938048839569,False
tokyo_259163_relational_between,259163,stress_test,relational_between,vector,14,2018_3271976__event_001,0.313879132270813,False
tokyo_259163_relational_between,259163,stress_test,relational_between,vector,15,2018_3271983__event_002,0.3090372085571289,False
tokyo_259163_relational_between,259163,stress_test,relational_between,vector,16,2018_3271955__event_001,0.3024103045463562,False
tokyo_259163_relational_between,259163,stress_test,relational_between,vector,17,2018_3271955__event_002,0.30140960216522217,False
tokyo_259163_relational_between,259163,stress_test,relational_between,vector,18,2018_3271983__event_004,0.2997570037841797,False
tokyo_259163_relational_between,259163,stress_test,relational_between,vector,19,2018_3271980__event_001,0.29483240842819214,False
tokyo_259163_relational_between,259163,stress_test,relational_between,vector,20,2018_3271983__event_001,0.2858220338821411,False
tokyo_259163_relational_between,259163,stress_test,relational_between,vector,21,2018_3271967__event_002,0.27581897377967834,False
tokyo_259163_relational_between,259163,stress_test,relational_between,vector,22,2018_3271982__event_001,0.2756376564502716,False
tokyo_259163_relational_between,259163,stress_test,relational_between,vector,23,2018_3271974__event_003,0.27260902523994446,False
tokyo_259163_relational_between,259163,stress_test,relational_between,vector,24,2018_3271976__event_002,0.2726026177406311,False
tokyo_259163_relational_between,259163,stress_test,relational_between,vector,25,2018_3271945__event_003,0.2716158628463745,False
tokyo_259163_relational_between,259163,stress_test,relational_between,vector,26,2018_3271960__event_002,0.26962029933929443,False
tokyo_259163_relational_between,259163,stress_test,relational_between,vector,27,2018_3271951__event_002,0.26113077998161316,False
tokyo_259163_relational_between,259163,stress_test,relational_between,vector,28,2018_3271960__event_001,0.23869620263576508,False
tokyo_263152_relational_between,263152,stress_test,relational_between,vector,1,2018_3295444__event_002,0.8098797798156738,False
tokyo_263152_relational_between,263152,stress_test,relational_between,vector,2,2018_3295444__event_001,0.6609205603599548,False
tokyo_263152_relational_between,263152,stress_test,relational_between,vector,3,2018_3295456__event_004,0.6133816242218018,False
tokyo_263152_relational_between,263152,stress_test,relational_between,vector,4,2018_3295459__event_001,0.6072859764099121,False
tokyo_263152_relational_between,263152,stress_test,relational_between,vector,5,2018_3295458__event_001,0.5958372354507446,False
tokyo_263152_relational_between,263152,stress_test,relational_between,vector,6,2018_3295456__event_001,0.5922749042510986,False
tokyo_263152_relational_between,263152,stress_test,relational_between,vector,7,2018_3295452__event_002,0.5903476476669312,False
tokyo_263152_relational_between,263152,stress_test,relational_between,vector,8,2018_3295457__event_001,0.584496021270752,False
tokyo_263152_relational_between,263152,stress_test,relational_between,vector,9,2018_3295458__event_002,0.5831337571144104,False
tokyo_263152_relational_between,263152,stress_test,relational_between,vector,10,2018_3295456__event_003,0.5826177000999451,False
tokyo_263152_relational_between,263152,stress_test,relational_between,vector,11,2018_3295459__event_002,0.5815786123275757,False
tokyo_263152_relational_between,263152,stress_test,relational_between,vector,12,2018_3295455__event_001,0.5800551176071167,False
tokyo_263152_relational_between,263152,stress_test,relational_between,vector,13,2018_3295451__event_002,0.5699678063392639,False
tokyo_263152_relational_between,263152,stress_test,relational_between,vector,14,2018_3295455__event_002,0.5520713329315186,False
tokyo_263152_relational_between,263152,stress_test,relational_between,vector,15,2018_3295467__event_001,0.5497487187385559,False
tokyo_263152_relational_between,263152,stress_test,relational_between,vector,16,2018_3295456__event_002,0.5402897596359253,False
tokyo_263152_relational_between,263152,stress_test,relational_between,vector,17,2018_3295464__event_002,0.5375404357910156,False
tokyo_263152_relational_between,263152,stress_test,relational_between,vector,18,2018_3295467__event_002,0.5374225974082947,False
tokyo_263152_relational_between,263152,stress_test,relational_between,vector,19,2018_3295451__event_001,0.5286989212036133,False
tokyo_263152_relational_between,263152,stress_test,relational_between,vector,20,2018_3295460__event_002,0.5263277888298035,False
tokyo_263152_relational_between,263152,stress_test,relational_between,vector,21,2018_3295443__event_002,0.5229899287223816,False
tokyo_263152_relational_between,263152,stress_test,relational_between,vector,22,2018_3295460__event_001,0.51934814453125,False
tokyo_263152_relational_between,263152,stress_test,relational_between,vector,23,2018_3295464__event_001,0.5176842212677002,False
tokyo_263152_relational_between,263152,stress_test,relational_between,vector,24,2018_3295452__event_001,0.5055166482925415,False
tokyo_263152_relational_between,263152,stress_test,relational_between,vector,25,2018_3295457__event_002,0.49768102169036865,False
tokyo_263152_relational_between,263152,stress_test,relational_between,vector,26,2018_3295444__event_003,0.47155559062957764,False
tokyo_263152_relational_between,263152,stress_test,relational_between,vector,27,2018_3295443__event_001,0.46353915333747864,False
tokyo_264627_relational_between,264627,stress_test,relational_between,vector,1,2018_3303906__event_003,0.6592605113983154,True
tokyo_264627_relational_between,264627,stress_test,relational_between,vector,2,2018_3303957__event_002,0.5830246806144714,True
tokyo_264627_relational_between,264627,stress_test,relational_between,vector,3,2018_3303874__event_002,0.5594747066497803,True
tokyo_264627_relational_between,264627,stress_test,relational_between,vector,4,2018_3303906__event_002,0.5552215576171875,True
tokyo_264627_relational_between,264627,stress_test,relational_between,vector,5,2018_3303916__event_001,0.545672595500946,True
tokyo_264627_relational_between,264627,stress_test,relational_between,vector,6,2018_3303957__event_001,0.5336613655090332,True
tokyo_264627_relational_between,264627,stress_test,relational_between,vector,7,2018_3303896__event_001,0.5318151116371155,True
tokyo_264627_relational_between,264627,stress_test,relational_between,vector,8,2018_3303924__event_002,0.5205701589584351,True
tokyo_264627_relational_between,264627,stress_test,relational_between,vector,9,2018_3303896__event_002,0.517386794090271,True
tokyo_264627_relational_between,264627,stress_test,relational_between,vector,10,2018_3303907__event_002,0.49910521507263184,True
tokyo_264627_relational_between,264627,stress_test,relational_between,vector,11,2018_3303905__event_002,0.4956279397010803,True
tokyo_264627_relational_between,264627,stress_test,relational_between,vector,12,2018_3303892__event_001,0.48774924874305725,True
tokyo_264627_relational_between,264627,stress_test,relational_between,vector,13,2018_3303923__event_002,0.4835968613624573,True
tokyo_264627_relational_between,264627,stress_test,relational_between,vector,14,2018_3303924__event_001,0.4817033112049103,True
tokyo_264627_relational_between,264627,stress_test,relational_between,vector,15,2018_3303923__event_001,0.4813127815723419,True
tokyo_264627_relational_between,264627,stress_test,relational_between,vector,16,2018_3303899__event_002,0.47768256068229675,True
tokyo_264627_relational_between,264627,stress_test,relational_between,vector,17,2018_3303935__event_002,0.4704219102859497,True
tokyo_264627_relational_between,264627,stress_test,relational_between,vector,18,2018_3303898__event_002,0.46435797214508057,True
tokyo_264627_relational_between,264627,stress_test,relational_between,vector,19,2018_3303913__event_001,0.45491304993629456,True
tokyo_264627_relational_between,264627,stress_test,relational_between,vector,20,2018_3303904__event_001,0.4527115821838379,True
tokyo_264627_relational_between,264627,stress_test,relational_between,vector,21,2018_3303922__event_001,0.4477458894252777,True
tokyo_264627_relational_between,264627,stress_test,relational_between,vector,22,2018_3303886__event_001,0.4285193383693695,True
tokyo_264627_relational_between,264627,stress_test,relational_between,vector,23,2018_3303906__event_001,0.4177396297454834,True
tokyo_264627_relational_between,264627,stress_test,relational_between,vector,24,2018_3303890__event_001,0.40993499755859375,True
tokyo_264627_relational_between,264627,stress_test,relational_between,vector,25,2018_3303955__event_001,0.39976468682289124,True
tokyo_264627_relational_between,264627,stress_test,relational_between,vector,26,2018_3303892__event_002,0.3886689245700836,True
tokyo_264627_relational_between,264627,stress_test,relational_between,vector,27,2018_3303905__event_001,0.381700336933136,True
tokyo_264627_relational_between,264627,stress_test,relational_between,vector,28,2018_3303943__event_002,0.3779306411743164,True
tokyo_264627_relational_between,264627,stress_test,relational_between,vector,29,2018_3303881__event_001,0.37637269496917725,True
tokyo_264627_relational_between,264627,stress_test,relational_between,vector,30,2018_3303906__event_004,0.3732694387435913,True
tokyo_264627_relational_between,264627,stress_test,relational_between,vector,31,2018_3303913__event_002,0.36932486295700073,True
tokyo_264627_relational_between,264627,stress_test,relational_between,vector,32,2018_3303899__event_001,0.36763471364974976,True
tokyo_264627_relational_between,264627,stress_test,relational_between,vector,33,2018_3303874__event_001,0.36580902338027954,True
tokyo_264627_relational_between,264627,stress_test,relational_between,vector,34,2018_3303898__event_001,0.3655020296573639,True
tokyo_264627_relational_between,264627,stress_test,relational_between,vector,35,2018_3303955__event_002,0.3651188611984253,True
tokyo_264627_relational_between,264627,stress_test,relational_between,vector,36,2018_3303916__event_002,0.35952842235565186,True
tokyo_264627_relational_between,264627,stress_test,relational_between,vector,37,2018_3303867__event_002,0.34764373302459717,True
tokyo_264627_relational_between,264627,stress_test,relational_between,vector,38,2018_3303935__event_001,0.34187740087509155,True
tokyo_264627_relational_between,264627,stress_test,relational_between,vector,39,2018_3303881__event_002,0.34065425395965576,True
tokyo_264627_relational_between,264627,stress_test,relational_between,vector,40,2018_3303925__event_001,0.3324938416481018,True
tokyo_264627_relational_between,264627,stress_test,relational_between,vector,41,2018_3303943__event_001,0.33195802569389343,True
tokyo_264627_relational_between,264627,stress_test,relational_between,vector,42,2018_3303925__event_002,0.32448142766952515,True
tokyo_264627_relational_between,264627,stress_test,relational_between,vector,43,2018_3303907__event_001,0.31214356422424316,True
tokyo_264627_relational_between,264627,stress_test,relational_between,vector,44,2018_3303877__event_001,0.3034106492996216,True
tokyo_264627_relational_between,264627,stress_test,relational_between,vector,45,2018_3303877__event_002,0.3029380142688751,True
tokyo_264627_relational_between,264627,stress_test,relational_between,vector,46,2018_3303924__event_003,0.30222293734550476,True
tokyo_264627_relational_between,264627,stress_test,relational_between,vector,47,2018_3303955__event_003,0.2869400382041931,True
tokyo_264627_relational_between,264627,stress_test,relational_between,vector,48,2018_3303889__event_002,0.28395509719848633,True
tokyo_264627_relational_between,264627,stress_test,relational_between,vector,49,2018_3303867__event_001,0.2808653712272644,True
tokyo_264627_relational_between,264627,stress_test,relational_between,vector,50,2018_3303889__event_001,0.27884697914123535,True
tokyo_264627_relational_between,264627,stress_test,relational_between,vector,51,2018_3303916__event_003,0.27149730920791626,True
tokyo_264627_relational_between,264627,stress_test,relational_between,vector,52,2018_3303922__event_002,0.25959545373916626,True
tokyo_264627_relational_between,264627,stress_test,relational_between,vector,53,2018_3303913__event_003,0.25830769538879395,True
tokyo_264627_relational_between,264627,stress_test,relational_between,vector,54,2018_3303899__event_003,0.24986588954925537,True
tokyo_264627_relational_between,264627,stress_test,relational_between,vector,55,2018_3303890__event_002,0.2494642585515976,True
tokyo_264627_relational_between,264627,stress_test,relational_between,vector,56,2018_3303904__event_002,0.24643343687057495,True
tokyo_264627_relational_between,264627,stress_test,relational_between,vector,57,2018_3303886__event_002,0.22818434238433838,True
tokyo_264627_relational_between,264627,stress_test,relational_between,vector,58,2018_3303923__event_003,0.22505012154579163,True
tokyo_264627_relational_between,264627,stress_test,relational_between,vector,59,2018_3303867__event_003,0.19973433017730713,True
tokyo_267704_relational_between,267704,stress_test,relational_between,vector,1,2018_3322362__event_004,0.5486209988594055,False
tokyo_267704_relational_between,267704,stress_test,relational_between,vector,2,2018_3322360__event_003,0.5143917798995972,False
tokyo_267704_relational_between,267704,stress_test,relational_between,vector,3,2018_3322359__event_003,0.5100439786911011,False
tokyo_267704_relational_between,267704,stress_test,relational_between,vector,4,2018_3322364__event_004,0.5022350549697876,False
tokyo_267704_relational_between,267704,stress_test,relational_between,vector,5,2018_3322364__event_003,0.4971918761730194,False
tokyo_267704_relational_between,267704,stress_test,relational_between,vector,6,2018_3322362__event_003,0.49268901348114014,False
tokyo_267704_relational_between,267704,stress_test,relational_between,vector,7,2018_3322363__event_002,0.4674726724624634,False
tokyo_267704_relational_between,267704,stress_test,relational_between,vector,8,2018_3322365__event_002,0.45426416397094727,False
tokyo_267704_relational_between,267704,stress_test,relational_between,vector,9,2018_3322360__event_002,0.42388737201690674,False
tokyo_267704_relational_between,267704,stress_test,relational_between,vector,10,2018_3322362__event_001,0.42384010553359985,False
tokyo_267704_relational_between,267704,stress_test,relational_between,vector,11,2018_3322360__event_004,0.4161788821220398,False
tokyo_267704_relational_between,267704,stress_test,relational_between,vector,12,2018_3322359__event_004,0.4135586619377136,False
tokyo_267704_relational_between,267704,stress_test,relational_between,vector,13,2018_3322359__event_010,0.40021926164627075,False
tokyo_267704_relational_between,267704,stress_test,relational_between,vector,14,2018_3322359__event_005,0.39754706621170044,False
tokyo_267704_relational_between,267704,stress_test,relational_between,vector,15,2018_3322359__event_009,0.3898170590400696,False
tokyo_267704_relational_between,267704,stress_test,relational_between,vector,16,2018_3322360__event_005,0.3817897439002991,False
tokyo_267704_relational_between,267704,stress_test,relational_between,vector,17,2018_3322372__event_002,0.38153159618377686,False
tokyo_267704_relational_between,267704,stress_test,relational_between,vector,18,2018_3322364__event_002,0.3805156648159027,False
tokyo_267704_relational_between,267704,stress_test,relational_between,vector,19,2018_3322362__event_002,0.37987062335014343,False
tokyo_267704_relational_between,267704,stress_test,relational_between,vector,20,2018_3322359__event_006,0.37508654594421387,False
tokyo_267704_relational_between,267704,stress_test,relational_between,vector,21,2018_3322359__event_007,0.37423640489578247,False
tokyo_267704_relational_between,267704,stress_test,relational_between,vector,22,2018_3322365__event_001,0.37041980028152466,False
tokyo_267704_relational_between,267704,stress_test,relational_between,vector,23,2018_3322360__event_001,0.3678892254829407,False
tokyo_267704_relational_between,267704,stress_test,relational_between,vector,24,2018_3322359__event_008,0.3654298186302185,False
tokyo_267704_relational_between,267704,stress_test,relational_between,vector,25,2018_3322359__event_002,0.3606933057308197,False
tokyo_267704_relational_between,267704,stress_test,relational_between,vector,26,2018_3322372__event_003,0.3605267107486725,False
tokyo_267704_relational_between,267704,stress_test,relational_between,vector,27,2018_3322363__event_001,0.35877037048339844,False
tokyo_267704_relational_between,267704,stress_test,relational_between,vector,28,2018_3322367__event_002,0.3570210337638855,False
tokyo_267704_relational_between,267704,stress_test,relational_between,vector,29,2018_3322367__event_001,0.3545899987220764,False
tokyo_267704_relational_between,267704,stress_test,relational_between,vector,30,2018_3322359__event_011,0.3518683612346649,False
tokyo_267704_relational_between,267704,stress_test,relational_between,vector,31,2018_3322372__event_001,0.3514888286590576,False
tokyo_267704_relational_between,267704,stress_test,relational_between,vector,32,2018_3322363__event_003,0.3510245084762573,False
tokyo_267704_relational_between,267704,stress_test,relational_between,vector,33,2018_3322364__event_001,0.3505634069442749,False
tokyo_267704_relational_between,267704,stress_test,relational_between,vector,34,2018_3322359__event_001,0.34976324439048767,False
tokyo_267704_relational_between,267704,stress_test,relational_between,vector,35,2018_3322360__event_006,0.3476514220237732,False
tokyo_267704_relational_between,267704,stress_test,relational_between,vector,36,2018_3322362__event_005,0.3415161073207855,False
tokyo_267704_relational_between,267704,stress_test,relational_between,vector,37,2018_3322366__event_001,0.34120866656303406,False
tokyo_267704_relational_between,267704,stress_test,relational_between,vector,38,2018_3322364__event_006,0.33933746814727783,False
tokyo_267704_relational_between,267704,stress_test,relational_between,vector,39,2018_3322358__event_001,0.3375908136367798,False
tokyo_267704_relational_between,267704,stress_test,relational_between,vector,40,2018_3322360__event_007,0.32864144444465637,False
tokyo_267704_relational_between,267704,stress_test,relational_between,vector,41,2018_3322358__event_002,0.3257877230644226,False
tokyo_267704_relational_between,267704,stress_test,relational_between,vector,42,2018_3322358__event_003,0.32011914253234863,False
tokyo_267704_relational_between,267704,stress_test,relational_between,vector,43,2018_3322372__event_004,0.3144344091415405,False
tokyo_267704_relational_between,267704,stress_test,relational_between,vector,44,2018_3322364__event_005,0.31302183866500854,False
tokyo_267704_relational_between,267704,stress_test,relational_between,vector,45,2018_3322372__event_005,0.31231868267059326,False
tokyo_267704_relational_between,267704,stress_test,relational_between,vector,46,2018_3322366__event_003,0.31157124042510986,False
tokyo_267704_relational_between,267704,stress_test,relational_between,vector,47,2018_3322366__event_004,0.3011619746685028,False
tokyo_267704_relational_between,267704,stress_test,relational_between,vector,48,2018_3322366__event_002,0.2811307907104492,False
tokyo_26786_relational_between,26786,stress_test,relational_between,vector,1,2018_543246__event_002,0.6978892087936401,True
tokyo_26786_relational_between,26786,stress_test,relational_between,vector,2,2018_543174__event_002,0.6905785202980042,True
tokyo_26786_relational_between,26786,stress_test,relational_between,vector,3,2018_543205__event_002,0.6874279379844666,True
tokyo_26786_relational_between,26786,stress_test,relational_between,vector,4,2018_543179__event_005,0.6812397241592407,True
tokyo_26786_relational_between,26786,stress_test,relational_between,vector,5,2018_543239__event_002,0.6740051507949829,True
tokyo_26786_relational_between,26786,stress_test,relational_between,vector,6,2018_543210__event_002,0.6720925569534302,True
tokyo_26786_relational_between,26786,stress_test,relational_between,vector,7,2018_543200__event_001,0.6597375869750977,True
tokyo_26786_relational_between,26786,stress_test,relational_between,vector,8,2018_543186__event_002,0.6582746505737305,True
tokyo_26786_relational_between,26786,stress_test,relational_between,vector,9,2018_543168__event_009,0.6560903787612915,True
tokyo_26786_relational_between,26786,stress_test,relational_between,vector,10,2018_543194__event_006,0.6529231071472168,True
tokyo_26786_relational_between,26786,stress_test,relational_between,vector,11,2018_543236__event_006,0.6511167883872986,True
tokyo_26786_relational_between,26786,stress_test,relational_between,vector,12,2018_543208__event_003,0.6507530808448792,True
tokyo_26786_relational_between,26786,stress_test,relational_between,vector,13,2018_543173__event_002,0.64583420753479,True
tokyo_26786_relational_between,26786,stress_test,relational_between,vector,14,2018_543228__event_003,0.6440763473510742,True
tokyo_26786_relational_between,26786,stress_test,relational_between,vector,15,2018_543229__event_004,0.643326997756958,True
tokyo_26786_relational_between,26786,stress_test,relational_between,vector,16,2018_543228__event_001,0.6397897601127625,True
tokyo_26786_relational_between,26786,stress_test,relational_between,vector,17,2018_543194__event_001,0.6378350257873535,True
tokyo_26786_relational_between,26786,stress_test,relational_between,vector,18,2018_543231__event_001,0.6322321891784668,True
tokyo_26786_relational_between,26786,stress_test,relational_between,vector,19,2018_543216__event_001,0.6268951892852783,True
tokyo_26786_relational_between,26786,stress_test,relational_between,vector,20,2018_543175__event_005,0.6251202821731567,True
tokyo_26786_relational_between,26786,stress_test,relational_between,vector,21,2018_543236__event_003,0.6248693466186523,True
tokyo_26786_relational_between,26786,stress_test,relational_between,vector,22,2018_543194__event_004,0.624762773513794,True
tokyo_26786_relational_between,26786,stress_test,relational_between,vector,23,2018_543176__event_005,0.6237820386886597,True
tokyo_26786_relational_between,26786,stress_test,relational_between,vector,24,2018_543170__event_002,0.6222596168518066,True
tokyo_26786_relational_between,26786,stress_test,relational_between,vector,25,2018_543245__event_002,0.6152201890945435,True
tokyo_26786_relational_between,26786,stress_test,relational_between,vector,26,2018_543180__event_002,0.612522304058075,True
tokyo_26786_relational_between,26786,stress_test,relational_between,vector,27,2018_543182__event_001,0.6106534600257874,True
tokyo_26786_relational_between,26786,stress_test,relational_between,vector,28,2018_543250__event_002,0.6030319929122925,True
tokyo_26786_relational_between,26786,stress_test,relational_between,vector,29,2018_543255__event_005,0.6010079979896545,True
tokyo_26786_relational_between,26786,stress_test,relational_between,vector,30,2018_543254__event_003,0.5969038009643555,True
tokyo_26786_relational_between,26786,stress_test,relational_between,vector,31,2018_543241__event_003,0.5964397192001343,True
tokyo_26786_relational_between,26786,stress_test,relational_between,vector,32,2018_543192__event_003,0.5926567316055298,True
tokyo_26786_relational_between,26786,stress_test,relational_between,vector,33,2018_543248__event_003,0.588545560836792,True
tokyo_26786_relational_between,26786,stress_test,relational_between,vector,34,2018_543229__event_002,0.577073872089386,True
tokyo_26786_relational_between,26786,stress_test,relational_between,vector,35,2018_543168__event_003,0.5749760866165161,True
tokyo_26786_relational_between,26786,stress_test,relational_between,vector,36,2018_543252__event_002,0.5727479457855225,True
tokyo_26786_relational_between,26786,stress_test,relational_between,vector,37,2018_543183__event_006,0.5710314512252808,True
tokyo_26786_relational_between,26786,stress_test,relational_between,vector,38,2018_543176__event_004,0.5695680379867554,True
tokyo_26786_relational_between,26786,stress_test,relational_between,vector,39,2018_543194__event_007,0.5685418844223022,True
tokyo_26786_relational_between,26786,stress_test,relational_between,vector,40,2018_543239__event_001,0.5674059391021729,True
tokyo_26786_relational_between,26786,stress_test,relational_between,vector,41,2018_543197__event_005,0.5654842853546143,True
tokyo_26786_relational_between,26786,stress_test,relational_between,vector,42,2018_543201__event_004,0.5651073455810547,True
tokyo_26786_relational_between,26786,stress_test,relational_between,vector,43,2018_543183__event_004,0.5625472664833069,True
tokyo_26786_relational_between,26786,stress_test,relational_between,vector,44,2018_543205__event_003,0.5622446537017822,True
tokyo_26786_relational_between,26786,stress_test,relational_between,vector,45,2018_543230__event_002,0.5616792440414429,True
tokyo_26786_relational_between,26786,stress_test,relational_between,vector,46,2018_543168__event_008,0.5590165853500366,True
tokyo_26786_relational_between,26786,stress_test,relational_between,vector,47,2018_543218__event_001,0.5567678809165955,True
tokyo_26786_relational_between,26786,stress_test,relational_between,vector,48,2018_543240__event_002,0.5540270209312439,True
tokyo_26786_relational_between,26786,stress_test,relational_between,vector,49,2018_543194__event_003,0.5525045394897461,True
tokyo_26786_relational_between,26786,stress_test,relational_between,vector,50,2018_543178__event_001,0.5524523854255676,True
tokyo_26786_relational_between,26786,stress_test,relational_between,vector,51,2018_543185__event_001,0.5517535209655762,True
tokyo_26786_relational_between,26786,stress_test,relational_between,vector,52,2018_543243__event_002,0.5491121411323547,True
tokyo_26786_relational_between,26786,stress_test,relational_between,vector,53,2018_543204__event_008,0.5478284358978271,True
tokyo_26786_relational_between,26786,stress_test,relational_between,vector,54,2018_543197__event_001,0.5465548038482666,True
tokyo_26786_relational_between,26786,stress_test,relational_between,vector,55,2018_543196__event_001,0.5461716055870056,True
tokyo_26786_relational_between,26786,stress_test,relational_between,vector,56,2018_543184__event_002,0.5453387498855591,True
tokyo_26786_relational_between,26786,stress_test,relational_between,vector,57,2018_543213__event_002,0.5443335771560669,True
tokyo_26786_relational_between,26786,stress_test,relational_between,vector,58,2018_543207__event_002,0.5430159568786621,True
tokyo_26786_relational_between,26786,stress_test,relational_between,vector,59,2018_543208__event_004,0.5401133894920349,True
tokyo_26786_relational_between,26786,stress_test,relational_between,vector,60,2018_543193__event_001,0.5388697981834412,True
tokyo_26786_relational_between,26786,stress_test,relational_between,vector,61,2018_543179__event_001,0.5367757678031921,True
tokyo_26786_relational_between,26786,stress_test,relational_between,vector,62,2018_543179__event_007,0.5352084040641785,True
tokyo_26786_relational_between,26786,stress_test,relational_between,vector,63,2018_543185__event_002,0.5336727499961853,True
tokyo_26786_relational_between,26786,stress_test,relational_between,vector,64,2018_543249__event_002,0.533247709274292,True
tokyo_26786_relational_between,26786,stress_test,relational_between,vector,65,2018_543169__event_004,0.5322821736335754,True
tokyo_26786_relational_between,26786,stress_test,relational_between,vector,66,2018_543170__event_001,0.5322298407554626,True
tokyo_26786_relational_between,26786,stress_test,relational_between,vector,67,2018_543206__event_001,0.5318171381950378,True
tokyo_26786_relational_between,26786,stress_test,relational_between,vector,68,2018_543228__event_002,0.5318031311035156,True
tokyo_26786_relational_between,26786,stress_test,relational_between,vector,69,2018_543210__event_001,0.5311397314071655,True
tokyo_26786_relational_between,26786,stress_test,relational_between,vector,70,2018_543220__event_001,0.5295590162277222,True
tokyo_26786_relational_between,26786,stress_test,relational_between,vector,71,2018_543248__event_001,0.5294188857078552,True
tokyo_26786_relational_between,26786,stress_test,relational_between,vector,72,2018_543191__event_003,0.5246124267578125,True
tokyo_26786_relational_between,26786,stress_test,relational_between,vector,73,2018_543203__event_006,0.5223595499992371,True
tokyo_26786_relational_between,26786,stress_test,relational_between,vector,74,2018_543201__event_007,0.5199388265609741,True
tokyo_26786_relational_between,26786,stress_test,relational_between,vector,75,2018_543185__event_004,0.5169483423233032,True
tokyo_26786_relational_between,26786,stress_test,relational_between,vector,76,2018_543188__event_002,0.5169352889060974,True
tokyo_26786_relational_between,26786,stress_test,relational_between,vector,77,2018_543212__event_005,0.5162873268127441,True
tokyo_26786_relational_between,26786,stress_test,relational_between,vector,78,2018_543236__event_002,0.515849232673645,True
tokyo_26786_relational_between,26786,stress_test,relational_between,vector,79,2018_543239__event_003,0.5152158141136169,True
tokyo_26786_relational_between,26786,stress_test,relational_between,vector,80,2018_543209__event_001,0.5145294070243835,True
tokyo_26786_relational_between,26786,stress_test,relational_between,vector,81,2018_543194__event_005,0.5132411122322083,True
tokyo_26786_relational_between,26786,stress_test,relational_between,vector,82,2018_543232__event_002,0.512951672077179,True
tokyo_26786_relational_between,26786,stress_test,relational_between,vector,83,2018_543256__event_004,0.5116453170776367,True
tokyo_26786_relational_between,26786,stress_test,relational_between,vector,84,2018_543184__event_003,0.5083998441696167,True
tokyo_26786_relational_between,26786,stress_test,relational_between,vector,85,2018_543179__event_006,0.5083262920379639,True
tokyo_26786_relational_between,26786,stress_test,relational_between,vector,86,2018_543175__event_004,0.5073162317276001,True
tokyo_26786_relational_between,26786,stress_test,relational_between,vector,87,2018_543203__event_003,0.5071887969970703,True
tokyo_26786_relational_between,26786,stress_test,relational_between,vector,88,2018_543226__event_004,0.5067795515060425,True
tokyo_26786_relational_between,26786,stress_test,relational_between,vector,89,2018_543218__event_003,0.5067480802536011,True
tokyo_26786_relational_between,26786,stress_test,relational_between,vector,90,2018_543229__event_003,0.5057473182678223,True
tokyo_26786_relational_between,26786,stress_test,relational_between,vector,91,2018_543183__event_005,0.5056756734848022,True
tokyo_26786_relational_between,26786,stress_test,relational_between,vector,92,2018_543168__event_006,0.5053119659423828,True
tokyo_26786_relational_between,26786,stress_test,relational_between,vector,93,2018_543178__event_003,0.5031586289405823,True
tokyo_26786_relational_between,26786,stress_test,relational_between,vector,94,2018_543178__event_002,0.5006283521652222,True
tokyo_26786_relational_between,26786,stress_test,relational_between,vector,95,2018_543220__event_003,0.5005061030387878,True
tokyo_26786_relational_between,26786,stress_test,relational_between,vector,96,2018_543241__event_002,0.49957454204559326,True
tokyo_26786_relational_between,26786,stress_test,relational_between,vector,97,2018_543193__event_003,0.49838781356811523,True
tokyo_26786_relational_between,26786,stress_test,relational_between,vector,98,2018_543239__event_004,0.4981345534324646,True
tokyo_26786_relational_between,26786,stress_test,relational_between,vector,99,2018_543174__event_001,0.4967823624610901,True
tokyo_26786_relational_between,26786,stress_test,relational_between,vector,100,2018_543230__event_001,0.49494773149490356,True
tokyo_26786_relational_between,26786,stress_test,relational_between,vector,101,2018_543204__event_005,0.4946412742137909,True
tokyo_26786_relational_between,26786,stress_test,relational_between,vector,102,2018_543255__event_004,0.49340927600860596,True
tokyo_26786_relational_between,26786,stress_test,relational_between,vector,103,2018_543168__event_001,0.49330437183380127,True
tokyo_26786_relational_between,26786,stress_test,relational_between,vector,104,2018_543194__event_002,0.4932069778442383,True
tokyo_26786_relational_between,26786,stress_test,relational_between,vector,105,2018_543173__event_001,0.4907021224498749,True
tokyo_26786_relational_between,26786,stress_test,relational_between,vector,106,2018_543210__event_003,0.4904702603816986,True
tokyo_26786_relational_between,26786,stress_test,relational_between,vector,107,2018_543197__event_003,0.49031388759613037,True
tokyo_26786_relational_between,26786,stress_test,relational_between,vector,108,2018_543204__event_003,0.4900203049182892,True
tokyo_26786_relational_between,26786,stress_test,relational_between,vector,109,2018_543254__event_002,0.48882967233657837,True
tokyo_26786_relational_between,26786,stress_test,relational_between,vector,110,2018_543180__event_001,0.48525065183639526,True
tokyo_26786_relational_between,26786,stress_test,relational_between,vector,111,2018_543196__event_002,0.4839664399623871,True
tokyo_26786_relational_between,26786,stress_test,relational_between,vector,112,2018_543225__event_003,0.483661949634552,True
tokyo_26786_relational_between,26786,stress_test,relational_between,vector,113,2018_543222__event_001,0.4826659560203552,True
tokyo_26786_relational_between,26786,stress_test,relational_between,vector,114,2018_543197__event_002,0.48052775859832764,True
tokyo_26786_relational_between,26786,stress_test,relational_between,vector,115,2018_543241__event_001,0.48013976216316223,True
tokyo_26786_relational_between,26786,stress_test,relational_between,vector,116,2018_543205__event_001,0.4794631004333496,True
tokyo_26786_relational_between,26786,stress_test,relational_between,vector,117,2018_543208__event_001,0.47641652822494507,True
tokyo_26786_relational_between,26786,stress_test,relational_between,vector,118,2018_543213__event_001,0.47498613595962524,True
tokyo_26786_relational_between,26786,stress_test,relational_between,vector,119,2018_543179__event_002,0.47353750467300415,True
tokyo_26786_relational_between,26786,stress_test,relational_between,vector,120,2018_543191__event_001,0.470117449760437,True
tokyo_26786_relational_between,26786,stress_test,relational_between,vector,121,2018_543250__event_001,0.4699314832687378,True
tokyo_26786_relational_between,26786,stress_test,relational_between,vector,122,2018_543175__event_001,0.4687909483909607,True
tokyo_26786_relational_between,26786,stress_test,relational_between,vector,123,2018_543222__event_003,0.46478188037872314,True
tokyo_26786_relational_between,26786,stress_test,relational_between,vector,124,2018_543252__event_003,0.4637486934661865,True
tokyo_26786_relational_between,26786,stress_test,relational_between,vector,125,2018_543218__event_002,0.46258050203323364,True
tokyo_26786_relational_between,26786,stress_test,relational_between,vector,126,2018_543199__event_001,0.4625365138053894,True
tokyo_26786_relational_between,26786,stress_test,relational_between,vector,127,2018_543168__event_002,0.4606567621231079,True
tokyo_26786_relational_between,26786,stress_test,relational_between,vector,128,2018_543193__event_002,0.4603196978569031,True
tokyo_26786_relational_between,26786,stress_test,relational_between,vector,129,2018_543254__event_001,0.4570848345756531,True
tokyo_26786_relational_between,26786,stress_test,relational_between,vector,130,2018_543183__event_001,0.45688724517822266,True
tokyo_26786_relational_between,26786,stress_test,relational_between,vector,131,2018_543197__event_006,0.4533003866672516,True
tokyo_26786_relational_between,26786,stress_test,relational_between,vector,132,2018_543234__event_001,0.45259585976600647,True
tokyo_26786_relational_between,26786,stress_test,relational_between,vector,133,2018_543208__event_002,0.4517328441143036,True
tokyo_26786_relational_between,26786,stress_test,relational_between,vector,134,2018_543191__event_002,0.45154792070388794,True
tokyo_26786_relational_between,26786,stress_test,relational_between,vector,135,2018_543255__event_002,0.44542697072029114,True
tokyo_26786_relational_between,26786,stress_test,relational_between,vector,136,2018_543179__event_004,0.44387245178222656,True
tokyo_26786_relational_between,26786,stress_test,relational_between,vector,137,2018_543252__event_001,0.4400918483734131,True
tokyo_26786_relational_between,26786,stress_test,relational_between,vector,138,2018_543168__event_004,0.43817734718322754,True
tokyo_26786_relational_between,26786,stress_test,relational_between,vector,139,2018_543176__event_003,0.4356966018676758,True
tokyo_26786_relational_between,26786,stress_test,relational_between,vector,140,2018_543225__event_002,0.42977023124694824,True
tokyo_26786_relational_between,26786,stress_test,relational_between,vector,141,2018_543199__event_002,0.42707371711730957,True
tokyo_26786_relational_between,26786,stress_test,relational_between,vector,142,2018_543222__event_002,0.4264546036720276,True
tokyo_26786_relational_between,26786,stress_test,relational_between,vector,143,2018_543195__event_009,0.4201519191265106,True
tokyo_26786_relational_between,26786,stress_test,relational_between,vector,144,2018_543176__event_001,0.4073113203048706,True
tokyo_26786_relational_between,26786,stress_test,relational_between,vector,145,2018_543229__event_001,0.4008786678314209,True
tokyo_26786_relational_between,26786,stress_test,relational_between,vector,146,2018_543168__event_005,0.399649053812027,True
tokyo_26786_relational_between,26786,stress_test,relational_between,vector,147,2018_543252__event_005,0.39440202713012695,True
tokyo_26786_relational_between,26786,stress_test,relational_between,vector,148,2018_543185__event_003,0.3886837363243103,True
tokyo_26786_relational_between,26786,stress_test,relational_between,vector,149,2018_543241__event_004,0.38711392879486084,True
tokyo_26786_relational_between,26786,stress_test,relational_between,vector,150,2018_543255__event_003,0.3854825496673584,True
tokyo_26786_relational_between,26786,stress_test,relational_between,vector,151,2018_543246__event_001,0.38184988498687744,True
tokyo_26786_relational_between,26786,stress_test,relational_between,vector,152,2018_543243__event_001,0.3812895715236664,True
tokyo_26786_relational_between,26786,stress_test,relational_between,vector,153,2018_543245__event_001,0.3804948329925537,True
tokyo_26786_relational_between,26786,stress_test,relational_between,vector,154,2018_543238__event_001,0.378301739692688,True
tokyo_26786_relational_between,26786,stress_test,relational_between,vector,155,2018_543168__event_007,0.3759258985519409,True
tokyo_26786_relational_between,26786,stress_test,relational_between,vector,156,2018_543175__event_003,0.37562471628189087,True
tokyo_26786_relational_between,26786,stress_test,relational_between,vector,157,2018_543176__event_002,0.37129390239715576,True
tokyo_26786_relational_between,26786,stress_test,relational_between,vector,158,2018_543238__event_002,0.36979198455810547,True
tokyo_26786_relational_between,26786,stress_test,relational_between,vector,159,2018_543186__event_001,0.36663806438446045,True
tokyo_26786_relational_between,26786,stress_test,relational_between,vector,160,2018_543240__event_001,0.36583882570266724,True
tokyo_26786_relational_between,26786,stress_test,relational_between,vector,161,2018_543220__event_002,0.36333802342414856,True
tokyo_26786_relational_between,26786,stress_test,relational_between,vector,162,2018_543199__event_003,0.3609757125377655,True
tokyo_26786_relational_between,26786,stress_test,relational_between,vector,163,2018_543184__event_001,0.35819482803344727,True
tokyo_26786_relational_between,26786,stress_test,relational_between,vector,164,2018_543188__event_001,0.35717880725860596,True
tokyo_26786_relational_between,26786,stress_test,relational_between,vector,165,2018_543236__event_005,0.35525447130203247,True
tokyo_26786_relational_between,26786,stress_test,relational_between,vector,166,2018_543236__event_004,0.35513395071029663,True
tokyo_26786_relational_between,26786,stress_test,relational_between,vector,167,2018_543175__event_002,0.3548027276992798,True
tokyo_26786_relational_between,26786,stress_test,relational_between,vector,168,2018_543179__event_003,0.35256439447402954,True
tokyo_26786_relational_between,26786,stress_test,relational_between,vector,169,2018_543183__event_003,0.3497191071510315,True
tokyo_26786_relational_between,26786,stress_test,relational_between,vector,170,2018_543248__event_002,0.3478234112262726,True
tokyo_26786_relational_between,26786,stress_test,relational_between,vector,171,2018_543168__event_010,0.34518083930015564,True
tokyo_26786_relational_between,26786,stress_test,relational_between,vector,172,2018_543183__event_002,0.34389135241508484,True
tokyo_26786_relational_between,26786,stress_test,relational_between,vector,173,2018_543225__event_004,0.3414038419723511,True
tokyo_26786_relational_between,26786,stress_test,relational_between,vector,174,2018_543174__event_003,0.3401722311973572,True
tokyo_26786_relational_between,26786,stress_test,relational_between,vector,175,2018_543236__event_001,0.3380090594291687,True
tokyo_26786_relational_between,26786,stress_test,relational_between,vector,176,2018_543204__event_004,0.33752012252807617,True
tokyo_26786_relational_between,26786,stress_test,relational_between,vector,177,2018_543252__event_004,0.3375014066696167,True
tokyo_26786_relational_between,26786,stress_test,relational_between,vector,178,2018_543232__event_001,0.3363264799118042,True
tokyo_26786_relational_between,26786,stress_test,relational_between,vector,179,2018_543182__event_002,0.33567705750465393,True
tokyo_26786_relational_between,26786,stress_test,relational_between,vector,180,2018_543255__event_001,0.334724485874176,True
tokyo_26786_relational_between,26786,stress_test,relational_between,vector,181,2018_543216__event_002,0.3333204686641693,True
tokyo_26786_relational_between,26786,stress_test,relational_between,vector,182,2018_543228__event_004,0.3330548405647278,True
tokyo_26786_relational_between,26786,stress_test,relational_between,vector,183,2018_543234__event_002,0.33238786458969116,True
tokyo_26786_relational_between,26786,stress_test,relational_between,vector,184,2018_543231__event_002,0.33121633529663086,True
tokyo_26786_relational_between,26786,stress_test,relational_between,vector,185,2018_543175__event_006,0.3287346661090851,True
tokyo_26786_relational_between,26786,stress_test,relational_between,vector,186,2018_543227__event_001,0.3284345865249634,True
tokyo_26786_relational_between,26786,stress_test,relational_between,vector,187,2018_543179__event_008,0.3281727433204651,True
tokyo_26786_relational_between,26786,stress_test,relational_between,vector,188,2018_543229__event_005,0.3276863098144531,True
tokyo_26786_relational_between,26786,stress_test,relational_between,vector,189,2018_543197__event_004,0.3263222873210907,True
tokyo_26786_relational_between,26786,stress_test,relational_between,vector,190,2018_543215__event_001,0.3259691298007965,True
tokyo_26786_relational_between,26786,stress_test,relational_between,vector,191,2018_543249__event_001,0.3256058990955353,True
tokyo_26786_relational_between,26786,stress_test,relational_between,vector,192,2018_543178__event_004,0.3248666524887085,True
tokyo_26786_relational_between,26786,stress_test,relational_between,vector,193,2018_543195__event_011,0.32452747225761414,True
tokyo_26786_relational_between,26786,stress_test,relational_between,vector,194,2018_543218__event_004,0.32301071286201477,True
tokyo_26786_relational_between,26786,stress_test,relational_between,vector,195,2018_543227__event_002,0.3226262331008911,True
tokyo_26786_relational_between,26786,stress_test,relational_between,vector,196,2018_543204__event_009,0.3225708603858948,True
tokyo_26786_relational_between,26786,stress_test,relational_between,vector,197,2018_543225__event_001,0.32206758856773376,True
tokyo_26786_relational_between,26786,stress_test,relational_between,vector,198,2018_543226__event_002,0.32180461287498474,True
tokyo_26786_relational_between,26786,stress_test,relational_between,vector,199,2018_543216__event_003,0.3217966556549072,True
tokyo_26786_relational_between,26786,stress_test,relational_between,vector,200,2018_543193__event_004,0.3217639923095703,True
tokyo_26786_relational_between,26786,stress_test,relational_between,vector,201,2018_543195__event_008,0.3213931918144226,True
tokyo_26786_relational_between,26786,stress_test,relational_between,vector,202,2018_543207__event_003,0.3213844299316406,True
tokyo_26786_relational_between,26786,stress_test,relational_between,vector,203,2018_543230__event_003,0.32120534777641296,True
tokyo_26786_relational_between,26786,stress_test,relational_between,vector,204,2018_543205__event_004,0.32094675302505493,True
tokyo_26786_relational_between,26786,stress_test,relational_between,vector,205,2018_543196__event_003,0.3201420307159424,True
tokyo_26786_relational_between,26786,stress_test,relational_between,vector,206,2018_543226__event_005,0.3199065625667572,True
tokyo_26786_relational_between,26786,stress_test,relational_between,vector,207,2018_543194__event_008,0.31947290897369385,True
tokyo_26786_relational_between,26786,stress_test,relational_between,vector,208,2018_543206__event_002,0.31833139061927795,True
tokyo_26786_relational_between,26786,stress_test,relational_between,vector,209,2018_543232__event_003,0.3181381821632385,True
tokyo_26786_relational_between,26786,stress_test,relational_between,vector,210,2018_543192__event_004,0.3165382742881775,True
tokyo_26786_relational_between,26786,stress_test,relational_between,vector,211,2018_543209__event_002,0.31425154209136963,True
tokyo_26786_relational_between,26786,stress_test,relational_between,vector,212,2018_543200__event_002,0.3139394223690033,True
tokyo_26786_relational_between,26786,stress_test,relational_between,vector,213,2018_543215__event_002,0.3129535913467407,True
tokyo_26786_relational_between,26786,stress_test,relational_between,vector,214,2018_543226__event_003,0.31289178133010864,True
tokyo_26786_relational_between,26786,stress_test,relational_between,vector,215,2018_543195__event_003,0.31203314661979675,True
tokyo_26786_relational_between,26786,stress_test,relational_between,vector,216,2018_543169__event_002,0.3119829297065735,True
tokyo_26786_relational_between,26786,stress_test,relational_between,vector,217,2018_543169__event_003,0.30916720628738403,True
tokyo_26786_relational_between,26786,stress_test,relational_between,vector,218,2018_543195__event_006,0.307766854763031,True
tokyo_26786_relational_between,26786,stress_test,relational_between,vector,219,2018_543222__event_004,0.30775460600852966,True
tokyo_26786_relational_between,26786,stress_test,relational_between,vector,220,2018_543203__event_002,0.30693525075912476,True
tokyo_26786_relational_between,26786,stress_test,relational_between,vector,221,2018_543195__event_010,0.30567020177841187,True
tokyo_26786_relational_between,26786,stress_test,relational_between,vector,222,2018_543204__event_006,0.3051253855228424,True
tokyo_26786_relational_between,26786,stress_test,relational_between,vector,223,2018_543204__event_002,0.3043610155582428,True
tokyo_26786_relational_between,26786,stress_test,relational_between,vector,224,2018_543195__event_012,0.30389732122421265,True
tokyo_26786_relational_between,26786,stress_test,relational_between,vector,225,2018_543210__event_004,0.30302897095680237,True
tokyo_26786_relational_between,26786,stress_test,relational_between,vector,226,2018_543203__event_004,0.30282726883888245,True
tokyo_26786_relational_between,26786,stress_test,relational_between,vector,227,2018_543256__event_002,0.30061477422714233,True
tokyo_26786_relational_between,26786,stress_test,relational_between,vector,228,2018_543203__event_005,0.2980799078941345,True
tokyo_26786_relational_between,26786,stress_test,relational_between,vector,229,2018_543204__event_007,0.29700326919555664,True
tokyo_26786_relational_between,26786,stress_test,relational_between,vector,230,2018_543256__event_003,0.29690617322921753,True
tokyo_26786_relational_between,26786,stress_test,relational_between,vector,231,2018_543195__event_004,0.29310306906700134,True
tokyo_26786_relational_between,26786,stress_test,relational_between,vector,232,2018_543201__event_002,0.2912234663963318,True
tokyo_26786_relational_between,26786,stress_test,relational_between,vector,233,2018_543201__event_005,0.2907836437225342,True
tokyo_26786_relational_between,26786,stress_test,relational_between,vector,234,2018_543195__event_002,0.2887652814388275,True
tokyo_26786_relational_between,26786,stress_test,relational_between,vector,235,2018_543212__event_002,0.28704944252967834,True
tokyo_26786_relational_between,26786,stress_test,relational_between,vector,236,2018_543212__event_004,0.2848961651325226,True
tokyo_26786_relational_between,26786,stress_test,relational_between,vector,237,2018_543212__event_003,0.2833405137062073,True
tokyo_26786_relational_between,26786,stress_test,relational_between,vector,238,2018_543201__event_006,0.28312981128692627,True
tokyo_26786_relational_between,26786,stress_test,relational_between,vector,239,2018_543226__event_006,0.2813134789466858,True
tokyo_26786_relational_between,26786,stress_test,relational_between,vector,240,2018_543201__event_003,0.2800023555755615,True
tokyo_26786_relational_between,26786,stress_test,relational_between,vector,241,2018_543192__event_002,0.2786743640899658,True
tokyo_26786_relational_between,26786,stress_test,relational_between,vector,242,2018_543226__event_001,0.2755967080593109,True
tokyo_26786_relational_between,26786,stress_test,relational_between,vector,243,2018_543169__event_001,0.27537813782691956,True
tokyo_26786_relational_between,26786,stress_test,relational_between,vector,244,2018_543207__event_001,0.27322524785995483,True
tokyo_26786_relational_between,26786,stress_test,relational_between,vector,245,2018_543195__event_013,0.2655574679374695,True
tokyo_26786_relational_between,26786,stress_test,relational_between,vector,246,2018_543203__event_001,0.26420989632606506,True
tokyo_26786_relational_between,26786,stress_test,relational_between,vector,247,2018_543195__event_005,0.26320263743400574,True
tokyo_26786_relational_between,26786,stress_test,relational_between,vector,248,2018_543195__event_007,0.2613357901573181,True
tokyo_26786_relational_between,26786,stress_test,relational_between,vector,249,2018_543204__event_001,0.2601144313812256,True
tokyo_26786_relational_between,26786,stress_test,relational_between,vector,250,2018_543242__event_002,0.25957998633384705,True
tokyo_26786_relational_between,26786,stress_test,relational_between,vector,251,2018_543242__event_001,0.2576521039009094,True
tokyo_26786_relational_between,26786,stress_test,relational_between,vector,252,2018_543195__event_001,0.25267279148101807,True
tokyo_26786_relational_between,26786,stress_test,relational_between,vector,253,2018_543212__event_001,0.2525266110897064,True
tokyo_26786_relational_between,26786,stress_test,relational_between,vector,254,2018_543256__event_001,0.2524070143699646,True
tokyo_26786_relational_between,26786,stress_test,relational_between,vector,255,2018_543201__event_001,0.25228166580200195,True
tokyo_26786_relational_between,26786,stress_test,relational_between,vector,256,2018_543192__event_001,0.24510905146598816,True
tokyo_277915_relational_between,277915,stress_test,relational_between,vector,1,2018_3383892__event_002,0.6882162094116211,False
tokyo_277915_relational_between,277915,stress_test,relational_between,vector,2,2018_3383894__event_004,0.6862928867340088,False
tokyo_277915_relational_between,277915,stress_test,relational_between,vector,3,2018_3383899__event_001,0.65413498878479,False
tokyo_277915_relational_between,277915,stress_test,relational_between,vector,4,2018_3383886__event_001,0.6506033539772034,False
tokyo_277915_relational_between,277915,stress_test,relational_between,vector,5,2018_3383902__event_002,0.6457949876785278,False
tokyo_277915_relational_between,277915,stress_test,relational_between,vector,6,2018_3383896__event_001,0.5584107637405396,False
tokyo_277915_relational_between,277915,stress_test,relational_between,vector,7,2018_3383892__event_001,0.5561602115631104,False
tokyo_277915_relational_between,277915,stress_test,relational_between,vector,8,2018_3383894__event_003,0.5510130524635315,False
tokyo_277915_relational_between,277915,stress_test,relational_between,vector,9,2018_3383898__event_003,0.5476315021514893,False
tokyo_277915_relational_between,277915,stress_test,relational_between,vector,10,2018_3383901__event_001,0.5443174242973328,False
tokyo_277915_relational_between,277915,stress_test,relational_between,vector,11,2018_3383898__event_002,0.5404846668243408,False
tokyo_277915_relational_between,277915,stress_test,relational_between,vector,12,2018_3383896__event_002,0.5392218828201294,False
tokyo_277915_relational_between,277915,stress_test,relational_between,vector,13,2018_3383894__event_001,0.5374263525009155,False
tokyo_277915_relational_between,277915,stress_test,relational_between,vector,14,2018_3383887__event_002,0.528603732585907,False
tokyo_277915_relational_between,277915,stress_test,relational_between,vector,15,2018_3383890__event_001,0.5255758762359619,False
tokyo_277915_relational_between,277915,stress_test,relational_between,vector,16,2018_3383901__event_002,0.5227659940719604,False
tokyo_277915_relational_between,277915,stress_test,relational_between,vector,17,2018_3383902__event_001,0.5212879180908203,False
tokyo_277915_relational_between,277915,stress_test,relational_between,vector,18,2018_3383887__event_001,0.5210409760475159,False
tokyo_277915_relational_between,277915,stress_test,relational_between,vector,19,2018_3383899__event_002,0.516417384147644,False
tokyo_277915_relational_between,277915,stress_test,relational_between,vector,20,2018_3383894__event_005,0.5101333856582642,False
tokyo_277915_relational_between,277915,stress_test,relational_between,vector,21,2018_3383889__event_002,0.5086256265640259,False
tokyo_277915_relational_between,277915,stress_test,relational_between,vector,22,2018_3383890__event_002,0.5036816596984863,False
tokyo_277915_relational_between,277915,stress_test,relational_between,vector,23,2018_3383891__event_002,0.5032622814178467,False
tokyo_277915_relational_between,277915,stress_test,relational_between,vector,24,2018_3383911__event_002,0.5003436207771301,False
tokyo_277915_relational_between,277915,stress_test,relational_between,vector,25,2018_3383886__event_002,0.4990444779396057,False
tokyo_277915_relational_between,277915,stress_test,relational_between,vector,26,2018_3383900__event_002,0.49726712703704834,False
tokyo_277915_relational_between,277915,stress_test,relational_between,vector,27,2018_3383900__event_001,0.49713194370269775,False
tokyo_277915_relational_between,277915,stress_test,relational_between,vector,28,2018_3383892__event_003,0.4835737347602844,False
tokyo_277915_relational_between,277915,stress_test,relational_between,vector,29,2018_3383903__event_002,0.4818509817123413,False
tokyo_277915_relational_between,277915,stress_test,relational_between,vector,30,2018_3383894__event_002,0.4790589213371277,False
tokyo_277915_relational_between,277915,stress_test,relational_between,vector,31,2018_3383912__event_002,0.4751444458961487,False
tokyo_277915_relational_between,277915,stress_test,relational_between,vector,32,2018_3383909__event_001,0.4617048501968384,False
tokyo_277915_relational_between,277915,stress_test,relational_between,vector,33,2018_3383891__event_001,0.45596492290496826,False
tokyo_277915_relational_between,277915,stress_test,relational_between,vector,34,2018_3383887__event_003,0.4414726495742798,False
tokyo_277915_relational_between,277915,stress_test,relational_between,vector,35,2018_3383903__event_001,0.43217337131500244,False
tokyo_277915_relational_between,277915,stress_test,relational_between,vector,36,2018_3383909__event_002,0.4309893846511841,False
tokyo_277915_relational_between,277915,stress_test,relational_between,vector,37,2018_3383912__event_001,0.42424413561820984,False
tokyo_277915_relational_between,277915,stress_test,relational_between,vector,38,2018_3383911__event_001,0.42049044370651245,False
tokyo_277915_relational_between,277915,stress_test,relational_between,vector,39,2018_3383889__event_001,0.41530120372772217,False
tokyo_277915_relational_between,277915,stress_test,relational_between,vector,40,2018_3383898__event_001,0.40172532200813293,False
tokyo_280210_relational_between,280210,stress_test,relational_between,vector,1,2018_3396830__event_002,0.7615285515785217,True
tokyo_280210_relational_between,280210,stress_test,relational_between,vector,2,2018_3396806__event_003,0.7448188066482544,True
tokyo_280210_relational_between,280210,stress_test,relational_between,vector,3,2018_3396832__event_001,0.7417441606521606,True
tokyo_280210_relational_between,280210,stress_test,relational_between,vector,4,2018_3396837__event_002,0.7414991855621338,True
tokyo_280210_relational_between,280210,stress_test,relational_between,vector,5,2018_3396800__event_003,0.7396232485771179,True
tokyo_280210_relational_between,280210,stress_test,relational_between,vector,6,2018_3396800__event_005,0.734492301940918,True
tokyo_280210_relational_between,280210,stress_test,relational_between,vector,7,2018_3396800__event_001,0.7240997552871704,True
tokyo_280210_relational_between,280210,stress_test,relational_between,vector,8,2018_3396831__event_002,0.6896308660507202,True
tokyo_280210_relational_between,280210,stress_test,relational_between,vector,9,2018_3396837__event_003,0.6670453548431396,True
tokyo_280210_relational_between,280210,stress_test,relational_between,vector,10,2018_3396800__event_002,0.6647080183029175,True
tokyo_280210_relational_between,280210,stress_test,relational_between,vector,11,2018_3396789__event_004,0.6613610982894897,True
tokyo_280210_relational_between,280210,stress_test,relational_between,vector,12,2018_3396833__event_003,0.6489660739898682,True
tokyo_280210_relational_between,280210,stress_test,relational_between,vector,13,2018_3396792__event_002,0.6384103894233704,True
tokyo_280210_relational_between,280210,stress_test,relational_between,vector,14,2018_3396805__event_002,0.635662317276001,True
tokyo_280210_relational_between,280210,stress_test,relational_between,vector,15,2018_3396831__event_003,0.6116247773170471,True
tokyo_280210_relational_between,280210,stress_test,relational_between,vector,16,2018_3396830__event_003,0.5877624750137329,True
tokyo_280210_relational_between,280210,stress_test,relational_between,vector,17,2018_3396837__event_001,0.5821486115455627,True
tokyo_280210_relational_between,280210,stress_test,relational_between,vector,18,2018_3396777__event_001,0.5813157558441162,True
tokyo_280210_relational_between,280210,stress_test,relational_between,vector,19,2018_3396788__event_002,0.5809809565544128,True
tokyo_280210_relational_between,280210,stress_test,relational_between,vector,20,2018_3396797__event_002,0.5760296583175659,True
tokyo_280210_relational_between,280210,stress_test,relational_between,vector,21,2018_3396806__event_002,0.5698060393333435,True
tokyo_280210_relational_between,280210,stress_test,relational_between,vector,22,2018_3396806__event_001,0.5661228895187378,True
tokyo_280210_relational_between,280210,stress_test,relational_between,vector,23,2018_3396831__event_004,0.561644971370697,True
tokyo_280210_relational_between,280210,stress_test,relational_between,vector,24,2018_3396792__event_003,0.5599715709686279,True
tokyo_280210_relational_between,280210,stress_test,relational_between,vector,25,2018_3396783__event_002,0.5344261527061462,True
tokyo_280210_relational_between,280210,stress_test,relational_between,vector,26,2018_3396778__event_003,0.5341886878013611,True
tokyo_280210_relational_between,280210,stress_test,relational_between,vector,27,2018_3396830__event_004,0.529585063457489,True
tokyo_280210_relational_between,280210,stress_test,relational_between,vector,28,2018_3396805__event_001,0.5293722748756409,True
tokyo_280210_relational_between,280210,stress_test,relational_between,vector,29,2018_3396830__event_001,0.5207687616348267,True
tokyo_280210_relational_between,280210,stress_test,relational_between,vector,30,2018_3396788__event_003,0.5207208395004272,True
tokyo_280210_relational_between,280210,stress_test,relational_between,vector,31,2018_3396812__event_001,0.5053703188896179,True
tokyo_280210_relational_between,280210,stress_test,relational_between,vector,32,2018_3396819__event_001,0.5014725923538208,True
tokyo_280210_relational_between,280210,stress_test,relational_between,vector,33,2018_3396797__event_001,0.5010087490081787,True
tokyo_280210_relational_between,280210,stress_test,relational_between,vector,34,2018_3396800__event_004,0.5008474588394165,True
tokyo_280210_relational_between,280210,stress_test,relational_between,vector,35,2018_3396832__event_002,0.5000705718994141,True
tokyo_280210_relational_between,280210,stress_test,relational_between,vector,36,2018_3396831__event_001,0.49510201811790466,True
tokyo_280210_relational_between,280210,stress_test,relational_between,vector,37,2018_3396789__event_002,0.49247026443481445,True
tokyo_280210_relational_between,280210,stress_test,relational_between,vector,38,2018_3396792__event_001,0.4892309308052063,True
tokyo_280210_relational_between,280210,stress_test,relational_between,vector,39,2018_3396789__event_003,0.4860563576221466,True
tokyo_280210_relational_between,280210,stress_test,relational_between,vector,40,2018_3396814__event_002,0.4826545715332031,True
tokyo_280210_relational_between,280210,stress_test,relational_between,vector,41,2018_3396792__event_004,0.476845920085907,True
tokyo_280210_relational_between,280210,stress_test,relational_between,vector,42,2018_3396814__event_001,0.47661787271499634,True
tokyo_280210_relational_between,280210,stress_test,relational_between,vector,43,2018_3396819__event_002,0.4743521213531494,True
tokyo_280210_relational_between,280210,stress_test,relational_between,vector,44,2018_3396833__event_001,0.468650758266449,True
tokyo_280210_relational_between,280210,stress_test,relational_between,vector,45,2018_3396777__event_002,0.465393602848053,True
tokyo_280210_relational_between,280210,stress_test,relational_between,vector,46,2018_3396778__event_001,0.46386611461639404,True
tokyo_280210_relational_between,280210,stress_test,relational_between,vector,47,2018_3396807__event_002,0.4594185948371887,True
tokyo_280210_relational_between,280210,stress_test,relational_between,vector,48,2018_3396788__event_001,0.4588792026042938,True
tokyo_280210_relational_between,280210,stress_test,relational_between,vector,49,2018_3396807__event_001,0.4560362994670868,True
tokyo_280210_relational_between,280210,stress_test,relational_between,vector,50,2018_3396778__event_002,0.4538348317146301,True
tokyo_280210_relational_between,280210,stress_test,relational_between,vector,51,2018_3396789__event_001,0.4440724551677704,True
tokyo_280210_relational_between,280210,stress_test,relational_between,vector,52,2018_3396808__event_001,0.4244050681591034,True
tokyo_280210_relational_between,280210,stress_test,relational_between,vector,53,2018_3396783__event_001,0.418224573135376,True
tokyo_280210_relational_between,280210,stress_test,relational_between,vector,54,2018_3396833__event_002,0.4131728410720825,True
tokyo_280210_relational_between,280210,stress_test,relational_between,vector,55,2018_3396798__event_002,0.40018680691719055,True
tokyo_280210_relational_between,280210,stress_test,relational_between,vector,56,2018_3396806__event_004,0.3481036424636841,True
tokyo_280210_relational_between,280210,stress_test,relational_between,vector,57,2018_3396808__event_002,0.29399681091308594,True
tokyo_280210_relational_between,280210,stress_test,relational_between,vector,58,2018_3396833__event_004,0.2914752960205078,True
tokyo_280210_relational_between,280210,stress_test,relational_between,vector,59,2018_3396837__event_004,0.28315621614456177,True
tokyo_280210_relational_between,280210,stress_test,relational_between,vector,60,2018_3396832__event_003,0.27791011333465576,True
tokyo_280210_relational_between,280210,stress_test,relational_between,vector,61,2018_3396792__event_005,0.2618013620376587,True
tokyo_280210_relational_between,280210,stress_test,relational_between,vector,62,2018_3396812__event_002,0.2547653913497925,True
tokyo_280210_relational_between,280210,stress_test,relational_between,vector,63,2018_3396798__event_001,0.24512875080108643,True
tokyo_281448_relational_between,281448,stress_test,relational_between,vector,1,2018_3403886__event_003,0.7491998672485352,False
tokyo_281448_relational_between,281448,stress_test,relational_between,vector,2,2018_3403834__event_002,0.7110550999641418,False
tokyo_281448_relational_between,281448,stress_test,relational_between,vector,3,2018_3403886__event_002,0.7080086469650269,False
tokyo_281448_relational_between,281448,stress_test,relational_between,vector,4,2018_3403847__event_001,0.7027782797813416,False
tokyo_281448_relational_between,281448,stress_test,relational_between,vector,5,2018_3403886__event_001,0.6709446907043457,False
tokyo_281448_relational_between,281448,stress_test,relational_between,vector,6,2018_3403886__event_005,0.6647330522537231,False
tokyo_281448_relational_between,281448,stress_test,relational_between,vector,7,2018_3403834__event_001,0.6575968265533447,False
tokyo_281448_relational_between,281448,stress_test,relational_between,vector,8,2018_3403860__event_003,0.6204750537872314,False
tokyo_281448_relational_between,281448,stress_test,relational_between,vector,9,2018_3403848__event_002,0.6114309430122375,False
tokyo_281448_relational_between,281448,stress_test,relational_between,vector,10,2018_3403886__event_004,0.5487992763519287,False
tokyo_281448_relational_between,281448,stress_test,relational_between,vector,11,2018_3403860__event_002,0.5297882556915283,False
tokyo_281448_relational_between,281448,stress_test,relational_between,vector,12,2018_3403834__event_003,0.5252662301063538,False
tokyo_281448_relational_between,281448,stress_test,relational_between,vector,13,2018_3403853__event_002,0.5242600440979004,False
tokyo_281448_relational_between,281448,stress_test,relational_between,vector,14,2018_3403825__event_002,0.5012452602386475,False
tokyo_281448_relational_between,281448,stress_test,relational_between,vector,15,2018_3403849__event_001,0.5003476142883301,False
tokyo_281448_relational_between,281448,stress_test,relational_between,vector,16,2018_3403862__event_002,0.4968656003475189,False
tokyo_281448_relational_between,281448,stress_test,relational_between,vector,17,2018_3403847__event_002,0.486446350812912,False
tokyo_281448_relational_between,281448,stress_test,relational_between,vector,18,2018_3403837__event_001,0.483842134475708,False
tokyo_281448_relational_between,281448,stress_test,relational_between,vector,19,2018_3403837__event_002,0.48160579800605774,False
tokyo_281448_relational_between,281448,stress_test,relational_between,vector,20,2018_3403856__event_002,0.47642782330513,False
tokyo_281448_relational_between,281448,stress_test,relational_between,vector,21,2018_3403850__event_002,0.4549795985221863,False
tokyo_281448_relational_between,281448,stress_test,relational_between,vector,22,2018_3403850__event_001,0.4168320894241333,False
tokyo_281448_relational_between,281448,stress_test,relational_between,vector,23,2018_3403888__event_001,0.41494134068489075,False
tokyo_281448_relational_between,281448,stress_test,relational_between,vector,24,2018_3403848__event_001,0.4109498858451843,False
tokyo_281448_relational_between,281448,stress_test,relational_between,vector,25,2018_3403856__event_001,0.4096616506576538,False
tokyo_281448_relational_between,281448,stress_test,relational_between,vector,26,2018_3403856__event_003,0.40928319096565247,False
tokyo_281448_relational_between,281448,stress_test,relational_between,vector,27,2018_3403849__event_002,0.405129611492157,False
tokyo_281448_relational_between,281448,stress_test,relational_between,vector,28,2018_3403825__event_001,0.40381890535354614,False
tokyo_281448_relational_between,281448,stress_test,relational_between,vector,29,2018_3403862__event_001,0.4020909070968628,False
tokyo_281448_relational_between,281448,stress_test,relational_between,vector,30,2018_3403888__event_002,0.4015290141105652,False
tokyo_281448_relational_between,281448,stress_test,relational_between,vector,31,2018_3403853__event_003,0.3987467885017395,False
tokyo_281448_relational_between,281448,stress_test,relational_between,vector,32,2018_3403853__event_001,0.3982446491718292,False
tokyo_281448_relational_between,281448,stress_test,relational_between,vector,33,2018_3403868__event_001,0.39290523529052734,False
tokyo_281448_relational_between,281448,stress_test,relational_between,vector,34,2018_3403860__event_001,0.3843771815299988,False
tokyo_281448_relational_between,281448,stress_test,relational_between,vector,35,2018_3403868__event_002,0.3736439347267151,False
tokyo_283450_relational_between,283450,stress_test,relational_between,vector,1,2018_3416112__event_002,0.7941946387290955,True
tokyo_283450_relational_between,283450,stress_test,relational_between,vector,2,2018_3416142__event_002,0.7816156148910522,True
tokyo_283450_relational_between,283450,stress_test,relational_between,vector,3,2018_3416140__event_002,0.7815528512001038,True
tokyo_283450_relational_between,283450,stress_test,relational_between,vector,4,2018_3416142__event_005,0.7749236822128296,True
tokyo_283450_relational_between,283450,stress_test,relational_between,vector,5,2018_3416124__event_001,0.7700262069702148,True
tokyo_283450_relational_between,283450,stress_test,relational_between,vector,6,2018_3416090__event_001,0.7607927918434143,True
tokyo_283450_relational_between,283450,stress_test,relational_between,vector,7,2018_3416102__event_002,0.7601043581962585,True
tokyo_283450_relational_between,283450,stress_test,relational_between,vector,8,2018_3416143__event_001,0.7596274614334106,True
tokyo_283450_relational_between,283450,stress_test,relational_between,vector,9,2018_3416148__event_002,0.7584928274154663,True
tokyo_283450_relational_between,283450,stress_test,relational_between,vector,10,2018_3416146__event_002,0.7579503059387207,True
tokyo_283450_relational_between,283450,stress_test,relational_between,vector,11,2018_3416143__event_003,0.7558295726776123,True
tokyo_283450_relational_between,283450,stress_test,relational_between,vector,12,2018_3416090__event_002,0.754772424697876,True
tokyo_283450_relational_between,283450,stress_test,relational_between,vector,13,2018_3416144__event_003,0.7508048415184021,True
tokyo_283450_relational_between,283450,stress_test,relational_between,vector,14,2018_3416120__event_002,0.7477972507476807,True
tokyo_283450_relational_between,283450,stress_test,relational_between,vector,15,2018_3416146__event_003,0.7467478513717651,True
tokyo_283450_relational_between,283450,stress_test,relational_between,vector,16,2018_3416142__event_004,0.7465618252754211,True
tokyo_283450_relational_between,283450,stress_test,relational_between,vector,17,2018_3416100__event_001,0.743071436882019,True
tokyo_283450_relational_between,283450,stress_test,relational_between,vector,18,2018_3416100__event_002,0.7402825355529785,True
tokyo_283450_relational_between,283450,stress_test,relational_between,vector,19,2018_3416152__event_001,0.7385742664337158,True
tokyo_283450_relational_between,283450,stress_test,relational_between,vector,20,2018_3416149__event_002,0.7320505380630493,True
tokyo_283450_relational_between,283450,stress_test,relational_between,vector,21,2018_3416152__event_002,0.7305313944816589,True
tokyo_283450_relational_between,283450,stress_test,relational_between,vector,22,2018_3416141__event_003,0.7295405864715576,True
tokyo_283450_relational_between,283450,stress_test,relational_between,vector,23,2018_3416146__event_001,0.727989912033081,True
tokyo_283450_relational_between,283450,stress_test,relational_between,vector,24,2018_3416101__event_002,0.7265161275863647,True
tokyo_283450_relational_between,283450,stress_test,relational_between,vector,25,2018_3416147__event_002,0.7244120240211487,True
tokyo_283450_relational_between,283450,stress_test,relational_between,vector,26,2018_3416144__event_001,0.719171404838562,True
tokyo_283450_relational_between,283450,stress_test,relational_between,vector,27,2018_3416149__event_003,0.7140095829963684,True
tokyo_283450_relational_between,283450,stress_test,relational_between,vector,28,2018_3416140__event_003,0.7066535949707031,True
tokyo_283450_relational_between,283450,stress_test,relational_between,vector,29,2018_3416151__event_001,0.70384681224823,True
tokyo_283450_relational_between,283450,stress_test,relational_between,vector,30,2018_3416112__event_003,0.6952866911888123,True
tokyo_283450_relational_between,283450,stress_test,relational_between,vector,31,2018_3416124__event_002,0.6923431158065796,True
tokyo_283450_relational_between,283450,stress_test,relational_between,vector,32,2018_3416086__event_002,0.6921597719192505,True
tokyo_283450_relational_between,283450,stress_test,relational_between,vector,33,2018_3416142__event_003,0.6895115971565247,True
tokyo_283450_relational_between,283450,stress_test,relational_between,vector,34,2018_3416147__event_001,0.6874234676361084,True
tokyo_283450_relational_between,283450,stress_test,relational_between,vector,35,2018_3416141__event_001,0.6849988102912903,True
tokyo_283450_relational_between,283450,stress_test,relational_between,vector,36,2018_3416102__event_001,0.6655936241149902,True
tokyo_283450_relational_between,283450,stress_test,relational_between,vector,37,2018_3416133__event_002,0.6582984924316406,True
tokyo_283450_relational_between,283450,stress_test,relational_between,vector,38,2018_3416122__event_002,0.656112551689148,True
tokyo_283450_relational_between,283450,stress_test,relational_between,vector,39,2018_3416151__event_002,0.6550732851028442,True
tokyo_283450_relational_between,283450,stress_test,relational_between,vector,40,2018_3416115__event_002,0.6411833763122559,True
tokyo_283450_relational_between,283450,stress_test,relational_between,vector,41,2018_3416112__event_004,0.6324366331100464,True
tokyo_283450_relational_between,283450,stress_test,relational_between,vector,42,2018_3416144__event_002,0.6247061491012573,True
tokyo_283450_relational_between,283450,stress_test,relational_between,vector,43,2018_3416099__event_002,0.6216839551925659,True
tokyo_283450_relational_between,283450,stress_test,relational_between,vector,44,2018_3416120__event_001,0.6131535768508911,True
tokyo_283450_relational_between,283450,stress_test,relational_between,vector,45,2018_3416141__event_002,0.6054738759994507,True
tokyo_283450_relational_between,283450,stress_test,relational_between,vector,46,2018_3416122__event_001,0.6007839441299438,True
tokyo_283450_relational_between,283450,stress_test,relational_between,vector,47,2018_3416120__event_003,0.5993547439575195,True
tokyo_283450_relational_between,283450,stress_test,relational_between,vector,48,2018_3416150__event_001,0.597885251045227,True
tokyo_283450_relational_between,283450,stress_test,relational_between,vector,49,2018_3416139__event_001,0.5919579267501831,True
tokyo_283450_relational_between,283450,stress_test,relational_between,vector,50,2018_3416115__event_001,0.591192364692688,True
tokyo_283450_relational_between,283450,stress_test,relational_between,vector,51,2018_3416085__event_001,0.5904794931411743,True
tokyo_283450_relational_between,283450,stress_test,relational_between,vector,52,2018_3416133__event_001,0.5865054130554199,True
tokyo_283450_relational_between,283450,stress_test,relational_between,vector,53,2018_3416140__event_001,0.5827676057815552,True
tokyo_283450_relational_between,283450,stress_test,relational_between,vector,54,2018_3416112__event_001,0.5810463428497314,True
tokyo_283450_relational_between,283450,stress_test,relational_between,vector,55,2018_3416143__event_002,0.5793891549110413,True
tokyo_283450_relational_between,283450,stress_test,relational_between,vector,56,2018_3416148__event_001,0.5754449963569641,True
tokyo_283450_relational_between,283450,stress_test,relational_between,vector,57,2018_3416149__event_001,0.5751066207885742,True
tokyo_283450_relational_between,283450,stress_test,relational_between,vector,58,2018_3416112__event_005,0.5750271677970886,True
tokyo_283450_relational_between,283450,stress_test,relational_between,vector,59,2018_3416142__event_001,0.5739438533782959,True
tokyo_283450_relational_between,283450,stress_test,relational_between,vector,60,2018_3416086__event_001,0.5727919340133667,True
tokyo_283450_relational_between,283450,stress_test,relational_between,vector,61,2018_3416130__event_002,0.5671715140342712,True
tokyo_283450_relational_between,283450,stress_test,relational_between,vector,62,2018_3416142__event_006,0.5670404434204102,True
tokyo_283450_relational_between,283450,stress_test,relational_between,vector,63,2018_3416130__event_001,0.565284252166748,True
tokyo_283450_relational_between,283450,stress_test,relational_between,vector,64,2018_3416119__event_001,0.5627747178077698,True
tokyo_283450_relational_between,283450,stress_test,relational_between,vector,65,2018_3416119__event_002,0.5608533620834351,True
tokyo_283450_relational_between,283450,stress_test,relational_between,vector,66,2018_3416140__event_004,0.5554112195968628,True
tokyo_283450_relational_between,283450,stress_test,relational_between,vector,67,2018_3416105__event_002,0.5443296432495117,True
tokyo_283450_relational_between,283450,stress_test,relational_between,vector,68,2018_3416105__event_001,0.5366470813751221,True
tokyo_283450_relational_between,283450,stress_test,relational_between,vector,69,2018_3416099__event_001,0.5209643840789795,True
tokyo_283450_relational_between,283450,stress_test,relational_between,vector,70,2018_3416085__event_002,0.5185174345970154,True
tokyo_283450_relational_between,283450,stress_test,relational_between,vector,71,2018_3416150__event_003,0.5170769095420837,True
tokyo_283450_relational_between,283450,stress_test,relational_between,vector,72,2018_3416150__event_002,0.5165744423866272,True
tokyo_283450_relational_between,283450,stress_test,relational_between,vector,73,2018_3416101__event_001,0.47958385944366455,True
tokyo_283450_relational_between,283450,stress_test,relational_between,vector,74,2018_3416139__event_002,0.4711662232875824,True
tokyo_286142_relational_between,286142,stress_test,relational_between,vector,1,2018_3433042__event_002,0.7006333470344543,False
tokyo_286142_relational_between,286142,stress_test,relational_between,vector,2,2018_3433042__event_001,0.7000876665115356,False
tokyo_286142_relational_between,286142,stress_test,relational_between,vector,3,2018_3433040__event_002,0.6704263091087341,False
tokyo_286142_relational_between,286142,stress_test,relational_between,vector,4,2018_3433020__event_002,0.663689911365509,False
tokyo_286142_relational_between,286142,stress_test,relational_between,vector,5,2018_3433030__event_001,0.658370852470398,False
tokyo_286142_relational_between,286142,stress_test,relational_between,vector,6,2018_3433030__event_002,0.6566738486289978,False
tokyo_286142_relational_between,286142,stress_test,relational_between,vector,7,2018_3433021__event_001,0.6566237211227417,False
tokyo_286142_relational_between,286142,stress_test,relational_between,vector,8,2018_3433018__event_001,0.6532108187675476,False
tokyo_286142_relational_between,286142,stress_test,relational_between,vector,9,2018_3433018__event_002,0.648497462272644,False
tokyo_286142_relational_between,286142,stress_test,relational_between,vector,10,2018_3433026__event_001,0.643262505531311,False
tokyo_286142_relational_between,286142,stress_test,relational_between,vector,11,2018_3433033__event_001,0.6370658874511719,False
tokyo_286142_relational_between,286142,stress_test,relational_between,vector,12,2018_3433027__event_001,0.6229894161224365,False
tokyo_286142_relational_between,286142,stress_test,relational_between,vector,13,2018_3433020__event_001,0.6158623099327087,False
tokyo_286142_relational_between,286142,stress_test,relational_between,vector,14,2018_3433026__event_002,0.5889850854873657,False
tokyo_286142_relational_between,286142,stress_test,relational_between,vector,15,2018_3433008__event_002,0.552216649055481,False
tokyo_286142_relational_between,286142,stress_test,relational_between,vector,16,2018_3433008__event_001,0.5386902093887329,False
tokyo_286142_relational_between,286142,stress_test,relational_between,vector,17,2018_3433042__event_003,0.5140306949615479,False
tokyo_286142_relational_between,286142,stress_test,relational_between,vector,18,2018_3433040__event_001,0.47895193099975586,False
tokyo_286142_relational_between,286142,stress_test,relational_between,vector,19,2018_3433033__event_002,0.4781080186367035,False
tokyo_286142_relational_between,286142,stress_test,relational_between,vector,20,2018_3433021__event_002,0.45656678080558777,False
tokyo_286142_relational_between,286142,stress_test,relational_between,vector,21,2018_3433027__event_002,0.41310715675354004,False
tokyo_28664_relational_between,28664,stress_test,relational_between,vector,1,2018_580041__event_002,0.7825158834457397,True
tokyo_28664_relational_between,28664,stress_test,relational_between,vector,2,2018_580041__event_004,0.7787021398544312,True
tokyo_28664_relational_between,28664,stress_test,relational_between,vector,3,2018_580044__event_004,0.7723618745803833,True
tokyo_28664_relational_between,28664,stress_test,relational_between,vector,4,2018_580028__event_002,0.7551612854003906,True
tokyo_28664_relational_between,28664,stress_test,relational_between,vector,5,2018_580044__event_006,0.7515166997909546,True
tokyo_28664_relational_between,28664,stress_test,relational_between,vector,6,2018_580039__event_001,0.7499170303344727,True
tokyo_28664_relational_between,28664,stress_test,relational_between,vector,7,2018_580044__event_003,0.7457880973815918,True
tokyo_28664_relational_between,28664,stress_test,relational_between,vector,8,2018_580044__event_005,0.7449290752410889,True
tokyo_28664_relational_between,28664,stress_test,relational_between,vector,9,2018_580047__event_002,0.7436140775680542,True
tokyo_28664_relational_between,28664,stress_test,relational_between,vector,10,2018_580041__event_006,0.7385269999504089,True
tokyo_28664_relational_between,28664,stress_test,relational_between,vector,11,2018_580044__event_001,0.7291777729988098,True
tokyo_28664_relational_between,28664,stress_test,relational_between,vector,12,2018_580019__event_001,0.7283257246017456,True
tokyo_28664_relational_between,28664,stress_test,relational_between,vector,13,2018_580041__event_003,0.7276753783226013,True
tokyo_28664_relational_between,28664,stress_test,relational_between,vector,14,2018_580028__event_003,0.721688985824585,True
tokyo_28664_relational_between,28664,stress_test,relational_between,vector,15,2018_580047__event_001,0.7194194793701172,True
tokyo_28664_relational_between,28664,stress_test,relational_between,vector,16,2018_580041__event_001,0.7134587168693542,True
tokyo_28664_relational_between,28664,stress_test,relational_between,vector,17,2018_580028__event_001,0.7096167206764221,True
tokyo_28664_relational_between,28664,stress_test,relational_between,vector,18,2018_580039__event_002,0.708522379398346,True
tokyo_28664_relational_between,28664,stress_test,relational_between,vector,19,2018_580047__event_003,0.6869285702705383,True
tokyo_28664_relational_between,28664,stress_test,relational_between,vector,20,2018_580026__event_001,0.678596019744873,True
tokyo_28664_relational_between,28664,stress_test,relational_between,vector,21,2018_580026__event_002,0.638357400894165,True
tokyo_28664_relational_between,28664,stress_test,relational_between,vector,22,2018_580038__event_002,0.6382595300674438,True
tokyo_28664_relational_between,28664,stress_test,relational_between,vector,23,2018_580029__event_002,0.6339064240455627,True
tokyo_28664_relational_between,28664,stress_test,relational_between,vector,24,2018_580044__event_002,0.626235842704773,True
tokyo_28664_relational_between,28664,stress_test,relational_between,vector,25,2018_580041__event_007,0.6137791275978088,True
tokyo_28664_relational_between,28664,stress_test,relational_between,vector,26,2018_580019__event_002,0.6071624159812927,True
tokyo_28664_relational_between,28664,stress_test,relational_between,vector,27,2018_580049__event_001,0.5805659294128418,True
tokyo_28664_relational_between,28664,stress_test,relational_between,vector,28,2018_580023__event_002,0.5782445669174194,True
tokyo_28664_relational_between,28664,stress_test,relational_between,vector,29,2018_580050__event_001,0.5764716863632202,True
tokyo_28664_relational_between,28664,stress_test,relational_between,vector,30,2018_580020__event_001,0.5756208300590515,True
tokyo_28664_relational_between,28664,stress_test,relational_between,vector,31,2018_580028__event_004,0.5722345113754272,True
tokyo_28664_relational_between,28664,stress_test,relational_between,vector,32,2018_580048__event_003,0.5594842433929443,True
tokyo_28664_relational_between,28664,stress_test,relational_between,vector,33,2018_580023__event_001,0.5566362738609314,True
tokyo_28664_relational_between,28664,stress_test,relational_between,vector,34,2018_580046__event_002,0.5516237616539001,True
tokyo_28664_relational_between,28664,stress_test,relational_between,vector,35,2018_580041__event_008,0.5490982532501221,True
tokyo_28664_relational_between,28664,stress_test,relational_between,vector,36,2018_580040__event_001,0.5469148755073547,True
tokyo_28664_relational_between,28664,stress_test,relational_between,vector,37,2018_580020__event_002,0.5462254285812378,True
tokyo_28664_relational_between,28664,stress_test,relational_between,vector,38,2018_580047__event_004,0.5422306656837463,True
tokyo_28664_relational_between,28664,stress_test,relational_between,vector,39,2018_580046__event_001,0.5410422086715698,True
tokyo_28664_relational_between,28664,stress_test,relational_between,vector,40,2018_580041__event_005,0.5396518707275391,True
tokyo_28664_relational_between,28664,stress_test,relational_between,vector,41,2018_580024__event_002,0.5391849875450134,True
tokyo_28664_relational_between,28664,stress_test,relational_between,vector,42,2018_580034__event_002,0.5354230403900146,True
tokyo_28664_relational_between,28664,stress_test,relational_between,vector,43,2018_580050__event_002,0.5320665836334229,True
tokyo_28664_relational_between,28664,stress_test,relational_between,vector,44,2018_580040__event_002,0.5292770862579346,True
tokyo_28664_relational_between,28664,stress_test,relational_between,vector,45,2018_580048__event_002,0.5259674191474915,True
tokyo_28664_relational_between,28664,stress_test,relational_between,vector,46,2018_580049__event_002,0.5223761796951294,True
tokyo_28664_relational_between,28664,stress_test,relational_between,vector,47,2018_580024__event_001,0.5214146375656128,True
tokyo_28664_relational_between,28664,stress_test,relational_between,vector,48,2018_580051__event_002,0.5184317231178284,True
tokyo_28664_relational_between,28664,stress_test,relational_between,vector,49,2018_580032__event_002,0.5166460871696472,True
tokyo_28664_relational_between,28664,stress_test,relational_between,vector,50,2018_580048__event_001,0.5159807801246643,True
tokyo_28664_relational_between,28664,stress_test,relational_between,vector,51,2018_580032__event_001,0.5150521397590637,True
tokyo_28664_relational_between,28664,stress_test,relational_between,vector,52,2018_580044__event_007,0.5145939588546753,True
tokyo_28664_relational_between,28664,stress_test,relational_between,vector,53,2018_580029__event_001,0.5104955434799194,True
tokyo_28664_relational_between,28664,stress_test,relational_between,vector,54,2018_580038__event_001,0.5052787661552429,True
tokyo_28664_relational_between,28664,stress_test,relational_between,vector,55,2018_580051__event_001,0.49944180250167847,True
tokyo_28664_relational_between,28664,stress_test,relational_between,vector,56,2018_580034__event_001,0.4974931478500366,True
tokyo_28697_relational_between,28697,stress_test,relational_between,vector,1,2018_580879__event_002,0.7403696775436401,False
tokyo_28697_relational_between,28697,stress_test,relational_between,vector,2,2018_580873__event_004,0.7365867495536804,False
tokyo_28697_relational_between,28697,stress_test,relational_between,vector,3,2018_580888__event_001,0.7360998392105103,False
tokyo_28697_relational_between,28697,stress_test,relational_between,vector,4,2018_580874__event_002,0.7328457832336426,False
tokyo_28697_relational_between,28697,stress_test,relational_between,vector,5,2018_580905__event_002,0.7312793731689453,False
tokyo_28697_relational_between,28697,stress_test,relational_between,vector,6,2018_580896__event_002,0.7292780876159668,False
tokyo_28697_relational_between,28697,stress_test,relational_between,vector,7,2018_580878__event_001,0.7237799167633057,False
tokyo_28697_relational_between,28697,stress_test,relational_between,vector,8,2018_580886__event_004,0.7117198705673218,False
tokyo_28697_relational_between,28697,stress_test,relational_between,vector,9,2018_580903__event_001,0.7112039923667908,False
tokyo_28697_relational_between,28697,stress_test,relational_between,vector,10,2018_580901__event_002,0.695269763469696,False
tokyo_28697_relational_between,28697,stress_test,relational_between,vector,11,2018_580879__event_001,0.6326413154602051,False
tokyo_28697_relational_between,28697,stress_test,relational_between,vector,12,2018_580874__event_001,0.6237205266952515,False
tokyo_28697_relational_between,28697,stress_test,relational_between,vector,13,2018_580888__event_002,0.6216052770614624,False
tokyo_28697_relational_between,28697,stress_test,relational_between,vector,14,2018_580873__event_001,0.6183503866195679,False
tokyo_28697_relational_between,28697,stress_test,relational_between,vector,15,2018_580905__event_001,0.6118881106376648,False
tokyo_28697_relational_between,28697,stress_test,relational_between,vector,16,2018_580884__event_003,0.6041866540908813,False
tokyo_28697_relational_between,28697,stress_test,relational_between,vector,17,2018_580873__event_002,0.6003279685974121,False
tokyo_28697_relational_between,28697,stress_test,relational_between,vector,18,2018_580896__event_001,0.5923939943313599,False
tokyo_28697_relational_between,28697,stress_test,relational_between,vector,19,2018_580876__event_001,0.5838281512260437,False
tokyo_28697_relational_between,28697,stress_test,relational_between,vector,20,2018_580884__event_002,0.5810694694519043,False
tokyo_28697_relational_between,28697,stress_test,relational_between,vector,21,2018_580878__event_002,0.5768007040023804,False
tokyo_28697_relational_between,28697,stress_test,relational_between,vector,22,2018_580886__event_002,0.5734546184539795,False
tokyo_28697_relational_between,28697,stress_test,relational_between,vector,23,2018_580886__event_003,0.5678201913833618,False
tokyo_28697_relational_between,28697,stress_test,relational_between,vector,24,2018_580873__event_003,0.5609077215194702,False
tokyo_28697_relational_between,28697,stress_test,relational_between,vector,25,2018_580884__event_001,0.5482726693153381,False
tokyo_28697_relational_between,28697,stress_test,relational_between,vector,26,2018_580896__event_003,0.5309545397758484,False
tokyo_28697_relational_between,28697,stress_test,relational_between,vector,27,2018_580901__event_001,0.5278759002685547,False
tokyo_28697_relational_between,28697,stress_test,relational_between,vector,28,2018_580903__event_002,0.5103148818016052,False
tokyo_28697_relational_between,28697,stress_test,relational_between,vector,29,2018_580909__event_003,0.5034806132316589,False
tokyo_28697_relational_between,28697,stress_test,relational_between,vector,30,2018_580876__event_002,0.47972071170806885,False
tokyo_28697_relational_between,28697,stress_test,relational_between,vector,31,2018_580886__event_001,0.46759048104286194,False
tokyo_28697_relational_between,28697,stress_test,relational_between,vector,32,2018_580887__event_002,0.3854549825191498,False
tokyo_28697_relational_between,28697,stress_test,relational_between,vector,33,2018_580887__event_001,0.38156116008758545,False
tokyo_28697_relational_between,28697,stress_test,relational_between,vector,34,2018_580909__event_002,0.37474966049194336,False
tokyo_28697_relational_between,28697,stress_test,relational_between,vector,35,2018_580900__event_002,0.35681775212287903,False
tokyo_28697_relational_between,28697,stress_test,relational_between,vector,36,2018_580909__event_001,0.3545001149177551,False
tokyo_28697_relational_between,28697,stress_test,relational_between,vector,37,2018_580900__event_001,0.3320053815841675,False
tokyo_290806_relational_between,290806,stress_test,relational_between,vector,1,2018_3462058__event_001,0.744638979434967,False
tokyo_290806_relational_between,290806,stress_test,relational_between,vector,2,2018_3462063__event_002,0.737331211566925,False
tokyo_290806_relational_between,290806,stress_test,relational_between,vector,3,2018_3462036__event_004,0.7266702651977539,False
tokyo_290806_relational_between,290806,stress_test,relational_between,vector,4,2018_3462036__event_003,0.7256603240966797,False
tokyo_290806_relational_between,290806,stress_test,relational_between,vector,5,2018_3462044__event_001,0.7214561700820923,False
tokyo_290806_relational_between,290806,stress_test,relational_between,vector,6,2018_3462038__event_004,0.711885929107666,False
tokyo_290806_relational_between,290806,stress_test,relational_between,vector,7,2018_3462045__event_001,0.7110721468925476,False
tokyo_290806_relational_between,290806,stress_test,relational_between,vector,8,2018_3462044__event_002,0.7097947001457214,False
tokyo_290806_relational_between,290806,stress_test,relational_between,vector,9,2018_3462044__event_003,0.6960895657539368,False
tokyo_290806_relational_between,290806,stress_test,relational_between,vector,10,2018_3462040__event_003,0.6907710433006287,False
tokyo_290806_relational_between,290806,stress_test,relational_between,vector,11,2018_3462036__event_002,0.6861482858657837,False
tokyo_290806_relational_between,290806,stress_test,relational_between,vector,12,2018_3462058__event_003,0.6805063486099243,False
tokyo_290806_relational_between,290806,stress_test,relational_between,vector,13,2018_3462064__event_002,0.6687400341033936,False
tokyo_290806_relational_between,290806,stress_test,relational_between,vector,14,2018_3462055__event_001,0.6679108142852783,False
tokyo_290806_relational_between,290806,stress_test,relational_between,vector,15,2018_3462038__event_001,0.6588714122772217,False
tokyo_290806_relational_between,290806,stress_test,relational_between,vector,16,2018_3462040__event_001,0.6419838070869446,False
tokyo_290806_relational_between,290806,stress_test,relational_between,vector,17,2018_3462038__event_003,0.6342682838439941,False
tokyo_290806_relational_between,290806,stress_test,relational_between,vector,18,2018_3462038__event_002,0.6301817893981934,False
tokyo_290806_relational_between,290806,stress_test,relational_between,vector,19,2018_3462056__event_001,0.6262575387954712,False
tokyo_290806_relational_between,290806,stress_test,relational_between,vector,20,2018_3462063__event_001,0.6252577304840088,False
tokyo_290806_relational_between,290806,stress_test,relational_between,vector,21,2018_3462051__event_002,0.6175485253334045,False
tokyo_290806_relational_between,290806,stress_test,relational_between,vector,22,2018_3462047__event_001,0.614344596862793,False
tokyo_290806_relational_between,290806,stress_test,relational_between,vector,23,2018_3462051__event_001,0.603777289390564,False
tokyo_290806_relational_between,290806,stress_test,relational_between,vector,24,2018_3462058__event_002,0.5866668820381165,False
tokyo_290806_relational_between,290806,stress_test,relational_between,vector,25,2018_3462040__event_002,0.5830562114715576,False
tokyo_290806_relational_between,290806,stress_test,relational_between,vector,26,2018_3462047__event_002,0.5526378154754639,False
tokyo_290806_relational_between,290806,stress_test,relational_between,vector,27,2018_3462064__event_001,0.535326361656189,False
tokyo_290806_relational_between,290806,stress_test,relational_between,vector,28,2018_3462043__event_002,0.5344736576080322,False
tokyo_290806_relational_between,290806,stress_test,relational_between,vector,29,2018_3462056__event_002,0.5264972448348999,False
tokyo_290806_relational_between,290806,stress_test,relational_between,vector,30,2018_3462045__event_002,0.5228737592697144,False
tokyo_290806_relational_between,290806,stress_test,relational_between,vector,31,2018_3462055__event_002,0.5158236026763916,False
tokyo_290806_relational_between,290806,stress_test,relational_between,vector,32,2018_3462058__event_004,0.5090979933738708,False
tokyo_290806_relational_between,290806,stress_test,relational_between,vector,33,2018_3462039__event_001,0.48548462986946106,False
tokyo_290806_relational_between,290806,stress_test,relational_between,vector,34,2018_3462036__event_001,0.4409763813018799,False
tokyo_290806_relational_between,290806,stress_test,relational_between,vector,35,2018_3462039__event_002,0.4386310279369354,False
tokyo_290806_relational_between,290806,stress_test,relational_between,vector,36,2018_3462043__event_001,0.41439807415008545,False
tokyo_29501_relational_between,29501,stress_test,relational_between,vector,1,2018_596177__event_002,0.7059087753295898,False
tokyo_29501_relational_between,29501,stress_test,relational_between,vector,2,2018_596167__event_002,0.5682008266448975,False
tokyo_29501_relational_between,29501,stress_test,relational_between,vector,3,2018_596152__event_001,0.554633617401123,False
tokyo_29501_relational_between,29501,stress_test,relational_between,vector,4,2018_596168__event_001,0.5502877831459045,False
tokyo_29501_relational_between,29501,stress_test,relational_between,vector,5,2018_596194__event_001,0.5358254313468933,False
tokyo_29501_relational_between,29501,stress_test,relational_between,vector,6,2018_596195__event_002,0.5337640047073364,False
tokyo_29501_relational_between,29501,stress_test,relational_between,vector,7,2018_596165__event_002,0.5298706889152527,False
tokyo_29501_relational_between,29501,stress_test,relational_between,vector,8,2018_596169__event_001,0.5265946388244629,False
tokyo_29501_relational_between,29501,stress_test,relational_between,vector,9,2018_596168__event_002,0.5248731374740601,False
tokyo_29501_relational_between,29501,stress_test,relational_between,vector,10,2018_596177__event_004,0.5187386274337769,False
tokyo_29501_relational_between,29501,stress_test,relational_between,vector,11,2018_596158__event_002,0.5177522301673889,False
tokyo_29501_relational_between,29501,stress_test,relational_between,vector,12,2018_596185__event_002,0.517109215259552,False
tokyo_29501_relational_between,29501,stress_test,relational_between,vector,13,2018_596168__event_003,0.5067974328994751,False
tokyo_29501_relational_between,29501,stress_test,relational_between,vector,14,2018_596159__event_002,0.5052051544189453,False
tokyo_29501_relational_between,29501,stress_test,relational_between,vector,15,2018_596169__event_002,0.5028825998306274,False
tokyo_29501_relational_between,29501,stress_test,relational_between,vector,16,2018_596152__event_002,0.5024282932281494,False
tokyo_29501_relational_between,29501,stress_test,relational_between,vector,17,2018_596159__event_001,0.4998154938220978,False
tokyo_29501_relational_between,29501,stress_test,relational_between,vector,18,2018_596175__event_002,0.49676528573036194,False
tokyo_29501_relational_between,29501,stress_test,relational_between,vector,19,2018_596194__event_002,0.4905778169631958,False
tokyo_29501_relational_between,29501,stress_test,relational_between,vector,20,2018_596137__event_002,0.48860523104667664,False
tokyo_29501_relational_between,29501,stress_test,relational_between,vector,21,2018_596177__event_005,0.48716089129447937,False
tokyo_29501_relational_between,29501,stress_test,relational_between,vector,22,2018_596167__event_001,0.47190940380096436,False
tokyo_29501_relational_between,29501,stress_test,relational_between,vector,23,2018_596140__event_001,0.45333731174468994,False
tokyo_29501_relational_between,29501,stress_test,relational_between,vector,24,2018_596197__event_002,0.4515973925590515,False
tokyo_29501_relational_between,29501,stress_test,relational_between,vector,25,2018_596158__event_001,0.44245171546936035,False
tokyo_29501_relational_between,29501,stress_test,relational_between,vector,26,2018_596186__event_002,0.4367538094520569,False
tokyo_29501_relational_between,29501,stress_test,relational_between,vector,27,2018_596195__event_001,0.422370970249176,False
tokyo_29501_relational_between,29501,stress_test,relational_between,vector,28,2018_596165__event_001,0.42109888792037964,False
tokyo_29501_relational_between,29501,stress_test,relational_between,vector,29,2018_596185__event_001,0.4032631516456604,False
tokyo_29501_relational_between,29501,stress_test,relational_between,vector,30,2018_596186__event_001,0.3968300521373749,False
tokyo_29501_relational_between,29501,stress_test,relational_between,vector,31,2018_596175__event_001,0.39091038703918457,False
tokyo_29501_relational_between,29501,stress_test,relational_between,vector,32,2018_596137__event_001,0.3884854316711426,False
tokyo_29501_relational_between,29501,stress_test,relational_between,vector,33,2018_596140__event_002,0.3716639578342438,False
tokyo_29501_relational_between,29501,stress_test,relational_between,vector,34,2018_596177__event_001,0.3682214915752411,False
tokyo_29501_relational_between,29501,stress_test,relational_between,vector,35,2018_596197__event_001,0.3677528500556946,False
tokyo_29501_relational_between,29501,stress_test,relational_between,vector,36,2018_596177__event_003,0.3645116090774536,False
tokyo_29757_relational_between,29757,stress_test,relational_between,vector,1,2018_601360__event_002,0.7198593616485596,False
tokyo_29757_relational_between,29757,stress_test,relational_between,vector,2,2018_601365__event_002,0.7033466696739197,False
tokyo_29757_relational_between,29757,stress_test,relational_between,vector,3,2018_601415__event_001,0.6989721059799194,False
tokyo_29757_relational_between,29757,stress_test,relational_between,vector,4,2018_601408__event_001,0.6921254396438599,False
tokyo_29757_relational_between,29757,stress_test,relational_between,vector,5,2018_601438__event_001,0.6841293573379517,False
tokyo_29757_relational_between,29757,stress_test,relational_between,vector,6,2018_601361__event_001,0.6779710054397583,False
tokyo_29757_relational_between,29757,stress_test,relational_between,vector,7,2018_601369__event_002,0.6751066446304321,False
tokyo_29757_relational_between,29757,stress_test,relational_between,vector,8,2018_601440__event_001,0.6722147464752197,False
tokyo_29757_relational_between,29757,stress_test,relational_between,vector,9,2018_601398__event_001,0.6684279441833496,False
tokyo_29757_relational_between,29757,stress_test,relational_between,vector,10,2018_601389__event_001,0.666199803352356,False
tokyo_29757_relational_between,29757,stress_test,relational_between,vector,11,2018_601384__event_001,0.6601987481117249,False
tokyo_29757_relational_between,29757,stress_test,relational_between,vector,12,2018_601430__event_001,0.6540395021438599,False
tokyo_29757_relational_between,29757,stress_test,relational_between,vector,13,2018_601394__event_001,0.6528829336166382,False
tokyo_29757_relational_between,29757,stress_test,relational_between,vector,14,2018_601386__event_001,0.6523352861404419,False
tokyo_29757_relational_between,29757,stress_test,relational_between,vector,15,2018_601391__event_001,0.6467936038970947,False
tokyo_29757_relational_between,29757,stress_test,relational_between,vector,16,2018_601377__event_001,0.6464275121688843,False
tokyo_29757_relational_between,29757,stress_test,relational_between,vector,17,2018_601379__event_002,0.6463710069656372,False
tokyo_29757_relational_between,29757,stress_test,relational_between,vector,18,2018_601388__event_001,0.6459238529205322,False
tokyo_29757_relational_between,29757,stress_test,relational_between,vector,19,2018_601373__event_001,0.6439151763916016,False
tokyo_29757_relational_between,29757,stress_test,relational_between,vector,20,2018_601360__event_001,0.570697546005249,False
tokyo_29757_relational_between,29757,stress_test,relational_between,vector,21,2018_601438__event_002,0.5297778844833374,False
tokyo_29757_relational_between,29757,stress_test,relational_between,vector,22,2018_601415__event_002,0.4941845238208771,False
tokyo_29757_relational_between,29757,stress_test,relational_between,vector,23,2018_601360__event_003,0.4876352548599243,False
tokyo_29757_relational_between,29757,stress_test,relational_between,vector,24,2018_601361__event_002,0.48710158467292786,False
tokyo_29757_relational_between,29757,stress_test,relational_between,vector,25,2018_601408__event_002,0.479072242975235,False
tokyo_29757_relational_between,29757,stress_test,relational_between,vector,26,2018_601365__event_001,0.47180986404418945,False
tokyo_29757_relational_between,29757,stress_test,relational_between,vector,27,2018_601389__event_002,0.471177339553833,False
tokyo_29757_relational_between,29757,stress_test,relational_between,vector,28,2018_601373__event_002,0.4672563374042511,False
tokyo_29757_relational_between,29757,stress_test,relational_between,vector,29,2018_601365__event_003,0.4667070508003235,False
tokyo_29757_relational_between,29757,stress_test,relational_between,vector,30,2018_601398__event_002,0.46071121096611023,False
tokyo_29757_relational_between,29757,stress_test,relational_between,vector,31,2018_601388__event_002,0.4568621516227722,False
tokyo_29757_relational_between,29757,stress_test,relational_between,vector,32,2018_601394__event_002,0.4548657536506653,False
tokyo_29757_relational_between,29757,stress_test,relational_between,vector,33,2018_601369__event_001,0.45377665758132935,False
tokyo_29757_relational_between,29757,stress_test,relational_between,vector,34,2018_601384__event_002,0.4537007510662079,False
tokyo_29757_relational_between,29757,stress_test,relational_between,vector,35,2018_601430__event_002,0.4532148540019989,False
tokyo_29757_relational_between,29757,stress_test,relational_between,vector,36,2018_601440__event_002,0.45053356885910034,False
tokyo_29757_relational_between,29757,stress_test,relational_between,vector,37,2018_601377__event_002,0.45030853152275085,False
tokyo_29757_relational_between,29757,stress_test,relational_between,vector,38,2018_601369__event_003,0.4483955204486847,False
tokyo_29757_relational_between,29757,stress_test,relational_between,vector,39,2018_601379__event_001,0.44833993911743164,False
tokyo_29757_relational_between,29757,stress_test,relational_between,vector,40,2018_601391__event_002,0.44184884428977966,False
tokyo_29757_relational_between,29757,stress_test,relational_between,vector,41,2018_601386__event_002,0.43602317571640015,False
tokyo_29764_relational_between,29764,stress_test,relational_between,vector,1,2018_601479__event_002,0.8172526359558105,False
tokyo_29764_relational_between,29764,stress_test,relational_between,vector,2,2018_601542__event_001,0.6823442578315735,False
tokyo_29764_relational_between,29764,stress_test,relational_between,vector,3,2018_601559__event_001,0.6727871894836426,False
tokyo_29764_relational_between,29764,stress_test,relational_between,vector,4,2018_601487__event_001,0.6696375012397766,False
tokyo_29764_relational_between,29764,stress_test,relational_between,vector,5,2018_601633__event_001,0.6612770557403564,False
tokyo_29764_relational_between,29764,stress_test,relational_between,vector,6,2018_601480__event_001,0.6582468152046204,False
tokyo_29764_relational_between,29764,stress_test,relational_between,vector,7,2018_601534__event_001,0.6561077833175659,False
tokyo_29764_relational_between,29764,stress_test,relational_between,vector,8,2018_601501__event_001,0.6536367535591125,False
tokyo_29764_relational_between,29764,stress_test,relational_between,vector,9,2018_601479__event_001,0.6479560136795044,False
tokyo_29764_relational_between,29764,stress_test,relational_between,vector,10,2018_601514__event_001,0.6471273899078369,False
tokyo_29764_relational_between,29764,stress_test,relational_between,vector,11,2018_601634__event_001,0.6402864456176758,False
tokyo_29764_relational_between,29764,stress_test,relational_between,vector,12,2018_601534__event_002,0.6137112379074097,False
tokyo_29764_relational_between,29764,stress_test,relational_between,vector,13,2018_601542__event_002,0.6128320693969727,False
tokyo_29764_relational_between,29764,stress_test,relational_between,vector,14,2018_601559__event_002,0.6030014753341675,False
tokyo_29764_relational_between,29764,stress_test,relational_between,vector,15,2018_601487__event_002,0.5984488725662231,False
tokyo_29764_relational_between,29764,stress_test,relational_between,vector,16,2018_601479__event_003,0.5962773561477661,False
tokyo_29764_relational_between,29764,stress_test,relational_between,vector,17,2018_601501__event_002,0.5939827561378479,False
tokyo_29764_relational_between,29764,stress_test,relational_between,vector,18,2018_601480__event_002,0.583971381187439,False
tokyo_29764_relational_between,29764,stress_test,relational_between,vector,19,2018_601633__event_002,0.5802550315856934,False
tokyo_29764_relational_between,29764,stress_test,relational_between,vector,20,2018_601514__event_002,0.5748316645622253,False
tokyo_29764_relational_between,29764,stress_test,relational_between,vector,21,2018_601534__event_004,0.5672284364700317,False
tokyo_29764_relational_between,29764,stress_test,relational_between,vector,22,2018_601478__event_001,0.5587159395217896,False
tokyo_29764_relational_between,29764,stress_test,relational_between,vector,23,2018_601478__event_002,0.5396119356155396,False
tokyo_29764_relational_between,29764,stress_test,relational_between,vector,24,2018_601478__event_003,0.5211853384971619,False
tokyo_29764_relational_between,29764,stress_test,relational_between,vector,25,2018_601633__event_003,0.5060214996337891,False
tokyo_29764_relational_between,29764,stress_test,relational_between,vector,26,2018_601487__event_003,0.5005303621292114,False
tokyo_29764_relational_between,29764,stress_test,relational_between,vector,27,2018_601634__event_002,0.4891318380832672,False
tokyo_29764_relational_between,29764,stress_test,relational_between,vector,28,2018_601534__event_003,0.484914630651474,False
tokyo_31204_relational_between,31204,stress_test,relational_between,vector,1,2018_631703__event_002,0.5801710486412048,False
tokyo_31204_relational_between,31204,stress_test,relational_between,vector,2,2018_631703__event_003,0.3645591139793396,False
tokyo_31204_relational_between,31204,stress_test,relational_between,vector,3,2018_631691__event_001,0.36092549562454224,False
tokyo_31204_relational_between,31204,stress_test,relational_between,vector,4,2018_631691__event_002,0.3585866391658783,False
tokyo_31204_relational_between,31204,stress_test,relational_between,vector,5,2018_631604__event_002,0.3572482466697693,False
tokyo_31204_relational_between,31204,stress_test,relational_between,vector,6,2018_631666__event_002,0.345736563205719,False
tokyo_31204_relational_between,31204,stress_test,relational_between,vector,7,2018_631654__event_002,0.3414851129055023,False
tokyo_31204_relational_between,31204,stress_test,relational_between,vector,8,2018_631642__event_002,0.33632636070251465,False
tokyo_31204_relational_between,31204,stress_test,relational_between,vector,9,2018_631677__event_002,0.3346517086029053,False
tokyo_31204_relational_between,31204,stress_test,relational_between,vector,10,2018_631611__event_002,0.32935604453086853,False
tokyo_31204_relational_between,31204,stress_test,relational_between,vector,11,2018_631700__event_002,0.31833338737487793,False
tokyo_31204_relational_between,31204,stress_test,relational_between,vector,12,2018_631651__event_002,0.31196457147598267,False
tokyo_31204_relational_between,31204,stress_test,relational_between,vector,13,2018_631588__event_002,0.30533504486083984,False
tokyo_31204_relational_between,31204,stress_test,relational_between,vector,14,2018_631700__event_001,0.30175167322158813,False
tokyo_31204_relational_between,31204,stress_test,relational_between,vector,15,2018_631611__event_001,0.29885607957839966,False
tokyo_31204_relational_between,31204,stress_test,relational_between,vector,16,2018_631614__event_002,0.2855891287326813,False
tokyo_31204_relational_between,31204,stress_test,relational_between,vector,17,2018_631666__event_001,0.28333187103271484,False
tokyo_31204_relational_between,31204,stress_test,relational_between,vector,18,2018_631604__event_001,0.2801836431026459,False
tokyo_31204_relational_between,31204,stress_test,relational_between,vector,19,2018_631651__event_001,0.2723904252052307,False
tokyo_31204_relational_between,31204,stress_test,relational_between,vector,20,2018_631642__event_001,0.26963120698928833,False
tokyo_31204_relational_between,31204,stress_test,relational_between,vector,21,2018_631693__event_002,0.2566234767436981,False
tokyo_31204_relational_between,31204,stress_test,relational_between,vector,22,2018_631693__event_001,0.22720180451869965,False
tokyo_31204_relational_between,31204,stress_test,relational_between,vector,23,2018_631677__event_001,0.2100021243095398,False
tokyo_31204_relational_between,31204,stress_test,relational_between,vector,24,2018_631703__event_001,0.2036409080028534,False
tokyo_31204_relational_between,31204,stress_test,relational_between,vector,25,2018_631654__event_001,0.19918274879455566,False
tokyo_31204_relational_between,31204,stress_test,relational_between,vector,26,2018_631588__event_001,0.1696227341890335,False
tokyo_31204_relational_between,31204,stress_test,relational_between,vector,27,2018_631614__event_001,0.16285979747772217,False
tokyo_32545_relational_between,32545,stress_test,relational_between,vector,1,2018_661942__event_002,0.7006183862686157,True
tokyo_32545_relational_between,32545,stress_test,relational_between,vector,2,2018_661966__event_002,0.694557785987854,True
tokyo_32545_relational_between,32545,stress_test,relational_between,vector,3,2018_661937__event_001,0.6867528557777405,True
tokyo_32545_relational_between,32545,stress_test,relational_between,vector,4,2018_661952__event_003,0.6798312067985535,True
tokyo_32545_relational_between,32545,stress_test,relational_between,vector,5,2018_661988__event_003,0.6743072271347046,True
tokyo_32545_relational_between,32545,stress_test,relational_between,vector,6,2018_661946__event_001,0.6679436564445496,True
tokyo_32545_relational_between,32545,stress_test,relational_between,vector,7,2018_661962__event_001,0.6619900465011597,True
tokyo_32545_relational_between,32545,stress_test,relational_between,vector,8,2018_661963__event_002,0.6612046957015991,True
tokyo_32545_relational_between,32545,stress_test,relational_between,vector,9,2018_661963__event_001,0.6415857672691345,True
tokyo_32545_relational_between,32545,stress_test,relational_between,vector,10,2018_661938__event_002,0.6041131615638733,True
tokyo_32545_relational_between,32545,stress_test,relational_between,vector,11,2018_661946__event_003,0.5982552170753479,True
tokyo_32545_relational_between,32545,stress_test,relational_between,vector,12,2018_661944__event_003,0.5931761860847473,True
tokyo_32545_relational_between,32545,stress_test,relational_between,vector,13,2018_661936__event_001,0.5901241302490234,True
tokyo_32545_relational_between,32545,stress_test,relational_between,vector,14,2018_661966__event_001,0.5840550065040588,True
tokyo_32545_relational_between,32545,stress_test,relational_between,vector,15,2018_661951__event_001,0.5829366445541382,True
tokyo_32545_relational_between,32545,stress_test,relational_between,vector,16,2018_661990__event_002,0.5822209715843201,True
tokyo_32545_relational_between,32545,stress_test,relational_between,vector,17,2018_661944__event_002,0.580390453338623,True
tokyo_32545_relational_between,32545,stress_test,relational_between,vector,18,2018_661981__event_002,0.5786683559417725,True
tokyo_32545_relational_between,32545,stress_test,relational_between,vector,19,2018_661970__event_002,0.5782226324081421,True
tokyo_32545_relational_between,32545,stress_test,relational_between,vector,20,2018_661948__event_001,0.5780652165412903,True
tokyo_32545_relational_between,32545,stress_test,relational_between,vector,21,2018_661952__event_005,0.5732179880142212,True
tokyo_32545_relational_between,32545,stress_test,relational_between,vector,22,2018_661957__event_002,0.5697692632675171,True
tokyo_32545_relational_between,32545,stress_test,relational_between,vector,23,2018_661968__event_002,0.5679786205291748,True
tokyo_32545_relational_between,32545,stress_test,relational_between,vector,24,2018_661962__event_003,0.5642844438552856,True
tokyo_32545_relational_between,32545,stress_test,relational_between,vector,25,2018_661985__event_004,0.5595888495445251,True
tokyo_32545_relational_between,32545,stress_test,relational_between,vector,26,2018_661993__event_001,0.5544445514678955,True
tokyo_32545_relational_between,32545,stress_test,relational_between,vector,27,2018_661950__event_001,0.553742527961731,True
tokyo_32545_relational_between,32545,stress_test,relational_between,vector,28,2018_661985__event_001,0.5528069734573364,True
tokyo_32545_relational_between,32545,stress_test,relational_between,vector,29,2018_661940__event_002,0.5506184101104736,True
tokyo_32545_relational_between,32545,stress_test,relational_between,vector,30,2018_661945__event_002,0.5445643663406372,True
tokyo_32545_relational_between,32545,stress_test,relational_between,vector,31,2018_661991__event_002,0.544146716594696,True
tokyo_32545_relational_between,32545,stress_test,relational_between,vector,32,2018_661946__event_002,0.5388241410255432,True
tokyo_32545_relational_between,32545,stress_test,relational_between,vector,33,2018_661952__event_002,0.5386685729026794,True
tokyo_32545_relational_between,32545,stress_test,relational_between,vector,34,2018_661962__event_002,0.5286105275154114,True
tokyo_32545_relational_between,32545,stress_test,relational_between,vector,35,2018_661967__event_002,0.527667224407196,True
tokyo_32545_relational_between,32545,stress_test,relational_between,vector,36,2018_661974__event_001,0.5234266519546509,True
tokyo_32545_relational_between,32545,stress_test,relational_between,vector,37,2018_661952__event_004,0.5223878026008606,True
tokyo_32545_relational_between,32545,stress_test,relational_between,vector,38,2018_661946__event_004,0.5141189098358154,True
tokyo_32545_relational_between,32545,stress_test,relational_between,vector,39,2018_661952__event_001,0.5084506273269653,True
tokyo_32545_relational_between,32545,stress_test,relational_between,vector,40,2018_661942__event_003,0.5073651671409607,True
tokyo_32545_relational_between,32545,stress_test,relational_between,vector,41,2018_661950__event_002,0.49703797698020935,True
tokyo_32545_relational_between,32545,stress_test,relational_between,vector,42,2018_661937__event_002,0.4965157210826874,True
tokyo_32545_relational_between,32545,stress_test,relational_between,vector,43,2018_662002__event_002,0.49527937173843384,True
tokyo_32545_relational_between,32545,stress_test,relational_between,vector,44,2018_661991__event_001,0.49116992950439453,True
tokyo_32545_relational_between,32545,stress_test,relational_between,vector,45,2018_661940__event_001,0.4820152223110199,True
tokyo_32545_relational_between,32545,stress_test,relational_between,vector,46,2018_662005__event_002,0.48169025778770447,True
tokyo_32545_relational_between,32545,stress_test,relational_between,vector,47,2018_661957__event_001,0.4793112277984619,True
tokyo_32545_relational_between,32545,stress_test,relational_between,vector,48,2018_661950__event_004,0.4790371358394623,True
tokyo_32545_relational_between,32545,stress_test,relational_between,vector,49,2018_661992__event_003,0.47851690649986267,True
tokyo_32545_relational_between,32545,stress_test,relational_between,vector,50,2018_661997__event_002,0.47684794664382935,True
tokyo_32545_relational_between,32545,stress_test,relational_between,vector,51,2018_661965__event_002,0.47079282999038696,True
tokyo_32545_relational_between,32545,stress_test,relational_between,vector,52,2018_661990__event_001,0.4681504964828491,True
tokyo_32545_relational_between,32545,stress_test,relational_between,vector,53,2018_661938__event_003,0.46624988317489624,True
tokyo_32545_relational_between,32545,stress_test,relational_between,vector,54,2018_661973__event_002,0.4661623239517212,True
tokyo_32545_relational_between,32545,stress_test,relational_between,vector,55,2018_661967__event_001,0.4660479426383972,True
tokyo_32545_relational_between,32545,stress_test,relational_between,vector,56,2018_661994__event_001,0.46598339080810547,True
tokyo_32545_relational_between,32545,stress_test,relational_between,vector,57,2018_661970__event_001,0.4657418131828308,True
tokyo_32545_relational_between,32545,stress_test,relational_between,vector,58,2018_661948__event_002,0.46540266275405884,True
tokyo_32545_relational_between,32545,stress_test,relational_between,vector,59,2018_661992__event_002,0.45814597606658936,True
tokyo_32545_relational_between,32545,stress_test,relational_between,vector,60,2018_662008__event_002,0.45782044529914856,True
tokyo_32545_relational_between,32545,stress_test,relational_between,vector,61,2018_661949__event_002,0.4555250108242035,True
tokyo_32545_relational_between,32545,stress_test,relational_between,vector,62,2018_661988__event_001,0.4550246596336365,True
tokyo_32545_relational_between,32545,stress_test,relational_between,vector,63,2018_661980__event_001,0.4483456015586853,True
tokyo_32545_relational_between,32545,stress_test,relational_between,vector,64,2018_661980__event_002,0.4477930963039398,True
tokyo_32545_relational_between,32545,stress_test,relational_between,vector,65,2018_661998__event_003,0.43723005056381226,True
tokyo_32545_relational_between,32545,stress_test,relational_between,vector,66,2018_661991__event_003,0.4347967505455017,True
tokyo_32545_relational_between,32545,stress_test,relational_between,vector,67,2018_661977__event_002,0.43163979053497314,True
tokyo_32545_relational_between,32545,stress_test,relational_between,vector,68,2018_662009__event_002,0.4294384717941284,True
tokyo_32545_relational_between,32545,stress_test,relational_between,vector,69,2018_661973__event_001,0.42525848746299744,True
tokyo_32545_relational_between,32545,stress_test,relational_between,vector,70,2018_661943__event_001,0.4212568402290344,True
tokyo_32545_relational_between,32545,stress_test,relational_between,vector,71,2018_661998__event_002,0.4135938882827759,True
tokyo_32545_relational_between,32545,stress_test,relational_between,vector,72,2018_661942__event_004,0.4120294451713562,True
tokyo_32545_relational_between,32545,stress_test,relational_between,vector,73,2018_661936__event_002,0.4119863212108612,True
tokyo_32545_relational_between,32545,stress_test,relational_between,vector,74,2018_661951__event_002,0.4116208255290985,True
tokyo_32545_relational_between,32545,stress_test,relational_between,vector,75,2018_661950__event_003,0.409769743680954,True
tokyo_32545_relational_between,32545,stress_test,relational_between,vector,76,2018_661943__event_002,0.4065689742565155,True
tokyo_32545_relational_between,32545,stress_test,relational_between,vector,77,2018_661942__event_001,0.40500444173812866,True
tokyo_32545_relational_between,32545,stress_test,relational_between,vector,78,2018_661977__event_001,0.403694212436676,True
tokyo_32545_relational_between,32545,stress_test,relational_between,vector,79,2018_661974__event_002,0.40142783522605896,True
tokyo_32545_relational_between,32545,stress_test,relational_between,vector,80,2018_661965__event_001,0.4012489914894104,True
tokyo_32545_relational_between,32545,stress_test,relational_between,vector,81,2018_661994__event_002,0.3948500156402588,True
tokyo_32545_relational_between,32545,stress_test,relational_between,vector,82,2018_662006__event_001,0.3895341753959656,True
tokyo_32545_relational_between,32545,stress_test,relational_between,vector,83,2018_661985__event_003,0.3890719711780548,True
tokyo_32545_relational_between,32545,stress_test,relational_between,vector,84,2018_662006__event_002,0.3876417577266693,True
tokyo_32545_relational_between,32545,stress_test,relational_between,vector,85,2018_661938__event_001,0.3866044282913208,True
tokyo_32545_relational_between,32545,stress_test,relational_between,vector,86,2018_661997__event_001,0.3848668336868286,True
tokyo_32545_relational_between,32545,stress_test,relational_between,vector,87,2018_661944__event_001,0.3830283284187317,True
tokyo_32545_relational_between,32545,stress_test,relational_between,vector,88,2018_661936__event_003,0.374869704246521,True
tokyo_32545_relational_between,32545,stress_test,relational_between,vector,89,2018_661987__event_002,0.3731468915939331,True
tokyo_32545_relational_between,32545,stress_test,relational_between,vector,90,2018_662008__event_001,0.3718547821044922,True
tokyo_32545_relational_between,32545,stress_test,relational_between,vector,91,2018_661981__event_001,0.37079811096191406,True
tokyo_32545_relational_between,32545,stress_test,relational_between,vector,92,2018_661968__event_001,0.3675915002822876,True
tokyo_32545_relational_between,32545,stress_test,relational_between,vector,93,2018_661996__event_002,0.3648664653301239,True
tokyo_32545_relational_between,32545,stress_test,relational_between,vector,94,2018_661996__event_001,0.3625659942626953,True
tokyo_32545_relational_between,32545,stress_test,relational_between,vector,95,2018_661945__event_003,0.35767585039138794,True
tokyo_32545_relational_between,32545,stress_test,relational_between,vector,96,2018_661987__event_001,0.3527943789958954,True
tokyo_32545_relational_between,32545,stress_test,relational_between,vector,97,2018_661993__event_002,0.3519253730773926,True
tokyo_32545_relational_between,32545,stress_test,relational_between,vector,98,2018_661945__event_001,0.3482433259487152,True
tokyo_32545_relational_between,32545,stress_test,relational_between,vector,99,2018_661988__event_002,0.34770461916923523,True
tokyo_32545_relational_between,32545,stress_test,relational_between,vector,100,2018_661985__event_002,0.3435230255126953,True
tokyo_32545_relational_between,32545,stress_test,relational_between,vector,101,2018_662009__event_001,0.3421573042869568,True
tokyo_32545_relational_between,32545,stress_test,relational_between,vector,102,2018_662002__event_001,0.3292464315891266,True
tokyo_32545_relational_between,32545,stress_test,relational_between,vector,103,2018_662005__event_001,0.3261648118495941,True
tokyo_32545_relational_between,32545,stress_test,relational_between,vector,104,2018_661998__event_001,0.324306845664978,True
tokyo_32545_relational_between,32545,stress_test,relational_between,vector,105,2018_661992__event_001,0.32204532623291016,True
tokyo_32545_relational_between,32545,stress_test,relational_between,vector,106,2018_661949__event_001,0.3063826560974121,True
tokyo_325605_relational_between,325605,stress_test,relational_between,vector,1,2018_3674427__event_002,0.8050956130027771,True
tokyo_325605_relational_between,325605,stress_test,relational_between,vector,2,2018_3674455__event_001,0.8031015396118164,True
tokyo_325605_relational_between,325605,stress_test,relational_between,vector,3,2018_3674422__event_001,0.8023602962493896,True
tokyo_325605_relational_between,325605,stress_test,relational_between,vector,4,2018_3674408__event_002,0.7999307513237,True
tokyo_325605_relational_between,325605,stress_test,relational_between,vector,5,2018_3674480__event_002,0.7982758283615112,True
tokyo_325605_relational_between,325605,stress_test,relational_between,vector,6,2018_3674426__event_001,0.7979518175125122,True
tokyo_325605_relational_between,325605,stress_test,relational_between,vector,7,2018_3674458__event_003,0.7942206263542175,True
tokyo_325605_relational_between,325605,stress_test,relational_between,vector,8,2018_3674436__event_001,0.7897447347640991,True
tokyo_325605_relational_between,325605,stress_test,relational_between,vector,9,2018_3674443__event_001,0.7886974811553955,True
tokyo_325605_relational_between,325605,stress_test,relational_between,vector,10,2018_3674427__event_003,0.7827045917510986,True
tokyo_325605_relational_between,325605,stress_test,relational_between,vector,11,2018_3674436__event_002,0.7823667526245117,True
tokyo_325605_relational_between,325605,stress_test,relational_between,vector,12,2018_3674419__event_002,0.7795337438583374,True
tokyo_325605_relational_between,325605,stress_test,relational_between,vector,13,2018_3674419__event_001,0.7747195363044739,True
tokyo_325605_relational_between,325605,stress_test,relational_between,vector,14,2018_3674422__event_002,0.7740790843963623,True
tokyo_325605_relational_between,325605,stress_test,relational_between,vector,15,2018_3674443__event_002,0.7730576992034912,True
tokyo_325605_relational_between,325605,stress_test,relational_between,vector,16,2018_3674433__event_001,0.7725051641464233,True
tokyo_325605_relational_between,325605,stress_test,relational_between,vector,17,2018_3674446__event_002,0.770455002784729,True
tokyo_325605_relational_between,325605,stress_test,relational_between,vector,18,2018_3674480__event_003,0.7700012922286987,True
tokyo_325605_relational_between,325605,stress_test,relational_between,vector,19,2018_3674471__event_001,0.7687311172485352,True
tokyo_325605_relational_between,325605,stress_test,relational_between,vector,20,2018_3674462__event_001,0.7651745080947876,True
tokyo_325605_relational_between,325605,stress_test,relational_between,vector,21,2018_3674471__event_002,0.7637590169906616,True
tokyo_325605_relational_between,325605,stress_test,relational_between,vector,22,2018_3674463__event_003,0.7613858580589294,True
tokyo_325605_relational_between,325605,stress_test,relational_between,vector,23,2018_3674434__event_001,0.7610116600990295,True
tokyo_325605_relational_between,325605,stress_test,relational_between,vector,24,2018_3674462__event_002,0.7593868970870972,True
tokyo_325605_relational_between,325605,stress_test,relational_between,vector,25,2018_3674469__event_001,0.7592509984970093,True
tokyo_325605_relational_between,325605,stress_test,relational_between,vector,26,2018_3674411__event_001,0.7591656446456909,True
tokyo_325605_relational_between,325605,stress_test,relational_between,vector,27,2018_3674472__event_001,0.7584035396575928,True
tokyo_325605_relational_between,325605,stress_test,relational_between,vector,28,2018_3674426__event_002,0.7577133178710938,True
tokyo_325605_relational_between,325605,stress_test,relational_between,vector,29,2018_3674476__event_002,0.751075267791748,True
tokyo_325605_relational_between,325605,stress_test,relational_between,vector,30,2018_3674477__event_001,0.7499531507492065,True
tokyo_325605_relational_between,325605,stress_test,relational_between,vector,31,2018_3674476__event_001,0.6112101674079895,True
tokyo_325605_relational_between,325605,stress_test,relational_between,vector,32,2018_3674455__event_002,0.6109942197799683,True
tokyo_325605_relational_between,325605,stress_test,relational_between,vector,33,2018_3674446__event_001,0.6073876619338989,True
tokyo_325605_relational_between,325605,stress_test,relational_between,vector,34,2018_3674418__event_002,0.6058660745620728,True
tokyo_325605_relational_between,325605,stress_test,relational_between,vector,35,2018_3674418__event_003,0.6050702333450317,True
tokyo_325605_relational_between,325605,stress_test,relational_between,vector,36,2018_3674434__event_002,0.5963540077209473,True
tokyo_325605_relational_between,325605,stress_test,relational_between,vector,37,2018_3674454__event_001,0.5895678997039795,True
tokyo_325605_relational_between,325605,stress_test,relational_between,vector,38,2018_3674418__event_005,0.5894675254821777,True
tokyo_325605_relational_between,325605,stress_test,relational_between,vector,39,2018_3674428__event_001,0.5886341333389282,True
tokyo_325605_relational_between,325605,stress_test,relational_between,vector,40,2018_3674452__event_002,0.5876996517181396,True
tokyo_325605_relational_between,325605,stress_test,relational_between,vector,41,2018_3674442__event_001,0.5872910618782043,True
tokyo_325605_relational_between,325605,stress_test,relational_between,vector,42,2018_3674408__event_001,0.5872422456741333,True
tokyo_325605_relational_between,325605,stress_test,relational_between,vector,43,2018_3674463__event_002,0.5871585607528687,True
tokyo_325605_relational_between,325605,stress_test,relational_between,vector,44,2018_3674449__event_001,0.5860573649406433,True
tokyo_325605_relational_between,325605,stress_test,relational_between,vector,45,2018_3674454__event_002,0.5809890031814575,True
tokyo_325605_relational_between,325605,stress_test,relational_between,vector,46,2018_3674419__event_003,0.5785447359085083,True
tokyo_325605_relational_between,325605,stress_test,relational_between,vector,47,2018_3674472__event_002,0.578015148639679,True
tokyo_325605_relational_between,325605,stress_test,relational_between,vector,48,2018_3674469__event_002,0.5778775215148926,True
tokyo_325605_relational_between,325605,stress_test,relational_between,vector,49,2018_3674458__event_002,0.5685277581214905,True
tokyo_325605_relational_between,325605,stress_test,relational_between,vector,50,2018_3674477__event_002,0.5679967403411865,True
tokyo_325605_relational_between,325605,stress_test,relational_between,vector,51,2018_3674427__event_001,0.5674128532409668,True
tokyo_325605_relational_between,325605,stress_test,relational_between,vector,52,2018_3674460__event_002,0.5668665170669556,True
tokyo_325605_relational_between,325605,stress_test,relational_between,vector,53,2018_3674433__event_002,0.5653607845306396,True
tokyo_325605_relational_between,325605,stress_test,relational_between,vector,54,2018_3674411__event_002,0.5636584758758545,True
tokyo_325605_relational_between,325605,stress_test,relational_between,vector,55,2018_3674480__event_001,0.5598970055580139,True
tokyo_325605_relational_between,325605,stress_test,relational_between,vector,56,2018_3674460__event_001,0.5560747981071472,True
tokyo_325605_relational_between,325605,stress_test,relational_between,vector,57,2018_3674418__event_001,0.5530892610549927,True
tokyo_325605_relational_between,325605,stress_test,relational_between,vector,58,2018_3674418__event_004,0.5478930473327637,True
tokyo_325605_relational_between,325605,stress_test,relational_between,vector,59,2018_3674458__event_004,0.5470210313796997,True
tokyo_325605_relational_between,325605,stress_test,relational_between,vector,60,2018_3674463__event_001,0.5336929559707642,True
tokyo_325605_relational_between,325605,stress_test,relational_between,vector,61,2018_3674469__event_003,0.531963586807251,True
tokyo_325605_relational_between,325605,stress_test,relational_between,vector,62,2018_3674423__event_001,0.5282748937606812,True
tokyo_325605_relational_between,325605,stress_test,relational_between,vector,63,2018_3674468__event_002,0.5239734649658203,True
tokyo_325605_relational_between,325605,stress_test,relational_between,vector,64,2018_3674477__event_003,0.5214155316352844,True
tokyo_325605_relational_between,325605,stress_test,relational_between,vector,65,2018_3674452__event_001,0.5190375447273254,True
tokyo_325605_relational_between,325605,stress_test,relational_between,vector,66,2018_3674449__event_002,0.5175914764404297,True
tokyo_325605_relational_between,325605,stress_test,relational_between,vector,67,2018_3674434__event_004,0.5167955756187439,True
tokyo_325605_relational_between,325605,stress_test,relational_between,vector,68,2018_3674461__event_001,0.5154317021369934,True
tokyo_325605_relational_between,325605,stress_test,relational_between,vector,69,2018_3674428__event_002,0.5150898694992065,True
tokyo_325605_relational_between,325605,stress_test,relational_between,vector,70,2018_3674461__event_002,0.5121947526931763,True
tokyo_325605_relational_between,325605,stress_test,relational_between,vector,71,2018_3674427__event_004,0.5118056535720825,True
tokyo_325605_relational_between,325605,stress_test,relational_between,vector,72,2018_3674468__event_001,0.5085425972938538,True
tokyo_325605_relational_between,325605,stress_test,relational_between,vector,73,2018_3674458__event_005,0.4991297721862793,True
tokyo_325605_relational_between,325605,stress_test,relational_between,vector,74,2018_3674458__event_001,0.4965190291404724,True
tokyo_325605_relational_between,325605,stress_test,relational_between,vector,75,2018_3674424__event_001,0.49417975544929504,True
tokyo_325605_relational_between,325605,stress_test,relational_between,vector,76,2018_3674434__event_003,0.49280959367752075,True
tokyo_325605_relational_between,325605,stress_test,relational_between,vector,77,2018_3674442__event_002,0.47587496042251587,True
tokyo_325605_relational_between,325605,stress_test,relational_between,vector,78,2018_3674444__event_002,0.46437638998031616,True
tokyo_325605_relational_between,325605,stress_test,relational_between,vector,79,2018_3674428__event_003,0.4603528380393982,True
tokyo_325605_relational_between,325605,stress_test,relational_between,vector,80,2018_3674423__event_002,0.4350728988647461,True
tokyo_325605_relational_between,325605,stress_test,relational_between,vector,81,2018_3674424__event_002,0.43160536885261536,True
tokyo_325605_relational_between,325605,stress_test,relational_between,vector,82,2018_3674444__event_001,0.40550559759140015,True
tokyo_328941_relational_between,328941,stress_test,relational_between,vector,1,2018_3694438__event_001,0.8262655735015869,False
tokyo_328941_relational_between,328941,stress_test,relational_between,vector,2,2018_3694436__event_003,0.825392484664917,False
tokyo_328941_relational_between,328941,stress_test,relational_between,vector,3,2018_3694436__event_002,0.7767010927200317,False
tokyo_328941_relational_between,328941,stress_test,relational_between,vector,4,2018_3694439__event_001,0.6738865375518799,False
tokyo_328941_relational_between,328941,stress_test,relational_between,vector,5,2018_3694430__event_001,0.6049138307571411,False
tokyo_328941_relational_between,328941,stress_test,relational_between,vector,6,2018_3694438__event_002,0.5964388251304626,False
tokyo_328941_relational_between,328941,stress_test,relational_between,vector,7,2018_3694435__event_002,0.5873196721076965,False
tokyo_328941_relational_between,328941,stress_test,relational_between,vector,8,2018_3694436__event_001,0.5709434151649475,False
tokyo_328941_relational_between,328941,stress_test,relational_between,vector,9,2018_3694430__event_002,0.5619819760322571,False
tokyo_328941_relational_between,328941,stress_test,relational_between,vector,10,2018_3694443__event_002,0.5598421096801758,False
tokyo_328941_relational_between,328941,stress_test,relational_between,vector,11,2018_3694435__event_001,0.5542519092559814,False
tokyo_328941_relational_between,328941,stress_test,relational_between,vector,12,2018_3694437__event_001,0.5489085912704468,False
tokyo_328941_relational_between,328941,stress_test,relational_between,vector,13,2018_3694432__event_001,0.5345971584320068,False
tokyo_328941_relational_between,328941,stress_test,relational_between,vector,14,2018_3694440__event_001,0.5338819026947021,False
tokyo_328941_relational_between,328941,stress_test,relational_between,vector,15,2018_3694434__event_001,0.5226055383682251,False
tokyo_328941_relational_between,328941,stress_test,relational_between,vector,16,2018_3694440__event_002,0.5221610069274902,False
tokyo_328941_relational_between,328941,stress_test,relational_between,vector,17,2018_3694434__event_002,0.5101022720336914,False
tokyo_328941_relational_between,328941,stress_test,relational_between,vector,18,2018_3694437__event_002,0.5076918601989746,False
tokyo_328941_relational_between,328941,stress_test,relational_between,vector,19,2018_3694439__event_002,0.4996250867843628,False
tokyo_328941_relational_between,328941,stress_test,relational_between,vector,20,2018_3694433__event_002,0.49916955828666687,False
tokyo_328941_relational_between,328941,stress_test,relational_between,vector,21,2018_3694432__event_002,0.4987175762653351,False
tokyo_328941_relational_between,328941,stress_test,relational_between,vector,22,2018_3694443__event_001,0.4981423616409302,False
tokyo_328941_relational_between,328941,stress_test,relational_between,vector,23,2018_3694433__event_001,0.46666282415390015,False
tokyo_339444_relational_between,339444,stress_test,relational_between,vector,1,2018_3757165__event_004,0.7664467096328735,False
tokyo_339444_relational_between,339444,stress_test,relational_between,vector,2,2018_3757175__event_001,0.5883086919784546,False
tokyo_339444_relational_between,339444,stress_test,relational_between,vector,3,2018_3757165__event_005,0.5816639065742493,False
tokyo_339444_relational_between,339444,stress_test,relational_between,vector,4,2018_3757169__event_001,0.5550037622451782,False
tokyo_339444_relational_between,339444,stress_test,relational_between,vector,5,2018_3757165__event_007,0.5542270541191101,False
tokyo_339444_relational_between,339444,stress_test,relational_between,vector,6,2018_3757165__event_006,0.5333122611045837,False
tokyo_339444_relational_between,339444,stress_test,relational_between,vector,7,2018_3757165__event_003,0.5284606218338013,False
tokyo_339444_relational_between,339444,stress_test,relational_between,vector,8,2018_3757162__event_002,0.5267449617385864,False
tokyo_339444_relational_between,339444,stress_test,relational_between,vector,9,2018_3757169__event_002,0.5224872827529907,False
tokyo_339444_relational_between,339444,stress_test,relational_between,vector,10,2018_3757165__event_008,0.5150008797645569,False
tokyo_339444_relational_between,339444,stress_test,relational_between,vector,11,2018_3757184__event_002,0.5145448446273804,False
tokyo_339444_relational_between,339444,stress_test,relational_between,vector,12,2018_3757174__event_001,0.5137073397636414,False
tokyo_339444_relational_between,339444,stress_test,relational_between,vector,13,2018_3757175__event_002,0.5055535435676575,False
tokyo_339444_relational_between,339444,stress_test,relational_between,vector,14,2018_3757167__event_001,0.5023488998413086,False
tokyo_339444_relational_between,339444,stress_test,relational_between,vector,15,2018_3757174__event_002,0.4950682520866394,False
tokyo_339444_relational_between,339444,stress_test,relational_between,vector,16,2018_3757165__event_002,0.4743279218673706,False
tokyo_339444_relational_between,339444,stress_test,relational_between,vector,17,2018_3757164__event_001,0.47322672605514526,False
tokyo_339444_relational_between,339444,stress_test,relational_between,vector,18,2018_3757163__event_001,0.45710086822509766,False
tokyo_339444_relational_between,339444,stress_test,relational_between,vector,19,2018_3757180__event_001,0.4569808840751648,False
tokyo_339444_relational_between,339444,stress_test,relational_between,vector,20,2018_3757162__event_001,0.4561724066734314,False
tokyo_339444_relational_between,339444,stress_test,relational_between,vector,21,2018_3757180__event_002,0.450506329536438,False
tokyo_339444_relational_between,339444,stress_test,relational_between,vector,22,2018_3757184__event_001,0.4335600733757019,False
tokyo_339444_relational_between,339444,stress_test,relational_between,vector,23,2018_3757165__event_001,0.4232357144355774,False
tokyo_339444_relational_between,339444,stress_test,relational_between,vector,24,2018_3757167__event_002,0.41385510563850403,False
tokyo_339444_relational_between,339444,stress_test,relational_between,vector,25,2018_3757166__event_001,0.4096398949623108,False
tokyo_339444_relational_between,339444,stress_test,relational_between,vector,26,2018_3757166__event_002,0.4010050296783447,False
tokyo_339444_relational_between,339444,stress_test,relational_between,vector,27,2018_3757170__event_001,0.3655029535293579,False
tokyo_339444_relational_between,339444,stress_test,relational_between,vector,28,2018_3757164__event_002,0.26092612743377686,False
tokyo_339444_relational_between,339444,stress_test,relational_between,vector,29,2018_3757162__event_003,0.26027533411979675,False
tokyo_339444_relational_between,339444,stress_test,relational_between,vector,30,2018_3757170__event_002,0.25899091362953186,False
tokyo_339444_relational_between,339444,stress_test,relational_between,vector,31,2018_3757163__event_002,0.25513923168182373,False
tokyo_342180_relational_between,342180,stress_test,relational_between,vector,1,2018_3773299__event_002,0.7305002212524414,True
tokyo_342180_relational_between,342180,stress_test,relational_between,vector,2,2018_3773318__event_001,0.645702600479126,True
tokyo_342180_relational_between,342180,stress_test,relational_between,vector,3,2018_3773299__event_003,0.47073495388031006,True
tokyo_342180_relational_between,342180,stress_test,relational_between,vector,4,2018_3773299__event_001,0.4694322645664215,True
tokyo_342180_relational_between,342180,stress_test,relational_between,vector,5,2018_3773313__event_001,0.42971110343933105,True
tokyo_342180_relational_between,342180,stress_test,relational_between,vector,6,2018_3773314__event_003,0.41422218084335327,True
tokyo_342180_relational_between,342180,stress_test,relational_between,vector,7,2018_3773289__event_001,0.41400808095932007,True
tokyo_342180_relational_between,342180,stress_test,relational_between,vector,8,2018_3773296__event_002,0.4104059338569641,True
tokyo_342180_relational_between,342180,stress_test,relational_between,vector,9,2018_3773310__event_001,0.40944430232048035,True
tokyo_342180_relational_between,342180,stress_test,relational_between,vector,10,2018_3773301__event_002,0.40610915422439575,True
tokyo_342180_relational_between,342180,stress_test,relational_between,vector,11,2018_3773300__event_002,0.4042707681655884,True
tokyo_342180_relational_between,342180,stress_test,relational_between,vector,12,2018_3773294__event_001,0.39603081345558167,True
tokyo_342180_relational_between,342180,stress_test,relational_between,vector,13,2018_3773318__event_002,0.3922743499279022,True
tokyo_342180_relational_between,342180,stress_test,relational_between,vector,14,2018_3773288__event_001,0.3891231119632721,True
tokyo_342180_relational_between,342180,stress_test,relational_between,vector,15,2018_3773294__event_002,0.38881224393844604,True
tokyo_342180_relational_between,342180,stress_test,relational_between,vector,16,2018_3773302__event_002,0.3880687355995178,True
tokyo_342180_relational_between,342180,stress_test,relational_between,vector,17,2018_3773298__event_001,0.3869249224662781,True
tokyo_342180_relational_between,342180,stress_test,relational_between,vector,18,2018_3773301__event_001,0.3851362466812134,True
tokyo_342180_relational_between,342180,stress_test,relational_between,vector,19,2018_3773314__event_001,0.3844534158706665,True
tokyo_342180_relational_between,342180,stress_test,relational_between,vector,20,2018_3773302__event_001,0.38391363620758057,True
tokyo_342180_relational_between,342180,stress_test,relational_between,vector,21,2018_3773316__event_001,0.375221312046051,True
tokyo_342180_relational_between,342180,stress_test,relational_between,vector,22,2018_3773307__event_001,0.3731883466243744,True
tokyo_342180_relational_between,342180,stress_test,relational_between,vector,23,2018_3773304__event_001,0.3694862425327301,True
tokyo_342180_relational_between,342180,stress_test,relational_between,vector,24,2018_3773284__event_002,0.36922815442085266,True
tokyo_342180_relational_between,342180,stress_test,relational_between,vector,25,2018_3773311__event_003,0.3671921491622925,True
tokyo_342180_relational_between,342180,stress_test,relational_between,vector,26,2018_3773311__event_001,0.3627471327781677,True
tokyo_342180_relational_between,342180,stress_test,relational_between,vector,27,2018_3773318__event_004,0.36111557483673096,True
tokyo_342180_relational_between,342180,stress_test,relational_between,vector,28,2018_3773297__event_002,0.36006367206573486,True
tokyo_342180_relational_between,342180,stress_test,relational_between,vector,29,2018_3773310__event_002,0.3578052222728729,True
tokyo_342180_relational_between,342180,stress_test,relational_between,vector,30,2018_3773301__event_003,0.3570318818092346,True
tokyo_342180_relational_between,342180,stress_test,relational_between,vector,31,2018_3773311__event_002,0.3558290898799896,True
tokyo_342180_relational_between,342180,stress_test,relational_between,vector,32,2018_3773285__event_002,0.3523051142692566,True
tokyo_342180_relational_between,342180,stress_test,relational_between,vector,33,2018_3773313__event_002,0.34966984391212463,True
tokyo_342180_relational_between,342180,stress_test,relational_between,vector,34,2018_3773288__event_002,0.3473864495754242,True
tokyo_342180_relational_between,342180,stress_test,relational_between,vector,35,2018_3773296__event_001,0.3470463752746582,True
tokyo_342180_relational_between,342180,stress_test,relational_between,vector,36,2018_3773307__event_002,0.3445805013179779,True
tokyo_342180_relational_between,342180,stress_test,relational_between,vector,37,2018_3773304__event_002,0.3412705063819885,True
tokyo_342180_relational_between,342180,stress_test,relational_between,vector,38,2018_3773314__event_002,0.3401106595993042,True
tokyo_342180_relational_between,342180,stress_test,relational_between,vector,39,2018_3773285__event_001,0.3311910033226013,True
tokyo_342180_relational_between,342180,stress_test,relational_between,vector,40,2018_3773284__event_001,0.330226868391037,True
tokyo_342180_relational_between,342180,stress_test,relational_between,vector,41,2018_3773310__event_003,0.32827356457710266,True
tokyo_342180_relational_between,342180,stress_test,relational_between,vector,42,2018_3773318__event_003,0.32460129261016846,True
tokyo_342180_relational_between,342180,stress_test,relational_between,vector,43,2018_3773300__event_001,0.32401740550994873,True
tokyo_342180_relational_between,342180,stress_test,relational_between,vector,44,2018_3773298__event_002,0.3202006220817566,True
tokyo_342180_relational_between,342180,stress_test,relational_between,vector,45,2018_3773316__event_002,0.3201962113380432,True
tokyo_342180_relational_between,342180,stress_test,relational_between,vector,46,2018_3773289__event_002,0.3165092468261719,True
tokyo_342180_relational_between,342180,stress_test,relational_between,vector,47,2018_3773313__event_003,0.3031112253665924,True
tokyo_342180_relational_between,342180,stress_test,relational_between,vector,48,2018_3773297__event_001,0.29337987303733826,True
tokyo_342180_relational_between,342180,stress_test,relational_between,vector,49,2018_3773307__event_003,0.2919728755950928,True
tokyo_34258_relational_between,34258,stress_test,relational_between,vector,1,2018_698482__event_003,0.7218859195709229,False
tokyo_34258_relational_between,34258,stress_test,relational_between,vector,2,2018_698472__event_007,0.7048283815383911,False
tokyo_34258_relational_between,34258,stress_test,relational_between,vector,3,2018_698472__event_009,0.6981514692306519,False
tokyo_34258_relational_between,34258,stress_test,relational_between,vector,4,2018_698467__event_003,0.6966567039489746,False
tokyo_34258_relational_between,34258,stress_test,relational_between,vector,5,2018_698482__event_005,0.6954646110534668,False
tokyo_34258_relational_between,34258,stress_test,relational_between,vector,6,2018_698471__event_003,0.6780815124511719,False
tokyo_34258_relational_between,34258,stress_test,relational_between,vector,7,2018_698471__event_002,0.6772237420082092,False
tokyo_34258_relational_between,34258,stress_test,relational_between,vector,8,2018_698482__event_002,0.6747748851776123,False
tokyo_34258_relational_between,34258,stress_test,relational_between,vector,9,2018_698472__event_006,0.673264741897583,False
tokyo_34258_relational_between,34258,stress_test,relational_between,vector,10,2018_698472__event_002,0.6724717020988464,False
tokyo_34258_relational_between,34258,stress_test,relational_between,vector,11,2018_698467__event_002,0.6712439060211182,False
tokyo_34258_relational_between,34258,stress_test,relational_between,vector,12,2018_698481__event_001,0.6710402965545654,False
tokyo_34258_relational_between,34258,stress_test,relational_between,vector,13,2018_698467__event_005,0.6648509502410889,False
tokyo_34258_relational_between,34258,stress_test,relational_between,vector,14,2018_698472__event_003,0.6639767289161682,False
tokyo_34258_relational_between,34258,stress_test,relational_between,vector,15,2018_698481__event_003,0.6631674766540527,False
tokyo_34258_relational_between,34258,stress_test,relational_between,vector,16,2018_698472__event_010,0.6594393253326416,False
tokyo_34258_relational_between,34258,stress_test,relational_between,vector,17,2018_698472__event_004,0.6537129878997803,False
tokyo_34258_relational_between,34258,stress_test,relational_between,vector,18,2018_698472__event_005,0.6483001112937927,False
tokyo_34258_relational_between,34258,stress_test,relational_between,vector,19,2018_698482__event_004,0.6411349773406982,False
tokyo_34258_relational_between,34258,stress_test,relational_between,vector,20,2018_698462__event_001,0.6393429040908813,False
tokyo_34258_relational_between,34258,stress_test,relational_between,vector,21,2018_698471__event_001,0.6383697390556335,False
tokyo_34258_relational_between,34258,stress_test,relational_between,vector,22,2018_698463__event_001,0.6373076438903809,False
tokyo_34258_relational_between,34258,stress_test,relational_between,vector,23,2018_698462__event_002,0.6368807554244995,False
tokyo_34258_relational_between,34258,stress_test,relational_between,vector,24,2018_698480__event_002,0.6364269852638245,False
tokyo_34258_relational_between,34258,stress_test,relational_between,vector,25,2018_698478__event_002,0.6361681818962097,False
tokyo_34258_relational_between,34258,stress_test,relational_between,vector,26,2018_698478__event_001,0.6361661553382874,False
tokyo_34258_relational_between,34258,stress_test,relational_between,vector,27,2018_698467__event_001,0.6358342170715332,False
tokyo_34258_relational_between,34258,stress_test,relational_between,vector,28,2018_698483__event_001,0.635246753692627,False
tokyo_34258_relational_between,34258,stress_test,relational_between,vector,29,2018_698473__event_001,0.6351391077041626,False
tokyo_34258_relational_between,34258,stress_test,relational_between,vector,30,2018_698482__event_001,0.6337904930114746,False
tokyo_34258_relational_between,34258,stress_test,relational_between,vector,31,2018_698480__event_001,0.6336274147033691,False
tokyo_34258_relational_between,34258,stress_test,relational_between,vector,32,2018_698483__event_002,0.6334900856018066,False
tokyo_34258_relational_between,34258,stress_test,relational_between,vector,33,2018_698472__event_001,0.6331965923309326,False
tokyo_34258_relational_between,34258,stress_test,relational_between,vector,34,2018_698479__event_001,0.6323130130767822,False
tokyo_34258_relational_between,34258,stress_test,relational_between,vector,35,2018_698479__event_002,0.6295499801635742,False
tokyo_34258_relational_between,34258,stress_test,relational_between,vector,36,2018_698471__event_004,0.6278529167175293,False
tokyo_34258_relational_between,34258,stress_test,relational_between,vector,37,2018_698473__event_002,0.6231858730316162,False
tokyo_34258_relational_between,34258,stress_test,relational_between,vector,38,2018_698463__event_002,0.6219556331634521,False
tokyo_34258_relational_between,34258,stress_test,relational_between,vector,39,2018_698481__event_002,0.6156718730926514,False
tokyo_34258_relational_between,34258,stress_test,relational_between,vector,40,2018_698472__event_011,0.6142228841781616,False
tokyo_34258_relational_between,34258,stress_test,relational_between,vector,41,2018_698467__event_004,0.5899922847747803,False
tokyo_34258_relational_between,34258,stress_test,relational_between,vector,42,2018_698472__event_008,0.5820685625076294,False
tokyo_348059_relational_between,348059,stress_test,relational_between,vector,1,2018_3807517__event_004,0.834172785282135,False
tokyo_348059_relational_between,348059,stress_test,relational_between,vector,2,2018_3807517__event_005,0.8190015554428101,False
tokyo_348059_relational_between,348059,stress_test,relational_between,vector,3,2018_3807506__event_003,0.808758020401001,False
tokyo_348059_relational_between,348059,stress_test,relational_between,vector,4,2018_3807517__event_003,0.8033059239387512,False
tokyo_348059_relational_between,348059,stress_test,relational_between,vector,5,2018_3807516__event_006,0.8022011518478394,False
tokyo_348059_relational_between,348059,stress_test,relational_between,vector,6,2018_3807516__event_003,0.8020225763320923,False
tokyo_348059_relational_between,348059,stress_test,relational_between,vector,7,2018_3807524__event_002,0.7979965209960938,False
tokyo_348059_relational_between,348059,stress_test,relational_between,vector,8,2018_3807506__event_005,0.7965729832649231,False
tokyo_348059_relational_between,348059,stress_test,relational_between,vector,9,2018_3807523__event_003,0.7914681434631348,False
tokyo_348059_relational_between,348059,stress_test,relational_between,vector,10,2018_3807516__event_004,0.7894763350486755,False
tokyo_348059_relational_between,348059,stress_test,relational_between,vector,11,2018_3807506__event_001,0.7846685647964478,False
tokyo_348059_relational_between,348059,stress_test,relational_between,vector,12,2018_3807523__event_004,0.7830406427383423,False
tokyo_348059_relational_between,348059,stress_test,relational_between,vector,13,2018_3807524__event_003,0.7819346785545349,False
tokyo_348059_relational_between,348059,stress_test,relational_between,vector,14,2018_3807506__event_004,0.777773380279541,False
tokyo_348059_relational_between,348059,stress_test,relational_between,vector,15,2018_3807509__event_001,0.7761439085006714,False
tokyo_348059_relational_between,348059,stress_test,relational_between,vector,16,2018_3807522__event_003,0.7715614438056946,False
tokyo_348059_relational_between,348059,stress_test,relational_between,vector,17,2018_3807525__event_001,0.7711911201477051,False
tokyo_348059_relational_between,348059,stress_test,relational_between,vector,18,2018_3807517__event_002,0.7704596519470215,False
tokyo_348059_relational_between,348059,stress_test,relational_between,vector,19,2018_3807524__event_004,0.7701841592788696,False
tokyo_348059_relational_between,348059,stress_test,relational_between,vector,20,2018_3807520__event_003,0.7695999145507812,False
tokyo_348059_relational_between,348059,stress_test,relational_between,vector,21,2018_3807505__event_001,0.7669748663902283,False
tokyo_348059_relational_between,348059,stress_test,relational_between,vector,22,2018_3807511__event_002,0.7662708759307861,False
tokyo_348059_relational_between,348059,stress_test,relational_between,vector,23,2018_3807516__event_002,0.7651585340499878,False
tokyo_348059_relational_between,348059,stress_test,relational_between,vector,24,2018_3807511__event_001,0.7646077871322632,False
tokyo_348059_relational_between,348059,stress_test,relational_between,vector,25,2018_3807521__event_003,0.7629373073577881,False
tokyo_348059_relational_between,348059,stress_test,relational_between,vector,26,2018_3807523__event_002,0.7604982852935791,False
tokyo_348059_relational_between,348059,stress_test,relational_between,vector,27,2018_3807520__event_002,0.7603059411048889,False
tokyo_348059_relational_between,348059,stress_test,relational_between,vector,28,2018_3807522__event_002,0.759921669960022,False
tokyo_348059_relational_between,348059,stress_test,relational_between,vector,29,2018_3807525__event_002,0.7557284235954285,False
tokyo_348059_relational_between,348059,stress_test,relational_between,vector,30,2018_3807515__event_001,0.7529788613319397,False
tokyo_348059_relational_between,348059,stress_test,relational_between,vector,31,2018_3807521__event_002,0.7515853047370911,False
tokyo_348059_relational_between,348059,stress_test,relational_between,vector,32,2018_3807514__event_002,0.7514764070510864,False
tokyo_348059_relational_between,348059,stress_test,relational_between,vector,33,2018_3807509__event_002,0.7492222189903259,False
tokyo_348059_relational_between,348059,stress_test,relational_between,vector,34,2018_3807514__event_001,0.7450199127197266,False
tokyo_348059_relational_between,348059,stress_test,relational_between,vector,35,2018_3807512__event_002,0.7404553294181824,False
tokyo_348059_relational_between,348059,stress_test,relational_between,vector,36,2018_3807523__event_001,0.7337443232536316,False
tokyo_348059_relational_between,348059,stress_test,relational_between,vector,37,2018_3807505__event_002,0.7331451177597046,False
tokyo_348059_relational_between,348059,stress_test,relational_between,vector,38,2018_3807522__event_001,0.7297223210334778,False
tokyo_348059_relational_between,348059,stress_test,relational_between,vector,39,2018_3807521__event_001,0.7264149188995361,False
tokyo_348059_relational_between,348059,stress_test,relational_between,vector,40,2018_3807512__event_001,0.7237313985824585,False
tokyo_348059_relational_between,348059,stress_test,relational_between,vector,41,2018_3807520__event_001,0.7221787571907043,False
tokyo_348059_relational_between,348059,stress_test,relational_between,vector,42,2018_3807516__event_001,0.7219263315200806,False
tokyo_348059_relational_between,348059,stress_test,relational_between,vector,43,2018_3807517__event_001,0.7192195057868958,False
tokyo_348059_relational_between,348059,stress_test,relational_between,vector,44,2018_3807519__event_003,0.7156257629394531,False
tokyo_348059_relational_between,348059,stress_test,relational_between,vector,45,2018_3807507__event_002,0.7146371603012085,False
tokyo_348059_relational_between,348059,stress_test,relational_between,vector,46,2018_3807507__event_001,0.7068843841552734,False
tokyo_348059_relational_between,348059,stress_test,relational_between,vector,47,2018_3807519__event_001,0.7010700702667236,False
tokyo_348059_relational_between,348059,stress_test,relational_between,vector,48,2018_3807506__event_002,0.6413404941558838,False
tokyo_348059_relational_between,348059,stress_test,relational_between,vector,49,2018_3807518__event_002,0.6295944452285767,False
tokyo_348059_relational_between,348059,stress_test,relational_between,vector,50,2018_3807516__event_005,0.6285220980644226,False
tokyo_348059_relational_between,348059,stress_test,relational_between,vector,51,2018_3807509__event_003,0.6269757151603699,False
tokyo_348059_relational_between,348059,stress_test,relational_between,vector,52,2018_3807515__event_002,0.5866553783416748,False
tokyo_348059_relational_between,348059,stress_test,relational_between,vector,53,2018_3807524__event_001,0.5716396570205688,False
tokyo_348059_relational_between,348059,stress_test,relational_between,vector,54,2018_3807519__event_002,0.5549265146255493,False
tokyo_348059_relational_between,348059,stress_test,relational_between,vector,55,2018_3807509__event_004,0.5494016408920288,False
tokyo_348059_relational_between,348059,stress_test,relational_between,vector,56,2018_3807523__event_005,0.5310627222061157,False
tokyo_348059_relational_between,348059,stress_test,relational_between,vector,57,2018_3807521__event_004,0.527023196220398,False
tokyo_348059_relational_between,348059,stress_test,relational_between,vector,58,2018_3807518__event_001,0.5228071808815002,False
tokyo_348059_relational_between,348059,stress_test,relational_between,vector,59,2018_3807525__event_003,0.5210785865783691,False
tokyo_348059_relational_between,348059,stress_test,relational_between,vector,60,2018_3807524__event_005,0.5017201900482178,False
tokyo_348059_relational_between,348059,stress_test,relational_between,vector,61,2018_3807513__event_003,0.47854408621788025,False
tokyo_348059_relational_between,348059,stress_test,relational_between,vector,62,2018_3807513__event_002,0.45775696635246277,False
tokyo_348059_relational_between,348059,stress_test,relational_between,vector,63,2018_3807513__event_001,0.4518510699272156,False
tokyo_350248_relational_between,350248,stress_test,relational_between,vector,1,2018_3820543__event_001,0.6601890325546265,True
tokyo_350248_relational_between,350248,stress_test,relational_between,vector,2,2018_3820524__event_002,0.6489942073822021,True
tokyo_350248_relational_between,350248,stress_test,relational_between,vector,3,2018_3820543__event_002,0.6476231813430786,True
tokyo_350248_relational_between,350248,stress_test,relational_between,vector,4,2018_3820524__event_003,0.6291167736053467,True
tokyo_350248_relational_between,350248,stress_test,relational_between,vector,5,2018_3820535__event_002,0.6254550218582153,True
tokyo_350248_relational_between,350248,stress_test,relational_between,vector,6,2018_3820552__event_002,0.6249595284461975,True
tokyo_350248_relational_between,350248,stress_test,relational_between,vector,7,2018_3820535__event_001,0.6003756523132324,True
tokyo_350248_relational_between,350248,stress_test,relational_between,vector,8,2018_3820524__event_006,0.588947057723999,True
tokyo_350248_relational_between,350248,stress_test,relational_between,vector,9,2018_3820558__event_002,0.5825391411781311,True
tokyo_350248_relational_between,350248,stress_test,relational_between,vector,10,2018_3820523__event_001,0.5663514137268066,True
tokyo_350248_relational_between,350248,stress_test,relational_between,vector,11,2018_3820558__event_001,0.5583508014678955,True
tokyo_350248_relational_between,350248,stress_test,relational_between,vector,12,2018_3820554__event_001,0.5505359172821045,True
tokyo_350248_relational_between,350248,stress_test,relational_between,vector,13,2018_3820552__event_001,0.5442543029785156,True
tokyo_350248_relational_between,350248,stress_test,relational_between,vector,14,2018_3820522__event_003,0.5060847997665405,True
tokyo_350248_relational_between,350248,stress_test,relational_between,vector,15,2018_3820524__event_001,0.4964434504508972,True
tokyo_350248_relational_between,350248,stress_test,relational_between,vector,16,2018_3820541__event_001,0.49402564764022827,True
tokyo_350248_relational_between,350248,stress_test,relational_between,vector,17,2018_3820561__event_002,0.48769354820251465,True
tokyo_350248_relational_between,350248,stress_test,relational_between,vector,18,2018_3820523__event_002,0.4757393002510071,True
tokyo_350248_relational_between,350248,stress_test,relational_between,vector,19,2018_3820529__event_001,0.47343146800994873,True
tokyo_350248_relational_between,350248,stress_test,relational_between,vector,20,2018_3820524__event_004,0.47190147638320923,True
tokyo_350248_relational_between,350248,stress_test,relational_between,vector,21,2018_3820562__event_002,0.4623801112174988,True
tokyo_350248_relational_between,350248,stress_test,relational_between,vector,22,2018_3820528__event_002,0.4521773159503937,True
tokyo_350248_relational_between,350248,stress_test,relational_between,vector,23,2018_3820528__event_001,0.44908636808395386,True
tokyo_350248_relational_between,350248,stress_test,relational_between,vector,24,2018_3820531__event_002,0.4482573866844177,True
tokyo_350248_relational_between,350248,stress_test,relational_between,vector,25,2018_3820522__event_002,0.4464014768600464,True
tokyo_350248_relational_between,350248,stress_test,relational_between,vector,26,2018_3820522__event_001,0.4441801905632019,True
tokyo_350248_relational_between,350248,stress_test,relational_between,vector,27,2018_3820526__event_001,0.44323503971099854,True
tokyo_350248_relational_between,350248,stress_test,relational_between,vector,28,2018_3820529__event_002,0.434570848941803,True
tokyo_350248_relational_between,350248,stress_test,relational_between,vector,29,2018_3820549__event_002,0.43393316864967346,True
tokyo_350248_relational_between,350248,stress_test,relational_between,vector,30,2018_3820554__event_002,0.4337797164916992,True
tokyo_350248_relational_between,350248,stress_test,relational_between,vector,31,2018_3820539__event_001,0.4318650960922241,True
tokyo_350248_relational_between,350248,stress_test,relational_between,vector,32,2018_3820561__event_001,0.4310061037540436,True
tokyo_350248_relational_between,350248,stress_test,relational_between,vector,33,2018_3820563__event_002,0.4289592206478119,True
tokyo_350248_relational_between,350248,stress_test,relational_between,vector,34,2018_3820556__event_001,0.4281511902809143,True
tokyo_350248_relational_between,350248,stress_test,relational_between,vector,35,2018_3820524__event_005,0.4252445101737976,True
tokyo_350248_relational_between,350248,stress_test,relational_between,vector,36,2018_3820531__event_001,0.4246094822883606,True
tokyo_350248_relational_between,350248,stress_test,relational_between,vector,37,2018_3820549__event_001,0.42257553339004517,True
tokyo_350248_relational_between,350248,stress_test,relational_between,vector,38,2018_3820563__event_001,0.42205697298049927,True
tokyo_350248_relational_between,350248,stress_test,relational_between,vector,39,2018_3820551__event_001,0.4214404225349426,True
tokyo_350248_relational_between,350248,stress_test,relational_between,vector,40,2018_3820562__event_001,0.4190616011619568,True
tokyo_350248_relational_between,350248,stress_test,relational_between,vector,41,2018_3820539__event_002,0.41828930377960205,True
tokyo_350248_relational_between,350248,stress_test,relational_between,vector,42,2018_3820528__event_003,0.4100568890571594,True
tokyo_350248_relational_between,350248,stress_test,relational_between,vector,43,2018_3820557__event_001,0.4086250066757202,True
tokyo_350248_relational_between,350248,stress_test,relational_between,vector,44,2018_3820541__event_002,0.40350067615509033,True
tokyo_350248_relational_between,350248,stress_test,relational_between,vector,45,2018_3820554__event_003,0.4009007215499878,True
tokyo_350248_relational_between,350248,stress_test,relational_between,vector,46,2018_3820551__event_002,0.392167329788208,True
tokyo_350248_relational_between,350248,stress_test,relational_between,vector,47,2018_3820556__event_002,0.38967493176460266,True
tokyo_350248_relational_between,350248,stress_test,relational_between,vector,48,2018_3820550__event_001,0.38411945104599,True
tokyo_350248_relational_between,350248,stress_test,relational_between,vector,49,2018_3820550__event_002,0.3798580765724182,True
tokyo_350248_relational_between,350248,stress_test,relational_between,vector,50,2018_3820526__event_002,0.37450408935546875,True
tokyo_350248_relational_between,350248,stress_test,relational_between,vector,51,2018_3820557__event_002,0.36554914712905884,True
tokyo_350248_relational_between,350248,stress_test,relational_between,vector,52,2018_3820557__event_003,0.35714268684387207,True
tokyo_350248_relational_between,350248,stress_test,relational_between,vector,53,2018_3820535__event_003,0.3560435473918915,True
tokyo_350248_relational_between,350248,stress_test,relational_between,vector,54,2018_3820552__event_003,0.3518107235431671,True
tokyo_356419_relational_between,356419,stress_test,relational_between,vector,1,2018_3855574__event_003,0.8112784028053284,False
tokyo_356419_relational_between,356419,stress_test,relational_between,vector,2,2018_3855579__event_001,0.7957234382629395,False
tokyo_356419_relational_between,356419,stress_test,relational_between,vector,3,2018_3855574__event_002,0.7822313904762268,False
tokyo_356419_relational_between,356419,stress_test,relational_between,vector,4,2018_3855582__event_001,0.7692596912384033,False
tokyo_356419_relational_between,356419,stress_test,relational_between,vector,5,2018_3855574__event_004,0.7629238367080688,False
tokyo_356419_relational_between,356419,stress_test,relational_between,vector,6,2018_3855571__event_003,0.7515864372253418,False
tokyo_356419_relational_between,356419,stress_test,relational_between,vector,7,2018_3855574__event_001,0.7495568990707397,False
tokyo_356419_relational_between,356419,stress_test,relational_between,vector,8,2018_3855574__event_005,0.7268579006195068,False
tokyo_356419_relational_between,356419,stress_test,relational_between,vector,9,2018_3855571__event_002,0.7246493697166443,False
tokyo_356419_relational_between,356419,stress_test,relational_between,vector,10,2018_3855571__event_001,0.713972806930542,False
tokyo_356419_relational_between,356419,stress_test,relational_between,vector,11,2018_3855574__event_006,0.7063741683959961,False
tokyo_356419_relational_between,356419,stress_test,relational_between,vector,12,2018_3855583__event_001,0.706120491027832,False
tokyo_356419_relational_between,356419,stress_test,relational_between,vector,13,2018_3855572__event_001,0.7049040794372559,False
tokyo_356419_relational_between,356419,stress_test,relational_between,vector,14,2018_3855576__event_001,0.7005535364151001,False
tokyo_356419_relational_between,356419,stress_test,relational_between,vector,15,2018_3855593__event_001,0.6910319328308105,False
tokyo_356419_relational_between,356419,stress_test,relational_between,vector,16,2018_3855592__event_001,0.6756945848464966,False
tokyo_356419_relational_between,356419,stress_test,relational_between,vector,17,2018_3855579__event_002,0.6096025705337524,False
tokyo_356419_relational_between,356419,stress_test,relational_between,vector,18,2018_3855582__event_002,0.607036828994751,False
tokyo_356419_relational_between,356419,stress_test,relational_between,vector,19,2018_3855583__event_002,0.5751974582672119,False
tokyo_356419_relational_between,356419,stress_test,relational_between,vector,20,2018_3855576__event_002,0.5732573866844177,False
tokyo_356419_relational_between,356419,stress_test,relational_between,vector,21,2018_3855593__event_002,0.5718811750411987,False
tokyo_356419_relational_between,356419,stress_test,relational_between,vector,22,2018_3855572__event_002,0.5706022381782532,False
tokyo_356419_relational_between,356419,stress_test,relational_between,vector,23,2018_3855592__event_002,0.5631490349769592,False
tokyo_356419_relational_between,356419,stress_test,relational_between,vector,24,2018_3855585__event_001,0.551871657371521,False
tokyo_356419_relational_between,356419,stress_test,relational_between,vector,25,2018_3855580__event_002,0.5499157905578613,False
tokyo_356419_relational_between,356419,stress_test,relational_between,vector,26,2018_3855594__event_002,0.5482024550437927,False
tokyo_356419_relational_between,356419,stress_test,relational_between,vector,27,2018_3855570__event_001,0.5449292659759521,False
tokyo_356419_relational_between,356419,stress_test,relational_between,vector,28,2018_3855585__event_002,0.5199613571166992,False
tokyo_356419_relational_between,356419,stress_test,relational_between,vector,29,2018_3855575__event_001,0.5182141661643982,False
tokyo_356419_relational_between,356419,stress_test,relational_between,vector,30,2018_3855594__event_001,0.5108290314674377,False
tokyo_356419_relational_between,356419,stress_test,relational_between,vector,31,2018_3855580__event_001,0.49336743354797363,False
tokyo_356419_relational_between,356419,stress_test,relational_between,vector,32,2018_3855570__event_002,0.4866328239440918,False
tokyo_356419_relational_between,356419,stress_test,relational_between,vector,33,2018_3855575__event_002,0.47654223442077637,False
tokyo_35718_relational_between,35718,stress_test,relational_between,vector,1,2018_727134__event_002,0.7858102321624756,False
tokyo_35718_relational_between,35718,stress_test,relational_between,vector,2,2018_727097__event_002,0.624508798122406,False
tokyo_35718_relational_between,35718,stress_test,relational_between,vector,3,2018_727114__event_002,0.6141711473464966,False
tokyo_35718_relational_between,35718,stress_test,relational_between,vector,4,2018_727132__event_002,0.6131683588027954,False
tokyo_35718_relational_between,35718,stress_test,relational_between,vector,5,2018_727134__event_003,0.6058394908905029,False
tokyo_35718_relational_between,35718,stress_test,relational_between,vector,6,2018_727134__event_001,0.5960053205490112,False
tokyo_35718_relational_between,35718,stress_test,relational_between,vector,7,2018_727097__event_001,0.5690271854400635,False
tokyo_35718_relational_between,35718,stress_test,relational_between,vector,8,2018_727117__event_002,0.5664310455322266,False
tokyo_35718_relational_between,35718,stress_test,relational_between,vector,9,2018_727082__event_001,0.549180805683136,False
tokyo_35718_relational_between,35718,stress_test,relational_between,vector,10,2018_727129__event_002,0.5434741973876953,False
tokyo_35718_relational_between,35718,stress_test,relational_between,vector,11,2018_727136__event_001,0.5408025979995728,False
tokyo_35718_relational_between,35718,stress_test,relational_between,vector,12,2018_727129__event_001,0.5280429720878601,False
tokyo_35718_relational_between,35718,stress_test,relational_between,vector,13,2018_727114__event_001,0.5271252989768982,False
tokyo_35718_relational_between,35718,stress_test,relational_between,vector,14,2018_727143__event_002,0.5224344730377197,False
tokyo_35718_relational_between,35718,stress_test,relational_between,vector,15,2018_727136__event_002,0.5208710432052612,False
tokyo_35718_relational_between,35718,stress_test,relational_between,vector,16,2018_727143__event_001,0.5201833844184875,False
tokyo_35718_relational_between,35718,stress_test,relational_between,vector,17,2018_727120__event_002,0.5190664529800415,False
tokyo_35718_relational_between,35718,stress_test,relational_between,vector,18,2018_727120__event_001,0.5185346007347107,False
tokyo_35718_relational_between,35718,stress_test,relational_between,vector,19,2018_727117__event_001,0.5171060562133789,False
tokyo_35718_relational_between,35718,stress_test,relational_between,vector,20,2018_727136__event_003,0.5040127038955688,False
tokyo_35718_relational_between,35718,stress_test,relational_between,vector,21,2018_727132__event_001,0.5013453960418701,False
tokyo_35718_relational_between,35718,stress_test,relational_between,vector,22,2018_727082__event_002,0.48557594418525696,False
tokyo_35718_relational_between,35718,stress_test,relational_between,vector,23,2018_727120__event_003,0.4779127836227417,False
tokyo_35718_relational_between,35718,stress_test,relational_between,vector,24,2018_727085__event_001,0.45837119221687317,False
tokyo_35718_relational_between,35718,stress_test,relational_between,vector,25,2018_727085__event_002,0.4559796154499054,False
tokyo_35718_relational_between,35718,stress_test,relational_between,vector,26,2018_727082__event_003,0.43142324686050415,False
tokyo_362630_relational_between,362630,stress_test,relational_between,vector,1,2018_3889075__event_002,0.7187410593032837,False
tokyo_362630_relational_between,362630,stress_test,relational_between,vector,2,2018_3889098__event_002,0.7041662931442261,False
tokyo_362630_relational_between,362630,stress_test,relational_between,vector,3,2018_3889096__event_002,0.7026867866516113,False
tokyo_362630_relational_between,362630,stress_test,relational_between,vector,4,2018_3889086__event_002,0.595809817314148,False
tokyo_362630_relational_between,362630,stress_test,relational_between,vector,5,2018_3889072__event_002,0.5945954322814941,False
tokyo_362630_relational_between,362630,stress_test,relational_between,vector,6,2018_3889098__event_001,0.5749595761299133,False
tokyo_362630_relational_between,362630,stress_test,relational_between,vector,7,2018_3889074__event_002,0.5683651566505432,False
tokyo_362630_relational_between,362630,stress_test,relational_between,vector,8,2018_3889075__event_003,0.567901611328125,False
tokyo_362630_relational_between,362630,stress_test,relational_between,vector,9,2018_3889093__event_002,0.5564568042755127,False
tokyo_362630_relational_between,362630,stress_test,relational_between,vector,10,2018_3889077__event_002,0.5482789278030396,False
tokyo_362630_relational_between,362630,stress_test,relational_between,vector,11,2018_3889095__event_002,0.5387673377990723,False
tokyo_362630_relational_between,362630,stress_test,relational_between,vector,12,2018_3889076__event_001,0.5286796689033508,False
tokyo_362630_relational_between,362630,stress_test,relational_between,vector,13,2018_3889075__event_001,0.5280054807662964,False
tokyo_362630_relational_between,362630,stress_test,relational_between,vector,14,2018_3889095__event_001,0.5250411033630371,False
tokyo_362630_relational_between,362630,stress_test,relational_between,vector,15,2018_3889086__event_001,0.523449718952179,False
tokyo_362630_relational_between,362630,stress_test,relational_between,vector,16,2018_3889086__event_003,0.5153006315231323,False
tokyo_362630_relational_between,362630,stress_test,relational_between,vector,17,2018_3889096__event_001,0.4956844449043274,False
tokyo_362630_relational_between,362630,stress_test,relational_between,vector,18,2018_3889076__event_002,0.4894733130931854,False
tokyo_362630_relational_between,362630,stress_test,relational_between,vector,19,2018_3889072__event_001,0.4885162115097046,False
tokyo_362630_relational_between,362630,stress_test,relational_between,vector,20,2018_3889084__event_002,0.47296249866485596,False
tokyo_362630_relational_between,362630,stress_test,relational_between,vector,21,2018_3889074__event_001,0.47064176201820374,False
tokyo_362630_relational_between,362630,stress_test,relational_between,vector,22,2018_3889093__event_001,0.4654121696949005,False
tokyo_362630_relational_between,362630,stress_test,relational_between,vector,23,2018_3889077__event_001,0.452684223651886,False
tokyo_362630_relational_between,362630,stress_test,relational_between,vector,24,2018_3889084__event_001,0.39568036794662476,False
tokyo_36487_relational_between,36487,stress_test,relational_between,vector,1,2018_741725__event_003,0.7537715435028076,False
tokyo_36487_relational_between,36487,stress_test,relational_between,vector,2,2018_741716__event_001,0.7416812181472778,False
tokyo_36487_relational_between,36487,stress_test,relational_between,vector,3,2018_741720__event_002,0.7267536520957947,False
tokyo_36487_relational_between,36487,stress_test,relational_between,vector,4,2018_741712__event_006,0.7196109294891357,False
tokyo_36487_relational_between,36487,stress_test,relational_between,vector,5,2018_741722__event_002,0.6592909097671509,False
tokyo_36487_relational_between,36487,stress_test,relational_between,vector,6,2018_741725__event_002,0.6528230309486389,False
tokyo_36487_relational_between,36487,stress_test,relational_between,vector,7,2018_741712__event_004,0.6374645233154297,False
tokyo_36487_relational_between,36487,stress_test,relational_between,vector,8,2018_741722__event_004,0.6337059736251831,False
tokyo_36487_relational_between,36487,stress_test,relational_between,vector,9,2018_741707__event_002,0.6304171085357666,False
tokyo_36487_relational_between,36487,stress_test,relational_between,vector,10,2018_741707__event_001,0.6226909160614014,False
tokyo_36487_relational_between,36487,stress_test,relational_between,vector,11,2018_741712__event_001,0.6213419437408447,False
tokyo_36487_relational_between,36487,stress_test,relational_between,vector,12,2018_741711__event_001,0.62120521068573,False
tokyo_36487_relational_between,36487,stress_test,relational_between,vector,13,2018_741721__event_002,0.6201696395874023,False
tokyo_36487_relational_between,36487,stress_test,relational_between,vector,14,2018_741708__event_004,0.6186683177947998,False
tokyo_36487_relational_between,36487,stress_test,relational_between,vector,15,2018_741725__event_005,0.6107965707778931,False
tokyo_36487_relational_between,36487,stress_test,relational_between,vector,16,2018_741726__event_003,0.6081400513648987,False
tokyo_36487_relational_between,36487,stress_test,relational_between,vector,17,2018_741714__event_002,0.6073994636535645,False
tokyo_36487_relational_between,36487,stress_test,relational_between,vector,18,2018_741640__event_001,0.6068476438522339,False
tokyo_36487_relational_between,36487,stress_test,relational_between,vector,19,2018_741721__event_001,0.6017167568206787,False
tokyo_36487_relational_between,36487,stress_test,relational_between,vector,20,2018_741706__event_001,0.5981294512748718,False
tokyo_36487_relational_between,36487,stress_test,relational_between,vector,21,2018_741712__event_005,0.596170961856842,False
tokyo_36487_relational_between,36487,stress_test,relational_between,vector,22,2018_741725__event_004,0.5950062870979309,False
tokyo_36487_relational_between,36487,stress_test,relational_between,vector,23,2018_741708__event_003,0.5935073494911194,False
tokyo_36487_relational_between,36487,stress_test,relational_between,vector,24,2018_741722__event_001,0.5884795784950256,False
tokyo_36487_relational_between,36487,stress_test,relational_between,vector,25,2018_741716__event_002,0.5879122018814087,False
tokyo_36487_relational_between,36487,stress_test,relational_between,vector,26,2018_741725__event_001,0.5750114321708679,False
tokyo_36487_relational_between,36487,stress_test,relational_between,vector,27,2018_741712__event_002,0.5684902667999268,False
tokyo_36487_relational_between,36487,stress_test,relational_between,vector,28,2018_741640__event_002,0.5636855959892273,False
tokyo_36487_relational_between,36487,stress_test,relational_between,vector,29,2018_741700__event_001,0.5585041046142578,False
tokyo_36487_relational_between,36487,stress_test,relational_between,vector,30,2018_741710__event_002,0.557141900062561,False
tokyo_36487_relational_between,36487,stress_test,relational_between,vector,31,2018_741689__event_001,0.5570836067199707,False
tokyo_36487_relational_between,36487,stress_test,relational_between,vector,32,2018_741720__event_001,0.5557088851928711,False
tokyo_36487_relational_between,36487,stress_test,relational_between,vector,33,2018_741706__event_002,0.5503631830215454,False
tokyo_36487_relational_between,36487,stress_test,relational_between,vector,34,2018_741689__event_002,0.5486853718757629,False
tokyo_36487_relational_between,36487,stress_test,relational_between,vector,35,2018_741711__event_002,0.5324351787567139,False
tokyo_36487_relational_between,36487,stress_test,relational_between,vector,36,2018_741712__event_003,0.5314324498176575,False
tokyo_36487_relational_between,36487,stress_test,relational_between,vector,37,2018_741700__event_004,0.5266891717910767,False
tokyo_36487_relational_between,36487,stress_test,relational_between,vector,38,2018_741721__event_003,0.5223730802536011,False
tokyo_36487_relational_between,36487,stress_test,relational_between,vector,39,2018_741699__event_001,0.5206287503242493,False
tokyo_36487_relational_between,36487,stress_test,relational_between,vector,40,2018_741694__event_002,0.5158106684684753,False
tokyo_36487_relational_between,36487,stress_test,relational_between,vector,41,2018_741726__event_001,0.5117638111114502,False
tokyo_36487_relational_between,36487,stress_test,relational_between,vector,42,2018_741710__event_001,0.5091145634651184,False
tokyo_36487_relational_between,36487,stress_test,relational_between,vector,43,2018_741714__event_001,0.5041043758392334,False
tokyo_36487_relational_between,36487,stress_test,relational_between,vector,44,2018_741694__event_001,0.4957274794578552,False
tokyo_36487_relational_between,36487,stress_test,relational_between,vector,45,2018_741726__event_002,0.49283432960510254,False
tokyo_36487_relational_between,36487,stress_test,relational_between,vector,46,2018_741714__event_003,0.4849351942539215,False
tokyo_36487_relational_between,36487,stress_test,relational_between,vector,47,2018_741700__event_003,0.4789373576641083,False
tokyo_36487_relational_between,36487,stress_test,relational_between,vector,48,2018_741721__event_004,0.4710809290409088,False
tokyo_36487_relational_between,36487,stress_test,relational_between,vector,49,2018_741700__event_002,0.4638186991214752,False
tokyo_36487_relational_between,36487,stress_test,relational_between,vector,50,2018_741708__event_002,0.4561671316623688,False
tokyo_36487_relational_between,36487,stress_test,relational_between,vector,51,2018_741699__event_002,0.4373528063297272,False
tokyo_36487_relational_between,36487,stress_test,relational_between,vector,52,2018_741716__event_003,0.4264203906059265,False
tokyo_36487_relational_between,36487,stress_test,relational_between,vector,53,2018_741722__event_003,0.4219978451728821,False
tokyo_36487_relational_between,36487,stress_test,relational_between,vector,54,2018_741708__event_001,0.35006093978881836,False
tokyo_365381_relational_between,365381,stress_test,relational_between,vector,1,2018_3903075__event_002,0.7321402430534363,False
tokyo_365381_relational_between,365381,stress_test,relational_between,vector,2,2018_3903075__event_001,0.4980210065841675,False
tokyo_365381_relational_between,365381,stress_test,relational_between,vector,3,2018_3903071__event_001,0.4952241778373718,False
tokyo_365381_relational_between,365381,stress_test,relational_between,vector,4,2018_3903074__event_001,0.48403656482696533,False
tokyo_365381_relational_between,365381,stress_test,relational_between,vector,5,2018_3903079__event_002,0.48267829418182373,False
tokyo_365381_relational_between,365381,stress_test,relational_between,vector,6,2018_3903070__event_002,0.4511370360851288,False
tokyo_365381_relational_between,365381,stress_test,relational_between,vector,7,2018_3903074__event_002,0.4450623393058777,False
tokyo_365381_relational_between,365381,stress_test,relational_between,vector,8,2018_3903087__event_002,0.4426383376121521,False
tokyo_365381_relational_between,365381,stress_test,relational_between,vector,9,2018_3903079__event_001,0.438549667596817,False
tokyo_365381_relational_between,365381,stress_test,relational_between,vector,10,2018_3903084__event_001,0.43795496225357056,False
tokyo_365381_relational_between,365381,stress_test,relational_between,vector,11,2018_3903088__event_001,0.4349184036254883,False
tokyo_365381_relational_between,365381,stress_test,relational_between,vector,12,2018_3903086__event_002,0.43430450558662415,False
tokyo_365381_relational_between,365381,stress_test,relational_between,vector,13,2018_3903084__event_002,0.4342547357082367,False
tokyo_365381_relational_between,365381,stress_test,relational_between,vector,14,2018_3903076__event_001,0.43362000584602356,False
tokyo_365381_relational_between,365381,stress_test,relational_between,vector,15,2018_3903071__event_002,0.43159380555152893,False
tokyo_365381_relational_between,365381,stress_test,relational_between,vector,16,2018_3903076__event_002,0.42998623847961426,False
tokyo_365381_relational_between,365381,stress_test,relational_between,vector,17,2018_3903070__event_001,0.4281703233718872,False
tokyo_365381_relational_between,365381,stress_test,relational_between,vector,18,2018_3903075__event_003,0.4248199462890625,False
tokyo_365381_relational_between,365381,stress_test,relational_between,vector,19,2018_3903077__event_001,0.42475444078445435,False
tokyo_365381_relational_between,365381,stress_test,relational_between,vector,20,2018_3903077__event_002,0.39885634183883667,False
tokyo_365381_relational_between,365381,stress_test,relational_between,vector,21,2018_3903074__event_003,0.3934568762779236,False
tokyo_365381_relational_between,365381,stress_test,relational_between,vector,22,2018_3903088__event_002,0.3862016499042511,False
tokyo_365381_relational_between,365381,stress_test,relational_between,vector,23,2018_3903087__event_001,0.3661443591117859,False
tokyo_365381_relational_between,365381,stress_test,relational_between,vector,24,2018_3903086__event_001,0.3587918281555176,False
tokyo_41088_relational_between,41088,stress_test,relational_between,vector,1,2018_831017__event_002,0.7818235158920288,True
tokyo_41088_relational_between,41088,stress_test,relational_between,vector,2,2018_830970__event_001,0.780107855796814,True
tokyo_41088_relational_between,41088,stress_test,relational_between,vector,3,2018_830987__event_002,0.7749927043914795,True
tokyo_41088_relational_between,41088,stress_test,relational_between,vector,4,2018_830981__event_002,0.7650384306907654,True
tokyo_41088_relational_between,41088,stress_test,relational_between,vector,5,2018_830978__event_002,0.7643024921417236,True
tokyo_41088_relational_between,41088,stress_test,relational_between,vector,6,2018_830997__event_002,0.7639584541320801,True
tokyo_41088_relational_between,41088,stress_test,relational_between,vector,7,2018_831010__event_002,0.7511767148971558,True
tokyo_41088_relational_between,41088,stress_test,relational_between,vector,8,2018_831000__event_002,0.7498462796211243,True
tokyo_41088_relational_between,41088,stress_test,relational_between,vector,9,2018_831020__event_002,0.7478017807006836,True
tokyo_41088_relational_between,41088,stress_test,relational_between,vector,10,2018_830990__event_002,0.6820906400680542,True
tokyo_41088_relational_between,41088,stress_test,relational_between,vector,11,2018_830969__event_002,0.6811215877532959,True
tokyo_41088_relational_between,41088,stress_test,relational_between,vector,12,2018_830981__event_003,0.6660888195037842,True
tokyo_41088_relational_between,41088,stress_test,relational_between,vector,13,2018_831010__event_003,0.6653942465782166,True
tokyo_41088_relational_between,41088,stress_test,relational_between,vector,14,2018_830997__event_003,0.6637181043624878,True
tokyo_41088_relational_between,41088,stress_test,relational_between,vector,15,2018_830969__event_001,0.6637094020843506,True
tokyo_41088_relational_between,41088,stress_test,relational_between,vector,16,2018_830990__event_001,0.6600475907325745,True
tokyo_41088_relational_between,41088,stress_test,relational_between,vector,17,2018_830987__event_003,0.6583061218261719,True
tokyo_41088_relational_between,41088,stress_test,relational_between,vector,18,2018_830990__event_003,0.6582335233688354,True
tokyo_41088_relational_between,41088,stress_test,relational_between,vector,19,2018_831017__event_001,0.6552536487579346,True
tokyo_41088_relational_between,41088,stress_test,relational_between,vector,20,2018_830978__event_003,0.6517062187194824,True
tokyo_41088_relational_between,41088,stress_test,relational_between,vector,21,2018_831000__event_003,0.6512235999107361,True
tokyo_41088_relational_between,41088,stress_test,relational_between,vector,22,2018_830970__event_002,0.6495615243911743,True
tokyo_41088_relational_between,41088,stress_test,relational_between,vector,23,2018_831020__event_003,0.6437355279922485,True
tokyo_41088_relational_between,41088,stress_test,relational_between,vector,24,2018_831008__event_001,0.642832338809967,True
tokyo_41088_relational_between,41088,stress_test,relational_between,vector,25,2018_831017__event_003,0.6390513777732849,True
tokyo_41088_relational_between,41088,stress_test,relational_between,vector,26,2018_830987__event_001,0.6370685696601868,True
tokyo_41088_relational_between,41088,stress_test,relational_between,vector,27,2018_830972__event_001,0.6366348266601562,True
tokyo_41088_relational_between,41088,stress_test,relational_between,vector,28,2018_830988__event_001,0.6330622434616089,True
tokyo_41088_relational_between,41088,stress_test,relational_between,vector,29,2018_830985__event_001,0.6294878721237183,True
tokyo_41088_relational_between,41088,stress_test,relational_between,vector,30,2018_830985__event_002,0.6293008923530579,True
tokyo_41088_relational_between,41088,stress_test,relational_between,vector,31,2018_830981__event_001,0.6247345805168152,True
tokyo_41088_relational_between,41088,stress_test,relational_between,vector,32,2018_830997__event_001,0.6235125064849854,True
tokyo_41088_relational_between,41088,stress_test,relational_between,vector,33,2018_831000__event_001,0.6217371225357056,True
tokyo_41088_relational_between,41088,stress_test,relational_between,vector,34,2018_830999__event_002,0.62090665102005,True
tokyo_41088_relational_between,41088,stress_test,relational_between,vector,35,2018_830992__event_001,0.6187792420387268,True
tokyo_41088_relational_between,41088,stress_test,relational_between,vector,36,2018_830978__event_001,0.6170789003372192,True
tokyo_41088_relational_between,41088,stress_test,relational_between,vector,37,2018_830988__event_002,0.616258978843689,True
tokyo_41088_relational_between,41088,stress_test,relational_between,vector,38,2018_830999__event_001,0.615531325340271,True
tokyo_41088_relational_between,41088,stress_test,relational_between,vector,39,2018_831010__event_001,0.6104944944381714,True
tokyo_41088_relational_between,41088,stress_test,relational_between,vector,40,2018_831020__event_001,0.6053410768508911,True
tokyo_41088_relational_between,41088,stress_test,relational_between,vector,41,2018_831024__event_001,0.6043925285339355,True
tokyo_41088_relational_between,41088,stress_test,relational_between,vector,42,2018_831032__event_001,0.6020727157592773,True
tokyo_41088_relational_between,41088,stress_test,relational_between,vector,43,2018_830972__event_002,0.5998103618621826,True
tokyo_41088_relational_between,41088,stress_test,relational_between,vector,44,2018_831026__event_002,0.5986038446426392,True
tokyo_41088_relational_between,41088,stress_test,relational_between,vector,45,2018_831034__event_002,0.5884578227996826,True
tokyo_41088_relational_between,41088,stress_test,relational_between,vector,46,2018_831026__event_001,0.5864450931549072,True
tokyo_41088_relational_between,41088,stress_test,relational_between,vector,47,2018_831008__event_002,0.5842464566230774,True
tokyo_41088_relational_between,41088,stress_test,relational_between,vector,48,2018_831032__event_002,0.5832501649856567,True
tokyo_41088_relational_between,41088,stress_test,relational_between,vector,49,2018_830992__event_002,0.5807386636734009,True
tokyo_41088_relational_between,41088,stress_test,relational_between,vector,50,2018_831034__event_001,0.5770037174224854,True
tokyo_41088_relational_between,41088,stress_test,relational_between,vector,51,2018_831006__event_001,0.5738757252693176,True
tokyo_41088_relational_between,41088,stress_test,relational_between,vector,52,2018_830993__event_001,0.5702413320541382,True
tokyo_41088_relational_between,41088,stress_test,relational_between,vector,53,2018_830993__event_002,0.5113232731819153,True
tokyo_41088_relational_between,41088,stress_test,relational_between,vector,54,2018_830980__event_002,0.49276745319366455,True
tokyo_41088_relational_between,41088,stress_test,relational_between,vector,55,2018_830966__event_002,0.4910884499549866,True
tokyo_41088_relational_between,41088,stress_test,relational_between,vector,56,2018_830976__event_003,0.483825147151947,True
tokyo_41088_relational_between,41088,stress_test,relational_between,vector,57,2018_831006__event_002,0.47547298669815063,True
tokyo_41088_relational_between,41088,stress_test,relational_between,vector,58,2018_830982__event_002,0.4736374318599701,True
tokyo_41088_relational_between,41088,stress_test,relational_between,vector,59,2018_830973__event_002,0.4688079357147217,True
tokyo_41088_relational_between,41088,stress_test,relational_between,vector,60,2018_830976__event_002,0.46840018033981323,True
tokyo_41088_relational_between,41088,stress_test,relational_between,vector,61,2018_830967__event_001,0.46256792545318604,True
tokyo_41088_relational_between,41088,stress_test,relational_between,vector,62,2018_831031__event_002,0.45981109142303467,True
tokyo_41088_relational_between,41088,stress_test,relational_between,vector,63,2018_830967__event_002,0.4572991132736206,True
tokyo_41088_relational_between,41088,stress_test,relational_between,vector,64,2018_831024__event_003,0.4568342864513397,True
tokyo_41088_relational_between,41088,stress_test,relational_between,vector,65,2018_830983__event_002,0.4511905014514923,True
tokyo_41088_relational_between,41088,stress_test,relational_between,vector,66,2018_831021__event_001,0.4510229229927063,True
tokyo_41088_relational_between,41088,stress_test,relational_between,vector,67,2018_830973__event_001,0.4496603310108185,True
tokyo_41088_relational_between,41088,stress_test,relational_between,vector,68,2018_830980__event_001,0.44432318210601807,True
tokyo_41088_relational_between,41088,stress_test,relational_between,vector,69,2018_830991__event_002,0.4413721263408661,True
tokyo_41088_relational_between,41088,stress_test,relational_between,vector,70,2018_830966__event_001,0.44045960903167725,True
tokyo_41088_relational_between,41088,stress_test,relational_between,vector,71,2018_831021__event_002,0.4397210478782654,True
tokyo_41088_relational_between,41088,stress_test,relational_between,vector,72,2018_830982__event_001,0.4371034502983093,True
tokyo_41088_relational_between,41088,stress_test,relational_between,vector,73,2018_831031__event_001,0.4357413649559021,True
tokyo_41088_relational_between,41088,stress_test,relational_between,vector,74,2018_830983__event_001,0.4140033721923828,True
tokyo_41088_relational_between,41088,stress_test,relational_between,vector,75,2018_830991__event_001,0.4122588634490967,True
tokyo_41088_relational_between,41088,stress_test,relational_between,vector,76,2018_830976__event_001,0.3975222706794739,True
tokyo_41088_relational_between,41088,stress_test,relational_between,vector,77,2018_831024__event_002,0.37788286805152893,True
tokyo_42282_relational_between,42282,stress_test,relational_between,vector,1,2018_852454__event_002,0.7053729295730591,False
tokyo_42282_relational_between,42282,stress_test,relational_between,vector,2,2018_852473__event_002,0.6078382730484009,False
tokyo_42282_relational_between,42282,stress_test,relational_between,vector,3,2018_852486__event_001,0.5608229041099548,False
tokyo_42282_relational_between,42282,stress_test,relational_between,vector,4,2018_852486__event_002,0.5525602698326111,False
tokyo_42282_relational_between,42282,stress_test,relational_between,vector,5,2018_852441__event_002,0.5170280933380127,False
tokyo_42282_relational_between,42282,stress_test,relational_between,vector,6,2018_852427__event_002,0.5137712955474854,False
tokyo_42282_relational_between,42282,stress_test,relational_between,vector,7,2018_852454__event_004,0.4808529317378998,False
tokyo_42282_relational_between,42282,stress_test,relational_between,vector,8,2018_852420__event_001,0.4497213363647461,False
tokyo_42282_relational_between,42282,stress_test,relational_between,vector,9,2018_852433__event_002,0.4379854202270508,False
tokyo_42282_relational_between,42282,stress_test,relational_between,vector,10,2018_852463__event_002,0.4190349578857422,False
tokyo_42282_relational_between,42282,stress_test,relational_between,vector,11,2018_852433__event_001,0.4185425937175751,False
tokyo_42282_relational_between,42282,stress_test,relational_between,vector,12,2018_852451__event_002,0.3808062672615051,False
tokyo_42282_relational_between,42282,stress_test,relational_between,vector,13,2018_852475__event_001,0.36278700828552246,False
tokyo_42282_relational_between,42282,stress_test,relational_between,vector,14,2018_852473__event_001,0.35125160217285156,False
tokyo_42282_relational_between,42282,stress_test,relational_between,vector,15,2018_852419__event_002,0.337660551071167,False
tokyo_42282_relational_between,42282,stress_test,relational_between,vector,16,2018_852420__event_002,0.33533036708831787,False
tokyo_42282_relational_between,42282,stress_test,relational_between,vector,17,2018_852454__event_003,0.32207340002059937,False
tokyo_42282_relational_between,42282,stress_test,relational_between,vector,18,2018_852451__event_001,0.3126811981201172,False
tokyo_42282_relational_between,42282,stress_test,relational_between,vector,19,2018_852427__event_001,0.3078121840953827,False
tokyo_42282_relational_between,42282,stress_test,relational_between,vector,20,2018_852475__event_002,0.30458828806877136,False
tokyo_42282_relational_between,42282,stress_test,relational_between,vector,21,2018_852441__event_001,0.29602575302124023,False
tokyo_42282_relational_between,42282,stress_test,relational_between,vector,22,2018_852419__event_001,0.28840965032577515,False
tokyo_42282_relational_between,42282,stress_test,relational_between,vector,23,2018_852454__event_001,0.27924978733062744,False
tokyo_42282_relational_between,42282,stress_test,relational_between,vector,24,2018_852463__event_001,0.271903932094574,False
tokyo_44616_relational_between,44616,stress_test,relational_between,vector,1,2018_895859__event_004,0.7083408236503601,False
tokyo_44616_relational_between,44616,stress_test,relational_between,vector,2,2018_895858__event_002,0.705978512763977,False
tokyo_44616_relational_between,44616,stress_test,relational_between,vector,3,2018_895859__event_002,0.6929282546043396,False
tokyo_44616_relational_between,44616,stress_test,relational_between,vector,4,2018_895860__event_001,0.6781270503997803,False
tokyo_44616_relational_between,44616,stress_test,relational_between,vector,5,2018_895857__event_001,0.6719546914100647,False
tokyo_44616_relational_between,44616,stress_test,relational_between,vector,6,2018_895858__event_003,0.6261717677116394,False
tokyo_44616_relational_between,44616,stress_test,relational_between,vector,7,2018_895852__event_006,0.5922192931175232,False
tokyo_44616_relational_between,44616,stress_test,relational_between,vector,8,2018_895859__event_003,0.5858694314956665,False
tokyo_44616_relational_between,44616,stress_test,relational_between,vector,9,2018_895859__event_001,0.5810126066207886,False
tokyo_44616_relational_between,44616,stress_test,relational_between,vector,10,2018_895855__event_003,0.5805227756500244,False
tokyo_44616_relational_between,44616,stress_test,relational_between,vector,11,2018_895852__event_005,0.5785558819770813,False
tokyo_44616_relational_between,44616,stress_test,relational_between,vector,12,2018_895850__event_003,0.5765200853347778,False
tokyo_44616_relational_between,44616,stress_test,relational_between,vector,13,2018_895854__event_004,0.5664486289024353,False
tokyo_44616_relational_between,44616,stress_test,relational_between,vector,14,2018_895862__event_003,0.5644222497940063,False
tokyo_44616_relational_between,44616,stress_test,relational_between,vector,15,2018_895852__event_004,0.5633401870727539,False
tokyo_44616_relational_between,44616,stress_test,relational_between,vector,16,2018_895860__event_003,0.5591220855712891,False
tokyo_44616_relational_between,44616,stress_test,relational_between,vector,17,2018_895855__event_004,0.5560500621795654,False
tokyo_44616_relational_between,44616,stress_test,relational_between,vector,18,2018_895860__event_002,0.5538313388824463,False
tokyo_44616_relational_between,44616,stress_test,relational_between,vector,19,2018_895850__event_002,0.5485895872116089,False
tokyo_44616_relational_between,44616,stress_test,relational_between,vector,20,2018_895859__event_005,0.5437296628952026,False
tokyo_44616_relational_between,44616,stress_test,relational_between,vector,21,2018_895852__event_007,0.5407869815826416,False
tokyo_44616_relational_between,44616,stress_test,relational_between,vector,22,2018_895855__event_002,0.5369905233383179,False
tokyo_44616_relational_between,44616,stress_test,relational_between,vector,23,2018_895848__event_001,0.505730152130127,False
tokyo_44616_relational_between,44616,stress_test,relational_between,vector,24,2018_895848__event_002,0.5038303136825562,False
tokyo_44616_relational_between,44616,stress_test,relational_between,vector,25,2018_895858__event_001,0.4985298812389374,False
tokyo_44616_relational_between,44616,stress_test,relational_between,vector,26,2018_895854__event_002,0.48078495264053345,False
tokyo_44616_relational_between,44616,stress_test,relational_between,vector,27,2018_895862__event_002,0.4725826382637024,False
tokyo_44616_relational_between,44616,stress_test,relational_between,vector,28,2018_895850__event_001,0.47192585468292236,False
tokyo_44616_relational_between,44616,stress_test,relational_between,vector,29,2018_895852__event_002,0.47090548276901245,False
tokyo_44616_relational_between,44616,stress_test,relational_between,vector,30,2018_895857__event_002,0.46841180324554443,False
tokyo_44616_relational_between,44616,stress_test,relational_between,vector,31,2018_895855__event_001,0.46636179089546204,False
tokyo_44616_relational_between,44616,stress_test,relational_between,vector,32,2018_895854__event_001,0.46063071489334106,False
tokyo_44616_relational_between,44616,stress_test,relational_between,vector,33,2018_895852__event_003,0.45906731486320496,False
tokyo_44616_relational_between,44616,stress_test,relational_between,vector,34,2018_895850__event_004,0.4457627236843109,False
tokyo_44616_relational_between,44616,stress_test,relational_between,vector,35,2018_895854__event_003,0.4371698498725891,False
tokyo_44616_relational_between,44616,stress_test,relational_between,vector,36,2018_895848__event_003,0.42257145047187805,False
tokyo_44616_relational_between,44616,stress_test,relational_between,vector,37,2018_895862__event_001,0.4219997525215149,False
tokyo_44616_relational_between,44616,stress_test,relational_between,vector,38,2018_895854__event_005,0.42179983854293823,False
tokyo_44616_relational_between,44616,stress_test,relational_between,vector,39,2018_895852__event_001,0.4167001247406006,False
tokyo_45189_relational_between,45189,stress_test,relational_between,vector,1,2018_907314__event_002,0.7386548519134521,False
tokyo_45189_relational_between,45189,stress_test,relational_between,vector,2,2018_907314__event_001,0.5595971941947937,False
tokyo_45189_relational_between,45189,stress_test,relational_between,vector,3,2018_907299__event_002,0.5318886041641235,False
tokyo_45189_relational_between,45189,stress_test,relational_between,vector,4,2018_907304__event_001,0.5305643081665039,False
tokyo_45189_relational_between,45189,stress_test,relational_between,vector,5,2018_907304__event_002,0.53005450963974,False
tokyo_45189_relational_between,45189,stress_test,relational_between,vector,6,2018_907301__event_002,0.529381513595581,False
tokyo_45189_relational_between,45189,stress_test,relational_between,vector,7,2018_907301__event_001,0.520807147026062,False
tokyo_45189_relational_between,45189,stress_test,relational_between,vector,8,2018_907322__event_002,0.5139997005462646,False
tokyo_45189_relational_between,45189,stress_test,relational_between,vector,9,2018_907297__event_001,0.5128297209739685,False
tokyo_45189_relational_between,45189,stress_test,relational_between,vector,10,2018_907297__event_002,0.5070312023162842,False
tokyo_45189_relational_between,45189,stress_test,relational_between,vector,11,2018_907299__event_001,0.5061869025230408,False
tokyo_45189_relational_between,45189,stress_test,relational_between,vector,12,2018_907312__event_002,0.5053414702415466,False
tokyo_45189_relational_between,45189,stress_test,relational_between,vector,13,2018_907313__event_004,0.5052803754806519,False
tokyo_45189_relational_between,45189,stress_test,relational_between,vector,14,2018_907321__event_001,0.5025009512901306,False
tokyo_45189_relational_between,45189,stress_test,relational_between,vector,15,2018_907314__event_003,0.5018237233161926,False
tokyo_45189_relational_between,45189,stress_test,relational_between,vector,16,2018_907322__event_001,0.49888813495635986,False
tokyo_45189_relational_between,45189,stress_test,relational_between,vector,17,2018_907321__event_002,0.4974927306175232,False
tokyo_45189_relational_between,45189,stress_test,relational_between,vector,18,2018_907300__event_002,0.49725592136383057,False
tokyo_45189_relational_between,45189,stress_test,relational_between,vector,19,2018_907300__event_001,0.49627673625946045,False
tokyo_45189_relational_between,45189,stress_test,relational_between,vector,20,2018_907312__event_001,0.4940880835056305,False
tokyo_45189_relational_between,45189,stress_test,relational_between,vector,21,2018_907312__event_003,0.4900425970554352,False
tokyo_45189_relational_between,45189,stress_test,relational_between,vector,22,2018_907313__event_001,0.48890921473503113,False
tokyo_45189_relational_between,45189,stress_test,relational_between,vector,23,2018_907313__event_005,0.45535215735435486,False
tokyo_45189_relational_between,45189,stress_test,relational_between,vector,24,2018_907313__event_003,0.40122348070144653,False
tokyo_45189_relational_between,45189,stress_test,relational_between,vector,25,2018_907313__event_002,0.39008647203445435,False
tokyo_45205_relational_between,45205,stress_test,relational_between,vector,1,2018_907520__event_001,0.7214707136154175,True
tokyo_45205_relational_between,45205,stress_test,relational_between,vector,2,2018_907488__event_002,0.7105458974838257,True
tokyo_45205_relational_between,45205,stress_test,relational_between,vector,3,2018_907492__event_002,0.7013316750526428,True
tokyo_45205_relational_between,45205,stress_test,relational_between,vector,4,2018_907559__event_005,0.6936635375022888,True
tokyo_45205_relational_between,45205,stress_test,relational_between,vector,5,2018_907579__event_004,0.6898732781410217,True
tokyo_45205_relational_between,45205,stress_test,relational_between,vector,6,2018_907581__event_003,0.6532465219497681,True
tokyo_45205_relational_between,45205,stress_test,relational_between,vector,7,2018_907502__event_002,0.6432859301567078,True
tokyo_45205_relational_between,45205,stress_test,relational_between,vector,8,2018_907483__event_002,0.5239314436912537,True
tokyo_45205_relational_between,45205,stress_test,relational_between,vector,9,2018_907477__event_002,0.5077087879180908,True
tokyo_45205_relational_between,45205,stress_test,relational_between,vector,10,2018_907546__event_003,0.4889845848083496,True
tokyo_45205_relational_between,45205,stress_test,relational_between,vector,11,2018_907563__event_002,0.48178306221961975,True
tokyo_45205_relational_between,45205,stress_test,relational_between,vector,12,2018_907579__event_003,0.47925421595573425,True
tokyo_45205_relational_between,45205,stress_test,relational_between,vector,13,2018_907554__event_002,0.47404730319976807,True
tokyo_45205_relational_between,45205,stress_test,relational_between,vector,14,2018_907492__event_003,0.47189998626708984,True
tokyo_45205_relational_between,45205,stress_test,relational_between,vector,15,2018_907579__event_002,0.4690396785736084,True
tokyo_45205_relational_between,45205,stress_test,relational_between,vector,16,2018_907544__event_003,0.46779170632362366,True
tokyo_45205_relational_between,45205,stress_test,relational_between,vector,17,2018_907560__event_006,0.46473225951194763,True
tokyo_45205_relational_between,45205,stress_test,relational_between,vector,18,2018_907546__event_002,0.45946836471557617,True
tokyo_45205_relational_between,45205,stress_test,relational_between,vector,19,2018_907548__event_001,0.4589309096336365,True
tokyo_45205_relational_between,45205,stress_test,relational_between,vector,20,2018_907580__event_002,0.458816796541214,True
tokyo_45205_relational_between,45205,stress_test,relational_between,vector,21,2018_907587__event_003,0.4586232304573059,True
tokyo_45205_relational_between,45205,stress_test,relational_between,vector,22,2018_907587__event_002,0.45479562878608704,True
tokyo_45205_relational_between,45205,stress_test,relational_between,vector,23,2018_907548__event_002,0.4519723653793335,True
tokyo_45205_relational_between,45205,stress_test,relational_between,vector,24,2018_907560__event_007,0.45118188858032227,True
tokyo_45205_relational_between,45205,stress_test,relational_between,vector,25,2018_907559__event_004,0.4489573836326599,True
tokyo_45205_relational_between,45205,stress_test,relational_between,vector,26,2018_907581__event_002,0.44869112968444824,True
tokyo_45205_relational_between,45205,stress_test,relational_between,vector,27,2018_907492__event_001,0.4477625787258148,True
tokyo_45205_relational_between,45205,stress_test,relational_between,vector,28,2018_907502__event_001,0.44699573516845703,True
tokyo_45205_relational_between,45205,stress_test,relational_between,vector,29,2018_907580__event_003,0.4435685873031616,True
tokyo_45205_relational_between,45205,stress_test,relational_between,vector,30,2018_907559__event_006,0.4409887194633484,True
tokyo_45205_relational_between,45205,stress_test,relational_between,vector,31,2018_907554__event_001,0.4350495934486389,True
tokyo_45205_relational_between,45205,stress_test,relational_between,vector,32,2018_907508__event_002,0.4320794939994812,True
tokyo_45205_relational_between,45205,stress_test,relational_between,vector,33,2018_907565__event_002,0.43016326427459717,True
tokyo_45205_relational_between,45205,stress_test,relational_between,vector,34,2018_907539__event_001,0.4300764203071594,True
tokyo_45205_relational_between,45205,stress_test,relational_between,vector,35,2018_907524__event_002,0.42657095193862915,True
tokyo_45205_relational_between,45205,stress_test,relational_between,vector,36,2018_907563__event_003,0.42565345764160156,True
tokyo_45205_relational_between,45205,stress_test,relational_between,vector,37,2018_907529__event_001,0.42549508810043335,True
tokyo_45205_relational_between,45205,stress_test,relational_between,vector,38,2018_907530__event_003,0.42549312114715576,True
tokyo_45205_relational_between,45205,stress_test,relational_between,vector,39,2018_907477__event_001,0.4241046607494354,True
tokyo_45205_relational_between,45205,stress_test,relational_between,vector,40,2018_907470__event_003,0.42107656598091125,True
tokyo_45205_relational_between,45205,stress_test,relational_between,vector,41,2018_907520__event_002,0.419738233089447,True
tokyo_45205_relational_between,45205,stress_test,relational_between,vector,42,2018_907478__event_001,0.4190870523452759,True
tokyo_45205_relational_between,45205,stress_test,relational_between,vector,43,2018_907488__event_001,0.4183100461959839,True
tokyo_45205_relational_between,45205,stress_test,relational_between,vector,44,2018_907559__event_003,0.4168792963027954,True
tokyo_45205_relational_between,45205,stress_test,relational_between,vector,45,2018_907469__event_002,0.41588932275772095,True
tokyo_45205_relational_between,45205,stress_test,relational_between,vector,46,2018_907478__event_002,0.41390421986579895,True
tokyo_45205_relational_between,45205,stress_test,relational_between,vector,47,2018_907560__event_003,0.41147416830062866,True
tokyo_45205_relational_between,45205,stress_test,relational_between,vector,48,2018_907531__event_002,0.41143256425857544,True
tokyo_45205_relational_between,45205,stress_test,relational_between,vector,49,2018_907530__event_002,0.41117966175079346,True
tokyo_45205_relational_between,45205,stress_test,relational_between,vector,50,2018_907529__event_002,0.41079893708229065,True
tokyo_45205_relational_between,45205,stress_test,relational_between,vector,51,2018_907564__event_003,0.4104180335998535,True
tokyo_45205_relational_between,45205,stress_test,relational_between,vector,52,2018_907586__event_002,0.4098680913448334,True
tokyo_45205_relational_between,45205,stress_test,relational_between,vector,53,2018_907499__event_001,0.40915703773498535,True
tokyo_45205_relational_between,45205,stress_test,relational_between,vector,54,2018_907563__event_001,0.40901875495910645,True
tokyo_45205_relational_between,45205,stress_test,relational_between,vector,55,2018_907483__event_001,0.4090118408203125,True
tokyo_45205_relational_between,45205,stress_test,relational_between,vector,56,2018_907523__event_001,0.4084453582763672,True
tokyo_45205_relational_between,45205,stress_test,relational_between,vector,57,2018_907528__event_002,0.407596230506897,True
tokyo_45205_relational_between,45205,stress_test,relational_between,vector,58,2018_907546__event_004,0.40712982416152954,True
tokyo_45205_relational_between,45205,stress_test,relational_between,vector,59,2018_907498__event_001,0.40702366828918457,True
tokyo_45205_relational_between,45205,stress_test,relational_between,vector,60,2018_907469__event_003,0.40625467896461487,True
tokyo_45205_relational_between,45205,stress_test,relational_between,vector,61,2018_907543__event_001,0.40608322620391846,True
tokyo_45205_relational_between,45205,stress_test,relational_between,vector,62,2018_907564__event_002,0.4059436321258545,True
tokyo_45205_relational_between,45205,stress_test,relational_between,vector,63,2018_907564__event_001,0.40559977293014526,True
tokyo_45205_relational_between,45205,stress_test,relational_between,vector,64,2018_907530__event_001,0.4055797755718231,True
tokyo_45205_relational_between,45205,stress_test,relational_between,vector,65,2018_907479__event_003,0.4052707552909851,True
tokyo_45205_relational_between,45205,stress_test,relational_between,vector,66,2018_907554__event_003,0.40462392568588257,True
tokyo_45205_relational_between,45205,stress_test,relational_between,vector,67,2018_907479__event_002,0.40377628803253174,True
tokyo_45205_relational_between,45205,stress_test,relational_between,vector,68,2018_907563__event_004,0.402231901884079,True
tokyo_45205_relational_between,45205,stress_test,relational_between,vector,69,2018_907522__event_002,0.40170320868492126,True
tokyo_45205_relational_between,45205,stress_test,relational_between,vector,70,2018_907536__event_002,0.4010261595249176,True
tokyo_45205_relational_between,45205,stress_test,relational_between,vector,71,2018_907581__event_001,0.40089842677116394,True
tokyo_45205_relational_between,45205,stress_test,relational_between,vector,72,2018_907492__event_004,0.40024900436401367,True
tokyo_45205_relational_between,45205,stress_test,relational_between,vector,73,2018_907481__event_001,0.4002392292022705,True
tokyo_45205_relational_between,45205,stress_test,relational_between,vector,74,2018_907479__event_001,0.39860785007476807,True
tokyo_45205_relational_between,45205,stress_test,relational_between,vector,75,2018_907543__event_002,0.39810827374458313,True
tokyo_45205_relational_between,45205,stress_test,relational_between,vector,76,2018_907524__event_001,0.39793330430984497,True
tokyo_45205_relational_between,45205,stress_test,relational_between,vector,77,2018_907546__event_001,0.39769795536994934,True
tokyo_45205_relational_between,45205,stress_test,relational_between,vector,78,2018_907497__event_002,0.39555174112319946,True
tokyo_45205_relational_between,45205,stress_test,relational_between,vector,79,2018_907488__event_003,0.39550238847732544,True
tokyo_45205_relational_between,45205,stress_test,relational_between,vector,80,2018_907544__event_004,0.3948551118373871,True
tokyo_45205_relational_between,45205,stress_test,relational_between,vector,81,2018_907523__event_002,0.39448216557502747,True
tokyo_45205_relational_between,45205,stress_test,relational_between,vector,82,2018_907580__event_001,0.39440441131591797,True
tokyo_45205_relational_between,45205,stress_test,relational_between,vector,83,2018_907470__event_002,0.3933914601802826,True
tokyo_45205_relational_between,45205,stress_test,relational_between,vector,84,2018_907587__event_001,0.3933134377002716,True
tokyo_45205_relational_between,45205,stress_test,relational_between,vector,85,2018_907583__event_002,0.3932977616786957,True
tokyo_45205_relational_between,45205,stress_test,relational_between,vector,86,2018_907499__event_002,0.39276832342147827,True
tokyo_45205_relational_between,45205,stress_test,relational_between,vector,87,2018_907567__event_002,0.3927668333053589,True
tokyo_45205_relational_between,45205,stress_test,relational_between,vector,88,2018_907475__event_002,0.39236289262771606,True
tokyo_45205_relational_between,45205,stress_test,relational_between,vector,89,2018_907560__event_005,0.3921421766281128,True
tokyo_45205_relational_between,45205,stress_test,relational_between,vector,90,2018_907565__event_001,0.3920266926288605,True
tokyo_45205_relational_between,45205,stress_test,relational_between,vector,91,2018_907559__event_002,0.3915157616138458,True
tokyo_45205_relational_between,45205,stress_test,relational_between,vector,92,2018_907562__event_002,0.39131128787994385,True
tokyo_45205_relational_between,45205,stress_test,relational_between,vector,93,2018_907562__event_001,0.39094263315200806,True
tokyo_45205_relational_between,45205,stress_test,relational_between,vector,94,2018_907469__event_001,0.3906695246696472,True
tokyo_45205_relational_between,45205,stress_test,relational_between,vector,95,2018_907541__event_002,0.390474408864975,True
tokyo_45205_relational_between,45205,stress_test,relational_between,vector,96,2018_907538__event_001,0.38912510871887207,True
tokyo_45205_relational_between,45205,stress_test,relational_between,vector,97,2018_907496__event_002,0.3883824348449707,True
tokyo_45205_relational_between,45205,stress_test,relational_between,vector,98,2018_907489__event_002,0.38815051317214966,True
tokyo_45205_relational_between,45205,stress_test,relational_between,vector,99,2018_907538__event_002,0.38762131333351135,True
tokyo_45205_relational_between,45205,stress_test,relational_between,vector,100,2018_907499__event_003,0.38692706823349,True
tokyo_45205_relational_between,45205,stress_test,relational_between,vector,101,2018_907567__event_001,0.386364221572876,True
tokyo_45205_relational_between,45205,stress_test,relational_between,vector,102,2018_907587__event_004,0.3861355185508728,True
tokyo_45205_relational_between,45205,stress_test,relational_between,vector,103,2018_907539__event_002,0.3852194845676422,True
tokyo_45205_relational_between,45205,stress_test,relational_between,vector,104,2018_907496__event_001,0.38411471247673035,True
tokyo_45205_relational_between,45205,stress_test,relational_between,vector,105,2018_907579__event_001,0.38408970832824707,True
tokyo_45205_relational_between,45205,stress_test,relational_between,vector,106,2018_907531__event_001,0.3830316364765167,True
tokyo_45205_relational_between,45205,stress_test,relational_between,vector,107,2018_907559__event_001,0.3826637864112854,True
tokyo_45205_relational_between,45205,stress_test,relational_between,vector,108,2018_907560__event_004,0.38103097677230835,True
tokyo_45205_relational_between,45205,stress_test,relational_between,vector,109,2018_907522__event_001,0.38102060556411743,True
tokyo_45205_relational_between,45205,stress_test,relational_between,vector,110,2018_907481__event_002,0.3808041214942932,True
tokyo_45205_relational_between,45205,stress_test,relational_between,vector,111,2018_907549__event_002,0.38058000802993774,True
tokyo_45205_relational_between,45205,stress_test,relational_between,vector,112,2018_907583__event_001,0.3797617554664612,True
tokyo_45205_relational_between,45205,stress_test,relational_between,vector,113,2018_907544__event_002,0.3791341781616211,True
tokyo_45205_relational_between,45205,stress_test,relational_between,vector,114,2018_907586__event_001,0.3779674768447876,True
tokyo_45205_relational_between,45205,stress_test,relational_between,vector,115,2018_907579__event_005,0.37594857811927795,True
tokyo_45205_relational_between,45205,stress_test,relational_between,vector,116,2018_907560__event_002,0.37429699301719666,True
tokyo_45205_relational_between,45205,stress_test,relational_between,vector,117,2018_907540__event_002,0.3733845353126526,True
tokyo_45205_relational_between,45205,stress_test,relational_between,vector,118,2018_907536__event_001,0.36986806988716125,True
tokyo_45205_relational_between,45205,stress_test,relational_between,vector,119,2018_907468__event_001,0.3688400685787201,True
tokyo_45205_relational_between,45205,stress_test,relational_between,vector,120,2018_907560__event_001,0.36778753995895386,True
tokyo_45205_relational_between,45205,stress_test,relational_between,vector,121,2018_907566__event_002,0.36774277687072754,True
tokyo_45205_relational_between,45205,stress_test,relational_between,vector,122,2018_907566__event_001,0.3676154613494873,True
tokyo_45205_relational_between,45205,stress_test,relational_between,vector,123,2018_907498__event_002,0.3658946752548218,True
tokyo_45205_relational_between,45205,stress_test,relational_between,vector,124,2018_907541__event_001,0.36466652154922485,True
tokyo_45205_relational_between,45205,stress_test,relational_between,vector,125,2018_907468__event_002,0.3614833950996399,True
tokyo_45205_relational_between,45205,stress_test,relational_between,vector,126,2018_907470__event_001,0.3611658215522766,True
tokyo_45205_relational_between,45205,stress_test,relational_between,vector,127,2018_907528__event_001,0.3588346242904663,True
tokyo_45205_relational_between,45205,stress_test,relational_between,vector,128,2018_907553__event_002,0.35788094997406006,True
tokyo_45205_relational_between,45205,stress_test,relational_between,vector,129,2018_907495__event_002,0.35743048787117004,True
tokyo_45205_relational_between,45205,stress_test,relational_between,vector,130,2018_907475__event_001,0.356982946395874,True
tokyo_45205_relational_between,45205,stress_test,relational_between,vector,131,2018_907497__event_001,0.3543992042541504,True
tokyo_45205_relational_between,45205,stress_test,relational_between,vector,132,2018_907549__event_001,0.3526313602924347,True
tokyo_45205_relational_between,45205,stress_test,relational_between,vector,133,2018_907495__event_001,0.34653615951538086,True
tokyo_45205_relational_between,45205,stress_test,relational_between,vector,134,2018_907553__event_001,0.3423011302947998,True
tokyo_45205_relational_between,45205,stress_test,relational_between,vector,135,2018_907508__event_001,0.3402669429779053,True
tokyo_45205_relational_between,45205,stress_test,relational_between,vector,136,2018_907544__event_001,0.3398340046405792,True
tokyo_45205_relational_between,45205,stress_test,relational_between,vector,137,2018_907489__event_001,0.33358126878738403,True
tokyo_45205_relational_between,45205,stress_test,relational_between,vector,138,2018_907540__event_001,0.3333851099014282,True
tokyo_45205_relational_between,45205,stress_test,relational_between,vector,139,2018_907576__event_002,0.32995912432670593,True
tokyo_45205_relational_between,45205,stress_test,relational_between,vector,140,2018_907576__event_001,0.3249649107456207,True
tokyo_50046_relational_between,50046,stress_test,relational_between,vector,1,2018_1004024__event_002,0.7574772834777832,True
tokyo_50046_relational_between,50046,stress_test,relational_between,vector,2,2018_1004003__event_002,0.7149158120155334,True
tokyo_50046_relational_between,50046,stress_test,relational_between,vector,3,2018_1004024__event_003,0.7007681131362915,True
tokyo_50046_relational_between,50046,stress_test,relational_between,vector,4,2018_1004024__event_001,0.6706674098968506,True
tokyo_50046_relational_between,50046,stress_test,relational_between,vector,5,2018_1004003__event_001,0.6514145135879517,True
tokyo_50046_relational_between,50046,stress_test,relational_between,vector,6,2018_1004027__event_001,0.5899378061294556,True
tokyo_50046_relational_between,50046,stress_test,relational_between,vector,7,2018_1004027__event_002,0.5759588479995728,True
tokyo_50046_relational_between,50046,stress_test,relational_between,vector,8,2018_1004026__event_001,0.5694206953048706,True
tokyo_50046_relational_between,50046,stress_test,relational_between,vector,9,2018_1004059__event_002,0.5644028186798096,True
tokyo_50046_relational_between,50046,stress_test,relational_between,vector,10,2018_1004027__event_003,0.5638819932937622,True
tokyo_50046_relational_between,50046,stress_test,relational_between,vector,11,2018_1003995__event_002,0.5541814565658569,True
tokyo_50046_relational_between,50046,stress_test,relational_between,vector,12,2018_1004044__event_001,0.5526333451271057,True
tokyo_50046_relational_between,50046,stress_test,relational_between,vector,13,2018_1004048__event_001,0.5492159128189087,True
tokyo_50046_relational_between,50046,stress_test,relational_between,vector,14,2018_1003968__event_002,0.5446428656578064,True
tokyo_50046_relational_between,50046,stress_test,relational_between,vector,15,2018_1003995__event_001,0.5337167978286743,True
tokyo_50046_relational_between,50046,stress_test,relational_between,vector,16,2018_1003971__event_001,0.5270265340805054,True
tokyo_50046_relational_between,50046,stress_test,relational_between,vector,17,2018_1003999__event_003,0.5269665718078613,True
tokyo_50046_relational_between,50046,stress_test,relational_between,vector,18,2018_1003981__event_001,0.5233824849128723,True
tokyo_50046_relational_between,50046,stress_test,relational_between,vector,19,2018_1004013__event_001,0.5193564891815186,True
tokyo_50046_relational_between,50046,stress_test,relational_between,vector,20,2018_1003997__event_002,0.5186482667922974,True
tokyo_50046_relational_between,50046,stress_test,relational_between,vector,21,2018_1003981__event_002,0.5170769691467285,True
tokyo_50046_relational_between,50046,stress_test,relational_between,vector,22,2018_1003987__event_002,0.5139045715332031,True
tokyo_50046_relational_between,50046,stress_test,relational_between,vector,23,2018_1004044__event_002,0.505445659160614,True
tokyo_50046_relational_between,50046,stress_test,relational_between,vector,24,2018_1004059__event_001,0.503923773765564,True
tokyo_50046_relational_between,50046,stress_test,relational_between,vector,25,2018_1004049__event_001,0.4847520887851715,True
tokyo_50046_relational_between,50046,stress_test,relational_between,vector,26,2018_1004026__event_002,0.48257505893707275,True
tokyo_50046_relational_between,50046,stress_test,relational_between,vector,27,2018_1003976__event_003,0.4812959134578705,True
tokyo_50046_relational_between,50046,stress_test,relational_between,vector,28,2018_1004052__event_002,0.4743794798851013,True
tokyo_50046_relational_between,50046,stress_test,relational_between,vector,29,2018_1004048__event_002,0.4714558720588684,True
tokyo_50046_relational_between,50046,stress_test,relational_between,vector,30,2018_1004013__event_002,0.4680909514427185,True
tokyo_50046_relational_between,50046,stress_test,relational_between,vector,31,2018_1003993__event_002,0.4674421548843384,True
tokyo_50046_relational_between,50046,stress_test,relational_between,vector,32,2018_1004046__event_001,0.4668184220790863,True
tokyo_50046_relational_between,50046,stress_test,relational_between,vector,33,2018_1003987__event_001,0.4648453891277313,True
tokyo_50046_relational_between,50046,stress_test,relational_between,vector,34,2018_1003968__event_001,0.46242401003837585,True
tokyo_50046_relational_between,50046,stress_test,relational_between,vector,35,2018_1003997__event_001,0.4578274190425873,True
tokyo_50046_relational_between,50046,stress_test,relational_between,vector,36,2018_1003976__event_002,0.44654446840286255,True
tokyo_50046_relational_between,50046,stress_test,relational_between,vector,37,2018_1004056__event_002,0.44139811396598816,True
tokyo_50046_relational_between,50046,stress_test,relational_between,vector,38,2018_1003999__event_002,0.4408295154571533,True
tokyo_50046_relational_between,50046,stress_test,relational_between,vector,39,2018_1004054__event_002,0.43504419922828674,True
tokyo_50046_relational_between,50046,stress_test,relational_between,vector,40,2018_1004028__event_002,0.43241116404533386,True
tokyo_50046_relational_between,50046,stress_test,relational_between,vector,41,2018_1003982__event_001,0.42678916454315186,True
tokyo_50046_relational_between,50046,stress_test,relational_between,vector,42,2018_1004059__event_003,0.42502880096435547,True
tokyo_50046_relational_between,50046,stress_test,relational_between,vector,43,2018_1004056__event_001,0.42361748218536377,True
tokyo_50046_relational_between,50046,stress_test,relational_between,vector,44,2018_1004028__event_001,0.42100203037261963,True
tokyo_50046_relational_between,50046,stress_test,relational_between,vector,45,2018_1003971__event_002,0.4169764220714569,True
tokyo_50046_relational_between,50046,stress_test,relational_between,vector,46,2018_1003976__event_001,0.40710270404815674,True
tokyo_50046_relational_between,50046,stress_test,relational_between,vector,47,2018_1004046__event_002,0.406360387802124,True
tokyo_50046_relational_between,50046,stress_test,relational_between,vector,48,2018_1004033__event_001,0.4045637845993042,True
tokyo_50046_relational_between,50046,stress_test,relational_between,vector,49,2018_1004054__event_001,0.3981410264968872,True
tokyo_50046_relational_between,50046,stress_test,relational_between,vector,50,2018_1003999__event_001,0.39783775806427,True
tokyo_50046_relational_between,50046,stress_test,relational_between,vector,51,2018_1004052__event_001,0.3977985978126526,True
tokyo_50046_relational_between,50046,stress_test,relational_between,vector,52,2018_1004033__event_002,0.38131240010261536,True
tokyo_50046_relational_between,50046,stress_test,relational_between,vector,53,2018_1004049__event_002,0.37741392850875854,True
tokyo_50046_relational_between,50046,stress_test,relational_between,vector,54,2018_1003993__event_001,0.34616953134536743,True
tokyo_50046_relational_between,50046,stress_test,relational_between,vector,55,2018_1003982__event_002,0.28126060962677,True
tokyo_51031_relational_between,51031,stress_test,relational_between,vector,1,2018_1023518__event_002,0.7998595237731934,True
tokyo_51031_relational_between,51031,stress_test,relational_between,vector,2,2018_1023518__event_001,0.7832721471786499,True
tokyo_51031_relational_between,51031,stress_test,relational_between,vector,3,2018_1023518__event_003,0.7409535646438599,True
tokyo_51031_relational_between,51031,stress_test,relational_between,vector,4,2018_1023538__event_001,0.5811145305633545,True
tokyo_51031_relational_between,51031,stress_test,relational_between,vector,5,2018_1023534__event_001,0.5809311866760254,True
tokyo_51031_relational_between,51031,stress_test,relational_between,vector,6,2018_1023534__event_002,0.5796307921409607,True
tokyo_51031_relational_between,51031,stress_test,relational_between,vector,7,2018_1023514__event_002,0.5744779706001282,True
tokyo_51031_relational_between,51031,stress_test,relational_between,vector,8,2018_1023542__event_002,0.5741243362426758,True
tokyo_51031_relational_between,51031,stress_test,relational_between,vector,9,2018_1023514__event_001,0.5687209963798523,True
tokyo_51031_relational_between,51031,stress_test,relational_between,vector,10,2018_1023510__event_002,0.5586552619934082,True
tokyo_51031_relational_between,51031,stress_test,relational_between,vector,11,2018_1023537__event_001,0.5556146502494812,True
tokyo_51031_relational_between,51031,stress_test,relational_between,vector,12,2018_1023537__event_003,0.5530779361724854,True
tokyo_51031_relational_between,51031,stress_test,relational_between,vector,13,2018_1023533__event_001,0.5480368733406067,True
tokyo_51031_relational_between,51031,stress_test,relational_between,vector,14,2018_1023537__event_002,0.5449157953262329,True
tokyo_51031_relational_between,51031,stress_test,relational_between,vector,15,2018_1023541__event_002,0.5446544885635376,True
tokyo_51031_relational_between,51031,stress_test,relational_between,vector,16,2018_1023517__event_001,0.5404635667800903,True
tokyo_51031_relational_between,51031,stress_test,relational_between,vector,17,2018_1023533__event_002,0.540442705154419,True
tokyo_51031_relational_between,51031,stress_test,relational_between,vector,18,2018_1023542__event_003,0.5348111391067505,True
tokyo_51031_relational_between,51031,stress_test,relational_between,vector,19,2018_1023516__event_002,0.5318259000778198,True
tokyo_51031_relational_between,51031,stress_test,relational_between,vector,20,2018_1023540__event_002,0.5301178097724915,True
tokyo_51031_relational_between,51031,stress_test,relational_between,vector,21,2018_1023543__event_001,0.5299685597419739,True
tokyo_51031_relational_between,51031,stress_test,relational_between,vector,22,2018_1023538__event_002,0.5277623534202576,True
tokyo_51031_relational_between,51031,stress_test,relational_between,vector,23,2018_1023517__event_002,0.5231361389160156,True
tokyo_51031_relational_between,51031,stress_test,relational_between,vector,24,2018_1023525__event_001,0.5170084238052368,True
tokyo_51031_relational_between,51031,stress_test,relational_between,vector,25,2018_1023513__event_002,0.5122339725494385,True
tokyo_51031_relational_between,51031,stress_test,relational_between,vector,26,2018_1023516__event_001,0.5121104121208191,True
tokyo_51031_relational_between,51031,stress_test,relational_between,vector,27,2018_1023542__event_001,0.5055752992630005,True
tokyo_51031_relational_between,51031,stress_test,relational_between,vector,28,2018_1023510__event_001,0.5049906969070435,True
tokyo_51031_relational_between,51031,stress_test,relational_between,vector,29,2018_1023513__event_001,0.49468737840652466,True
tokyo_51031_relational_between,51031,stress_test,relational_between,vector,30,2018_1023537__event_004,0.4928905963897705,True
tokyo_51031_relational_between,51031,stress_test,relational_between,vector,31,2018_1023540__event_001,0.4900135397911072,True
tokyo_51031_relational_between,51031,stress_test,relational_between,vector,32,2018_1023542__event_004,0.4890264868736267,True
tokyo_51031_relational_between,51031,stress_test,relational_between,vector,33,2018_1023521__event_002,0.47615113854408264,True
tokyo_51031_relational_between,51031,stress_test,relational_between,vector,34,2018_1023522__event_002,0.47306835651397705,True
tokyo_51031_relational_between,51031,stress_test,relational_between,vector,35,2018_1023541__event_001,0.4707702100276947,True
tokyo_51031_relational_between,51031,stress_test,relational_between,vector,36,2018_1023543__event_002,0.46992290019989014,True
tokyo_51031_relational_between,51031,stress_test,relational_between,vector,37,2018_1023513__event_003,0.46763625741004944,True
tokyo_51031_relational_between,51031,stress_test,relational_between,vector,38,2018_1023524__event_002,0.46358421444892883,True
tokyo_51031_relational_between,51031,stress_test,relational_between,vector,39,2018_1023519__event_001,0.461978554725647,True
tokyo_51031_relational_between,51031,stress_test,relational_between,vector,40,2018_1023524__event_001,0.45956090092658997,True
tokyo_51031_relational_between,51031,stress_test,relational_between,vector,41,2018_1023532__event_002,0.45865297317504883,True
tokyo_51031_relational_between,51031,stress_test,relational_between,vector,42,2018_1023525__event_002,0.4513259530067444,True
tokyo_51031_relational_between,51031,stress_test,relational_between,vector,43,2018_1023522__event_001,0.44996821880340576,True
tokyo_51031_relational_between,51031,stress_test,relational_between,vector,44,2018_1023521__event_001,0.4487197995185852,True
tokyo_51031_relational_between,51031,stress_test,relational_between,vector,45,2018_1023527__event_001,0.44420796632766724,True
tokyo_51031_relational_between,51031,stress_test,relational_between,vector,46,2018_1023533__event_003,0.44182130694389343,True
tokyo_51031_relational_between,51031,stress_test,relational_between,vector,47,2018_1023519__event_002,0.4295099377632141,True
tokyo_51031_relational_between,51031,stress_test,relational_between,vector,48,2018_1023532__event_001,0.4241451621055603,True
tokyo_51031_relational_between,51031,stress_test,relational_between,vector,49,2018_1023527__event_002,0.4123070240020752,True
tokyo_51516_relational_between,51516,stress_test,relational_between,vector,1,2018_1033126__event_002,0.7414870858192444,False
tokyo_51516_relational_between,51516,stress_test,relational_between,vector,2,2018_1033007__event_001,0.7276530265808105,False
tokyo_51516_relational_between,51516,stress_test,relational_between,vector,3,2018_1033115__event_001,0.5994041562080383,False
tokyo_51516_relational_between,51516,stress_test,relational_between,vector,4,2018_1033040__event_001,0.5527932047843933,False
tokyo_51516_relational_between,51516,stress_test,relational_between,vector,5,2018_1033096__event_002,0.5439169406890869,False
tokyo_51516_relational_between,51516,stress_test,relational_between,vector,6,2018_1033044__event_002,0.5432553887367249,False
tokyo_51516_relational_between,51516,stress_test,relational_between,vector,7,2018_1033040__event_002,0.5382170081138611,False
tokyo_51516_relational_between,51516,stress_test,relational_between,vector,8,2018_1033014__event_002,0.5374512672424316,False
tokyo_51516_relational_between,51516,stress_test,relational_between,vector,9,2018_1033029__event_003,0.536998987197876,False
tokyo_51516_relational_between,51516,stress_test,relational_between,vector,10,2018_1033000__event_002,0.5336171388626099,False
tokyo_51516_relational_between,51516,stress_test,relational_between,vector,11,2018_1033126__event_003,0.5318261981010437,False
tokyo_51516_relational_between,51516,stress_test,relational_between,vector,12,2018_1033096__event_001,0.5302642583847046,False
tokyo_51516_relational_between,51516,stress_test,relational_between,vector,13,2018_1033044__event_001,0.5283935070037842,False
tokyo_51516_relational_between,51516,stress_test,relational_between,vector,14,2018_1033014__event_003,0.5236749649047852,False
tokyo_51516_relational_between,51516,stress_test,relational_between,vector,15,2018_1033064__event_002,0.5201705694198608,False
tokyo_51516_relational_between,51516,stress_test,relational_between,vector,16,2018_1033115__event_002,0.5144839286804199,False
tokyo_51516_relational_between,51516,stress_test,relational_between,vector,17,2018_1033029__event_001,0.5132942199707031,False
tokyo_51516_relational_between,51516,stress_test,relational_between,vector,18,2018_1033010__event_003,0.5087194442749023,False
tokyo_51516_relational_between,51516,stress_test,relational_between,vector,19,2018_1033010__event_001,0.506622314453125,False
tokyo_51516_relational_between,51516,stress_test,relational_between,vector,20,2018_1033114__event_002,0.5030105113983154,False
tokyo_51516_relational_between,51516,stress_test,relational_between,vector,21,2018_1033007__event_003,0.4905436038970947,False
tokyo_51516_relational_between,51516,stress_test,relational_between,vector,22,2018_1033029__event_002,0.4885067343711853,False
tokyo_51516_relational_between,51516,stress_test,relational_between,vector,23,2018_1033064__event_001,0.4869326055049896,False
tokyo_51516_relational_between,51516,stress_test,relational_between,vector,24,2018_1033007__event_004,0.4811263084411621,False
tokyo_51516_relational_between,51516,stress_test,relational_between,vector,25,2018_1033007__event_002,0.4798056483268738,False
tokyo_51516_relational_between,51516,stress_test,relational_between,vector,26,2018_1033126__event_001,0.4780935049057007,False
tokyo_51516_relational_between,51516,stress_test,relational_between,vector,27,2018_1033010__event_002,0.47186142206192017,False
tokyo_51516_relational_between,51516,stress_test,relational_between,vector,28,2018_1033014__event_001,0.451466828584671,False
tokyo_51516_relational_between,51516,stress_test,relational_between,vector,29,2018_1033126__event_004,0.4512917101383209,False
tokyo_51516_relational_between,51516,stress_test,relational_between,vector,30,2018_1033000__event_001,0.4382014870643616,False
tokyo_51516_relational_between,51516,stress_test,relational_between,vector,31,2018_1033058__event_001,0.4327916204929352,False
tokyo_51516_relational_between,51516,stress_test,relational_between,vector,32,2018_1033114__event_001,0.3765946626663208,False
tokyo_51516_relational_between,51516,stress_test,relational_between,vector,33,2018_1033058__event_002,0.35996896028518677,False
tokyo_52894_relational_between,52894,stress_test,relational_between,vector,1,2018_1058964__event_002,0.7107912302017212,False
tokyo_52894_relational_between,52894,stress_test,relational_between,vector,2,2018_1058982__event_001,0.5312431454658508,False
tokyo_52894_relational_between,52894,stress_test,relational_between,vector,3,2018_1058961__event_001,0.5101281404495239,False
tokyo_52894_relational_between,52894,stress_test,relational_between,vector,4,2018_1058961__event_002,0.5091069936752319,False
tokyo_52894_relational_between,52894,stress_test,relational_between,vector,5,2018_1058981__event_001,0.5080549120903015,False
tokyo_52894_relational_between,52894,stress_test,relational_between,vector,6,2018_1058977__event_001,0.502524733543396,False
tokyo_52894_relational_between,52894,stress_test,relational_between,vector,7,2018_1058953__event_001,0.501968264579773,False
tokyo_52894_relational_between,52894,stress_test,relational_between,vector,8,2018_1058967__event_002,0.4954425096511841,False
tokyo_52894_relational_between,52894,stress_test,relational_between,vector,9,2018_1058965__event_001,0.4898543357849121,False
tokyo_52894_relational_between,52894,stress_test,relational_between,vector,10,2018_1058978__event_001,0.4832055866718292,False
tokyo_52894_relational_between,52894,stress_test,relational_between,vector,11,2018_1058964__event_003,0.4794045090675354,False
tokyo_52894_relational_between,52894,stress_test,relational_between,vector,12,2018_1058985__event_002,0.4745444357395172,False
tokyo_52894_relational_between,52894,stress_test,relational_between,vector,13,2018_1058953__event_002,0.4740184247493744,False
tokyo_52894_relational_between,52894,stress_test,relational_between,vector,14,2018_1058958__event_001,0.47334060072898865,False
tokyo_52894_relational_between,52894,stress_test,relational_between,vector,15,2018_1058986__event_002,0.4559553265571594,False
tokyo_52894_relational_between,52894,stress_test,relational_between,vector,16,2018_1058964__event_001,0.4281871020793915,False
tokyo_52894_relational_between,52894,stress_test,relational_between,vector,17,2018_1058975__event_002,0.42612987756729126,False
tokyo_52894_relational_between,52894,stress_test,relational_between,vector,18,2018_1058975__event_001,0.4241259694099426,False
tokyo_52894_relational_between,52894,stress_test,relational_between,vector,19,2018_1058980__event_002,0.41158634424209595,False
tokyo_52894_relational_between,52894,stress_test,relational_between,vector,20,2018_1058956__event_001,0.41040509939193726,False
tokyo_52894_relational_between,52894,stress_test,relational_between,vector,21,2018_1058960__event_004,0.40311601758003235,False
tokyo_52894_relational_between,52894,stress_test,relational_between,vector,22,2018_1058977__event_002,0.3995048701763153,False
tokyo_52894_relational_between,52894,stress_test,relational_between,vector,23,2018_1058981__event_002,0.3854190409183502,False
tokyo_52894_relational_between,52894,stress_test,relational_between,vector,24,2018_1058965__event_002,0.38432228565216064,False
tokyo_52894_relational_between,52894,stress_test,relational_between,vector,25,2018_1058982__event_003,0.38405609130859375,False
tokyo_52894_relational_between,52894,stress_test,relational_between,vector,26,2018_1058982__event_002,0.38404399156570435,False
tokyo_52894_relational_between,52894,stress_test,relational_between,vector,27,2018_1058960__event_003,0.3740208148956299,False
tokyo_52894_relational_between,52894,stress_test,relational_between,vector,28,2018_1058972__event_001,0.3700621426105499,False
tokyo_52894_relational_between,52894,stress_test,relational_between,vector,29,2018_1058963__event_001,0.3700476288795471,False
tokyo_52894_relational_between,52894,stress_test,relational_between,vector,30,2018_1058986__event_003,0.36976566910743713,False
tokyo_52894_relational_between,52894,stress_test,relational_between,vector,31,2018_1058985__event_001,0.3659805953502655,False
tokyo_52894_relational_between,52894,stress_test,relational_between,vector,32,2018_1058972__event_002,0.3626285791397095,False
tokyo_52894_relational_between,52894,stress_test,relational_between,vector,33,2018_1058956__event_002,0.3524351716041565,False
tokyo_52894_relational_between,52894,stress_test,relational_between,vector,34,2018_1058967__event_001,0.3430243134498596,False
tokyo_52894_relational_between,52894,stress_test,relational_between,vector,35,2018_1058980__event_001,0.339371919631958,False
tokyo_52894_relational_between,52894,stress_test,relational_between,vector,36,2018_1058978__event_002,0.3233931064605713,False
tokyo_52894_relational_between,52894,stress_test,relational_between,vector,37,2018_1058963__event_002,0.31812697649002075,False
tokyo_52894_relational_between,52894,stress_test,relational_between,vector,38,2018_1058974__event_001,0.31106072664260864,False
tokyo_52894_relational_between,52894,stress_test,relational_between,vector,39,2018_1058958__event_002,0.3014788031578064,False
tokyo_52894_relational_between,52894,stress_test,relational_between,vector,40,2018_1058960__event_001,0.29340845346450806,False
tokyo_52894_relational_between,52894,stress_test,relational_between,vector,41,2018_1058986__event_001,0.26521533727645874,False
tokyo_52894_relational_between,52894,stress_test,relational_between,vector,42,2018_1058960__event_002,0.2588198184967041,False
tokyo_52894_relational_between,52894,stress_test,relational_between,vector,43,2018_1058974__event_002,0.2489132434129715,False
tokyo_53205_relational_between,53205,stress_test,relational_between,vector,1,2018_1065532__event_002,0.7411491870880127,False
tokyo_53205_relational_between,53205,stress_test,relational_between,vector,2,2018_1065515__event_002,0.7248866558074951,False
tokyo_53205_relational_between,53205,stress_test,relational_between,vector,3,2018_1065518__event_002,0.7226899862289429,False
tokyo_53205_relational_between,53205,stress_test,relational_between,vector,4,2018_1065532__event_003,0.7190820574760437,False
tokyo_53205_relational_between,53205,stress_test,relational_between,vector,5,2018_1065535__event_002,0.7136441469192505,False
tokyo_53205_relational_between,53205,stress_test,relational_between,vector,6,2018_1065513__event_002,0.7120134830474854,False
tokyo_53205_relational_between,53205,stress_test,relational_between,vector,7,2018_1065533__event_002,0.7117716073989868,False
tokyo_53205_relational_between,53205,stress_test,relational_between,vector,8,2018_1065503__event_001,0.7093205451965332,False
tokyo_53205_relational_between,53205,stress_test,relational_between,vector,9,2018_1065515__event_003,0.7083210945129395,False
tokyo_53205_relational_between,53205,stress_test,relational_between,vector,10,2018_1065520__event_001,0.708035945892334,False
tokyo_53205_relational_between,53205,stress_test,relational_between,vector,11,2018_1065535__event_001,0.6857735514640808,False
tokyo_53205_relational_between,53205,stress_test,relational_between,vector,12,2018_1065530__event_002,0.6843234300613403,False
tokyo_53205_relational_between,53205,stress_test,relational_between,vector,13,2018_1065518__event_004,0.6818378567695618,False
tokyo_53205_relational_between,53205,stress_test,relational_between,vector,14,2018_1065540__event_002,0.6802022457122803,False
tokyo_53205_relational_between,53205,stress_test,relational_between,vector,15,2018_1065530__event_001,0.6776840090751648,False
tokyo_53205_relational_between,53205,stress_test,relational_between,vector,16,2018_1065531__event_001,0.6627829074859619,False
tokyo_53205_relational_between,53205,stress_test,relational_between,vector,17,2018_1065540__event_003,0.6622330546379089,False
tokyo_53205_relational_between,53205,stress_test,relational_between,vector,18,2018_1065533__event_001,0.6574164032936096,False
tokyo_53205_relational_between,53205,stress_test,relational_between,vector,19,2018_1065518__event_001,0.657387375831604,False
tokyo_53205_relational_between,53205,stress_test,relational_between,vector,20,2018_1065501__event_003,0.6555598378181458,False
tokyo_53205_relational_between,53205,stress_test,relational_between,vector,21,2018_1065511__event_002,0.6497557759284973,False
tokyo_53205_relational_between,53205,stress_test,relational_between,vector,22,2018_1065504__event_001,0.6438980102539062,False
tokyo_53205_relational_between,53205,stress_test,relational_between,vector,23,2018_1065516__event_001,0.6352016925811768,False
tokyo_53205_relational_between,53205,stress_test,relational_between,vector,24,2018_1065530__event_003,0.6280468106269836,False
tokyo_53205_relational_between,53205,stress_test,relational_between,vector,25,2018_1065540__event_001,0.6270606517791748,False
tokyo_53205_relational_between,53205,stress_test,relational_between,vector,26,2018_1065516__event_002,0.6252992153167725,False
tokyo_53205_relational_between,53205,stress_test,relational_between,vector,27,2018_1065515__event_001,0.6114954948425293,False
tokyo_53205_relational_between,53205,stress_test,relational_between,vector,28,2018_1065536__event_002,0.6103355884552002,False
tokyo_53205_relational_between,53205,stress_test,relational_between,vector,29,2018_1065518__event_003,0.5999284982681274,False
tokyo_53205_relational_between,53205,stress_test,relational_between,vector,30,2018_1065531__event_002,0.595472514629364,False
tokyo_53205_relational_between,53205,stress_test,relational_between,vector,31,2018_1065501__event_002,0.5910061597824097,False
tokyo_53205_relational_between,53205,stress_test,relational_between,vector,32,2018_1065503__event_002,0.5774270296096802,False
tokyo_53205_relational_between,53205,stress_test,relational_between,vector,33,2018_1065513__event_001,0.5529053807258606,False
tokyo_53205_relational_between,53205,stress_test,relational_between,vector,34,2018_1065532__event_001,0.5520816445350647,False
tokyo_53205_relational_between,53205,stress_test,relational_between,vector,35,2018_1065530__event_004,0.5425523519515991,False
tokyo_53205_relational_between,53205,stress_test,relational_between,vector,36,2018_1065511__event_001,0.5235563516616821,False
tokyo_53205_relational_between,53205,stress_test,relational_between,vector,37,2018_1065501__event_001,0.5191463232040405,False
tokyo_53205_relational_between,53205,stress_test,relational_between,vector,38,2018_1065504__event_002,0.49352630972862244,False
tokyo_53205_relational_between,53205,stress_test,relational_between,vector,39,2018_1065536__event_001,0.4895237684249878,False
tokyo_53205_relational_between,53205,stress_test,relational_between,vector,40,2018_1065520__event_002,0.48787274956703186,False
tokyo_53405_relational_between,53405,stress_test,relational_between,vector,1,2018_1069036__event_002,0.7622129917144775,False
tokyo_53405_relational_between,53405,stress_test,relational_between,vector,2,2018_1069059__event_002,0.5575125813484192,False
tokyo_53405_relational_between,53405,stress_test,relational_between,vector,3,2018_1068990__event_002,0.5543386340141296,False
tokyo_53405_relational_between,53405,stress_test,relational_between,vector,4,2018_1069001__event_001,0.5314531922340393,False
tokyo_53405_relational_between,53405,stress_test,relational_between,vector,5,2018_1069091__event_001,0.5250918865203857,False
tokyo_53405_relational_between,53405,stress_test,relational_between,vector,6,2018_1069067__event_002,0.5157522559165955,False
tokyo_53405_relational_between,53405,stress_test,relational_between,vector,7,2018_1069036__event_003,0.50676429271698,False
tokyo_53405_relational_between,53405,stress_test,relational_between,vector,8,2018_1068990__event_001,0.506360650062561,False
tokyo_53405_relational_between,53405,stress_test,relational_between,vector,9,2018_1068990__event_003,0.5046659708023071,False
tokyo_53405_relational_between,53405,stress_test,relational_between,vector,10,2018_1069059__event_003,0.47940704226493835,False
tokyo_53405_relational_between,53405,stress_test,relational_between,vector,11,2018_1069003__event_002,0.47907593846321106,False
tokyo_53405_relational_between,53405,stress_test,relational_between,vector,12,2018_1069059__event_001,0.47907453775405884,False
tokyo_53405_relational_between,53405,stress_test,relational_between,vector,13,2018_1069001__event_002,0.4769635498523712,False
tokyo_53405_relational_between,53405,stress_test,relational_between,vector,14,2018_1068997__event_001,0.47271794080734253,False
tokyo_53405_relational_between,53405,stress_test,relational_between,vector,15,2018_1069036__event_001,0.46549102663993835,False
tokyo_53405_relational_between,53405,stress_test,relational_between,vector,16,2018_1068997__event_002,0.46458756923675537,False
tokyo_53405_relational_between,53405,stress_test,relational_between,vector,17,2018_1069091__event_002,0.4634877145290375,False
tokyo_53405_relational_between,53405,stress_test,relational_between,vector,18,2018_1069067__event_004,0.4623642861843109,False
tokyo_53405_relational_between,53405,stress_test,relational_between,vector,19,2018_1069003__event_003,0.4586031138896942,False
tokyo_53405_relational_between,53405,stress_test,relational_between,vector,20,2018_1069003__event_001,0.4555817246437073,False
tokyo_53405_relational_between,53405,stress_test,relational_between,vector,21,2018_1069024__event_002,0.44590234756469727,False
tokyo_53405_relational_between,53405,stress_test,relational_between,vector,22,2018_1069024__event_001,0.44061246514320374,False
tokyo_53405_relational_between,53405,stress_test,relational_between,vector,23,2018_1069067__event_003,0.42410334944725037,False
tokyo_53405_relational_between,53405,stress_test,relational_between,vector,24,2018_1069013__event_002,0.42221999168395996,False
tokyo_53405_relational_between,53405,stress_test,relational_between,vector,25,2018_1069013__event_001,0.3552267253398895,False
tokyo_53405_relational_between,53405,stress_test,relational_between,vector,26,2018_1069067__event_001,0.32765403389930725,False
tokyo_55985_relational_between,55985,stress_test,relational_between,vector,1,2018_1115811__event_002,0.7344923615455627,False
tokyo_55985_relational_between,55985,stress_test,relational_between,vector,2,2018_1115820__event_002,0.679800808429718,False
tokyo_55985_relational_between,55985,stress_test,relational_between,vector,3,2018_1115823__event_001,0.6476901769638062,False
tokyo_55985_relational_between,55985,stress_test,relational_between,vector,4,2018_1115817__event_001,0.6386706829071045,False
tokyo_55985_relational_between,55985,stress_test,relational_between,vector,5,2018_1115813__event_002,0.6281557083129883,False
tokyo_55985_relational_between,55985,stress_test,relational_between,vector,6,2018_1115818__event_003,0.6233173608779907,False
tokyo_55985_relational_between,55985,stress_test,relational_between,vector,7,2018_1115809__event_002,0.6218036413192749,False
tokyo_55985_relational_between,55985,stress_test,relational_between,vector,8,2018_1115816__event_002,0.6167207360267639,False
tokyo_55985_relational_between,55985,stress_test,relational_between,vector,9,2018_1115814__event_004,0.6157251000404358,False
tokyo_55985_relational_between,55985,stress_test,relational_between,vector,10,2018_1115814__event_001,0.6143168210983276,False
tokyo_55985_relational_between,55985,stress_test,relational_between,vector,11,2018_1115829__event_002,0.6079148650169373,False
tokyo_55985_relational_between,55985,stress_test,relational_between,vector,12,2018_1115810__event_001,0.6039361953735352,False
tokyo_55985_relational_between,55985,stress_test,relational_between,vector,13,2018_1115830__event_001,0.6039224863052368,False
tokyo_55985_relational_between,55985,stress_test,relational_between,vector,14,2018_1115830__event_002,0.6010627746582031,False
tokyo_55985_relational_between,55985,stress_test,relational_between,vector,15,2018_1115828__event_002,0.5895652770996094,False
tokyo_55985_relational_between,55985,stress_test,relational_between,vector,16,2018_1115810__event_002,0.5884332060813904,False
tokyo_55985_relational_between,55985,stress_test,relational_between,vector,17,2018_1115814__event_003,0.5882230997085571,False
tokyo_55985_relational_between,55985,stress_test,relational_between,vector,18,2018_1115818__event_002,0.5874450206756592,False
tokyo_55985_relational_between,55985,stress_test,relational_between,vector,19,2018_1115811__event_001,0.5824381113052368,False
tokyo_55985_relational_between,55985,stress_test,relational_between,vector,20,2018_1115813__event_001,0.5758975148200989,False
tokyo_55985_relational_between,55985,stress_test,relational_between,vector,21,2018_1115809__event_001,0.5657243728637695,False
tokyo_55985_relational_between,55985,stress_test,relational_between,vector,22,2018_1115818__event_001,0.5582718849182129,False
tokyo_55985_relational_between,55985,stress_test,relational_between,vector,23,2018_1115817__event_002,0.5442107319831848,False
tokyo_55985_relational_between,55985,stress_test,relational_between,vector,24,2018_1115814__event_002,0.5242303609848022,False
tokyo_55985_relational_between,55985,stress_test,relational_between,vector,25,2018_1115823__event_002,0.47471925616264343,False
tokyo_55985_relational_between,55985,stress_test,relational_between,vector,26,2018_1115811__event_003,0.4484345614910126,False
tokyo_55985_relational_between,55985,stress_test,relational_between,vector,27,2018_1115829__event_001,0.41973674297332764,False
tokyo_55985_relational_between,55985,stress_test,relational_between,vector,28,2018_1115816__event_001,0.41689085960388184,False
tokyo_55985_relational_between,55985,stress_test,relational_between,vector,29,2018_1115820__event_001,0.41438567638397217,False
tokyo_55985_relational_between,55985,stress_test,relational_between,vector,30,2018_1115828__event_001,0.4069770574569702,False
tokyo_59554_relational_between,59554,stress_test,relational_between,vector,1,2018_1176852__event_002,0.6860682964324951,False
tokyo_59554_relational_between,59554,stress_test,relational_between,vector,2,2018_1176829__event_001,0.6431121826171875,False
tokyo_59554_relational_between,59554,stress_test,relational_between,vector,3,2018_1176864__event_001,0.6396156549453735,False
tokyo_59554_relational_between,59554,stress_test,relational_between,vector,4,2018_1176840__event_001,0.6338882446289062,False
tokyo_59554_relational_between,59554,stress_test,relational_between,vector,5,2018_1176879__event_001,0.6184144020080566,False
tokyo_59554_relational_between,59554,stress_test,relational_between,vector,6,2018_1176852__event_001,0.6178871393203735,False
tokyo_59554_relational_between,59554,stress_test,relational_between,vector,7,2018_1176858__event_001,0.6166951656341553,False
tokyo_59554_relational_between,59554,stress_test,relational_between,vector,8,2018_1176835__event_001,0.6132118701934814,False
tokyo_59554_relational_between,59554,stress_test,relational_between,vector,9,2018_1176901__event_001,0.6128053665161133,False
tokyo_59554_relational_between,59554,stress_test,relational_between,vector,10,2018_1176782__event_001,0.6091461181640625,False
tokyo_59554_relational_between,59554,stress_test,relational_between,vector,11,2018_1176890__event_002,0.6090319156646729,False
tokyo_59554_relational_between,59554,stress_test,relational_between,vector,12,2018_1176853__event_002,0.5125813484191895,False
tokyo_59554_relational_between,59554,stress_test,relational_between,vector,13,2018_1176864__event_002,0.49500349164009094,False
tokyo_59554_relational_between,59554,stress_test,relational_between,vector,14,2018_1176879__event_002,0.49045923352241516,False
tokyo_59554_relational_between,59554,stress_test,relational_between,vector,15,2018_1176890__event_001,0.48907947540283203,False
tokyo_59554_relational_between,59554,stress_test,relational_between,vector,16,2018_1176901__event_002,0.488579124212265,False
tokyo_59554_relational_between,59554,stress_test,relational_between,vector,17,2018_1176852__event_003,0.4769337475299835,False
tokyo_59554_relational_between,59554,stress_test,relational_between,vector,18,2018_1176829__event_002,0.47542208433151245,False
tokyo_59554_relational_between,59554,stress_test,relational_between,vector,19,2018_1176782__event_002,0.47145065665245056,False
tokyo_59554_relational_between,59554,stress_test,relational_between,vector,20,2018_1176835__event_002,0.47022610902786255,False
tokyo_59554_relational_between,59554,stress_test,relational_between,vector,21,2018_1176858__event_002,0.46687108278274536,False
tokyo_59554_relational_between,59554,stress_test,relational_between,vector,22,2018_1176840__event_002,0.455918550491333,False
tokyo_59554_relational_between,59554,stress_test,relational_between,vector,23,2018_1176853__event_001,0.43526461720466614,False
tokyo_60393_relational_between,60393,stress_test,relational_between,vector,1,2018_1190567__event_002,0.7265235185623169,True
tokyo_60393_relational_between,60393,stress_test,relational_between,vector,2,2018_1190503__event_004,0.707646369934082,True
tokyo_60393_relational_between,60393,stress_test,relational_between,vector,3,2018_1190549__event_003,0.6873199939727783,True
tokyo_60393_relational_between,60393,stress_test,relational_between,vector,4,2018_1190567__event_001,0.6677995920181274,True
tokyo_60393_relational_between,60393,stress_test,relational_between,vector,5,2018_1190493__event_002,0.6570613384246826,True
tokyo_60393_relational_between,60393,stress_test,relational_between,vector,6,2018_1190496__event_007,0.640587568283081,True
tokyo_60393_relational_between,60393,stress_test,relational_between,vector,7,2018_1190499__event_004,0.6404093503952026,True
tokyo_60393_relational_between,60393,stress_test,relational_between,vector,8,2018_1190501__event_001,0.6375392079353333,True
tokyo_60393_relational_between,60393,stress_test,relational_between,vector,9,2018_1190485__event_001,0.6347478628158569,True
tokyo_60393_relational_between,60393,stress_test,relational_between,vector,10,2018_1190512__event_002,0.6155149936676025,True
tokyo_60393_relational_between,60393,stress_test,relational_between,vector,11,2018_1190493__event_003,0.6147997379302979,True
tokyo_60393_relational_between,60393,stress_test,relational_between,vector,12,2018_1190508__event_003,0.6054723262786865,True
tokyo_60393_relational_between,60393,stress_test,relational_between,vector,13,2018_1190549__event_004,0.5972000956535339,True
tokyo_60393_relational_between,60393,stress_test,relational_between,vector,14,2018_1190539__event_006,0.592731237411499,True
tokyo_60393_relational_between,60393,stress_test,relational_between,vector,15,2018_1190495__event_003,0.5920299887657166,True
tokyo_60393_relational_between,60393,stress_test,relational_between,vector,16,2018_1190499__event_005,0.5790708065032959,True
tokyo_60393_relational_between,60393,stress_test,relational_between,vector,17,2018_1190549__event_002,0.5761906504631042,True
tokyo_60393_relational_between,60393,stress_test,relational_between,vector,18,2018_1190499__event_003,0.5747067928314209,True
tokyo_60393_relational_between,60393,stress_test,relational_between,vector,19,2018_1190498__event_001,0.5742990374565125,True
tokyo_60393_relational_between,60393,stress_test,relational_between,vector,20,2018_1190539__event_010,0.5732576847076416,True
tokyo_60393_relational_between,60393,stress_test,relational_between,vector,21,2018_1190539__event_004,0.5708820223808289,True
tokyo_60393_relational_between,60393,stress_test,relational_between,vector,22,2018_1190543__event_003,0.5698196887969971,True
tokyo_60393_relational_between,60393,stress_test,relational_between,vector,23,2018_1190542__event_003,0.5696398615837097,True
tokyo_60393_relational_between,60393,stress_test,relational_between,vector,24,2018_1190508__event_004,0.5695247650146484,True
tokyo_60393_relational_between,60393,stress_test,relational_between,vector,25,2018_1190508__event_002,0.5661256313323975,True
tokyo_60393_relational_between,60393,stress_test,relational_between,vector,26,2018_1190496__event_004,0.556786298751831,True
tokyo_60393_relational_between,60393,stress_test,relational_between,vector,27,2018_1190583__event_004,0.5567814111709595,True
tokyo_60393_relational_between,60393,stress_test,relational_between,vector,28,2018_1190496__event_006,0.5560513734817505,True
tokyo_60393_relational_between,60393,stress_test,relational_between,vector,29,2018_1190475__event_006,0.5536649227142334,True
tokyo_60393_relational_between,60393,stress_test,relational_between,vector,30,2018_1190503__event_005,0.549069881439209,True
tokyo_60393_relational_between,60393,stress_test,relational_between,vector,31,2018_1190547__event_002,0.547634482383728,True
tokyo_60393_relational_between,60393,stress_test,relational_between,vector,32,2018_1190539__event_005,0.5436704158782959,True
tokyo_60393_relational_between,60393,stress_test,relational_between,vector,33,2018_1190485__event_002,0.5358344316482544,True
tokyo_60393_relational_between,60393,stress_test,relational_between,vector,34,2018_1190496__event_003,0.5352858901023865,True
tokyo_60393_relational_between,60393,stress_test,relational_between,vector,35,2018_1190539__event_009,0.5321354269981384,True
tokyo_60393_relational_between,60393,stress_test,relational_between,vector,36,2018_1190486__event_003,0.5286966562271118,True
tokyo_60393_relational_between,60393,stress_test,relational_between,vector,37,2018_1190529__event_002,0.5256744623184204,True
tokyo_60393_relational_between,60393,stress_test,relational_between,vector,38,2018_1190522__event_003,0.5245109796524048,True
tokyo_60393_relational_between,60393,stress_test,relational_between,vector,39,2018_1190508__event_001,0.5219204425811768,True
tokyo_60393_relational_between,60393,stress_test,relational_between,vector,40,2018_1190510__event_004,0.5176398158073425,True
tokyo_60393_relational_between,60393,stress_test,relational_between,vector,41,2018_1190493__event_001,0.5142567157745361,True
tokyo_60393_relational_between,60393,stress_test,relational_between,vector,42,2018_1190541__event_001,0.5124777555465698,True
tokyo_60393_relational_between,60393,stress_test,relational_between,vector,43,2018_1190515__event_002,0.5110547542572021,True
tokyo_60393_relational_between,60393,stress_test,relational_between,vector,44,2018_1190490__event_002,0.5098310112953186,True
tokyo_60393_relational_between,60393,stress_test,relational_between,vector,45,2018_1190483__event_002,0.5083937644958496,True
tokyo_60393_relational_between,60393,stress_test,relational_between,vector,46,2018_1190498__event_002,0.5069236755371094,True
tokyo_60393_relational_between,60393,stress_test,relational_between,vector,47,2018_1190482__event_002,0.5055885314941406,True
tokyo_60393_relational_between,60393,stress_test,relational_between,vector,48,2018_1190540__event_002,0.5054689645767212,True
tokyo_60393_relational_between,60393,stress_test,relational_between,vector,49,2018_1190489__event_002,0.505219578742981,True
tokyo_60393_relational_between,60393,stress_test,relational_between,vector,50,2018_1190503__event_003,0.5019331574440002,True
tokyo_60393_relational_between,60393,stress_test,relational_between,vector,51,2018_1190480__event_001,0.49791669845581055,True
tokyo_60393_relational_between,60393,stress_test,relational_between,vector,52,2018_1190491__event_002,0.48992887139320374,True
tokyo_60393_relational_between,60393,stress_test,relational_between,vector,53,2018_1190496__event_005,0.48731857538223267,True
tokyo_60393_relational_between,60393,stress_test,relational_between,vector,54,2018_1190540__event_003,0.48565012216567993,True
tokyo_60393_relational_between,60393,stress_test,relational_between,vector,55,2018_1190532__event_003,0.4834926128387451,True
tokyo_60393_relational_between,60393,stress_test,relational_between,vector,56,2018_1190487__event_002,0.48254072666168213,True
tokyo_60393_relational_between,60393,stress_test,relational_between,vector,57,2018_1190475__event_004,0.48128607869148254,True
tokyo_60393_relational_between,60393,stress_test,relational_between,vector,58,2018_1190490__event_004,0.48103809356689453,True
tokyo_60393_relational_between,60393,stress_test,relational_between,vector,59,2018_1190516__event_001,0.4803484380245209,True
tokyo_60393_relational_between,60393,stress_test,relational_between,vector,60,2018_1190577__event_003,0.47898584604263306,True
tokyo_60393_relational_between,60393,stress_test,relational_between,vector,61,2018_1190539__event_007,0.4778154492378235,True
tokyo_60393_relational_between,60393,stress_test,relational_between,vector,62,2018_1190495__event_004,0.4714853763580322,True
tokyo_60393_relational_between,60393,stress_test,relational_between,vector,63,2018_1190499__event_002,0.47007256746292114,True
tokyo_60393_relational_between,60393,stress_test,relational_between,vector,64,2018_1190512__event_004,0.46675175428390503,True
tokyo_60393_relational_between,60393,stress_test,relational_between,vector,65,2018_1190512__event_003,0.4664750099182129,True
tokyo_60393_relational_between,60393,stress_test,relational_between,vector,66,2018_1190547__event_001,0.4635872542858124,True
tokyo_60393_relational_between,60393,stress_test,relational_between,vector,67,2018_1190532__event_001,0.46082210540771484,True
tokyo_60393_relational_between,60393,stress_test,relational_between,vector,68,2018_1190539__event_008,0.4600614309310913,True
tokyo_60393_relational_between,60393,stress_test,relational_between,vector,69,2018_1190562__event_002,0.45725756883621216,True
tokyo_60393_relational_between,60393,stress_test,relational_between,vector,70,2018_1190553__event_002,0.4531093239784241,True
tokyo_60393_relational_between,60393,stress_test,relational_between,vector,71,2018_1190512__event_001,0.4525447189807892,True
tokyo_60393_relational_between,60393,stress_test,relational_between,vector,72,2018_1190539__event_011,0.4496527910232544,True
tokyo_60393_relational_between,60393,stress_test,relational_between,vector,73,2018_1190512__event_006,0.4487321972846985,True
tokyo_60393_relational_between,60393,stress_test,relational_between,vector,74,2018_1190539__event_001,0.44841575622558594,True
tokyo_60393_relational_between,60393,stress_test,relational_between,vector,75,2018_1190499__event_006,0.44781267642974854,True
tokyo_60393_relational_between,60393,stress_test,relational_between,vector,76,2018_1190492__event_001,0.4453107416629791,True
tokyo_60393_relational_between,60393,stress_test,relational_between,vector,77,2018_1190515__event_001,0.4453050494194031,True
tokyo_60393_relational_between,60393,stress_test,relational_between,vector,78,2018_1190503__event_006,0.44302040338516235,True
tokyo_60393_relational_between,60393,stress_test,relational_between,vector,79,2018_1190533__event_002,0.4424625039100647,True
tokyo_60393_relational_between,60393,stress_test,relational_between,vector,80,2018_1190494__event_002,0.43653303384780884,True
tokyo_60393_relational_between,60393,stress_test,relational_between,vector,81,2018_1190499__event_001,0.4356898069381714,True
tokyo_60393_relational_between,60393,stress_test,relational_between,vector,82,2018_1190577__event_002,0.43153494596481323,True
tokyo_60393_relational_between,60393,stress_test,relational_between,vector,83,2018_1190539__event_003,0.43008992075920105,True
tokyo_60393_relational_between,60393,stress_test,relational_between,vector,84,2018_1190583__event_003,0.42963549494743347,True
tokyo_60393_relational_between,60393,stress_test,relational_between,vector,85,2018_1190523__event_001,0.42920970916748047,True
tokyo_60393_relational_between,60393,stress_test,relational_between,vector,86,2018_1190541__event_002,0.42872482538223267,True
tokyo_60393_relational_between,60393,stress_test,relational_between,vector,87,2018_1190510__event_002,0.4280417561531067,True
tokyo_60393_relational_between,60393,stress_test,relational_between,vector,88,2018_1190501__event_002,0.4206276535987854,True
tokyo_60393_relational_between,60393,stress_test,relational_between,vector,89,2018_1190511__event_002,0.4195202589035034,True
tokyo_60393_relational_between,60393,stress_test,relational_between,vector,90,2018_1190490__event_003,0.4193298816680908,True
tokyo_60393_relational_between,60393,stress_test,relational_between,vector,91,2018_1190518__event_004,0.4160091280937195,True
tokyo_60393_relational_between,60393,stress_test,relational_between,vector,92,2018_1190492__event_002,0.4122878909111023,True
tokyo_60393_relational_between,60393,stress_test,relational_between,vector,93,2018_1190522__event_002,0.40834733843803406,True
tokyo_60393_relational_between,60393,stress_test,relational_between,vector,94,2018_1190562__event_003,0.40684449672698975,True
tokyo_60393_relational_between,60393,stress_test,relational_between,vector,95,2018_1190512__event_005,0.40180325508117676,True
tokyo_60393_relational_between,60393,stress_test,relational_between,vector,96,2018_1190532__event_004,0.3995875418186188,True
tokyo_60393_relational_between,60393,stress_test,relational_between,vector,97,2018_1190482__event_001,0.39744287729263306,True
tokyo_60393_relational_between,60393,stress_test,relational_between,vector,98,2018_1190542__event_004,0.3955473303794861,True
tokyo_60393_relational_between,60393,stress_test,relational_between,vector,99,2018_1190581__event_002,0.3953891694545746,True
tokyo_60393_relational_between,60393,stress_test,relational_between,vector,100,2018_1190543__event_002,0.39312246441841125,True
tokyo_60393_relational_between,60393,stress_test,relational_between,vector,101,2018_1190533__event_001,0.39166122674942017,True
tokyo_60393_relational_between,60393,stress_test,relational_between,vector,102,2018_1190553__event_001,0.3911484181880951,True
tokyo_60393_relational_between,60393,stress_test,relational_between,vector,103,2018_1190475__event_001,0.39016836881637573,True
tokyo_60393_relational_between,60393,stress_test,relational_between,vector,104,2018_1190483__event_001,0.3892251253128052,True
tokyo_60393_relational_between,60393,stress_test,relational_between,vector,105,2018_1190543__event_001,0.38776761293411255,True
tokyo_60393_relational_between,60393,stress_test,relational_between,vector,106,2018_1190549__event_005,0.387179970741272,True
tokyo_60393_relational_between,60393,stress_test,relational_between,vector,107,2018_1190494__event_003,0.3868285119533539,True
tokyo_60393_relational_between,60393,stress_test,relational_between,vector,108,2018_1190516__event_002,0.386170893907547,True
tokyo_60393_relational_between,60393,stress_test,relational_between,vector,109,2018_1190583__event_002,0.38612186908721924,True
tokyo_60393_relational_between,60393,stress_test,relational_between,vector,110,2018_1190556__event_002,0.38593554496765137,True
tokyo_60393_relational_between,60393,stress_test,relational_between,vector,111,2018_1190518__event_002,0.38577038049697876,True
tokyo_60393_relational_between,60393,stress_test,relational_between,vector,112,2018_1190478__event_001,0.3857419788837433,True
tokyo_60393_relational_between,60393,stress_test,relational_between,vector,113,2018_1190490__event_001,0.38286834955215454,True
tokyo_60393_relational_between,60393,stress_test,relational_between,vector,114,2018_1190519__event_001,0.38261890411376953,True
tokyo_60393_relational_between,60393,stress_test,relational_between,vector,115,2018_1190529__event_001,0.38182517886161804,True
tokyo_60393_relational_between,60393,stress_test,relational_between,vector,116,2018_1190480__event_003,0.3817632794380188,True
tokyo_60393_relational_between,60393,stress_test,relational_between,vector,117,2018_1190518__event_001,0.38148385286331177,True
tokyo_60393_relational_between,60393,stress_test,relational_between,vector,118,2018_1190542__event_002,0.3786366879940033,True
tokyo_60393_relational_between,60393,stress_test,relational_between,vector,119,2018_1190581__event_001,0.3784748315811157,True
tokyo_60393_relational_between,60393,stress_test,relational_between,vector,120,2018_1190506__event_002,0.3758429288864136,True
tokyo_60393_relational_between,60393,stress_test,relational_between,vector,121,2018_1190475__event_002,0.375619113445282,True
tokyo_60393_relational_between,60393,stress_test,relational_between,vector,122,2018_1190562__event_001,0.37551409006118774,True
tokyo_60393_relational_between,60393,stress_test,relational_between,vector,123,2018_1190540__event_004,0.37505000829696655,True
tokyo_60393_relational_between,60393,stress_test,relational_between,vector,124,2018_1190523__event_002,0.37462544441223145,True
tokyo_60393_relational_between,60393,stress_test,relational_between,vector,125,2018_1190556__event_001,0.37391653656959534,True
tokyo_60393_relational_between,60393,stress_test,relational_between,vector,126,2018_1190545__event_002,0.3727700114250183,True
tokyo_60393_relational_between,60393,stress_test,relational_between,vector,127,2018_1190476__event_001,0.37219420075416565,True
tokyo_60393_relational_between,60393,stress_test,relational_between,vector,128,2018_1190540__event_005,0.3719955384731293,True
tokyo_60393_relational_between,60393,stress_test,relational_between,vector,129,2018_1190583__event_001,0.37193310260772705,True
tokyo_60393_relational_between,60393,stress_test,relational_between,vector,130,2018_1190479__event_002,0.3715254068374634,True
tokyo_60393_relational_between,60393,stress_test,relational_between,vector,131,2018_1190543__event_004,0.3704562187194824,True
tokyo_60393_relational_between,60393,stress_test,relational_between,vector,132,2018_1190518__event_003,0.370401531457901,True
tokyo_60393_relational_between,60393,stress_test,relational_between,vector,133,2018_1190475__event_003,0.3699004650115967,True
tokyo_60393_relational_between,60393,stress_test,relational_between,vector,134,2018_1190496__event_002,0.36976951360702515,True
tokyo_60393_relational_between,60393,stress_test,relational_between,vector,135,2018_1190539__event_002,0.36938905715942383,True
tokyo_60393_relational_between,60393,stress_test,relational_between,vector,136,2018_1190540__event_001,0.3692493438720703,True
tokyo_60393_relational_between,60393,stress_test,relational_between,vector,137,2018_1190581__event_004,0.36908847093582153,True
tokyo_60393_relational_between,60393,stress_test,relational_between,vector,138,2018_1190475__event_005,0.36841684579849243,True
tokyo_60393_relational_between,60393,stress_test,relational_between,vector,139,2018_1190581__event_003,0.3682422637939453,True
tokyo_60393_relational_between,60393,stress_test,relational_between,vector,140,2018_1190493__event_004,0.3681296706199646,True
tokyo_60393_relational_between,60393,stress_test,relational_between,vector,141,2018_1190510__event_001,0.3671371042728424,True
tokyo_60393_relational_between,60393,stress_test,relational_between,vector,142,2018_1190510__event_003,0.3641221821308136,True
tokyo_60393_relational_between,60393,stress_test,relational_between,vector,143,2018_1190495__event_001,0.36373576521873474,True
tokyo_60393_relational_between,60393,stress_test,relational_between,vector,144,2018_1190486__event_002,0.36316224932670593,True
tokyo_60393_relational_between,60393,stress_test,relational_between,vector,145,2018_1190503__event_001,0.36225205659866333,True
tokyo_60393_relational_between,60393,stress_test,relational_between,vector,146,2018_1190511__event_001,0.3606962561607361,True
tokyo_60393_relational_between,60393,stress_test,relational_between,vector,147,2018_1190478__event_002,0.3589881360530853,True
tokyo_60393_relational_between,60393,stress_test,relational_between,vector,148,2018_1190532__event_002,0.3586771488189697,True
tokyo_60393_relational_between,60393,stress_test,relational_between,vector,149,2018_1190489__event_001,0.3585529923439026,True
tokyo_60393_relational_between,60393,stress_test,relational_between,vector,150,2018_1190542__event_001,0.35826459527015686,True
tokyo_60393_relational_between,60393,stress_test,relational_between,vector,151,2018_1190522__event_001,0.356871098279953,True
tokyo_60393_relational_between,60393,stress_test,relational_between,vector,152,2018_1190503__event_002,0.35661861300468445,True
tokyo_60393_relational_between,60393,stress_test,relational_between,vector,153,2018_1190549__event_001,0.3564184904098511,True
tokyo_60393_relational_between,60393,stress_test,relational_between,vector,154,2018_1190486__event_001,0.3558574914932251,True
tokyo_60393_relational_between,60393,stress_test,relational_between,vector,155,2018_1190480__event_002,0.35567331314086914,True
tokyo_60393_relational_between,60393,stress_test,relational_between,vector,156,2018_1190577__event_001,0.3530471920967102,True
tokyo_60393_relational_between,60393,stress_test,relational_between,vector,157,2018_1190496__event_001,0.35233113169670105,True
tokyo_60393_relational_between,60393,stress_test,relational_between,vector,158,2018_1190476__event_002,0.3497394621372223,True
tokyo_60393_relational_between,60393,stress_test,relational_between,vector,159,2018_1190486__event_004,0.3484840393066406,True
tokyo_60393_relational_between,60393,stress_test,relational_between,vector,160,2018_1190516__event_003,0.3479893207550049,True
tokyo_60393_relational_between,60393,stress_test,relational_between,vector,161,2018_1190506__event_001,0.34376686811447144,True
tokyo_60393_relational_between,60393,stress_test,relational_between,vector,162,2018_1190495__event_002,0.34351757168769836,True
tokyo_60393_relational_between,60393,stress_test,relational_between,vector,163,2018_1190491__event_001,0.34082043170928955,True
tokyo_60393_relational_between,60393,stress_test,relational_between,vector,164,2018_1190491__event_003,0.3405027389526367,True
tokyo_60393_relational_between,60393,stress_test,relational_between,vector,165,2018_1190494__event_001,0.3393959701061249,True
tokyo_60393_relational_between,60393,stress_test,relational_between,vector,166,2018_1190545__event_001,0.33657175302505493,True
tokyo_60393_relational_between,60393,stress_test,relational_between,vector,167,2018_1190479__event_001,0.33645161986351013,True
tokyo_60393_relational_between,60393,stress_test,relational_between,vector,168,2018_1190519__event_002,0.33454060554504395,True
tokyo_60393_relational_between,60393,stress_test,relational_between,vector,169,2018_1190487__event_001,0.32612285017967224,True
tokyo_60393_relational_between,60393,stress_test,relational_between,vector,170,2018_1190476__event_003,0.322033166885376,True
tokyo_70564_relational_between,70564,stress_test,relational_between,vector,1,2018_1332686__event_002,0.7842507362365723,True
tokyo_70564_relational_between,70564,stress_test,relational_between,vector,2,2018_1332713__event_001,0.7542564868927002,True
tokyo_70564_relational_between,70564,stress_test,relational_between,vector,3,2018_1332649__event_002,0.7279022932052612,True
tokyo_70564_relational_between,70564,stress_test,relational_between,vector,4,2018_1332632__event_002,0.718386173248291,True
tokyo_70564_relational_between,70564,stress_test,relational_between,vector,5,2018_1332669__event_001,0.7159644365310669,True
tokyo_70564_relational_between,70564,stress_test,relational_between,vector,6,2018_1332608__event_002,0.7156294584274292,True
tokyo_70564_relational_between,70564,stress_test,relational_between,vector,7,2018_1332644__event_001,0.7144517302513123,True
tokyo_70564_relational_between,70564,stress_test,relational_between,vector,8,2018_1332640__event_002,0.7083436846733093,True
tokyo_70564_relational_between,70564,stress_test,relational_between,vector,9,2018_1332660__event_002,0.7051925659179688,True
tokyo_70564_relational_between,70564,stress_test,relational_between,vector,10,2018_1332660__event_003,0.7008829116821289,True
tokyo_70564_relational_between,70564,stress_test,relational_between,vector,11,2018_1332608__event_003,0.6983203887939453,True
tokyo_70564_relational_between,70564,stress_test,relational_between,vector,12,2018_1332643__event_002,0.6981115341186523,True
tokyo_70564_relational_between,70564,stress_test,relational_between,vector,13,2018_1332608__event_001,0.6794834733009338,True
tokyo_70564_relational_between,70564,stress_test,relational_between,vector,14,2018_1332657__event_002,0.6792924404144287,True
tokyo_70564_relational_between,70564,stress_test,relational_between,vector,15,2018_1332686__event_004,0.6663557291030884,True
tokyo_70564_relational_between,70564,stress_test,relational_between,vector,16,2018_1332611__event_002,0.6628709435462952,True
tokyo_70564_relational_between,70564,stress_test,relational_between,vector,17,2018_1332627__event_001,0.6614946722984314,True
tokyo_70564_relational_between,70564,stress_test,relational_between,vector,18,2018_1332628__event_001,0.6564220786094666,True
tokyo_70564_relational_between,70564,stress_test,relational_between,vector,19,2018_1332611__event_001,0.643835186958313,True
tokyo_70564_relational_between,70564,stress_test,relational_between,vector,20,2018_1332622__event_003,0.6415964365005493,True
tokyo_70564_relational_between,70564,stress_test,relational_between,vector,21,2018_1332670__event_003,0.6412556171417236,True
tokyo_70564_relational_between,70564,stress_test,relational_between,vector,22,2018_1332686__event_001,0.6395447254180908,True
tokyo_70564_relational_between,70564,stress_test,relational_between,vector,23,2018_1332618__event_001,0.6389237642288208,True
tokyo_70564_relational_between,70564,stress_test,relational_between,vector,24,2018_1332669__event_002,0.6387101411819458,True
tokyo_70564_relational_between,70564,stress_test,relational_between,vector,25,2018_1332611__event_003,0.634070873260498,True
tokyo_70564_relational_between,70564,stress_test,relational_between,vector,26,2018_1332713__event_002,0.6336246728897095,True
tokyo_70564_relational_between,70564,stress_test,relational_between,vector,27,2018_1332686__event_003,0.6334537267684937,True
tokyo_70564_relational_between,70564,stress_test,relational_between,vector,28,2018_1332692__event_002,0.6315985918045044,True
tokyo_70564_relational_between,70564,stress_test,relational_between,vector,29,2018_1332628__event_002,0.6292088031768799,True
tokyo_70564_relational_between,70564,stress_test,relational_between,vector,30,2018_1332687__event_002,0.6258670091629028,True
tokyo_70564_relational_between,70564,stress_test,relational_between,vector,31,2018_1332705__event_002,0.6223094463348389,True
tokyo_70564_relational_between,70564,stress_test,relational_between,vector,32,2018_1332689__event_001,0.62198805809021,True
tokyo_70564_relational_between,70564,stress_test,relational_between,vector,33,2018_1332611__event_004,0.618984580039978,True
tokyo_70564_relational_between,70564,stress_test,relational_between,vector,34,2018_1332668__event_002,0.616055965423584,True
tokyo_70564_relational_between,70564,stress_test,relational_between,vector,35,2018_1332692__event_004,0.6154698133468628,True
tokyo_70564_relational_between,70564,stress_test,relational_between,vector,36,2018_1332687__event_001,0.6148598194122314,True
tokyo_70564_relational_between,70564,stress_test,relational_between,vector,37,2018_1332645__event_002,0.6142919063568115,True
tokyo_70564_relational_between,70564,stress_test,relational_between,vector,38,2018_1332693__event_002,0.6142297387123108,True
tokyo_70564_relational_between,70564,stress_test,relational_between,vector,39,2018_1332622__event_002,0.6140377521514893,True
tokyo_70564_relational_between,70564,stress_test,relational_between,vector,40,2018_1332692__event_003,0.6135943531990051,True
tokyo_70564_relational_between,70564,stress_test,relational_between,vector,41,2018_1332670__event_002,0.6131714582443237,True
tokyo_70564_relational_between,70564,stress_test,relational_between,vector,42,2018_1332680__event_002,0.611567497253418,True
tokyo_70564_relational_between,70564,stress_test,relational_between,vector,43,2018_1332650__event_002,0.6102728843688965,True
tokyo_70564_relational_between,70564,stress_test,relational_between,vector,44,2018_1332695__event_001,0.6087251901626587,True
tokyo_70564_relational_between,70564,stress_test,relational_between,vector,45,2018_1332680__event_003,0.6080613136291504,True
tokyo_70564_relational_between,70564,stress_test,relational_between,vector,46,2018_1332695__event_002,0.604604184627533,True
tokyo_70564_relational_between,70564,stress_test,relational_between,vector,47,2018_1332673__event_002,0.6025184392929077,True
tokyo_70564_relational_between,70564,stress_test,relational_between,vector,48,2018_1332670__event_001,0.6023437976837158,True
tokyo_70564_relational_between,70564,stress_test,relational_between,vector,49,2018_1332627__event_002,0.6015713214874268,True
tokyo_70564_relational_between,70564,stress_test,relational_between,vector,50,2018_1332618__event_002,0.5944029092788696,True
tokyo_70564_relational_between,70564,stress_test,relational_between,vector,51,2018_1332713__event_004,0.593548059463501,True
tokyo_70564_relational_between,70564,stress_test,relational_between,vector,52,2018_1332696__event_003,0.593207836151123,True
tokyo_70564_relational_between,70564,stress_test,relational_between,vector,53,2018_1332682__event_001,0.5927611589431763,True
tokyo_70564_relational_between,70564,stress_test,relational_between,vector,54,2018_1332619__event_001,0.5900887846946716,True
tokyo_70564_relational_between,70564,stress_test,relational_between,vector,55,2018_1332658__event_002,0.5877077579498291,True
tokyo_70564_relational_between,70564,stress_test,relational_between,vector,56,2018_1332644__event_002,0.5873140096664429,True
tokyo_70564_relational_between,70564,stress_test,relational_between,vector,57,2018_1332622__event_004,0.5805407762527466,True
tokyo_70564_relational_between,70564,stress_test,relational_between,vector,58,2018_1332642__event_003,0.5799547433853149,True
tokyo_70564_relational_between,70564,stress_test,relational_between,vector,59,2018_1332666__event_001,0.5786019563674927,True
tokyo_70564_relational_between,70564,stress_test,relational_between,vector,60,2018_1332637__event_002,0.5771466493606567,True
tokyo_70564_relational_between,70564,stress_test,relational_between,vector,61,2018_1332630__event_001,0.5770533084869385,True
tokyo_70564_relational_between,70564,stress_test,relational_between,vector,62,2018_1332662__event_002,0.5767961740493774,True
tokyo_70564_relational_between,70564,stress_test,relational_between,vector,63,2018_1332641__event_002,0.5742708444595337,True
tokyo_70564_relational_between,70564,stress_test,relational_between,vector,64,2018_1332614__event_002,0.5718815326690674,True
tokyo_70564_relational_between,70564,stress_test,relational_between,vector,65,2018_1332692__event_001,0.5713146924972534,True
tokyo_70564_relational_between,70564,stress_test,relational_between,vector,66,2018_1332608__event_004,0.5654174089431763,True
tokyo_70564_relational_between,70564,stress_test,relational_between,vector,67,2018_1332630__event_002,0.5602258443832397,True
tokyo_70564_relational_between,70564,stress_test,relational_between,vector,68,2018_1332686__event_005,0.5559948086738586,True
tokyo_70564_relational_between,70564,stress_test,relational_between,vector,69,2018_1332623__event_001,0.5543299317359924,True
tokyo_70564_relational_between,70564,stress_test,relational_between,vector,70,2018_1332682__event_002,0.5532520413398743,True
tokyo_70564_relational_between,70564,stress_test,relational_between,vector,71,2018_1332668__event_003,0.5526694059371948,True
tokyo_70564_relational_between,70564,stress_test,relational_between,vector,72,2018_1332693__event_001,0.5514355301856995,True
tokyo_70564_relational_between,70564,stress_test,relational_between,vector,73,2018_1332657__event_001,0.5510015487670898,True
tokyo_70564_relational_between,70564,stress_test,relational_between,vector,74,2018_1332696__event_002,0.5486576557159424,True
tokyo_70564_relational_between,70564,stress_test,relational_between,vector,75,2018_1332611__event_005,0.5482498407363892,True
tokyo_70564_relational_between,70564,stress_test,relational_between,vector,76,2018_1332642__event_001,0.5477875471115112,True
tokyo_70564_relational_between,70564,stress_test,relational_between,vector,77,2018_1332617__event_001,0.5459513068199158,True
tokyo_70564_relational_between,70564,stress_test,relational_between,vector,78,2018_1332666__event_002,0.5442070960998535,True
tokyo_70564_relational_between,70564,stress_test,relational_between,vector,79,2018_1332622__event_001,0.541884183883667,True
tokyo_70564_relational_between,70564,stress_test,relational_between,vector,80,2018_1332673__event_001,0.5406292676925659,True
tokyo_70564_relational_between,70564,stress_test,relational_between,vector,81,2018_1332617__event_002,0.5392107367515564,True
tokyo_70564_relational_between,70564,stress_test,relational_between,vector,82,2018_1332662__event_001,0.5354832410812378,True
tokyo_70564_relational_between,70564,stress_test,relational_between,vector,83,2018_1332619__event_003,0.5287965536117554,True
tokyo_70564_relational_between,70564,stress_test,relational_between,vector,84,2018_1332614__event_001,0.5224114656448364,True
tokyo_70564_relational_between,70564,stress_test,relational_between,vector,85,2018_1332682__event_003,0.5187218189239502,True
tokyo_70564_relational_between,70564,stress_test,relational_between,vector,86,2018_1332713__event_003,0.5186419486999512,True
tokyo_70564_relational_between,70564,stress_test,relational_between,vector,87,2018_1332619__event_002,0.5083816647529602,True
tokyo_70564_relational_between,70564,stress_test,relational_between,vector,88,2018_1332689__event_002,0.5041372179985046,True
tokyo_70564_relational_between,70564,stress_test,relational_between,vector,89,2018_1332680__event_001,0.5040780305862427,True
tokyo_70564_relational_between,70564,stress_test,relational_between,vector,90,2018_1332705__event_001,0.5006403923034668,True
tokyo_70564_relational_between,70564,stress_test,relational_between,vector,91,2018_1332632__event_001,0.5004115700721741,True
tokyo_70564_relational_between,70564,stress_test,relational_between,vector,92,2018_1332668__event_001,0.49887317419052124,True
tokyo_70564_relational_between,70564,stress_test,relational_between,vector,93,2018_1332650__event_001,0.4959557056427002,True
tokyo_70564_relational_between,70564,stress_test,relational_between,vector,94,2018_1332668__event_004,0.4912593364715576,True
tokyo_70564_relational_between,70564,stress_test,relational_between,vector,95,2018_1332643__event_001,0.4870356321334839,True
tokyo_70564_relational_between,70564,stress_test,relational_between,vector,96,2018_1332641__event_001,0.4857625663280487,True
tokyo_70564_relational_between,70564,stress_test,relational_between,vector,97,2018_1332645__event_001,0.4833643436431885,True
tokyo_70564_relational_between,70564,stress_test,relational_between,vector,98,2018_1332640__event_001,0.48246780037879944,True
tokyo_70564_relational_between,70564,stress_test,relational_between,vector,99,2018_1332649__event_001,0.4809383749961853,True
tokyo_70564_relational_between,70564,stress_test,relational_between,vector,100,2018_1332642__event_002,0.4797210693359375,True
tokyo_70564_relational_between,70564,stress_test,relational_between,vector,101,2018_1332658__event_003,0.47709178924560547,True
tokyo_70564_relational_between,70564,stress_test,relational_between,vector,102,2018_1332658__event_001,0.4691134989261627,True
tokyo_70564_relational_between,70564,stress_test,relational_between,vector,103,2018_1332637__event_001,0.4660992920398712,True
tokyo_70564_relational_between,70564,stress_test,relational_between,vector,104,2018_1332623__event_002,0.4637061655521393,True
tokyo_70564_relational_between,70564,stress_test,relational_between,vector,105,2018_1332660__event_001,0.4635778069496155,True
tokyo_70564_relational_between,70564,stress_test,relational_between,vector,106,2018_1332696__event_001,0.2957582473754883,True
tokyo_70703_relational_between,70703,stress_test,relational_between,vector,1,2018_1335105__event_003,0.7356053590774536,False
tokyo_70703_relational_between,70703,stress_test,relational_between,vector,2,2018_1335093__event_003,0.6657117605209351,False
tokyo_70703_relational_between,70703,stress_test,relational_between,vector,3,2018_1335105__event_002,0.6617377400398254,False
tokyo_70703_relational_between,70703,stress_test,relational_between,vector,4,2018_1335111__event_001,0.6493397951126099,False
tokyo_70703_relational_between,70703,stress_test,relational_between,vector,5,2018_1335110__event_002,0.6324928998947144,False
tokyo_70703_relational_between,70703,stress_test,relational_between,vector,6,2018_1335110__event_001,0.6176656484603882,False
tokyo_70703_relational_between,70703,stress_test,relational_between,vector,7,2018_1335104__event_002,0.5865241885185242,False
tokyo_70703_relational_between,70703,stress_test,relational_between,vector,8,2018_1335098__event_002,0.5569472312927246,False
tokyo_70703_relational_between,70703,stress_test,relational_between,vector,9,2018_1335099__event_003,0.5548784732818604,False
tokyo_70703_relational_between,70703,stress_test,relational_between,vector,10,2018_1335093__event_002,0.5502021908760071,False
tokyo_70703_relational_between,70703,stress_test,relational_between,vector,11,2018_1335097__event_003,0.5453224182128906,False
tokyo_70703_relational_between,70703,stress_test,relational_between,vector,12,2018_1335089__event_001,0.5431634783744812,False
tokyo_70703_relational_between,70703,stress_test,relational_between,vector,13,2018_1335091__event_001,0.5337178111076355,False
tokyo_70703_relational_between,70703,stress_test,relational_between,vector,14,2018_1335091__event_003,0.5332587957382202,False
tokyo_70703_relational_between,70703,stress_test,relational_between,vector,15,2018_1335089__event_002,0.5317386388778687,False
tokyo_70703_relational_between,70703,stress_test,relational_between,vector,16,2018_1335107__event_001,0.5315210819244385,False
tokyo_70703_relational_between,70703,stress_test,relational_between,vector,17,2018_1335099__event_002,0.531204342842102,False
tokyo_70703_relational_between,70703,stress_test,relational_between,vector,18,2018_1335100__event_002,0.5282659530639648,False
tokyo_70703_relational_between,70703,stress_test,relational_between,vector,19,2018_1335116__event_002,0.528118908405304,False
tokyo_70703_relational_between,70703,stress_test,relational_between,vector,20,2018_1335108__event_001,0.5247739553451538,False
tokyo_70703_relational_between,70703,stress_test,relational_between,vector,21,2018_1335108__event_002,0.5244858264923096,False
tokyo_70703_relational_between,70703,stress_test,relational_between,vector,22,2018_1335098__event_001,0.5211119651794434,False
tokyo_70703_relational_between,70703,stress_test,relational_between,vector,23,2018_1335104__event_001,0.5200103521347046,False
tokyo_70703_relational_between,70703,stress_test,relational_between,vector,24,2018_1335097__event_002,0.5177755355834961,False
tokyo_70703_relational_between,70703,stress_test,relational_between,vector,25,2018_1335116__event_001,0.5163397192955017,False
tokyo_70703_relational_between,70703,stress_test,relational_between,vector,26,2018_1335111__event_002,0.5148438215255737,False
tokyo_70703_relational_between,70703,stress_test,relational_between,vector,27,2018_1335107__event_002,0.5143249034881592,False
tokyo_70703_relational_between,70703,stress_test,relational_between,vector,28,2018_1335111__event_004,0.5115920901298523,False
tokyo_70703_relational_between,70703,stress_test,relational_between,vector,29,2018_1335100__event_003,0.5053182244300842,False
tokyo_70703_relational_between,70703,stress_test,relational_between,vector,30,2018_1335087__event_002,0.49598485231399536,False
tokyo_70703_relational_between,70703,stress_test,relational_between,vector,31,2018_1335105__event_004,0.46759188175201416,False
tokyo_70703_relational_between,70703,stress_test,relational_between,vector,32,2018_1335093__event_005,0.4617445468902588,False
tokyo_70703_relational_between,70703,stress_test,relational_between,vector,33,2018_1335105__event_001,0.46102672815322876,False
tokyo_70703_relational_between,70703,stress_test,relational_between,vector,34,2018_1335097__event_001,0.43271803855895996,False
tokyo_70703_relational_between,70703,stress_test,relational_between,vector,35,2018_1335091__event_002,0.4326527714729309,False
tokyo_70703_relational_between,70703,stress_test,relational_between,vector,36,2018_1335093__event_001,0.4167279005050659,False
tokyo_70703_relational_between,70703,stress_test,relational_between,vector,37,2018_1335099__event_001,0.40436193346977234,False
tokyo_70703_relational_between,70703,stress_test,relational_between,vector,38,2018_1335094__event_002,0.4002245366573334,False
tokyo_70703_relational_between,70703,stress_test,relational_between,vector,39,2018_1335087__event_001,0.39927810430526733,False
tokyo_70703_relational_between,70703,stress_test,relational_between,vector,40,2018_1335100__event_001,0.38653284311294556,False
tokyo_70703_relational_between,70703,stress_test,relational_between,vector,41,2018_1335109__event_001,0.3839394450187683,False
tokyo_70703_relational_between,70703,stress_test,relational_between,vector,42,2018_1335109__event_002,0.3784736096858978,False
tokyo_70703_relational_between,70703,stress_test,relational_between,vector,43,2018_1335094__event_001,0.36033329367637634,False
tokyo_70703_relational_between,70703,stress_test,relational_between,vector,44,2018_1335093__event_004,0.35233715176582336,False
tokyo_70703_relational_between,70703,stress_test,relational_between,vector,45,2018_1335111__event_003,0.3472862243652344,False
tokyo_70703_relational_between,70703,stress_test,relational_between,vector,46,2018_1335096__event_002,0.33285588026046753,False
tokyo_70703_relational_between,70703,stress_test,relational_between,vector,47,2018_1335096__event_001,0.2805832624435425,False
tokyo_72210_relational_between,72210,stress_test,relational_between,vector,1,2018_1357857__event_002,0.7238163352012634,False
tokyo_72210_relational_between,72210,stress_test,relational_between,vector,2,2018_1357875__event_003,0.6893255710601807,False
tokyo_72210_relational_between,72210,stress_test,relational_between,vector,3,2018_1357878__event_002,0.6278533935546875,False
tokyo_72210_relational_between,72210,stress_test,relational_between,vector,4,2018_1357875__event_002,0.6246402859687805,False
tokyo_72210_relational_between,72210,stress_test,relational_between,vector,5,2018_1357863__event_002,0.616159200668335,False
tokyo_72210_relational_between,72210,stress_test,relational_between,vector,6,2018_1357855__event_002,0.5587949156761169,False
tokyo_72210_relational_between,72210,stress_test,relational_between,vector,7,2018_1357857__event_004,0.54140305519104,False
tokyo_72210_relational_between,72210,stress_test,relational_between,vector,8,2018_1357883__event_001,0.53127121925354,False
tokyo_72210_relational_between,72210,stress_test,relational_between,vector,9,2018_1357866__event_001,0.5089908242225647,False
tokyo_72210_relational_between,72210,stress_test,relational_between,vector,10,2018_1357877__event_002,0.5018398761749268,False
tokyo_72210_relational_between,72210,stress_test,relational_between,vector,11,2018_1357856__event_001,0.4992043375968933,False
tokyo_72210_relational_between,72210,stress_test,relational_between,vector,12,2018_1357892__event_002,0.4735155999660492,False
tokyo_72210_relational_between,72210,stress_test,relational_between,vector,13,2018_1357855__event_003,0.46925777196884155,False
tokyo_72210_relational_between,72210,stress_test,relational_between,vector,14,2018_1357880__event_002,0.46731406450271606,False
tokyo_72210_relational_between,72210,stress_test,relational_between,vector,15,2018_1357865__event_002,0.46592628955841064,False
tokyo_72210_relational_between,72210,stress_test,relational_between,vector,16,2018_1357883__event_002,0.4591514468193054,False
tokyo_72210_relational_between,72210,stress_test,relational_between,vector,17,2018_1357857__event_005,0.4496381878852844,False
tokyo_72210_relational_between,72210,stress_test,relational_between,vector,18,2018_1357856__event_003,0.44760486483573914,False
tokyo_72210_relational_between,72210,stress_test,relational_between,vector,19,2018_1357855__event_001,0.4072430729866028,False
tokyo_72210_relational_between,72210,stress_test,relational_between,vector,20,2018_1357857__event_001,0.4031362235546112,False
tokyo_72210_relational_between,72210,stress_test,relational_between,vector,21,2018_1357875__event_001,0.3874659538269043,False
tokyo_72210_relational_between,72210,stress_test,relational_between,vector,22,2018_1357857__event_003,0.3872717022895813,False
tokyo_72210_relational_between,72210,stress_test,relational_between,vector,23,2018_1357894__event_001,0.37981003522872925,False
tokyo_72210_relational_between,72210,stress_test,relational_between,vector,24,2018_1357894__event_002,0.37973377108573914,False
tokyo_72210_relational_between,72210,stress_test,relational_between,vector,25,2018_1357876__event_002,0.3661859333515167,False
tokyo_72210_relational_between,72210,stress_test,relational_between,vector,26,2018_1357876__event_001,0.3619418740272522,False
tokyo_72210_relational_between,72210,stress_test,relational_between,vector,27,2018_1357878__event_001,0.3488985598087311,False
tokyo_72210_relational_between,72210,stress_test,relational_between,vector,28,2018_1357877__event_001,0.34200090169906616,False
tokyo_72210_relational_between,72210,stress_test,relational_between,vector,29,2018_1357892__event_003,0.32489341497421265,False
tokyo_72210_relational_between,72210,stress_test,relational_between,vector,30,2018_1357856__event_002,0.31347471475601196,False
tokyo_72210_relational_between,72210,stress_test,relational_between,vector,31,2018_1357863__event_001,0.28184574842453003,False
tokyo_72210_relational_between,72210,stress_test,relational_between,vector,32,2018_1357865__event_001,0.2721627354621887,False
tokyo_72210_relational_between,72210,stress_test,relational_between,vector,33,2018_1357866__event_002,0.2695559859275818,False
tokyo_72210_relational_between,72210,stress_test,relational_between,vector,34,2018_1357892__event_001,0.24309894442558289,False
tokyo_72210_relational_between,72210,stress_test,relational_between,vector,35,2018_1357880__event_001,0.22973838448524475,False
tokyo_72444_relational_between,72444,stress_test,relational_between,vector,1,2018_1361371__event_002,0.7872772216796875,False
tokyo_72444_relational_between,72444,stress_test,relational_between,vector,2,2018_1361355__event_002,0.7809427976608276,False
tokyo_72444_relational_between,72444,stress_test,relational_between,vector,3,2018_1361371__event_003,0.7776703834533691,False
tokyo_72444_relational_between,72444,stress_test,relational_between,vector,4,2018_1361371__event_001,0.7658107280731201,False
tokyo_72444_relational_between,72444,stress_test,relational_between,vector,5,2018_1361413__event_001,0.7560805082321167,False
tokyo_72444_relational_between,72444,stress_test,relational_between,vector,6,2018_1361355__event_001,0.7515358924865723,False
tokyo_72444_relational_between,72444,stress_test,relational_between,vector,7,2018_1361355__event_003,0.7457472085952759,False
tokyo_72444_relational_between,72444,stress_test,relational_between,vector,8,2018_1361392__event_002,0.7391817569732666,False
tokyo_72444_relational_between,72444,stress_test,relational_between,vector,9,2018_1361348__event_002,0.7303860187530518,False
tokyo_72444_relational_between,72444,stress_test,relational_between,vector,10,2018_1361378__event_001,0.730258047580719,False
tokyo_72444_relational_between,72444,stress_test,relational_between,vector,11,2018_1361372__event_002,0.7290911674499512,False
tokyo_72444_relational_between,72444,stress_test,relational_between,vector,12,2018_1361390__event_001,0.7289842963218689,False
tokyo_72444_relational_between,72444,stress_test,relational_between,vector,13,2018_1361390__event_002,0.7240340709686279,False
tokyo_72444_relational_between,72444,stress_test,relational_between,vector,14,2018_1361378__event_002,0.7227658033370972,False
tokyo_72444_relational_between,72444,stress_test,relational_between,vector,15,2018_1361355__event_006,0.7160061001777649,False
tokyo_72444_relational_between,72444,stress_test,relational_between,vector,16,2018_1361354__event_001,0.7094252109527588,False
tokyo_72444_relational_between,72444,stress_test,relational_between,vector,17,2018_1361355__event_005,0.6877112984657288,False
tokyo_72444_relational_between,72444,stress_test,relational_between,vector,18,2018_1361404__event_002,0.6180298328399658,False
tokyo_72444_relational_between,72444,stress_test,relational_between,vector,19,2018_1361416__event_002,0.6169313192367554,False
tokyo_72444_relational_between,72444,stress_test,relational_between,vector,20,2018_1361394__event_001,0.6138280034065247,False
tokyo_72444_relational_between,72444,stress_test,relational_between,vector,21,2018_1361413__event_002,0.5329527258872986,False
tokyo_72444_relational_between,72444,stress_test,relational_between,vector,22,2018_1361355__event_004,0.5177264213562012,False
tokyo_72444_relational_between,72444,stress_test,relational_between,vector,23,2018_1361392__event_001,0.5094317197799683,False
tokyo_72444_relational_between,72444,stress_test,relational_between,vector,24,2018_1361348__event_001,0.5069571733474731,False
tokyo_72444_relational_between,72444,stress_test,relational_between,vector,25,2018_1361394__event_002,0.48350414633750916,False
tokyo_72444_relational_between,72444,stress_test,relational_between,vector,26,2018_1361354__event_002,0.48182880878448486,False
tokyo_72444_relational_between,72444,stress_test,relational_between,vector,27,2018_1361372__event_001,0.4587368369102478,False
tokyo_72444_relational_between,72444,stress_test,relational_between,vector,28,2018_1361404__event_001,0.4495368003845215,False
tokyo_72444_relational_between,72444,stress_test,relational_between,vector,29,2018_1361416__event_001,0.44244053959846497,False
tokyo_74188_relational_between,74188,stress_test,relational_between,vector,1,2018_1388327__event_003,0.7084261178970337,False
tokyo_74188_relational_between,74188,stress_test,relational_between,vector,2,2018_1388327__event_002,0.6308817863464355,False
tokyo_74188_relational_between,74188,stress_test,relational_between,vector,3,2018_1388323__event_004,0.6248354315757751,False
tokyo_74188_relational_between,74188,stress_test,relational_between,vector,4,2018_1388323__event_002,0.5844445824623108,False
tokyo_74188_relational_between,74188,stress_test,relational_between,vector,5,2018_1388306__event_001,0.5842185020446777,False
tokyo_74188_relational_between,74188,stress_test,relational_between,vector,6,2018_1388307__event_003,0.576575756072998,False
tokyo_74188_relational_between,74188,stress_test,relational_between,vector,7,2018_1388318__event_002,0.5695555210113525,False
tokyo_74188_relational_between,74188,stress_test,relational_between,vector,8,2018_1388307__event_002,0.5688902139663696,False
tokyo_74188_relational_between,74188,stress_test,relational_between,vector,9,2018_1388299__event_002,0.5625481009483337,False
tokyo_74188_relational_between,74188,stress_test,relational_between,vector,10,2018_1388307__event_001,0.551482617855072,False
tokyo_74188_relational_between,74188,stress_test,relational_between,vector,11,2018_1388306__event_003,0.5483492612838745,False
tokyo_74188_relational_between,74188,stress_test,relational_between,vector,12,2018_1388319__event_002,0.5408151149749756,False
tokyo_74188_relational_between,74188,stress_test,relational_between,vector,13,2018_1388306__event_002,0.5377135872840881,False
tokyo_74188_relational_between,74188,stress_test,relational_between,vector,14,2018_1388323__event_001,0.5332497358322144,False
tokyo_74188_relational_between,74188,stress_test,relational_between,vector,15,2018_1388327__event_004,0.53200364112854,False
tokyo_74188_relational_between,74188,stress_test,relational_between,vector,16,2018_1388299__event_001,0.5300716161727905,False
tokyo_74188_relational_between,74188,stress_test,relational_between,vector,17,2018_1388323__event_003,0.5221711993217468,False
tokyo_74188_relational_between,74188,stress_test,relational_between,vector,18,2018_1388318__event_003,0.5206297039985657,False
tokyo_74188_relational_between,74188,stress_test,relational_between,vector,19,2018_1388329__event_002,0.5172110795974731,False
tokyo_74188_relational_between,74188,stress_test,relational_between,vector,20,2018_1388310__event_002,0.5145061016082764,False
tokyo_74188_relational_between,74188,stress_test,relational_between,vector,21,2018_1388310__event_001,0.5035682916641235,False
tokyo_74188_relational_between,74188,stress_test,relational_between,vector,22,2018_1388323__event_007,0.5012211799621582,False
tokyo_74188_relational_between,74188,stress_test,relational_between,vector,23,2018_1388347__event_002,0.5010744333267212,False
tokyo_74188_relational_between,74188,stress_test,relational_between,vector,24,2018_1388323__event_006,0.49758291244506836,False
tokyo_74188_relational_between,74188,stress_test,relational_between,vector,25,2018_1388313__event_001,0.48872265219688416,False
tokyo_74188_relational_between,74188,stress_test,relational_between,vector,26,2018_1388327__event_005,0.4882270395755768,False
tokyo_74188_relational_between,74188,stress_test,relational_between,vector,27,2018_1388319__event_003,0.48494189977645874,False
tokyo_74188_relational_between,74188,stress_test,relational_between,vector,28,2018_1388327__event_001,0.4841553270816803,False
tokyo_74188_relational_between,74188,stress_test,relational_between,vector,29,2018_1388313__event_002,0.48376697301864624,False
tokyo_74188_relational_between,74188,stress_test,relational_between,vector,30,2018_1388319__event_001,0.47933197021484375,False
tokyo_74188_relational_between,74188,stress_test,relational_between,vector,31,2018_1388346__event_003,0.47265857458114624,False
tokyo_74188_relational_between,74188,stress_test,relational_between,vector,32,2018_1388323__event_005,0.4694758355617523,False
tokyo_74188_relational_between,74188,stress_test,relational_between,vector,33,2018_1388346__event_001,0.46084317564964294,False
tokyo_74188_relational_between,74188,stress_test,relational_between,vector,34,2018_1388346__event_002,0.460737943649292,False
tokyo_74188_relational_between,74188,stress_test,relational_between,vector,35,2018_1388329__event_001,0.45304471254348755,False
tokyo_74188_relational_between,74188,stress_test,relational_between,vector,36,2018_1388347__event_001,0.4403423070907593,False
tokyo_74188_relational_between,74188,stress_test,relational_between,vector,37,2018_1388318__event_001,0.43061935901641846,False
tokyo_74188_relational_between,74188,stress_test,relational_between,vector,38,2018_1388298__event_001,0.4265340566635132,False
tokyo_74188_relational_between,74188,stress_test,relational_between,vector,39,2018_1388298__event_002,0.40364009141921997,False
tokyo_74982_relational_between,74982,stress_test,relational_between,vector,1,2018_1402555__event_002,0.7219536304473877,False
tokyo_74982_relational_between,74982,stress_test,relational_between,vector,2,2018_1402547__event_002,0.59566330909729,False
tokyo_74982_relational_between,74982,stress_test,relational_between,vector,3,2018_1402573__event_001,0.5887682437896729,False
tokyo_74982_relational_between,74982,stress_test,relational_between,vector,4,2018_1402572__event_002,0.5728623867034912,False
tokyo_74982_relational_between,74982,stress_test,relational_between,vector,5,2018_1402586__event_001,0.5686448812484741,False
tokyo_74982_relational_between,74982,stress_test,relational_between,vector,6,2018_1402558__event_002,0.509059488773346,False
tokyo_74982_relational_between,74982,stress_test,relational_between,vector,7,2018_1402590__event_002,0.4939625561237335,False
tokyo_74982_relational_between,74982,stress_test,relational_between,vector,8,2018_1402547__event_001,0.48744839429855347,False
tokyo_74982_relational_between,74982,stress_test,relational_between,vector,9,2018_1402575__event_001,0.4804244637489319,False
tokyo_74982_relational_between,74982,stress_test,relational_between,vector,10,2018_1402558__event_001,0.4790661931037903,False
tokyo_74982_relational_between,74982,stress_test,relational_between,vector,11,2018_1402573__event_002,0.470020592212677,False
tokyo_74982_relational_between,74982,stress_test,relational_between,vector,12,2018_1402586__event_002,0.4698260426521301,False
tokyo_74982_relational_between,74982,stress_test,relational_between,vector,13,2018_1402555__event_001,0.4560829997062683,False
tokyo_74982_relational_between,74982,stress_test,relational_between,vector,14,2018_1402572__event_003,0.441034734249115,False
tokyo_74982_relational_between,74982,stress_test,relational_between,vector,15,2018_1402590__event_003,0.4395468235015869,False
tokyo_74982_relational_between,74982,stress_test,relational_between,vector,16,2018_1402575__event_002,0.43691810965538025,False
tokyo_74982_relational_between,74982,stress_test,relational_between,vector,17,2018_1402556__event_001,0.43274009227752686,False
tokyo_74982_relational_between,74982,stress_test,relational_between,vector,18,2018_1402609__event_002,0.42630404233932495,False
tokyo_74982_relational_between,74982,stress_test,relational_between,vector,19,2018_1402555__event_003,0.4253014326095581,False
tokyo_74982_relational_between,74982,stress_test,relational_between,vector,20,2018_1402572__event_004,0.4244977831840515,False
tokyo_74982_relational_between,74982,stress_test,relational_between,vector,21,2018_1402609__event_001,0.4212302565574646,False
tokyo_74982_relational_between,74982,stress_test,relational_between,vector,22,2018_1402590__event_001,0.3952670693397522,False
tokyo_74982_relational_between,74982,stress_test,relational_between,vector,23,2018_1402556__event_002,0.37796124815940857,False
tokyo_74982_relational_between,74982,stress_test,relational_between,vector,24,2018_1402572__event_001,0.32410967350006104,False
tokyo_78286_relational_between,78286,stress_test,relational_between,vector,1,2018_1453186__event_002,0.734391987323761,True
tokyo_78286_relational_between,78286,stress_test,relational_between,vector,2,2018_1453185__event_001,0.7180368900299072,True
tokyo_78286_relational_between,78286,stress_test,relational_between,vector,3,2018_1453212__event_001,0.7161710262298584,True
tokyo_78286_relational_between,78286,stress_test,relational_between,vector,4,2018_1453209__event_002,0.7155789732933044,True
tokyo_78286_relational_between,78286,stress_test,relational_between,vector,5,2018_1453187__event_001,0.7135394215583801,True
tokyo_78286_relational_between,78286,stress_test,relational_between,vector,6,2018_1453183__event_001,0.7133625745773315,True
tokyo_78286_relational_between,78286,stress_test,relational_between,vector,7,2018_1453189__event_001,0.7101387977600098,True
tokyo_78286_relational_between,78286,stress_test,relational_between,vector,8,2018_1453195__event_001,0.7085820436477661,True
tokyo_78286_relational_between,78286,stress_test,relational_between,vector,9,2018_1453211__event_001,0.7072159051895142,True
tokyo_78286_relational_between,78286,stress_test,relational_between,vector,10,2018_1453194__event_001,0.7034274339675903,True
tokyo_78286_relational_between,78286,stress_test,relational_between,vector,11,2018_1453203__event_001,0.7000824213027954,True
tokyo_78286_relational_between,78286,stress_test,relational_between,vector,12,2018_1453205__event_001,0.6935527920722961,True
tokyo_78286_relational_between,78286,stress_test,relational_between,vector,13,2018_1453192__event_002,0.6911463737487793,True
tokyo_78286_relational_between,78286,stress_test,relational_between,vector,14,2018_1453190__event_003,0.6597533822059631,True
tokyo_78286_relational_between,78286,stress_test,relational_between,vector,15,2018_1453204__event_001,0.5229564905166626,True
tokyo_78286_relational_between,78286,stress_test,relational_between,vector,16,2018_1453206__event_003,0.5086367130279541,True
tokyo_78286_relational_between,78286,stress_test,relational_between,vector,17,2018_1453185__event_002,0.5062500834465027,True
tokyo_78286_relational_between,78286,stress_test,relational_between,vector,18,2018_1453196__event_001,0.5059062242507935,True
tokyo_78286_relational_between,78286,stress_test,relational_between,vector,19,2018_1453183__event_002,0.5054221153259277,True
tokyo_78286_relational_between,78286,stress_test,relational_between,vector,20,2018_1453184__event_003,0.5051321387290955,True
tokyo_78286_relational_between,78286,stress_test,relational_between,vector,21,2018_1453187__event_002,0.5016091465950012,True
tokyo_78286_relational_between,78286,stress_test,relational_between,vector,22,2018_1453212__event_002,0.4972713589668274,True
tokyo_78286_relational_between,78286,stress_test,relational_between,vector,23,2018_1453209__event_003,0.4950340688228607,True
tokyo_78286_relational_between,78286,stress_test,relational_between,vector,24,2018_1453186__event_003,0.49360382556915283,True
tokyo_78286_relational_between,78286,stress_test,relational_between,vector,25,2018_1453192__event_003,0.4918976426124573,True
tokyo_78286_relational_between,78286,stress_test,relational_between,vector,26,2018_1453220__event_002,0.4880974292755127,True
tokyo_78286_relational_between,78286,stress_test,relational_between,vector,27,2018_1453189__event_002,0.4868983030319214,True
tokyo_78286_relational_between,78286,stress_test,relational_between,vector,28,2018_1453181__event_002,0.48636332154273987,True
tokyo_78286_relational_between,78286,stress_test,relational_between,vector,29,2018_1453207__event_001,0.48402687907218933,True
tokyo_78286_relational_between,78286,stress_test,relational_between,vector,30,2018_1453211__event_002,0.4836416244506836,True
tokyo_78286_relational_between,78286,stress_test,relational_between,vector,31,2018_1453195__event_002,0.4823898673057556,True
tokyo_78286_relational_between,78286,stress_test,relational_between,vector,32,2018_1453206__event_001,0.481865257024765,True
tokyo_78286_relational_between,78286,stress_test,relational_between,vector,33,2018_1453205__event_002,0.4804544150829315,True
tokyo_78286_relational_between,78286,stress_test,relational_between,vector,34,2018_1453199__event_002,0.480447918176651,True
tokyo_78286_relational_between,78286,stress_test,relational_between,vector,35,2018_1453184__event_002,0.4798318147659302,True
tokyo_78286_relational_between,78286,stress_test,relational_between,vector,36,2018_1453186__event_001,0.47970259189605713,True
tokyo_78286_relational_between,78286,stress_test,relational_between,vector,37,2018_1453194__event_002,0.47911444306373596,True
tokyo_78286_relational_between,78286,stress_test,relational_between,vector,38,2018_1453197__event_001,0.46594226360321045,True
tokyo_78286_relational_between,78286,stress_test,relational_between,vector,39,2018_1453202__event_002,0.4656277298927307,True
tokyo_78286_relational_between,78286,stress_test,relational_between,vector,40,2018_1453219__event_001,0.4653552770614624,True
tokyo_78286_relational_between,78286,stress_test,relational_between,vector,41,2018_1453182__event_001,0.4613174796104431,True
tokyo_78286_relational_between,78286,stress_test,relational_between,vector,42,2018_1453203__event_002,0.461046040058136,True
tokyo_78286_relational_between,78286,stress_test,relational_between,vector,43,2018_1453220__event_001,0.458391934633255,True
tokyo_78286_relational_between,78286,stress_test,relational_between,vector,44,2018_1453209__event_001,0.4556717276573181,True
tokyo_78286_relational_between,78286,stress_test,relational_between,vector,45,2018_1453206__event_002,0.4524080157279968,True
tokyo_78286_relational_between,78286,stress_test,relational_between,vector,46,2018_1453204__event_002,0.45158547163009644,True
tokyo_78286_relational_between,78286,stress_test,relational_between,vector,47,2018_1453199__event_001,0.44805559515953064,True
tokyo_78286_relational_between,78286,stress_test,relational_between,vector,48,2018_1453182__event_002,0.4479697644710541,True
tokyo_78286_relational_between,78286,stress_test,relational_between,vector,49,2018_1453196__event_002,0.44454464316368103,True
tokyo_78286_relational_between,78286,stress_test,relational_between,vector,50,2018_1453190__event_002,0.4441968500614166,True
tokyo_78286_relational_between,78286,stress_test,relational_between,vector,51,2018_1453207__event_002,0.4388675093650818,True
tokyo_78286_relational_between,78286,stress_test,relational_between,vector,52,2018_1453189__event_003,0.4384734630584717,True
tokyo_78286_relational_between,78286,stress_test,relational_between,vector,53,2018_1453193__event_001,0.4365944564342499,True
tokyo_78286_relational_between,78286,stress_test,relational_between,vector,54,2018_1453215__event_002,0.43062740564346313,True
tokyo_78286_relational_between,78286,stress_test,relational_between,vector,55,2018_1453188__event_002,0.4269205629825592,True
tokyo_78286_relational_between,78286,stress_test,relational_between,vector,56,2018_1453188__event_003,0.42548835277557373,True
tokyo_78286_relational_between,78286,stress_test,relational_between,vector,57,2018_1453193__event_002,0.42490193247795105,True
tokyo_78286_relational_between,78286,stress_test,relational_between,vector,58,2018_1453186__event_004,0.4243861436843872,True
tokyo_78286_relational_between,78286,stress_test,relational_between,vector,59,2018_1453184__event_001,0.412110835313797,True
tokyo_78286_relational_between,78286,stress_test,relational_between,vector,60,2018_1453198__event_001,0.40363776683807373,True
tokyo_78286_relational_between,78286,stress_test,relational_between,vector,61,2018_1453215__event_001,0.39320388436317444,True
tokyo_78286_relational_between,78286,stress_test,relational_between,vector,62,2018_1453206__event_004,0.3924665153026581,True
tokyo_78286_relational_between,78286,stress_test,relational_between,vector,63,2018_1453197__event_002,0.39182794094085693,True
tokyo_78286_relational_between,78286,stress_test,relational_between,vector,64,2018_1453202__event_001,0.3912128806114197,True
tokyo_78286_relational_between,78286,stress_test,relational_between,vector,65,2018_1453219__event_002,0.3898194134235382,True
tokyo_78286_relational_between,78286,stress_test,relational_between,vector,66,2018_1453192__event_001,0.38526636362075806,True
tokyo_78286_relational_between,78286,stress_test,relational_between,vector,67,2018_1453181__event_001,0.3684261441230774,True
tokyo_78286_relational_between,78286,stress_test,relational_between,vector,68,2018_1453198__event_002,0.3671841323375702,True
tokyo_78286_relational_between,78286,stress_test,relational_between,vector,69,2018_1453213__event_001,0.35864996910095215,True
tokyo_78286_relational_between,78286,stress_test,relational_between,vector,70,2018_1453213__event_002,0.357003390789032,True
tokyo_78286_relational_between,78286,stress_test,relational_between,vector,71,2018_1453190__event_001,0.3509722948074341,True
tokyo_78286_relational_between,78286,stress_test,relational_between,vector,72,2018_1453186__event_005,0.28524845838546753,True
tokyo_78286_relational_between,78286,stress_test,relational_between,vector,73,2018_1453182__event_003,0.2688729166984558,True
tokyo_78286_relational_between,78286,stress_test,relational_between,vector,74,2018_1453188__event_001,0.258878231048584,True
tokyo_78286_relational_between,78286,stress_test,relational_between,vector,75,2018_1453180__event_001,0.2171071171760559,True
tokyo_78286_relational_between,78286,stress_test,relational_between,vector,76,2018_1453180__event_002,0.1761397123336792,True
tokyo_79139_relational_between,79139,stress_test,relational_between,vector,1,2018_1466948__event_002,0.7338851690292358,False
tokyo_79139_relational_between,79139,stress_test,relational_between,vector,2,2018_1466946__event_002,0.5944591760635376,False
tokyo_79139_relational_between,79139,stress_test,relational_between,vector,3,2018_1466952__event_002,0.5929330587387085,False
tokyo_79139_relational_between,79139,stress_test,relational_between,vector,4,2018_1466948__event_003,0.5807726979255676,False
tokyo_79139_relational_between,79139,stress_test,relational_between,vector,5,2018_1466960__event_003,0.5715628862380981,False
tokyo_79139_relational_between,79139,stress_test,relational_between,vector,6,2018_1466953__event_002,0.5567824840545654,False
tokyo_79139_relational_between,79139,stress_test,relational_between,vector,7,2018_1466948__event_005,0.5498079061508179,False
tokyo_79139_relational_between,79139,stress_test,relational_between,vector,8,2018_1466946__event_003,0.49359506368637085,False
tokyo_79139_relational_between,79139,stress_test,relational_between,vector,9,2018_1466939__event_001,0.49195730686187744,False
tokyo_79139_relational_between,79139,stress_test,relational_between,vector,10,2018_1466948__event_001,0.4765528440475464,False
tokyo_79139_relational_between,79139,stress_test,relational_between,vector,11,2018_1466952__event_003,0.4746926724910736,False
tokyo_79139_relational_between,79139,stress_test,relational_between,vector,12,2018_1466939__event_002,0.4742383062839508,False
tokyo_79139_relational_between,79139,stress_test,relational_between,vector,13,2018_1466943__event_002,0.4709911346435547,False
tokyo_79139_relational_between,79139,stress_test,relational_between,vector,14,2018_1466948__event_004,0.468595027923584,False
tokyo_79139_relational_between,79139,stress_test,relational_between,vector,15,2018_1466942__event_003,0.46775901317596436,False
tokyo_79139_relational_between,79139,stress_test,relational_between,vector,16,2018_1466944__event_002,0.46734297275543213,False
tokyo_79139_relational_between,79139,stress_test,relational_between,vector,17,2018_1466944__event_001,0.46684330701828003,False
tokyo_79139_relational_between,79139,stress_test,relational_between,vector,18,2018_1466953__event_001,0.460895836353302,False
tokyo_79139_relational_between,79139,stress_test,relational_between,vector,19,2018_1466946__event_001,0.4566773772239685,False
tokyo_79139_relational_between,79139,stress_test,relational_between,vector,20,2018_1466958__event_002,0.4548937678337097,False
tokyo_79139_relational_between,79139,stress_test,relational_between,vector,21,2018_1466942__event_002,0.4483261704444885,False
tokyo_79139_relational_between,79139,stress_test,relational_between,vector,22,2018_1466958__event_001,0.4422655701637268,False
tokyo_79139_relational_between,79139,stress_test,relational_between,vector,23,2018_1466942__event_001,0.4420081377029419,False
tokyo_79139_relational_between,79139,stress_test,relational_between,vector,24,2018_1466956__event_002,0.4375205636024475,False
tokyo_79139_relational_between,79139,stress_test,relational_between,vector,25,2018_1466945__event_002,0.43616703152656555,False
tokyo_79139_relational_between,79139,stress_test,relational_between,vector,26,2018_1466945__event_001,0.43097323179244995,False
tokyo_79139_relational_between,79139,stress_test,relational_between,vector,27,2018_1466960__event_002,0.42796456813812256,False
tokyo_79139_relational_between,79139,stress_test,relational_between,vector,28,2018_1466952__event_001,0.4259248673915863,False
tokyo_79139_relational_between,79139,stress_test,relational_between,vector,29,2018_1466943__event_001,0.40578949451446533,False
tokyo_79139_relational_between,79139,stress_test,relational_between,vector,30,2018_1466960__event_001,0.4013559818267822,False
tokyo_79139_relational_between,79139,stress_test,relational_between,vector,31,2018_1466956__event_001,0.390794038772583,False
tokyo_79139_relational_between,79139,stress_test,relational_between,vector,32,2018_1466953__event_003,0.3833482563495636,False
tokyo_79719_relational_between,79719,stress_test,relational_between,vector,1,2018_1475396__event_002,0.6546705365180969,True
tokyo_79719_relational_between,79719,stress_test,relational_between,vector,2,2018_1475338__event_002,0.6493937969207764,True
tokyo_79719_relational_between,79719,stress_test,relational_between,vector,3,2018_1475351__event_002,0.645939290523529,True
tokyo_79719_relational_between,79719,stress_test,relational_between,vector,4,2018_1475387__event_002,0.6333223581314087,True
tokyo_79719_relational_between,79719,stress_test,relational_between,vector,5,2018_1475345__event_001,0.6136078834533691,True
tokyo_79719_relational_between,79719,stress_test,relational_between,vector,6,2018_1475374__event_001,0.6133977770805359,True
tokyo_79719_relational_between,79719,stress_test,relational_between,vector,7,2018_1475348__event_004,0.6102619767189026,True
tokyo_79719_relational_between,79719,stress_test,relational_between,vector,8,2018_1475385__event_001,0.6006536483764648,True
tokyo_79719_relational_between,79719,stress_test,relational_between,vector,9,2018_1475380__event_001,0.5997477769851685,True
tokyo_79719_relational_between,79719,stress_test,relational_between,vector,10,2018_1475386__event_001,0.5810994505882263,True
tokyo_79719_relational_between,79719,stress_test,relational_between,vector,11,2018_1475393__event_001,0.4854758381843567,True
tokyo_79719_relational_between,79719,stress_test,relational_between,vector,12,2018_1475355__event_001,0.48537391424179077,True
tokyo_79719_relational_between,79719,stress_test,relational_between,vector,13,2018_1475391__event_001,0.48302093148231506,True
tokyo_79719_relational_between,79719,stress_test,relational_between,vector,14,2018_1475389__event_001,0.48139914870262146,True
tokyo_79719_relational_between,79719,stress_test,relational_between,vector,15,2018_1475372__event_002,0.47684723138809204,True
tokyo_79719_relational_between,79719,stress_test,relational_between,vector,16,2018_1475387__event_001,0.47063779830932617,True
tokyo_79719_relational_between,79719,stress_test,relational_between,vector,17,2018_1475331__event_002,0.4691060781478882,True
tokyo_79719_relational_between,79719,stress_test,relational_between,vector,18,2018_1475396__event_001,0.4688224196434021,True
tokyo_79719_relational_between,79719,stress_test,relational_between,vector,19,2018_1475348__event_002,0.46818622946739197,True
tokyo_79719_relational_between,79719,stress_test,relational_between,vector,20,2018_1475343__event_001,0.45399659872055054,True
tokyo_79719_relational_between,79719,stress_test,relational_between,vector,21,2018_1475337__event_002,0.4535099267959595,True
tokyo_79719_relational_between,79719,stress_test,relational_between,vector,22,2018_1475389__event_002,0.4506228566169739,True
tokyo_79719_relational_between,79719,stress_test,relational_between,vector,23,2018_1475402__event_002,0.43714967370033264,True
tokyo_79719_relational_between,79719,stress_test,relational_between,vector,24,2018_1475341__event_001,0.43635571002960205,True
tokyo_79719_relational_between,79719,stress_test,relational_between,vector,25,2018_1475402__event_001,0.43427830934524536,True
tokyo_79719_relational_between,79719,stress_test,relational_between,vector,26,2018_1475338__event_001,0.4318307638168335,True
tokyo_79719_relational_between,79719,stress_test,relational_between,vector,27,2018_1475355__event_002,0.4248456358909607,True
tokyo_79719_relational_between,79719,stress_test,relational_between,vector,28,2018_1475341__event_002,0.423250675201416,True
tokyo_79719_relational_between,79719,stress_test,relational_between,vector,29,2018_1475374__event_002,0.4230261445045471,True
tokyo_79719_relational_between,79719,stress_test,relational_between,vector,30,2018_1475351__event_001,0.4219999313354492,True
tokyo_79719_relational_between,79719,stress_test,relational_between,vector,31,2018_1475343__event_002,0.4171827435493469,True
tokyo_79719_relational_between,79719,stress_test,relational_between,vector,32,2018_1475396__event_003,0.41548722982406616,True
tokyo_79719_relational_between,79719,stress_test,relational_between,vector,33,2018_1475337__event_001,0.414064884185791,True
tokyo_79719_relational_between,79719,stress_test,relational_between,vector,34,2018_1475380__event_002,0.4131509065628052,True
tokyo_79719_relational_between,79719,stress_test,relational_between,vector,35,2018_1475384__event_001,0.4112568497657776,True
tokyo_79719_relational_between,79719,stress_test,relational_between,vector,36,2018_1475377__event_002,0.40905267000198364,True
tokyo_79719_relational_between,79719,stress_test,relational_between,vector,37,2018_1475377__event_003,0.4081352949142456,True
tokyo_79719_relational_between,79719,stress_test,relational_between,vector,38,2018_1475385__event_002,0.4071059226989746,True
tokyo_79719_relational_between,79719,stress_test,relational_between,vector,39,2018_1475389__event_003,0.40701061487197876,True
tokyo_79719_relational_between,79719,stress_test,relational_between,vector,40,2018_1475377__event_004,0.40544593334198,True
tokyo_79719_relational_between,79719,stress_test,relational_between,vector,41,2018_1475384__event_002,0.40396562218666077,True
tokyo_79719_relational_between,79719,stress_test,relational_between,vector,42,2018_1475393__event_002,0.4021958112716675,True
tokyo_79719_relational_between,79719,stress_test,relational_between,vector,43,2018_1475338__event_003,0.4019501805305481,True
tokyo_79719_relational_between,79719,stress_test,relational_between,vector,44,2018_1475331__event_001,0.4011223316192627,True
tokyo_79719_relational_between,79719,stress_test,relational_between,vector,45,2018_1475377__event_001,0.40070903301239014,True
tokyo_79719_relational_between,79719,stress_test,relational_between,vector,46,2018_1475372__event_001,0.40048080682754517,True
tokyo_79719_relational_between,79719,stress_test,relational_between,vector,47,2018_1475348__event_005,0.39637309312820435,True
tokyo_79719_relational_between,79719,stress_test,relational_between,vector,48,2018_1475398__event_001,0.39350607991218567,True
tokyo_79719_relational_between,79719,stress_test,relational_between,vector,49,2018_1475391__event_002,0.3843836188316345,True
tokyo_79719_relational_between,79719,stress_test,relational_between,vector,50,2018_1475386__event_002,0.375807523727417,True
tokyo_79719_relational_between,79719,stress_test,relational_between,vector,51,2018_1475398__event_002,0.37110161781311035,True
tokyo_79719_relational_between,79719,stress_test,relational_between,vector,52,2018_1475348__event_003,0.3638182282447815,True
tokyo_79719_relational_between,79719,stress_test,relational_between,vector,53,2018_1475345__event_002,0.3553199768066406,True
tokyo_79719_relational_between,79719,stress_test,relational_between,vector,54,2018_1475391__event_003,0.31466954946517944,True
tokyo_79719_relational_between,79719,stress_test,relational_between,vector,55,2018_1475351__event_003,0.3070133924484253,True
tokyo_79719_relational_between,79719,stress_test,relational_between,vector,56,2018_1475338__event_004,0.2837112247943878,True
tokyo_79719_relational_between,79719,stress_test,relational_between,vector,57,2018_1475348__event_001,0.2826572060585022,True
tokyo_80051_relational_between,80051,stress_test,relational_between,vector,1,2018_1480027__event_002,0.7090239524841309,False
tokyo_80051_relational_between,80051,stress_test,relational_between,vector,2,2018_1480043__event_001,0.67361980676651,False
tokyo_80051_relational_between,80051,stress_test,relational_between,vector,3,2018_1480016__event_002,0.5134486556053162,False
tokyo_80051_relational_between,80051,stress_test,relational_between,vector,4,2018_1480027__event_003,0.5117068290710449,False
tokyo_80051_relational_between,80051,stress_test,relational_between,vector,5,2018_1480044__event_003,0.5106562376022339,False
tokyo_80051_relational_between,80051,stress_test,relational_between,vector,6,2018_1480044__event_002,0.5077003240585327,False
tokyo_80051_relational_between,80051,stress_test,relational_between,vector,7,2018_1480045__event_002,0.49292850494384766,False
tokyo_80051_relational_between,80051,stress_test,relational_between,vector,8,2018_1480018__event_002,0.4790281057357788,False
tokyo_80051_relational_between,80051,stress_test,relational_between,vector,9,2018_1480032__event_002,0.4665028750896454,False
tokyo_80051_relational_between,80051,stress_test,relational_between,vector,10,2018_1480016__event_001,0.4614219665527344,False
tokyo_80051_relational_between,80051,stress_test,relational_between,vector,11,2018_1480041__event_002,0.45704299211502075,False
tokyo_80051_relational_between,80051,stress_test,relational_between,vector,12,2018_1480012__event_001,0.4482002258300781,False
tokyo_80051_relational_between,80051,stress_test,relational_between,vector,13,2018_1480032__event_003,0.4458097517490387,False
tokyo_80051_relational_between,80051,stress_test,relational_between,vector,14,2018_1480018__event_003,0.438720703125,False
tokyo_80051_relational_between,80051,stress_test,relational_between,vector,15,2018_1480043__event_002,0.43694400787353516,False
tokyo_80051_relational_between,80051,stress_test,relational_between,vector,16,2018_1480003__event_002,0.4250958263874054,False
tokyo_80051_relational_between,80051,stress_test,relational_between,vector,17,2018_1480027__event_001,0.424385666847229,False
tokyo_80051_relational_between,80051,stress_test,relational_between,vector,18,2018_1480047__event_002,0.42343127727508545,False
tokyo_80051_relational_between,80051,stress_test,relational_between,vector,19,2018_1480050__event_002,0.422768771648407,False
tokyo_80051_relational_between,80051,stress_test,relational_between,vector,20,2018_1480015__event_001,0.41236376762390137,False
tokyo_80051_relational_between,80051,stress_test,relational_between,vector,21,2018_1480032__event_001,0.4106408953666687,False
tokyo_80051_relational_between,80051,stress_test,relational_between,vector,22,2018_1480050__event_001,0.41015198826789856,False
tokyo_80051_relational_between,80051,stress_test,relational_between,vector,23,2018_1480044__event_001,0.4056190848350525,False
tokyo_80051_relational_between,80051,stress_test,relational_between,vector,24,2018_1480056__event_001,0.40002354979515076,False
tokyo_80051_relational_between,80051,stress_test,relational_between,vector,25,2018_1480047__event_001,0.39376014471054077,False
tokyo_80051_relational_between,80051,stress_test,relational_between,vector,26,2018_1480041__event_001,0.3875759243965149,False
tokyo_80051_relational_between,80051,stress_test,relational_between,vector,27,2018_1480003__event_001,0.37605634331703186,False
tokyo_80051_relational_between,80051,stress_test,relational_between,vector,28,2018_1480012__event_002,0.37351033091545105,False
tokyo_80051_relational_between,80051,stress_test,relational_between,vector,29,2018_1480045__event_001,0.3587895333766937,False
tokyo_80051_relational_between,80051,stress_test,relational_between,vector,30,2018_1480024__event_001,0.3524962067604065,False
tokyo_80051_relational_between,80051,stress_test,relational_between,vector,31,2018_1480056__event_002,0.348849892616272,False
tokyo_80051_relational_between,80051,stress_test,relational_between,vector,32,2018_1480024__event_002,0.33121025562286377,False
tokyo_80051_relational_between,80051,stress_test,relational_between,vector,33,2018_1480015__event_002,0.24922527372837067,False
tokyo_80051_relational_between,80051,stress_test,relational_between,vector,34,2018_1480018__event_001,0.24182750284671783,False
tokyo_80415_relational_between,80415,stress_test,relational_between,vector,1,2018_1485455__event_002,0.7525275945663452,False
tokyo_80415_relational_between,80415,stress_test,relational_between,vector,2,2018_1485514__event_002,0.6556471586227417,False
tokyo_80415_relational_between,80415,stress_test,relational_between,vector,3,2018_1485539__event_002,0.6554012298583984,False
tokyo_80415_relational_between,80415,stress_test,relational_between,vector,4,2018_1485473__event_003,0.6370047926902771,False
tokyo_80415_relational_between,80415,stress_test,relational_between,vector,5,2018_1485466__event_002,0.4917657971382141,False
tokyo_80415_relational_between,80415,stress_test,relational_between,vector,6,2018_1485496__event_001,0.45795556902885437,False
tokyo_80415_relational_between,80415,stress_test,relational_between,vector,7,2018_1485455__event_003,0.4211684465408325,False
tokyo_80415_relational_between,80415,stress_test,relational_between,vector,8,2018_1485498__event_002,0.41248035430908203,False
tokyo_80415_relational_between,80415,stress_test,relational_between,vector,9,2018_1485536__event_001,0.4054849445819855,False
tokyo_80415_relational_between,80415,stress_test,relational_between,vector,10,2018_1485455__event_001,0.4045679569244385,False
tokyo_80415_relational_between,80415,stress_test,relational_between,vector,11,2018_1485496__event_002,0.4001423120498657,False
tokyo_80415_relational_between,80415,stress_test,relational_between,vector,12,2018_1485532__event_001,0.39658188819885254,False
tokyo_80415_relational_between,80415,stress_test,relational_between,vector,13,2018_1485522__event_003,0.3908962309360504,False
tokyo_80415_relational_between,80415,stress_test,relational_between,vector,14,2018_1485539__event_001,0.38110020756721497,False
tokyo_80415_relational_between,80415,stress_test,relational_between,vector,15,2018_1485473__event_002,0.3794883191585541,False
tokyo_80415_relational_between,80415,stress_test,relational_between,vector,16,2018_1485536__event_002,0.3739648163318634,False
tokyo_80415_relational_between,80415,stress_test,relational_between,vector,17,2018_1485532__event_002,0.3692227602005005,False
tokyo_80415_relational_between,80415,stress_test,relational_between,vector,18,2018_1485522__event_001,0.36485546827316284,False
tokyo_80415_relational_between,80415,stress_test,relational_between,vector,19,2018_1485522__event_002,0.3643782138824463,False
tokyo_80415_relational_between,80415,stress_test,relational_between,vector,20,2018_1485466__event_001,0.36417657136917114,False
tokyo_80415_relational_between,80415,stress_test,relational_between,vector,21,2018_1485526__event_002,0.36103764176368713,False
tokyo_80415_relational_between,80415,stress_test,relational_between,vector,22,2018_1485526__event_001,0.35798150300979614,False
tokyo_80415_relational_between,80415,stress_test,relational_between,vector,23,2018_1485473__event_001,0.35148561000823975,False
tokyo_80415_relational_between,80415,stress_test,relational_between,vector,24,2018_1485498__event_001,0.2868567109107971,False
tokyo_80415_relational_between,80415,stress_test,relational_between,vector,25,2018_1485514__event_001,0.28142520785331726,False
tokyo_80480_relational_between,80480,stress_test,relational_between,vector,1,2018_1486542__event_002,0.7328129410743713,False
tokyo_80480_relational_between,80480,stress_test,relational_between,vector,2,2018_1486537__event_004,0.7072732448577881,False
tokyo_80480_relational_between,80480,stress_test,relational_between,vector,3,2018_1486550__event_001,0.6473855972290039,False
tokyo_80480_relational_between,80480,stress_test,relational_between,vector,4,2018_1486523__event_001,0.637345016002655,False
tokyo_80480_relational_between,80480,stress_test,relational_between,vector,5,2018_1486542__event_001,0.6335161924362183,False
tokyo_80480_relational_between,80480,stress_test,relational_between,vector,6,2018_1486523__event_003,0.6293393969535828,False
tokyo_80480_relational_between,80480,stress_test,relational_between,vector,7,2018_1486546__event_002,0.6261911988258362,False
tokyo_80480_relational_between,80480,stress_test,relational_between,vector,8,2018_1486548__event_002,0.6255286335945129,False
tokyo_80480_relational_between,80480,stress_test,relational_between,vector,9,2018_1486545__event_002,0.6205415725708008,False
tokyo_80480_relational_between,80480,stress_test,relational_between,vector,10,2018_1486556__event_003,0.6202491521835327,False
tokyo_80480_relational_between,80480,stress_test,relational_between,vector,11,2018_1486512__event_001,0.6148752570152283,False
tokyo_80480_relational_between,80480,stress_test,relational_between,vector,12,2018_1486505__event_002,0.602157711982727,False
tokyo_80480_relational_between,80480,stress_test,relational_between,vector,13,2018_1486537__event_003,0.5945168733596802,False
tokyo_80480_relational_between,80480,stress_test,relational_between,vector,14,2018_1486514__event_002,0.5933944582939148,False
tokyo_80480_relational_between,80480,stress_test,relational_between,vector,15,2018_1486537__event_001,0.577302098274231,False
tokyo_80480_relational_between,80480,stress_test,relational_between,vector,16,2018_1486558__event_001,0.5759121775627136,False
tokyo_80480_relational_between,80480,stress_test,relational_between,vector,17,2018_1486548__event_001,0.5432440042495728,False
tokyo_80480_relational_between,80480,stress_test,relational_between,vector,18,2018_1486537__event_002,0.5372271537780762,False
tokyo_80480_relational_between,80480,stress_test,relational_between,vector,19,2018_1486523__event_002,0.5314738750457764,False
tokyo_80480_relational_between,80480,stress_test,relational_between,vector,20,2018_1486540__event_003,0.5264948010444641,False
tokyo_80480_relational_between,80480,stress_test,relational_between,vector,21,2018_1486546__event_001,0.5256549119949341,False
tokyo_80480_relational_between,80480,stress_test,relational_between,vector,22,2018_1486544__event_002,0.5233691930770874,False
tokyo_80480_relational_between,80480,stress_test,relational_between,vector,23,2018_1486512__event_002,0.5230735540390015,False
tokyo_80480_relational_between,80480,stress_test,relational_between,vector,24,2018_1486514__event_001,0.5168008208274841,False
tokyo_80480_relational_between,80480,stress_test,relational_between,vector,25,2018_1486556__event_002,0.5140496492385864,False
tokyo_80480_relational_between,80480,stress_test,relational_between,vector,26,2018_1486547__event_001,0.51316899061203,False
tokyo_80480_relational_between,80480,stress_test,relational_between,vector,27,2018_1486550__event_002,0.5118246078491211,False
tokyo_80480_relational_between,80480,stress_test,relational_between,vector,28,2018_1486551__event_002,0.5052491426467896,False
tokyo_80480_relational_between,80480,stress_test,relational_between,vector,29,2018_1486540__event_002,0.5017340183258057,False
tokyo_80480_relational_between,80480,stress_test,relational_between,vector,30,2018_1486505__event_001,0.4906091094017029,False
tokyo_80480_relational_between,80480,stress_test,relational_between,vector,31,2018_1486558__event_002,0.4844662547111511,False
tokyo_80480_relational_between,80480,stress_test,relational_between,vector,32,2018_1486551__event_001,0.4756017327308655,False
tokyo_80480_relational_between,80480,stress_test,relational_between,vector,33,2018_1486556__event_001,0.47181740403175354,False
tokyo_80480_relational_between,80480,stress_test,relational_between,vector,34,2018_1486545__event_001,0.47156643867492676,False
tokyo_80480_relational_between,80480,stress_test,relational_between,vector,35,2018_1486540__event_001,0.46430468559265137,False
tokyo_80480_relational_between,80480,stress_test,relational_between,vector,36,2018_1486542__event_003,0.4521835446357727,False
tokyo_80480_relational_between,80480,stress_test,relational_between,vector,37,2018_1486544__event_001,0.44775301218032837,False
tokyo_80480_relational_between,80480,stress_test,relational_between,vector,38,2018_1486547__event_002,0.4418819844722748,False
tokyo_86988_relational_between,86988,stress_test,relational_between,vector,1,2018_1596327__event_003,0.7602458000183105,True
tokyo_86988_relational_between,86988,stress_test,relational_between,vector,2,2018_1596327__event_004,0.7001352310180664,True
tokyo_86988_relational_between,86988,stress_test,relational_between,vector,3,2018_1596327__event_002,0.6291695237159729,True
tokyo_86988_relational_between,86988,stress_test,relational_between,vector,4,2018_1596314__event_002,0.5045783519744873,True
tokyo_86988_relational_between,86988,stress_test,relational_between,vector,5,2018_1596314__event_001,0.4969204068183899,True
tokyo_86988_relational_between,86988,stress_test,relational_between,vector,6,2018_1596300__event_002,0.4812348484992981,True
tokyo_86988_relational_between,86988,stress_test,relational_between,vector,7,2018_1596296__event_003,0.4782909154891968,True
tokyo_86988_relational_between,86988,stress_test,relational_between,vector,8,2018_1596293__event_002,0.4782150983810425,True
tokyo_86988_relational_between,86988,stress_test,relational_between,vector,9,2018_1596285__event_001,0.47715893387794495,True
tokyo_86988_relational_between,86988,stress_test,relational_between,vector,10,2018_1596317__event_002,0.4752780795097351,True
tokyo_86988_relational_between,86988,stress_test,relational_between,vector,11,2018_1596300__event_004,0.4749980568885803,True
tokyo_86988_relational_between,86988,stress_test,relational_between,vector,12,2018_1596284__event_001,0.47212105989456177,True
tokyo_86988_relational_between,86988,stress_test,relational_between,vector,13,2018_1596293__event_001,0.47206127643585205,True
tokyo_86988_relational_between,86988,stress_test,relational_between,vector,14,2018_1596300__event_003,0.47132501006126404,True
tokyo_86988_relational_between,86988,stress_test,relational_between,vector,15,2018_1596311__event_001,0.46796393394470215,True
tokyo_86988_relational_between,86988,stress_test,relational_between,vector,16,2018_1596323__event_001,0.4678208827972412,True
tokyo_86988_relational_between,86988,stress_test,relational_between,vector,17,2018_1596310__event_001,0.46694159507751465,True
tokyo_86988_relational_between,86988,stress_test,relational_between,vector,18,2018_1596312__event_002,0.465823233127594,True
tokyo_86988_relational_between,86988,stress_test,relational_between,vector,19,2018_1596296__event_002,0.4622441828250885,True
tokyo_86988_relational_between,86988,stress_test,relational_between,vector,20,2018_1596297__event_001,0.46070459485054016,True
tokyo_86988_relational_between,86988,stress_test,relational_between,vector,21,2018_1596285__event_002,0.45876872539520264,True
tokyo_86988_relational_between,86988,stress_test,relational_between,vector,22,2018_1596292__event_001,0.445932537317276,True
tokyo_86988_relational_between,86988,stress_test,relational_between,vector,23,2018_1596327__event_005,0.4438387155532837,True
tokyo_86988_relational_between,86988,stress_test,relational_between,vector,24,2018_1596284__event_002,0.4424589276313782,True
tokyo_86988_relational_between,86988,stress_test,relational_between,vector,25,2018_1596282__event_001,0.4424513578414917,True
tokyo_86988_relational_between,86988,stress_test,relational_between,vector,26,2018_1596279__event_001,0.43617260456085205,True
tokyo_86988_relational_between,86988,stress_test,relational_between,vector,27,2018_1596324__event_002,0.4344440698623657,True
tokyo_86988_relational_between,86988,stress_test,relational_between,vector,28,2018_1596282__event_002,0.4255717992782593,True
tokyo_86988_relational_between,86988,stress_test,relational_between,vector,29,2018_1596278__event_002,0.41162383556365967,True
tokyo_86988_relational_between,86988,stress_test,relational_between,vector,30,2018_1596277__event_003,0.4100140333175659,True
tokyo_86988_relational_between,86988,stress_test,relational_between,vector,31,2018_1596327__event_001,0.40113168954849243,True
tokyo_86988_relational_between,86988,stress_test,relational_between,vector,32,2018_1596317__event_001,0.39946454763412476,True
tokyo_86988_relational_between,86988,stress_test,relational_between,vector,33,2018_1596283__event_002,0.39866340160369873,True
tokyo_86988_relational_between,86988,stress_test,relational_between,vector,34,2018_1596300__event_001,0.39142799377441406,True
tokyo_86988_relational_between,86988,stress_test,relational_between,vector,35,2018_1596312__event_001,0.38925039768218994,True
tokyo_86988_relational_between,86988,stress_test,relational_between,vector,36,2018_1596324__event_001,0.3689350485801697,True
tokyo_86988_relational_between,86988,stress_test,relational_between,vector,37,2018_1596277__event_001,0.35904061794281006,True
tokyo_86988_relational_between,86988,stress_test,relational_between,vector,38,2018_1596278__event_001,0.3517732620239258,True
tokyo_86988_relational_between,86988,stress_test,relational_between,vector,39,2018_1596283__event_001,0.3419409394264221,True
tokyo_86988_relational_between,86988,stress_test,relational_between,vector,40,2018_1596323__event_002,0.3404303193092346,True
tokyo_86988_relational_between,86988,stress_test,relational_between,vector,41,2018_1596311__event_002,0.3386684060096741,True
tokyo_86988_relational_between,86988,stress_test,relational_between,vector,42,2018_1596297__event_002,0.33311620354652405,True
tokyo_86988_relational_between,86988,stress_test,relational_between,vector,43,2018_1596292__event_002,0.33078545331954956,True
tokyo_86988_relational_between,86988,stress_test,relational_between,vector,44,2018_1596310__event_002,0.3300480246543884,True
tokyo_86988_relational_between,86988,stress_test,relational_between,vector,45,2018_1596277__event_002,0.32903996109962463,True
tokyo_86988_relational_between,86988,stress_test,relational_between,vector,46,2018_1596279__event_002,0.31767114996910095,True
tokyo_86988_relational_between,86988,stress_test,relational_between,vector,47,2018_1596296__event_001,0.30752211809158325,True
tokyo_88625_relational_between,88625,stress_test,relational_between,vector,1,2018_1619221__event_002,0.7248645424842834,False
tokyo_88625_relational_between,88625,stress_test,relational_between,vector,2,2018_1619235__event_003,0.7227014303207397,False
tokyo_88625_relational_between,88625,stress_test,relational_between,vector,3,2018_1619231__event_001,0.7174219489097595,False
tokyo_88625_relational_between,88625,stress_test,relational_between,vector,4,2018_1619222__event_001,0.7102372646331787,False
tokyo_88625_relational_between,88625,stress_test,relational_between,vector,5,2018_1619225__event_001,0.7092118263244629,False
tokyo_88625_relational_between,88625,stress_test,relational_between,vector,6,2018_1619221__event_001,0.7049061059951782,False
tokyo_88625_relational_between,88625,stress_test,relational_between,vector,7,2018_1619242__event_003,0.7033581137657166,False
tokyo_88625_relational_between,88625,stress_test,relational_between,vector,8,2018_1619225__event_003,0.6925442218780518,False
tokyo_88625_relational_between,88625,stress_test,relational_between,vector,9,2018_1619231__event_003,0.6785863041877747,False
tokyo_88625_relational_between,88625,stress_test,relational_between,vector,10,2018_1619234__event_001,0.6681318879127502,False
tokyo_88625_relational_between,88625,stress_test,relational_between,vector,11,2018_1619240__event_001,0.6673256158828735,False
tokyo_88625_relational_between,88625,stress_test,relational_between,vector,12,2018_1619239__event_002,0.6169961094856262,False
tokyo_88625_relational_between,88625,stress_test,relational_between,vector,13,2018_1619225__event_002,0.6123306751251221,False
tokyo_88625_relational_between,88625,stress_test,relational_between,vector,14,2018_1619235__event_002,0.5941143035888672,False
tokyo_88625_relational_between,88625,stress_test,relational_between,vector,15,2018_1619221__event_003,0.5764943361282349,False
tokyo_88625_relational_between,88625,stress_test,relational_between,vector,16,2018_1619231__event_002,0.5655995607376099,False
tokyo_88625_relational_between,88625,stress_test,relational_between,vector,17,2018_1619242__event_002,0.5488328337669373,False
tokyo_88625_relational_between,88625,stress_test,relational_between,vector,18,2018_1619235__event_004,0.5289981961250305,False
tokyo_88625_relational_between,88625,stress_test,relational_between,vector,19,2018_1619230__event_001,0.5111268758773804,False
tokyo_88625_relational_between,88625,stress_test,relational_between,vector,20,2018_1619236__event_001,0.5029686689376831,False
tokyo_88625_relational_between,88625,stress_test,relational_between,vector,21,2018_1619240__event_002,0.5027803182601929,False
tokyo_88625_relational_between,88625,stress_test,relational_between,vector,22,2018_1619242__event_001,0.5023902654647827,False
tokyo_88625_relational_between,88625,stress_test,relational_between,vector,23,2018_1619234__event_002,0.4899255931377411,False
tokyo_88625_relational_between,88625,stress_test,relational_between,vector,24,2018_1619235__event_001,0.48649367690086365,False
tokyo_88625_relational_between,88625,stress_test,relational_between,vector,25,2018_1619222__event_002,0.4810224771499634,False
tokyo_88625_relational_between,88625,stress_test,relational_between,vector,26,2018_1619236__event_002,0.4707515835762024,False
tokyo_88625_relational_between,88625,stress_test,relational_between,vector,27,2018_1619239__event_001,0.46049028635025024,False
tokyo_88625_relational_between,88625,stress_test,relational_between,vector,28,2018_1619219__event_002,0.4523041248321533,False
tokyo_88625_relational_between,88625,stress_test,relational_between,vector,29,2018_1619218__event_002,0.4510570764541626,False
tokyo_88625_relational_between,88625,stress_test,relational_between,vector,30,2018_1619219__event_001,0.45060694217681885,False
tokyo_88625_relational_between,88625,stress_test,relational_between,vector,31,2018_1619218__event_001,0.44732874631881714,False
tokyo_88625_relational_between,88625,stress_test,relational_between,vector,32,2018_1619230__event_002,0.4449758529663086,False
tokyo_88793_relational_between,88793,stress_test,relational_between,vector,1,2018_1621562__event_002,0.7338584661483765,True
tokyo_88793_relational_between,88793,stress_test,relational_between,vector,2,2018_1621574__event_002,0.7022777795791626,True
tokyo_88793_relational_between,88793,stress_test,relational_between,vector,3,2018_1621567__event_002,0.6528881788253784,True
tokyo_88793_relational_between,88793,stress_test,relational_between,vector,4,2018_1621580__event_002,0.6402702331542969,True
tokyo_88793_relational_between,88793,stress_test,relational_between,vector,5,2018_1621562__event_003,0.6377589702606201,True
tokyo_88793_relational_between,88793,stress_test,relational_between,vector,6,2018_1621594__event_001,0.6327579617500305,True
tokyo_88793_relational_between,88793,stress_test,relational_between,vector,7,2018_1621580__event_001,0.6311273574829102,True
tokyo_88793_relational_between,88793,stress_test,relational_between,vector,8,2018_1621581__event_001,0.6233296394348145,True
tokyo_88793_relational_between,88793,stress_test,relational_between,vector,9,2018_1621574__event_001,0.6210898160934448,True
tokyo_88793_relational_between,88793,stress_test,relational_between,vector,10,2018_1621581__event_002,0.6197697520256042,True
tokyo_88793_relational_between,88793,stress_test,relational_between,vector,11,2018_1621561__event_001,0.6107708215713501,True
tokyo_88793_relational_between,88793,stress_test,relational_between,vector,12,2018_1621563__event_001,0.6072494983673096,True
tokyo_88793_relational_between,88793,stress_test,relational_between,vector,13,2018_1621591__event_002,0.6064279675483704,True
tokyo_88793_relational_between,88793,stress_test,relational_between,vector,14,2018_1621569__event_002,0.6042864322662354,True
tokyo_88793_relational_between,88793,stress_test,relational_between,vector,15,2018_1621589__event_002,0.5995612144470215,True
tokyo_88793_relational_between,88793,stress_test,relational_between,vector,16,2018_1621564__event_002,0.599388062953949,True
tokyo_88793_relational_between,88793,stress_test,relational_between,vector,17,2018_1621561__event_003,0.5986678600311279,True
tokyo_88793_relational_between,88793,stress_test,relational_between,vector,18,2018_1621565__event_003,0.5845047235488892,True
tokyo_88793_relational_between,88793,stress_test,relational_between,vector,19,2018_1621571__event_002,0.5677412152290344,True
tokyo_88793_relational_between,88793,stress_test,relational_between,vector,20,2018_1621583__event_004,0.5587285757064819,True
tokyo_88793_relational_between,88793,stress_test,relational_between,vector,21,2018_1621582__event_002,0.5550533533096313,True
tokyo_88793_relational_between,88793,stress_test,relational_between,vector,22,2018_1621566__event_002,0.5437641143798828,True
tokyo_88793_relational_between,88793,stress_test,relational_between,vector,23,2018_1621573__event_002,0.5340486764907837,True
tokyo_88793_relational_between,88793,stress_test,relational_between,vector,24,2018_1621565__event_001,0.5295990109443665,True
tokyo_88793_relational_between,88793,stress_test,relational_between,vector,25,2018_1621573__event_001,0.5262397527694702,True
tokyo_88793_relational_between,88793,stress_test,relational_between,vector,26,2018_1621589__event_001,0.5108871459960938,True
tokyo_88793_relational_between,88793,stress_test,relational_between,vector,27,2018_1621561__event_002,0.5069569945335388,True
tokyo_88793_relational_between,88793,stress_test,relational_between,vector,28,2018_1621592__event_002,0.49262934923171997,True
tokyo_88793_relational_between,88793,stress_test,relational_between,vector,29,2018_1621564__event_001,0.4879279136657715,True
tokyo_88793_relational_between,88793,stress_test,relational_between,vector,30,2018_1621569__event_001,0.483083575963974,True
tokyo_88793_relational_between,88793,stress_test,relational_between,vector,31,2018_1621568__event_001,0.47637939453125,True
tokyo_88793_relational_between,88793,stress_test,relational_between,vector,32,2018_1621583__event_003,0.47467219829559326,True
tokyo_88793_relational_between,88793,stress_test,relational_between,vector,33,2018_1621591__event_001,0.47452670335769653,True
tokyo_88793_relational_between,88793,stress_test,relational_between,vector,34,2018_1621562__event_001,0.47122132778167725,True
tokyo_88793_relational_between,88793,stress_test,relational_between,vector,35,2018_1621592__event_001,0.47083622217178345,True
tokyo_88793_relational_between,88793,stress_test,relational_between,vector,36,2018_1621583__event_002,0.4658702611923218,True
tokyo_88793_relational_between,88793,stress_test,relational_between,vector,37,2018_1621583__event_001,0.4649297595024109,True
tokyo_88793_relational_between,88793,stress_test,relational_between,vector,38,2018_1621562__event_004,0.4640549123287201,True
tokyo_88793_relational_between,88793,stress_test,relational_between,vector,39,2018_1621563__event_002,0.463030070066452,True
tokyo_88793_relational_between,88793,stress_test,relational_between,vector,40,2018_1621568__event_002,0.4608108401298523,True
tokyo_88793_relational_between,88793,stress_test,relational_between,vector,41,2018_1621590__event_001,0.44588208198547363,True
tokyo_88793_relational_between,88793,stress_test,relational_between,vector,42,2018_1621565__event_002,0.4029088616371155,True
tokyo_88793_relational_between,88793,stress_test,relational_between,vector,43,2018_1621590__event_002,0.3827294111251831,True
tokyo_88793_relational_between,88793,stress_test,relational_between,vector,44,2018_1621571__event_001,0.3610438108444214,True
tokyo_88793_relational_between,88793,stress_test,relational_between,vector,45,2018_1621567__event_001,0.3562390208244324,True
tokyo_88793_relational_between,88793,stress_test,relational_between,vector,46,2018_1621594__event_002,0.35076743364334106,True
tokyo_88793_relational_between,88793,stress_test,relational_between,vector,47,2018_1621582__event_001,0.310036301612854,True
tokyo_88793_relational_between,88793,stress_test,relational_between,vector,48,2018_1621570__event_001,0.3012402057647705,True
tokyo_88793_relational_between,88793,stress_test,relational_between,vector,49,2018_1621570__event_002,0.29333487153053284,True
tokyo_88793_relational_between,88793,stress_test,relational_between,vector,50,2018_1621566__event_001,0.27946335077285767,True
