trail_id,user_id,venue_id,latitude,longitude,name,address,venue_category,venue_category_id,venue_category_id_code,venue_city,venue_city_latitude,venue_city_longitude,venue_country,timestamp
2018_23832,1172,3565,35.60977068494699,139.34513228372197,セブンイレブン 町田小山ヶ丘6丁目店,小山ヶ丘6-2-1,Convenience Store,4d954b0ea243a5684a65b473,215,Hachiōji,35.65583,139.32389,JP,2017-10-11 16:15:00
2018_23832,1172,80,35.686372308734526,139.34108496154775,道の駅 八王子滝山,滝山町1-592-2,Rest Area,4d954b16a243a5684b65b473,216,Hachiōji,35.65583,139.32389,JP,2017-10-11 16:49:00
2018_23837,1172,374,35.60353485022223,139.3634499350297,ライコランド 多摩境店,小山ヶ丘4-3-5,Motorcycle Shop,5032833091d4c4b30a586d60,250,Hachiōji,35.65583,139.32389,JP,2017-11-01 09:55:00
2018_23837,1172,3565,35.60977068494699,139.34513228372197,セブンイレブン 町田小山ヶ丘6丁目店,小山ヶ丘6-2-1,Convenience Store,4d954b0ea243a5684a65b473,215,Hachiōji,35.65583,139.32389,JP,2017-11-01 17:15:00
2018_23852,1172,923,35.575954890414366,139.36664632327975,ENEOS Dr. DriveセルフR16相模原店,中央区清新3-1-2,Gas Station,4bf58dd8d48988d113951735,28,Hachiōji,35.65583,139.32389,JP,2017-11-27 15:10:00
2018_23852,1172,923,35.575954890414366,139.36664632327975,ENEOS Dr. DriveセルフR16相模原店,中央区清新3-1-2,Gas Station,4bf58dd8d48988d113951735,28,Hachiōji,35.65583,139.32389,JP,2017-11-29 16:31:00
2018_23860,1172,374,35.60353485022223,139.3634499350297,ライコランド 多摩境店,小山ヶ丘4-3-5,Motorcycle Shop,5032833091d4c4b30a586d60,250,Hachiōji,35.65583,139.32389,JP,2017-12-13 10:17:00
2018_23860,1172,923,35.575954890414366,139.36664632327975,ENEOS Dr. DriveセルフR16相模原店,中央区清新3-1-2,Gas Station,4bf58dd8d48988d113951735,28,Hachiōji,35.65583,139.32389,JP,2017-12-13 16:00:00
2018_23863,1172,923,35.575954890414366,139.36664632327975,ENEOS Dr. DriveセルフR16相模原店,中央区清新3-1-2,Gas Station,4bf58dd8d48988d113951735,28,Hachiōji,35.65583,139.32389,JP,2017-12-20 15:26:00
2018_23863,1172,1312,35.58505751918121,139.23633921149408,津久井湖ゴルフ倶楽部,緑区三ケ木492,Golf Course,4bf58dd8d48988d1e6941735,172,Hachiōji,35.65583,139.32389,JP,2017-12-20 21:32:00
2018_23868,1172,374,35.60353485022223,139.3634499350297,ライコランド 多摩境店,小山ヶ丘4-3-5,Motorcycle Shop,5032833091d4c4b30a586d60,250,Hachiōji,35.65583,139.32389,JP,2017-12-29 09:04:00
2018_23868,1172,4088,35.583516,139.355814,相模原2りんかん,中央区小山3-37-1,Motorcycle Shop,5032833091d4c4b30a586d60,250,Hachiōji,35.65583,139.32389,JP,2017-12-29 09:16:00
2018_23868,1172,4543,35.597259910396374,139.3114260486873,町田商店 城山店,緑区原宿2-10-4,Ramen Restaurant,55a59bace4b013909087cb24,335,Hachiōji,35.65583,139.32389,JP,2017-12-29 11:20:00
2018_23870,1172,4543,35.597259910396374,139.3114260486873,町田商店 城山店,緑区原宿2-10-4,Ramen Restaurant,55a59bace4b013909087cb24,335,Hachiōji,35.65583,139.32389,JP,2018-01-02 09:29:00
2018_23870,1172,923,35.575954890414366,139.36664632327975,ENEOS Dr. DriveセルフR16相模原店,中央区清新3-1-2,Gas Station,4bf58dd8d48988d113951735,28,Hachiōji,35.65583,139.32389,JP,2018-01-02 16:03:00
2018_23876,1172,2693,35.60271853742271,139.36496166598786,ファミリーマート 町田多摩境店,小山ヶ丘5-1-4,Convenience Store,4d954b0ea243a5684a65b473,215,Hachiōji,35.65583,139.32389,JP,2018-01-14 03:06:00
2018_23876,1172,1254,35.553984,139.261701,オギノパン 本社工場直売店,緑区長竹2841,Bakery,4bf58dd8d48988d16a941735,100,Hachiōji,35.65583,139.32389,JP,2018-01-14 04:03:00
2018_23876,1172,358,35.539018,139.223096,鳥居原ふれあいの館,緑区鳥屋1674,Farmers Market,4bf58dd8d48988d1fa941735,195,Hachiōji,35.65583,139.32389,JP,2018-01-14 04:38:00
2018_23876,1172,374,35.60353485022223,139.3634499350297,ライコランド 多摩境店,小山ヶ丘4-3-5,Motorcycle Shop,5032833091d4c4b30a586d60,250,Hachiōji,35.65583,139.32389,JP,2018-01-14 06:46:00
2018_23879,1172,358,35.539018,139.223096,鳥居原ふれあいの館,緑区鳥屋1674,Farmers Market,4bf58dd8d48988d1fa941735,195,Hachiōji,35.65583,139.32389,JP,2018-01-21 07:10:00
2018_23879,1172,1254,35.553984,139.261701,オギノパン 本社工場直売店,緑区長竹2841,Bakery,4bf58dd8d48988d16a941735,100,Hachiōji,35.65583,139.32389,JP,2018-01-21 08:24:00
2018_23879,1172,2569,35.58975370633101,139.30810191704714,ENEOS Dr. Drive城山店,緑区向原4丁目1-21,Gas Station,4bf58dd8d48988d113951735,28,Hachiōji,35.65583,139.32389,JP,2018-01-21 08:55:00
2018_23883,1172,2693,35.60271853742271,139.36496166598786,ファミリーマート 町田多摩境店,小山ヶ丘5-1-4,Convenience Store,4d954b0ea243a5684a65b473,215,Hachiōji,35.65583,139.32389,JP,2018-01-29 10:27:00
2018_23883,1172,4543,35.597259910396374,139.3114260486873,町田商店 城山店,緑区原宿2-10-4,Ramen Restaurant,55a59bace4b013909087cb24,335,Hachiōji,35.65583,139.32389,JP,2018-01-29 10:56:00
2018_23883,1172,1057,35.6061296643717,139.3171331468694,セブンイレブン 町田相原店,相原町2177-1,Convenience Store,4d954b0ea243a5684a65b473,215,Hachiōji,35.65583,139.32389,JP,2018-01-29 11:44:00
2018_23884,1172,1605,35.60337189824927,139.37211686186492,オートバックス 多摩境店,小山ヶ丘2-3-4,Automotive Shop,4bf58dd8d48988d124951735,52,Hachiōji,35.65583,139.32389,JP,2018-01-30 02:15:00
2018_23884,1172,214,35.602004112899714,139.3749052346156,カインズ 町田多摩境店,小山ヶ丘3-6-6,Furniture / Home Store,4bf58dd8d48988d1f8941735,191,Hachiōji,35.65583,139.32389,JP,2018-01-30 03:05:00
2018_23885,1172,374,35.60353485022223,139.3634499350297,ライコランド 多摩境店,小山ヶ丘4-3-5,Motorcycle Shop,5032833091d4c4b30a586d60,250,Hachiōji,35.65583,139.32389,JP,2018-01-31 02:48:00
2018_23885,1172,1057,35.6061296643717,139.3171331468694,セブンイレブン 町田相原店,相原町2177-1,Convenience Store,4d954b0ea243a5684a65b473,215,Hachiōji,35.65583,139.32389,JP,2018-01-31 06:30:00
2018_23885,1172,2693,35.60271853742271,139.36496166598786,ファミリーマート 町田多摩境店,小山ヶ丘5-1-4,Convenience Store,4d954b0ea243a5684a65b473,215,Hachiōji,35.65583,139.32389,JP,2018-01-31 08:02:00
2018_23888,1172,374,35.60353485022223,139.3634499350297,ライコランド 多摩境店,小山ヶ丘4-3-5,Motorcycle Shop,5032833091d4c4b30a586d60,250,Hachiōji,35.65583,139.32389,JP,2018-02-09 13:51:00
2018_23888,1172,2693,35.60271853742271,139.36496166598786,ファミリーマート 町田多摩境店,小山ヶ丘5-1-4,Convenience Store,4d954b0ea243a5684a65b473,215,Hachiōji,35.65583,139.32389,JP,2018-02-09 13:56:00
2018_23888,1172,3044,35.59605474320807,139.34386337264672,めん処 仁兵衛 橋本北口店,緑区橋本6-2-2,Ramen Restaurant,55a59bace4b013909087cb24,335,Hachiōji,35.65583,139.32389,JP,2018-02-09 14:16:00
2018_23894,1172,358,35.539018,139.223096,鳥居原ふれあいの館,緑区鳥屋1674,Farmers Market,4bf58dd8d48988d1fa941735,195,Hachiōji,35.65583,139.32389,JP,2018-02-17 07:05:00
2018_23894,1172,1254,35.553984,139.261701,オギノパン 本社工場直売店,緑区長竹2841,Bakery,4bf58dd8d48988d16a941735,100,Hachiōji,35.65583,139.32389,JP,2018-02-17 08:02:00
2018_23905,1172,409,35.666897,139.353553,ブロンコビリー,大和田町5-33-5,Steakhouse,4bf58dd8d48988d1cc941735,154,Hachiōji,35.65583,139.32389,JP,2018-03-17 11:55:00
2018_23905,1172,2693,35.60271853742271,139.36496166598786,ファミリーマート 町田多摩境店,小山ヶ丘5-1-4,Convenience Store,4d954b0ea243a5684a65b473,215,Hachiōji,35.65583,139.32389,JP,2018-03-17 14:38:00
2018_23911,1172,282,35.60248766689159,139.3695793300867,マクドナルド,小山ヶ丘3-22-1,Fast Food Restaurant,4bf58dd8d48988d16e941735,104,Hachiōji,35.65583,139.32389,JP,2018-03-26 23:46:00
2018_23911,1172,2693,35.60271853742271,139.36496166598786,ファミリーマート 町田多摩境店,小山ヶ丘5-1-4,Convenience Store,4d954b0ea243a5684a65b473,215,Hachiōji,35.65583,139.32389,JP,2018-03-27 07:45:00
2018_23915,1172,358,35.539018,139.223096,鳥居原ふれあいの館,緑区鳥屋1674,Farmers Market,4bf58dd8d48988d1fa941735,195,Hachiōji,35.65583,139.32389,JP,2018-04-01 06:40:00
2018_23915,1172,2569,35.58975370633101,139.30810191704714,ENEOS Dr. Drive城山店,緑区向原4丁目1-21,Gas Station,4bf58dd8d48988d113951735,28,Hachiōji,35.65583,139.32389,JP,2018-04-01 08:52:00
2018_23917,1172,3937,35.59590368411687,139.34615804722205,鳥貴族 橋本店,緑区橋本3-27-12,Sake Bar,4bf58dd8d48988d11c941735,40,Hachiōji,35.65583,139.32389,JP,2018-04-07 10:50:00
2018_23917,1172,1188,35.596673040590105,139.34590404073944,カラオケファンタジー 橋本北口店,緑区橋本3-30,Karaoke Box,5744ccdfe4b0c0459246b4bb,353,Hachiōji,35.65583,139.32389,JP,2018-04-07 13:39:00
2018_23921,1172,1281,35.59102544993985,139.34976518154144,アリオ橋本,緑区大山町1-22,Shopping Mall,4bf58dd8d48988d1fd941735,200,Hachiōji,35.65583,139.32389,JP,2018-04-15 00:52:00
2018_23921,1172,374,35.60353485022223,139.3634499350297,ライコランド 多摩境店,小山ヶ丘4-3-5,Motorcycle Shop,5032833091d4c4b30a586d60,250,Hachiōji,35.65583,139.32389,JP,2018-04-15 01:31:00
2018_23923,1172,3899,35.53894489221478,139.2221105285505,鳥居原ふれあいの館 男子トイレ,緑区鳥屋1674,Public Bathroom,5744ccdfe4b0c0459246b4c4,354,Hachiōji,35.65583,139.32389,JP,2018-04-22 06:53:00
2018_23923,1172,1254,35.553984,139.261701,オギノパン 本社工場直売店,緑区長竹2841,Bakery,4bf58dd8d48988d16a941735,100,Hachiōji,35.65583,139.32389,JP,2018-04-22 07:10:00
2018_23928,1172,3899,35.53894489221478,139.2221105285505,鳥居原ふれあいの館 男子トイレ,緑区鳥屋1674,Public Bathroom,5744ccdfe4b0c0459246b4c4,354,Hachiōji,35.65583,139.32389,JP,2018-05-06 06:33:00
2018_23928,1172,1254,35.553984,139.261701,オギノパン 本社工場直売店,緑区長竹2841,Bakery,4bf58dd8d48988d16a941735,100,Hachiōji,35.65583,139.32389,JP,2018-05-06 09:15:00
2018_23929,1172,1122,35.60610054406423,139.3174177289919,ガスト,相原町2174-1,Restaurant,4bf58dd8d48988d1c4941735,149,Hachiōji,35.65583,139.32389,JP,2018-05-12 12:06:00
2018_23929,1172,2569,35.58975370633101,139.30810191704714,ENEOS Dr. Drive城山店,緑区向原4丁目1-21,Gas Station,4bf58dd8d48988d113951735,28,Hachiōji,35.65583,139.32389,JP,2018-05-12 13:18:00
2018_23929,1172,4483,35.5430495475839,139.2178296525124,ファミリーマート 津久井宮が瀬店,緑区鳥屋1402-1,Convenience Store,4d954b0ea243a5684a65b473,215,Hachiōji,35.65583,139.32389,JP,2018-05-12 13:52:00
2018_23929,1172,2569,35.58975370633101,139.30810191704714,ENEOS Dr. Drive城山店,緑区向原4丁目1-21,Gas Station,4bf58dd8d48988d113951735,28,Hachiōji,35.65583,139.32389,JP,2018-05-12 19:22:00
2018_23931,1172,259,35.59360228184185,139.37752716066427,すき家,小山町959-1,Donburi Restaurant,55a59bace4b013909087cb0c,331,Hachiōji,35.65583,139.32389,JP,2018-05-19 23:43:00
2018_23931,1172,3899,35.53894489221478,139.2221105285505,鳥居原ふれあいの館 男子トイレ,緑区鳥屋1674,Public Bathroom,5744ccdfe4b0c0459246b4c4,354,Hachiōji,35.65583,139.32389,JP,2018-05-20 07:02:00
2018_23932,1172,2693,35.60271853742271,139.36496166598786,ファミリーマート 町田多摩境店,小山ヶ丘5-1-4,Convenience Store,4d954b0ea243a5684a65b473,215,Hachiōji,35.65583,139.32389,JP,2018-05-24 10:46:00
2018_23932,1172,374,35.60353485022223,139.3634499350297,ライコランド 多摩境店,小山ヶ丘4-3-5,Motorcycle Shop,5032833091d4c4b30a586d60,250,Hachiōji,35.65583,139.32389,JP,2018-05-24 10:54:00
2018_23932,1172,1281,35.59102544993985,139.34976518154144,アリオ橋本,緑区大山町1-22,Shopping Mall,4bf58dd8d48988d1fd941735,200,Hachiōji,35.65583,139.32389,JP,2018-05-24 11:06:00
2018_23935,1172,886,35.59774051057772,139.33655597627154,橋本郵便局,緑区西橋本5-2-1,Post Office,4bf58dd8d48988d172941735,106,Hachiōji,35.65583,139.32389,JP,2018-06-02 03:33:00
2018_23935,1172,3899,35.53894489221478,139.2221105285505,鳥居原ふれあいの館 男子トイレ,緑区鳥屋1674,Public Bathroom,5744ccdfe4b0c0459246b4c4,354,Hachiōji,35.65583,139.32389,JP,2018-06-02 07:25:00
2018_23935,1172,1254,35.553984,139.261701,オギノパン 本社工場直売店,緑区長竹2841,Bakery,4bf58dd8d48988d16a941735,100,Hachiōji,35.65583,139.32389,JP,2018-06-02 07:50:00
2018_23939,1172,3899,35.53894489221478,139.2221105285505,鳥居原ふれあいの館 男子トイレ,緑区鳥屋1674,Public Bathroom,5744ccdfe4b0c0459246b4c4,354,Hachiōji,35.65583,139.32389,JP,2018-06-17 00:08:00
2018_23939,1172,358,35.539018,139.223096,鳥居原ふれあいの館,緑区鳥屋1674,Farmers Market,4bf58dd8d48988d1fa941735,195,Hachiōji,35.65583,139.32389,JP,2018-06-17 09:52:00
2018_23942,1172,3937,35.59590368411687,139.34615804722205,鳥貴族 橋本店,緑区橋本3-27-12,Sake Bar,4bf58dd8d48988d11c941735,40,Hachiōji,35.65583,139.32389,JP,2018-06-23 15:02:00
2018_23942,1172,1188,35.596673040590105,139.34590404073944,カラオケファンタジー 橋本北口店,緑区橋本3-30,Karaoke Box,5744ccdfe4b0c0459246b4bb,353,Hachiōji,35.65583,139.32389,JP,2018-06-23 15:47:00
2018_23942,1172,11,35.59495276013401,139.34499388615959,橋本駅 (Hashimoto Sta.),緑区橋本6/2,Train Station,4bf58dd8d48988d129951735,59,Hachiōji,35.65583,139.32389,JP,2018-06-23 19:27:00
2018_23945,1172,1281,35.59102544993985,139.34976518154144,アリオ橋本,緑区大山町1-22,Shopping Mall,4bf58dd8d48988d1fd941735,200,Hachiōji,35.65583,139.32389,JP,2018-06-26 08:56:00
2018_23945,1172,374,35.60353485022223,139.3634499350297,ライコランド 多摩境店,小山ヶ丘4-3-5,Motorcycle Shop,5032833091d4c4b30a586d60,250,Hachiōji,35.65583,139.32389,JP,2018-06-26 09:25:00
2018_23947,1172,4271,35.60323401324514,139.36600838262663,和食屋 ふうふや 多摩境店,〒194-0215 東京都町田市小山ヶ丘4-1-3,Japanese Restaurant,4bf58dd8d48988d111941735,23,Hachiōji,35.65583,139.32389,JP,2018-07-01 05:08:00
2018_23947,1172,374,35.60353485022223,139.3634499350297,ライコランド 多摩境店,小山ヶ丘4-3-5,Motorcycle Shop,5032833091d4c4b30a586d60,250,Hachiōji,35.65583,139.32389,JP,2018-07-01 09:11:00
2018_23964,1172,3143,35.594698,139.37469,バイクレコメンドスタジオMIXS,小山町1147-1-2,Motorcycle Shop,5032833091d4c4b30a586d60,250,Hachiōji,35.65583,139.32389,JP,2018-08-09 09:16:00
2018_23964,1172,2693,35.60271853742271,139.36496166598786,ファミリーマート 町田多摩境店,小山ヶ丘5-1-4,Convenience Store,4d954b0ea243a5684a65b473,215,Hachiōji,35.65583,139.32389,JP,2018-08-09 13:28:00
2018_23964,1172,2693,35.60271853742271,139.36496166598786,ファミリーマート 町田多摩境店,小山ヶ丘5-1-4,Convenience Store,4d954b0ea243a5684a65b473,215,Hachiōji,35.65583,139.32389,JP,2018-08-19 11:25:00
2018_23965,1172,374,35.60353485022223,139.3634499350297,ライコランド 多摩境店,小山ヶ丘4-3-5,Motorcycle Shop,5032833091d4c4b30a586d60,250,Hachiōji,35.65583,139.32389,JP,2018-08-26 05:33:00
2018_23965,1172,3143,35.594698,139.37469,バイクレコメンドスタジオMIXS,小山町1147-1-2,Motorcycle Shop,5032833091d4c4b30a586d60,250,Hachiōji,35.65583,139.32389,JP,2018-08-26 06:37:00
2018_23966,1172,3143,35.594698,139.37469,バイクレコメンドスタジオMIXS,小山町1147-1-2,Motorcycle Shop,5032833091d4c4b30a586d60,250,Hachiōji,35.65583,139.32389,JP,2018-09-01 01:12:00
2018_23966,1172,80,35.686372308734526,139.34108496154775,道の駅 八王子滝山,滝山町1-592-2,Rest Area,4d954b16a243a5684b65b473,216,Hachiōji,35.65583,139.32389,JP,2018-09-01 15:02:00
2018_23968,1172,374,35.60353485022223,139.3634499350297,ライコランド 多摩境店,小山ヶ丘4-3-5,Motorcycle Shop,5032833091d4c4b30a586d60,250,Hachiōji,35.65583,139.32389,JP,2018-09-08 02:56:00
2018_23968,1172,585,35.678125565957934,139.33594401831638,八王子2りんかん,左入町749-1,Automotive Shop,4bf58dd8d48988d124951735,52,Hachiōji,35.65583,139.32389,JP,2018-09-08 05:41:00
2018_23979,1172,2693,35.60271853742271,139.36496166598786,ファミリーマート 町田多摩境店,小山ヶ丘5-1-4,Convenience Store,4d954b0ea243a5684a65b473,215,Hachiōji,35.65583,139.32389,JP,2018-10-08 00:07:00
2018_23979,1172,3899,35.53894489221478,139.2221105285505,鳥居原ふれあいの館 男子トイレ,緑区鳥屋1674,Public Bathroom,5744ccdfe4b0c0459246b4c4,354,Hachiōji,35.65583,139.32389,JP,2018-10-08 06:51:00
2018_23979,1172,2693,35.60271853742271,139.36496166598786,ファミリーマート 町田多摩境店,小山ヶ丘5-1-4,Convenience Store,4d954b0ea243a5684a65b473,215,Hachiōji,35.65583,139.32389,JP,2018-10-08 09:12:00
2018_395281,19379,3477,35.63140056347765,139.26776045812008,東海自然歩道 起点,高尾町,Trail,4bf58dd8d48988d159941735,86,Hachiōji,35.65583,139.32389,JP,2017-10-04 13:07:00
2018_395281,19379,63,35.6323912,139.2699219,高尾山口駅 (Takaosanguchi Sta.) (KO53),高尾町2241,Train Station,4bf58dd8d48988d129951735,59,Hachiōji,35.65583,139.32389,JP,2017-10-04 21:06:00
2018_395285,19379,63,35.6323912,139.2699219,高尾山口駅 (Takaosanguchi Sta.) (KO53),高尾町2241,Train Station,4bf58dd8d48988d129951735,59,Hachiōji,35.65583,139.32389,JP,2017-10-06 22:58:00
2018_395285,19379,2959,35.658162350862334,139.34295202015142,1-2番線ホーム,明神町3-27-1,Platform,4f4531504b9074f6e4fb0102,241,Hachiōji,35.65583,139.32389,JP,2017-10-07 07:52:00
2018_395285,19379,3688,35.63140061486987,139.26842863863044,とんとん地蔵尊,高尾町,Historic Site,4deefb944765f83613cdba6e,217,Hachiōji,35.65583,139.32389,JP,2017-10-07 08:58:00
2018_395286,19379,3101,35.63250890620434,139.26995337009427,1-2番線ホーム,高尾町2241,Platform,4f4531504b9074f6e4fb0102,241,Hachiōji,35.65583,139.32389,JP,2017-10-07 23:11:00
2018_395286,19379,3159,35.594712,139.344656,橋本駅 JR・京王連絡道,緑区橋本2-3-2,Train Station,4bf58dd8d48988d129951735,59,Hachiōji,35.65583,139.32389,JP,2017-10-08 10:40:00
2018_395286,19379,3,35.65808032639735,139.34275103595496,京王八王子駅 (Keiō-hachiōji Sta.),明神町3-27-1,Train Station,4bf58dd8d48988d129951735,59,Hachiōji,35.65583,139.32389,JP,2017-10-08 12:40:00
2018_395286,19379,3101,35.63250890620434,139.26995337009427,1-2番線ホーム,高尾町2241,Platform,4f4531504b9074f6e4fb0102,241,Hachiōji,35.65583,139.32389,JP,2017-10-08 14:24:00
2018_395287,19379,980,35.64224607127148,139.2825166748567,JR 高尾駅,高尾町1201-2,Train Station,4bf58dd8d48988d129951735,59,Hachiōji,35.65583,139.32389,JP,2017-10-08 23:13:00
2018_395287,19379,63,35.6323912,139.2699219,高尾山口駅 (Takaosanguchi Sta.) (KO53),高尾町2241,Train Station,4bf58dd8d48988d129951735,59,Hachiōji,35.65583,139.32389,JP,2017-10-09 14:07:00
2018_395290,19379,63,35.6323912,139.2699219,高尾山口駅 (Takaosanguchi Sta.) (KO53),高尾町2241,Train Station,4bf58dd8d48988d129951735,59,Hachiōji,35.65583,139.32389,JP,2017-10-11 13:15:00
2018_395290,19379,3255,35.638204779583084,139.27345756394539,南高尾山稜入口,初沢町,Mountain,4eb1d4d54b900d56c88a45fc,227,Hachiōji,35.65583,139.32389,JP,2017-10-11 21:02:00
2018_395294,19379,3101,35.63250890620434,139.26995337009427,1-2番線ホーム,高尾町2241,Platform,4f4531504b9074f6e4fb0102,241,Hachiōji,35.65583,139.32389,JP,2017-10-14 00:52:00
2018_395294,19379,867,35.65782778420062,139.34360950648772,京王八王子駅バス停,明神町,Bus Station,4bf58dd8d48988d1fe931735,201,Hachiōji,35.65583,139.32389,JP,2017-10-14 07:25:00
2018_395300,19379,3101,35.63250890620434,139.26995337009427,1-2番線ホーム,高尾町2241,Platform,4f4531504b9074f6e4fb0102,241,Hachiōji,35.65583,139.32389,JP,2017-10-28 01:23:00
2018_395300,19379,2670,35.63806831086275,139.2711600519656,落合交差点,高尾町,Mountain,4eb1d4d54b900d56c88a45fc,227,Hachiōji,35.65583,139.32389,JP,2017-10-28 09:58:00
2018_395300,19379,63,35.6323912,139.2699219,高尾山口駅 (Takaosanguchi Sta.) (KO53),高尾町2241,Train Station,4bf58dd8d48988d129951735,59,Hachiōji,35.65583,139.32389,JP,2017-10-28 12:47:00
2018_395301,19379,63,35.6323912,139.2699219,高尾山口駅 (Takaosanguchi Sta.) (KO53),高尾町2241,Train Station,4bf58dd8d48988d129951735,59,Hachiōji,35.65583,139.32389,JP,2017-10-29 00:57:00
2018_395301,19379,2961,35.63188236577786,139.26652310724143,自然研究路 1号路,高尾町,Trail,4bf58dd8d48988d159941735,86,Hachiōji,35.65583,139.32389,JP,2017-10-29 10:18:00
2018_395302,19379,63,35.6323912,139.2699219,高尾山口駅 (Takaosanguchi Sta.) (KO53),高尾町2241,Train Station,4bf58dd8d48988d129951735,59,Hachiōji,35.65583,139.32389,JP,2017-11-01 21:03:00
2018_395302,19379,3462,35.64218848713402,139.28253647774926,JR 3-4番線ホーム,高尾町1201-2,Platform,4f4531504b9074f6e4fb0102,241,Hachiōji,35.65583,139.32389,JP,2017-11-01 21:54:00
2018_395304,19379,63,35.6323912,139.2699219,高尾山口駅 (Takaosanguchi Sta.) (KO53),高尾町2241,Train Station,4bf58dd8d48988d129951735,59,Hachiōji,35.65583,139.32389,JP,2017-11-02 23:43:00
2018_395304,19379,2682,,,,,Mountain,4eb1d4d54b900d56c88a45fc,227,Hachiōji,35.65583,139.32389,JP,2017-11-03 11:58:00
2018_395315,19379,63,35.6323912,139.2699219,高尾山口駅 (Takaosanguchi Sta.) (KO53),高尾町2241,Train Station,4bf58dd8d48988d129951735,59,Hachiōji,35.65583,139.32389,JP,2017-11-10 14:54:00
2018_395315,19379,4017,35.634335,139.2732,高乗寺山,,Mountain,4eb1d4d54b900d56c88a45fc,227,Hachiōji,35.65583,139.32389,JP,2017-11-10 15:01:00
2018_395316,19379,63,35.6323912,139.2699219,高尾山口駅 (Takaosanguchi Sta.) (KO53),高尾町2241,Train Station,4bf58dd8d48988d129951735,59,Hachiōji,35.65583,139.32389,JP,2017-11-11 01:36:00
2018_395316,19379,4214,35.621258,139.23315,大平林道ー学習の歩道分岐点,,Mountain,4eb1d4d54b900d56c88a45fc,227,Hachiōji,35.65583,139.32389,JP,2017-11-11 07:37:00
2018_395316,19379,2624,35.63034035665483,139.2696989222733,サンクス 八王子高尾山口店,高尾町2400-1,Convenience Store,4d954b0ea243a5684a65b473,215,Hachiōji,35.65583,139.32389,JP,2017-11-11 12:36:00
2018_395316,19379,63,35.6323912,139.2699219,高尾山口駅 (Takaosanguchi Sta.) (KO53),高尾町2241,Train Station,4bf58dd8d48988d129951735,59,Hachiōji,35.65583,139.32389,JP,2017-11-12 04:22:00
2018_395316,19379,1210,35.594218251019534,139.3506520615756,ゆう遊空間 橋本店,緑区東橋本2-31,Internet Cafe,4bf58dd8d48988d1f0941735,180,Hachiōji,35.65583,139.32389,JP,2017-11-12 06:12:00
2018_395316,19379,4015,35.63603501067246,139.27116841077805,落合公園,高尾町1824,Park,4bf58dd8d48988d163941735,95,Hachiōji,35.65583,139.32389,JP,2017-11-12 08:58:00
2018_395325,19379,958,35.596034,139.344215,蕎麦 ひのや,緑区橋本6-2-2,Soba Restaurant,55a59bace4b013909087cb27,336,Hachiōji,35.65583,139.32389,JP,2017-11-18 04:46:00
2018_395325,19379,63,35.6323912,139.2699219,高尾山口駅 (Takaosanguchi Sta.) (KO53),高尾町2241,Train Station,4bf58dd8d48988d129951735,59,Hachiōji,35.65583,139.32389,JP,2017-11-18 07:39:00
2018_395325,19379,4017,35.634335,139.2732,高乗寺山,,Mountain,4eb1d4d54b900d56c88a45fc,227,Hachiōji,35.65583,139.32389,JP,2017-11-18 10:10:00
2018_395326,19379,63,35.6323912,139.2699219,高尾山口駅 (Takaosanguchi Sta.) (KO53),高尾町2241,Train Station,4bf58dd8d48988d129951735,59,Hachiōji,35.65583,139.32389,JP,2017-11-18 21:25:00
2018_395326,19379,2624,35.63034035665483,139.2696989222733,サンクス 八王子高尾山口店,高尾町2400-1,Convenience Store,4d954b0ea243a5684a65b473,215,Hachiōji,35.65583,139.32389,JP,2017-11-19 13:27:00
2018_395326,19379,63,35.6323912,139.2699219,高尾山口駅 (Takaosanguchi Sta.) (KO53),高尾町2241,Train Station,4bf58dd8d48988d129951735,59,Hachiōji,35.65583,139.32389,JP,2017-11-19 21:05:00
2018_395327,19379,2031,35.6407226528727,139.26854090322345,駒木野病院,裏高尾町273,Hospital,4bf58dd8d48988d196941735,129,Hachiōji,35.65583,139.32389,JP,2017-11-23 02:11:00
2018_395327,19379,2299,35.6578368,139.3429948,ポポンデッタ with 京王トレインパーク,明神町3-27-1,Hobby Shop,4bf58dd8d48988d1fb941735,197,Hachiōji,35.65583,139.32389,JP,2017-11-23 09:27:00
2018_395328,19379,63,35.6323912,139.2699219,高尾山口駅 (Takaosanguchi Sta.) (KO53),高尾町2241,Train Station,4bf58dd8d48988d129951735,59,Hachiōji,35.65583,139.32389,JP,2017-11-24 14:39:00
2018_395328,19379,3101,35.63250890620434,139.26995337009427,1-2番線ホーム,高尾町2241,Platform,4f4531504b9074f6e4fb0102,241,Hachiōji,35.65583,139.32389,JP,2017-11-25 15:28:00
2018_395331,19379,63,35.6323912,139.2699219,高尾山口駅 (Takaosanguchi Sta.) (KO53),高尾町2241,Train Station,4bf58dd8d48988d129951735,59,Hachiōji,35.65583,139.32389,JP,2017-12-02 02:35:00
2018_395331,19379,2670,35.63806831086275,139.2711600519656,落合交差点,高尾町,Mountain,4eb1d4d54b900d56c88a45fc,227,Hachiōji,35.65583,139.32389,JP,2017-12-02 14:06:00
2018_395333,19379,3906,35.64889225661351,139.34874594211578,北野橋人道橋,北野町,Bridge,4bf58dd8d48988d1df941735,165,Hachiōji,35.65583,139.32389,JP,2017-12-04 10:23:00
2018_395333,19379,2682,,,,,Mountain,4eb1d4d54b900d56c88a45fc,227,Hachiōji,35.65583,139.32389,JP,2017-12-04 11:07:00
2018_395334,19379,3101,35.63250890620434,139.26995337009427,1-2番線ホーム,高尾町2241,Platform,4f4531504b9074f6e4fb0102,241,Hachiōji,35.65583,139.32389,JP,2017-12-08 15:33:00
2018_395334,19379,3477,35.63140056347765,139.26776045812008,東海自然歩道 起点,高尾町,Trail,4bf58dd8d48988d159941735,86,Hachiōji,35.65583,139.32389,JP,2017-12-09 14:41:00
2018_395335,19379,63,35.6323912,139.2699219,高尾山口駅 (Takaosanguchi Sta.) (KO53),高尾町2241,Train Station,4bf58dd8d48988d129951735,59,Hachiōji,35.65583,139.32389,JP,2017-12-10 01:44:00
2018_395335,19379,63,35.6323912,139.2699219,高尾山口駅 (Takaosanguchi Sta.) (KO53),高尾町2241,Train Station,4bf58dd8d48988d129951735,59,Hachiōji,35.65583,139.32389,JP,2017-12-10 11:18:00
2018_395339,19379,3101,35.63250890620434,139.26995337009427,1-2番線ホーム,高尾町2241,Platform,4f4531504b9074f6e4fb0102,241,Hachiōji,35.65583,139.32389,JP,2017-12-16 02:11:00
2018_395339,19379,2713,35.644497172737346,139.35448058585058,3-4番線ホーム,打越町335-1,Platform,4f4531504b9074f6e4fb0102,241,Hachiōji,35.65583,139.32389,JP,2017-12-16 02:32:00
2018_395339,19379,2959,35.658162350862334,139.34295202015142,1-2番線ホーム,明神町3-27-1,Platform,4f4531504b9074f6e4fb0102,241,Hachiōji,35.65583,139.32389,JP,2017-12-16 10:51:00
2018_395339,19379,63,35.6323912,139.2699219,高尾山口駅 (Takaosanguchi Sta.) (KO53),高尾町2241,Train Station,4bf58dd8d48988d129951735,59,Hachiōji,35.65583,139.32389,JP,2017-12-16 12:42:00
2018_395340,19379,3911,35.654116,139.337452,タイムズ サザンスカイパーキング,子安町4-7,Parking,4c38df4de52ce0d596b336e1,205,Hachiōji,35.65583,139.32389,JP,2017-12-16 23:33:00
2018_395340,19379,80,35.686372308734526,139.34108496154775,道の駅 八王子滝山,滝山町1-592-2,Rest Area,4d954b16a243a5684b65b473,216,Hachiōji,35.65583,139.32389,JP,2017-12-17 07:33:00
2018_395342,19379,3084,35.64430988882263,139.35471758173244,1-2番線ホーム,打越町335-1,Platform,4f4531504b9074f6e4fb0102,241,Hachiōji,35.65583,139.32389,JP,2017-12-18 12:20:00
2018_395342,19379,63,35.6323912,139.2699219,高尾山口駅 (Takaosanguchi Sta.) (KO53),高尾町2241,Train Station,4bf58dd8d48988d129951735,59,Hachiōji,35.65583,139.32389,JP,2017-12-18 12:50:00
2018_395345,19379,3794,35.594315,139.346204,東日本旅客鉄道株式会社横浜支社 相模原運輸区,,Transportation Service,54541b70498ea6ccd0204bff,325,Hachiōji,35.65583,139.32389,JP,2017-12-20 10:37:00
2018_395345,19379,4536,35.634826080136826,139.2704015993134,コムパーク高尾山口,,Parking,4c38df4de52ce0d596b336e1,205,Hachiōji,35.65583,139.32389,JP,2017-12-20 11:27:00
2018_395347,19379,3477,35.63140056347765,139.26776045812008,東海自然歩道 起点,高尾町,Trail,4bf58dd8d48988d159941735,86,Hachiōji,35.65583,139.32389,JP,2017-12-21 14:09:00
2018_395347,19379,63,35.6323912,139.2699219,高尾山口駅 (Takaosanguchi Sta.) (KO53),高尾町2241,Train Station,4bf58dd8d48988d129951735,59,Hachiōji,35.65583,139.32389,JP,2017-12-21 21:38:00
2018_395349,19379,3101,35.63250890620434,139.26995337009427,1-2番線ホーム,高尾町2241,Platform,4f4531504b9074f6e4fb0102,241,Hachiōji,35.65583,139.32389,JP,2017-12-23 02:23:00
2018_395349,19379,3101,35.63250890620434,139.26995337009427,1-2番線ホーム,高尾町2241,Platform,4f4531504b9074f6e4fb0102,241,Hachiōji,35.65583,139.32389,JP,2017-12-23 12:34:00
2018_395350,19379,63,35.6323912,139.2699219,高尾山口駅 (Takaosanguchi Sta.) (KO53),高尾町2241,Train Station,4bf58dd8d48988d129951735,59,Hachiōji,35.65583,139.32389,JP,2017-12-23 23:48:00
2018_395350,19379,4014,35.65690999164492,139.33683710494157,東横イン 東京八王子駅北口,三崎町2-9,Bed & Breakfast,4bf58dd8d48988d1f8931735,190,Hachiōji,35.65583,139.32389,JP,2017-12-24 10:44:00
2018_395350,19379,3247,35.632870057266665,139.2701880871086,ホテルバニラスウィート,高尾町2264,Motel,4bf58dd8d48988d1fb931735,196,Hachiōji,35.65583,139.32389,JP,2017-12-24 13:46:00
2018_395350,19379,3101,35.63250890620434,139.26995337009427,1-2番線ホーム,高尾町2241,Platform,4f4531504b9074f6e4fb0102,241,Hachiōji,35.65583,139.32389,JP,2017-12-24 21:41:00
2018_395360,19379,3101,35.63250890620434,139.26995337009427,1-2番線ホーム,高尾町2241,Platform,4f4531504b9074f6e4fb0102,241,Hachiōji,35.65583,139.32389,JP,2017-12-31 00:07:00
2018_395360,19379,3591,35.640904940967566,139.2543143521413,圏央道 (首都圏中央連絡自動車道),,Road,4bf58dd8d48988d1f9931735,192,Hachiōji,35.65583,139.32389,JP,2017-12-31 07:56:00
2018_395360,19379,3255,35.638204779583084,139.27345756394539,南高尾山稜入口,初沢町,Mountain,4eb1d4d54b900d56c88a45fc,227,Hachiōji,35.65583,139.32389,JP,2017-12-31 12:20:00
2018_395360,19379,63,35.6323912,139.2699219,高尾山口駅 (Takaosanguchi Sta.) (KO53),高尾町2241,Train Station,4bf58dd8d48988d129951735,59,Hachiōji,35.65583,139.32389,JP,2017-12-31 22:46:00
2018_395360,19379,3,35.65808032639735,139.34275103595496,京王八王子駅 (Keiō-hachiōji Sta.),明神町3-27-1,Train Station,4bf58dd8d48988d129951735,59,Hachiōji,35.65583,139.32389,JP,2018-01-02 11:52:00
2018_395360,19379,63,35.6323912,139.2699219,高尾山口駅 (Takaosanguchi Sta.) (KO53),高尾町2241,Train Station,4bf58dd8d48988d129951735,59,Hachiōji,35.65583,139.32389,JP,2018-01-02 15:09:00
2018_395361,19379,3101,35.63250890620434,139.26995337009427,1-2番線ホーム,高尾町2241,Platform,4f4531504b9074f6e4fb0102,241,Hachiōji,35.65583,139.32389,JP,2018-01-03 10:45:00
2018_395361,19379,2955,35.63193,139.26921,京王高尾山温泉 極楽湯,高尾町2229-7,Hot Spring,4bf58dd8d48988d160941735,92,Hachiōji,35.65583,139.32389,JP,2018-01-03 10:54:00
2018_395362,19379,3101,35.63250890620434,139.26995337009427,1-2番線ホーム,高尾町2241,Platform,4f4531504b9074f6e4fb0102,241,Hachiōji,35.65583,139.32389,JP,2018-01-04 01:41:00
2018_395362,19379,886,35.59774051057772,139.33655597627154,橋本郵便局,緑区西橋本5-2-1,Post Office,4bf58dd8d48988d172941735,106,Hachiōji,35.65583,139.32389,JP,2018-01-04 04:52:00
2018_395362,19379,2682,,,,,Mountain,4eb1d4d54b900d56c88a45fc,227,Hachiōji,35.65583,139.32389,JP,2018-01-04 10:06:00
2018_395366,19379,3,35.65808032639735,139.34275103595496,京王八王子駅 (Keiō-hachiōji Sta.),明神町3-27-1,Train Station,4bf58dd8d48988d129951735,59,Hachiōji,35.65583,139.32389,JP,2018-01-07 06:39:00
2018_395366,19379,3101,35.63250890620434,139.26995337009427,1-2番線ホーム,高尾町2241,Platform,4f4531504b9074f6e4fb0102,241,Hachiōji,35.65583,139.32389,JP,2018-01-07 08:38:00
2018_395370,19379,63,35.6323912,139.2699219,高尾山口駅 (Takaosanguchi Sta.) (KO53),高尾町2241,Train Station,4bf58dd8d48988d129951735,59,Hachiōji,35.65583,139.32389,JP,2018-01-10 10:46:00
2018_395370,19379,2624,35.63034035665483,139.2696989222733,サンクス 八王子高尾山口店,高尾町2400-1,Convenience Store,4d954b0ea243a5684a65b473,215,Hachiōji,35.65583,139.32389,JP,2018-01-10 13:50:00
2018_395370,19379,63,35.6323912,139.2699219,高尾山口駅 (Takaosanguchi Sta.) (KO53),高尾町2241,Train Station,4bf58dd8d48988d129951735,59,Hachiōji,35.65583,139.32389,JP,2018-01-10 21:44:00
2018_395374,19379,2682,,,,,Mountain,4eb1d4d54b900d56c88a45fc,227,Hachiōji,35.65583,139.32389,JP,2018-01-17 12:15:00
2018_395374,19379,2670,35.63806831086275,139.2711600519656,落合交差点,高尾町,Mountain,4eb1d4d54b900d56c88a45fc,227,Hachiōji,35.65583,139.32389,JP,2018-01-17 12:18:00
2018_395374,19379,3712,35.635779959185044,139.2701344192028,ファミリーマート 八王子高尾町店,高尾町1819-1,Convenience Store,4d954b0ea243a5684a65b473,215,Hachiōji,35.65583,139.32389,JP,2018-01-17 12:41:00
2018_395379,19379,2959,35.658162350862334,139.34295202015142,1-2番線ホーム,明神町3-27-1,Platform,4f4531504b9074f6e4fb0102,241,Hachiōji,35.65583,139.32389,JP,2018-01-20 08:10:00
2018_395379,19379,63,35.6323912,139.2699219,高尾山口駅 (Takaosanguchi Sta.) (KO53),高尾町2241,Train Station,4bf58dd8d48988d129951735,59,Hachiōji,35.65583,139.32389,JP,2018-01-20 10:59:00
2018_395379,19379,63,35.6323912,139.2699219,高尾山口駅 (Takaosanguchi Sta.) (KO53),高尾町2241,Train Station,4bf58dd8d48988d129951735,59,Hachiōji,35.65583,139.32389,JP,2018-01-21 11:27:00
2018_395380,19379,2670,35.63806831086275,139.2711600519656,落合交差点,高尾町,Mountain,4eb1d4d54b900d56c88a45fc,227,Hachiōji,35.65583,139.32389,JP,2018-01-27 05:34:00
2018_395380,19379,2116,35.632352489620935,139.27068561315536,高尾山口駅前交差点,高尾町,Road,4bf58dd8d48988d1f9931735,192,Hachiōji,35.65583,139.32389,JP,2018-01-27 09:25:00
2018_395381,19379,63,35.6323912,139.2699219,高尾山口駅 (Takaosanguchi Sta.) (KO53),高尾町2241,Train Station,4bf58dd8d48988d129951735,59,Hachiōji,35.65583,139.32389,JP,2018-01-28 01:41:00
2018_395381,19379,1284,35.657112734549976,139.341882006614,京王八王子駅南自転車駐車場,明神町3-19,Parking,4c38df4de52ce0d596b336e1,205,Hachiōji,35.65583,139.32389,JP,2018-01-28 03:50:00
2018_395382,19379,63,35.6323912,139.2699219,高尾山口駅 (Takaosanguchi Sta.) (KO53),高尾町2241,Train Station,4bf58dd8d48988d129951735,59,Hachiōji,35.65583,139.32389,JP,2018-01-28 14:07:00
2018_395382,19379,3101,35.63250890620434,139.26995337009427,1-2番線ホーム,高尾町2241,Platform,4f4531504b9074f6e4fb0102,241,Hachiōji,35.65583,139.32389,JP,2018-01-28 21:44:00
2018_395384,19379,2682,,,,,Mountain,4eb1d4d54b900d56c88a45fc,227,Hachiōji,35.65583,139.32389,JP,2018-01-30 10:48:00
2018_395384,19379,3469,35.63399341930541,139.27086728811264,高尾山口駅北交差点,高尾町,Intersection,52f2ab2ebcbc57f1066b8b4c,311,Hachiōji,35.65583,139.32389,JP,2018-01-30 11:03:00
2018_395387,19379,1380,35.663790428283846,139.35738265514374,とうふ屋うかい 大和田店,大和田町2-18-10,Japanese Restaurant,4bf58dd8d48988d111941735,23,Hachiōji,35.65583,139.32389,JP,2018-02-02 10:45:00
2018_395387,19379,3477,35.63140056347765,139.26776045812008,東海自然歩道 起点,高尾町,Trail,4bf58dd8d48988d159941735,86,Hachiōji,35.65583,139.32389,JP,2018-02-02 12:30:00
2018_395389,19379,63,35.6323912,139.2699219,高尾山口駅 (Takaosanguchi Sta.) (KO53),高尾町2241,Train Station,4bf58dd8d48988d129951735,59,Hachiōji,35.65583,139.32389,JP,2018-02-04 01:05:00
2018_395389,19379,2116,35.632352489620935,139.27068561315536,高尾山口駅前交差点,高尾町,Road,4bf58dd8d48988d1f9931735,192,Hachiōji,35.65583,139.32389,JP,2018-02-04 12:57:00
2018_395404,19379,2961,35.63188236577786,139.26652310724143,自然研究路 1号路,高尾町,Trail,4bf58dd8d48988d159941735,86,Hachiōji,35.65583,139.32389,JP,2018-02-17 06:25:00
2018_395404,19379,3101,35.63250890620434,139.26995337009427,1-2番線ホーム,高尾町2241,Platform,4f4531504b9074f6e4fb0102,241,Hachiōji,35.65583,139.32389,JP,2018-02-17 09:48:00
2018_395417,19379,2682,,,,,Mountain,4eb1d4d54b900d56c88a45fc,227,Hachiōji,35.65583,139.32389,JP,2018-02-28 15:07:00
2018_395417,19379,63,35.6323912,139.2699219,高尾山口駅 (Takaosanguchi Sta.) (KO53),高尾町2241,Train Station,4bf58dd8d48988d129951735,59,Hachiōji,35.65583,139.32389,JP,2018-02-28 21:41:00
2018_395427,19379,63,35.6323912,139.2699219,高尾山口駅 (Takaosanguchi Sta.) (KO53),高尾町2241,Train Station,4bf58dd8d48988d129951735,59,Hachiōji,35.65583,139.32389,JP,2018-03-10 03:06:00
2018_395427,19379,2682,,,,,Mountain,4eb1d4d54b900d56c88a45fc,227,Hachiōji,35.65583,139.32389,JP,2018-03-10 10:25:00
2018_395428,19379,2713,35.644497172737346,139.35448058585058,3-4番線ホーム,打越町335-1,Platform,4f4531504b9074f6e4fb0102,241,Hachiōji,35.65583,139.32389,JP,2018-03-11 01:55:00
2018_395428,19379,63,35.6323912,139.2699219,高尾山口駅 (Takaosanguchi Sta.) (KO53),高尾町2241,Train Station,4bf58dd8d48988d129951735,59,Hachiōji,35.65583,139.32389,JP,2018-03-11 10:35:00
2018_395428,19379,2258,35.59491512513478,139.34409171707182,1-2番線ホーム,緑区橋本2-3-2,Platform,4f4531504b9074f6e4fb0102,241,Hachiōji,35.65583,139.32389,JP,2018-03-12 07:43:00
2018_395428,19379,2682,,,,,Mountain,4eb1d4d54b900d56c88a45fc,227,Hachiōji,35.65583,139.32389,JP,2018-03-12 10:04:00
2018_395431,19379,3477,35.63140056347765,139.26776045812008,東海自然歩道 起点,高尾町,Trail,4bf58dd8d48988d159941735,86,Hachiōji,35.65583,139.32389,JP,2018-03-14 14:43:00
2018_395431,19379,63,35.6323912,139.2699219,高尾山口駅 (Takaosanguchi Sta.) (KO53),高尾町2241,Train Station,4bf58dd8d48988d129951735,59,Hachiōji,35.65583,139.32389,JP,2018-03-14 21:39:00
2018_395435,19379,63,35.6323912,139.2699219,高尾山口駅 (Takaosanguchi Sta.) (KO53),高尾町2241,Train Station,4bf58dd8d48988d129951735,59,Hachiōji,35.65583,139.32389,JP,2018-03-17 04:13:00
2018_395435,19379,2682,,,,,Mountain,4eb1d4d54b900d56c88a45fc,227,Hachiōji,35.65583,139.32389,JP,2018-03-17 11:46:00
2018_395436,19379,2117,35.63096380214227,139.26960602402687,高尾山入口交差点,高尾町,Intersection,52f2ab2ebcbc57f1066b8b4c,311,Hachiōji,35.65583,139.32389,JP,2018-03-18 14:57:00
2018_395436,19379,63,35.6323912,139.2699219,高尾山口駅 (Takaosanguchi Sta.) (KO53),高尾町2241,Train Station,4bf58dd8d48988d129951735,59,Hachiōji,35.65583,139.32389,JP,2018-03-18 21:40:00
2018_395439,19379,3101,35.63250890620434,139.26995337009427,1-2番線ホーム,高尾町2241,Platform,4f4531504b9074f6e4fb0102,241,Hachiōji,35.65583,139.32389,JP,2018-03-21 03:36:00
2018_395439,19379,4275,35.63206946328291,139.26925507965856,お食事処,高尾町2229-7,Snack Place,4bf58dd8d48988d1c7941735,151,Hachiōji,35.65583,139.32389,JP,2018-03-21 11:45:00
2018_395442,19379,63,35.6323912,139.2699219,高尾山口駅 (Takaosanguchi Sta.) (KO53),高尾町2241,Train Station,4bf58dd8d48988d129951735,59,Hachiōji,35.65583,139.32389,JP,2018-03-23 13:08:00
2018_395442,19379,63,35.6323912,139.2699219,高尾山口駅 (Takaosanguchi Sta.) (KO53),高尾町2241,Train Station,4bf58dd8d48988d129951735,59,Hachiōji,35.65583,139.32389,JP,2018-03-24 08:36:00
2018_395443,19379,3101,35.63250890620434,139.26995337009427,1-2番線ホーム,高尾町2241,Platform,4f4531504b9074f6e4fb0102,241,Hachiōji,35.65583,139.32389,JP,2018-03-24 21:26:00
2018_395443,19379,2682,,,,,Mountain,4eb1d4d54b900d56c88a45fc,227,Hachiōji,35.65583,139.32389,JP,2018-03-25 14:27:00
2018_395443,19379,63,35.6323912,139.2699219,高尾山口駅 (Takaosanguchi Sta.) (KO53),高尾町2241,Train Station,4bf58dd8d48988d129951735,59,Hachiōji,35.65583,139.32389,JP,2018-03-25 21:38:00
2018_395452,19379,2707,35.65808270017383,139.34277932093687,A LoT,明神町3,Convenience Store,4d954b0ea243a5684a65b473,215,Hachiōji,35.65583,139.32389,JP,2018-04-01 06:29:00
2018_395452,19379,3101,35.63250890620434,139.26995337009427,1-2番線ホーム,高尾町2241,Platform,4f4531504b9074f6e4fb0102,241,Hachiōji,35.65583,139.32389,JP,2018-04-01 10:14:00
2018_395457,19379,63,35.6323912,139.2699219,高尾山口駅 (Takaosanguchi Sta.) (KO53),高尾町2241,Train Station,4bf58dd8d48988d129951735,59,Hachiōji,35.65583,139.32389,JP,2018-04-04 00:13:00
2018_395457,19379,63,35.6323912,139.2699219,高尾山口駅 (Takaosanguchi Sta.) (KO53),高尾町2241,Train Station,4bf58dd8d48988d129951735,59,Hachiōji,35.65583,139.32389,JP,2018-04-04 08:35:00
2018_395457,19379,3776,35.64234113988514,139.28175150682625,高尾駅北口駅舎,高尾町,Historic Site,4deefb944765f83613cdba6e,217,Hachiōji,35.65583,139.32389,JP,2018-04-04 09:20:00
2018_395460,19379,63,35.6323912,139.2699219,高尾山口駅 (Takaosanguchi Sta.) (KO53),高尾町2241,Train Station,4bf58dd8d48988d129951735,59,Hachiōji,35.65583,139.32389,JP,2018-04-06 15:02:00
2018_395460,19379,4036,35.65795028978917,139.34288616105854,ケイハチ王子の部屋,明神町3-27-1,Event Space,4bf58dd8d48988d171941735,105,Hachiōji,35.65583,139.32389,JP,2018-04-07 10:33:00
2018_395460,19379,63,35.6323912,139.2699219,高尾山口駅 (Takaosanguchi Sta.) (KO53),高尾町2241,Train Station,4bf58dd8d48988d129951735,59,Hachiōji,35.65583,139.32389,JP,2018-04-07 11:36:00
2018_395460,19379,2682,,,,,Mountain,4eb1d4d54b900d56c88a45fc,227,Hachiōji,35.65583,139.32389,JP,2018-04-08 11:25:00
2018_395466,19379,63,35.6323912,139.2699219,高尾山口駅 (Takaosanguchi Sta.) (KO53),高尾町2241,Train Station,4bf58dd8d48988d129951735,59,Hachiōji,35.65583,139.32389,JP,2018-04-11 21:32:00
2018_395466,19379,2961,35.63188236577786,139.26652310724143,自然研究路 1号路,高尾町,Trail,4bf58dd8d48988d159941735,86,Hachiōji,35.65583,139.32389,JP,2018-04-12 11:46:00
2018_395470,19379,63,35.6323912,139.2699219,高尾山口駅 (Takaosanguchi Sta.) (KO53),高尾町2241,Train Station,4bf58dd8d48988d129951735,59,Hachiōji,35.65583,139.32389,JP,2018-04-14 14:04:00
2018_395470,19379,2682,,,,,Mountain,4eb1d4d54b900d56c88a45fc,227,Hachiōji,35.65583,139.32389,JP,2018-04-15 10:46:00
2018_395480,19379,1405,35.595312914548295,139.3428677253574,BOOKOFF 橋本駅南口店,緑区橋本2-3-7,Used Bookstore,52f2ab2ebcbc57f1066b8b30,302,Hachiōji,35.65583,139.32389,JP,2018-04-21 05:27:00
2018_395480,19379,4017,35.634335,139.2732,高乗寺山,,Mountain,4eb1d4d54b900d56c88a45fc,227,Hachiōji,35.65583,139.32389,JP,2018-04-21 10:47:00
2018_395481,19379,63,35.6323912,139.2699219,高尾山口駅 (Takaosanguchi Sta.) (KO53),高尾町2241,Train Station,4bf58dd8d48988d129951735,59,Hachiōji,35.65583,139.32389,JP,2018-04-21 21:28:00
2018_395481,19379,3469,35.63399341930541,139.27086728811264,高尾山口駅北交差点,高尾町,Intersection,52f2ab2ebcbc57f1066b8b4c,311,Hachiōji,35.65583,139.32389,JP,2018-04-22 11:45:00
2018_395489,19379,2258,35.59491512513478,139.34409171707182,1-2番線ホーム,緑区橋本2-3-2,Platform,4f4531504b9074f6e4fb0102,241,Hachiōji,35.65583,139.32389,JP,2018-04-27 12:31:00
2018_395489,19379,2955,35.63193,139.26921,京王高尾山温泉 極楽湯,高尾町2229-7,Hot Spring,4bf58dd8d48988d160941735,92,Hachiōji,35.65583,139.32389,JP,2018-04-27 14:43:00
2018_395490,19379,3101,35.63250890620434,139.26995337009427,1-2番線ホーム,高尾町2241,Platform,4f4531504b9074f6e4fb0102,241,Hachiōji,35.65583,139.32389,JP,2018-04-28 03:04:00
2018_395490,19379,3255,35.638204779583084,139.27345756394539,南高尾山稜入口,初沢町,Mountain,4eb1d4d54b900d56c88a45fc,227,Hachiōji,35.65583,139.32389,JP,2018-04-28 10:15:00
2018_395491,19379,3101,35.63250890620434,139.26995337009427,1-2番線ホーム,高尾町2241,Platform,4f4531504b9074f6e4fb0102,241,Hachiōji,35.65583,139.32389,JP,2018-04-29 01:15:00
2018_395491,19379,2117,35.63096380214227,139.26960602402687,高尾山入口交差点,高尾町,Intersection,52f2ab2ebcbc57f1066b8b4c,311,Hachiōji,35.65583,139.32389,JP,2018-04-29 10:11:00
2018_395493,19379,75,35.631541,139.266852,山麓駅,高尾町,Ski Chairlift,4eb1c0ed3b7b52c0e1adc2ea,225,Hachiōji,35.65583,139.32389,JP,2018-04-30 13:47:00
2018_395493,19379,63,35.6323912,139.2699219,高尾山口駅 (Takaosanguchi Sta.) (KO53),高尾町2241,Train Station,4bf58dd8d48988d129951735,59,Hachiōji,35.65583,139.32389,JP,2018-04-30 21:36:00
2018_395497,19379,3101,35.63250890620434,139.26995337009427,1-2番線ホーム,高尾町2241,Platform,4f4531504b9074f6e4fb0102,241,Hachiōji,35.65583,139.32389,JP,2018-05-04 03:03:00
2018_395497,19379,3477,35.63140056347765,139.26776045812008,東海自然歩道 起点,高尾町,Trail,4bf58dd8d48988d159941735,86,Hachiōji,35.65583,139.32389,JP,2018-05-04 10:16:00
2018_395498,19379,63,35.6323912,139.2699219,高尾山口駅 (Takaosanguchi Sta.) (KO53),高尾町2241,Train Station,4bf58dd8d48988d129951735,59,Hachiōji,35.65583,139.32389,JP,2018-05-04 23:55:00
2018_395498,19379,63,35.6323912,139.2699219,高尾山口駅 (Takaosanguchi Sta.) (KO53),高尾町2241,Train Station,4bf58dd8d48988d129951735,59,Hachiōji,35.65583,139.32389,JP,2018-05-05 07:04:00
2018_395507,19379,3101,35.63250890620434,139.26995337009427,1-2番線ホーム,高尾町2241,Platform,4f4531504b9074f6e4fb0102,241,Hachiōji,35.65583,139.32389,JP,2018-05-10 21:29:00
2018_395507,19379,2961,35.63188236577786,139.26652310724143,自然研究路 1号路,高尾町,Trail,4bf58dd8d48988d159941735,86,Hachiōji,35.65583,139.32389,JP,2018-05-11 13:47:00
2018_395509,19379,63,35.6323912,139.2699219,高尾山口駅 (Takaosanguchi Sta.) (KO53),高尾町2241,Train Station,4bf58dd8d48988d129951735,59,Hachiōji,35.65583,139.32389,JP,2018-05-12 21:24:00
2018_395509,19379,4209,35.65838591251859,139.34275321662426,松のや・マイカリー食堂,明神町4-6-3,Tonkatsu Restaurant,55a59af1e4b013909087cb03,328,Hachiōji,35.65583,139.32389,JP,2018-05-13 10:47:00
2018_395509,19379,63,35.6323912,139.2699219,高尾山口駅 (Takaosanguchi Sta.) (KO53),高尾町2241,Train Station,4bf58dd8d48988d129951735,59,Hachiōji,35.65583,139.32389,JP,2018-05-13 11:17:00
2018_395513,19379,3101,35.63250890620434,139.26995337009427,1-2番線ホーム,高尾町2241,Platform,4f4531504b9074f6e4fb0102,241,Hachiōji,35.65583,139.32389,JP,2018-05-16 01:21:00
2018_395513,19379,1405,35.595312914548295,139.3428677253574,BOOKOFF 橋本駅南口店,緑区橋本2-3-7,Used Bookstore,52f2ab2ebcbc57f1066b8b30,302,Hachiōji,35.65583,139.32389,JP,2018-05-16 04:05:00
2018_395514,19379,2961,35.63188236577786,139.26652310724143,自然研究路 1号路,高尾町,Trail,4bf58dd8d48988d159941735,86,Hachiōji,35.65583,139.32389,JP,2018-05-16 13:47:00
2018_395514,19379,63,35.6323912,139.2699219,高尾山口駅 (Takaosanguchi Sta.) (KO53),高尾町2241,Train Station,4bf58dd8d48988d129951735,59,Hachiōji,35.65583,139.32389,JP,2018-05-16 21:31:00
2018_395517,19379,63,35.6323912,139.2699219,高尾山口駅 (Takaosanguchi Sta.) (KO53),高尾町2241,Train Station,4bf58dd8d48988d129951735,59,Hachiōji,35.65583,139.32389,JP,2018-05-18 12:15:00
2018_395517,19379,2682,,,,,Mountain,4eb1d4d54b900d56c88a45fc,227,Hachiōji,35.65583,139.32389,JP,2018-05-19 09:36:00
2018_395519,19379,2263,35.65833744795453,139.343220027263,カラオケスタジオ ムーン京王八王子店,明神町4-6-13,Karaoke Bar,4bf58dd8d48988d120941735,45,Hachiōji,35.65583,139.32389,JP,2018-05-20 14:02:00
2018_395519,19379,63,35.6323912,139.2699219,高尾山口駅 (Takaosanguchi Sta.) (KO53),高尾町2241,Train Station,4bf58dd8d48988d129951735,59,Hachiōji,35.65583,139.32389,JP,2018-05-20 21:36:00
2018_485881,23925,415,35.65873153814556,139.3377833744869,メロンブックス,中町2-1,Hobby Shop,4bf58dd8d48988d1fb941735,197,Hachiōji,35.65583,139.32389,JP,2017-11-03 05:59:00
2018_485881,23925,3152,35.65656352155028,139.33652023910867,アニソンDJバー グリュック,三崎町1-6,Bar,4bf58dd8d48988d116941735,31,Hachiōji,35.65583,139.32389,JP,2017-11-03 13:50:00
2018_485882,23925,3152,35.65656352155028,139.33652023910867,アニソンDJバー グリュック,三崎町1-6,Bar,4bf58dd8d48988d116941735,31,Hachiōji,35.65583,139.32389,JP,2017-11-04 13:00:00
2018_485882,23925,1234,35.65877935727556,139.33559205053172,油そば 味の天徳,中町7-7,Ramen Restaurant,55a59bace4b013909087cb24,335,Hachiōji,35.65583,139.32389,JP,2017-11-04 20:32:00
2018_485886,23925,2,35.65561,139.3389,八王子駅 (Hachiōji Sta.),旭町1-1,Train Station,4bf58dd8d48988d129951735,59,Hachiōji,35.65583,139.32389,JP,2017-11-11 12:04:00
2018_485886,23925,1234,35.65877935727556,139.33559205053172,油そば 味の天徳,中町7-7,Ramen Restaurant,55a59bace4b013909087cb24,335,Hachiōji,35.65583,139.32389,JP,2017-11-11 19:51:00
2018_485887,23925,2,35.65561,139.3389,八王子駅 (Hachiōji Sta.),旭町1-1,Train Station,4bf58dd8d48988d129951735,59,Hachiōji,35.65583,139.32389,JP,2017-11-16 14:48:00
2018_485887,23925,3152,35.65656352155028,139.33652023910867,アニソンDJバー グリュック,三崎町1-6,Bar,4bf58dd8d48988d116941735,31,Hachiōji,35.65583,139.32389,JP,2017-11-16 15:11:00
2018_485887,23925,1771,35.65688910342379,139.33803230975326,日高屋,旭町6-10,Chinese Restaurant,4bf58dd8d48988d145941735,76,Hachiōji,35.65583,139.32389,JP,2017-11-16 20:45:00
2018_485892,23925,2,35.65561,139.3389,八王子駅 (Hachiōji Sta.),旭町1-1,Train Station,4bf58dd8d48988d129951735,59,Hachiōji,35.65583,139.32389,JP,2017-12-04 11:19:00
2018_485892,23925,596,35.65818,139.336295,HUB,中町5-9,Pub,4bf58dd8d48988d11b941735,38,Hachiōji,35.65583,139.32389,JP,2017-12-04 11:33:00
2018_485894,23925,2,35.65561,139.3389,八王子駅 (Hachiōji Sta.),旭町1-1,Train Station,4bf58dd8d48988d129951735,59,Hachiōji,35.65583,139.32389,JP,2017-12-07 09:13:00
2018_485894,23925,264,35.6578471,139.3430417,マクドナルド,明神町3-27-1,Fast Food Restaurant,4bf58dd8d48988d16e941735,104,Hachiōji,35.65583,139.32389,JP,2017-12-07 09:28:00
2018_485898,23925,4059,35.657057490419966,139.33744579553604,餃子の王将,三崎町3-14,Dumpling Restaurant,4bf58dd8d48988d108941735,11,Hachiōji,35.65583,139.32389,JP,2017-12-17 02:12:00
2018_485898,23925,3152,35.65656352155028,139.33652023910867,アニソンDJバー グリュック,三崎町1-6,Bar,4bf58dd8d48988d116941735,31,Hachiōji,35.65583,139.32389,JP,2017-12-17 03:04:00
2018_485902,23925,2352,35.657759835621285,139.34109617249536,八王子田田,東町1-3,Ramen Restaurant,55a59bace4b013909087cb24,335,Hachiōji,35.65583,139.32389,JP,2018-01-06 11:20:00
2018_485902,23925,3152,35.65656352155028,139.33652023910867,アニソンDJバー グリュック,三崎町1-6,Bar,4bf58dd8d48988d116941735,31,Hachiōji,35.65583,139.32389,JP,2018-01-06 12:02:00
2018_485904,23925,3582,35.657798993866564,139.33372020721436,家系ラーメン まるに家,寺町49-3,Ramen Restaurant,55a59bace4b013909087cb24,335,Hachiōji,35.65583,139.32389,JP,2018-01-13 10:27:00
2018_485904,23925,3152,35.65656352155028,139.33652023910867,アニソンDJバー グリュック,三崎町1-6,Bar,4bf58dd8d48988d116941735,31,Hachiōji,35.65583,139.32389,JP,2018-01-13 11:23:00
2018_485906,23925,3582,35.657798993866564,139.33372020721436,家系ラーメン まるに家,寺町49-3,Ramen Restaurant,55a59bace4b013909087cb24,335,Hachiōji,35.65583,139.32389,JP,2018-01-20 10:38:00
2018_485906,23925,3152,35.65656352155028,139.33652023910867,アニソンDJバー グリュック,三崎町1-6,Bar,4bf58dd8d48988d116941735,31,Hachiōji,35.65583,139.32389,JP,2018-01-20 12:08:00
2018_485910,23925,2,35.65561,139.3389,八王子駅 (Hachiōji Sta.),旭町1-1,Train Station,4bf58dd8d48988d129951735,59,Hachiōji,35.65583,139.32389,JP,2018-02-03 10:30:00
2018_485910,23925,4517,35.657668,139.337639,中華食堂 一番館,旭町8-6,Chinese Restaurant,4bf58dd8d48988d145941735,76,Hachiōji,35.65583,139.32389,JP,2018-02-03 10:44:00
2018_485910,23925,3152,35.65656352155028,139.33652023910867,アニソンDJバー グリュック,三崎町1-6,Bar,4bf58dd8d48988d116941735,31,Hachiōji,35.65583,139.32389,JP,2018-02-03 12:10:00
2018_485910,23925,1234,35.65877935727556,139.33559205053172,油そば 味の天徳,中町7-7,Ramen Restaurant,55a59bace4b013909087cb24,335,Hachiōji,35.65583,139.32389,JP,2018-02-03 19:57:00
2018_485912,23925,3152,35.65656352155028,139.33652023910867,アニソンDJバー グリュック,三崎町1-6,Bar,4bf58dd8d48988d116941735,31,Hachiōji,35.65583,139.32389,JP,2018-02-08 12:35:00
2018_485912,23925,2,35.65561,139.3389,八王子駅 (Hachiōji Sta.),旭町1-1,Train Station,4bf58dd8d48988d129951735,59,Hachiōji,35.65583,139.32389,JP,2018-02-08 13:44:00
2018_485917,23925,2352,35.657759835621285,139.34109617249536,八王子田田,東町1-3,Ramen Restaurant,55a59bace4b013909087cb24,335,Hachiōji,35.65583,139.32389,JP,2018-02-17 11:14:00
2018_485917,23925,3152,35.65656352155028,139.33652023910867,アニソンDJバー グリュック,三崎町1-6,Bar,4bf58dd8d48988d116941735,31,Hachiōji,35.65583,139.32389,JP,2018-02-17 11:53:00
2018_485921,23925,3870,35.657628374597415,139.33690195798448,七輪焼肉 安安,三崎町4-9,BBQ Joint,4bf58dd8d48988d1df931735,164,Hachiōji,35.65583,139.32389,JP,2018-03-03 09:28:00
2018_485921,23925,3152,35.65656352155028,139.33652023910867,アニソンDJバー グリュック,三崎町1-6,Bar,4bf58dd8d48988d116941735,31,Hachiōji,35.65583,139.32389,JP,2018-03-03 11:48:00
2018_485928,23925,3152,35.65656352155028,139.33652023910867,アニソンDJバー グリュック,三崎町1-6,Bar,4bf58dd8d48988d116941735,31,Hachiōji,35.65583,139.32389,JP,2018-04-06 14:58:00
2018_485928,23925,1234,35.65877935727556,139.33559205053172,油そば 味の天徳,中町7-7,Ramen Restaurant,55a59bace4b013909087cb24,335,Hachiōji,35.65583,139.32389,JP,2018-04-07 19:55:00
2018_485932,23925,2512,35.65766934065274,139.33705151081085,情熱のすためし どんどん,三崎町4-10,Donburi Restaurant,55a59bace4b013909087cb0c,331,Hachiōji,35.65583,139.32389,JP,2018-05-04 09:32:00
2018_485932,23925,3152,35.65656352155028,139.33652023910867,アニソンDJバー グリュック,三崎町1-6,Bar,4bf58dd8d48988d116941735,31,Hachiōji,35.65583,139.32389,JP,2018-05-04 10:24:00
2018_485933,23925,4517,35.657668,139.337639,中華食堂 一番館,旭町8-6,Chinese Restaurant,4bf58dd8d48988d145941735,76,Hachiōji,35.65583,139.32389,JP,2018-05-05 09:58:00
2018_485933,23925,3152,35.65656352155028,139.33652023910867,アニソンDJバー グリュック,三崎町1-6,Bar,4bf58dd8d48988d116941735,31,Hachiōji,35.65583,139.32389,JP,2018-05-05 12:07:00
2018_485933,23925,1234,35.65877935727556,139.33559205053172,油そば 味の天徳,中町7-7,Ramen Restaurant,55a59bace4b013909087cb24,335,Hachiōji,35.65583,139.32389,JP,2018-05-05 20:02:00
2018_485934,23925,2,35.65561,139.3389,八王子駅 (Hachiōji Sta.),旭町1-1,Train Station,4bf58dd8d48988d129951735,59,Hachiōji,35.65583,139.32389,JP,2018-05-12 09:42:00
2018_485934,23925,3582,35.657798993866564,139.33372020721436,家系ラーメン まるに家,寺町49-3,Ramen Restaurant,55a59bace4b013909087cb24,335,Hachiōji,35.65583,139.32389,JP,2018-05-12 09:52:00
2018_485935,23925,3429,35.65861262442448,139.33851681181474,すたみな太郎NEXT 八王子店,東町10-4,BBQ Joint,4bf58dd8d48988d1df931735,164,Hachiōji,35.65583,139.32389,JP,2018-05-19 09:09:00
2018_485935,23925,3152,35.65656352155028,139.33652023910867,アニソンDJバー グリュック,三崎町1-6,Bar,4bf58dd8d48988d116941735,31,Hachiōji,35.65583,139.32389,JP,2018-05-19 13:00:00
2018_485935,23925,1234,35.65877935727556,139.33559205053172,油そば 味の天徳,中町7-7,Ramen Restaurant,55a59bace4b013909087cb24,335,Hachiōji,35.65583,139.32389,JP,2018-05-19 20:01:00
2018_485939,23925,3152,35.65656352155028,139.33652023910867,アニソンDJバー グリュック,三崎町1-6,Bar,4bf58dd8d48988d116941735,31,Hachiōji,35.65583,139.32389,JP,2018-05-28 12:05:00
2018_485939,23925,2,35.65561,139.3389,八王子駅 (Hachiōji Sta.),旭町1-1,Train Station,4bf58dd8d48988d129951735,59,Hachiōji,35.65583,139.32389,JP,2018-05-28 14:57:00
2018_485939,23925,4517,35.657668,139.337639,中華食堂 一番館,旭町8-6,Chinese Restaurant,4bf58dd8d48988d145941735,76,Hachiōji,35.65583,139.32389,JP,2018-06-02 11:18:00
2018_485939,23925,3152,35.65656352155028,139.33652023910867,アニソンDJバー グリュック,三崎町1-6,Bar,4bf58dd8d48988d116941735,31,Hachiōji,35.65583,139.32389,JP,2018-06-02 12:08:00
2018_485939,23925,2019,35.65788128292282,139.33490814610713,ラーメン花,中町10-3,Ramen Restaurant,55a59bace4b013909087cb24,335,Hachiōji,35.65583,139.32389,JP,2018-06-02 20:05:00
2018_485944,23925,131,35.657102561712115,139.33814539611242,松屋 八王子店,旭町7-1,Donburi Restaurant,55a59bace4b013909087cb0c,331,Hachiōji,35.65583,139.32389,JP,2018-06-09 10:52:00
2018_485944,23925,3152,35.65656352155028,139.33652023910867,アニソンDJバー グリュック,三崎町1-6,Bar,4bf58dd8d48988d116941735,31,Hachiōji,35.65583,139.32389,JP,2018-06-09 12:25:00
2018_500304,24620,1602,35.589698208718076,139.31342527270317,セブンイレブン 相模原城山川尻東店,緑区川尻1593-1,Convenience Store,4d954b0ea243a5684a65b473,215,Hachiōji,35.65583,139.32389,JP,2017-10-07 23:08:00
2018_500304,24620,358,35.539018,139.223096,鳥居原ふれあいの館,緑区鳥屋1674,Farmers Market,4bf58dd8d48988d1fa941735,195,Hachiōji,35.65583,139.32389,JP,2017-10-07 23:33:00
2018_500304,24620,358,35.539018,139.223096,鳥居原ふれあいの館,緑区鳥屋1674,Farmers Market,4bf58dd8d48988d1fa941735,195,Hachiōji,35.65583,139.32389,JP,2017-10-08 06:57:00
2018_500304,24620,1254,35.553984,139.261701,オギノパン 本社工場直売店,緑区長竹2841,Bakery,4bf58dd8d48988d16a941735,100,Hachiōji,35.65583,139.32389,JP,2017-10-08 07:53:00
2018_500305,24620,1602,35.589698208718076,139.31342527270317,セブンイレブン 相模原城山川尻東店,緑区川尻1593-1,Convenience Store,4d954b0ea243a5684a65b473,215,Hachiōji,35.65583,139.32389,JP,2017-10-09 05:10:00
2018_500305,24620,358,35.539018,139.223096,鳥居原ふれあいの館,緑区鳥屋1674,Farmers Market,4bf58dd8d48988d1fa941735,195,Hachiōji,35.65583,139.32389,JP,2017-10-09 05:40:00
2018_500305,24620,1254,35.553984,139.261701,オギノパン 本社工場直売店,緑区長竹2841,Bakery,4bf58dd8d48988d16a941735,100,Hachiōji,35.65583,139.32389,JP,2017-10-09 07:02:00
2018_500313,24620,1602,35.589698208718076,139.31342527270317,セブンイレブン 相模原城山川尻東店,緑区川尻1593-1,Convenience Store,4d954b0ea243a5684a65b473,215,Hachiōji,35.65583,139.32389,JP,2017-10-26 03:37:00
2018_500313,24620,358,35.539018,139.223096,鳥居原ふれあいの館,緑区鳥屋1674,Farmers Market,4bf58dd8d48988d1fa941735,195,Hachiōji,35.65583,139.32389,JP,2017-10-26 04:08:00
2018_500313,24620,358,35.539018,139.223096,鳥居原ふれあいの館,緑区鳥屋1674,Farmers Market,4bf58dd8d48988d1fa941735,195,Hachiōji,35.65583,139.32389,JP,2017-10-26 06:25:00
2018_500313,24620,1254,35.553984,139.261701,オギノパン 本社工場直売店,緑区長竹2841,Bakery,4bf58dd8d48988d16a941735,100,Hachiōji,35.65583,139.32389,JP,2017-10-26 06:53:00
2018_500313,24620,374,35.60353485022223,139.3634499350297,ライコランド 多摩境店,小山ヶ丘4-3-5,Motorcycle Shop,5032833091d4c4b30a586d60,250,Hachiōji,35.65583,139.32389,JP,2017-10-26 07:44:00
2018_500318,24620,1602,35.589698208718076,139.31342527270317,セブンイレブン 相模原城山川尻東店,緑区川尻1593-1,Convenience Store,4d954b0ea243a5684a65b473,215,Hachiōji,35.65583,139.32389,JP,2017-11-03 23:38:00
2018_500318,24620,358,35.539018,139.223096,鳥居原ふれあいの館,緑区鳥屋1674,Farmers Market,4bf58dd8d48988d1fa941735,195,Hachiōji,35.65583,139.32389,JP,2017-11-04 00:09:00
2018_500318,24620,1254,35.553984,139.261701,オギノパン 本社工場直売店,緑区長竹2841,Bakery,4bf58dd8d48988d16a941735,100,Hachiōji,35.65583,139.32389,JP,2017-11-04 02:17:00
2018_500319,24620,1254,35.553984,139.261701,オギノパン 本社工場直売店,緑区長竹2841,Bakery,4bf58dd8d48988d16a941735,100,Hachiōji,35.65583,139.32389,JP,2017-11-05 07:39:00
2018_500319,24620,1230,35.59195452287096,139.32550715847702,スリーエフ 二本松一丁目店,緑区二本松1-20-8,Convenience Store,4d954b0ea243a5684a65b473,215,Hachiōji,35.65583,139.32389,JP,2017-11-05 08:36:00
2018_500321,24620,1602,35.589698208718076,139.31342527270317,セブンイレブン 相模原城山川尻東店,緑区川尻1593-1,Convenience Store,4d954b0ea243a5684a65b473,215,Hachiōji,35.65583,139.32389,JP,2017-11-11 05:27:00
2018_500321,24620,1254,35.553984,139.261701,オギノパン 本社工場直売店,緑区長竹2841,Bakery,4bf58dd8d48988d16a941735,100,Hachiōji,35.65583,139.32389,JP,2017-11-11 06:50:00
2018_500322,24620,1602,35.589698208718076,139.31342527270317,セブンイレブン 相模原城山川尻東店,緑区川尻1593-1,Convenience Store,4d954b0ea243a5684a65b473,215,Hachiōji,35.65583,139.32389,JP,2017-11-12 05:40:00
2018_500322,24620,358,35.539018,139.223096,鳥居原ふれあいの館,緑区鳥屋1674,Farmers Market,4bf58dd8d48988d1fa941735,195,Hachiōji,35.65583,139.32389,JP,2017-11-12 06:12:00
2018_500322,24620,1254,35.553984,139.261701,オギノパン 本社工場直売店,緑区長竹2841,Bakery,4bf58dd8d48988d16a941735,100,Hachiōji,35.65583,139.32389,JP,2017-11-12 07:43:00
2018_500327,24620,1602,35.589698208718076,139.31342527270317,セブンイレブン 相模原城山川尻東店,緑区川尻1593-1,Convenience Store,4d954b0ea243a5684a65b473,215,Hachiōji,35.65583,139.32389,JP,2017-11-19 02:37:00
2018_500327,24620,358,35.539018,139.223096,鳥居原ふれあいの館,緑区鳥屋1674,Farmers Market,4bf58dd8d48988d1fa941735,195,Hachiōji,35.65583,139.32389,JP,2017-11-19 03:13:00
2018_500329,24620,1602,35.589698208718076,139.31342527270317,セブンイレブン 相模原城山川尻東店,緑区川尻1593-1,Convenience Store,4d954b0ea243a5684a65b473,215,Hachiōji,35.65583,139.32389,JP,2017-11-23 06:12:00
2018_500329,24620,358,35.539018,139.223096,鳥居原ふれあいの館,緑区鳥屋1674,Farmers Market,4bf58dd8d48988d1fa941735,195,Hachiōji,35.65583,139.32389,JP,2017-11-23 06:44:00
2018_500329,24620,374,35.60353485022223,139.3634499350297,ライコランド 多摩境店,小山ヶ丘4-3-5,Motorcycle Shop,5032833091d4c4b30a586d60,250,Hachiōji,35.65583,139.32389,JP,2017-11-23 08:29:00
2018_500330,24620,1602,35.589698208718076,139.31342527270317,セブンイレブン 相模原城山川尻東店,緑区川尻1593-1,Convenience Store,4d954b0ea243a5684a65b473,215,Hachiōji,35.65583,139.32389,JP,2017-11-25 04:54:00
2018_500330,24620,358,35.539018,139.223096,鳥居原ふれあいの館,緑区鳥屋1674,Farmers Market,4bf58dd8d48988d1fa941735,195,Hachiōji,35.65583,139.32389,JP,2017-11-25 05:36:00
2018_500330,24620,1254,35.553984,139.261701,オギノパン 本社工場直売店,緑区長竹2841,Bakery,4bf58dd8d48988d16a941735,100,Hachiōji,35.65583,139.32389,JP,2017-11-25 06:23:00
2018_500331,24620,1602,35.589698208718076,139.31342527270317,セブンイレブン 相模原城山川尻東店,緑区川尻1593-1,Convenience Store,4d954b0ea243a5684a65b473,215,Hachiōji,35.65583,139.32389,JP,2017-11-26 04:52:00
2018_500331,24620,358,35.539018,139.223096,鳥居原ふれあいの館,緑区鳥屋1674,Farmers Market,4bf58dd8d48988d1fa941735,195,Hachiōji,35.65583,139.32389,JP,2017-11-26 05:23:00
2018_500331,24620,1254,35.553984,139.261701,オギノパン 本社工場直売店,緑区長竹2841,Bakery,4bf58dd8d48988d16a941735,100,Hachiōji,35.65583,139.32389,JP,2017-11-26 06:47:00
2018_500331,24620,374,35.60353485022223,139.3634499350297,ライコランド 多摩境店,小山ヶ丘4-3-5,Motorcycle Shop,5032833091d4c4b30a586d60,250,Hachiōji,35.65583,139.32389,JP,2017-11-26 07:54:00
2018_500337,24620,1602,35.589698208718076,139.31342527270317,セブンイレブン 相模原城山川尻東店,緑区川尻1593-1,Convenience Store,4d954b0ea243a5684a65b473,215,Hachiōji,35.65583,139.32389,JP,2017-12-03 05:07:00
2018_500337,24620,358,35.539018,139.223096,鳥居原ふれあいの館,緑区鳥屋1674,Farmers Market,4bf58dd8d48988d1fa941735,195,Hachiōji,35.65583,139.32389,JP,2017-12-03 06:25:00
2018_500337,24620,1254,35.553984,139.261701,オギノパン 本社工場直売店,緑区長竹2841,Bakery,4bf58dd8d48988d16a941735,100,Hachiōji,35.65583,139.32389,JP,2017-12-03 07:05:00
2018_500340,24620,1602,35.589698208718076,139.31342527270317,セブンイレブン 相模原城山川尻東店,緑区川尻1593-1,Convenience Store,4d954b0ea243a5684a65b473,215,Hachiōji,35.65583,139.32389,JP,2017-12-10 04:51:00
2018_500340,24620,358,35.539018,139.223096,鳥居原ふれあいの館,緑区鳥屋1674,Farmers Market,4bf58dd8d48988d1fa941735,195,Hachiōji,35.65583,139.32389,JP,2017-12-10 05:25:00
2018_500340,24620,1254,35.553984,139.261701,オギノパン 本社工場直売店,緑区長竹2841,Bakery,4bf58dd8d48988d16a941735,100,Hachiōji,35.65583,139.32389,JP,2017-12-10 06:11:00
2018_500343,24620,1602,35.589698208718076,139.31342527270317,セブンイレブン 相模原城山川尻東店,緑区川尻1593-1,Convenience Store,4d954b0ea243a5684a65b473,215,Hachiōji,35.65583,139.32389,JP,2017-12-16 06:17:00
2018_500343,24620,358,35.539018,139.223096,鳥居原ふれあいの館,緑区鳥屋1674,Farmers Market,4bf58dd8d48988d1fa941735,195,Hachiōji,35.65583,139.32389,JP,2017-12-16 06:47:00
2018_500343,24620,1254,35.553984,139.261701,オギノパン 本社工場直売店,緑区長竹2841,Bakery,4bf58dd8d48988d16a941735,100,Hachiōji,35.65583,139.32389,JP,2017-12-16 07:58:00
2018_500354,24620,1602,35.589698208718076,139.31342527270317,セブンイレブン 相模原城山川尻東店,緑区川尻1593-1,Convenience Store,4d954b0ea243a5684a65b473,215,Hachiōji,35.65583,139.32389,JP,2018-01-01 05:11:00
2018_500354,24620,358,35.539018,139.223096,鳥居原ふれあいの館,緑区鳥屋1674,Farmers Market,4bf58dd8d48988d1fa941735,195,Hachiōji,35.65583,139.32389,JP,2018-01-01 05:45:00
2018_500354,24620,1254,35.553984,139.261701,オギノパン 本社工場直売店,緑区長竹2841,Bakery,4bf58dd8d48988d16a941735,100,Hachiōji,35.65583,139.32389,JP,2018-01-01 06:21:00
2018_500357,24620,1602,35.589698208718076,139.31342527270317,セブンイレブン 相模原城山川尻東店,緑区川尻1593-1,Convenience Store,4d954b0ea243a5684a65b473,215,Hachiōji,35.65583,139.32389,JP,2018-01-06 06:00:00
2018_500357,24620,358,35.539018,139.223096,鳥居原ふれあいの館,緑区鳥屋1674,Farmers Market,4bf58dd8d48988d1fa941735,195,Hachiōji,35.65583,139.32389,JP,2018-01-06 06:28:00
2018_500357,24620,1254,35.553984,139.261701,オギノパン 本社工場直売店,緑区長竹2841,Bakery,4bf58dd8d48988d16a941735,100,Hachiōji,35.65583,139.32389,JP,2018-01-06 06:58:00
2018_500357,24620,374,35.60353485022223,139.3634499350297,ライコランド 多摩境店,小山ヶ丘4-3-5,Motorcycle Shop,5032833091d4c4b30a586d60,250,Hachiōji,35.65583,139.32389,JP,2018-01-06 07:37:00
2018_500359,24620,1602,35.589698208718076,139.31342527270317,セブンイレブン 相模原城山川尻東店,緑区川尻1593-1,Convenience Store,4d954b0ea243a5684a65b473,215,Hachiōji,35.65583,139.32389,JP,2018-01-09 05:36:00
2018_500359,24620,358,35.539018,139.223096,鳥居原ふれあいの館,緑区鳥屋1674,Farmers Market,4bf58dd8d48988d1fa941735,195,Hachiōji,35.65583,139.32389,JP,2018-01-09 06:08:00
2018_500359,24620,1254,35.553984,139.261701,オギノパン 本社工場直売店,緑区長竹2841,Bakery,4bf58dd8d48988d16a941735,100,Hachiōji,35.65583,139.32389,JP,2018-01-09 07:28:00
2018_500360,24620,1602,35.589698208718076,139.31342527270317,セブンイレブン 相模原城山川尻東店,緑区川尻1593-1,Convenience Store,4d954b0ea243a5684a65b473,215,Hachiōji,35.65583,139.32389,JP,2018-01-13 06:09:00
2018_500360,24620,358,35.539018,139.223096,鳥居原ふれあいの館,緑区鳥屋1674,Farmers Market,4bf58dd8d48988d1fa941735,195,Hachiōji,35.65583,139.32389,JP,2018-01-13 06:40:00
2018_500360,24620,1254,35.553984,139.261701,オギノパン 本社工場直売店,緑区長竹2841,Bakery,4bf58dd8d48988d16a941735,100,Hachiōji,35.65583,139.32389,JP,2018-01-13 07:06:00
2018_500366,24620,1602,35.589698208718076,139.31342527270317,セブンイレブン 相模原城山川尻東店,緑区川尻1593-1,Convenience Store,4d954b0ea243a5684a65b473,215,Hachiōji,35.65583,139.32389,JP,2018-01-20 05:45:00
2018_500366,24620,358,35.539018,139.223096,鳥居原ふれあいの館,緑区鳥屋1674,Farmers Market,4bf58dd8d48988d1fa941735,195,Hachiōji,35.65583,139.32389,JP,2018-01-20 06:17:00
2018_500366,24620,1254,35.553984,139.261701,オギノパン 本社工場直売店,緑区長竹2841,Bakery,4bf58dd8d48988d16a941735,100,Hachiōji,35.65583,139.32389,JP,2018-01-20 06:56:00
2018_500367,24620,1602,35.589698208718076,139.31342527270317,セブンイレブン 相模原城山川尻東店,緑区川尻1593-1,Convenience Store,4d954b0ea243a5684a65b473,215,Hachiōji,35.65583,139.32389,JP,2018-01-21 05:08:00
2018_500367,24620,358,35.539018,139.223096,鳥居原ふれあいの館,緑区鳥屋1674,Farmers Market,4bf58dd8d48988d1fa941735,195,Hachiōji,35.65583,139.32389,JP,2018-01-21 05:47:00
2018_500367,24620,374,35.60353485022223,139.3634499350297,ライコランド 多摩境店,小山ヶ丘4-3-5,Motorcycle Shop,5032833091d4c4b30a586d60,250,Hachiōji,35.65583,139.32389,JP,2018-01-21 07:36:00
2018_500374,24620,1602,35.589698208718076,139.31342527270317,セブンイレブン 相模原城山川尻東店,緑区川尻1593-1,Convenience Store,4d954b0ea243a5684a65b473,215,Hachiōji,35.65583,139.32389,JP,2018-02-04 06:58:00
2018_500374,24620,374,35.60353485022223,139.3634499350297,ライコランド 多摩境店,小山ヶ丘4-3-5,Motorcycle Shop,5032833091d4c4b30a586d60,250,Hachiōji,35.65583,139.32389,JP,2018-02-04 07:56:00
2018_500376,24620,1602,35.589698208718076,139.31342527270317,セブンイレブン 相模原城山川尻東店,緑区川尻1593-1,Convenience Store,4d954b0ea243a5684a65b473,215,Hachiōji,35.65583,139.32389,JP,2018-02-10 05:46:00
2018_500376,24620,358,35.539018,139.223096,鳥居原ふれあいの館,緑区鳥屋1674,Farmers Market,4bf58dd8d48988d1fa941735,195,Hachiōji,35.65583,139.32389,JP,2018-02-10 06:18:00
2018_500376,24620,1254,35.553984,139.261701,オギノパン 本社工場直売店,緑区長竹2841,Bakery,4bf58dd8d48988d16a941735,100,Hachiōji,35.65583,139.32389,JP,2018-02-10 07:26:00
2018_500377,24620,1602,35.589698208718076,139.31342527270317,セブンイレブン 相模原城山川尻東店,緑区川尻1593-1,Convenience Store,4d954b0ea243a5684a65b473,215,Hachiōji,35.65583,139.32389,JP,2018-02-12 06:17:00
2018_500377,24620,358,35.539018,139.223096,鳥居原ふれあいの館,緑区鳥屋1674,Farmers Market,4bf58dd8d48988d1fa941735,195,Hachiōji,35.65583,139.32389,JP,2018-02-12 06:49:00
2018_500377,24620,1254,35.553984,139.261701,オギノパン 本社工場直売店,緑区長竹2841,Bakery,4bf58dd8d48988d16a941735,100,Hachiōji,35.65583,139.32389,JP,2018-02-12 07:40:00
2018_501909,24664,1979,35.66188119453223,139.3452247392204,八王子健康管理センター,明神町4-30-2,Medical Center,4bf58dd8d48988d104941735,5,Hachiōji,35.65583,139.32389,JP,2017-10-03 23:39:00
2018_501909,24664,184,35.67554287141793,139.33182652111603,ジョージ,中野山王2-8-9,Steakhouse,4bf58dd8d48988d1cc941735,154,Hachiōji,35.65583,139.32389,JP,2017-10-04 03:12:00
2018_501911,24664,1161,35.58829525020088,139.2346427589655,すき家,緑区三ケ木405-1,Donburi Restaurant,55a59bace4b013909087cb0c,331,Hachiōji,35.65583,139.32389,JP,2017-10-09 05:02:00
2018_501911,24664,2612,35.53896895436263,139.22294279587425,鳥居原駐車場,緑区鳥屋1674,Parking,4c38df4de52ce0d596b336e1,205,Hachiōji,35.65583,139.32389,JP,2017-10-09 05:37:00
2018_501914,24664,4112,35.6575164637897,139.3371969519056,Sports Bar Shamrock,三崎町4-11,Sports Bar,4bf58dd8d48988d11d941735,41,Hachiōji,35.65583,139.32389,JP,2017-10-20 14:35:00
2018_501914,24664,35,35.642412535750246,139.28288798022228,高尾駅 (Takao Sta.),高尾町/初沢町,Train Station,4bf58dd8d48988d129951735,59,Hachiōji,35.65583,139.32389,JP,2017-10-20 15:05:00
2018_501916,24664,1106,35.616092782939475,139.35949774253336,八王子御殿山ゴルフ練習場,鑓水1405-1,Golf Course,4bf58dd8d48988d1e6941735,172,Hachiōji,35.65583,139.32389,JP,2017-11-01 08:52:00
2018_501916,24664,1244,35.646312699678006,139.2978284692114,ステーキのどん,東浅川町506-3,Steakhouse,4bf58dd8d48988d1cc941735,154,Hachiōji,35.65583,139.32389,JP,2017-11-01 11:35:00
2018_501916,24664,3557,35.63769140724817,139.30650510743885,ENEOS EneJet Dr. Driveセルフ椚田店,椚田町553-19,Gas Station,4bf58dd8d48988d113951735,28,Hachiōji,35.65583,139.32389,JP,2017-11-01 13:42:00
2018_501918,24664,544,35.65197626632036,139.3193733994865,ユニクロ 八王子台町店,台町2-22-24,Clothing Store,4bf58dd8d48988d103951735,4,Hachiōji,35.65583,139.32389,JP,2017-11-03 07:43:00
2018_501918,24664,1914,35.65911498981559,139.33776269684734,翔太朗,横山町7-11,Sake Bar,4bf58dd8d48988d11c941735,40,Hachiōji,35.65583,139.32389,JP,2017-11-03 11:50:00
2018_501920,24664,1326,35.654639063322705,139.33882782419246,ビックカメラ JR八王子駅店,旭町1-17,Electronics Store,4bf58dd8d48988d122951735,48,Hachiōji,35.65583,139.32389,JP,2017-11-06 03:23:00
2018_501920,24664,2863,35.605749408223204,139.33817202837142,坂下交差点,相原町,Intersection,52f2ab2ebcbc57f1066b8b4c,311,Hachiōji,35.65583,139.32389,JP,2017-11-06 04:25:00
2018_501925,24664,4533,35.65860715726376,139.3365923793849,蔵んち,中町3-2,Sake Bar,4bf58dd8d48988d11c941735,40,Hachiōji,35.65583,139.32389,JP,2017-11-24 11:10:00
2018_501925,24664,4534,35.657228,139.336431,クール・ラ・レーヌ,三崎町5-4,Other Nightlife,4bf58dd8d48988d11a941735,37,Hachiōji,35.65583,139.32389,JP,2017-11-24 14:06:00
2018_501932,24664,1106,35.616092782939475,139.35949774253336,八王子御殿山ゴルフ練習場,鑓水1405-1,Golf Course,4bf58dd8d48988d1e6941735,172,Hachiōji,35.65583,139.32389,JP,2017-12-09 22:44:00
2018_501932,24664,686,35.61209381628217,139.30831409315041,そうぶファミリーゴルフ,相原町2498,Golf Course,4bf58dd8d48988d1e6941735,172,Hachiōji,35.65583,139.32389,JP,2017-12-10 03:28:00
2018_501932,24664,424,35.634127463128614,139.3145476064732,安楽亭,椚田町365-4,BBQ Joint,4bf58dd8d48988d1df931735,164,Hachiōji,35.65583,139.32389,JP,2017-12-10 05:55:00
2018_501932,24664,1106,35.616092782939475,139.35949774253336,八王子御殿山ゴルフ練習場,鑓水1405-1,Golf Course,4bf58dd8d48988d1e6941735,172,Hachiōji,35.65583,139.32389,JP,2017-12-10 08:06:00
2018_501932,24664,2553,35.5879863066163,139.2545082020357,JAセルフ 中野SS,緑区中野981,Gas Station,4bf58dd8d48988d113951735,28,Hachiōji,35.65583,139.32389,JP,2017-12-10 09:18:00
2018_501935,24664,3612,35.585381099545955,139.27114167170276,セブンイレブン 相模原津久井太井東店,緑区太井621-1,Convenience Store,4d954b0ea243a5684a65b473,215,Hachiōji,35.65583,139.32389,JP,2018-01-01 05:05:00
2018_501935,24664,2612,35.53896895436263,139.22294279587425,鳥居原駐車場,緑区鳥屋1674,Parking,4c38df4de52ce0d596b336e1,205,Hachiōji,35.65583,139.32389,JP,2018-01-01 05:51:00
2018_501938,24664,2612,35.53896895436263,139.22294279587425,鳥居原駐車場,緑区鳥屋1674,Parking,4c38df4de52ce0d596b336e1,205,Hachiōji,35.65583,139.32389,JP,2018-01-04 03:12:00
2018_501938,24664,4088,35.583516,139.355814,相模原2りんかん,中央区小山3-37-1,Motorcycle Shop,5032833091d4c4b30a586d60,250,Hachiōji,35.65583,139.32389,JP,2018-01-04 04:43:00
2018_501939,24664,1624,35.66069371545395,139.30353136269474,一乗山久松寺吉祥院,長房町58-3,Buddhist Temple,52e81612bcbc57f1066b7a3e,292,Hachiōji,35.65583,139.32389,JP,2018-01-08 04:03:00
2018_501939,24664,1803,35.65982851093888,139.31001036067494,宗格院,千人町2-14-18,Temple,4bf58dd8d48988d13a941735,71,Hachiōji,35.65583,139.32389,JP,2018-01-08 04:15:00
2018_501939,24664,146,35.66013571194764,139.31635486789514,了法寺,日吉町2-1,Buddhist Temple,52e81612bcbc57f1066b7a3e,292,Hachiōji,35.65583,139.32389,JP,2018-01-08 04:29:00
2018_501939,24664,2414,35.66271917958098,139.3229100392487,興栄山 善龍寺,元本郷町1-1-9,Temple,4bf58dd8d48988d13a941735,71,Hachiōji,35.65583,139.32389,JP,2018-01-08 04:42:00
2018_501939,24664,1805,35.656225899272826,139.3218360953713,信松院,台町3-18-28,Temple,4bf58dd8d48988d13a941735,71,Hachiōji,35.65583,139.32389,JP,2018-01-08 04:57:00
2018_501939,24664,2507,35.65699255112263,139.32739179831322,金剛院,上野町39-2,Temple,4bf58dd8d48988d13a941735,71,Hachiōji,35.65583,139.32389,JP,2018-01-08 05:15:00
2018_501939,24664,1806,35.65546073180916,139.33012699363033,本立寺,上野町11−1,Spiritual Center,4bf58dd8d48988d131941735,68,Hachiōji,35.65583,139.32389,JP,2018-01-08 05:27:00
2018_501939,24664,2509,,,,,Temple,4bf58dd8d48988d13a941735,71,Hachiōji,35.65583,139.32389,JP,2018-01-08 05:48:00
2018_501939,24664,150,35.6446833,139.2838458,横濱家 高尾店,高尾町1599-45,Ramen Restaurant,55a59bace4b013909087cb24,335,Hachiōji,35.65583,139.32389,JP,2018-01-08 06:22:00
2018_501940,24664,3953,35.59467,139.3276,スシロー,緑区西橋本4-8-48,Sushi Restaurant,4bf58dd8d48988d1d2941735,158,Hachiōji,35.65583,139.32389,JP,2018-01-09 11:56:00
2018_501940,24664,3612,35.585381099545955,139.27114167170276,セブンイレブン 相模原津久井太井東店,緑区太井621-1,Convenience Store,4d954b0ea243a5684a65b473,215,Hachiōji,35.65583,139.32389,JP,2018-01-09 12:36:00
2018_501942,24664,3734,35.651943274851,139.33682534159104,Kitchen Rocco (キッチン ロッコ),子安町3-8-10,Italian Restaurant,4bf58dd8d48988d110941735,21,Hachiōji,35.65583,139.32389,JP,2018-01-13 03:46:00
2018_501942,24664,2,35.65561,139.3389,八王子駅 (Hachiōji Sta.),旭町1-1,Train Station,4bf58dd8d48988d129951735,59,Hachiōji,35.65583,139.32389,JP,2018-01-13 05:49:00
2018_501944,24664,641,35.658267,139.328504,中華そば 青葉,南新町15-1,Ramen Restaurant,55a59bace4b013909087cb24,335,Hachiōji,35.65583,139.32389,JP,2018-01-22 04:36:00
2018_501944,24664,2,35.65561,139.3389,八王子駅 (Hachiōji Sta.),旭町1-1,Train Station,4bf58dd8d48988d129951735,59,Hachiōji,35.65583,139.32389,JP,2018-01-22 06:59:00
2018_501947,24664,3006,35.655375027540735,139.33690118454257,駐太郎 JR貨物八王子駅南口立体駐車場,旭町1-11,Parking,4c38df4de52ce0d596b336e1,205,Hachiōji,35.65583,139.32389,JP,2018-03-09 16:33:00
2018_501947,24664,1395,35.64734144343765,139.33671790560362,apollostation セルフ八王子SS,子安町3-26-2,Gas Station,4bf58dd8d48988d113951735,28,Hachiōji,35.65583,139.32389,JP,2018-03-09 16:43:00
2018_501948,24664,4618,35.776668,139.306191,南国カフェ HoiHoi亭,栄町1-6-7,Hawaiian Restaurant,52e81612bcbc57f1066b79fe,274,Fussa,35.73667,139.32361,JP,2018-03-17 03:58:00
2018_501948,24664,4255,35.58867018147103,139.33616772294044,ゆで太郎/もつ次郎,緑区西橋本1-15-6,Soba Restaurant,55a59bace4b013909087cb27,336,Hachiōji,35.65583,139.32389,JP,2018-03-17 10:17:00
2018_501948,24664,261,35.59326830383702,139.33160412505484,ロイヤルホームセンター 相模原橋本店,緑区西橋本3-9-8,Furniture / Home Store,4bf58dd8d48988d1f8941735,191,Hachiōji,35.65583,139.32389,JP,2018-03-17 11:01:00
2018_501950,24664,2688,35.63142935314892,139.2862644200795,医療センター入口交差点,館町,Intersection,52f2ab2ebcbc57f1066b8b4c,311,Hachiōji,35.65583,139.32389,JP,2018-03-19 23:14:00
2018_501950,24664,1332,35.6996038722306,139.29193932885147,八王子カントリークラブ,川口町2352,Golf Course,4bf58dd8d48988d1e6941735,172,Fussa,35.73667,139.32361,JP,2018-03-20 04:32:00
2018_501954,24664,63,35.6323912,139.2699219,高尾山口駅 (Takaosanguchi Sta.) (KO53),高尾町2241,Train Station,4bf58dd8d48988d129951735,59,Hachiōji,35.65583,139.32389,JP,2018-04-21 00:00:00
2018_501954,24664,4192,35.631046,139.26192,高尾山ケーブルカー あおば号,高尾町,Cable Car,52f2ab2ebcbc57f1066b8b50,315,Hachiōji,35.65583,139.32389,JP,2018-04-21 00:17:00
2018_501955,24664,1248,35.60350902275171,139.34663162135698,らーめん専門店 小川 本店,小山町4409,Ramen Restaurant,55a59bace4b013909087cb24,335,Hachiōji,35.65583,139.32389,JP,2018-04-30 10:58:00
2018_501955,24664,4088,35.583516,139.355814,相模原2りんかん,中央区小山3-37-1,Motorcycle Shop,5032833091d4c4b30a586d60,250,Hachiōji,35.65583,139.32389,JP,2018-04-30 11:46:00
2018_501956,24664,2033,35.65685505845086,139.33637112799045,大海軒 八王子店,三崎町6-15,Ramen Restaurant,55a59bace4b013909087cb24,335,Hachiōji,35.65583,139.32389,JP,2018-05-02 03:16:00
2018_501956,24664,18,35.72118017284569,139.34375983717834,拝島駅 (Haijima Sta.),松原町4-14-4 / 美堀町5-21-2,Train Station,4bf58dd8d48988d129951735,59,Fussa,35.73667,139.32361,JP,2018-05-02 09:46:00
2018_501956,24664,34,35.77649284869505,139.30208029152752,小作駅 (Ozaku Sta.),小作台5-35-1,Train Station,4bf58dd8d48988d129951735,59,Fussa,35.73667,139.32361,JP,2018-05-02 10:07:00
2018_501958,24664,457,35.66282977775507,139.33319728952125,藍華,元横山町2-22-3,Ramen Restaurant,55a59bace4b013909087cb24,335,Hachiōji,35.65583,139.32389,JP,2018-05-12 10:29:00
2018_501958,24664,4576,35.65805,139.338492,cosmic 八王子店,中町2-1,Pachinko Parlor,5744ccdfe4b0c0459246b4b8,352,Hachiōji,35.65583,139.32389,JP,2018-05-12 12:36:00
2018_501959,24664,72,35.65872941522764,139.33791666837757,KITCHEN BAR でん,東町13-6,Bar,4bf58dd8d48988d116941735,31,Hachiōji,35.65583,139.32389,JP,2018-05-20 06:07:00
2018_501959,24664,1432,35.65912,139.34132,子安神社,明神町4-10-3,Shrine,4eb1d80a4b900d56c88a45ff,229,Hachiōji,35.65583,139.32389,JP,2018-05-20 07:00:00
2018_501962,24664,3898,35.58625950901575,139.29550950708446,新小倉橋西側交差点,緑区小倉付近,Intersection,52f2ab2ebcbc57f1066b8b4c,311,Hachiōji,35.65583,139.32389,JP,2018-06-09 00:26:00
2018_501962,24664,987,35.59828418999624,139.33380735330678,セブンイレブン 相模原橋本8丁目店,緑区橋本8-11-3,Convenience Store,4d954b0ea243a5684a65b473,215,Hachiōji,35.65583,139.32389,JP,2018-06-09 00:53:00
2018_501962,24664,393,35.791669613972694,139.3228300246885,セブンイレブン 青梅新町6丁目店,新町6-16-1,Convenience Store,4d954b0ea243a5684a65b473,215,Fussa,35.73667,139.32361,JP,2018-06-09 02:13:00
2018_501962,24664,2763,35.79192996100265,139.30895836370675,津久茂,新町5丁目45-2,Japanese Restaurant,4bf58dd8d48988d111941735,23,Fussa,35.73667,139.32361,JP,2018-06-09 05:14:00
2018_501962,24664,3881,35.643507930004006,139.33278725711554,奥芝商店 八王子片倉城,片倉町119-1,Japanese Curry Restaurant,55a59bace4b013909087cb30,339,Hachiōji,35.65583,139.32389,JP,2018-06-09 11:30:00
2018_501962,24664,1854,35.65673073163394,139.3444533761723,ちろりん村,明神町3-24-1,Fast Food Restaurant,4bf58dd8d48988d16e941735,104,Hachiōji,35.65583,139.32389,JP,2018-06-09 12:12:00
2018_501965,24664,1873,35.59452716251099,139.32827241247026,ローソン 相模原緑西橋本四丁目店,緑区西橋本4-1170-8,Convenience Store,4d954b0ea243a5684a65b473,215,Hachiōji,35.65583,139.32389,JP,2018-07-15 10:22:00
2018_501965,24664,2569,35.58975370633101,139.30810191704714,ENEOS Dr. Drive城山店,緑区向原4丁目1-21,Gas Station,4bf58dd8d48988d113951735,28,Hachiōji,35.65583,139.32389,JP,2018-07-15 10:46:00
2018_501968,24664,150,35.6446833,139.2838458,横濱家 高尾店,高尾町1599-45,Ramen Restaurant,55a59bace4b013909087cb24,335,Hachiōji,35.65583,139.32389,JP,2018-07-23 14:46:00
2018_501968,24664,2842,35.623112,139.263268,高尾山インター入口交差点,南浅川町,Intersection,52f2ab2ebcbc57f1066b8b4c,311,Hachiōji,35.65583,139.32389,JP,2018-07-23 15:03:00
2018_501969,24664,2675,35.626817312831,139.2846681878622,リバースオート,館町2850-1,Bike Shop,4bf58dd8d48988d115951735,30,Hachiōji,35.65583,139.32389,JP,2018-07-28 04:25:00
2018_501969,24664,2587,35.55294196410776,139.3440355566505,"リバースオート相模原 (Re-Birth Auto Co,Ltd)",中央区田名4147-2,Automotive Shop,4bf58dd8d48988d124951735,52,Hachiōji,35.65583,139.32389,JP,2018-07-28 05:27:00
2018_503988,24765,1536,35.75222347451865,139.46784648602127,アップガレージ 東村山店,本町1-9-2,Thrift / Vintage Store,4bf58dd8d48988d101951735,2,Higashimurayama,35.75459,139.46852,JP,2017-10-13 02:14:00
2018_503988,24765,42,35.74981252531669,139.4725793096984,久米川駅 (Kumegawa Sta.)(SS20),栄町2-3-1,Train Station,4bf58dd8d48988d129951735,59,Higashimurayama,35.75459,139.46852,JP,2017-10-13 02:19:00
2018_503989,24765,3184,35.66084442809567,139.31821535522172,追分町交差点,追分町,Intersection,52f2ab2ebcbc57f1066b8b4c,311,Hachiōji,35.65583,139.32389,JP,2017-10-14 03:41:00
2018_503989,24765,4071,35.65758333268897,139.33341503738964,ファミリーマート 八王子寺町店,寺町47,Convenience Store,4d954b0ea243a5684a65b473,215,Hachiōji,35.65583,139.32389,JP,2017-10-14 04:35:00
2018_503991,24765,1989,35.590095,139.342262,南京亭,緑区橋本1-19-1,Chinese Restaurant,4bf58dd8d48988d145941735,76,Hachiōji,35.65583,139.32389,JP,2017-10-23 03:50:00
2018_503991,24765,1085,35.665280484830966,139.36121553182602,ファミリーマート 八王子甲州街道店,高倉町1-2,Convenience Store,4d954b0ea243a5684a65b473,215,Hachiōji,35.65583,139.32389,JP,2017-10-23 08:31:00
2018_503992,24765,3712,35.635779959185044,139.2701344192028,ファミリーマート 八王子高尾町店,高尾町1819-1,Convenience Store,4d954b0ea243a5684a65b473,215,Hachiōji,35.65583,139.32389,JP,2017-10-24 23:35:00
2018_503992,24765,3014,35.660333651805814,139.32875674367972,八幡町交差点,八幡町,Intersection,52f2ab2ebcbc57f1066b8b4c,311,Hachiōji,35.65583,139.32389,JP,2017-10-25 03:37:00
2018_503993,24765,3712,35.635779959185044,139.2701344192028,ファミリーマート 八王子高尾町店,高尾町1819-1,Convenience Store,4d954b0ea243a5684a65b473,215,Hachiōji,35.65583,139.32389,JP,2017-10-25 23:48:00
2018_503993,24765,3508,35.64456557856245,139.35502397231295,しょうゆのおがわや 北野店,打越町344-4,Ramen Restaurant,55a59bace4b013909087cb24,335,Hachiōji,35.65583,139.32389,JP,2017-10-26 11:21:00
2018_503993,24765,356,35.666924506110185,139.35412572471705,マクドナルド,大和田町4-21-4,Fast Food Restaurant,4bf58dd8d48988d16e941735,104,Hachiōji,35.65583,139.32389,JP,2017-10-26 12:15:00
2018_503997,24765,2153,35.662203429417886,139.3105780110242,水無瀬橋,日吉町/横川町,Bridge,4bf58dd8d48988d1df941735,165,Hachiōji,35.65583,139.32389,JP,2017-11-14 09:14:00
2018_503997,24765,1479,35.680672,139.317383,東京婦人補導院,中野町2726-1,Government Building,4bf58dd8d48988d126941735,53,Hachiōji,35.65583,139.32389,JP,2017-11-14 09:25:00
2018_503999,24765,1720,35.70796202136346,139.29659843444824,ファミリーマート 八王子戸吹町店,戸吹町166-29,Convenience Store,4d954b0ea243a5684a65b473,215,Fussa,35.73667,139.32361,JP,2017-11-21 06:49:00
2018_503999,24765,1830,35.699117,139.268118,GMGゴルフ場バス停,上川町,Bus Station,4bf58dd8d48988d1fe931735,201,Fussa,35.73667,139.32361,JP,2017-11-21 07:01:00
2018_504000,24765,520,35.659344,139.345364,名物すた丼の店,明神町4-1-5,Donburi Restaurant,55a59bace4b013909087cb0c,331,Hachiōji,35.65583,139.32389,JP,2017-12-01 11:39:00
2018_504000,24765,903,35.728767028741835,139.29249017333223,夢庵,秋川6-3-3,Japanese Restaurant,4bf58dd8d48988d111941735,23,Fussa,35.73667,139.32361,JP,2017-12-01 14:12:00
2018_504005,24765,1136,35.6531273855651,139.35319065261558,東日本三菱自動車販売 八王子北野店,北野町593-7,Automotive Shop,4bf58dd8d48988d124951735,52,Hachiōji,35.65583,139.32389,JP,2017-12-22 05:47:00
2018_504005,24765,4326,35.71304839056127,139.3207519234081,オートスポーツ清水,高月町273,Motorcycle Shop,5032833091d4c4b30a586d60,250,Fussa,35.73667,139.32361,JP,2017-12-22 07:46:00
2018_504006,24765,395,35.69199242144207,139.3345771577204,東京純心女子学園,滝山町2-600,University,4bf58dd8d48988d1ae941735,142,Hachiōji,35.65583,139.32389,JP,2017-12-25 03:39:00
2018_504006,24765,1318,35.69680338543978,139.30682233437088,武蔵野ゴルフクラブ,宮下町656,Golf Course,4bf58dd8d48988d1e6941735,172,Fussa,35.73667,139.32361,JP,2017-12-25 06:08:00
2018_504007,24765,1073,35.7865335202308,139.30737285902194,くら寿司,新町5-4-3,Sushi Restaurant,4bf58dd8d48988d1d2941735,158,Fussa,35.73667,139.32361,JP,2017-12-29 11:49:00
2018_504007,24765,1361,35.74224648166014,139.32857110568892,東横イン 福生駅前東口,東町4-1,Hotel,4bf58dd8d48988d1fa931735,194,Fussa,35.73667,139.32361,JP,2017-12-29 13:25:00
2018_504011,24765,3395,35.65558678540349,139.3439184283467,けいの家 八王子本店,明神町3-9-1,Sake Bar,4bf58dd8d48988d11c941735,40,Hachiōji,35.65583,139.32389,JP,2018-01-10 02:56:00
2018_504011,24765,1830,35.699117,139.268118,GMGゴルフ場バス停,上川町,Bus Station,4bf58dd8d48988d1fe931735,201,Fussa,35.73667,139.32361,JP,2018-01-10 03:58:00
2018_504013,24765,7,35.78619883695784,139.30841619724814,安楽亭 青梅新町店,新町5-5-10,BBQ Joint,4bf58dd8d48988d1df931735,164,Fussa,35.73667,139.32361,JP,2018-01-21 04:28:00
2018_504013,24765,1254,35.553984,139.261701,オギノパン 本社工場直売店,緑区長竹2841,Bakery,4bf58dd8d48988d16a941735,100,Hachiōji,35.65583,139.32389,JP,2018-01-21 07:29:00
2018_504019,24765,1852,35.69789145551914,139.32417690753937,ファミリーマート 八王子丹木町店,丹木町3-92-5,Convenience Store,4d954b0ea243a5684a65b473,215,Fussa,35.73667,139.32361,JP,2018-02-16 03:39:00
2018_504019,24765,201,35.6465373238844,139.35496866703033,ファミリーマート 北野駅前通り店,北野町554-11,Convenience Store,4d954b0ea243a5684a65b473,215,Hachiōji,35.65583,139.32389,JP,2018-02-16 04:30:00
2018_504020,24765,3820,35.615995729989194,139.24460649490356,WILL WESTERN 高尾,南浅川町3941-1,Motel,4bf58dd8d48988d1fb931735,196,Hachiōji,35.65583,139.32389,JP,2018-02-18 12:53:00
2018_504020,24765,3876,35.61879500897339,139.25997097805998,株式会社エコリターン,南浅川町3131-1,Recycling Facility,4f4531084b9074f6e4fb0101,240,Hachiōji,35.65583,139.32389,JP,2018-02-18 12:57:00
2018_504023,24765,86,35.7465645056559,139.3847680091858,イオンモールむさし村山,榎1-1-3,Shopping Mall,4bf58dd8d48988d1fd941735,200,Fussa,35.73667,139.32361,JP,2018-02-22 05:06:00
2018_504023,24765,1948,35.74933418314266,139.38286693624968,ダイソー 武蔵村山榎店,榎3-113-6,Miscellaneous Shop,4bf58dd8d48988d1ff941735,204,Fussa,35.73667,139.32361,JP,2018-02-22 05:08:00
2018_504023,24765,2155,35.751929623692924,139.38349781246396,本町一丁目交差点,本町1,Intersection,52f2ab2ebcbc57f1066b8b4c,311,Fussa,35.73667,139.32361,JP,2018-02-22 05:10:00
2018_504023,24765,1091,35.74959511810699,139.382587561056,セブンイレブン 武蔵村山三ツ藤1丁目店,三ツ藤1-27-8,Convenience Store,4d954b0ea243a5684a65b473,215,Fussa,35.73667,139.32361,JP,2018-02-22 06:02:00
2018_504023,24765,2992,35.61571187109172,139.34142687419003,鑓水北交差点,鑓水,Intersection,52f2ab2ebcbc57f1066b8b4c,311,Hachiōji,35.65583,139.32389,JP,2018-02-22 07:29:00
2018_504023,24765,1179,35.68438,139.34596,左入橋交差点,左入町/字津木町,Intersection,52f2ab2ebcbc57f1066b8b4c,311,Hachiōji,35.65583,139.32389,JP,2018-02-22 09:27:00
2018_504023,24765,1355,35.67268031629256,139.32925206634152,いなげや 八王子中野店,中野山王1-11-16,Supermarket,52f2ab2ebcbc57f1066b8b46,309,Hachiōji,35.65583,139.32389,JP,2018-02-22 10:05:00
2018_504025,24765,658,35.70683144994667,139.3484971784367,吉野家,緑町3-5-14,Japanese Restaurant,4bf58dd8d48988d111941735,23,Fussa,35.73667,139.32361,JP,2018-02-24 11:03:00
2018_504025,24765,709,35.697366,139.346414,拝島橋,拝島町4/田中町4,Bridge,4bf58dd8d48988d1df941735,165,Fussa,35.73667,139.32361,JP,2018-02-24 11:21:00
2018_504026,24765,2298,35.715559280664365,139.3391807044259,東京都立 多摩工業高等学校,熊川215,High School,4bf58dd8d48988d13d941735,73,Fussa,35.73667,139.32361,JP,2018-02-28 00:20:00
2018_504026,24765,2344,35.6509852714238,139.32931191330272,八王子実践中学校・高等学校,台町1-6-15,High School,4bf58dd8d48988d13d941735,73,Hachiōji,35.65583,139.32389,JP,2018-02-28 03:20:00
2018_504026,24765,2083,35.63698872162928,139.33965057134625,セブンイレブン 八王子片倉南店,片倉町2308-8,Convenience Store,4d954b0ea243a5684a65b473,215,Hachiōji,35.65583,139.32389,JP,2018-02-28 03:38:00
2018_504028,24765,2443,35.65183244651831,139.35002267360687,和田公園,北野町511-11,Park,4bf58dd8d48988d163941735,95,Hachiōji,35.65583,139.32389,JP,2018-03-04 03:32:00
2018_504028,24765,231,35.7817560122803,139.32009303078394,ダイソー おうめ新町9丁目店,新町9-2019-1,Miscellaneous Shop,4bf58dd8d48988d1ff941735,204,Fussa,35.73667,139.32361,JP,2018-03-04 06:00:00
2018_504030,24765,4501,35.63603924364597,139.33959251776622,らあめん花月嵐,片倉町2213-1,Ramen Restaurant,55a59bace4b013909087cb24,335,Hachiōji,35.65583,139.32389,JP,2018-03-08 03:31:00
2018_504030,24765,1046,35.66479113610765,139.3601356893509,東京スバル 大和田店,大和田町2-16-24,Automotive Shop,4bf58dd8d48988d124951735,52,Hachiōji,35.65583,139.32389,JP,2018-03-08 08:58:00
2018_504031,24765,2062,35.63765053585985,139.30580914020535,ファミリーマート 秀栄高専通り店,椚田町553-15,Convenience Store,4d954b0ea243a5684a65b473,215,Hachiōji,35.65583,139.32389,JP,2018-03-09 03:07:00
2018_504031,24765,1046,35.66479113610765,139.3601356893509,東京スバル 大和田店,大和田町2-16-24,Automotive Shop,4bf58dd8d48988d124951735,52,Hachiōji,35.65583,139.32389,JP,2018-03-09 08:54:00
2018_504032,24765,2861,35.678314682488804,139.2984027852115,トヨタS&D西東京 松枝橋店,四谷町668-1,Auto Dealership,4eb1c1623b7b52c0e1adc2ec,226,Hachiōji,35.65583,139.32389,JP,2018-03-16 06:36:00
2018_504032,24765,2443,35.65183244651831,139.35002267360687,和田公園,北野町511-11,Park,4bf58dd8d48988d163941735,95,Hachiōji,35.65583,139.32389,JP,2018-03-16 11:14:00
2018_504032,24765,555,35.71390666540177,139.35581965215374,昭島 大和家,松原町1-9-1,Ramen Restaurant,55a59bace4b013909087cb24,335,Fussa,35.73667,139.32361,JP,2018-03-16 11:45:00
2018_504033,24765,2008,35.65855371951849,139.32870984077454,ローソン 八王子南新町店,南新町15,Convenience Store,4d954b0ea243a5684a65b473,215,Hachiōji,35.65583,139.32389,JP,2018-03-18 04:12:00
2018_504033,24765,2,35.65561,139.3389,八王子駅 (Hachiōji Sta.),旭町1-1,Train Station,4bf58dd8d48988d129951735,59,Hachiōji,35.65583,139.32389,JP,2018-03-18 08:51:00
2018_543168,26786,4079,35.631897,139.28928,ドトールコーヒーショップ,館町1163,Café,4bf58dd8d48988d16d941735,103,Hachiōji,35.65583,139.32389,JP,2017-10-04 00:34:00
2018_543168,26786,837,35.63192851622984,139.28904040629072,東京医科大学 八王子医療センター,館町1163,Hospital,4bf58dd8d48988d196941735,129,Hachiōji,35.65583,139.32389,JP,2017-10-04 01:11:00
2018_543168,26786,1790,35.63199655623456,139.28925454616547,セブンイレブン,館町1163-1,Convenience Store,4d954b0ea243a5684a65b473,215,Hachiōji,35.65583,139.32389,JP,2017-10-04 02:14:00
2018_543168,26786,1026,35.60461862075796,139.3294327878597,八千代銀行 相原支店,相原町1254-6,Bank,4bf58dd8d48988d10a951735,13,Hachiōji,35.65583,139.32389,JP,2017-10-04 05:09:00
2018_543168,26786,2405,35.60461020245702,139.33393625649953,町田相原郵便局,相原町792-5,Post Office,4bf58dd8d48988d172941735,106,Hachiōji,35.65583,139.32389,JP,2017-10-04 05:17:00
2018_543168,26786,214,35.602004112899714,139.3749052346156,カインズ 町田多摩境店,小山ヶ丘3-6-6,Furniture / Home Store,4bf58dd8d48988d1f8941735,191,Hachiōji,35.65583,139.32389,JP,2017-10-04 05:34:00
2018_543168,26786,2371,35.60226128641423,139.36915411785216,ドクターオザワ動物病院 町田病院,小山ヶ丘3−22−20,Veterinarian,4d954af4a243a5684765b473,212,Hachiōji,35.65583,139.32389,JP,2017-10-04 06:20:00
2018_543168,26786,669,35.60256387003172,139.36927516109893,ペットフォレスト 町田多摩境店,小山ヶ丘3-22-20,Pet Store,4bf58dd8d48988d100951735,1,Hachiōji,35.65583,139.32389,JP,2017-10-04 06:24:00
2018_543168,26786,327,35.60425261447649,139.36044923067635,スーパーアルプス 多摩境店,小山ヶ丘4-5-2,Supermarket,52f2ab2ebcbc57f1066b8b46,309,Hachiōji,35.65583,139.32389,JP,2017-10-04 06:38:00
2018_543168,26786,1436,35.60929377832808,139.31964511889518,相原中央公園,相原町2018,Park,4bf58dd8d48988d163941735,95,Hachiōji,35.65583,139.32389,JP,2017-10-04 08:14:00
2018_543169,26786,46,35.60651474492544,139.33174781812303,相原駅 (Aihara Sta.),相原町1218-4,Train Station,4bf58dd8d48988d129951735,59,Hachiōji,35.65583,139.32389,JP,2017-10-08 07:33:00
2018_543169,26786,11,35.59495276013401,139.34499388615959,橋本駅 (Hashimoto Sta.),緑区橋本6/2,Train Station,4bf58dd8d48988d129951735,59,Hachiōji,35.65583,139.32389,JP,2017-10-08 13:14:00
2018_543169,26786,46,35.60651474492544,139.33174781812303,相原駅 (Aihara Sta.),相原町1218-4,Train Station,4bf58dd8d48988d129951735,59,Hachiōji,35.65583,139.32389,JP,2017-10-08 13:33:00
2018_543169,26786,4336,35.60687982613248,139.33114767621447,ローソン 町田相原駅西口店,相原町1165-1,Convenience Store,4d954b0ea243a5684a65b473,215,Hachiōji,35.65583,139.32389,JP,2017-10-08 13:35:00
2018_543170,26786,1791,35.602330134905564,139.3703967218518,洋服の青山 多摩境店,小山ヶ丘3-10-7,Men's Store,4bf58dd8d48988d106951735,9,Hachiōji,35.65583,139.32389,JP,2017-10-12 09:54:00
2018_543170,26786,327,35.60425261447649,139.36044923067635,スーパーアルプス 多摩境店,小山ヶ丘4-5-2,Supermarket,52f2ab2ebcbc57f1066b8b46,309,Hachiōji,35.65583,139.32389,JP,2017-10-12 11:26:00
2018_543171,26786,1576,35.60615607975715,139.31800886286618,ENEOS Dr. Drive相原店,相原町2171-1,Gas Station,4bf58dd8d48988d113951735,28,Hachiōji,35.65583,139.32389,JP,2017-10-13 07:20:00
2018_543171,26786,327,35.60425261447649,139.36044923067635,スーパーアルプス 多摩境店,小山ヶ丘4-5-2,Supermarket,52f2ab2ebcbc57f1066b8b46,309,Hachiōji,35.65583,139.32389,JP,2017-10-13 07:41:00
2018_543171,26786,1791,35.602330134905564,139.3703967218518,洋服の青山 多摩境店,小山ヶ丘3-10-7,Men's Store,4bf58dd8d48988d106951735,9,Hachiōji,35.65583,139.32389,JP,2017-10-13 08:12:00
2018_543171,26786,414,35.59522957938127,139.34537372091242,ミウィ橋本,緑区橋本3-28-1,Shopping Mall,4bf58dd8d48988d1fd941735,200,Hachiōji,35.65583,139.32389,JP,2017-10-15 09:29:00
2018_543171,26786,3807,35.59529030235591,139.34542049361627,ユニクロ,緑区橋本3-28-1,Clothing Store,4bf58dd8d48988d103951735,4,Hachiōji,35.65583,139.32389,JP,2017-10-15 09:32:00
2018_543171,26786,271,35.59530370924533,139.34548663367462,無印良品,緑区橋本3-28-1,Miscellaneous Shop,4bf58dd8d48988d1ff941735,204,Hachiōji,35.65583,139.32389,JP,2017-10-15 09:54:00
2018_543171,26786,3526,35.59526371605105,139.34529429353603,ロピア,緑区橋本3-28-1,Supermarket,52f2ab2ebcbc57f1066b8b46,309,Hachiōji,35.65583,139.32389,JP,2017-10-15 10:21:00
2018_543173,26786,558,35.58703369224405,139.30508849561886,カインズ 城山店,緑区向原3-9-7,Furniture / Home Store,4bf58dd8d48988d1f8941735,191,Hachiōji,35.65583,139.32389,JP,2017-10-17 08:08:00
2018_543173,26786,1142,35.598487228838884,139.3088523374868,スーパーアルプス 城山店,緑区原宿3-10-1,Grocery Store,4bf58dd8d48988d118951735,36,Hachiōji,35.65583,139.32389,JP,2017-10-17 08:43:00
2018_543174,26786,1147,35.598474042555644,139.30886717690566,マクドナルド,緑区原宿3-10-1,Fast Food Restaurant,4bf58dd8d48988d16e941735,104,Hachiōji,35.65583,139.32389,JP,2017-10-22 07:03:00
2018_543174,26786,1142,35.598487228838884,139.3088523374868,スーパーアルプス 城山店,緑区原宿3-10-1,Grocery Store,4bf58dd8d48988d118951735,36,Hachiōji,35.65583,139.32389,JP,2017-10-22 07:19:00
2018_543174,26786,1436,35.60929377832808,139.31964511889518,相原中央公園,相原町2018,Park,4bf58dd8d48988d163941735,95,Hachiōji,35.65583,139.32389,JP,2017-10-22 08:26:00
2018_543175,26786,1281,35.59102544993985,139.34976518154144,アリオ橋本,緑区大山町1-22,Shopping Mall,4bf58dd8d48988d1fd941735,200,Hachiōji,35.65583,139.32389,JP,2017-11-01 02:38:00
2018_543175,26786,1438,35.590506334382745,139.350768327713,TOWER RECORDS,緑区大山町1-22,Record Shop,4bf58dd8d48988d10d951735,17,Hachiōji,35.65583,139.32389,JP,2017-11-01 02:43:00
2018_543175,26786,837,35.63192851622984,139.28904040629072,東京医科大学 八王子医療センター,館町1163,Hospital,4bf58dd8d48988d196941735,129,Hachiōji,35.65583,139.32389,JP,2017-11-01 03:44:00
2018_543175,26786,214,35.602004112899714,139.3749052346156,カインズ 町田多摩境店,小山ヶ丘3-6-6,Furniture / Home Store,4bf58dd8d48988d1f8941735,191,Hachiōji,35.65583,139.32389,JP,2017-11-01 08:28:00
2018_543175,26786,327,35.60425261447649,139.36044923067635,スーパーアルプス 多摩境店,小山ヶ丘4-5-2,Supermarket,52f2ab2ebcbc57f1066b8b46,309,Hachiōji,35.65583,139.32389,JP,2017-11-01 09:07:00
2018_543175,26786,1576,35.60615607975715,139.31800886286618,ENEOS Dr. Drive相原店,相原町2171-1,Gas Station,4bf58dd8d48988d113951735,28,Hachiōji,35.65583,139.32389,JP,2017-11-01 10:11:00
2018_543176,26786,1026,35.60461862075796,139.3294327878597,八千代銀行 相原支店,相原町1254-6,Bank,4bf58dd8d48988d10a951735,13,Hachiōji,35.65583,139.32389,JP,2017-11-08 01:06:00
2018_543176,26786,4115,35.60100129883561,139.3658451281886,多摩境クリニックモール,,Medical Center,4bf58dd8d48988d104941735,5,Hachiōji,35.65583,139.32389,JP,2017-11-08 01:35:00
2018_543176,26786,56,35.5947591184431,139.34727842663636,くら寿司,緑区橋本3-16-2,Sushi Restaurant,4bf58dd8d48988d1d2941735,158,Hachiōji,35.65583,139.32389,JP,2017-11-08 02:45:00
2018_543176,26786,3412,35.597996687216046,139.34682745015027,ローソン 相模原橋本五丁目店,緑区橋本5‐1‐21,Convenience Store,4d954b0ea243a5684a65b473,215,Hachiōji,35.65583,139.32389,JP,2017-11-08 04:07:00
2018_543176,26786,327,35.60425261447649,139.36044923067635,スーパーアルプス 多摩境店,小山ヶ丘4-5-2,Supermarket,52f2ab2ebcbc57f1066b8b46,309,Hachiōji,35.65583,139.32389,JP,2017-11-08 07:36:00
2018_543177,26786,46,35.60651474492544,139.33174781812303,相原駅 (Aihara Sta.),相原町1218-4,Train Station,4bf58dd8d48988d129951735,59,Hachiōji,35.65583,139.32389,JP,2017-11-12 02:05:00
2018_543177,26786,11,35.59495276013401,139.34499388615959,橋本駅 (Hashimoto Sta.),緑区橋本6/2,Train Station,4bf58dd8d48988d129951735,59,Hachiōji,35.65583,139.32389,JP,2017-11-12 02:12:00
2018_543177,26786,11,35.59495276013401,139.34499388615959,橋本駅 (Hashimoto Sta.),緑区橋本6/2,Train Station,4bf58dd8d48988d129951735,59,Hachiōji,35.65583,139.32389,JP,2017-11-12 12:12:00
2018_543177,26786,46,35.60651474492544,139.33174781812303,相原駅 (Aihara Sta.),相原町1218-4,Train Station,4bf58dd8d48988d129951735,59,Hachiōji,35.65583,139.32389,JP,2017-11-12 12:23:00
2018_543177,26786,4336,35.60687982613248,139.33114767621447,ローソン 町田相原駅西口店,相原町1165-1,Convenience Store,4d954b0ea243a5684a65b473,215,Hachiōji,35.65583,139.32389,JP,2017-11-12 12:25:00
2018_543178,26786,4144,35.60328058741872,139.31538425710926,ローソン 相模原相原店,緑区相原6-14-23,Convenience Store,4d954b0ea243a5684a65b473,215,Hachiōji,35.65583,139.32389,JP,2017-11-16 00:30:00
2018_543178,26786,214,35.602004112899714,139.3749052346156,カインズ 町田多摩境店,小山ヶ丘3-6-6,Furniture / Home Store,4bf58dd8d48988d1f8941735,191,Hachiōji,35.65583,139.32389,JP,2017-11-16 02:35:00
2018_543178,26786,282,35.60248766689159,139.3695793300867,マクドナルド,小山ヶ丘3-22-1,Fast Food Restaurant,4bf58dd8d48988d16e941735,104,Hachiōji,35.65583,139.32389,JP,2017-11-16 03:11:00
2018_543178,26786,1436,35.60929377832808,139.31964511889518,相原中央公園,相原町2018,Park,4bf58dd8d48988d163941735,95,Hachiōji,35.65583,139.32389,JP,2017-11-16 08:35:00
2018_543179,26786,1281,35.59102544993985,139.34976518154144,アリオ橋本,緑区大山町1-22,Shopping Mall,4bf58dd8d48988d1fd941735,200,Hachiōji,35.65583,139.32389,JP,2017-11-21 04:54:00
2018_543179,26786,1650,35.59021,139.351154,橋本ロフト,緑区大山町1-22,Miscellaneous Shop,4bf58dd8d48988d1ff941735,204,Hachiōji,35.65583,139.32389,JP,2017-11-21 05:00:00
2018_543179,26786,1438,35.590506334382745,139.350768327713,TOWER RECORDS,緑区大山町1-22,Record Shop,4bf58dd8d48988d10d951735,17,Hachiōji,35.65583,139.32389,JP,2017-11-21 05:08:00
2018_543179,26786,214,35.602004112899714,139.3749052346156,カインズ 町田多摩境店,小山ヶ丘3-6-6,Furniture / Home Store,4bf58dd8d48988d1f8941735,191,Hachiōji,35.65583,139.32389,JP,2017-11-21 07:04:00
2018_543179,26786,1142,35.598487228838884,139.3088523374868,スーパーアルプス 城山店,緑区原宿3-10-1,Grocery Store,4bf58dd8d48988d118951735,36,Hachiōji,35.65583,139.32389,JP,2017-11-21 07:50:00
2018_543179,26786,1147,35.598474042555644,139.30886717690566,マクドナルド,緑区原宿3-10-1,Fast Food Restaurant,4bf58dd8d48988d16e941735,104,Hachiōji,35.65583,139.32389,JP,2017-11-21 08:17:00
2018_543179,26786,1167,35.594796686900516,139.3138674737346,シャトレーゼ 城山店,緑区原宿南1-10-8,Dessert Shop,4bf58dd8d48988d1d0941735,156,Hachiōji,35.65583,139.32389,JP,2017-11-21 08:26:00
2018_543179,26786,1436,35.60929377832808,139.31964511889518,相原中央公園,相原町2018,Park,4bf58dd8d48988d163941735,95,Hachiōji,35.65583,139.32389,JP,2017-11-21 09:17:00
2018_543180,26786,214,35.602004112899714,139.3749052346156,カインズ 町田多摩境店,小山ヶ丘3-6-6,Furniture / Home Store,4bf58dd8d48988d1f8941735,191,Hachiōji,35.65583,139.32389,JP,2017-11-22 07:43:00
2018_543180,26786,327,35.60425261447649,139.36044923067635,スーパーアルプス 多摩境店,小山ヶ丘4-5-2,Supermarket,52f2ab2ebcbc57f1066b8b46,309,Hachiōji,35.65583,139.32389,JP,2017-11-22 08:20:00
2018_543182,26786,327,35.60425261447649,139.36044923067635,スーパーアルプス 多摩境店,小山ヶ丘4-5-2,Supermarket,52f2ab2ebcbc57f1066b8b46,309,Hachiōji,35.65583,139.32389,JP,2017-11-29 06:37:00
2018_543182,26786,1436,35.60929377832808,139.31964511889518,相原中央公園,相原町2018,Park,4bf58dd8d48988d163941735,95,Hachiōji,35.65583,139.32389,JP,2017-11-29 08:12:00
2018_543183,26786,1281,35.59102544993985,139.34976518154144,アリオ橋本,緑区大山町1-22,Shopping Mall,4bf58dd8d48988d1fd941735,200,Hachiōji,35.65583,139.32389,JP,2017-12-06 06:12:00
2018_543183,26786,1438,35.590506334382745,139.350768327713,TOWER RECORDS,緑区大山町1-22,Record Shop,4bf58dd8d48988d10d951735,17,Hachiōji,35.65583,139.32389,JP,2017-12-06 06:16:00
2018_543183,26786,2371,35.60226128641423,139.36915411785216,ドクターオザワ動物病院 町田病院,小山ヶ丘3−22−20,Veterinarian,4d954af4a243a5684765b473,212,Hachiōji,35.65583,139.32389,JP,2017-12-06 07:02:00
2018_543183,26786,2693,35.60271853742271,139.36496166598786,ファミリーマート 町田多摩境店,小山ヶ丘5-1-4,Convenience Store,4d954b0ea243a5684a65b473,215,Hachiōji,35.65583,139.32389,JP,2017-12-06 07:08:00
2018_543183,26786,1903,35.63190538334597,139.32973051945262,DCM 八王子みなみ野店,みなみ野1-3-1,Furniture / Home Store,4bf58dd8d48988d1f8941735,191,Hachiōji,35.65583,139.32389,JP,2017-12-06 08:06:00
2018_543183,26786,3080,35.61921221654281,139.3222374782399,スーパーアルプス みなみ野店,七国3-6-1,Supermarket,52f2ab2ebcbc57f1066b8b46,309,Hachiōji,35.65583,139.32389,JP,2017-12-06 09:04:00
2018_543184,26786,837,35.63192851622984,139.28904040629072,東京医科大学 八王子医療センター,館町1163,Hospital,4bf58dd8d48988d196941735,129,Hachiōji,35.65583,139.32389,JP,2017-12-09 11:09:00
2018_543184,26786,1790,35.63199655623456,139.28925454616547,セブンイレブン,館町1163-1,Convenience Store,4d954b0ea243a5684a65b473,215,Hachiōji,35.65583,139.32389,JP,2017-12-09 11:16:00
2018_543184,26786,1057,35.6061296643717,139.3171331468694,セブンイレブン 町田相原店,相原町2177-1,Convenience Store,4d954b0ea243a5684a65b473,215,Hachiōji,35.65583,139.32389,JP,2017-12-09 14:47:00
2018_543185,26786,3752,35.59647243892653,139.31387652939395,100円ショップ オレンジ 城山店,緑区原宿南1-5-1,Discount Store,52dea92d3cf9994f4e043dbb,265,Hachiōji,35.65583,139.32389,JP,2017-12-10 09:16:00
2018_543185,26786,1149,35.59767162238708,139.3129869159579,サンドラッグ 城山店,緑区原宿3-1-7,Drugstore,5745c2e4498e11e7bccabdbd,358,Hachiōji,35.65583,139.32389,JP,2017-12-10 09:33:00
2018_543185,26786,837,35.63192851622984,139.28904040629072,東京医科大学 八王子医療センター,館町1163,Hospital,4bf58dd8d48988d196941735,129,Hachiōji,35.65583,139.32389,JP,2017-12-10 09:59:00
2018_543185,26786,1057,35.6061296643717,139.3171331468694,セブンイレブン 町田相原店,相原町2177-1,Convenience Store,4d954b0ea243a5684a65b473,215,Hachiōji,35.65583,139.32389,JP,2017-12-10 11:21:00
2018_543186,26786,837,35.63192851622984,139.28904040629072,東京医科大学 八王子医療センター,館町1163,Hospital,4bf58dd8d48988d196941735,129,Hachiōji,35.65583,139.32389,JP,2017-12-11 10:12:00
2018_543186,26786,1142,35.598487228838884,139.3088523374868,スーパーアルプス 城山店,緑区原宿3-10-1,Grocery Store,4bf58dd8d48988d118951735,36,Hachiōji,35.65583,139.32389,JP,2017-12-11 11:20:00
2018_543188,26786,837,35.63192851622984,139.28904040629072,東京医科大学 八王子医療センター,館町1163,Hospital,4bf58dd8d48988d196941735,129,Hachiōji,35.65583,139.32389,JP,2017-12-14 08:20:00
2018_543188,26786,1057,35.6061296643717,139.3171331468694,セブンイレブン 町田相原店,相原町2177-1,Convenience Store,4d954b0ea243a5684a65b473,215,Hachiōji,35.65583,139.32389,JP,2017-12-14 10:27:00
2018_543189,26786,46,35.60651474492544,139.33174781812303,相原駅 (Aihara Sta.),相原町1218-4,Train Station,4bf58dd8d48988d129951735,59,Hachiōji,35.65583,139.32389,JP,2017-12-15 22:08:00
2018_543189,26786,2,35.65561,139.3389,八王子駅 (Hachiōji Sta.),旭町1-1,Train Station,4bf58dd8d48988d129951735,59,Hachiōji,35.65583,139.32389,JP,2017-12-15 22:23:00
2018_543189,26786,11,35.59495276013401,139.34499388615959,橋本駅 (Hashimoto Sta.),緑区橋本6/2,Train Station,4bf58dd8d48988d129951735,59,Hachiōji,35.65583,139.32389,JP,2017-12-16 10:28:00
2018_543189,26786,46,35.60651474492544,139.33174781812303,相原駅 (Aihara Sta.),相原町1218-4,Train Station,4bf58dd8d48988d129951735,59,Hachiōji,35.65583,139.32389,JP,2017-12-16 10:36:00
2018_543189,26786,4336,35.60687982613248,139.33114767621447,ローソン 町田相原駅西口店,相原町1165-1,Convenience Store,4d954b0ea243a5684a65b473,215,Hachiōji,35.65583,139.32389,JP,2017-12-16 10:38:00
2018_543190,26786,46,35.60651474492544,139.33174781812303,相原駅 (Aihara Sta.),相原町1218-4,Train Station,4bf58dd8d48988d129951735,59,Hachiōji,35.65583,139.32389,JP,2017-12-17 04:50:00
2018_543190,26786,11,35.59495276013401,139.34499388615959,橋本駅 (Hashimoto Sta.),緑区橋本6/2,Train Station,4bf58dd8d48988d129951735,59,Hachiōji,35.65583,139.32389,JP,2017-12-17 05:01:00
2018_543190,26786,11,35.59495276013401,139.34499388615959,橋本駅 (Hashimoto Sta.),緑区橋本6/2,Train Station,4bf58dd8d48988d129951735,59,Hachiōji,35.65583,139.32389,JP,2017-12-17 13:04:00
2018_543190,26786,46,35.60651474492544,139.33174781812303,相原駅 (Aihara Sta.),相原町1218-4,Train Station,4bf58dd8d48988d129951735,59,Hachiōji,35.65583,139.32389,JP,2017-12-17 13:19:00
2018_543190,26786,4336,35.60687982613248,139.33114767621447,ローソン 町田相原駅西口店,相原町1165-1,Convenience Store,4d954b0ea243a5684a65b473,215,Hachiōji,35.65583,139.32389,JP,2017-12-17 13:21:00
2018_543191,26786,4079,35.631897,139.28928,ドトールコーヒーショップ,館町1163,Café,4bf58dd8d48988d16d941735,103,Hachiōji,35.65583,139.32389,JP,2017-12-20 01:13:00
2018_543191,26786,837,35.63192851622984,139.28904040629072,東京医科大学 八王子医療センター,館町1163,Hospital,4bf58dd8d48988d196941735,129,Hachiōji,35.65583,139.32389,JP,2017-12-20 02:15:00
2018_543191,26786,1057,35.6061296643717,139.3171331468694,セブンイレブン 町田相原店,相原町2177-1,Convenience Store,4d954b0ea243a5684a65b473,215,Hachiōji,35.65583,139.32389,JP,2017-12-20 03:36:00
2018_543192,26786,46,35.60651474492544,139.33174781812303,相原駅 (Aihara Sta.),相原町1218-4,Train Station,4bf58dd8d48988d129951735,59,Hachiōji,35.65583,139.32389,JP,2017-12-21 06:15:00
2018_543192,26786,46,35.60651474492544,139.33174781812303,相原駅 (Aihara Sta.),相原町1218-4,Train Station,4bf58dd8d48988d129951735,59,Hachiōji,35.65583,139.32389,JP,2017-12-21 07:34:00
2018_543192,26786,1200,35.60480448389646,139.33115734358245,いなげや ina21町田相原駅前店,相原町1232,Supermarket,52f2ab2ebcbc57f1066b8b46,309,Hachiōji,35.65583,139.32389,JP,2017-12-21 07:40:00
2018_543192,26786,1436,35.60929377832808,139.31964511889518,相原中央公園,相原町2018,Park,4bf58dd8d48988d163941735,95,Hachiōji,35.65583,139.32389,JP,2017-12-21 08:33:00
2018_543193,26786,1281,35.59102544993985,139.34976518154144,アリオ橋本,緑区大山町1-22,Shopping Mall,4bf58dd8d48988d1fd941735,200,Hachiōji,35.65583,139.32389,JP,2017-12-24 06:38:00
2018_543193,26786,1569,35.590371260231244,139.34919172864494,ケンタッキーフライドチキン,緑区大山町1-22,Fried Chicken Joint,4d4ae6fc7a7b7dea34424761,208,Hachiōji,35.65583,139.32389,JP,2017-12-24 06:50:00
2018_543193,26786,1556,35.59035423568705,139.3492986957123,マクドナルド,緑区大山町1-22,Fast Food Restaurant,4bf58dd8d48988d16e941735,104,Hachiōji,35.65583,139.32389,JP,2017-12-24 07:04:00
2018_543193,26786,1436,35.60929377832808,139.31964511889518,相原中央公園,相原町2018,Park,4bf58dd8d48988d163941735,95,Hachiōji,35.65583,139.32389,JP,2017-12-24 08:11:00
2018_543194,26786,1142,35.598487228838884,139.3088523374868,スーパーアルプス 城山店,緑区原宿3-10-1,Grocery Store,4bf58dd8d48988d118951735,36,Hachiōji,35.65583,139.32389,JP,2017-12-31 05:03:00
2018_543194,26786,1148,35.597897647716785,139.3111787564472,クリエイトSD 城山店,緑区原宿3-4-1,Pharmacy,4bf58dd8d48988d10f951735,20,Hachiōji,35.65583,139.32389,JP,2017-12-31 05:51:00
2018_543194,26786,1281,35.59102544993985,139.34976518154144,アリオ橋本,緑区大山町1-22,Shopping Mall,4bf58dd8d48988d1fd941735,200,Hachiōji,35.65583,139.32389,JP,2017-12-31 07:05:00
2018_543194,26786,2857,35.5916367712659,139.34852051632387,イトーヨーカドー,緑区大山町1-22,Supermarket,52f2ab2ebcbc57f1066b8b46,309,Hachiōji,35.65583,139.32389,JP,2017-12-31 07:08:00
2018_543194,26786,574,35.597380612012614,139.3345894775619,ホームセンターコーナン 相模原西橋本店,緑区西橋本5-4-3,Furniture / Home Store,4bf58dd8d48988d1f8941735,191,Hachiōji,35.65583,139.32389,JP,2017-12-31 07:45:00
2018_543194,26786,3777,35.596976840178876,139.3343510981926,ロピア 西橋本店,緑区西橋本5-4-3,Supermarket,52f2ab2ebcbc57f1066b8b46,309,Hachiōji,35.65583,139.32389,JP,2017-12-31 07:49:00
2018_543194,26786,2511,35.597418635701224,139.33485485513924,セリア 西橋本店,緑区西橋本5-4-3,Discount Store,52dea92d3cf9994f4e043dbb,265,Hachiōji,35.65583,139.32389,JP,2017-12-31 08:12:00
2018_543194,26786,1436,35.60929377832808,139.31964511889518,相原中央公園,相原町2018,Park,4bf58dd8d48988d163941735,95,Hachiōji,35.65583,139.32389,JP,2017-12-31 09:07:00
2018_543195,26786,46,35.60651474492544,139.33174781812303,相原駅 (Aihara Sta.),相原町1218-4,Train Station,4bf58dd8d48988d129951735,59,Hachiōji,35.65583,139.32389,JP,2018-01-03 00:49:00
2018_543195,26786,2,35.65561,139.3389,八王子駅 (Hachiōji Sta.),旭町1-1,Train Station,4bf58dd8d48988d129951735,59,Hachiōji,35.65583,139.32389,JP,2018-01-03 01:04:00
2018_543195,26786,35,35.642412535750246,139.28288798022228,高尾駅 (Takao Sta.),高尾町/初沢町,Train Station,4bf58dd8d48988d129951735,59,Hachiōji,35.65583,139.32389,JP,2018-01-03 01:17:00
2018_543195,26786,63,35.6323912,139.2699219,高尾山口駅 (Takaosanguchi Sta.) (KO53),高尾町2241,Train Station,4bf58dd8d48988d129951735,59,Hachiōji,35.65583,139.32389,JP,2018-01-03 01:26:00
2018_543195,26786,2682,,,,,Mountain,4eb1d4d54b900d56c88a45fc,227,Hachiōji,35.65583,139.32389,JP,2018-01-03 01:32:00
2018_543195,26786,75,35.631541,139.266852,山麓駅,高尾町,Ski Chairlift,4eb1c0ed3b7b52c0e1adc2ea,225,Hachiōji,35.65583,139.32389,JP,2018-01-03 01:36:00
2018_543195,26786,76,35.632494,139.257627,山上駅,高尾町,Light Rail Station,4bf58dd8d48988d1fc931735,198,Hachiōji,35.65583,139.32389,JP,2018-01-03 01:55:00
2018_543195,26786,188,35.62506662981418,139.2436275131982,高尾山頂,高尾町,Mountain,4eb1d4d54b900d56c88a45fc,227,Hachiōji,35.65583,139.32389,JP,2018-01-03 02:48:00
2018_543195,26786,1505,35.625146639875354,139.24350008368492,大見晴亭,高尾町2176,Japanese Restaurant,4bf58dd8d48988d111941735,23,Hachiōji,35.65583,139.32389,JP,2018-01-03 02:57:00
2018_543195,26786,650,35.63104618435946,139.2562287622395,高尾山駅,高尾町,Cable Car,52f2ab2ebcbc57f1066b8b50,315,Hachiōji,35.65583,139.32389,JP,2018-01-03 04:01:00
2018_543195,26786,606,35.6311810245947,139.26697075366974,清滝駅,高尾町,Cable Car,52f2ab2ebcbc57f1066b8b50,315,Hachiōji,35.65583,139.32389,JP,2018-01-03 04:33:00
2018_543195,26786,63,35.6323912,139.2699219,高尾山口駅 (Takaosanguchi Sta.) (KO53),高尾町2241,Train Station,4bf58dd8d48988d129951735,59,Hachiōji,35.65583,139.32389,JP,2018-01-03 04:37:00
2018_543195,26786,46,35.60651474492544,139.33174781812303,相原駅 (Aihara Sta.),相原町1218-4,Train Station,4bf58dd8d48988d129951735,59,Hachiōji,35.65583,139.32389,JP,2018-01-03 11:52:00
2018_543196,26786,1281,35.59102544993985,139.34976518154144,アリオ橋本,緑区大山町1-22,Shopping Mall,4bf58dd8d48988d1fd941735,200,Hachiōji,35.65583,139.32389,JP,2018-01-04 08:16:00
2018_543196,26786,1667,35.590969,139.349382,ドコモショップ,緑区大山町1-22,Mobile Phone Shop,4f04afc02fb6e1c99f3db0bc,233,Hachiōji,35.65583,139.32389,JP,2018-01-04 08:23:00
2018_543196,26786,1436,35.60929377832808,139.31964511889518,相原中央公園,相原町2018,Park,4bf58dd8d48988d163941735,95,Hachiōji,35.65583,139.32389,JP,2018-01-04 09:36:00
2018_543197,26786,1281,35.59102544993985,139.34976518154144,アリオ橋本,緑区大山町1-22,Shopping Mall,4bf58dd8d48988d1fd941735,200,Hachiōji,35.65583,139.32389,JP,2018-01-05 03:27:00
2018_543197,26786,1667,35.590969,139.349382,ドコモショップ,緑区大山町1-22,Mobile Phone Shop,4f04afc02fb6e1c99f3db0bc,233,Hachiōji,35.65583,139.32389,JP,2018-01-05 03:40:00
2018_543197,26786,1556,35.59035423568705,139.3492986957123,マクドナルド,緑区大山町1-22,Fast Food Restaurant,4bf58dd8d48988d16e941735,104,Hachiōji,35.65583,139.32389,JP,2018-01-05 04:14:00
2018_543197,26786,1576,35.60615607975715,139.31800886286618,ENEOS Dr. Drive相原店,相原町2171-1,Gas Station,4bf58dd8d48988d113951735,28,Hachiōji,35.65583,139.32389,JP,2018-01-05 04:57:00
2018_543197,26786,1281,35.59102544993985,139.34976518154144,アリオ橋本,緑区大山町1-22,Shopping Mall,4bf58dd8d48988d1fd941735,200,Hachiōji,35.65583,139.32389,JP,2018-01-05 05:21:00
2018_543197,26786,1667,35.590969,139.349382,ドコモショップ,緑区大山町1-22,Mobile Phone Shop,4f04afc02fb6e1c99f3db0bc,233,Hachiōji,35.65583,139.32389,JP,2018-01-05 06:34:00
2018_543198,26786,46,35.60651474492544,139.33174781812303,相原駅 (Aihara Sta.),相原町1218-4,Train Station,4bf58dd8d48988d129951735,59,Hachiōji,35.65583,139.32389,JP,2018-01-06 05:16:00
2018_543198,26786,46,35.60651474492544,139.33174781812303,相原駅 (Aihara Sta.),相原町1218-4,Train Station,4bf58dd8d48988d129951735,59,Hachiōji,35.65583,139.32389,JP,2018-01-06 13:33:00
2018_543198,26786,4336,35.60687982613248,139.33114767621447,ローソン 町田相原駅西口店,相原町1165-1,Convenience Store,4d954b0ea243a5684a65b473,215,Hachiōji,35.65583,139.32389,JP,2018-01-06 13:36:00
2018_543199,26786,214,35.602004112899714,139.3749052346156,カインズ 町田多摩境店,小山ヶ丘3-6-6,Furniture / Home Store,4bf58dd8d48988d1f8941735,191,Hachiōji,35.65583,139.32389,JP,2018-01-07 05:07:00
2018_543199,26786,4567,35.60148,139.3751,CAFE BRICCO 町田多摩境店,小山ヶ丘3-6,Café,4bf58dd8d48988d16d941735,103,Hachiōji,35.65583,139.32389,JP,2018-01-07 05:22:00
2018_543199,26786,1436,35.60929377832808,139.31964511889518,相原中央公園,相原町2018,Park,4bf58dd8d48988d163941735,95,Hachiōji,35.65583,139.32389,JP,2018-01-07 07:55:00
2018_543200,26786,1142,35.598487228838884,139.3088523374868,スーパーアルプス 城山店,緑区原宿3-10-1,Grocery Store,4bf58dd8d48988d118951735,36,Hachiōji,35.65583,139.32389,JP,2018-01-09 07:49:00
2018_543200,26786,1436,35.60929377832808,139.31964511889518,相原中央公園,相原町2018,Park,4bf58dd8d48988d163941735,95,Hachiōji,35.65583,139.32389,JP,2018-01-09 08:52:00
2018_543201,26786,46,35.60651474492544,139.33174781812303,相原駅 (Aihara Sta.),相原町1218-4,Train Station,4bf58dd8d48988d129951735,59,Hachiōji,35.65583,139.32389,JP,2018-01-14 05:59:00
2018_543201,26786,2,35.65561,139.3389,八王子駅 (Hachiōji Sta.),旭町1-1,Train Station,4bf58dd8d48988d129951735,59,Hachiōji,35.65583,139.32389,JP,2018-01-14 06:16:00
2018_543201,26786,2,35.65561,139.3389,八王子駅 (Hachiōji Sta.),旭町1-1,Train Station,4bf58dd8d48988d129951735,59,Hachiōji,35.65583,139.32389,JP,2018-01-14 12:08:00
2018_543201,26786,1488,35.654575,139.3376,スーパーアルプス,子安町4-7-1,Supermarket,52f2ab2ebcbc57f1066b8b46,309,Hachiōji,35.65583,139.32389,JP,2018-01-14 12:10:00
2018_543201,26786,2,35.65561,139.3389,八王子駅 (Hachiōji Sta.),旭町1-1,Train Station,4bf58dd8d48988d129951735,59,Hachiōji,35.65583,139.32389,JP,2018-01-14 12:23:00
2018_543201,26786,46,35.60651474492544,139.33174781812303,相原駅 (Aihara Sta.),相原町1218-4,Train Station,4bf58dd8d48988d129951735,59,Hachiōji,35.65583,139.32389,JP,2018-01-14 12:34:00
2018_543201,26786,4336,35.60687982613248,139.33114767621447,ローソン 町田相原駅西口店,相原町1165-1,Convenience Store,4d954b0ea243a5684a65b473,215,Hachiōji,35.65583,139.32389,JP,2018-01-14 12:36:00
2018_543203,26786,46,35.60651474492544,139.33174781812303,相原駅 (Aihara Sta.),相原町1218-4,Train Station,4bf58dd8d48988d129951735,59,Hachiōji,35.65583,139.32389,JP,2018-01-18 06:07:00
2018_543203,26786,11,35.59495276013401,139.34499388615959,橋本駅 (Hashimoto Sta.),緑区橋本6/2,Train Station,4bf58dd8d48988d129951735,59,Hachiōji,35.65583,139.32389,JP,2018-01-18 06:21:00
2018_543203,26786,313,35.59429879262703,139.34503952220754,マクドナルド,緑区橋本2-3-2,Fast Food Restaurant,4bf58dd8d48988d16e941735,104,Hachiōji,35.65583,139.32389,JP,2018-01-18 06:26:00
2018_543203,26786,11,35.59495276013401,139.34499388615959,橋本駅 (Hashimoto Sta.),緑区橋本6/2,Train Station,4bf58dd8d48988d129951735,59,Hachiōji,35.65583,139.32389,JP,2018-01-18 13:32:00
2018_543203,26786,46,35.60651474492544,139.33174781812303,相原駅 (Aihara Sta.),相原町1218-4,Train Station,4bf58dd8d48988d129951735,59,Hachiōji,35.65583,139.32389,JP,2018-01-18 13:49:00
2018_543203,26786,4336,35.60687982613248,139.33114767621447,ローソン 町田相原駅西口店,相原町1165-1,Convenience Store,4d954b0ea243a5684a65b473,215,Hachiōji,35.65583,139.32389,JP,2018-01-18 13:51:00
2018_543204,26786,46,35.60651474492544,139.33174781812303,相原駅 (Aihara Sta.),相原町1218-4,Train Station,4bf58dd8d48988d129951735,59,Hachiōji,35.65583,139.32389,JP,2018-01-25 05:02:00
2018_543204,26786,11,35.59495276013401,139.34499388615959,橋本駅 (Hashimoto Sta.),緑区橋本6/2,Train Station,4bf58dd8d48988d129951735,59,Hachiōji,35.65583,139.32389,JP,2018-01-25 07:21:00
2018_543204,26786,1281,35.59102544993985,139.34976518154144,アリオ橋本,緑区大山町1-22,Shopping Mall,4bf58dd8d48988d1fd941735,200,Hachiōji,35.65583,139.32389,JP,2018-01-25 07:30:00
2018_543204,26786,1438,35.590506334382745,139.350768327713,TOWER RECORDS,緑区大山町1-22,Record Shop,4bf58dd8d48988d10d951735,17,Hachiōji,35.65583,139.32389,JP,2018-01-25 07:41:00
2018_543204,26786,1556,35.59035423568705,139.3492986957123,マクドナルド,緑区大山町1-22,Fast Food Restaurant,4bf58dd8d48988d16e941735,104,Hachiōji,35.65583,139.32389,JP,2018-01-25 07:53:00
2018_543204,26786,11,35.59495276013401,139.34499388615959,橋本駅 (Hashimoto Sta.),緑区橋本6/2,Train Station,4bf58dd8d48988d129951735,59,Hachiōji,35.65583,139.32389,JP,2018-01-25 08:20:00
2018_543204,26786,46,35.60651474492544,139.33174781812303,相原駅 (Aihara Sta.),相原町1218-4,Train Station,4bf58dd8d48988d129951735,59,Hachiōji,35.65583,139.32389,JP,2018-01-25 08:26:00
2018_543204,26786,4336,35.60687982613248,139.33114767621447,ローソン 町田相原駅西口店,相原町1165-1,Convenience Store,4d954b0ea243a5684a65b473,215,Hachiōji,35.65583,139.32389,JP,2018-01-25 08:28:00
2018_543204,26786,1436,35.60929377832808,139.31964511889518,相原中央公園,相原町2018,Park,4bf58dd8d48988d163941735,95,Hachiōji,35.65583,139.32389,JP,2018-01-25 09:12:00
2018_543205,26786,1147,35.598474042555644,139.30886717690566,マクドナルド,緑区原宿3-10-1,Fast Food Restaurant,4bf58dd8d48988d16e941735,104,Hachiōji,35.65583,139.32389,JP,2018-01-26 07:22:00
2018_543205,26786,1142,35.598487228838884,139.3088523374868,スーパーアルプス 城山店,緑区原宿3-10-1,Grocery Store,4bf58dd8d48988d118951735,36,Hachiōji,35.65583,139.32389,JP,2018-01-26 07:36:00
2018_543205,26786,4144,35.60328058741872,139.31538425710926,ローソン 相模原相原店,緑区相原6-14-23,Convenience Store,4d954b0ea243a5684a65b473,215,Hachiōji,35.65583,139.32389,JP,2018-01-26 08:08:00
2018_543205,26786,1436,35.60929377832808,139.31964511889518,相原中央公園,相原町2018,Park,4bf58dd8d48988d163941735,95,Hachiōji,35.65583,139.32389,JP,2018-01-26 08:49:00
2018_543206,26786,4336,35.60687982613248,139.33114767621447,ローソン 町田相原駅西口店,相原町1165-1,Convenience Store,4d954b0ea243a5684a65b473,215,Hachiōji,35.65583,139.32389,JP,2018-01-28 07:53:00
2018_543206,26786,1436,35.60929377832808,139.31964511889518,相原中央公園,相原町2018,Park,4bf58dd8d48988d163941735,95,Hachiōji,35.65583,139.32389,JP,2018-01-28 08:26:00
2018_543207,26786,46,35.60651474492544,139.33174781812303,相原駅 (Aihara Sta.),相原町1218-4,Train Station,4bf58dd8d48988d129951735,59,Hachiōji,35.65583,139.32389,JP,2018-01-30 06:19:00
2018_543207,26786,4336,35.60687982613248,139.33114767621447,ローソン 町田相原駅西口店,相原町1165-1,Convenience Store,4d954b0ea243a5684a65b473,215,Hachiōji,35.65583,139.32389,JP,2018-01-30 07:56:00
2018_543207,26786,1436,35.60929377832808,139.31964511889518,相原中央公園,相原町2018,Park,4bf58dd8d48988d163941735,95,Hachiōji,35.65583,139.32389,JP,2018-01-30 08:32:00
2018_543208,26786,4079,35.631897,139.28928,ドトールコーヒーショップ,館町1163,Café,4bf58dd8d48988d16d941735,103,Hachiōji,35.65583,139.32389,JP,2018-01-31 01:39:00
2018_543208,26786,837,35.63192851622984,139.28904040629072,東京医科大学 八王子医療センター,館町1163,Hospital,4bf58dd8d48988d196941735,129,Hachiōji,35.65583,139.32389,JP,2018-01-31 02:45:00
2018_543208,26786,327,35.60425261447649,139.36044923067635,スーパーアルプス 多摩境店,小山ヶ丘4-5-2,Supermarket,52f2ab2ebcbc57f1066b8b46,309,Hachiōji,35.65583,139.32389,JP,2018-01-31 05:54:00
2018_543208,26786,3565,35.60977068494699,139.34513228372197,セブンイレブン 町田小山ヶ丘6丁目店,小山ヶ丘6-2-1,Convenience Store,4d954b0ea243a5684a65b473,215,Hachiōji,35.65583,139.32389,JP,2018-01-31 06:57:00
2018_543209,26786,4336,35.60687982613248,139.33114767621447,ローソン 町田相原駅西口店,相原町1165-1,Convenience Store,4d954b0ea243a5684a65b473,215,Hachiōji,35.65583,139.32389,JP,2018-02-01 07:51:00
2018_543209,26786,1436,35.60929377832808,139.31964511889518,相原中央公園,相原町2018,Park,4bf58dd8d48988d163941735,95,Hachiōji,35.65583,139.32389,JP,2018-02-01 08:23:00
2018_543210,26786,4144,35.60328058741872,139.31538425710926,ローソン 相模原相原店,緑区相原6-14-23,Convenience Store,4d954b0ea243a5684a65b473,215,Hachiōji,35.65583,139.32389,JP,2018-02-05 07:01:00
2018_543210,26786,1142,35.598487228838884,139.3088523374868,スーパーアルプス 城山店,緑区原宿3-10-1,Grocery Store,4bf58dd8d48988d118951735,36,Hachiōji,35.65583,139.32389,JP,2018-02-05 07:12:00
2018_543210,26786,1147,35.598474042555644,139.30886717690566,マクドナルド,緑区原宿3-10-1,Fast Food Restaurant,4bf58dd8d48988d16e941735,104,Hachiōji,35.65583,139.32389,JP,2018-02-05 07:33:00
2018_543210,26786,1436,35.60929377832808,139.31964511889518,相原中央公園,相原町2018,Park,4bf58dd8d48988d163941735,95,Hachiōji,35.65583,139.32389,JP,2018-02-05 08:11:00
2018_543211,26786,46,35.60651474492544,139.33174781812303,相原駅 (Aihara Sta.),相原町1218-4,Train Station,4bf58dd8d48988d129951735,59,Hachiōji,35.65583,139.32389,JP,2018-02-10 05:07:00
2018_543211,26786,11,35.59495276013401,139.34499388615959,橋本駅 (Hashimoto Sta.),緑区橋本6/2,Train Station,4bf58dd8d48988d129951735,59,Hachiōji,35.65583,139.32389,JP,2018-02-10 05:23:00
2018_543211,26786,11,35.59495276013401,139.34499388615959,橋本駅 (Hashimoto Sta.),緑区橋本6/2,Train Station,4bf58dd8d48988d129951735,59,Hachiōji,35.65583,139.32389,JP,2018-02-10 13:56:00
2018_543211,26786,46,35.60651474492544,139.33174781812303,相原駅 (Aihara Sta.),相原町1218-4,Train Station,4bf58dd8d48988d129951735,59,Hachiōji,35.65583,139.32389,JP,2018-02-10 14:15:00
2018_543211,26786,4336,35.60687982613248,139.33114767621447,ローソン 町田相原駅西口店,相原町1165-1,Convenience Store,4d954b0ea243a5684a65b473,215,Hachiōji,35.65583,139.32389,JP,2018-02-10 14:17:00
2018_543212,26786,46,35.60651474492544,139.33174781812303,相原駅 (Aihara Sta.),相原町1218-4,Train Station,4bf58dd8d48988d129951735,59,Hachiōji,35.65583,139.32389,JP,2018-02-11 06:44:00
2018_543212,26786,2,35.65561,139.3389,八王子駅 (Hachiōji Sta.),旭町1-1,Train Station,4bf58dd8d48988d129951735,59,Hachiōji,35.65583,139.32389,JP,2018-02-11 07:16:00
2018_543212,26786,2,35.65561,139.3389,八王子駅 (Hachiōji Sta.),旭町1-1,Train Station,4bf58dd8d48988d129951735,59,Hachiōji,35.65583,139.32389,JP,2018-02-11 13:29:00
2018_543212,26786,46,35.60651474492544,139.33174781812303,相原駅 (Aihara Sta.),相原町1218-4,Train Station,4bf58dd8d48988d129951735,59,Hachiōji,35.65583,139.32389,JP,2018-02-11 13:41:00
2018_543212,26786,4336,35.60687982613248,139.33114767621447,ローソン 町田相原駅西口店,相原町1165-1,Convenience Store,4d954b0ea243a5684a65b473,215,Hachiōji,35.65583,139.32389,JP,2018-02-11 13:43:00
2018_543213,26786,214,35.602004112899714,139.3749052346156,カインズ 町田多摩境店,小山ヶ丘3-6-6,Furniture / Home Store,4bf58dd8d48988d1f8941735,191,Hachiōji,35.65583,139.32389,JP,2018-02-14 06:16:00
2018_543213,26786,4574,35.5996596800876,139.36306089162827,ローソン・スリーエフ 町田多摩境店,小山町3161,Convenience Store,4d954b0ea243a5684a65b473,215,Hachiōji,35.65583,139.32389,JP,2018-02-14 06:43:00
2018_543214,26786,282,35.60248766689159,139.3695793300867,マクドナルド,小山ヶ丘3-22-1,Fast Food Restaurant,4bf58dd8d48988d16e941735,104,Hachiōji,35.65583,139.32389,JP,2018-02-20 02:35:00
2018_543214,26786,327,35.60425261447649,139.36044923067635,スーパーアルプス 多摩境店,小山ヶ丘4-5-2,Supermarket,52f2ab2ebcbc57f1066b8b46,309,Hachiōji,35.65583,139.32389,JP,2018-02-20 02:41:00
2018_543214,26786,1436,35.60929377832808,139.31964511889518,相原中央公園,相原町2018,Park,4bf58dd8d48988d163941735,95,Hachiōji,35.65583,139.32389,JP,2018-02-20 09:29:00
2018_543214,26786,1200,35.60480448389646,139.33115734358245,いなげや ina21町田相原駅前店,相原町1232,Supermarket,52f2ab2ebcbc57f1066b8b46,309,Hachiōji,35.65583,139.32389,JP,2018-02-21 09:37:00
2018_543215,26786,2871,35.6066275651865,139.323647815179,町田市立相原小学校,相原町1673,Elementary School,4f4533804b9074f6e4fb0105,242,Hachiōji,35.65583,139.32389,JP,2018-02-25 08:28:00
2018_543215,26786,1436,35.60929377832808,139.31964511889518,相原中央公園,相原町2018,Park,4bf58dd8d48988d163941735,95,Hachiōji,35.65583,139.32389,JP,2018-02-25 08:44:00
2018_543216,26786,1142,35.598487228838884,139.3088523374868,スーパーアルプス 城山店,緑区原宿3-10-1,Grocery Store,4bf58dd8d48988d118951735,36,Hachiōji,35.65583,139.32389,JP,2018-02-26 09:41:00
2018_543216,26786,1576,35.60615607975715,139.31800886286618,ENEOS Dr. Drive相原店,相原町2171-1,Gas Station,4bf58dd8d48988d113951735,28,Hachiōji,35.65583,139.32389,JP,2018-02-26 10:14:00
2018_543216,26786,1436,35.60929377832808,139.31964511889518,相原中央公園,相原町2018,Park,4bf58dd8d48988d163941735,95,Hachiōji,35.65583,139.32389,JP,2018-02-26 10:46:00
2018_543218,26786,4398,35.59598487304469,139.3206924071589,ザ・ビッグ 相模原二本松店,緑区二本松3-1-20,Discount Store,52dea92d3cf9994f4e043dbb,265,Hachiōji,35.65583,139.32389,JP,2018-03-07 03:29:00
2018_543218,26786,3953,35.59467,139.3276,スシロー,緑区西橋本4-8-48,Sushi Restaurant,4bf58dd8d48988d1d2941735,158,Hachiōji,35.65583,139.32389,JP,2018-03-07 04:13:00
2018_543218,26786,261,35.59326830383702,139.33160412505484,ロイヤルホームセンター 相模原橋本店,緑区西橋本3-9-8,Furniture / Home Store,4bf58dd8d48988d1f8941735,191,Hachiōji,35.65583,139.32389,JP,2018-03-07 05:09:00
2018_543218,26786,1436,35.60929377832808,139.31964511889518,相原中央公園,相原町2018,Park,4bf58dd8d48988d163941735,95,Hachiōji,35.65583,139.32389,JP,2018-03-07 08:59:00
2018_543219,26786,46,35.60651474492544,139.33174781812303,相原駅 (Aihara Sta.),相原町1218-4,Train Station,4bf58dd8d48988d129951735,59,Hachiōji,35.65583,139.32389,JP,2018-03-08 00:31:00
2018_543219,26786,11,35.59495276013401,139.34499388615959,橋本駅 (Hashimoto Sta.),緑区橋本6/2,Train Station,4bf58dd8d48988d129951735,59,Hachiōji,35.65583,139.32389,JP,2018-03-08 00:42:00
2018_543219,26786,46,35.60651474492544,139.33174781812303,相原駅 (Aihara Sta.),相原町1218-4,Train Station,4bf58dd8d48988d129951735,59,Hachiōji,35.65583,139.32389,JP,2018-03-08 08:46:00
2018_543219,26786,11,35.59495276013401,139.34499388615959,橋本駅 (Hashimoto Sta.),緑区橋本6/2,Train Station,4bf58dd8d48988d129951735,59,Hachiōji,35.65583,139.32389,JP,2018-03-10 00:50:00
2018_543219,26786,11,35.59495276013401,139.34499388615959,橋本駅 (Hashimoto Sta.),緑区橋本6/2,Train Station,4bf58dd8d48988d129951735,59,Hachiōji,35.65583,139.32389,JP,2018-03-10 08:25:00
2018_543219,26786,46,35.60651474492544,139.33174781812303,相原駅 (Aihara Sta.),相原町1218-4,Train Station,4bf58dd8d48988d129951735,59,Hachiōji,35.65583,139.32389,JP,2018-03-10 08:46:00
2018_543219,26786,1436,35.60929377832808,139.31964511889518,相原中央公園,相原町2018,Park,4bf58dd8d48988d163941735,95,Hachiōji,35.65583,139.32389,JP,2018-03-10 09:22:00
2018_543220,26786,669,35.60256387003172,139.36927516109893,ペットフォレスト 町田多摩境店,小山ヶ丘3-22-20,Pet Store,4bf58dd8d48988d100951735,1,Hachiōji,35.65583,139.32389,JP,2018-03-11 02:43:00
2018_543220,26786,2371,35.60226128641423,139.36915411785216,ドクターオザワ動物病院 町田病院,小山ヶ丘3−22−20,Veterinarian,4d954af4a243a5684765b473,212,Hachiōji,35.65583,139.32389,JP,2018-03-11 02:50:00
2018_543220,26786,214,35.602004112899714,139.3749052346156,カインズ 町田多摩境店,小山ヶ丘3-6-6,Furniture / Home Store,4bf58dd8d48988d1f8941735,191,Hachiōji,35.65583,139.32389,JP,2018-03-11 03:26:00
2018_543222,26786,4079,35.631897,139.28928,ドトールコーヒーショップ,館町1163,Café,4bf58dd8d48988d16d941735,103,Hachiōji,35.65583,139.32389,JP,2018-03-14 00:00:00
2018_543222,26786,837,35.63192851622984,139.28904040629072,東京医科大学 八王子医療センター,館町1163,Hospital,4bf58dd8d48988d196941735,129,Hachiōji,35.65583,139.32389,JP,2018-03-14 00:29:00
2018_543222,26786,3953,35.59467,139.3276,スシロー,緑区西橋本4-8-48,Sushi Restaurant,4bf58dd8d48988d1d2941735,158,Hachiōji,35.65583,139.32389,JP,2018-03-14 02:25:00
2018_543222,26786,1436,35.60929377832808,139.31964511889518,相原中央公園,相原町2018,Park,4bf58dd8d48988d163941735,95,Hachiōji,35.65583,139.32389,JP,2018-03-14 09:38:00
2018_543224,26786,46,35.60651474492544,139.33174781812303,相原駅 (Aihara Sta.),相原町1218-4,Train Station,4bf58dd8d48988d129951735,59,Hachiōji,35.65583,139.32389,JP,2018-03-21 02:52:00
2018_543224,26786,11,35.59495276013401,139.34499388615959,橋本駅 (Hashimoto Sta.),緑区橋本6/2,Train Station,4bf58dd8d48988d129951735,59,Hachiōji,35.65583,139.32389,JP,2018-03-21 07:53:00
2018_543224,26786,313,35.59429879262703,139.34503952220754,マクドナルド,緑区橋本2-3-2,Fast Food Restaurant,4bf58dd8d48988d16e941735,104,Hachiōji,35.65583,139.32389,JP,2018-03-21 08:03:00
2018_543224,26786,11,35.59495276013401,139.34499388615959,橋本駅 (Hashimoto Sta.),緑区橋本6/2,Train Station,4bf58dd8d48988d129951735,59,Hachiōji,35.65583,139.32389,JP,2018-03-21 08:31:00
2018_543224,26786,46,35.60651474492544,139.33174781812303,相原駅 (Aihara Sta.),相原町1218-4,Train Station,4bf58dd8d48988d129951735,59,Hachiōji,35.65583,139.32389,JP,2018-03-21 08:47:00
2018_543224,26786,11,35.59495276013401,139.34499388615959,橋本駅 (Hashimoto Sta.),緑区橋本6/2,Train Station,4bf58dd8d48988d129951735,59,Hachiōji,35.65583,139.32389,JP,2018-03-25 03:20:00
2018_543224,26786,11,35.59495276013401,139.34499388615959,橋本駅 (Hashimoto Sta.),緑区橋本6/2,Train Station,4bf58dd8d48988d129951735,59,Hachiōji,35.65583,139.32389,JP,2018-03-25 08:42:00
2018_543224,26786,46,35.60651474492544,139.33174781812303,相原駅 (Aihara Sta.),相原町1218-4,Train Station,4bf58dd8d48988d129951735,59,Hachiōji,35.65583,139.32389,JP,2018-03-25 08:53:00
2018_543224,26786,1436,35.60929377832808,139.31964511889518,相原中央公園,相原町2018,Park,4bf58dd8d48988d163941735,95,Hachiōji,35.65583,139.32389,JP,2018-03-25 09:44:00
2018_543225,26786,1576,35.60615607975715,139.31800886286618,ENEOS Dr. Drive相原店,相原町2171-1,Gas Station,4bf58dd8d48988d113951735,28,Hachiōji,35.65583,139.32389,JP,2018-03-28 04:06:00
2018_543225,26786,1026,35.60461862075796,139.3294327878597,八千代銀行 相原支店,相原町1254-6,Bank,4bf58dd8d48988d10a951735,13,Hachiōji,35.65583,139.32389,JP,2018-03-28 04:15:00
2018_543225,26786,2250,35.602698812368445,139.37304479515598,カインズ 町田多摩境店 資材館,小山ヶ丘3-6-6,Hardware Store,4bf58dd8d48988d112951735,26,Hachiōji,35.65583,139.32389,JP,2018-03-28 07:37:00
2018_543225,26786,1436,35.60929377832808,139.31964511889518,相原中央公園,相原町2018,Park,4bf58dd8d48988d163941735,95,Hachiōji,35.65583,139.32389,JP,2018-03-28 10:29:00
2018_543226,26786,46,35.60651474492544,139.33174781812303,相原駅 (Aihara Sta.),相原町1218-4,Train Station,4bf58dd8d48988d129951735,59,Hachiōji,35.65583,139.32389,JP,2018-03-29 05:30:00
2018_543226,26786,11,35.59495276013401,139.34499388615959,橋本駅 (Hashimoto Sta.),緑区橋本6/2,Train Station,4bf58dd8d48988d129951735,59,Hachiōji,35.65583,139.32389,JP,2018-03-29 05:41:00
2018_543226,26786,11,35.59495276013401,139.34499388615959,橋本駅 (Hashimoto Sta.),緑区橋本6/2,Train Station,4bf58dd8d48988d129951735,59,Hachiōji,35.65583,139.32389,JP,2018-03-29 12:52:00
2018_543226,26786,313,35.59429879262703,139.34503952220754,マクドナルド,緑区橋本2-3-2,Fast Food Restaurant,4bf58dd8d48988d16e941735,104,Hachiōji,35.65583,139.32389,JP,2018-03-29 12:58:00
2018_543226,26786,11,35.59495276013401,139.34499388615959,橋本駅 (Hashimoto Sta.),緑区橋本6/2,Train Station,4bf58dd8d48988d129951735,59,Hachiōji,35.65583,139.32389,JP,2018-03-29 13:18:00
2018_543226,26786,46,35.60651474492544,139.33174781812303,相原駅 (Aihara Sta.),相原町1218-4,Train Station,4bf58dd8d48988d129951735,59,Hachiōji,35.65583,139.32389,JP,2018-03-29 13:30:00
2018_543227,26786,2371,35.60226128641423,139.36915411785216,ドクターオザワ動物病院 町田病院,小山ヶ丘3−22−20,Veterinarian,4d954af4a243a5684765b473,212,Hachiōji,35.65583,139.32389,JP,2018-04-01 04:22:00
2018_543227,26786,1436,35.60929377832808,139.31964511889518,相原中央公園,相原町2018,Park,4bf58dd8d48988d163941735,95,Hachiōji,35.65583,139.32389,JP,2018-04-01 09:43:00
2018_543228,26786,283,35.63781925835725,139.29344415664673,イトーヨーカドー 八王子店,狭間町1462-1,Supermarket,52f2ab2ebcbc57f1066b8b46,309,Hachiōji,35.65583,139.32389,JP,2018-04-04 04:43:00
2018_543228,26786,322,35.63853993196004,139.29320215281373,マクドナルド,狭間町1462-1,Fast Food Restaurant,4bf58dd8d48988d16e941735,104,Hachiōji,35.65583,139.32389,JP,2018-04-04 05:39:00
2018_543228,26786,326,35.63780181935455,139.30018186569214,スーパーアルプス はざま店,椚田町1208,Supermarket,52f2ab2ebcbc57f1066b8b46,309,Hachiōji,35.65583,139.32389,JP,2018-04-04 06:08:00
2018_543228,26786,1436,35.60929377832808,139.31964511889518,相原中央公園,相原町2018,Park,4bf58dd8d48988d163941735,95,Hachiōji,35.65583,139.32389,JP,2018-04-04 07:41:00
2018_543229,26786,1026,35.60461862075796,139.3294327878597,八千代銀行 相原支店,相原町1254-6,Bank,4bf58dd8d48988d10a951735,13,Hachiōji,35.65583,139.32389,JP,2018-04-11 05:13:00
2018_543229,26786,1281,35.59102544993985,139.34976518154144,アリオ橋本,緑区大山町1-22,Shopping Mall,4bf58dd8d48988d1fd941735,200,Hachiōji,35.65583,139.32389,JP,2018-04-11 05:31:00
2018_543229,26786,1556,35.59035423568705,139.3492986957123,マクドナルド,緑区大山町1-22,Fast Food Restaurant,4bf58dd8d48988d16e941735,104,Hachiōji,35.65583,139.32389,JP,2018-04-11 06:14:00
2018_543229,26786,2857,35.5916367712659,139.34852051632387,イトーヨーカドー,緑区大山町1-22,Supermarket,52f2ab2ebcbc57f1066b8b46,309,Hachiōji,35.65583,139.32389,JP,2018-04-11 06:57:00
2018_543229,26786,1436,35.60929377832808,139.31964511889518,相原中央公園,相原町2018,Park,4bf58dd8d48988d163941735,95,Hachiōji,35.65583,139.32389,JP,2018-04-11 09:10:00
2018_543230,26786,214,35.602004112899714,139.3749052346156,カインズ 町田多摩境店,小山ヶ丘3-6-6,Furniture / Home Store,4bf58dd8d48988d1f8941735,191,Hachiōji,35.65583,139.32389,JP,2018-04-12 07:10:00
2018_543230,26786,3565,35.60977068494699,139.34513228372197,セブンイレブン 町田小山ヶ丘6丁目店,小山ヶ丘6-2-1,Convenience Store,4d954b0ea243a5684a65b473,215,Hachiōji,35.65583,139.32389,JP,2018-04-12 08:01:00
2018_543230,26786,1436,35.60929377832808,139.31964511889518,相原中央公園,相原町2018,Park,4bf58dd8d48988d163941735,95,Hachiōji,35.65583,139.32389,JP,2018-04-12 08:50:00
2018_543231,26786,327,35.60425261447649,139.36044923067635,スーパーアルプス 多摩境店,小山ヶ丘4-5-2,Supermarket,52f2ab2ebcbc57f1066b8b46,309,Hachiōji,35.65583,139.32389,JP,2018-04-14 07:49:00
2018_543231,26786,1436,35.60929377832808,139.31964511889518,相原中央公園,相原町2018,Park,4bf58dd8d48988d163941735,95,Hachiōji,35.65583,139.32389,JP,2018-04-14 08:58:00
2018_543232,26786,2371,35.60226128641423,139.36915411785216,ドクターオザワ動物病院 町田病院,小山ヶ丘3−22−20,Veterinarian,4d954af4a243a5684765b473,212,Hachiōji,35.65583,139.32389,JP,2018-04-18 02:02:00
2018_543232,26786,282,35.60248766689159,139.3695793300867,マクドナルド,小山ヶ丘3-22-1,Fast Food Restaurant,4bf58dd8d48988d16e941735,104,Hachiōji,35.65583,139.32389,JP,2018-04-18 03:46:00
2018_543232,26786,1436,35.60929377832808,139.31964511889518,相原中央公園,相原町2018,Park,4bf58dd8d48988d163941735,95,Hachiōji,35.65583,139.32389,JP,2018-04-18 09:38:00
2018_543234,26786,2478,35.638226072621656,139.30331880782796,日産東京 八王子めじろ台店,椚田町580-3,Auto Dealership,4eb1c1623b7b52c0e1adc2ec,226,Hachiōji,35.65583,139.32389,JP,2018-04-22 03:00:00
2018_543234,26786,1436,35.60929377832808,139.31964511889518,相原中央公園,相原町2018,Park,4bf58dd8d48988d163941735,95,Hachiōji,35.65583,139.32389,JP,2018-04-22 07:11:00
2018_543235,26786,46,35.60651474492544,139.33174781812303,相原駅 (Aihara Sta.),相原町1218-4,Train Station,4bf58dd8d48988d129951735,59,Hachiōji,35.65583,139.32389,JP,2018-04-27 22:58:00
2018_543235,26786,2,35.65561,139.3389,八王子駅 (Hachiōji Sta.),旭町1-1,Train Station,4bf58dd8d48988d129951735,59,Hachiōji,35.65583,139.32389,JP,2018-04-27 23:18:00
2018_543235,26786,11,35.59495276013401,139.34499388615959,橋本駅 (Hashimoto Sta.),緑区橋本6/2,Train Station,4bf58dd8d48988d129951735,59,Hachiōji,35.65583,139.32389,JP,2018-04-28 10:10:00
2018_543235,26786,46,35.60651474492544,139.33174781812303,相原駅 (Aihara Sta.),相原町1218-4,Train Station,4bf58dd8d48988d129951735,59,Hachiōji,35.65583,139.32389,JP,2018-04-28 10:28:00
2018_543235,26786,2,35.65561,139.3389,八王子駅 (Hachiōji Sta.),旭町1-1,Train Station,4bf58dd8d48988d129951735,59,Hachiōji,35.65583,139.32389,JP,2018-04-28 23:06:00
2018_543235,26786,46,35.60651474492544,139.33174781812303,相原駅 (Aihara Sta.),相原町1218-4,Train Station,4bf58dd8d48988d129951735,59,Hachiōji,35.65583,139.32389,JP,2018-04-29 10:48:00
2018_543235,26786,4336,35.60687982613248,139.33114767621447,ローソン 町田相原駅西口店,相原町1165-1,Convenience Store,4d954b0ea243a5684a65b473,215,Hachiōji,35.65583,139.32389,JP,2018-04-29 10:50:00
2018_543236,26786,2371,35.60226128641423,139.36915411785216,ドクターオザワ動物病院 町田病院,小山ヶ丘3−22−20,Veterinarian,4d954af4a243a5684765b473,212,Hachiōji,35.65583,139.32389,JP,2018-04-30 03:28:00
2018_543236,26786,282,35.60248766689159,139.3695793300867,マクドナルド,小山ヶ丘3-22-1,Fast Food Restaurant,4bf58dd8d48988d16e941735,104,Hachiōji,35.65583,139.32389,JP,2018-04-30 04:00:00
2018_543236,26786,327,35.60425261447649,139.36044923067635,スーパーアルプス 多摩境店,小山ヶ丘4-5-2,Supermarket,52f2ab2ebcbc57f1066b8b46,309,Hachiōji,35.65583,139.32389,JP,2018-04-30 04:12:00
2018_543236,26786,1576,35.60615607975715,139.31800886286618,ENEOS Dr. Drive相原店,相原町2171-1,Gas Station,4bf58dd8d48988d113951735,28,Hachiōji,35.65583,139.32389,JP,2018-04-30 04:40:00
2018_543236,26786,2371,35.60226128641423,139.36915411785216,ドクターオザワ動物病院 町田病院,小山ヶ丘3−22−20,Veterinarian,4d954af4a243a5684765b473,212,Hachiōji,35.65583,139.32389,JP,2018-04-30 10:41:00
2018_543236,26786,327,35.60425261447649,139.36044923067635,スーパーアルプス 多摩境店,小山ヶ丘4-5-2,Supermarket,52f2ab2ebcbc57f1066b8b46,309,Hachiōji,35.65583,139.32389,JP,2018-04-30 11:07:00
2018_543238,26786,837,35.63192851622984,139.28904040629072,東京医科大学 八王子医療センター,館町1163,Hospital,4bf58dd8d48988d196941735,129,Hachiōji,35.65583,139.32389,JP,2018-05-02 04:51:00
2018_543238,26786,2362,35.60453876322056,139.3334016835429,堺市民センター,相原町795-1,Government Building,4bf58dd8d48988d126941735,53,Hachiōji,35.65583,139.32389,JP,2018-05-02 07:03:00
2018_543239,26786,3435,35.60485711272977,139.3322503566742,セブンイレブン 町田相原駅南店,相原町1226-5,Convenience Store,4d954b0ea243a5684a65b473,215,Hachiōji,35.65583,139.32389,JP,2018-05-10 07:54:00
2018_543239,26786,327,35.60425261447649,139.36044923067635,スーパーアルプス 多摩境店,小山ヶ丘4-5-2,Supermarket,52f2ab2ebcbc57f1066b8b46,309,Hachiōji,35.65583,139.32389,JP,2018-05-10 08:15:00
2018_543239,26786,214,35.602004112899714,139.3749052346156,カインズ 町田多摩境店,小山ヶ丘3-6-6,Furniture / Home Store,4bf58dd8d48988d1f8941735,191,Hachiōji,35.65583,139.32389,JP,2018-05-10 08:38:00
2018_543239,26786,282,35.60248766689159,139.3695793300867,マクドナルド,小山ヶ丘3-22-1,Fast Food Restaurant,4bf58dd8d48988d16e941735,104,Hachiōji,35.65583,139.32389,JP,2018-05-10 09:19:00
2018_543240,26786,837,35.63192851622984,139.28904040629072,東京医科大学 八王子医療センター,館町1163,Hospital,4bf58dd8d48988d196941735,129,Hachiōji,35.65583,139.32389,JP,2018-05-13 00:22:00
2018_543240,26786,1790,35.63199655623456,139.28925454616547,セブンイレブン,館町1163-1,Convenience Store,4d954b0ea243a5684a65b473,215,Hachiōji,35.65583,139.32389,JP,2018-05-13 01:42:00
2018_543241,26786,214,35.602004112899714,139.3749052346156,カインズ 町田多摩境店,小山ヶ丘3-6-6,Furniture / Home Store,4bf58dd8d48988d1f8941735,191,Hachiōji,35.65583,139.32389,JP,2018-05-15 01:32:00
2018_543241,26786,282,35.60248766689159,139.3695793300867,マクドナルド,小山ヶ丘3-22-1,Fast Food Restaurant,4bf58dd8d48988d16e941735,104,Hachiōji,35.65583,139.32389,JP,2018-05-15 02:18:00
2018_543241,26786,3752,35.59647243892653,139.31387652939395,100円ショップ オレンジ 城山店,緑区原宿南1-5-1,Discount Store,52dea92d3cf9994f4e043dbb,265,Hachiōji,35.65583,139.32389,JP,2018-05-15 09:34:00
2018_543241,26786,837,35.63192851622984,139.28904040629072,東京医科大学 八王子医療センター,館町1163,Hospital,4bf58dd8d48988d196941735,129,Hachiōji,35.65583,139.32389,JP,2018-05-15 10:07:00
2018_543242,26786,46,35.60651474492544,139.33174781812303,相原駅 (Aihara Sta.),相原町1218-4,Train Station,4bf58dd8d48988d129951735,59,Hachiōji,35.65583,139.32389,JP,2018-05-17 05:25:00
2018_543242,26786,46,35.60651474492544,139.33174781812303,相原駅 (Aihara Sta.),相原町1218-4,Train Station,4bf58dd8d48988d129951735,59,Hachiōji,35.65583,139.32389,JP,2018-05-17 09:36:00
2018_543243,26786,837,35.63192851622984,139.28904040629072,東京医科大学 八王子医療センター,館町1163,Hospital,4bf58dd8d48988d196941735,129,Hachiōji,35.65583,139.32389,JP,2018-05-18 08:34:00
2018_543243,26786,1057,35.6061296643717,139.3171331468694,セブンイレブン 町田相原店,相原町2177-1,Convenience Store,4d954b0ea243a5684a65b473,215,Hachiōji,35.65583,139.32389,JP,2018-05-18 10:34:00
2018_543245,26786,837,35.63192851622984,139.28904040629072,東京医科大学 八王子医療センター,館町1163,Hospital,4bf58dd8d48988d196941735,129,Hachiōji,35.65583,139.32389,JP,2018-05-24 09:21:00
2018_543245,26786,1200,35.60480448389646,139.33115734358245,いなげや ina21町田相原駅前店,相原町1232,Supermarket,52f2ab2ebcbc57f1066b8b46,309,Hachiōji,35.65583,139.32389,JP,2018-05-24 11:09:00
2018_543246,26786,837,35.63192851622984,139.28904040629072,東京医科大学 八王子医療センター,館町1163,Hospital,4bf58dd8d48988d196941735,129,Hachiōji,35.65583,139.32389,JP,2018-05-26 09:41:00
2018_543246,26786,1142,35.598487228838884,139.3088523374868,スーパーアルプス 城山店,緑区原宿3-10-1,Grocery Store,4bf58dd8d48988d118951735,36,Hachiōji,35.65583,139.32389,JP,2018-05-26 10:33:00
2018_543247,26786,46,35.60651474492544,139.33174781812303,相原駅 (Aihara Sta.),相原町1218-4,Train Station,4bf58dd8d48988d129951735,59,Hachiōji,35.65583,139.32389,JP,2018-05-27 00:16:00
2018_543247,26786,46,35.60651474492544,139.33174781812303,相原駅 (Aihara Sta.),相原町1218-4,Train Station,4bf58dd8d48988d129951735,59,Hachiōji,35.65583,139.32389,JP,2018-05-27 11:20:00
2018_543248,26786,4672,35.60467078792787,139.32893217816735,セブンイレブン 町田相原駅西店,相原町1264-4,Convenience Store,4d954b0ea243a5684a65b473,215,Hachiōji,35.65583,139.32389,JP,2018-05-29 06:31:00
2018_543248,26786,4449,,,,,Parking,4c38df4de52ce0d596b336e1,205,Hachiōji,35.65583,139.32389,JP,2018-05-29 08:11:00
2018_543248,26786,327,35.60425261447649,139.36044923067635,スーパーアルプス 多摩境店,小山ヶ丘4-5-2,Supermarket,52f2ab2ebcbc57f1066b8b46,309,Hachiōji,35.65583,139.32389,JP,2018-05-29 08:57:00
2018_543249,26786,1576,35.60615607975715,139.31800886286618,ENEOS Dr. Drive相原店,相原町2171-1,Gas Station,4bf58dd8d48988d113951735,28,Hachiōji,35.65583,139.32389,JP,2018-05-30 00:48:00
2018_543249,26786,1167,35.594796686900516,139.3138674737346,シャトレーゼ 城山店,緑区原宿南1-10-8,Dessert Shop,4bf58dd8d48988d1d0941735,156,Hachiōji,35.65583,139.32389,JP,2018-05-30 07:00:00
2018_543250,26786,214,35.602004112899714,139.3749052346156,カインズ 町田多摩境店,小山ヶ丘3-6-6,Furniture / Home Store,4bf58dd8d48988d1f8941735,191,Hachiōji,35.65583,139.32389,JP,2018-06-06 07:21:00
2018_543250,26786,327,35.60425261447649,139.36044923067635,スーパーアルプス 多摩境店,小山ヶ丘4-5-2,Supermarket,52f2ab2ebcbc57f1066b8b46,309,Hachiōji,35.65583,139.32389,JP,2018-06-06 08:26:00
2018_543252,26786,2478,35.638226072621656,139.30331880782796,日産東京 八王子めじろ台店,椚田町580-3,Auto Dealership,4eb1c1623b7b52c0e1adc2ec,226,Hachiōji,35.65583,139.32389,JP,2018-06-13 03:07:00
2018_543252,26786,1281,35.59102544993985,139.34976518154144,アリオ橋本,緑区大山町1-22,Shopping Mall,4bf58dd8d48988d1fd941735,200,Hachiōji,35.65583,139.32389,JP,2018-06-13 05:07:00
2018_543252,26786,1556,35.59035423568705,139.3492986957123,マクドナルド,緑区大山町1-22,Fast Food Restaurant,4bf58dd8d48988d16e941735,104,Hachiōji,35.65583,139.32389,JP,2018-06-13 05:28:00
2018_543252,26786,1438,35.590506334382745,139.350768327713,TOWER RECORDS,緑区大山町1-22,Record Shop,4bf58dd8d48988d10d951735,17,Hachiōji,35.65583,139.32389,JP,2018-06-13 05:50:00
2018_543252,26786,214,35.602004112899714,139.3749052346156,カインズ 町田多摩境店,小山ヶ丘3-6-6,Furniture / Home Store,4bf58dd8d48988d1f8941735,191,Hachiōji,35.65583,139.32389,JP,2018-06-13 08:11:00
2018_543253,26786,46,35.60651474492544,139.33174781812303,相原駅 (Aihara Sta.),相原町1218-4,Train Station,4bf58dd8d48988d129951735,59,Hachiōji,35.65583,139.32389,JP,2018-06-19 03:54:00
2018_543253,26786,11,35.59495276013401,139.34499388615959,橋本駅 (Hashimoto Sta.),緑区橋本6/2,Train Station,4bf58dd8d48988d129951735,59,Hachiōji,35.65583,139.32389,JP,2018-06-19 04:01:00
2018_543253,26786,11,35.59495276013401,139.34499388615959,橋本駅 (Hashimoto Sta.),緑区橋本6/2,Train Station,4bf58dd8d48988d129951735,59,Hachiōji,35.65583,139.32389,JP,2018-06-19 12:55:00
2018_543253,26786,46,35.60651474492544,139.33174781812303,相原駅 (Aihara Sta.),相原町1218-4,Train Station,4bf58dd8d48988d129951735,59,Hachiōji,35.65583,139.32389,JP,2018-06-19 13:20:00
2018_543254,26786,282,35.60248766689159,139.3695793300867,マクドナルド,小山ヶ丘3-22-1,Fast Food Restaurant,4bf58dd8d48988d16e941735,104,Hachiōji,35.65583,139.32389,JP,2018-07-01 05:37:00
2018_543254,26786,214,35.602004112899714,139.3749052346156,カインズ 町田多摩境店,小山ヶ丘3-6-6,Furniture / Home Store,4bf58dd8d48988d1f8941735,191,Hachiōji,35.65583,139.32389,JP,2018-07-01 06:14:00
2018_543254,26786,327,35.60425261447649,139.36044923067635,スーパーアルプス 多摩境店,小山ヶ丘4-5-2,Supermarket,52f2ab2ebcbc57f1066b8b46,309,Hachiōji,35.65583,139.32389,JP,2018-07-01 07:08:00
2018_543255,26786,1576,35.60615607975715,139.31800886286618,ENEOS Dr. Drive相原店,相原町2171-1,Gas Station,4bf58dd8d48988d113951735,28,Hachiōji,35.65583,139.32389,JP,2018-07-04 02:23:00
2018_543255,26786,4669,35.59713291570549,139.3204281439963,きらぼし銀行 二本松支店/城山支店,緑区二本松3-1-10,Bank,4bf58dd8d48988d10a951735,13,Hachiōji,35.65583,139.32389,JP,2018-07-04 02:33:00
2018_543255,26786,2405,35.60461020245702,139.33393625649953,町田相原郵便局,相原町792-5,Post Office,4bf58dd8d48988d172941735,106,Hachiōji,35.65583,139.32389,JP,2018-07-04 02:51:00
2018_543255,26786,214,35.602004112899714,139.3749052346156,カインズ 町田多摩境店,小山ヶ丘3-6-6,Furniture / Home Store,4bf58dd8d48988d1f8941735,191,Hachiōji,35.65583,139.32389,JP,2018-07-04 05:13:00
2018_543255,26786,327,35.60425261447649,139.36044923067635,スーパーアルプス 多摩境店,小山ヶ丘4-5-2,Supermarket,52f2ab2ebcbc57f1066b8b46,309,Hachiōji,35.65583,139.32389,JP,2018-07-04 05:56:00
2018_543256,26786,46,35.60651474492544,139.33174781812303,相原駅 (Aihara Sta.),相原町1218-4,Train Station,4bf58dd8d48988d129951735,59,Hachiōji,35.65583,139.32389,JP,2018-07-06 06:15:00
2018_543256,26786,11,35.59495276013401,139.34499388615959,橋本駅 (Hashimoto Sta.),緑区橋本6/2,Train Station,4bf58dd8d48988d129951735,59,Hachiōji,35.65583,139.32389,JP,2018-07-06 13:53:00
2018_543256,26786,46,35.60651474492544,139.33174781812303,相原駅 (Aihara Sta.),相原町1218-4,Train Station,4bf58dd8d48988d129951735,59,Hachiōji,35.65583,139.32389,JP,2018-07-06 14:19:00
2018_543256,26786,4336,35.60687982613248,139.33114767621447,ローソン 町田相原駅西口店,相原町1165-1,Convenience Store,4d954b0ea243a5684a65b473,215,Hachiōji,35.65583,139.32389,JP,2018-07-06 14:20:00
2018_580019,28664,11,35.59495276013401,139.34499388615959,橋本駅 (Hashimoto Sta.),緑区橋本6/2,Train Station,4bf58dd8d48988d129951735,59,Hachiōji,35.65583,139.32389,JP,2017-10-04 03:02:00
2018_580019,28664,3026,35.595364483219406,139.337674280047,相模原市 緑区合同庁舎,緑区西橋本5-3-21,Government Building,4bf58dd8d48988d126941735,53,Hachiōji,35.65583,139.32389,JP,2017-10-04 03:18:00
2018_580020,28664,1183,35.65815176712163,139.33768250831787,二代目 哲麺 八王子店,中町2-19,Ramen Restaurant,55a59bace4b013909087cb24,335,Hachiōji,35.65583,139.32389,JP,2017-10-07 05:42:00
2018_580020,28664,1326,35.654639063322705,139.33882782419246,ビックカメラ JR八王子駅店,旭町1-17,Electronics Store,4bf58dd8d48988d122951735,48,Hachiōji,35.65583,139.32389,JP,2017-10-07 06:14:00
2018_580023,28664,4230,35.642822,139.289156,イーアス高尾,東浅川町550-1,Shopping Mall,4bf58dd8d48988d1fd941735,200,Hachiōji,35.65583,139.32389,JP,2017-10-20 05:26:00
2018_580023,28664,4374,35.64264361232625,139.28809583187103,ラケル イーアス高尾店,東浅川町550-1,Yoshoku Restaurant,55a59bace4b013909087cb36,341,Hachiōji,35.65583,139.32389,JP,2017-10-20 05:39:00
2018_580024,28664,1087,35.596373863519894,139.33874073936522,コジマ×ビックカメラ 橋本店,緑区西橋本5-3-5,Electronics Store,4bf58dd8d48988d122951735,48,Hachiōji,35.65583,139.32389,JP,2017-11-15 01:38:00
2018_580024,28664,588,35.58387415762814,139.32745269597328,相模・下九沢温泉 湯楽の里,緑区下九沢2385-1,Hot Spring,4bf58dd8d48988d160941735,92,Hachiōji,35.65583,139.32389,JP,2017-11-15 05:47:00
2018_580026,28664,11,35.59495276013401,139.34499388615959,橋本駅 (Hashimoto Sta.),緑区橋本6/2,Train Station,4bf58dd8d48988d129951735,59,Hachiōji,35.65583,139.32389,JP,2017-11-17 07:50:00
2018_580026,28664,2,35.65561,139.3389,八王子駅 (Hachiōji Sta.),旭町1-1,Train Station,4bf58dd8d48988d129951735,59,Hachiōji,35.65583,139.32389,JP,2017-11-17 08:04:00
2018_580028,28664,1832,35.588215661986986,139.23333921556156,三ヶ木バスターミナル,緑区三ヶ木,Bus Station,4bf58dd8d48988d1fe931735,201,Hachiōji,35.65583,139.32389,JP,2017-11-29 06:29:00
2018_580028,28664,1832,35.588215661986986,139.23333921556156,三ヶ木バスターミナル,緑区三ヶ木,Bus Station,4bf58dd8d48988d1fe931735,201,Hachiōji,35.65583,139.32389,JP,2017-11-29 08:05:00
2018_580028,28664,11,35.59495276013401,139.34499388615959,橋本駅 (Hashimoto Sta.),緑区橋本6/2,Train Station,4bf58dd8d48988d129951735,59,Hachiōji,35.65583,139.32389,JP,2017-11-29 09:02:00
2018_580028,28664,277,35.59728231422893,139.31197521344316,幸楽苑,緑区原宿2-9-21,Ramen Restaurant,55a59bace4b013909087cb24,335,Hachiōji,35.65583,139.32389,JP,2017-11-29 13:22:00
2018_580029,28664,2595,35.63841564014522,139.29219624212556,いきな黒塀,狭間町1462-3,BBQ Joint,4bf58dd8d48988d1df931735,164,Hachiōji,35.65583,139.32389,JP,2017-12-03 10:59:00
2018_580029,28664,3,35.65808032639735,139.34275103595496,京王八王子駅 (Keiō-hachiōji Sta.),明神町3-27-1,Train Station,4bf58dd8d48988d129951735,59,Hachiōji,35.65583,139.32389,JP,2017-12-03 14:49:00
2018_580032,28664,162,35.524338878835316,139.22378152116573,宮ヶ瀬湖畔園地,宮ヶ瀬940-5,Lake,4bf58dd8d48988d161941735,93,Hachiōji,35.65583,139.32389,JP,2017-12-12 06:56:00
2018_580032,28664,588,35.58387415762814,139.32745269597328,相模・下九沢温泉 湯楽の里,緑区下九沢2385-1,Hot Spring,4bf58dd8d48988d160941735,92,Hachiōji,35.65583,139.32389,JP,2017-12-12 12:01:00
2018_580033,28664,345,35.642008868471294,139.29022014141083,高尾スターレーン,東浅川町540,Bowling Alley,4bf58dd8d48988d1e4931735,169,Hachiōji,35.65583,139.32389,JP,2017-12-13 00:46:00
2018_580033,28664,1832,35.588215661986986,139.23333921556156,三ヶ木バスターミナル,緑区三ヶ木,Bus Station,4bf58dd8d48988d1fe931735,201,Hachiōji,35.65583,139.32389,JP,2017-12-13 10:19:00
2018_580034,28664,59,35.60073997779399,139.22355175366667,たからやフレサ 相模湖店,緑区寸沢嵐933-1,Grocery Store,4bf58dd8d48988d118951735,36,Hachiōji,35.65583,139.32389,JP,2017-12-26 08:19:00
2018_580034,28664,588,35.58387415762814,139.32745269597328,相模・下九沢温泉 湯楽の里,緑区下九沢2385-1,Hot Spring,4bf58dd8d48988d160941735,92,Hachiōji,35.65583,139.32389,JP,2017-12-26 10:28:00
2018_580037,28664,3006,35.655375027540735,139.33690118454257,駐太郎 JR貨物八王子駅南口立体駐車場,旭町1-11,Parking,4c38df4de52ce0d596b336e1,205,Hachiōji,35.65583,139.32389,JP,2018-01-08 02:00:00
2018_580037,28664,2,35.65561,139.3389,八王子駅 (Hachiōji Sta.),旭町1-1,Train Station,4bf58dd8d48988d129951735,59,Hachiōji,35.65583,139.32389,JP,2018-01-08 12:33:00
2018_580038,28664,1516,35.654568408607,139.33760545671245,サイゼリヤ,子安町4-7-1,Italian Restaurant,4bf58dd8d48988d110941735,21,Hachiōji,35.65583,139.32389,JP,2018-01-09 12:04:00
2018_580038,28664,2,35.65561,139.3389,八王子駅 (Hachiōji Sta.),旭町1-1,Train Station,4bf58dd8d48988d129951735,59,Hachiōji,35.65583,139.32389,JP,2018-01-09 14:15:00
2018_580039,28664,1832,35.588215661986986,139.23333921556156,三ヶ木バスターミナル,緑区三ヶ木,Bus Station,4bf58dd8d48988d1fe931735,201,Hachiōji,35.65583,139.32389,JP,2018-01-10 05:48:00
2018_580039,28664,11,35.59495276013401,139.34499388615959,橋本駅 (Hashimoto Sta.),緑区橋本6/2,Train Station,4bf58dd8d48988d129951735,59,Hachiōji,35.65583,139.32389,JP,2018-01-10 08:40:00
2018_580040,28664,1415,35.57552462278759,139.3466111190603,ヤオコー 相模原下九沢店,中央区下九沢57-1,Shopping Mall,4bf58dd8d48988d1fd941735,200,Hachiōji,35.65583,139.32389,JP,2018-01-12 12:29:00
2018_580040,28664,3847,35.576134,139.348052,からやま,中央区下九沢55-1,Diner,4bf58dd8d48988d147941735,78,Hachiōji,35.65583,139.32389,JP,2018-01-12 12:40:00
2018_580041,28664,11,35.59495276013401,139.34499388615959,橋本駅 (Hashimoto Sta.),緑区橋本6/2,Train Station,4bf58dd8d48988d129951735,59,Hachiōji,35.65583,139.32389,JP,2018-01-14 23:38:00
2018_580041,28664,2021,35.581502633422275,139.3140186849349,上大島バス停,緑区大島,Bus Station,4bf58dd8d48988d1fe931735,201,Hachiōji,35.65583,139.32389,JP,2018-01-15 00:38:00
2018_580041,28664,11,35.59495276013401,139.34499388615959,橋本駅 (Hashimoto Sta.),緑区橋本6/2,Train Station,4bf58dd8d48988d129951735,59,Hachiōji,35.65583,139.32389,JP,2018-01-15 01:04:00
2018_580041,28664,1832,35.588215661986986,139.23333921556156,三ヶ木バスターミナル,緑区三ヶ木,Bus Station,4bf58dd8d48988d1fe931735,201,Hachiōji,35.65583,139.32389,JP,2018-01-15 02:03:00
2018_580041,28664,358,35.539018,139.223096,鳥居原ふれあいの館,緑区鳥屋1674,Farmers Market,4bf58dd8d48988d1fa941735,195,Hachiōji,35.65583,139.32389,JP,2018-01-15 04:00:00
2018_580041,28664,11,35.59495276013401,139.34499388615959,橋本駅 (Hashimoto Sta.),緑区橋本6/2,Train Station,4bf58dd8d48988d129951735,59,Hachiōji,35.65583,139.32389,JP,2018-01-15 04:47:00
2018_580041,28664,3044,35.59605474320807,139.34386337264672,めん処 仁兵衛 橋本北口店,緑区橋本6-2-2,Ramen Restaurant,55a59bace4b013909087cb24,335,Hachiōji,35.65583,139.32389,JP,2018-01-15 04:59:00
2018_580041,28664,588,35.58387415762814,139.32745269597328,相模・下九沢温泉 湯楽の里,緑区下九沢2385-1,Hot Spring,4bf58dd8d48988d160941735,92,Hachiōji,35.65583,139.32389,JP,2018-01-15 09:31:00
2018_580044,28664,11,35.59495276013401,139.34499388615959,橋本駅 (Hashimoto Sta.),緑区橋本6/2,Train Station,4bf58dd8d48988d129951735,59,Hachiōji,35.65583,139.32389,JP,2018-01-22 00:16:00
2018_580044,28664,2406,35.60894593122986,139.3117626230702,東京家政学院大学 町田キャンパス,相原町2600,University,4bf58dd8d48988d1ae941735,142,Hachiōji,35.65583,139.32389,JP,2018-01-22 00:56:00
2018_580044,28664,11,35.59495276013401,139.34499388615959,橋本駅 (Hashimoto Sta.),緑区橋本6/2,Train Station,4bf58dd8d48988d129951735,59,Hachiōji,35.65583,139.32389,JP,2018-01-22 02:30:00
2018_580044,28664,1339,35.59546552556219,139.3447065232235,橋本駅北口バス停,緑区橋本6,Bus Station,4bf58dd8d48988d1fe931735,201,Hachiōji,35.65583,139.32389,JP,2018-01-22 02:36:00
2018_580044,28664,1832,35.588215661986986,139.23333921556156,三ヶ木バスターミナル,緑区三ヶ木,Bus Station,4bf58dd8d48988d1fe931735,201,Hachiōji,35.65583,139.32389,JP,2018-01-22 03:13:00
2018_580044,28664,1832,35.588215661986986,139.23333921556156,三ヶ木バスターミナル,緑区三ヶ木,Bus Station,4bf58dd8d48988d1fe931735,201,Hachiōji,35.65583,139.32389,JP,2018-01-22 04:53:00
2018_580044,28664,1449,35.59826105555871,139.33727834332473,ステーキのどん 相模原橋本店,緑区橋本8-2-1,Steakhouse,4bf58dd8d48988d1cc941735,154,Hachiōji,35.65583,139.32389,JP,2018-01-22 10:04:00
2018_580046,28664,1545,35.6027276,139.3719947,とんかつ和幸,小山ヶ丘2-3-6,Tonkatsu Restaurant,55a59af1e4b013909087cb03,328,Hachiōji,35.65583,139.32389,JP,2018-01-26 11:32:00
2018_580046,28664,865,35.59467257358009,139.34842778594086,アドアーズ 橋本店,緑区橋本3-3-1,Arcade,4bf58dd8d48988d1e1931735,167,Hachiōji,35.65583,139.32389,JP,2018-01-26 14:18:00
2018_580047,28664,1832,35.588215661986986,139.23333921556156,三ヶ木バスターミナル,緑区三ヶ木,Bus Station,4bf58dd8d48988d1fe931735,201,Hachiōji,35.65583,139.32389,JP,2018-01-29 00:31:00
2018_580047,28664,1832,35.588215661986986,139.23333921556156,三ヶ木バスターミナル,緑区三ヶ木,Bus Station,4bf58dd8d48988d1fe931735,201,Hachiōji,35.65583,139.32389,JP,2018-01-29 04:37:00
2018_580047,28664,2,35.65561,139.3389,八王子駅 (Hachiōji Sta.),旭町1-1,Train Station,4bf58dd8d48988d129951735,59,Hachiōji,35.65583,139.32389,JP,2018-01-29 11:41:00
2018_580047,28664,67,35.654430683201724,139.33373831212518,壱発ラーメン,万町19-1,Ramen Restaurant,55a59bace4b013909087cb24,335,Hachiōji,35.65583,139.32389,JP,2018-01-29 12:08:00
2018_580048,28664,950,35.65436539604875,139.27697165288583,TAIRAYA 元八王子店,元八王子町3-2211,Supermarket,52f2ab2ebcbc57f1066b8b46,309,Hachiōji,35.65583,139.32389,JP,2018-01-30 12:47:00
2018_580048,28664,2135,35.67320844055735,139.26353051075233,スーパーアルプス 恩方店,西寺方町69-1,Supermarket,52f2ab2ebcbc57f1066b8b46,309,Hachiōji,35.65583,139.32389,JP,2018-01-30 13:09:00
2018_580048,28664,330,35.65768684486433,139.3412639036203,らあめん花月嵐,東町1-2,Ramen Restaurant,55a59bace4b013909087cb24,335,Hachiōji,35.65583,139.32389,JP,2018-01-30 14:26:00
2018_580049,28664,3012,35.68725789680001,139.3059597803068,コピオ楢原,楢原町1818-15,Shopping Plaza,5744ccdfe4b0c0459246b4dc,356,Hachiōji,35.65583,139.32389,JP,2018-02-07 02:10:00
2018_580049,28664,3777,35.596976840178876,139.3343510981926,ロピア 西橋本店,緑区西橋本5-4-3,Supermarket,52f2ab2ebcbc57f1066b8b46,309,Hachiōji,35.65583,139.32389,JP,2018-02-07 03:32:00
2018_580050,28664,4324,35.550864222545464,139.33459235716808,北海道ラーメン おやじ 田名店,中央区田名4763-1,Ramen Restaurant,55a59bace4b013909087cb24,335,Hachiōji,35.65583,139.32389,JP,2018-02-09 10:54:00
2018_580050,28664,588,35.58387415762814,139.32745269597328,相模・下九沢温泉 湯楽の里,緑区下九沢2385-1,Hot Spring,4bf58dd8d48988d160941735,92,Hachiōji,35.65583,139.32389,JP,2018-02-09 13:19:00
2018_580051,28664,162,35.524338878835316,139.22378152116573,宮ヶ瀬湖畔園地,宮ヶ瀬940-5,Lake,4bf58dd8d48988d161941735,93,Hachiōji,35.65583,139.32389,JP,2018-02-18 11:02:00
2018_580051,28664,413,35.63830068352964,139.30236781682675,くら寿司,椚田町579-5,Sushi Restaurant,4bf58dd8d48988d1d2941735,158,Hachiōji,35.65583,139.32389,JP,2018-02-18 12:07:00
2018_661936,32545,3153,35.67333364819556,139.29449558258057,ローソン 八王子四谷町交差点前店,大楽寺町403-1,Convenience Store,4d954b0ea243a5684a65b473,215,Hachiōji,35.65583,139.32389,JP,2017-10-08 04:20:00
2018_661936,32545,4286,35.65739894445248,139.31260026537302,四文屋 西八王子店,千人町2-20-3,Sake Bar,4bf58dd8d48988d11c941735,40,Hachiōji,35.65583,139.32389,JP,2017-10-08 07:38:00
2018_661936,32545,3716,35.65715610317274,139.31256112329416,庄や,千人町2-20-5,Sake Bar,4bf58dd8d48988d11c941735,40,Hachiōji,35.65583,139.32389,JP,2017-10-08 08:38:00
2018_661937,32545,1005,35.67413756334607,139.28830841484836,スーパーオザム 大楽寺店,大楽寺町285,Supermarket,52f2ab2ebcbc57f1066b8b46,309,Hachiōji,35.65583,139.32389,JP,2017-10-09 03:09:00
2018_661937,32545,702,35.665605286970035,139.28906071541823,元八王子食堂,元八王子町1-464,Japanese Restaurant,4bf58dd8d48988d111941735,23,Hachiōji,35.65583,139.32389,JP,2017-10-09 08:54:00
2018_661938,32545,170,35.65675124866591,139.31254565812011,西八王子駅 (Nishi-Hachiōji Sta.) (JC23),千人町2-21-1,Train Station,4bf58dd8d48988d129951735,59,Hachiōji,35.65583,139.32389,JP,2017-10-10 22:59:00
2018_661938,32545,3153,35.67333364819556,139.29449558258057,ローソン 八王子四谷町交差点前店,大楽寺町403-1,Convenience Store,4d954b0ea243a5684a65b473,215,Hachiōji,35.65583,139.32389,JP,2017-10-10 23:35:00
2018_661938,32545,4292,35.671252129990364,139.29807629327493,張順,,Ramen Restaurant,55a59bace4b013909087cb24,335,Hachiōji,35.65583,139.32389,JP,2017-10-11 02:54:00
2018_661940,32545,4292,35.671252129990364,139.29807629327493,張順,,Ramen Restaurant,55a59bace4b013909087cb24,335,Hachiōji,35.65583,139.32389,JP,2017-10-14 08:10:00
2018_661940,32545,1525,35.65823277232666,139.3362826502191,ファミリーマート 八王子ユーロード店,中町5-9,Convenience Store,4d954b0ea243a5684a65b473,215,Hachiōji,35.65583,139.32389,JP,2017-10-14 12:41:00
2018_661942,32545,998,35.67143273059954,139.29310388423758,八王子市役所 元八王子事務所,大楽寺町419-1,City Hall,4bf58dd8d48988d129941735,58,Hachiōji,35.65583,139.32389,JP,2017-10-22 01:19:00
2018_661942,32545,1005,35.67413756334607,139.28830841484836,スーパーオザム 大楽寺店,大楽寺町285,Supermarket,52f2ab2ebcbc57f1066b8b46,309,Hachiōji,35.65583,139.32389,JP,2017-10-22 07:30:00
2018_661942,32545,1546,35.68404570728538,139.3030008797284,和食さと 楢原店,楢原町601-1,Japanese Restaurant,4bf58dd8d48988d111941735,23,Hachiōji,35.65583,139.32389,JP,2017-10-22 11:16:00
2018_661942,32545,2554,35.67858470416546,139.3100039341842,DORAMA 楢原店,,Video Store,4bf58dd8d48988d126951735,54,Hachiōji,35.65583,139.32389,JP,2017-10-22 12:56:00
2018_661943,32545,3706,35.671611,139.293954,元八事務所 のりばA,,Bus Stop,52f2ab2ebcbc57f1066b8b4f,314,Hachiōji,35.65583,139.32389,JP,2017-10-22 21:40:00
2018_661943,32545,35,35.642412535750246,139.28288798022228,高尾駅 (Takao Sta.),高尾町/初沢町,Train Station,4bf58dd8d48988d129951735,59,Hachiōji,35.65583,139.32389,JP,2017-10-22 22:06:00
2018_661944,32545,170,35.65675124866591,139.31254565812011,西八王子駅 (Nishi-Hachiōji Sta.) (JC23),千人町2-21-1,Train Station,4bf58dd8d48988d129951735,59,Hachiōji,35.65583,139.32389,JP,2017-10-27 00:06:00
2018_661944,32545,3007,35.672069186395916,139.29739887571824,サンドラッグ 八王子四谷店,叶谷町871-1,Pharmacy,4bf58dd8d48988d10f951735,20,Hachiōji,35.65583,139.32389,JP,2017-10-27 06:36:00
2018_661944,32545,3153,35.67333364819556,139.29449558258057,ローソン 八王子四谷町交差点前店,大楽寺町403-1,Convenience Store,4d954b0ea243a5684a65b473,215,Hachiōji,35.65583,139.32389,JP,2017-10-27 06:43:00
2018_661945,32545,3499,35.639745086514246,139.29288936957565,エスフォルタアリーナ八王子 (Esforta Arena Hachioji),狭間町1453-1,Athletics & Sports,4f4528bc4b90abdf24c9de85,238,Hachiōji,35.65583,139.32389,JP,2017-10-28 04:06:00
2018_661945,32545,1267,35.67257765141508,139.290883988142,セブンイレブン 八王子弐分方町店,大楽寺町337-4,Convenience Store,4d954b0ea243a5684a65b473,215,Hachiōji,35.65583,139.32389,JP,2017-10-28 08:36:00
2018_661945,32545,4491,35.65820672905328,139.33624148368835,北酒場,中町5-9,Sake Bar,4bf58dd8d48988d11c941735,40,Hachiōji,35.65583,139.32389,JP,2017-10-28 10:50:00
2018_661946,32545,1005,35.67413756334607,139.28830841484836,スーパーオザム 大楽寺店,大楽寺町285,Supermarket,52f2ab2ebcbc57f1066b8b46,309,Hachiōji,35.65583,139.32389,JP,2017-10-29 01:23:00
2018_661946,32545,4292,35.671252129990364,139.29807629327493,張順,,Ramen Restaurant,55a59bace4b013909087cb24,335,Hachiōji,35.65583,139.32389,JP,2017-10-29 04:18:00
2018_661946,32545,3320,35.671010900491076,139.29783225059506,ファミリーマート 八王子大楽寺東店,大楽寺町515,Convenience Store,4d954b0ea243a5684a65b473,215,Hachiōji,35.65583,139.32389,JP,2017-10-29 04:36:00
2018_661946,32545,4285,35.680058,139.280263,ジョイフル,大楽寺町128-1,Restaurant,4bf58dd8d48988d1c4941735,149,Hachiōji,35.65583,139.32389,JP,2017-10-29 10:34:00
2018_661948,32545,1711,35.67509514351244,139.26756888628006,セブンイレブン 八王子西寺方店,西寺方町375-2,Convenience Store,4d954b0ea243a5684a65b473,215,Hachiōji,35.65583,139.32389,JP,2017-11-05 03:15:00
2018_661948,32545,4292,35.671252129990364,139.29807629327493,張順,,Ramen Restaurant,55a59bace4b013909087cb24,335,Hachiōji,35.65583,139.32389,JP,2017-11-05 06:58:00
2018_661949,32545,4521,,,,,BBQ Joint,4bf58dd8d48988d1df931735,164,Hachiōji,35.65583,139.32389,JP,2017-11-11 10:49:00
2018_661949,32545,4505,35.658351563338194,139.33826376347375,餃子製造販売店 八王子いち五郎,東町13-13,Chinese Restaurant,4bf58dd8d48988d145941735,76,Hachiōji,35.65583,139.32389,JP,2017-11-11 11:44:00
2018_661950,32545,4071,35.65758333268897,139.33341503738964,ファミリーマート 八王子寺町店,寺町47,Convenience Store,4d954b0ea243a5684a65b473,215,Hachiōji,35.65583,139.32389,JP,2017-11-12 00:33:00
2018_661950,32545,4292,35.671252129990364,139.29807629327493,張順,,Ramen Restaurant,55a59bace4b013909087cb24,335,Hachiōji,35.65583,139.32389,JP,2017-11-12 04:40:00
2018_661950,32545,3689,35.671778561906876,139.29429315796781,居酒屋 龍べぇ,大楽寺町481-4,Other Nightlife,4bf58dd8d48988d11a941735,37,Hachiōji,35.65583,139.32389,JP,2017-11-12 08:25:00
2018_661950,32545,3730,35.672973,139.295814,中国料理 清龍軒,大楽寺町505-11,Chinese Restaurant,4bf58dd8d48988d145941735,76,Hachiōji,35.65583,139.32389,JP,2017-11-12 08:32:00
2018_661951,32545,2972,35.671987072808,139.2949730157852,ファミリーマート 八王子大楽寺町店,大楽寺町484-1,Convenience Store,4d954b0ea243a5684a65b473,215,Hachiōji,35.65583,139.32389,JP,2017-11-18 06:26:00
2018_661951,32545,3689,35.671778561906876,139.29429315796781,居酒屋 龍べぇ,大楽寺町481-4,Other Nightlife,4bf58dd8d48988d11a941735,37,Hachiōji,35.65583,139.32389,JP,2017-11-18 10:03:00
2018_661952,32545,3738,35.678174,139.315153,7-Eleven,楢原町1247-5,Convenience Store,4d954b0ea243a5684a65b473,215,Hachiōji,35.65583,139.32389,JP,2017-11-19 01:38:00
2018_661952,32545,705,35.68699631440366,139.30702083838702,ケーヨーデイツー 楢原店,楢原町1818-15,Furniture / Home Store,4bf58dd8d48988d1f8941735,191,Hachiōji,35.65583,139.32389,JP,2017-11-19 02:35:00
2018_661952,32545,1005,35.67413756334607,139.28830841484836,スーパーオザム 大楽寺店,大楽寺町285,Supermarket,52f2ab2ebcbc57f1066b8b46,309,Hachiōji,35.65583,139.32389,JP,2017-11-19 06:00:00
2018_661952,32545,4292,35.671252129990364,139.29807629327493,張順,,Ramen Restaurant,55a59bace4b013909087cb24,335,Hachiōji,35.65583,139.32389,JP,2017-11-19 10:34:00
2018_661952,32545,3320,35.671010900491076,139.29783225059506,ファミリーマート 八王子大楽寺東店,大楽寺町515,Convenience Store,4d954b0ea243a5684a65b473,215,Hachiōji,35.65583,139.32389,JP,2017-11-19 11:30:00
2018_661957,32545,4292,35.671252129990364,139.29807629327493,張順,,Ramen Restaurant,55a59bace4b013909087cb24,335,Hachiōji,35.65583,139.32389,JP,2017-12-20 03:54:00
2018_661957,32545,3320,35.671010900491076,139.29783225059506,ファミリーマート 八王子大楽寺東店,大楽寺町515,Convenience Store,4d954b0ea243a5684a65b473,215,Hachiōji,35.65583,139.32389,JP,2017-12-20 04:53:00
2018_661960,32545,3706,35.671611,139.293954,元八事務所 のりばA,,Bus Stop,52f2ab2ebcbc57f1066b8b4f,314,Hachiōji,35.65583,139.32389,JP,2017-12-24 21:38:00
2018_661960,32545,1443,35.65539520752962,139.3042531576238,ヤオコー,並木町35-1,Supermarket,52f2ab2ebcbc57f1066b8b46,309,Hachiōji,35.65583,139.32389,JP,2017-12-25 10:57:00
2018_661962,32545,950,35.65436539604875,139.27697165288583,TAIRAYA 元八王子店,元八王子町3-2211,Supermarket,52f2ab2ebcbc57f1066b8b46,309,Hachiōji,35.65583,139.32389,JP,2018-01-01 01:30:00
2018_661962,32545,932,35.65901687599366,139.31500336365932,ケンタッキーフライドチキン,千人町1-11-17,Fast Food Restaurant,4bf58dd8d48988d16e941735,104,Hachiōji,35.65583,139.32389,JP,2018-01-01 08:54:00
2018_661962,32545,1267,35.67257765141508,139.290883988142,セブンイレブン 八王子弐分方町店,大楽寺町337-4,Convenience Store,4d954b0ea243a5684a65b473,215,Hachiōji,35.65583,139.32389,JP,2018-01-01 13:00:00
2018_661963,32545,1443,35.65539520752962,139.3042531576238,ヤオコー,並木町35-1,Supermarket,52f2ab2ebcbc57f1066b8b46,309,Hachiōji,35.65583,139.32389,JP,2018-01-02 01:23:00
2018_661963,32545,1005,35.67413756334607,139.28830841484836,スーパーオザム 大楽寺店,大楽寺町285,Supermarket,52f2ab2ebcbc57f1066b8b46,309,Hachiōji,35.65583,139.32389,JP,2018-01-02 01:50:00
2018_661965,32545,1979,35.66188119453223,139.3452247392204,八王子健康管理センター,明神町4-30-2,Medical Center,4bf58dd8d48988d104941735,5,Hachiōji,35.65583,139.32389,JP,2018-01-12 23:52:00
2018_661965,32545,2525,35.66152250079081,139.33275787782895,麺処 あずき,本町14-10,Ramen Restaurant,55a59bace4b013909087cb24,335,Hachiōji,35.65583,139.32389,JP,2018-01-13 03:11:00
2018_661966,32545,1267,35.67257765141508,139.290883988142,セブンイレブン 八王子弐分方町店,大楽寺町337-4,Convenience Store,4d954b0ea243a5684a65b473,215,Hachiōji,35.65583,139.32389,JP,2018-01-14 00:22:00
2018_661966,32545,1005,35.67413756334607,139.28830841484836,スーパーオザム 大楽寺店,大楽寺町285,Supermarket,52f2ab2ebcbc57f1066b8b46,309,Hachiōji,35.65583,139.32389,JP,2018-01-14 00:39:00
2018_661967,32545,4292,35.671252129990364,139.29807629327493,張順,,Ramen Restaurant,55a59bace4b013909087cb24,335,Hachiōji,35.65583,139.32389,JP,2018-01-14 10:19:00
2018_661967,32545,3007,35.672069186395916,139.29739887571824,サンドラッグ 八王子四谷店,叶谷町871-1,Pharmacy,4bf58dd8d48988d10f951735,20,Hachiōji,35.65583,139.32389,JP,2018-01-14 11:15:00
2018_661968,32545,170,35.65675124866591,139.31254565812011,西八王子駅 (Nishi-Hachiōji Sta.) (JC23),千人町2-21-1,Train Station,4bf58dd8d48988d129951735,59,Hachiōji,35.65583,139.32389,JP,2018-01-22 09:38:00
2018_661968,32545,2121,35.655112689964426,139.30756428277616,ファミリーマート 八王子千人町店,千人町4-13-18,Convenience Store,4d954b0ea243a5684a65b473,215,Hachiōji,35.65583,139.32389,JP,2018-01-22 09:50:00
2018_661970,32545,4292,35.671252129990364,139.29807629327493,張順,,Ramen Restaurant,55a59bace4b013909087cb24,335,Hachiōji,35.65583,139.32389,JP,2018-01-24 06:02:00
2018_661970,32545,3153,35.67333364819556,139.29449558258057,ローソン 八王子四谷町交差点前店,大楽寺町403-1,Convenience Store,4d954b0ea243a5684a65b473,215,Hachiōji,35.65583,139.32389,JP,2018-01-24 06:40:00
2018_661973,32545,4292,35.671252129990364,139.29807629327493,張順,,Ramen Restaurant,55a59bace4b013909087cb24,335,Hachiōji,35.65583,139.32389,JP,2018-01-27 03:07:00
2018_661973,32545,805,35.680501745149854,139.3070362508297,みんみんラーメン,楢原町437-1,Ramen Restaurant,55a59bace4b013909087cb24,335,Hachiōji,35.65583,139.32389,JP,2018-01-27 03:58:00
2018_661974,32545,2410,35.68057458712414,139.29464721841399,しまむら,諏訪町499,Clothing Store,4bf58dd8d48988d103951735,4,Hachiōji,35.65583,139.32389,JP,2018-01-28 04:05:00
2018_661974,32545,4292,35.671252129990364,139.29807629327493,張順,,Ramen Restaurant,55a59bace4b013909087cb24,335,Hachiōji,35.65583,139.32389,JP,2018-01-28 07:09:00
2018_661977,32545,3437,35.631340682072626,139.33277703283196,みなみ野循環器病院,兵衛1-25-1,Hospital,4bf58dd8d48988d196941735,129,Hachiōji,35.65583,139.32389,JP,2018-02-03 03:02:00
2018_661977,32545,4292,35.671252129990364,139.29807629327493,張順,,Ramen Restaurant,55a59bace4b013909087cb24,335,Hachiōji,35.65583,139.32389,JP,2018-02-03 10:21:00
2018_661980,32545,2991,35.68428297885197,139.30255075034924,丸亀製麺,楢原町623-1,Udon Restaurant,55a59bace4b013909087cb2a,337,Hachiōji,35.65583,139.32389,JP,2018-02-12 04:46:00
2018_661980,32545,3783,35.655146,139.328021,しゃぶ葉,上野町17-10,Buffet,52e81612bcbc57f1066b79f4,272,Hachiōji,35.65583,139.32389,JP,2018-02-12 12:05:00
2018_661981,32545,170,35.65675124866591,139.31254565812011,西八王子駅 (Nishi-Hachiōji Sta.) (JC23),千人町2-21-1,Train Station,4bf58dd8d48988d129951735,59,Hachiōji,35.65583,139.32389,JP,2018-02-16 13:05:00
2018_661981,32545,3153,35.67333364819556,139.29449558258057,ローソン 八王子四谷町交差点前店,大楽寺町403-1,Convenience Store,4d954b0ea243a5684a65b473,215,Hachiōji,35.65583,139.32389,JP,2018-02-16 13:25:00
2018_661985,32545,1267,35.67257765141508,139.290883988142,セブンイレブン 八王子弐分方町店,大楽寺町337-4,Convenience Store,4d954b0ea243a5684a65b473,215,Hachiōji,35.65583,139.32389,JP,2018-03-03 02:00:00
2018_661985,32545,3499,35.639745086514246,139.29288936957565,エスフォルタアリーナ八王子 (Esforta Arena Hachioji),狭間町1453-1,Athletics & Sports,4f4528bc4b90abdf24c9de85,238,Hachiōji,35.65583,139.32389,JP,2018-03-03 03:57:00
2018_661985,32545,4608,,,,,Okonomiyaki Restaurant,55a59bace4b013909087cb18,334,Hachiōji,35.65583,139.32389,JP,2018-03-03 10:03:00
2018_661985,32545,1267,35.67257765141508,139.290883988142,セブンイレブン 八王子弐分方町店,大楽寺町337-4,Convenience Store,4d954b0ea243a5684a65b473,215,Hachiōji,35.65583,139.32389,JP,2018-03-03 15:27:00
2018_661987,32545,2,35.65561,139.3389,八王子駅 (Hachiōji Sta.),旭町1-1,Train Station,4bf58dd8d48988d129951735,59,Hachiōji,35.65583,139.32389,JP,2018-03-09 13:42:00
2018_661987,32545,3716,35.65715610317274,139.31256112329416,庄や,千人町2-20-5,Sake Bar,4bf58dd8d48988d11c941735,40,Hachiōji,35.65583,139.32389,JP,2018-03-09 13:59:00
2018_661988,32545,1618,35.663704484048296,139.32456052015164,すき家,平岡町25-2,Donburi Restaurant,55a59bace4b013909087cb0c,331,Hachiōji,35.65583,139.32389,JP,2018-03-11 00:47:00
2018_661988,32545,3499,35.639745086514246,139.29288936957565,エスフォルタアリーナ八王子 (Esforta Arena Hachioji),狭間町1453-1,Athletics & Sports,4f4528bc4b90abdf24c9de85,238,Hachiōji,35.65583,139.32389,JP,2018-03-11 04:02:00
2018_661988,32545,4282,35.629942430693625,139.31481097498965,ロピア 八王子みなみ野店,大船町1009,Supermarket,52f2ab2ebcbc57f1066b8b46,309,Hachiōji,35.65583,139.32389,JP,2018-03-11 05:17:00
2018_661990,32545,3421,35.672939,139.288037,小料理活魚 すぎぶん,弐分方町514-9,Japanese Restaurant,4bf58dd8d48988d111941735,23,Hachiōji,35.65583,139.32389,JP,2018-03-17 12:52:00
2018_661990,32545,1267,35.67257765141508,139.290883988142,セブンイレブン 八王子弐分方町店,大楽寺町337-4,Convenience Store,4d954b0ea243a5684a65b473,215,Hachiōji,35.65583,139.32389,JP,2018-03-17 15:17:00
2018_661991,32545,4285,35.680058,139.280263,ジョイフル,大楽寺町128-1,Restaurant,4bf58dd8d48988d1c4941735,149,Hachiōji,35.65583,139.32389,JP,2018-03-18 02:55:00
2018_661991,32545,3690,35.67588567924842,139.2683819710076,COO&RIKU 八王子西店,西寺方町514-4,Pet Store,4bf58dd8d48988d100951735,1,Hachiōji,35.65583,139.32389,JP,2018-03-18 04:08:00
2018_661991,32545,4292,35.671252129990364,139.29807629327493,張順,,Ramen Restaurant,55a59bace4b013909087cb24,335,Hachiōji,35.65583,139.32389,JP,2018-03-18 11:18:00
2018_661992,32545,3499,35.639745086514246,139.29288936957565,エスフォルタアリーナ八王子 (Esforta Arena Hachioji),狭間町1453-1,Athletics & Sports,4f4528bc4b90abdf24c9de85,238,Hachiōji,35.65583,139.32389,JP,2018-03-19 01:22:00
2018_661992,32545,1794,35.651848414493536,139.34019072976213,タンタン,子安町1-30-6,Ramen Restaurant,55a59bace4b013909087cb24,335,Hachiōji,35.65583,139.32389,JP,2018-03-19 03:53:00
2018_661992,32545,702,35.665605286970035,139.28906071541823,元八王子食堂,元八王子町1-464,Japanese Restaurant,4bf58dd8d48988d111941735,23,Hachiōji,35.65583,139.32389,JP,2018-03-19 09:53:00
2018_661993,32545,1267,35.67257765141508,139.290883988142,セブンイレブン 八王子弐分方町店,大楽寺町337-4,Convenience Store,4d954b0ea243a5684a65b473,215,Hachiōji,35.65583,139.32389,JP,2018-03-24 01:41:00
2018_661993,32545,3499,35.639745086514246,139.29288936957565,エスフォルタアリーナ八王子 (Esforta Arena Hachioji),狭間町1453-1,Athletics & Sports,4f4528bc4b90abdf24c9de85,238,Hachiōji,35.65583,139.32389,JP,2018-03-24 02:26:00
2018_661994,32545,4292,35.671252129990364,139.29807629327493,張順,,Ramen Restaurant,55a59bace4b013909087cb24,335,Hachiōji,35.65583,139.32389,JP,2018-03-25 07:35:00
2018_661994,32545,3689,35.671778561906876,139.29429315796781,居酒屋 龍べぇ,大楽寺町481-4,Other Nightlife,4bf58dd8d48988d11a941735,37,Hachiōji,35.65583,139.32389,JP,2018-03-25 11:04:00
2018_661996,32545,2,35.65561,139.3389,八王子駅 (Hachiōji Sta.),旭町1-1,Train Station,4bf58dd8d48988d129951735,59,Hachiōji,35.65583,139.32389,JP,2018-03-28 14:37:00
2018_661996,32545,170,35.65675124866591,139.31254565812011,西八王子駅 (Nishi-Hachiōji Sta.) (JC23),千人町2-21-1,Train Station,4bf58dd8d48988d129951735,59,Hachiōji,35.65583,139.32389,JP,2018-03-28 14:50:00
2018_661997,32545,578,35.651524269519456,139.32342907235812,富士森公園,台町2-2-1,Park,4bf58dd8d48988d163941735,95,Hachiōji,35.65583,139.32389,JP,2018-03-30 10:54:00
2018_661997,32545,3421,35.672939,139.288037,小料理活魚 すぎぶん,弐分方町514-9,Japanese Restaurant,4bf58dd8d48988d111941735,23,Hachiōji,35.65583,139.32389,JP,2018-03-30 13:25:00
2018_661998,32545,3499,35.639745086514246,139.29288936957565,エスフォルタアリーナ八王子 (Esforta Arena Hachioji),狭間町1453-1,Athletics & Sports,4f4528bc4b90abdf24c9de85,238,Hachiōji,35.65583,139.32389,JP,2018-04-08 03:22:00
2018_661998,32545,1559,35.657750844280024,139.3405759334564,ステーキガスト,東町1-6,Steakhouse,4bf58dd8d48988d1cc941735,154,Hachiōji,35.65583,139.32389,JP,2018-04-08 06:08:00
2018_661998,32545,1554,35.68732250185147,139.30474765598774,スシロー,楢原町819-1,Sushi Restaurant,4bf58dd8d48988d1d2941735,158,Hachiōji,35.65583,139.32389,JP,2018-04-08 11:17:00
2018_662002,32545,3499,35.639745086514246,139.29288936957565,エスフォルタアリーナ八王子 (Esforta Arena Hachioji),狭間町1453-1,Athletics & Sports,4f4528bc4b90abdf24c9de85,238,Hachiōji,35.65583,139.32389,JP,2018-04-14 01:14:00
2018_662002,32545,3237,35.637568001993365,139.30105845268258,久兵衛屋 八王子めじろ台店,椚田町572-10,Udon Restaurant,55a59bace4b013909087cb2a,337,Hachiōji,35.65583,139.32389,JP,2018-04-14 02:58:00
2018_662005,32545,3499,35.639745086514246,139.29288936957565,エスフォルタアリーナ八王子 (Esforta Arena Hachioji),狭間町1453-1,Athletics & Sports,4f4528bc4b90abdf24c9de85,238,Hachiōji,35.65583,139.32389,JP,2018-04-21 01:01:00
2018_662005,32545,1401,35.630872863578645,139.33755909599108,小川流,片倉町1919−7,Ramen Restaurant,55a59bace4b013909087cb24,335,Hachiōji,35.65583,139.32389,JP,2018-04-21 03:50:00
2018_662006,32545,3716,35.65715610317274,139.31256112329416,庄や,千人町2-20-5,Sake Bar,4bf58dd8d48988d11c941735,40,Hachiōji,35.65583,139.32389,JP,2018-04-21 14:19:00
2018_662006,32545,2011,35.657548,139.312273,はなの舞 西八王子北口店,千人町2-19-15,Sake Bar,4bf58dd8d48988d11c941735,40,Hachiōji,35.65583,139.32389,JP,2018-04-21 16:55:00
2018_662008,32545,2285,35.657431819032155,139.31250798175515,串ぼうず,千人町2-19-4,Sake Bar,4bf58dd8d48988d11c941735,40,Hachiōji,35.65583,139.32389,JP,2018-04-26 12:57:00
2018_662008,32545,428,35.658405475866225,139.3143848676836,海友,千人町1-11-7,Ramen Restaurant,55a59bace4b013909087cb24,335,Hachiōji,35.65583,139.32389,JP,2018-04-26 13:45:00
2018_662009,32545,3499,35.639745086514246,139.29288936957565,エスフォルタアリーナ八王子 (Esforta Arena Hachioji),狭間町1453-1,Athletics & Sports,4f4528bc4b90abdf24c9de85,238,Hachiōji,35.65583,139.32389,JP,2018-04-28 02:17:00
2018_662009,32545,4292,35.671252129990364,139.29807629327493,張順,,Ramen Restaurant,55a59bace4b013909087cb24,335,Hachiōji,35.65583,139.32389,JP,2018-04-28 05:26:00
2018_830966,41088,1203,35.735371076261096,139.38267519175812,ラウンドワン 武蔵村山店,伊奈平3-1-1,Bowling Alley,4bf58dd8d48988d1e4931735,169,Fussa,35.73667,139.32361,JP,2017-10-04 07:10:00
2018_830966,41088,555,35.71390666540177,139.35581965215374,昭島 大和家,松原町1-9-1,Ramen Restaurant,55a59bace4b013909087cb24,335,Fussa,35.73667,139.32361,JP,2017-10-04 14:16:00
2018_830967,41088,32,35.71403054585699,139.36237692832947,モリタウン (mori town),代官山2-3-1,Shopping Mall,4bf58dd8d48988d1fd941735,200,Fussa,35.73667,139.32361,JP,2017-10-05 06:44:00
2018_830967,41088,1203,35.735371076261096,139.38267519175812,ラウンドワン 武蔵村山店,伊奈平3-1-1,Bowling Alley,4bf58dd8d48988d1e4931735,169,Fussa,35.73667,139.32361,JP,2017-10-05 08:08:00
2018_830969,41088,18,35.72118017284569,139.34375983717834,拝島駅 (Haijima Sta.),松原町4-14-4 / 美堀町5-21-2,Train Station,4bf58dd8d48988d129951735,59,Fussa,35.73667,139.32361,JP,2017-10-07 21:55:00
2018_830969,41088,2,35.65561,139.3389,八王子駅 (Hachiōji Sta.),旭町1-1,Train Station,4bf58dd8d48988d129951735,59,Hachiōji,35.65583,139.32389,JP,2017-10-07 22:18:00
2018_830970,41088,18,35.72118017284569,139.34375983717834,拝島駅 (Haijima Sta.),松原町4-14-4 / 美堀町5-21-2,Train Station,4bf58dd8d48988d129951735,59,Fussa,35.73667,139.32361,JP,2017-10-09 15:46:00
2018_830970,41088,13,35.74742451344681,139.34122763388123,Kanto Lodge,Rickenbacker St,Hotel,4bf58dd8d48988d1fa931735,194,Fussa,35.73667,139.32361,JP,2017-10-09 22:41:00
2018_830971,41088,1203,35.735371076261096,139.38267519175812,ラウンドワン 武蔵村山店,伊奈平3-1-1,Bowling Alley,4bf58dd8d48988d1e4931735,169,Fussa,35.73667,139.32361,JP,2017-10-11 06:22:00
2018_830971,41088,555,35.71390666540177,139.35581965215374,昭島 大和家,松原町1-9-1,Ramen Restaurant,55a59bace4b013909087cb24,335,Fussa,35.73667,139.32361,JP,2017-10-11 14:25:00
2018_830972,41088,18,35.72118017284569,139.34375983717834,拝島駅 (Haijima Sta.),松原町4-14-4 / 美堀町5-21-2,Train Station,4bf58dd8d48988d129951735,59,Fussa,35.73667,139.32361,JP,2017-10-12 01:42:00
2018_830972,41088,145,35.73444039849828,139.33373898267746,牛浜駅 (Ushihama Sta.),牛浜126,Train Station,4bf58dd8d48988d129951735,59,Fussa,35.73667,139.32361,JP,2017-10-12 02:07:00
2018_830973,41088,1203,35.735371076261096,139.38267519175812,ラウンドワン 武蔵村山店,伊奈平3-1-1,Bowling Alley,4bf58dd8d48988d1e4931735,169,Fussa,35.73667,139.32361,JP,2017-10-14 08:34:00
2018_830973,41088,2183,35.73545381883801,139.38278200552995,なか卯,伊奈平3-1-1,Japanese Restaurant,4bf58dd8d48988d111941735,23,Fussa,35.73667,139.32361,JP,2017-10-14 12:13:00
2018_830974,41088,13,35.74742451344681,139.34122763388123,Kanto Lodge,Rickenbacker St,Hotel,4bf58dd8d48988d1fa931735,194,Fussa,35.73667,139.32361,JP,2017-10-14 22:33:00
2018_830974,41088,18,35.72118017284569,139.34375983717834,拝島駅 (Haijima Sta.),松原町4-14-4 / 美堀町5-21-2,Train Station,4bf58dd8d48988d129951735,59,Fussa,35.73667,139.32361,JP,2017-10-15 15:32:00
2018_830976,41088,1853,35.71062360566788,139.3417403522771,昭島内科クリニック,緑町5-1-6,Doctor's Office,4bf58dd8d48988d177941735,111,Fussa,35.73667,139.32361,JP,2017-10-19 06:36:00
2018_830976,41088,1203,35.735371076261096,139.38267519175812,ラウンドワン 武蔵村山店,伊奈平3-1-1,Bowling Alley,4bf58dd8d48988d1e4931735,169,Fussa,35.73667,139.32361,JP,2017-10-19 07:27:00
2018_830976,41088,2183,35.73545381883801,139.38278200552995,なか卯,伊奈平3-1-1,Japanese Restaurant,4bf58dd8d48988d111941735,23,Fussa,35.73667,139.32361,JP,2017-10-19 13:10:00
2018_830978,41088,1402,35.721116431517224,139.34407959093394,西武鉄道 拝島駅 (Haijima Sta.),美堀町5-21-2,Train Station,4bf58dd8d48988d129951735,59,Fussa,35.73667,139.32361,JP,2017-10-21 09:03:00
2018_830978,41088,18,35.72118017284569,139.34375983717834,拝島駅 (Haijima Sta.),松原町4-14-4 / 美堀町5-21-2,Train Station,4bf58dd8d48988d129951735,59,Fussa,35.73667,139.32361,JP,2017-10-21 15:56:00
2018_830978,41088,13,35.74742451344681,139.34122763388123,Kanto Lodge,Rickenbacker St,Hotel,4bf58dd8d48988d1fa931735,194,Fussa,35.73667,139.32361,JP,2017-10-21 22:38:00
2018_830979,41088,18,35.72118017284569,139.34375983717834,拝島駅 (Haijima Sta.),松原町4-14-4 / 美堀町5-21-2,Train Station,4bf58dd8d48988d129951735,59,Fussa,35.73667,139.32361,JP,2017-10-22 07:25:00
2018_830979,41088,1402,35.721116431517224,139.34407959093394,西武鉄道 拝島駅 (Haijima Sta.),美堀町5-21-2,Train Station,4bf58dd8d48988d129951735,59,Fussa,35.73667,139.32361,JP,2017-10-22 15:13:00
2018_830979,41088,18,35.72118017284569,139.34375983717834,拝島駅 (Haijima Sta.),松原町4-14-4 / 美堀町5-21-2,Train Station,4bf58dd8d48988d129951735,59,Fussa,35.73667,139.32361,JP,2017-10-24 15:12:00
2018_830980,41088,1203,35.735371076261096,139.38267519175812,ラウンドワン 武蔵村山店,伊奈平3-1-1,Bowling Alley,4bf58dd8d48988d1e4931735,169,Fussa,35.73667,139.32361,JP,2017-10-28 08:14:00
2018_830980,41088,555,35.71390666540177,139.35581965215374,昭島 大和家,松原町1-9-1,Ramen Restaurant,55a59bace4b013909087cb24,335,Fussa,35.73667,139.32361,JP,2017-10-28 12:22:00
2018_830981,41088,1402,35.721116431517224,139.34407959093394,西武鉄道 拝島駅 (Haijima Sta.),美堀町5-21-2,Train Station,4bf58dd8d48988d129951735,59,Fussa,35.73667,139.32361,JP,2017-10-29 08:47:00
2018_830981,41088,1402,35.721116431517224,139.34407959093394,西武鉄道 拝島駅 (Haijima Sta.),美堀町5-21-2,Train Station,4bf58dd8d48988d129951735,59,Fussa,35.73667,139.32361,JP,2017-10-29 14:52:00
2018_830981,41088,13,35.74742451344681,139.34122763388123,Kanto Lodge,Rickenbacker St,Hotel,4bf58dd8d48988d1fa931735,194,Fussa,35.73667,139.32361,JP,2017-10-29 22:36:00
2018_830982,41088,1203,35.735371076261096,139.38267519175812,ラウンドワン 武蔵村山店,伊奈平3-1-1,Bowling Alley,4bf58dd8d48988d1e4931735,169,Fussa,35.73667,139.32361,JP,2017-11-01 06:49:00
2018_830982,41088,555,35.71390666540177,139.35581965215374,昭島 大和家,松原町1-9-1,Ramen Restaurant,55a59bace4b013909087cb24,335,Fussa,35.73667,139.32361,JP,2017-11-01 14:40:00
2018_830983,41088,1677,35.718024231308455,139.35396154381627,ファミリーマート 昭島美堀町店,美堀町4-13-41,Convenience Store,4d954b0ea243a5684a65b473,215,Fussa,35.73667,139.32361,JP,2017-11-02 07:04:00
2018_830983,41088,1203,35.735371076261096,139.38267519175812,ラウンドワン 武蔵村山店,伊奈平3-1-1,Bowling Alley,4bf58dd8d48988d1e4931735,169,Fussa,35.73667,139.32361,JP,2017-11-02 07:30:00
2018_830984,41088,1402,35.721116431517224,139.34407959093394,西武鉄道 拝島駅 (Haijima Sta.),美堀町5-21-2,Train Station,4bf58dd8d48988d129951735,59,Fussa,35.73667,139.32361,JP,2017-11-03 08:50:00
2018_830984,41088,18,35.72118017284569,139.34375983717834,拝島駅 (Haijima Sta.),松原町4-14-4 / 美堀町5-21-2,Train Station,4bf58dd8d48988d129951735,59,Fussa,35.73667,139.32361,JP,2017-11-03 14:37:00
2018_830984,41088,18,35.72118017284569,139.34375983717834,拝島駅 (Haijima Sta.),松原町4-14-4 / 美堀町5-21-2,Train Station,4bf58dd8d48988d129951735,59,Fussa,35.73667,139.32361,JP,2017-11-04 16:02:00
2018_830984,41088,13,35.74742451344681,139.34122763388123,Kanto Lodge,Rickenbacker St,Hotel,4bf58dd8d48988d1fa931735,194,Fussa,35.73667,139.32361,JP,2017-11-04 22:33:00
2018_830985,41088,1402,35.721116431517224,139.34407959093394,西武鉄道 拝島駅 (Haijima Sta.),美堀町5-21-2,Train Station,4bf58dd8d48988d129951735,59,Fussa,35.73667,139.32361,JP,2017-11-05 08:31:00
2018_830985,41088,1402,35.721116431517224,139.34407959093394,西武鉄道 拝島駅 (Haijima Sta.),美堀町5-21-2,Train Station,4bf58dd8d48988d129951735,59,Fussa,35.73667,139.32361,JP,2017-11-05 14:31:00
2018_830987,41088,1402,35.721116431517224,139.34407959093394,西武鉄道 拝島駅 (Haijima Sta.),美堀町5-21-2,Train Station,4bf58dd8d48988d129951735,59,Fussa,35.73667,139.32361,JP,2017-11-09 08:17:00
2018_830987,41088,1402,35.721116431517224,139.34407959093394,西武鉄道 拝島駅 (Haijima Sta.),美堀町5-21-2,Train Station,4bf58dd8d48988d129951735,59,Fussa,35.73667,139.32361,JP,2017-11-09 15:51:00
2018_830987,41088,13,35.74742451344681,139.34122763388123,Kanto Lodge,Rickenbacker St,Hotel,4bf58dd8d48988d1fa931735,194,Fussa,35.73667,139.32361,JP,2017-11-09 22:18:00
2018_830988,41088,1402,35.721116431517224,139.34407959093394,西武鉄道 拝島駅 (Haijima Sta.),美堀町5-21-2,Train Station,4bf58dd8d48988d129951735,59,Fussa,35.73667,139.32361,JP,2017-11-10 09:19:00
2018_830988,41088,1402,35.721116431517224,139.34407959093394,西武鉄道 拝島駅 (Haijima Sta.),美堀町5-21-2,Train Station,4bf58dd8d48988d129951735,59,Fussa,35.73667,139.32361,JP,2017-11-10 16:04:00
2018_830989,41088,18,35.72118017284569,139.34375983717834,拝島駅 (Haijima Sta.),松原町4-14-4 / 美堀町5-21-2,Train Station,4bf58dd8d48988d129951735,59,Fussa,35.73667,139.32361,JP,2017-11-11 00:07:00
2018_830989,41088,1402,35.721116431517224,139.34407959093394,西武鉄道 拝島駅 (Haijima Sta.),美堀町5-21-2,Train Station,4bf58dd8d48988d129951735,59,Fussa,35.73667,139.32361,JP,2017-11-11 14:15:00
2018_830990,41088,18,35.72118017284569,139.34375983717834,拝島駅 (Haijima Sta.),松原町4-14-4 / 美堀町5-21-2,Train Station,4bf58dd8d48988d129951735,59,Fussa,35.73667,139.32361,JP,2017-11-12 08:03:00
2018_830990,41088,2,35.65561,139.3389,八王子駅 (Hachiōji Sta.),旭町1-1,Train Station,4bf58dd8d48988d129951735,59,Hachiōji,35.65583,139.32389,JP,2017-11-12 08:28:00
2018_830990,41088,18,35.72118017284569,139.34375983717834,拝島駅 (Haijima Sta.),松原町4-14-4 / 美堀町5-21-2,Train Station,4bf58dd8d48988d129951735,59,Fussa,35.73667,139.32361,JP,2017-11-12 14:19:00
2018_830991,41088,1677,35.718024231308455,139.35396154381627,ファミリーマート 昭島美堀町店,美堀町4-13-41,Convenience Store,4d954b0ea243a5684a65b473,215,Fussa,35.73667,139.32361,JP,2017-11-16 06:48:00
2018_830991,41088,1203,35.735371076261096,139.38267519175812,ラウンドワン 武蔵村山店,伊奈平3-1-1,Bowling Alley,4bf58dd8d48988d1e4931735,169,Fussa,35.73667,139.32361,JP,2017-11-16 07:16:00
2018_830992,41088,13,35.74742451344681,139.34122763388123,Kanto Lodge,Rickenbacker St,Hotel,4bf58dd8d48988d1fa931735,194,Fussa,35.73667,139.32361,JP,2017-11-18 22:30:00
2018_830992,41088,3880,35.77372638101086,139.33676605303287,サンフラワー 瑞穂店,箱根ケ崎東松原26-17,Casino,4bf58dd8d48988d17c941735,115,Fussa,35.73667,139.32361,JP,2017-11-19 02:37:00
2018_830993,41088,13,35.74742451344681,139.34122763388123,Kanto Lodge,Rickenbacker St,Hotel,4bf58dd8d48988d1fa931735,194,Fussa,35.73667,139.32361,JP,2017-11-20 22:30:00
2018_830993,41088,2823,35.7334845859228,139.34232473373413,Yokota Pass & ID,,Military Base,4e52adeebd41615f56317744,219,Fussa,35.73667,139.32361,JP,2017-11-20 23:17:00
2018_830995,41088,18,35.72118017284569,139.34375983717834,拝島駅 (Haijima Sta.),松原町4-14-4 / 美堀町5-21-2,Train Station,4bf58dd8d48988d129951735,59,Fussa,35.73667,139.32361,JP,2017-11-23 01:49:00
2018_830995,41088,18,35.72118017284569,139.34375983717834,拝島駅 (Haijima Sta.),松原町4-14-4 / 美堀町5-21-2,Train Station,4bf58dd8d48988d129951735,59,Fussa,35.73667,139.32361,JP,2017-11-23 14:13:00
2018_830996,41088,1402,35.721116431517224,139.34407959093394,西武鉄道 拝島駅 (Haijima Sta.),美堀町5-21-2,Train Station,4bf58dd8d48988d129951735,59,Fussa,35.73667,139.32361,JP,2017-11-24 07:21:00
2018_830996,41088,1402,35.721116431517224,139.34407959093394,西武鉄道 拝島駅 (Haijima Sta.),美堀町5-21-2,Train Station,4bf58dd8d48988d129951735,59,Fussa,35.73667,139.32361,JP,2017-11-24 15:58:00
2018_830996,41088,13,35.74742451344681,139.34122763388123,Kanto Lodge,Rickenbacker St,Hotel,4bf58dd8d48988d1fa931735,194,Fussa,35.73667,139.32361,JP,2017-11-24 22:33:00
2018_830997,41088,1402,35.721116431517224,139.34407959093394,西武鉄道 拝島駅 (Haijima Sta.),美堀町5-21-2,Train Station,4bf58dd8d48988d129951735,59,Fussa,35.73667,139.32361,JP,2017-11-25 07:45:00
2018_830997,41088,1402,35.721116431517224,139.34407959093394,西武鉄道 拝島駅 (Haijima Sta.),美堀町5-21-2,Train Station,4bf58dd8d48988d129951735,59,Fussa,35.73667,139.32361,JP,2017-11-25 14:54:00
2018_830997,41088,13,35.74742451344681,139.34122763388123,Kanto Lodge,Rickenbacker St,Hotel,4bf58dd8d48988d1fa931735,194,Fussa,35.73667,139.32361,JP,2017-11-25 22:49:00
2018_830998,41088,18,35.72118017284569,139.34375983717834,拝島駅 (Haijima Sta.),松原町4-14-4 / 美堀町5-21-2,Train Station,4bf58dd8d48988d129951735,59,Fussa,35.73667,139.32361,JP,2017-11-26 08:24:00
2018_830998,41088,18,35.72118017284569,139.34375983717834,拝島駅 (Haijima Sta.),松原町4-14-4 / 美堀町5-21-2,Train Station,4bf58dd8d48988d129951735,59,Fussa,35.73667,139.32361,JP,2017-11-26 13:35:00
2018_830998,41088,18,35.72118017284569,139.34375983717834,拝島駅 (Haijima Sta.),松原町4-14-4 / 美堀町5-21-2,Train Station,4bf58dd8d48988d129951735,59,Fussa,35.73667,139.32361,JP,2017-11-29 22:29:00
2018_830998,41088,18,35.72118017284569,139.34375983717834,拝島駅 (Haijima Sta.),松原町4-14-4 / 美堀町5-21-2,Train Station,4bf58dd8d48988d129951735,59,Fussa,35.73667,139.32361,JP,2017-12-02 15:43:00
2018_830998,41088,13,35.74742451344681,139.34122763388123,Kanto Lodge,Rickenbacker St,Hotel,4bf58dd8d48988d1fa931735,194,Fussa,35.73667,139.32361,JP,2017-12-02 22:53:00
2018_830999,41088,18,35.72118017284569,139.34375983717834,拝島駅 (Haijima Sta.),松原町4-14-4 / 美堀町5-21-2,Train Station,4bf58dd8d48988d129951735,59,Fussa,35.73667,139.32361,JP,2017-12-06 08:19:00
2018_830999,41088,18,35.72118017284569,139.34375983717834,拝島駅 (Haijima Sta.),松原町4-14-4 / 美堀町5-21-2,Train Station,4bf58dd8d48988d129951735,59,Fussa,35.73667,139.32361,JP,2017-12-06 15:11:00
2018_831000,41088,18,35.72118017284569,139.34375983717834,拝島駅 (Haijima Sta.),松原町4-14-4 / 美堀町5-21-2,Train Station,4bf58dd8d48988d129951735,59,Fussa,35.73667,139.32361,JP,2017-12-09 08:52:00
2018_831000,41088,18,35.72118017284569,139.34375983717834,拝島駅 (Haijima Sta.),松原町4-14-4 / 美堀町5-21-2,Train Station,4bf58dd8d48988d129951735,59,Fussa,35.73667,139.32361,JP,2017-12-09 16:02:00
2018_831000,41088,13,35.74742451344681,139.34122763388123,Kanto Lodge,Rickenbacker St,Hotel,4bf58dd8d48988d1fa931735,194,Fussa,35.73667,139.32361,JP,2017-12-09 22:48:00
2018_831005,41088,18,35.72118017284569,139.34375983717834,拝島駅 (Haijima Sta.),松原町4-14-4 / 美堀町5-21-2,Train Station,4bf58dd8d48988d129951735,59,Fussa,35.73667,139.32361,JP,2017-12-17 01:28:00
2018_831005,41088,18,35.72118017284569,139.34375983717834,拝島駅 (Haijima Sta.),松原町4-14-4 / 美堀町5-21-2,Train Station,4bf58dd8d48988d129951735,59,Fussa,35.73667,139.32361,JP,2017-12-17 13:11:00
2018_831006,41088,13,35.74742451344681,139.34122763388123,Kanto Lodge,Rickenbacker St,Hotel,4bf58dd8d48988d1fa931735,194,Fussa,35.73667,139.32361,JP,2017-12-17 23:08:00
2018_831006,41088,3916,35.743594090071205,139.34311353085775,yokota education office,,Military Base,4e52adeebd41615f56317744,219,Fussa,35.73667,139.32361,JP,2017-12-17 23:46:00
2018_831008,41088,13,35.74742451344681,139.34122763388123,Kanto Lodge,Rickenbacker St,Hotel,4bf58dd8d48988d1fa931735,194,Fussa,35.73667,139.32361,JP,2017-12-21 22:41:00
2018_831008,41088,1853,35.71062360566788,139.3417403522771,昭島内科クリニック,緑町5-1-6,Doctor's Office,4bf58dd8d48988d177941735,111,Fussa,35.73667,139.32361,JP,2017-12-22 01:53:00
2018_831010,41088,1402,35.721116431517224,139.34407959093394,西武鉄道 拝島駅 (Haijima Sta.),美堀町5-21-2,Train Station,4bf58dd8d48988d129951735,59,Fussa,35.73667,139.32361,JP,2017-12-28 08:41:00
2018_831010,41088,1402,35.721116431517224,139.34407959093394,西武鉄道 拝島駅 (Haijima Sta.),美堀町5-21-2,Train Station,4bf58dd8d48988d129951735,59,Fussa,35.73667,139.32361,JP,2017-12-28 15:12:00
2018_831010,41088,13,35.74742451344681,139.34122763388123,Kanto Lodge,Rickenbacker St,Hotel,4bf58dd8d48988d1fa931735,194,Fussa,35.73667,139.32361,JP,2017-12-28 22:32:00
2018_831017,41088,2,35.65561,139.3389,八王子駅 (Hachiōji Sta.),旭町1-1,Train Station,4bf58dd8d48988d129951735,59,Hachiōji,35.65583,139.32389,JP,2018-01-07 14:36:00
2018_831017,41088,18,35.72118017284569,139.34375983717834,拝島駅 (Haijima Sta.),松原町4-14-4 / 美堀町5-21-2,Train Station,4bf58dd8d48988d129951735,59,Fussa,35.73667,139.32361,JP,2018-01-07 15:16:00
2018_831017,41088,13,35.74742451344681,139.34122763388123,Kanto Lodge,Rickenbacker St,Hotel,4bf58dd8d48988d1fa931735,194,Fussa,35.73667,139.32361,JP,2018-01-07 22:31:00
2018_831020,41088,18,35.72118017284569,139.34375983717834,拝島駅 (Haijima Sta.),松原町4-14-4 / 美堀町5-21-2,Train Station,4bf58dd8d48988d129951735,59,Fussa,35.73667,139.32361,JP,2018-01-13 08:41:00
2018_831020,41088,1402,35.721116431517224,139.34407959093394,西武鉄道 拝島駅 (Haijima Sta.),美堀町5-21-2,Train Station,4bf58dd8d48988d129951735,59,Fussa,35.73667,139.32361,JP,2018-01-13 15:39:00
2018_831020,41088,13,35.74742451344681,139.34122763388123,Kanto Lodge,Rickenbacker St,Hotel,4bf58dd8d48988d1fa931735,194,Fussa,35.73667,139.32361,JP,2018-01-13 22:30:00
2018_831021,41088,2183,35.73545381883801,139.38278200552995,なか卯,伊奈平3-1-1,Japanese Restaurant,4bf58dd8d48988d111941735,23,Fussa,35.73667,139.32361,JP,2018-01-16 13:28:00
2018_831021,41088,1203,35.735371076261096,139.38267519175812,ラウンドワン 武蔵村山店,伊奈平3-1-1,Bowling Alley,4bf58dd8d48988d1e4931735,169,Fussa,35.73667,139.32361,JP,2018-01-16 13:51:00
2018_831023,41088,18,35.72118017284569,139.34375983717834,拝島駅 (Haijima Sta.),松原町4-14-4 / 美堀町5-21-2,Train Station,4bf58dd8d48988d129951735,59,Fussa,35.73667,139.32361,JP,2018-01-20 07:47:00
2018_831023,41088,13,35.74742451344681,139.34122763388123,Kanto Lodge,Rickenbacker St,Hotel,4bf58dd8d48988d1fa931735,194,Fussa,35.73667,139.32361,JP,2018-01-20 22:23:00
2018_831023,41088,18,35.72118017284569,139.34375983717834,拝島駅 (Haijima Sta.),松原町4-14-4 / 美堀町5-21-2,Train Station,4bf58dd8d48988d129951735,59,Fussa,35.73667,139.32361,JP,2018-01-21 05:57:00
2018_831024,41088,18,35.72118017284569,139.34375983717834,拝島駅 (Haijima Sta.),松原町4-14-4 / 美堀町5-21-2,Train Station,4bf58dd8d48988d129951735,59,Fussa,35.73667,139.32361,JP,2018-01-24 06:30:00
2018_831024,41088,130,35.72128227127503,139.34368193149567,ミスタードーナツ,松原町4-14-4,Donut Shop,4bf58dd8d48988d148941735,79,Fussa,35.73667,139.32361,JP,2018-01-24 06:33:00
2018_831024,41088,4002,35.72987108388483,139.36146357494354,らあめん花月嵐,西砂町2-56-5,Ramen Restaurant,55a59bace4b013909087cb24,335,Fussa,35.73667,139.32361,JP,2018-01-24 14:04:00
2018_831026,41088,18,35.72118017284569,139.34375983717834,拝島駅 (Haijima Sta.),松原町4-14-4 / 美堀町5-21-2,Train Station,4bf58dd8d48988d129951735,59,Fussa,35.73667,139.32361,JP,2018-01-28 07:55:00
2018_831026,41088,18,35.72118017284569,139.34375983717834,拝島駅 (Haijima Sta.),松原町4-14-4 / 美堀町5-21-2,Train Station,4bf58dd8d48988d129951735,59,Fussa,35.73667,139.32361,JP,2018-01-28 13:10:00
2018_831029,41088,1402,35.721116431517224,139.34407959093394,西武鉄道 拝島駅 (Haijima Sta.),美堀町5-21-2,Train Station,4bf58dd8d48988d129951735,59,Fussa,35.73667,139.32361,JP,2018-02-02 15:32:00
2018_831029,41088,13,35.74742451344681,139.34122763388123,Kanto Lodge,Rickenbacker St,Hotel,4bf58dd8d48988d1fa931735,194,Fussa,35.73667,139.32361,JP,2018-02-02 22:54:00
2018_831029,41088,18,35.72118017284569,139.34375983717834,拝島駅 (Haijima Sta.),松原町4-14-4 / 美堀町5-21-2,Train Station,4bf58dd8d48988d129951735,59,Fussa,35.73667,139.32361,JP,2018-02-04 05:55:00
2018_831029,41088,2,35.65561,139.3389,八王子駅 (Hachiōji Sta.),旭町1-1,Train Station,4bf58dd8d48988d129951735,59,Hachiōji,35.65583,139.32389,JP,2018-02-04 06:13:00
2018_831029,41088,1738,35.65446305101585,139.33759331703186,J:COMホール八王子 (J:COM Hall Hachioji),子安町4-7-1,Concert Hall,5032792091d4c4b30a586d5c,247,Hachiōji,35.65583,139.32389,JP,2018-02-04 06:29:00
2018_831029,41088,4112,35.6575164637897,139.3371969519056,Sports Bar Shamrock,三崎町4-11,Sports Bar,4bf58dd8d48988d11d941735,41,Hachiōji,35.65583,139.32389,JP,2018-02-04 11:30:00
2018_831029,41088,2,35.65561,139.3389,八王子駅 (Hachiōji Sta.),旭町1-1,Train Station,4bf58dd8d48988d129951735,59,Hachiōji,35.65583,139.32389,JP,2018-02-04 13:04:00
2018_831031,41088,1203,35.735371076261096,139.38267519175812,ラウンドワン 武蔵村山店,伊奈平3-1-1,Bowling Alley,4bf58dd8d48988d1e4931735,169,Fussa,35.73667,139.32361,JP,2018-02-09 08:35:00
2018_831031,41088,2183,35.73545381883801,139.38278200552995,なか卯,伊奈平3-1-1,Japanese Restaurant,4bf58dd8d48988d111941735,23,Fussa,35.73667,139.32361,JP,2018-02-09 14:06:00
2018_831032,41088,18,35.72118017284569,139.34375983717834,拝島駅 (Haijima Sta.),松原町4-14-4 / 美堀町5-21-2,Train Station,4bf58dd8d48988d129951735,59,Fussa,35.73667,139.32361,JP,2018-02-10 08:20:00
2018_831032,41088,1402,35.721116431517224,139.34407959093394,西武鉄道 拝島駅 (Haijima Sta.),美堀町5-21-2,Train Station,4bf58dd8d48988d129951735,59,Fussa,35.73667,139.32361,JP,2018-02-10 13:59:00
2018_831033,41088,18,35.72118017284569,139.34375983717834,拝島駅 (Haijima Sta.),松原町4-14-4 / 美堀町5-21-2,Train Station,4bf58dd8d48988d129951735,59,Fussa,35.73667,139.32361,JP,2018-02-11 07:05:00
2018_831033,41088,13,35.74742451344681,139.34122763388123,Kanto Lodge,Rickenbacker St,Hotel,4bf58dd8d48988d1fa931735,194,Fussa,35.73667,139.32361,JP,2018-02-11 22:27:00
2018_831034,41088,1402,35.721116431517224,139.34407959093394,西武鉄道 拝島駅 (Haijima Sta.),美堀町5-21-2,Train Station,4bf58dd8d48988d129951735,59,Fussa,35.73667,139.32361,JP,2018-02-13 10:10:00
2018_831034,41088,18,35.72118017284569,139.34375983717834,拝島駅 (Haijima Sta.),松原町4-14-4 / 美堀町5-21-2,Train Station,4bf58dd8d48988d129951735,59,Fussa,35.73667,139.32361,JP,2018-02-13 15:15:00
2018_831036,41088,1203,35.735371076261096,139.38267519175812,ラウンドワン 武蔵村山店,伊奈平3-1-1,Bowling Alley,4bf58dd8d48988d1e4931735,169,Fussa,35.73667,139.32361,JP,2018-02-15 12:45:00
2018_831036,41088,13,35.74742451344681,139.34122763388123,Kanto Lodge,Rickenbacker St,Hotel,4bf58dd8d48988d1fa931735,194,Fussa,35.73667,139.32361,JP,2018-02-15 22:30:00
2018_907468,45205,2176,35.63963491807627,139.31527678506444,タイヤ館 めじろ台,椚田町500-1,Auto Garage,52f2ab2ebcbc57f1066b8b44,308,Hachiōji,35.65583,139.32389,JP,2017-10-15 07:14:00
2018_907468,45205,125,35.638242079798744,139.3062875798874,ドン・キホーテ,椚田町586-22,Discount Store,52dea92d3cf9994f4e043dbb,265,Hachiōji,35.65583,139.32389,JP,2017-10-15 14:40:00
2018_907469,45205,153,35.71647714285483,139.3663041290369,カインズ 昭島店,つつじが丘2-8-55,Furniture / Home Store,4bf58dd8d48988d1f8941735,191,Fussa,35.73667,139.32361,JP,2017-10-16 09:06:00
2018_907469,45205,3712,35.635779959185044,139.2701344192028,ファミリーマート 八王子高尾町店,高尾町1819-1,Convenience Store,4d954b0ea243a5684a65b473,215,Hachiōji,35.65583,139.32389,JP,2017-10-16 11:29:00
2018_907469,45205,3876,35.61879500897339,139.25997097805998,株式会社エコリターン,南浅川町3131-1,Recycling Facility,4f4531084b9074f6e4fb0101,240,Hachiōji,35.65583,139.32389,JP,2017-10-16 11:34:00
2018_907470,45205,125,35.638242079798744,139.3062875798874,ドン・キホーテ,椚田町586-22,Discount Store,52dea92d3cf9994f4e043dbb,265,Hachiōji,35.65583,139.32389,JP,2017-10-22 07:51:00
2018_907470,45205,2619,35.64103201507534,139.3167652379512,オートバックス 八王子めじろ台店,山田町1685-1,Miscellaneous Shop,4bf58dd8d48988d1ff941735,204,Hachiōji,35.65583,139.32389,JP,2017-10-22 08:54:00
2018_907470,45205,67,35.654430683201724,139.33373831212518,壱発ラーメン,万町19-1,Ramen Restaurant,55a59bace4b013909087cb24,335,Hachiōji,35.65583,139.32389,JP,2017-10-22 10:38:00
2018_907472,45205,216,35.65698730962263,139.33872520896546,八王子オクトーレ (Hachioji Octore),旭町9-1,Shopping Plaza,5744ccdfe4b0c0459246b4dc,356,Hachiōji,35.65583,139.32389,JP,2017-11-06 03:38:00
2018_907472,45205,1378,35.57685614946063,139.3659773886508,ガレージオフ 相模原店,中央区相模原8-4-15,Hobby Shop,4bf58dd8d48988d1fb941735,197,Hachiōji,35.65583,139.32389,JP,2017-11-06 04:31:00
2018_907472,45205,3876,35.61879500897339,139.25997097805998,株式会社エコリターン,南浅川町3131-1,Recycling Facility,4f4531084b9074f6e4fb0101,240,Hachiōji,35.65583,139.32389,JP,2017-11-06 14:28:00
2018_907475,45205,4272,35.58922972582629,139.33446197804747,セブンイレブン 相模原西橋本店,緑区西橋本3-12-6,Convenience Store,4d954b0ea243a5684a65b473,215,Hachiōji,35.65583,139.32389,JP,2017-11-26 15:45:00
2018_907475,45205,3876,35.61879500897339,139.25997097805998,株式会社エコリターン,南浅川町3131-1,Recycling Facility,4f4531084b9074f6e4fb0101,240,Hachiōji,35.65583,139.32389,JP,2017-11-26 16:06:00
2018_907476,45205,86,35.7465645056559,139.3847680091858,イオンモールむさし村山,榎1-1-3,Shopping Mall,4bf58dd8d48988d1fd941735,200,Fussa,35.73667,139.32361,JP,2017-11-27 03:14:00
2018_907476,45205,3876,35.61879500897339,139.25997097805998,株式会社エコリターン,南浅川町3131-1,Recycling Facility,4f4531084b9074f6e4fb0101,240,Hachiōji,35.65583,139.32389,JP,2017-11-27 14:26:00
2018_907476,45205,1234,35.65877935727556,139.33559205053172,油そば 味の天徳,中町7-7,Ramen Restaurant,55a59bace4b013909087cb24,335,Hachiōji,35.65583,139.32389,JP,2017-11-30 17:50:00
2018_907477,45205,3876,35.61879500897339,139.25997097805998,株式会社エコリターン,南浅川町3131-1,Recycling Facility,4f4531084b9074f6e4fb0101,240,Hachiōji,35.65583,139.32389,JP,2017-12-01 17:43:00
2018_907477,45205,1737,35.524515,139.233815,宮ヶ瀬湖,緑区青山/緑区鳥屋/宮ヶ瀬/半原ほか,Lake,4bf58dd8d48988d161941735,93,Hachiōji,35.65583,139.32389,JP,2017-12-01 18:12:00
2018_907478,45205,86,35.7465645056559,139.3847680091858,イオンモールむさし村山,榎1-1-3,Shopping Mall,4bf58dd8d48988d1fd941735,200,Fussa,35.73667,139.32361,JP,2017-12-02 09:38:00
2018_907478,45205,3876,35.61879500897339,139.25997097805998,株式会社エコリターン,南浅川町3131-1,Recycling Facility,4f4531084b9074f6e4fb0101,240,Hachiōji,35.65583,139.32389,JP,2017-12-02 13:41:00
2018_907479,45205,1746,35.757851125036275,139.3686765668976,パーツオフ 武蔵村山店,三ツ藤3-11-8,Thrift / Vintage Store,4bf58dd8d48988d101951735,2,Fussa,35.73667,139.32361,JP,2017-12-03 09:43:00
2018_907479,45205,125,35.638242079798744,139.3062875798874,ドン・キホーテ,椚田町586-22,Discount Store,52dea92d3cf9994f4e043dbb,265,Hachiōji,35.65583,139.32389,JP,2017-12-03 14:50:00
2018_907479,45205,3876,35.61879500897339,139.25997097805998,株式会社エコリターン,南浅川町3131-1,Recycling Facility,4f4531084b9074f6e4fb0101,240,Hachiōji,35.65583,139.32389,JP,2017-12-03 15:22:00
2018_907480,45205,3876,35.61879500897339,139.25997097805998,株式会社エコリターン,南浅川町3131-1,Recycling Facility,4f4531084b9074f6e4fb0101,240,Hachiōji,35.65583,139.32389,JP,2017-12-05 15:29:00
2018_907480,45205,260,35.7140835143954,139.35055639020908,哲麺 初代 昭島店,松原町2-6-5,Ramen Restaurant,55a59bace4b013909087cb24,335,Fussa,35.73667,139.32361,JP,2017-12-08 02:38:00
2018_907481,45205,3876,35.61879500897339,139.25997097805998,株式会社エコリターン,南浅川町3131-1,Recycling Facility,4f4531084b9074f6e4fb0101,240,Hachiōji,35.65583,139.32389,JP,2017-12-10 13:33:00
2018_907481,45205,125,35.638242079798744,139.3062875798874,ドン・キホーテ,椚田町586-22,Discount Store,52dea92d3cf9994f4e043dbb,265,Hachiōji,35.65583,139.32389,JP,2017-12-10 15:23:00
2018_907483,45205,3307,35.65569223501572,139.3053424358368,ファミリーマート 八王子並木町店,並木町39-34,Convenience Store,4d954b0ea243a5684a65b473,215,Hachiōji,35.65583,139.32389,JP,2017-12-16 20:12:00
2018_907483,45205,4256,35.659145,139.299341,つつじヶ丘トンネル南,長房町,Intersection,52f2ab2ebcbc57f1066b8b4c,311,Hachiōji,35.65583,139.32389,JP,2017-12-16 20:19:00
2018_907488,45205,3876,35.61879500897339,139.25997097805998,株式会社エコリターン,南浅川町3131-1,Recycling Facility,4f4531084b9074f6e4fb0101,240,Hachiōji,35.65583,139.32389,JP,2018-01-04 13:04:00
2018_907488,45205,1868,35.53293343609763,139.21809554100037,虹の大橋,宮ヶ瀬,Bridge,4bf58dd8d48988d1df941735,165,Hachiōji,35.65583,139.32389,JP,2018-01-04 13:40:00
2018_907488,45205,4483,35.5430495475839,139.2178296525124,ファミリーマート 津久井宮が瀬店,緑区鳥屋1402-1,Convenience Store,4d954b0ea243a5684a65b473,215,Hachiōji,35.65583,139.32389,JP,2018-01-04 14:52:00
2018_907489,45205,125,35.638242079798744,139.3062875798874,ドン・キホーテ,椚田町586-22,Discount Store,52dea92d3cf9994f4e043dbb,265,Hachiōji,35.65583,139.32389,JP,2018-01-07 14:56:00
2018_907489,45205,3876,35.61879500897339,139.25997097805998,株式会社エコリターン,南浅川町3131-1,Recycling Facility,4f4531084b9074f6e4fb0101,240,Hachiōji,35.65583,139.32389,JP,2018-01-07 15:32:00
2018_907490,45205,473,35.68620177689125,139.34029950168588,南京亭,梅坪町134-1,Chinese Restaurant,4bf58dd8d48988d145941735,76,Hachiōji,35.65583,139.32389,JP,2018-01-14 02:53:00
2018_907490,45205,1092,35.68553462842373,139.34710577130318,左入町交差点,宇津木町,Intersection,52f2ab2ebcbc57f1066b8b4c,311,Hachiōji,35.65583,139.32389,JP,2018-01-14 03:21:00
2018_907490,45205,86,35.7465645056559,139.3847680091858,イオンモールむさし村山,榎1-1-3,Shopping Mall,4bf58dd8d48988d1fd941735,200,Fussa,35.73667,139.32361,JP,2018-01-14 03:55:00
2018_907490,45205,125,35.638242079798744,139.3062875798874,ドン・キホーテ,椚田町586-22,Discount Store,52dea92d3cf9994f4e043dbb,265,Hachiōji,35.65583,139.32389,JP,2018-01-14 15:38:00
2018_907490,45205,3876,35.61879500897339,139.25997097805998,株式会社エコリターン,南浅川町3131-1,Recycling Facility,4f4531084b9074f6e4fb0101,240,Hachiōji,35.65583,139.32389,JP,2018-01-14 15:47:00
2018_907492,45205,260,35.7140835143954,139.35055639020908,哲麺 初代 昭島店,松原町2-6-5,Ramen Restaurant,55a59bace4b013909087cb24,335,Fussa,35.73667,139.32361,JP,2018-01-21 10:55:00
2018_907492,45205,1868,35.53293343609763,139.21809554100037,虹の大橋,宮ヶ瀬,Bridge,4bf58dd8d48988d1df941735,165,Hachiōji,35.65583,139.32389,JP,2018-01-21 12:07:00
2018_907492,45205,2287,35.52334,139.2237,宮ヶ瀬 バス停,宮ケ瀬,Bus Station,4bf58dd8d48988d1fe931735,201,Hachiōji,35.65583,139.32389,JP,2018-01-21 12:27:00
2018_907492,45205,3876,35.61879500897339,139.25997097805998,株式会社エコリターン,南浅川町3131-1,Recycling Facility,4f4531084b9074f6e4fb0101,240,Hachiōji,35.65583,139.32389,JP,2018-01-21 13:30:00
2018_907495,45205,125,35.638242079798744,139.3062875798874,ドン・キホーテ,椚田町586-22,Discount Store,52dea92d3cf9994f4e043dbb,265,Hachiōji,35.65583,139.32389,JP,2018-02-01 12:16:00
2018_907495,45205,1123,35.63810264161759,139.3092316389084,サイゼリヤ,椚田町537-1,Italian Restaurant,4bf58dd8d48988d110941735,21,Hachiōji,35.65583,139.32389,JP,2018-02-01 14:25:00
2018_907496,45205,3876,35.61879500897339,139.25997097805998,株式会社エコリターン,南浅川町3131-1,Recycling Facility,4f4531084b9074f6e4fb0101,240,Hachiōji,35.65583,139.32389,JP,2018-02-04 14:56:00
2018_907496,45205,67,35.654430683201724,139.33373831212518,壱発ラーメン,万町19-1,Ramen Restaurant,55a59bace4b013909087cb24,335,Hachiōji,35.65583,139.32389,JP,2018-02-04 15:48:00
2018_907497,45205,125,35.638242079798744,139.3062875798874,ドン・キホーテ,椚田町586-22,Discount Store,52dea92d3cf9994f4e043dbb,265,Hachiōji,35.65583,139.32389,JP,2018-02-05 13:40:00
2018_907497,45205,3876,35.61879500897339,139.25997097805998,株式会社エコリターン,南浅川町3131-1,Recycling Facility,4f4531084b9074f6e4fb0101,240,Hachiōji,35.65583,139.32389,JP,2018-02-05 14:25:00
2018_907498,45205,260,35.7140835143954,139.35055639020908,哲麺 初代 昭島店,松原町2-6-5,Ramen Restaurant,55a59bace4b013909087cb24,335,Fussa,35.73667,139.32361,JP,2018-02-09 11:58:00
2018_907498,45205,125,35.638242079798744,139.3062875798874,ドン・キホーテ,椚田町586-22,Discount Store,52dea92d3cf9994f4e043dbb,265,Hachiōji,35.65583,139.32389,JP,2018-02-09 13:12:00
2018_907499,45205,3876,35.61879500897339,139.25997097805998,株式会社エコリターン,南浅川町3131-1,Recycling Facility,4f4531084b9074f6e4fb0101,240,Hachiōji,35.65583,139.32389,JP,2018-02-10 12:44:00
2018_907499,45205,4483,35.5430495475839,139.2178296525124,ファミリーマート 津久井宮が瀬店,緑区鳥屋1402-1,Convenience Store,4d954b0ea243a5684a65b473,215,Hachiōji,35.65583,139.32389,JP,2018-02-10 14:11:00
2018_907499,45205,3307,35.65569223501572,139.3053424358368,ファミリーマート 八王子並木町店,並木町39-34,Convenience Store,4d954b0ea243a5684a65b473,215,Hachiōji,35.65583,139.32389,JP,2018-02-10 16:11:00
2018_907500,45205,3876,35.61879500897339,139.25997097805998,株式会社エコリターン,南浅川町3131-1,Recycling Facility,4f4531084b9074f6e4fb0101,240,Hachiōji,35.65583,139.32389,JP,2018-02-11 12:40:00
2018_907500,45205,67,35.654430683201724,139.33373831212518,壱発ラーメン,万町19-1,Ramen Restaurant,55a59bace4b013909087cb24,335,Hachiōji,35.65583,139.32389,JP,2018-02-12 16:14:00
2018_907502,45205,3876,35.61879500897339,139.25997097805998,株式会社エコリターン,南浅川町3131-1,Recycling Facility,4f4531084b9074f6e4fb0101,240,Hachiōji,35.65583,139.32389,JP,2018-02-17 17:51:00
2018_907502,45205,3529,35.62021264819274,139.22662496566772,大垂水峠橋,緑区千木良,Bridge,4bf58dd8d48988d1df941735,165,Hachiōji,35.65583,139.32389,JP,2018-02-17 19:57:00
2018_907505,45205,4249,,,,,Home (private),4bf58dd8d48988d103941735,3,Fussa,35.73667,139.32361,JP,2018-02-24 20:40:00
2018_907505,45205,709,35.697366,139.346414,拝島橋,拝島町4/田中町4,Bridge,4bf58dd8d48988d1df941735,165,Fussa,35.73667,139.32361,JP,2018-02-25 19:08:00
2018_907508,45205,193,35.79244,139.31526,カインズ,新町6-9-4,Furniture / Home Store,4bf58dd8d48988d1f8941735,191,Fussa,35.73667,139.32361,JP,2018-03-02 00:57:00
2018_907508,45205,3863,35.79033340644429,139.3222804536442,軽自動車検査協会 八王子支所,新町6丁目18-２,Government Building,4bf58dd8d48988d126941735,53,Fussa,35.73667,139.32361,JP,2018-03-02 01:47:00
2018_907509,45205,3876,35.61879500897339,139.25997097805998,株式会社エコリターン,南浅川町3131-1,Recycling Facility,4f4531084b9074f6e4fb0101,240,Hachiōji,35.65583,139.32389,JP,2018-03-03 19:46:00
2018_907509,45205,3876,35.61879500897339,139.25997097805998,株式会社エコリターン,南浅川町3131-1,Recycling Facility,4f4531084b9074f6e4fb0101,240,Hachiōji,35.65583,139.32389,JP,2018-03-04 14:10:00
2018_907515,45205,216,35.65698730962263,139.33872520896546,八王子オクトーレ (Hachioji Octore),旭町9-1,Shopping Plaza,5744ccdfe4b0c0459246b4dc,356,Hachiōji,35.65583,139.32389,JP,2018-03-17 06:05:00
2018_907515,45205,3876,35.61879500897339,139.25997097805998,株式会社エコリターン,南浅川町3131-1,Recycling Facility,4f4531084b9074f6e4fb0101,240,Hachiōji,35.65583,139.32389,JP,2018-03-17 15:06:00
2018_907519,45205,3876,35.61879500897339,139.25997097805998,株式会社エコリターン,南浅川町3131-1,Recycling Facility,4f4531084b9074f6e4fb0101,240,Hachiōji,35.65583,139.32389,JP,2018-03-24 18:55:00
2018_907519,45205,358,35.539018,139.223096,鳥居原ふれあいの館,緑区鳥屋1674,Farmers Market,4bf58dd8d48988d1fa941735,195,Hachiōji,35.65583,139.32389,JP,2018-03-25 06:53:00
2018_907519,45205,1254,35.553984,139.261701,オギノパン 本社工場直売店,緑区長竹2841,Bakery,4bf58dd8d48988d16a941735,100,Hachiōji,35.65583,139.32389,JP,2018-03-25 08:11:00
2018_907519,45205,3529,35.62021264819274,139.22662496566772,大垂水峠橋,緑区千木良,Bridge,4bf58dd8d48988d1df941735,165,Hachiōji,35.65583,139.32389,JP,2018-03-25 10:05:00
2018_907519,45205,3876,35.61879500897339,139.25997097805998,株式会社エコリターン,南浅川町3131-1,Recycling Facility,4f4531084b9074f6e4fb0101,240,Hachiōji,35.65583,139.32389,JP,2018-03-25 10:10:00
2018_907520,45205,788,35.75103866785694,139.311499670601,羽村大橋,玉川/草花,Bridge,4bf58dd8d48988d1df941735,165,Fussa,35.73667,139.32361,JP,2018-03-28 20:39:00
2018_907520,45205,1746,35.757851125036275,139.3686765668976,パーツオフ 武蔵村山店,三ツ藤3-11-8,Thrift / Vintage Store,4bf58dd8d48988d101951735,2,Fussa,35.73667,139.32361,JP,2018-03-28 21:58:00
2018_907521,45205,153,35.71647714285483,139.3663041290369,カインズ 昭島店,つつじが丘2-8-55,Furniture / Home Store,4bf58dd8d48988d1f8941735,191,Fussa,35.73667,139.32361,JP,2018-04-01 09:31:00
2018_907521,45205,788,35.75103866785694,139.311499670601,羽村大橋,玉川/草花,Bridge,4bf58dd8d48988d1df941735,165,Fussa,35.73667,139.32361,JP,2018-04-01 10:59:00
2018_907521,45205,3876,35.61879500897339,139.25997097805998,株式会社エコリターン,南浅川町3131-1,Recycling Facility,4f4531084b9074f6e4fb0101,240,Hachiōji,35.65583,139.32389,JP,2018-04-01 13:43:00
2018_907521,45205,358,35.539018,139.223096,鳥居原ふれあいの館,緑区鳥屋1674,Farmers Market,4bf58dd8d48988d1fa941735,195,Hachiōji,35.65583,139.32389,JP,2018-04-02 06:33:00
2018_907521,45205,3876,35.61879500897339,139.25997097805998,株式会社エコリターン,南浅川町3131-1,Recycling Facility,4f4531084b9074f6e4fb0101,240,Hachiōji,35.65583,139.32389,JP,2018-04-02 13:26:00
2018_907522,45205,3876,35.61879500897339,139.25997097805998,株式会社エコリターン,南浅川町3131-1,Recycling Facility,4f4531084b9074f6e4fb0101,240,Hachiōji,35.65583,139.32389,JP,2018-04-04 06:04:00
2018_907522,45205,3876,35.61879500897339,139.25997097805998,株式会社エコリターン,南浅川町3131-1,Recycling Facility,4f4531084b9074f6e4fb0101,240,Hachiōji,35.65583,139.32389,JP,2018-04-04 10:05:00
2018_907523,45205,3876,35.61879500897339,139.25997097805998,株式会社エコリターン,南浅川町3131-1,Recycling Facility,4f4531084b9074f6e4fb0101,240,Hachiōji,35.65583,139.32389,JP,2018-04-08 12:51:00
2018_907523,45205,4483,35.5430495475839,139.2178296525124,ファミリーマート 津久井宮が瀬店,緑区鳥屋1402-1,Convenience Store,4d954b0ea243a5684a65b473,215,Hachiōji,35.65583,139.32389,JP,2018-04-08 13:22:00
2018_907524,45205,4483,35.5430495475839,139.2178296525124,ファミリーマート 津久井宮が瀬店,緑区鳥屋1402-1,Convenience Store,4d954b0ea243a5684a65b473,215,Hachiōji,35.65583,139.32389,JP,2018-04-15 14:41:00
2018_907524,45205,3876,35.61879500897339,139.25997097805998,株式会社エコリターン,南浅川町3131-1,Recycling Facility,4f4531084b9074f6e4fb0101,240,Hachiōji,35.65583,139.32389,JP,2018-04-15 17:32:00
2018_907528,45205,1254,35.553984,139.261701,オギノパン 本社工場直売店,緑区長竹2841,Bakery,4bf58dd8d48988d16a941735,100,Hachiōji,35.65583,139.32389,JP,2018-05-03 08:17:00
2018_907528,45205,3876,35.61879500897339,139.25997097805998,株式会社エコリターン,南浅川町3131-1,Recycling Facility,4f4531084b9074f6e4fb0101,240,Hachiōji,35.65583,139.32389,JP,2018-05-03 13:58:00
2018_907529,45205,1536,35.75222347451865,139.46784648602127,アップガレージ 東村山店,本町1-9-2,Thrift / Vintage Store,4bf58dd8d48988d101951735,2,Higashimurayama,35.75459,139.46852,JP,2018-05-06 09:05:00
2018_907529,45205,3876,35.61879500897339,139.25997097805998,株式会社エコリターン,南浅川町3131-1,Recycling Facility,4f4531084b9074f6e4fb0101,240,Hachiōji,35.65583,139.32389,JP,2018-05-06 11:16:00
2018_907530,45205,585,35.678125565957934,139.33594401831638,八王子2りんかん,左入町749-1,Automotive Shop,4bf58dd8d48988d124951735,52,Hachiōji,35.65583,139.32389,JP,2018-05-07 09:46:00
2018_907530,45205,4483,35.5430495475839,139.2178296525124,ファミリーマート 津久井宮が瀬店,緑区鳥屋1402-1,Convenience Store,4d954b0ea243a5684a65b473,215,Hachiōji,35.65583,139.32389,JP,2018-05-07 13:17:00
2018_907530,45205,3876,35.61879500897339,139.25997097805998,株式会社エコリターン,南浅川町3131-1,Recycling Facility,4f4531084b9074f6e4fb0101,240,Hachiōji,35.65583,139.32389,JP,2018-05-07 15:23:00
2018_907531,45205,4483,35.5430495475839,139.2178296525124,ファミリーマート 津久井宮が瀬店,緑区鳥屋1402-1,Convenience Store,4d954b0ea243a5684a65b473,215,Hachiōji,35.65583,139.32389,JP,2018-05-13 12:53:00
2018_907531,45205,3876,35.61879500897339,139.25997097805998,株式会社エコリターン,南浅川町3131-1,Recycling Facility,4f4531084b9074f6e4fb0101,240,Hachiōji,35.65583,139.32389,JP,2018-05-13 15:28:00
2018_907533,45205,103,35.65703772302991,139.33880567550656,Starbucks,旭町9-1,Coffee Shop,4bf58dd8d48988d1e0931735,166,Hachiōji,35.65583,139.32389,JP,2018-05-16 05:46:00
2018_907533,45205,3876,35.61879500897339,139.25997097805998,株式会社エコリターン,南浅川町3131-1,Recycling Facility,4f4531084b9074f6e4fb0101,240,Hachiōji,35.65583,139.32389,JP,2018-05-16 13:43:00
2018_907533,45205,4582,35.635135787060975,139.27026718854904,セブンイレブン 高尾山インター店,高尾町1806-1,Convenience Store,4d954b0ea243a5684a65b473,215,Hachiōji,35.65583,139.32389,JP,2018-05-22 17:10:00
2018_907536,45205,4582,35.635135787060975,139.27026718854904,セブンイレブン 高尾山インター店,高尾町1806-1,Convenience Store,4d954b0ea243a5684a65b473,215,Hachiōji,35.65583,139.32389,JP,2018-06-03 11:45:00
2018_907536,45205,3876,35.61879500897339,139.25997097805998,株式会社エコリターン,南浅川町3131-1,Recycling Facility,4f4531084b9074f6e4fb0101,240,Hachiōji,35.65583,139.32389,JP,2018-06-03 12:22:00
2018_907537,45205,4325,35.705992515587525,139.2971044175226,ESSO Express 八王子戸吹SS,戸吹町1469-1,Gas Station,4bf58dd8d48988d113951735,28,Fussa,35.73667,139.32361,JP,2018-06-04 04:46:00
2018_907537,45205,358,35.539018,139.223096,鳥居原ふれあいの館,緑区鳥屋1674,Farmers Market,4bf58dd8d48988d1fa941735,195,Hachiōji,35.65583,139.32389,JP,2018-06-04 06:01:00
2018_907537,45205,3876,35.61879500897339,139.25997097805998,株式会社エコリターン,南浅川町3131-1,Recycling Facility,4f4531084b9074f6e4fb0101,240,Hachiōji,35.65583,139.32389,JP,2018-06-04 13:02:00
2018_907537,45205,4582,35.635135787060975,139.27026718854904,セブンイレブン 高尾山インター店,高尾町1806-1,Convenience Store,4d954b0ea243a5684a65b473,215,Hachiōji,35.65583,139.32389,JP,2018-06-07 16:30:00
2018_907538,45205,3876,35.61879500897339,139.25997097805998,株式会社エコリターン,南浅川町3131-1,Recycling Facility,4f4531084b9074f6e4fb0101,240,Hachiōji,35.65583,139.32389,JP,2018-06-09 13:04:00
2018_907538,45205,3712,35.635779959185044,139.2701344192028,ファミリーマート 八王子高尾町店,高尾町1819-1,Convenience Store,4d954b0ea243a5684a65b473,215,Hachiōji,35.65583,139.32389,JP,2018-06-09 14:54:00
2018_907539,45205,861,35.690497920049204,139.34675586385904,八王子自動車検査登録事務所,滝山町1-270-2,Government Building,4bf58dd8d48988d126941735,53,Hachiōji,35.65583,139.32389,JP,2018-06-11 05:05:00
2018_907539,45205,585,35.678125565957934,139.33594401831638,八王子2りんかん,左入町749-1,Automotive Shop,4bf58dd8d48988d124951735,52,Hachiōji,35.65583,139.32389,JP,2018-06-11 10:45:00
2018_907540,45205,902,35.657664,139.336778,カフェ・ベローチェ,三崎町4-8,Coffee Shop,4bf58dd8d48988d1e0931735,166,Hachiōji,35.65583,139.32389,JP,2018-06-14 08:02:00
2018_907540,45205,3876,35.61879500897339,139.25997097805998,株式会社エコリターン,南浅川町3131-1,Recycling Facility,4f4531084b9074f6e4fb0101,240,Hachiōji,35.65583,139.32389,JP,2018-06-14 15:47:00
2018_907541,45205,4582,35.635135787060975,139.27026718854904,セブンイレブン 高尾山インター店,高尾町1806-1,Convenience Store,4d954b0ea243a5684a65b473,215,Hachiōji,35.65583,139.32389,JP,2018-06-17 11:09:00
2018_907541,45205,3876,35.61879500897339,139.25997097805998,株式会社エコリターン,南浅川町3131-1,Recycling Facility,4f4531084b9074f6e4fb0101,240,Hachiōji,35.65583,139.32389,JP,2018-06-17 11:56:00
2018_907543,45205,3876,35.61879500897339,139.25997097805998,株式会社エコリターン,南浅川町3131-1,Recycling Facility,4f4531084b9074f6e4fb0101,240,Hachiōji,35.65583,139.32389,JP,2018-06-19 14:14:00
2018_907543,45205,3890,35.60040384867202,139.22435045242307,セブンイレブン 相模原寸沢嵐店,緑区寸沢嵐941-15,Convenience Store,4d954b0ea243a5684a65b473,215,Hachiōji,35.65583,139.32389,JP,2018-06-19 16:29:00
2018_907544,45205,1254,35.553984,139.261701,オギノパン 本社工場直売店,緑区長竹2841,Bakery,4bf58dd8d48988d16a941735,100,Hachiōji,35.65583,139.32389,JP,2018-06-24 08:36:00
2018_907544,45205,358,35.539018,139.223096,鳥居原ふれあいの館,緑区鳥屋1674,Farmers Market,4bf58dd8d48988d1fa941735,195,Hachiōji,35.65583,139.32389,JP,2018-06-24 09:03:00
2018_907544,45205,2287,35.52334,139.2237,宮ヶ瀬 バス停,宮ケ瀬,Bus Station,4bf58dd8d48988d1fe931735,201,Hachiōji,35.65583,139.32389,JP,2018-06-24 09:33:00
2018_907544,45205,3876,35.61879500897339,139.25997097805998,株式会社エコリターン,南浅川町3131-1,Recycling Facility,4f4531084b9074f6e4fb0101,240,Hachiōji,35.65583,139.32389,JP,2018-06-24 11:26:00
2018_907545,45205,2208,35.66609981156773,139.2891962068042,apollostation セルフコンコース元八SS,元八王子町1-471-1,Gas Station,4bf58dd8d48988d113951735,28,Hachiōji,35.65583,139.32389,JP,2018-06-26 03:17:00
2018_907545,45205,2383,35.66488796670182,139.28783112672158,Starbucks,元八王子町1-409-2,Coffee Shop,4bf58dd8d48988d1e0931735,166,Hachiōji,35.65583,139.32389,JP,2018-06-26 03:25:00
2018_907545,45205,3876,35.61879500897339,139.25997097805998,株式会社エコリターン,南浅川町3131-1,Recycling Facility,4f4531084b9074f6e4fb0101,240,Hachiōji,35.65583,139.32389,JP,2018-06-26 04:29:00
2018_907545,45205,4579,35.50352302442645,139.2565196054316,土山峠 バス停,,Bus Stop,52f2ab2ebcbc57f1066b8b4f,314,Hachiōji,35.65583,139.32389,JP,2018-06-26 17:11:00
2018_907546,45205,3876,35.61879500897339,139.25997097805998,株式会社エコリターン,南浅川町3131-1,Recycling Facility,4f4531084b9074f6e4fb0101,240,Hachiōji,35.65583,139.32389,JP,2018-07-01 07:36:00
2018_907546,45205,2287,35.52334,139.2237,宮ヶ瀬 バス停,宮ケ瀬,Bus Station,4bf58dd8d48988d1fe931735,201,Hachiōji,35.65583,139.32389,JP,2018-07-01 14:01:00
2018_907546,45205,4579,35.50352302442645,139.2565196054316,土山峠 バス停,,Bus Stop,52f2ab2ebcbc57f1066b8b4f,314,Hachiōji,35.65583,139.32389,JP,2018-07-01 15:34:00
2018_907546,45205,3876,35.61879500897339,139.25997097805998,株式会社エコリターン,南浅川町3131-1,Recycling Facility,4f4531084b9074f6e4fb0101,240,Hachiōji,35.65583,139.32389,JP,2018-07-01 16:11:00
2018_907547,45205,4512,35.590455687601654,139.2287676397774,ファミリーマート 津久井三ヶ木店,緑区三ヶ木1593-1,Convenience Store,4d954b0ea243a5684a65b473,215,Hachiōji,35.65583,139.32389,JP,2018-07-03 09:34:00
2018_907547,45205,3876,35.61879500897339,139.25997097805998,株式会社エコリターン,南浅川町3131-1,Recycling Facility,4f4531084b9074f6e4fb0101,240,Hachiōji,35.65583,139.32389,JP,2018-07-03 14:12:00
2018_907547,45205,1868,35.53293343609763,139.21809554100037,虹の大橋,宮ヶ瀬,Bridge,4bf58dd8d48988d1df941735,165,Hachiōji,35.65583,139.32389,JP,2018-07-07 17:16:00
2018_907547,45205,3876,35.61879500897339,139.25997097805998,株式会社エコリターン,南浅川町3131-1,Recycling Facility,4f4531084b9074f6e4fb0101,240,Hachiōji,35.65583,139.32389,JP,2018-07-07 23:50:00
2018_907547,45205,4483,35.5430495475839,139.2178296525124,ファミリーマート 津久井宮が瀬店,緑区鳥屋1402-1,Convenience Store,4d954b0ea243a5684a65b473,215,Hachiōji,35.65583,139.32389,JP,2018-07-08 00:27:00
2018_907547,45205,358,35.539018,139.223096,鳥居原ふれあいの館,緑区鳥屋1674,Farmers Market,4bf58dd8d48988d1fa941735,195,Hachiōji,35.65583,139.32389,JP,2018-07-08 00:51:00
2018_907547,45205,1254,35.553984,139.261701,オギノパン 本社工場直売店,緑区長竹2841,Bakery,4bf58dd8d48988d16a941735,100,Hachiōji,35.65583,139.32389,JP,2018-07-08 02:16:00
2018_907547,45205,2014,35.57947590423733,139.3610267754654,ユーメディア 橋本店,中央区清新4-3-15,Bike Shop,4bf58dd8d48988d115951735,30,Hachiōji,35.65583,139.32389,JP,2018-07-08 04:43:00
2018_907547,45205,4483,35.5430495475839,139.2178296525124,ファミリーマート 津久井宮が瀬店,緑区鳥屋1402-1,Convenience Store,4d954b0ea243a5684a65b473,215,Hachiōji,35.65583,139.32389,JP,2018-07-08 08:41:00
2018_907547,45205,358,35.539018,139.223096,鳥居原ふれあいの館,緑区鳥屋1674,Farmers Market,4bf58dd8d48988d1fa941735,195,Hachiōji,35.65583,139.32389,JP,2018-07-08 09:15:00
2018_907548,45205,2287,35.52334,139.2237,宮ヶ瀬 バス停,宮ケ瀬,Bus Station,4bf58dd8d48988d1fe931735,201,Hachiōji,35.65583,139.32389,JP,2018-07-09 14:26:00
2018_907548,45205,4579,35.50352302442645,139.2565196054316,土山峠 バス停,,Bus Stop,52f2ab2ebcbc57f1066b8b4f,314,Hachiōji,35.65583,139.32389,JP,2018-07-09 15:03:00
2018_907549,45205,125,35.638242079798744,139.3062875798874,ドン・キホーテ,椚田町586-22,Discount Store,52dea92d3cf9994f4e043dbb,265,Hachiōji,35.65583,139.32389,JP,2018-07-14 14:26:00
2018_907549,45205,3876,35.61879500897339,139.25997097805998,株式会社エコリターン,南浅川町3131-1,Recycling Facility,4f4531084b9074f6e4fb0101,240,Hachiōji,35.65583,139.32389,JP,2018-07-14 15:28:00
2018_907553,45205,1254,35.553984,139.261701,オギノパン 本社工場直売店,緑区長竹2841,Bakery,4bf58dd8d48988d16a941735,100,Hachiōji,35.65583,139.32389,JP,2018-08-06 05:21:00
2018_907553,45205,358,35.539018,139.223096,鳥居原ふれあいの館,緑区鳥屋1674,Farmers Market,4bf58dd8d48988d1fa941735,195,Hachiōji,35.65583,139.32389,JP,2018-08-06 05:43:00
2018_907554,45205,4579,35.50352302442645,139.2565196054316,土山峠 バス停,,Bus Stop,52f2ab2ebcbc57f1066b8b4f,314,Hachiōji,35.65583,139.32389,JP,2018-08-06 14:06:00
2018_907554,45205,2287,35.52334,139.2237,宮ヶ瀬 バス停,宮ケ瀬,Bus Station,4bf58dd8d48988d1fe931735,201,Hachiōji,35.65583,139.32389,JP,2018-08-06 14:21:00
2018_907554,45205,3876,35.61879500897339,139.25997097805998,株式会社エコリターン,南浅川町3131-1,Recycling Facility,4f4531084b9074f6e4fb0101,240,Hachiōji,35.65583,139.32389,JP,2018-08-06 17:39:00
2018_907556,45205,303,35.63874969142059,139.31031184655762,八代目 哲麺 めじろ台店,めじろ台2-65-6,Ramen Restaurant,55a59bace4b013909087cb24,335,Hachiōji,35.65583,139.32389,JP,2018-08-08 02:46:00
2018_907556,45205,2287,35.52334,139.2237,宮ヶ瀬 バス停,宮ケ瀬,Bus Station,4bf58dd8d48988d1fe931735,201,Hachiōji,35.65583,139.32389,JP,2018-08-08 11:23:00
2018_907556,45205,4579,35.50352302442645,139.2565196054316,土山峠 バス停,,Bus Stop,52f2ab2ebcbc57f1066b8b4f,314,Hachiōji,35.65583,139.32389,JP,2018-08-08 12:59:00
2018_907556,45205,2610,35.631319743378,139.25897773831,高尾山トンネル,南浅川町2713-4,Tunnel,52f2ab2ebcbc57f1066b8b4a,310,Hachiōji,35.65583,139.32389,JP,2018-08-08 16:25:00
2018_907559,45205,125,35.638242079798744,139.3062875798874,ドン・キホーテ,椚田町586-22,Discount Store,52dea92d3cf9994f4e043dbb,265,Hachiōji,35.65583,139.32389,JP,2018-08-13 11:23:00
2018_907559,45205,303,35.63874969142059,139.31031184655762,八代目 哲麺 めじろ台店,めじろ台2-65-6,Ramen Restaurant,55a59bace4b013909087cb24,335,Hachiōji,35.65583,139.32389,JP,2018-08-13 12:06:00
2018_907559,45205,3876,35.61879500897339,139.25997097805998,株式会社エコリターン,南浅川町3131-1,Recycling Facility,4f4531084b9074f6e4fb0101,240,Hachiōji,35.65583,139.32389,JP,2018-08-13 12:34:00
2018_907559,45205,2287,35.52334,139.2237,宮ヶ瀬 バス停,宮ケ瀬,Bus Station,4bf58dd8d48988d1fe931735,201,Hachiōji,35.65583,139.32389,JP,2018-08-13 13:51:00
2018_907559,45205,1868,35.53293343609763,139.21809554100037,虹の大橋,宮ヶ瀬,Bridge,4bf58dd8d48988d1df941735,165,Hachiōji,35.65583,139.32389,JP,2018-08-13 18:31:00
2018_907559,45205,3876,35.61879500897339,139.25997097805998,株式会社エコリターン,南浅川町3131-1,Recycling Facility,4f4531084b9074f6e4fb0101,240,Hachiōji,35.65583,139.32389,JP,2018-08-13 18:58:00
2018_907560,45205,1746,35.757851125036275,139.3686765668976,パーツオフ 武蔵村山店,三ツ藤3-11-8,Thrift / Vintage Store,4bf58dd8d48988d101951735,2,Fussa,35.73667,139.32361,JP,2018-08-14 06:13:00
2018_907560,45205,358,35.539018,139.223096,鳥居原ふれあいの館,緑区鳥屋1674,Farmers Market,4bf58dd8d48988d1fa941735,195,Hachiōji,35.65583,139.32389,JP,2018-08-14 09:01:00
2018_907560,45205,4543,35.597259910396374,139.3114260486873,町田商店 城山店,緑区原宿2-10-4,Ramen Restaurant,55a59bace4b013909087cb24,335,Hachiōji,35.65583,139.32389,JP,2018-08-14 10:25:00
2018_907560,45205,125,35.638242079798744,139.3062875798874,ドン・キホーテ,椚田町586-22,Discount Store,52dea92d3cf9994f4e043dbb,265,Hachiōji,35.65583,139.32389,JP,2018-08-14 13:37:00
2018_907560,45205,3876,35.61879500897339,139.25997097805998,株式会社エコリターン,南浅川町3131-1,Recycling Facility,4f4531084b9074f6e4fb0101,240,Hachiōji,35.65583,139.32389,JP,2018-08-14 14:04:00
2018_907560,45205,4579,35.50352302442645,139.2565196054316,土山峠 バス停,,Bus Stop,52f2ab2ebcbc57f1066b8b4f,314,Hachiōji,35.65583,139.32389,JP,2018-08-14 14:44:00
2018_907560,45205,2287,35.52334,139.2237,宮ヶ瀬 バス停,宮ケ瀬,Bus Station,4bf58dd8d48988d1fe931735,201,Hachiōji,35.65583,139.32389,JP,2018-08-14 16:48:00
2018_907562,45205,3876,35.61879500897339,139.25997097805998,株式会社エコリターン,南浅川町3131-1,Recycling Facility,4f4531084b9074f6e4fb0101,240,Hachiōji,35.65583,139.32389,JP,2018-08-19 10:28:00
2018_907562,45205,3876,35.61879500897339,139.25997097805998,株式会社エコリターン,南浅川町3131-1,Recycling Facility,4f4531084b9074f6e4fb0101,240,Hachiōji,35.65583,139.32389,JP,2018-08-19 16:28:00
2018_907563,45205,3890,35.60040384867202,139.22435045242307,セブンイレブン 相模原寸沢嵐店,緑区寸沢嵐941-15,Convenience Store,4d954b0ea243a5684a65b473,215,Hachiōji,35.65583,139.32389,JP,2018-08-20 12:16:00
2018_907563,45205,2287,35.52334,139.2237,宮ヶ瀬 バス停,宮ケ瀬,Bus Station,4bf58dd8d48988d1fe931735,201,Hachiōji,35.65583,139.32389,JP,2018-08-20 13:15:00
2018_907563,45205,3876,35.61879500897339,139.25997097805998,株式会社エコリターン,南浅川町3131-1,Recycling Facility,4f4531084b9074f6e4fb0101,240,Hachiōji,35.65583,139.32389,JP,2018-08-20 14:34:00
2018_907563,45205,3712,35.635779959185044,139.2701344192028,ファミリーマート 八王子高尾町店,高尾町1819-1,Convenience Store,4d954b0ea243a5684a65b473,215,Hachiōji,35.65583,139.32389,JP,2018-08-20 14:38:00
2018_907564,45205,303,35.63874969142059,139.31031184655762,八代目 哲麺 めじろ台店,めじろ台2-65-6,Ramen Restaurant,55a59bace4b013909087cb24,335,Hachiōji,35.65583,139.32389,JP,2018-08-22 08:50:00
2018_907564,45205,2619,35.64103201507534,139.3167652379512,オートバックス 八王子めじろ台店,山田町1685-1,Miscellaneous Shop,4bf58dd8d48988d1ff941735,204,Hachiōji,35.65583,139.32389,JP,2018-08-22 09:24:00
2018_907564,45205,3876,35.61879500897339,139.25997097805998,株式会社エコリターン,南浅川町3131-1,Recycling Facility,4f4531084b9074f6e4fb0101,240,Hachiōji,35.65583,139.32389,JP,2018-08-22 12:22:00
2018_907565,45205,3876,35.61879500897339,139.25997097805998,株式会社エコリターン,南浅川町3131-1,Recycling Facility,4f4531084b9074f6e4fb0101,240,Hachiōji,35.65583,139.32389,JP,2018-08-26 12:07:00
2018_907565,45205,4579,35.50352302442645,139.2565196054316,土山峠 バス停,,Bus Stop,52f2ab2ebcbc57f1066b8b4f,314,Hachiōji,35.65583,139.32389,JP,2018-08-26 12:44:00
2018_907566,45205,125,35.638242079798744,139.3062875798874,ドン・キホーテ,椚田町586-22,Discount Store,52dea92d3cf9994f4e043dbb,265,Hachiōji,35.65583,139.32389,JP,2018-08-27 11:30:00
2018_907566,45205,973,35.56881948682604,139.24114600170589,セブンイレブン 津久井青山店,緑区青山827-1,Convenience Store,4d954b0ea243a5684a65b473,215,Hachiōji,35.65583,139.32389,JP,2018-08-27 15:46:00
2018_907567,45205,182,35.65319226180809,139.33305569722134,長浜らーめん 八王子店,万町32,Ramen Restaurant,55a59bace4b013909087cb24,335,Hachiōji,35.65583,139.32389,JP,2018-08-28 13:18:00
2018_907567,45205,3876,35.61879500897339,139.25997097805998,株式会社エコリターン,南浅川町3131-1,Recycling Facility,4f4531084b9074f6e4fb0101,240,Hachiōji,35.65583,139.32389,JP,2018-08-28 13:58:00
2018_907576,45205,1,35.746926,139.347495,U.S. AIR FORCE Yokota Air Base (米空軍横田基地),横田基地,Military Base,4e52adeebd41615f56317744,219,Fussa,35.73667,139.32361,JP,2018-09-16 07:44:00
2018_907576,45205,3876,35.61879500897339,139.25997097805998,株式会社エコリターン,南浅川町3131-1,Recycling Facility,4f4531084b9074f6e4fb0101,240,Hachiōji,35.65583,139.32389,JP,2018-09-16 12:44:00
2018_907579,45205,3876,35.61879500897339,139.25997097805998,株式会社エコリターン,南浅川町3131-1,Recycling Facility,4f4531084b9074f6e4fb0101,240,Hachiōji,35.65583,139.32389,JP,2018-09-23 11:11:00
2018_907579,45205,4701,35.52084606265094,139.23123522980134,宮の平バス停,宮ヶ瀬,Bus Stop,52f2ab2ebcbc57f1066b8b4f,314,Hachiōji,35.65583,139.32389,JP,2018-09-23 12:06:00
2018_907579,45205,4579,35.50352302442645,139.2565196054316,土山峠 バス停,,Bus Stop,52f2ab2ebcbc57f1066b8b4f,314,Hachiōji,35.65583,139.32389,JP,2018-09-23 12:35:00
2018_907579,45205,3529,35.62021264819274,139.22662496566772,大垂水峠橋,緑区千木良,Bridge,4bf58dd8d48988d1df941735,165,Hachiōji,35.65583,139.32389,JP,2018-09-23 13:23:00
2018_907579,45205,4582,35.635135787060975,139.27026718854904,セブンイレブン 高尾山インター店,高尾町1806-1,Convenience Store,4d954b0ea243a5684a65b473,215,Hachiōji,35.65583,139.32389,JP,2018-09-23 14:55:00
2018_907580,45205,3876,35.61879500897339,139.25997097805998,株式会社エコリターン,南浅川町3131-1,Recycling Facility,4f4531084b9074f6e4fb0101,240,Hachiōji,35.65583,139.32389,JP,2018-09-24 14:34:00
2018_907580,45205,2287,35.52334,139.2237,宮ヶ瀬 バス停,宮ケ瀬,Bus Station,4bf58dd8d48988d1fe931735,201,Hachiōji,35.65583,139.32389,JP,2018-09-24 15:30:00
2018_907580,45205,4579,35.50352302442645,139.2565196054316,土山峠 バス停,,Bus Stop,52f2ab2ebcbc57f1066b8b4f,314,Hachiōji,35.65583,139.32389,JP,2018-09-24 15:37:00
2018_907581,45205,303,35.63874969142059,139.31031184655762,八代目 哲麺 めじろ台店,めじろ台2-65-6,Ramen Restaurant,55a59bace4b013909087cb24,335,Hachiōji,35.65583,139.32389,JP,2018-09-25 13:05:00
2018_907581,45205,3876,35.61879500897339,139.25997097805998,株式会社エコリターン,南浅川町3131-1,Recycling Facility,4f4531084b9074f6e4fb0101,240,Hachiōji,35.65583,139.32389,JP,2018-09-25 13:22:00
2018_907581,45205,1868,35.53293343609763,139.21809554100037,虹の大橋,宮ヶ瀬,Bridge,4bf58dd8d48988d1df941735,165,Hachiōji,35.65583,139.32389,JP,2018-09-25 15:21:00
2018_907583,45205,303,35.63874969142059,139.31031184655762,八代目 哲麺 めじろ台店,めじろ台2-65-6,Ramen Restaurant,55a59bace4b013909087cb24,335,Hachiōji,35.65583,139.32389,JP,2018-10-08 11:01:00
2018_907583,45205,3876,35.61879500897339,139.25997097805998,株式会社エコリターン,南浅川町3131-1,Recycling Facility,4f4531084b9074f6e4fb0101,240,Hachiōji,35.65583,139.32389,JP,2018-10-08 12:15:00
2018_907585,45205,581,35.663257,139.336851,びっくりドンキー,元横山町2-10-13,Steakhouse,4bf58dd8d48988d1cc941735,154,Hachiōji,35.65583,139.32389,JP,2018-10-13 13:44:00
2018_907585,45205,3876,35.61879500897339,139.25997097805998,株式会社エコリターン,南浅川町3131-1,Recycling Facility,4f4531084b9074f6e4fb0101,240,Hachiōji,35.65583,139.32389,JP,2018-10-13 14:32:00
2018_907585,45205,2287,35.52334,139.2237,宮ヶ瀬 バス停,宮ケ瀬,Bus Station,4bf58dd8d48988d1fe931735,201,Hachiōji,35.65583,139.32389,JP,2018-10-14 13:55:00
2018_907586,45205,3876,35.61879500897339,139.25997097805998,株式会社エコリターン,南浅川町3131-1,Recycling Facility,4f4531084b9074f6e4fb0101,240,Hachiōji,35.65583,139.32389,JP,2018-10-15 12:11:00
2018_907586,45205,2287,35.52334,139.2237,宮ヶ瀬 バス停,宮ケ瀬,Bus Station,4bf58dd8d48988d1fe931735,201,Hachiōji,35.65583,139.32389,JP,2018-10-15 12:47:00
2018_907587,45205,3876,35.61879500897339,139.25997097805998,株式会社エコリターン,南浅川町3131-1,Recycling Facility,4f4531084b9074f6e4fb0101,240,Hachiōji,35.65583,139.32389,JP,2018-10-16 12:18:00
2018_907587,45205,4579,35.50352302442645,139.2565196054316,土山峠 バス停,,Bus Stop,52f2ab2ebcbc57f1066b8b4f,314,Hachiōji,35.65583,139.32389,JP,2018-10-16 13:02:00
2018_907587,45205,2287,35.52334,139.2237,宮ヶ瀬 バス停,宮ケ瀬,Bus Station,4bf58dd8d48988d1fe931735,201,Hachiōji,35.65583,139.32389,JP,2018-10-16 13:10:00
2018_907587,45205,3876,35.61879500897339,139.25997097805998,株式会社エコリターン,南浅川町3131-1,Recycling Facility,4f4531084b9074f6e4fb0101,240,Hachiōji,35.65583,139.32389,JP,2018-10-16 13:40:00
2018_1003968,50046,4451,35.73970239862539,139.2793162195613,昭和シェル セルフ日の出インターSS,平井18-2,Gas Station,4bf58dd8d48988d113951735,28,Fussa,35.73667,139.32361,JP,2017-10-23 08:56:00
2018_1003968,50046,31,35.760225941206684,139.358292554971,ジョイフル本田,殿ケ谷442,Furniture / Home Store,4bf58dd8d48988d1f8941735,191,Fussa,35.73667,139.32361,JP,2017-10-23 10:55:00
2018_1003971,50046,713,35.78120087661521,139.3161356954242,ファミリーマート 青梅新町八丁目店,新町8-10-1,Convenience Store,4d954b0ea243a5684a65b473,215,Fussa,35.73667,139.32361,JP,2017-11-04 12:16:00
2018_1003971,50046,3318,35.778829992324546,139.30207311160564,美豚 小作店,小作台1-10-1,Noodle House,4bf58dd8d48988d1d1941735,157,Fussa,35.73667,139.32361,JP,2017-11-04 13:32:00
2018_1003976,50046,459,35.76785516452021,139.31156733052512,羽村郵便局,緑ヶ丘5-3-2,Post Office,4bf58dd8d48988d172941735,106,Fussa,35.73667,139.32361,JP,2017-11-10 22:23:00
2018_1003976,50046,4519,35.73595,139.278625,シンカ東京 日の出事業所,平井22-7,Auto Workshop,56aa371be4b08b9a8d5734d3,343,Fussa,35.73667,139.32361,JP,2017-11-11 05:56:00
2018_1003976,50046,2093,35.76103997319449,139.31607825227087,ラーメン五ノ神,五ノ神4-6-9,Ramen Restaurant,55a59bace4b013909087cb24,335,Fussa,35.73667,139.32361,JP,2017-11-11 11:51:00
2018_1003981,50046,2997,35.75429492020843,139.32883934167145,スズキ自販南東京 スズキアリーナ羽村,神明台2-7-10,Automotive Shop,4bf58dd8d48988d124951735,52,Fussa,35.73667,139.32361,JP,2017-11-24 08:26:00
2018_1003981,50046,1751,35.75821795549495,139.3265080142437,スーパーオートバックス SA羽村店,神明台4-1-1,Automotive Shop,4bf58dd8d48988d124951735,52,Fussa,35.73667,139.32361,JP,2017-11-24 09:44:00
2018_1003982,50046,379,35.739287405398976,139.5073521354169,ダイソー 花小金井店,花小金井4-4-12,Discount Store,52dea92d3cf9994f4e043dbb,265,Higashimurayama,35.75459,139.46852,JP,2017-11-25 10:59:00
2018_1003982,50046,4251,,,,,Home (private),4bf58dd8d48988d103941735,3,Fussa,35.73667,139.32361,JP,2017-11-25 16:48:00
2018_1003987,50046,83,35.73477061492302,139.27481174119748,イオンモール日の出,平井237-3,Shopping Mall,4bf58dd8d48988d1fd941735,200,Fussa,35.73667,139.32361,JP,2017-12-06 11:32:00
2018_1003987,50046,158,35.742865858657346,139.3281601243152,西友 福生店,東町5-1,Supermarket,52f2ab2ebcbc57f1066b8b46,309,Fussa,35.73667,139.32361,JP,2017-12-06 12:46:00
2018_1003993,50046,1538,35.69260690814658,139.34499884223257,日本通運 東京多摩ターミナル,滝山町1-214,Distribution Center,52e81612bcbc57f1066b7a37,288,Hachiōji,35.65583,139.32389,JP,2017-12-26 08:57:00
2018_1003993,50046,83,35.73477061492302,139.27481174119748,イオンモール日の出,平井237-3,Shopping Mall,4bf58dd8d48988d1fd941735,200,Fussa,35.73667,139.32361,JP,2017-12-26 11:49:00
2018_1003995,50046,1751,35.75821795549495,139.3265080142437,スーパーオートバックス SA羽村店,神明台4-1-1,Automotive Shop,4bf58dd8d48988d124951735,52,Fussa,35.73667,139.32361,JP,2017-12-29 06:08:00
2018_1003995,50046,4445,35.73323541945502,139.33037281036377,セブンイレブン 福生牛浜郵便局前店,牛浜41-1,Convenience Store,4d954b0ea243a5684a65b473,215,Fussa,35.73667,139.32361,JP,2017-12-29 09:03:00
2018_1003997,50046,83,35.73477061492302,139.27481174119748,イオンモール日の出,平井237-3,Shopping Mall,4bf58dd8d48988d1fd941735,200,Fussa,35.73667,139.32361,JP,2017-12-31 01:23:00
2018_1003997,50046,158,35.742865858657346,139.3281601243152,西友 福生店,東町5-1,Supermarket,52f2ab2ebcbc57f1066b8b46,309,Fussa,35.73667,139.32361,JP,2017-12-31 03:39:00
2018_1003999,50046,181,35.766041531240155,139.32871724072075,羽村市動物公園,羽4122,Zoo,4bf58dd8d48988d17b941735,114,Fussa,35.73667,139.32361,JP,2018-01-03 09:29:00
2018_1003999,50046,33,35.65796862448804,139.33949173729914,ヨドバシカメラ 八王子店,東町7-4,Electronics Store,4bf58dd8d48988d122951735,48,Hachiōji,35.65583,139.32389,JP,2018-01-03 11:08:00
2018_1003999,50046,1611,35.757291427205594,139.31912400878005,三代目 哲麺 羽村店,神明台1-4-9,Ramen Restaurant,55a59bace4b013909087cb24,335,Fussa,35.73667,139.32361,JP,2018-01-03 12:07:00
2018_1004003,50046,445,35.74023545898117,139.33070292700035,コジマ×ビックカメラ 福生店,本町36,Electronics Store,4bf58dd8d48988d122951735,48,Fussa,35.73667,139.32361,JP,2018-01-26 08:37:00
2018_1004003,50046,6,35.742716563871404,139.32822653023197,Starbucks,東町5-1,Coffee Shop,4bf58dd8d48988d1e0931735,166,Fussa,35.73667,139.32361,JP,2018-01-26 08:43:00
2018_1004013,50046,193,35.79244,139.31526,カインズ,新町6-9-4,Furniture / Home Store,4bf58dd8d48988d1f8941735,191,Fussa,35.73667,139.32361,JP,2018-03-10 11:05:00
2018_1004013,50046,2093,35.76103997319449,139.31607825227087,ラーメン五ノ神,五ノ神4-6-9,Ramen Restaurant,55a59bace4b013909087cb24,335,Fussa,35.73667,139.32361,JP,2018-03-10 12:19:00
2018_1004024,50046,158,35.742865858657346,139.3281601243152,西友 福生店,東町5-1,Supermarket,52f2ab2ebcbc57f1066b8b46,309,Fussa,35.73667,139.32361,JP,2018-04-14 05:45:00
2018_1004024,50046,927,35.73452835879248,139.27381575107574,Starbucks,平井237‐3,Coffee Shop,4bf58dd8d48988d1e0931735,166,Fussa,35.73667,139.32361,JP,2018-04-14 06:50:00
2018_1004024,50046,4616,35.756706,139.31921,ビッグ・エー 羽村神明台店,神明台1-3-20,Discount Store,52dea92d3cf9994f4e043dbb,265,Fussa,35.73667,139.32361,JP,2018-04-14 12:05:00
2018_1004026,50046,778,35.77106541388965,139.30415202579496,オザム 小作店,羽加美1-10-3,Grocery Store,4bf58dd8d48988d118951735,36,Fussa,35.73667,139.32361,JP,2018-04-22 05:29:00
2018_1004026,50046,3822,35.756621320811355,139.3141324827942,横浜家系ラーメン おか家,羽東2-15-1,Ramen Restaurant,55a59bace4b013909087cb24,335,Fussa,35.73667,139.32361,JP,2018-04-22 06:19:00
2018_1004027,50046,3419,35.74235434048251,139.33723462942348,佐川急便 福生営業所,福生2217-1,Miscellaneous Shop,4bf58dd8d48988d1ff941735,204,Fussa,35.73667,139.32361,JP,2018-04-24 08:58:00
2018_1004027,50046,600,35.73501736409029,139.27634239196777,イオン 日の出店,平井237-3,Supermarket,52f2ab2ebcbc57f1066b8b46,309,Fussa,35.73667,139.32361,JP,2018-04-24 10:07:00
2018_1004027,50046,3567,35.75673274424354,139.34206940324736,ドン・キホーテ 多摩瑞穂店,むさし野3-11-3,Discount Store,52dea92d3cf9994f4e043dbb,265,Fussa,35.73667,139.32361,JP,2018-04-24 12:11:00
2018_1004028,50046,3960,35.75909872954084,139.3358189609522,バリーコーポレーション,双葉町2-20-52,Auto Workshop,56aa371be4b08b9a8d5734d3,343,Fussa,35.73667,139.32361,JP,2018-04-28 09:05:00
2018_1004028,50046,311,35.71358889321611,139.35686747932016,TSUTAYA 昭島店,松原町1-5-14,Bookstore,4bf58dd8d48988d114951735,29,Fussa,35.73667,139.32361,JP,2018-04-28 09:58:00
2018_1004033,50046,4,35.71341082759238,139.36115293563006,昭島駅 (Akishima Sta.),昭和町2-1-10,Train Station,4bf58dd8d48988d129951735,59,Fussa,35.73667,139.32361,JP,2018-05-05 08:52:00
2018_1004033,50046,35,35.642412535750246,139.28288798022228,高尾駅 (Takao Sta.),高尾町/初沢町,Train Station,4bf58dd8d48988d129951735,59,Hachiōji,35.65583,139.32389,JP,2018-05-05 16:45:00
2018_1004044,50046,31,35.760225941206684,139.358292554971,ジョイフル本田,殿ケ谷442,Furniture / Home Store,4bf58dd8d48988d1f8941735,191,Fussa,35.73667,139.32361,JP,2018-06-08 10:11:00
2018_1004044,50046,158,35.742865858657346,139.3281601243152,西友 福生店,東町5-1,Supermarket,52f2ab2ebcbc57f1066b8b46,309,Fussa,35.73667,139.32361,JP,2018-06-08 12:37:00
2018_1004046,50046,4543,35.597259910396374,139.3114260486873,町田商店 城山店,緑区原宿2-10-4,Ramen Restaurant,55a59bace4b013909087cb24,335,Hachiōji,35.65583,139.32389,JP,2018-06-15 12:54:00
2018_1004046,50046,3812,35.64055538316099,139.33283828433653,竜泉寺の湯 八王子みなみ野店,片倉町3505,Spa,4bf58dd8d48988d1ed941735,177,Hachiōji,35.65583,139.32389,JP,2018-06-15 15:48:00
2018_1004048,50046,31,35.760225941206684,139.358292554971,ジョイフル本田,殿ケ谷442,Furniture / Home Store,4bf58dd8d48988d1f8941735,191,Fussa,35.73667,139.32361,JP,2018-07-01 09:13:00
2018_1004048,50046,2093,35.76103997319449,139.31607825227087,ラーメン五ノ神,五ノ神4-6-9,Ramen Restaurant,55a59bace4b013909087cb24,335,Fussa,35.73667,139.32361,JP,2018-07-01 10:19:00
2018_1004049,50046,999,35.7436748,139.3246377,丸亀製麺,福生1067-5,Udon Restaurant,55a59bace4b013909087cb2a,337,Fussa,35.73667,139.32361,JP,2018-07-02 10:26:00
2018_1004049,50046,148,35.742284490234205,139.3280192636421,福生駅 (Fussa Sta.),本町137,Train Station,4bf58dd8d48988d129951735,59,Fussa,35.73667,139.32361,JP,2018-07-02 14:25:00
2018_1004052,50046,783,35.76737727131013,139.31115379879412,羽村市役所,緑ヶ丘5-2-1,City Hall,4bf58dd8d48988d129941735,58,Fussa,35.73667,139.32361,JP,2018-07-13 00:28:00
2018_1004052,50046,3932,35.78468889138269,139.31290228015934,来来亭 青梅店,新町7-2,Ramen Restaurant,55a59bace4b013909087cb24,335,Fussa,35.73667,139.32361,JP,2018-07-13 03:23:00
2018_1004054,50046,311,35.71358889321611,139.35686747932016,TSUTAYA 昭島店,松原町1-5-14,Bookstore,4bf58dd8d48988d114951735,29,Fussa,35.73667,139.32361,JP,2018-07-15 09:12:00
2018_1004054,50046,2632,35.732916624891494,139.32561398406207,カッパ64,北田園1-6-9,Ramen Restaurant,55a59bace4b013909087cb24,335,Fussa,35.73667,139.32361,JP,2018-07-15 09:40:00
2018_1004056,50046,325,35.71425006735572,139.36595614522173,ケーズデンキ 昭島店,つつじが丘2-8-25,Electronics Store,4bf58dd8d48988d122951735,48,Fussa,35.73667,139.32361,JP,2018-08-05 11:44:00
2018_1004056,50046,2093,35.76103997319449,139.31607825227087,ラーメン五ノ神,五ノ神4-6-9,Ramen Restaurant,55a59bace4b013909087cb24,335,Fussa,35.73667,139.32361,JP,2018-08-05 13:06:00
2018_1004059,50046,1751,35.75821795549495,139.3265080142437,スーパーオートバックス SA羽村店,神明台4-1-1,Automotive Shop,4bf58dd8d48988d124951735,52,Fussa,35.73667,139.32361,JP,2018-08-18 01:59:00
2018_1004059,50046,31,35.760225941206684,139.358292554971,ジョイフル本田,殿ケ谷442,Furniture / Home Store,4bf58dd8d48988d1f8941735,191,Fussa,35.73667,139.32361,JP,2018-08-18 09:29:00
2018_1004059,50046,83,35.73477061492302,139.27481174119748,イオンモール日の出,平井237-3,Shopping Mall,4bf58dd8d48988d1fd941735,200,Fussa,35.73667,139.32361,JP,2018-08-18 11:25:00
2018_1023510,51031,1554,35.68732250185147,139.30474765598774,スシロー,楢原町819-1,Sushi Restaurant,4bf58dd8d48988d1d2941735,158,Hachiōji,35.65583,139.32389,JP,2017-10-10 11:19:00
2018_1023510,51031,539,35.609436,139.34454,ロテン・ガーデン,相原町358,Hot Spring,4bf58dd8d48988d160941735,92,Hachiōji,35.65583,139.32389,JP,2017-10-10 12:50:00
2018_1023513,51031,2275,35.77795535750521,139.30989225043646,トヨタモビリティパーツ 多摩営業所,末広町1-2-5,Automotive Shop,4bf58dd8d48988d124951735,52,Fussa,35.73667,139.32361,JP,2017-12-14 00:46:00
2018_1023513,51031,3259,35.786246563405086,139.30670841079385,アストロプロダクツ 青梅店,新町4-21-5,Hardware Store,4bf58dd8d48988d112951735,26,Fussa,35.73667,139.32361,JP,2017-12-14 01:38:00
2018_1023513,51031,694,35.72834459926376,139.28871400659625,池谷精肉店,秋川1-2-5,Ramen Restaurant,55a59bace4b013909087cb24,335,Fussa,35.73667,139.32361,JP,2017-12-14 03:01:00
2018_1023514,51031,4230,35.642822,139.289156,イーアス高尾,東浅川町550-1,Shopping Mall,4bf58dd8d48988d1fd941735,200,Hachiōji,35.65583,139.32389,JP,2017-12-20 04:02:00
2018_1023514,51031,3812,35.64055538316099,139.33283828433653,竜泉寺の湯 八王子みなみ野店,片倉町3505,Spa,4bf58dd8d48988d1ed941735,177,Hachiōji,35.65583,139.32389,JP,2017-12-20 11:11:00
2018_1023516,51031,584,35.6777383435228,139.33580584794746,CAREZZA 八王子店,左入町749-1,Automotive Shop,4bf58dd8d48988d124951735,52,Hachiōji,35.65583,139.32389,JP,2018-01-07 05:24:00
2018_1023516,51031,705,35.68699631440366,139.30702083838702,ケーヨーデイツー 楢原店,楢原町1818-15,Furniture / Home Store,4bf58dd8d48988d1f8941735,191,Hachiōji,35.65583,139.32389,JP,2018-01-07 05:49:00
2018_1023517,51031,1221,35.65185215714851,139.33357385609872,ラウンドワン 八王子店,万町53-1,Bowling Alley,4bf58dd8d48988d1e4931735,169,Hachiōji,35.65583,139.32389,JP,2018-01-20 06:38:00
2018_1023517,51031,625,35.643026272424216,139.33933509205818,ゆきむら亭 八王子店,片倉町489-4,Ramen Restaurant,55a59bace4b013909087cb24,335,Hachiōji,35.65583,139.32389,JP,2018-01-20 10:02:00
2018_1023518,51031,170,35.65675124866591,139.31254565812011,西八王子駅 (Nishi-Hachiōji Sta.) (JC23),千人町2-21-1,Train Station,4bf58dd8d48988d129951735,59,Hachiōji,35.65583,139.32389,JP,2018-02-03 00:43:00
2018_1023518,51031,2,35.65561,139.3389,八王子駅 (Hachiōji Sta.),旭町1-1,Train Station,4bf58dd8d48988d129951735,59,Hachiōji,35.65583,139.32389,JP,2018-02-03 00:55:00
2018_1023518,51031,25,35.631220779039005,139.33104367558497,八王子みなみ野駅 (Hachiōjiminamino Sta.),みなみ野1-1-1,Train Station,4bf58dd8d48988d129951735,59,Hachiōji,35.65583,139.32389,JP,2018-02-03 01:05:00
2018_1023519,51031,83,35.73477061492302,139.27481174119748,イオンモール日の出,平井237-3,Shopping Mall,4bf58dd8d48988d1fd941735,200,Fussa,35.73667,139.32361,JP,2018-02-11 09:40:00
2018_1023519,51031,1398,35.72300818300354,139.29635401466462,すき家,秋留2-1-5,Donburi Restaurant,55a59bace4b013909087cb0c,331,Fussa,35.73667,139.32361,JP,2018-02-11 10:53:00
2018_1023521,51031,83,35.73477061492302,139.27481174119748,イオンモール日の出,平井237-3,Shopping Mall,4bf58dd8d48988d1fd941735,200,Fussa,35.73667,139.32361,JP,2018-02-24 11:09:00
2018_1023521,51031,4605,,,,,Home (private),4bf58dd8d48988d103941735,3,Hachiōji,35.65583,139.32389,JP,2018-02-24 15:46:00
2018_1023522,51031,83,35.73477061492302,139.27481174119748,イオンモール日の出,平井237-3,Shopping Mall,4bf58dd8d48988d1fd941735,200,Fussa,35.73667,139.32361,JP,2018-02-25 10:02:00
2018_1023522,51031,4605,,,,,Home (private),4bf58dd8d48988d103941735,3,Hachiōji,35.65583,139.32389,JP,2018-02-25 12:32:00
2018_1023524,51031,4605,,,,,Home (private),4bf58dd8d48988d103941735,3,Hachiōji,35.65583,139.32389,JP,2018-03-02 23:02:00
2018_1023524,51031,2087,35.680485754931105,139.2953501538519,オザム,諏訪町499,Supermarket,52f2ab2ebcbc57f1066b8b46,309,Hachiōji,35.65583,139.32389,JP,2018-03-03 04:00:00
2018_1023525,51031,4230,35.642822,139.289156,イーアス高尾,東浅川町550-1,Shopping Mall,4bf58dd8d48988d1fd941735,200,Hachiōji,35.65583,139.32389,JP,2018-03-04 10:57:00
2018_1023525,51031,4605,,,,,Home (private),4bf58dd8d48988d103941735,3,Hachiōji,35.65583,139.32389,JP,2018-03-04 12:20:00
2018_1023527,51031,2087,35.680485754931105,139.2953501538519,オザム,諏訪町499,Supermarket,52f2ab2ebcbc57f1066b8b46,309,Hachiōji,35.65583,139.32389,JP,2018-03-08 11:31:00
2018_1023527,51031,4605,,,,,Home (private),4bf58dd8d48988d103941735,3,Hachiōji,35.65583,139.32389,JP,2018-03-08 11:47:00
2018_1023531,51031,4605,,,,,Home (private),4bf58dd8d48988d103941735,3,Hachiōji,35.65583,139.32389,JP,2018-03-16 22:20:00
2018_1023531,51031,4605,,,,,Home (private),4bf58dd8d48988d103941735,3,Hachiōji,35.65583,139.32389,JP,2018-03-17 06:52:00
2018_1023531,51031,2,35.65561,139.3389,八王子駅 (Hachiōji Sta.),旭町1-1,Train Station,4bf58dd8d48988d129951735,59,Hachiōji,35.65583,139.32389,JP,2018-03-17 09:35:00
2018_1023531,51031,170,35.65675124866591,139.31254565812011,西八王子駅 (Nishi-Hachiōji Sta.) (JC23),千人町2-21-1,Train Station,4bf58dd8d48988d129951735,59,Hachiōji,35.65583,139.32389,JP,2018-03-17 12:26:00
2018_1023531,51031,4338,35.68009196337978,139.26811720751738,菅原神社,下恩方町618,Shrine,4eb1d80a4b900d56c88a45ff,229,Hachiōji,35.65583,139.32389,JP,2018-03-17 12:52:00
2018_1023531,51031,4605,,,,,Home (private),4bf58dd8d48988d103941735,3,Hachiōji,35.65583,139.32389,JP,2018-03-17 13:01:00
2018_1023532,51031,2335,35.7318041483671,139.27216713593276,公立阿伎留医療センター,引田78-1,Medical Center,4bf58dd8d48988d104941735,5,Fussa,35.73667,139.32361,JP,2018-03-18 13:17:00
2018_1023532,51031,4605,,,,,Home (private),4bf58dd8d48988d103941735,3,Hachiōji,35.65583,139.32389,JP,2018-03-18 14:28:00
2018_1023533,51031,1837,35.68100475222379,139.2645052805863,八王子市立元木小学校,下恩方町515-1,Elementary School,4f4533804b9074f6e4fb0105,242,Hachiōji,35.65583,139.32389,JP,2018-03-22 00:10:00
2018_1023533,51031,4605,,,,,Home (private),4bf58dd8d48988d103941735,3,Hachiōji,35.65583,139.32389,JP,2018-03-22 03:45:00
2018_1023533,51031,83,35.73477061492302,139.27481174119748,イオンモール日の出,平井237-3,Shopping Mall,4bf58dd8d48988d1fd941735,200,Fussa,35.73667,139.32361,JP,2018-03-22 04:50:00
2018_1023534,51031,762,35.678886311670965,139.28210573268188,セブンイレブン 八王子大楽寺店,大楽寺町148-1,Convenience Store,4d954b0ea243a5684a65b473,215,Hachiōji,35.65583,139.32389,JP,2018-03-30 22:35:00
2018_1023534,51031,2031,35.6407226528727,139.26854090322345,駒木野病院,裏高尾町273,Hospital,4bf58dd8d48988d196941735,129,Hachiōji,35.65583,139.32389,JP,2018-03-31 04:34:00
2018_1023537,51031,762,35.678886311670965,139.28210573268188,セブンイレブン 八王子大楽寺店,大楽寺町148-1,Convenience Store,4d954b0ea243a5684a65b473,215,Hachiōji,35.65583,139.32389,JP,2018-04-14 02:45:00
2018_1023537,51031,4605,,,,,Home (private),4bf58dd8d48988d103941735,3,Hachiōji,35.65583,139.32389,JP,2018-04-14 02:56:00
2018_1023537,51031,4230,35.642822,139.289156,イーアス高尾,東浅川町550-1,Shopping Mall,4bf58dd8d48988d1fd941735,200,Hachiōji,35.65583,139.32389,JP,2018-04-14 10:26:00
2018_1023537,51031,646,35.68735410412248,139.30474550350675,蔦屋書店 八王子楢原店,楢原町819-1,Bookstore,4bf58dd8d48988d114951735,29,Hachiōji,35.65583,139.32389,JP,2018-04-14 12:00:00
2018_1023538,51031,762,35.678886311670965,139.28210573268188,セブンイレブン 八王子大楽寺店,大楽寺町148-1,Convenience Store,4d954b0ea243a5684a65b473,215,Hachiōji,35.65583,139.32389,JP,2018-04-20 09:03:00
2018_1023538,51031,1554,35.68732250185147,139.30474765598774,スシロー,楢原町819-1,Sushi Restaurant,4bf58dd8d48988d1d2941735,158,Hachiōji,35.65583,139.32389,JP,2018-04-20 11:42:00
2018_1023540,51031,86,35.7465645056559,139.3847680091858,イオンモールむさし村山,榎1-1-3,Shopping Mall,4bf58dd8d48988d1fd941735,200,Fussa,35.73667,139.32361,JP,2018-04-22 04:55:00
2018_1023540,51031,1055,35.678032189902545,139.27021622657776,エコスたいらや 西寺方店,西寺方町482-1,Supermarket,52f2ab2ebcbc57f1066b8b46,309,Hachiōji,35.65583,139.32389,JP,2018-04-22 12:45:00
2018_1023541,51031,4605,,,,,Home (private),4bf58dd8d48988d103941735,3,Hachiōji,35.65583,139.32389,JP,2018-04-27 22:41:00
2018_1023541,51031,2031,35.6407226528727,139.26854090322345,駒木野病院,裏高尾町273,Hospital,4bf58dd8d48988d196941735,129,Hachiōji,35.65583,139.32389,JP,2018-04-28 03:32:00
2018_1023542,51031,4030,35.677471,139.286637,理容 cut-A 八王子西店,諏訪町31,Salon / Barbershop,4bf58dd8d48988d110951735,22,Hachiōji,35.65583,139.32389,JP,2018-04-30 05:34:00
2018_1023542,51031,705,35.68699631440366,139.30702083838702,ケーヨーデイツー 楢原店,楢原町1818-15,Furniture / Home Store,4bf58dd8d48988d1f8941735,191,Hachiōji,35.65583,139.32389,JP,2018-04-30 08:10:00
2018_1023542,51031,4605,,,,,Home (private),4bf58dd8d48988d103941735,3,Hachiōji,35.65583,139.32389,JP,2018-04-30 08:34:00
2018_1023542,51031,587,35.68029428559444,139.30776802437668,サイゼリヤ,楢原町461,Italian Restaurant,4bf58dd8d48988d110941735,21,Hachiōji,35.65583,139.32389,JP,2018-04-30 12:05:00
2018_1023543,51031,3503,35.76732644586304,139.34966449562046,箱根ヶ崎バス停,,Bus Stop,52f2ab2ebcbc57f1066b8b4f,314,Fussa,35.73667,139.32361,JP,2018-05-01 00:49:00
2018_1023543,51031,31,35.760225941206684,139.358292554971,ジョイフル本田,殿ケ谷442,Furniture / Home Store,4bf58dd8d48988d1f8941735,191,Fussa,35.73667,139.32361,JP,2018-05-01 00:57:00
2018_1058953,52894,862,35.7213702,139.3436575,吉野家,松原町4-14-4,Donburi Restaurant,55a59bace4b013909087cb0c,331,Fussa,35.73667,139.32361,JP,2017-10-08 07:36:00
2018_1058953,52894,635,35.71290744255982,139.35947142541409,すき家,昭和町5-14-17,Donburi Restaurant,55a59bace4b013909087cb0c,331,Fussa,35.73667,139.32361,JP,2017-10-08 15:04:00
2018_1058956,52894,3567,35.75673274424354,139.34206940324736,ドン・キホーテ 多摩瑞穂店,むさし野3-11-3,Discount Store,52dea92d3cf9994f4e043dbb,265,Fussa,35.73667,139.32361,JP,2017-10-23 11:09:00
2018_1058956,52894,2761,35.7339213743188,139.32407657158856,牛角,北田園1-20-1,BBQ Joint,4bf58dd8d48988d1df931735,164,Fussa,35.73667,139.32361,JP,2017-10-23 11:46:00
2018_1058957,52894,3663,35.723076,139.343345,ゆいま～る食堂 ひだまり,熊川1403-1,Japanese Restaurant,4bf58dd8d48988d111941735,23,Fussa,35.73667,139.32361,JP,2017-10-28 01:20:00
2018_1058957,52894,3815,35.73226761352266,139.33171408894975,ロイヤルキッチン,熊川985,Indian Restaurant,4bf58dd8d48988d10f941735,19,Fussa,35.73667,139.32361,JP,2017-10-28 04:39:00
2018_1058957,52894,2667,35.72121745229161,139.3423048905056,月宵,松原町5-1-20,Bar,4bf58dd8d48988d116941735,31,Fussa,35.73667,139.32361,JP,2017-10-28 15:06:00
2018_1058958,52894,635,35.71290744255982,139.35947142541409,すき家,昭和町5-14-17,Donburi Restaurant,55a59bace4b013909087cb0c,331,Fussa,35.73667,139.32361,JP,2017-10-30 11:23:00
2018_1058958,52894,696,35.71487074930694,139.36275237419994,MOVIX昭島,代官山2-4-2,Multiplex,4bf58dd8d48988d180941735,116,Fussa,35.73667,139.32361,JP,2017-10-30 11:47:00
2018_1058960,52894,2,35.65561,139.3389,八王子駅 (Hachiōji Sta.),旭町1-1,Train Station,4bf58dd8d48988d129951735,59,Hachiōji,35.65583,139.32389,JP,2017-11-10 12:21:00
2018_1058960,52894,4464,35.656723,139.33754,Vape Life Garden 八王子店,旭町6-5,Vape Store,56aa371be4b08b9a8d57355c,347,Hachiōji,35.65583,139.32389,JP,2017-11-10 12:47:00
2018_1058960,52894,4436,35.65695354623498,139.3365761259828,立呑み晩杯屋 八王子店,三崎町2-7,Sake Bar,4bf58dd8d48988d11c941735,40,Hachiōji,35.65583,139.32389,JP,2017-11-10 13:28:00
2018_1058960,52894,2667,35.72121745229161,139.3423048905056,月宵,松原町5-1-20,Bar,4bf58dd8d48988d116941735,31,Fussa,35.73667,139.32361,JP,2017-11-10 16:50:00
2018_1058961,52894,850,35.72113147423008,139.34437186533043,イタリアン・トマトカフェJr. 西武拝島駅店,美堀町5-21-2,Italian Restaurant,4bf58dd8d48988d110941735,21,Fussa,35.73667,139.32361,JP,2017-11-12 03:29:00
2018_1058961,52894,2591,35.770762771557756,139.30932149291039,しゃぶ葉,栄町2-14-1,Buffet,52e81612bcbc57f1066b79f4,272,Fussa,35.73667,139.32361,JP,2017-11-12 05:46:00
2018_1058963,52894,1606,35.7332863,139.3309249,ステーキのどん 福生店,牛浜43-1,Steakhouse,4bf58dd8d48988d1cc941735,154,Fussa,35.73667,139.32361,JP,2017-11-18 11:50:00
2018_1058963,52894,3931,35.73376939511184,139.3338570136211,カラオケまねきねこ 福生店,牛浜91-2,General Entertainment,4bf58dd8d48988d1f1931735,181,Fussa,35.73667,139.32361,JP,2017-11-18 15:30:00
2018_1058964,52894,1985,35.72815674662739,139.34262904157686,太平,熊川1311-2,Noodle House,4bf58dd8d48988d1d1941735,157,Fussa,35.73667,139.32361,JP,2017-11-19 05:58:00
2018_1058964,52894,729,35.718339,139.335768,スシロー,熊川261-1,Sushi Restaurant,4bf58dd8d48988d1d2941735,158,Fussa,35.73667,139.32361,JP,2017-11-19 11:51:00
2018_1058964,52894,700,35.793937676160056,139.315965722569,Starbucks,新町 6-9-4,Coffee Shop,4bf58dd8d48988d1e0931735,166,Fussa,35.73667,139.32361,JP,2017-11-19 13:34:00
2018_1058965,52894,1768,35.72106315830489,139.34241906172653,串焼き処大柴,松原町5-1-21,Japanese Restaurant,4bf58dd8d48988d111941735,23,Fussa,35.73667,139.32361,JP,2017-11-22 13:34:00
2018_1058965,52894,2667,35.72121745229161,139.3423048905056,月宵,松原町5-1-20,Bar,4bf58dd8d48988d116941735,31,Fussa,35.73667,139.32361,JP,2017-11-22 15:24:00
2018_1058967,52894,4537,35.74183970192292,139.32737190596558,ワイモバイル福生,大字福生767 ふじや第一ビル,Mobile Phone Shop,4f04afc02fb6e1c99f3db0bc,233,Fussa,35.73667,139.32361,JP,2017-11-26 03:27:00
2018_1058967,52894,4538,35.74054135971573,139.32940042091167,玄米ごはんとお酒 ごしま,本町45,Japanese Restaurant,4bf58dd8d48988d111941735,23,Fussa,35.73667,139.32361,JP,2017-11-26 03:59:00
2018_1058972,52894,2740,35.71255038271029,139.36170262030714,一八,昭和町2-2-12,Sake Bar,4bf58dd8d48988d11c941735,40,Fussa,35.73667,139.32361,JP,2017-12-15 09:33:00
2018_1058972,52894,2667,35.72121745229161,139.3423048905056,月宵,松原町5-1-20,Bar,4bf58dd8d48988d116941735,31,Fussa,35.73667,139.32361,JP,2017-12-15 11:54:00
2018_1058974,52894,1719,,,,,Sake Bar,4bf58dd8d48988d11c941735,40,Fussa,35.73667,139.32361,JP,2017-12-22 11:55:00
2018_1058974,52894,148,35.742284490234205,139.3280192636421,福生駅 (Fussa Sta.),本町137,Train Station,4bf58dd8d48988d129951735,59,Fussa,35.73667,139.32361,JP,2017-12-22 12:58:00
2018_1058975,52894,4120,35.72280968743125,139.34367294656914,ハイデン.コッコFACTORY らーめん 凛々,熊川1655-3,Noodle House,4bf58dd8d48988d1d1941735,157,Fussa,35.73667,139.32361,JP,2017-12-24 05:14:00
2018_1058975,52894,3461,35.742017535121015,139.37082156973798,ドミノ・ピザ 武蔵村山伊奈平店,伊奈平5-97-1,Pizza Place,4bf58dd8d48988d1ca941735,153,Fussa,35.73667,139.32361,JP,2017-12-24 10:31:00
2018_1058977,52894,3834,35.720965555320916,139.34774313077423,手打ちそば・カフェ ｢るりはりや｣,美堀町5-18-1,Soba Restaurant,55a59bace4b013909087cb27,336,Fussa,35.73667,139.32361,JP,2017-12-31 10:09:00
2018_1058977,52894,159,35.70522872514693,139.34684748702537,拝島大師,拝島町1-6-15,Buddhist Temple,52e81612bcbc57f1066b7a3e,292,Fussa,35.73667,139.32361,JP,2017-12-31 17:35:00
2018_1058978,52894,3637,35.71718175082156,139.3623561090481,上島珈琲店,田中町610-4,Café,4bf58dd8d48988d16d941735,103,Fussa,35.73667,139.32361,JP,2018-01-02 06:34:00
2018_1058978,52894,4303,35.721252,139.34247,まーじゃん GEN,松原町4-13-10,Casino,4bf58dd8d48988d17c941735,115,Fussa,35.73667,139.32361,JP,2018-01-02 10:37:00
2018_1058980,52894,2,35.65561,139.3389,八王子駅 (Hachiōji Sta.),旭町1-1,Train Station,4bf58dd8d48988d129951735,59,Hachiōji,35.65583,139.32389,JP,2018-01-15 11:44:00
2018_1058980,52894,4436,35.65695354623498,139.3365761259828,立呑み晩杯屋 八王子店,三崎町2-7,Sake Bar,4bf58dd8d48988d11c941735,40,Hachiōji,35.65583,139.32389,JP,2018-01-15 13:04:00
2018_1058981,52894,3306,35.713265004818744,139.36125475683275,目利きの銀次 昭島南口駅前店,昭和町2-1-14,Japanese Restaurant,4bf58dd8d48988d111941735,23,Fussa,35.73667,139.32361,JP,2018-01-19 11:22:00
2018_1058981,52894,2667,35.72121745229161,139.3423048905056,月宵,松原町5-1-20,Bar,4bf58dd8d48988d116941735,31,Fussa,35.73667,139.32361,JP,2018-01-19 12:31:00
2018_1058982,52894,1003,35.77629100178368,139.3028037250042,マクドナルド,小作台1-15-2,Fast Food Restaurant,4bf58dd8d48988d16e941735,104,Fussa,35.73667,139.32361,JP,2018-01-20 11:47:00
2018_1058982,52894,2765,35.777130468227696,139.30275382173727,旬彩活肴   一喜,小作台1丁目13-3,Sake Bar,4bf58dd8d48988d11c941735,40,Fussa,35.73667,139.32361,JP,2018-01-20 12:54:00
2018_1058982,52894,2667,35.72121745229161,139.3423048905056,月宵,松原町5-1-20,Bar,4bf58dd8d48988d116941735,31,Fussa,35.73667,139.32361,JP,2018-01-20 15:35:00
2018_1058985,52894,32,35.71403054585699,139.36237692832947,モリタウン (mori town),代官山2-3-1,Shopping Mall,4bf58dd8d48988d1fd941735,200,Fussa,35.73667,139.32361,JP,2018-01-28 06:28:00
2018_1058985,52894,1485,35.72052322932222,139.3166210762209,和食よへい あきる野小川店,小川3-1,Japanese Restaurant,4bf58dd8d48988d111941735,23,Fussa,35.73667,139.32361,JP,2018-01-28 11:13:00
2018_1058986,52894,2224,35.74188011943215,139.32944600113896,DREAM,,Salon / Barbershop,4bf58dd8d48988d110951735,22,Fussa,35.73667,139.32361,JP,2018-01-31 10:27:00
2018_1058986,52894,3422,35.743297,139.331581,しょうちゃん,福生876,Tonkatsu Restaurant,55a59af1e4b013909087cb03,328,Fussa,35.73667,139.32361,JP,2018-01-31 10:57:00
2018_1058986,52894,2667,35.72121745229161,139.3423048905056,月宵,松原町5-1-20,Bar,4bf58dd8d48988d116941735,31,Fussa,35.73667,139.32361,JP,2018-01-31 11:20:00
2018_1190474,60393,2,35.65561,139.3389,八王子駅 (Hachiōji Sta.),旭町1-1,Train Station,4bf58dd8d48988d129951735,59,Hachiōji,35.65583,139.32389,JP,2017-10-07 06:59:00
2018_1190474,60393,397,35.65785735557807,139.34248132889869,TSUTAYA 京王八王子駅前店,明神町4-7,Video Store,4bf58dd8d48988d126951735,54,Hachiōji,35.65583,139.32389,JP,2017-10-07 07:09:00
2018_1190474,60393,11,35.59495276013401,139.34499388615959,橋本駅 (Hashimoto Sta.),緑区橋本6/2,Train Station,4bf58dd8d48988d129951735,59,Hachiōji,35.65583,139.32389,JP,2017-10-07 16:05:00
2018_1190474,60393,4,35.71341082759238,139.36115293563006,昭島駅 (Akishima Sta.),昭和町2-1-10,Train Station,4bf58dd8d48988d129951735,59,Fussa,35.73667,139.32361,JP,2017-10-07 16:39:00
2018_1190475,60393,18,35.72118017284569,139.34375983717834,拝島駅 (Haijima Sta.),松原町4-14-4 / 美堀町5-21-2,Train Station,4bf58dd8d48988d129951735,59,Fussa,35.73667,139.32361,JP,2017-10-10 23:54:00
2018_1190475,60393,35,35.642412535750246,139.28288798022228,高尾駅 (Takao Sta.),高尾町/初沢町,Train Station,4bf58dd8d48988d129951735,59,Hachiōji,35.65583,139.32389,JP,2017-10-11 00:38:00
2018_1190475,60393,2,35.65561,139.3389,八王子駅 (Hachiōji Sta.),旭町1-1,Train Station,4bf58dd8d48988d129951735,59,Hachiōji,35.65583,139.32389,JP,2017-10-11 08:23:00
2018_1190475,60393,3296,35.65712190040893,139.33884859085083,クリスピー・クリーム・ドーナツ,旭町9-1,Donut Shop,4bf58dd8d48988d148941735,79,Hachiōji,35.65583,139.32389,JP,2017-10-11 08:33:00
2018_1190475,60393,2,35.65561,139.3389,八王子駅 (Hachiōji Sta.),旭町1-1,Train Station,4bf58dd8d48988d129951735,59,Hachiōji,35.65583,139.32389,JP,2017-10-11 10:44:00
2018_1190475,60393,1824,35.72103971907179,139.34279941512918,ラーメンショップ マルキチェーン 拝島店,松原町4-13-20,Ramen Restaurant,55a59bace4b013909087cb24,335,Fussa,35.73667,139.32361,JP,2017-10-11 11:42:00
2018_1190476,60393,18,35.72118017284569,139.34375983717834,拝島駅 (Haijima Sta.),松原町4-14-4 / 美堀町5-21-2,Train Station,4bf58dd8d48988d129951735,59,Fussa,35.73667,139.32361,JP,2017-10-12 01:54:00
2018_1190476,60393,2,35.65561,139.3389,八王子駅 (Hachiōji Sta.),旭町1-1,Train Station,4bf58dd8d48988d129951735,59,Hachiōji,35.65583,139.32389,JP,2017-10-12 02:15:00
2018_1190476,60393,3236,35.665674908354525,139.281964302063,星槎国際八王子,元八王子町2-1419,High School,4bf58dd8d48988d13d941735,73,Hachiōji,35.65583,139.32389,JP,2017-10-12 02:37:00
2018_1190478,60393,18,35.72118017284569,139.34375983717834,拝島駅 (Haijima Sta.),松原町4-14-4 / 美堀町5-21-2,Train Station,4bf58dd8d48988d129951735,59,Fussa,35.73667,139.32361,JP,2017-10-17 23:51:00
2018_1190478,60393,35,35.642412535750246,139.28288798022228,高尾駅 (Takao Sta.),高尾町/初沢町,Train Station,4bf58dd8d48988d129951735,59,Hachiōji,35.65583,139.32389,JP,2017-10-18 00:25:00
2018_1190479,60393,2,35.65561,139.3389,八王子駅 (Hachiōji Sta.),旭町1-1,Train Station,4bf58dd8d48988d129951735,59,Hachiōji,35.65583,139.32389,JP,2017-10-18 08:29:00
2018_1190479,60393,18,35.72118017284569,139.34375983717834,拝島駅 (Haijima Sta.),松原町4-14-4 / 美堀町5-21-2,Train Station,4bf58dd8d48988d129951735,59,Fussa,35.73667,139.32361,JP,2017-10-18 08:50:00
2018_1190480,60393,213,35.641292,139.2837,西海製麺所,初沢町1231-5,Ramen Restaurant,55a59bace4b013909087cb24,335,Hachiōji,35.65583,139.32389,JP,2017-10-19 08:27:00
2018_1190480,60393,2,35.65561,139.3389,八王子駅 (Hachiōji Sta.),旭町1-1,Train Station,4bf58dd8d48988d129951735,59,Hachiōji,35.65583,139.32389,JP,2017-10-19 09:01:00
2018_1190480,60393,220,35.6579677,139.3385634,アドアーズ 八王子店,東町11-3,Arcade,4bf58dd8d48988d1e1931735,167,Hachiōji,35.65583,139.32389,JP,2017-10-19 09:06:00
2018_1190482,60393,3748,35.714669412810174,139.36107926809535,昭島駅前耳鼻咽喉科,代官山2-9-1,Doctor's Office,4bf58dd8d48988d177941735,111,Fussa,35.73667,139.32361,JP,2017-10-24 02:04:00
2018_1190482,60393,2965,35.714647581145705,139.3607695549123,なの花薬局 昭島駅前店,代官山2-9-4,Pharmacy,4bf58dd8d48988d10f951735,20,Fussa,35.73667,139.32361,JP,2017-10-24 02:48:00
2018_1190483,60393,4,35.71341082759238,139.36115293563006,昭島駅 (Akishima Sta.),昭和町2-1-10,Train Station,4bf58dd8d48988d129951735,59,Fussa,35.73667,139.32361,JP,2017-10-27 10:00:00
2018_1190483,60393,799,35.718696,139.364463,フォレスト・イン昭和館,代官山1-3-1,Hotel,4bf58dd8d48988d1fa931735,194,Fussa,35.73667,139.32361,JP,2017-10-27 10:50:00
2018_1190485,60393,4227,35.72091104911076,139.34250616785073,HAIJIMA Bal＆Cafe AIRE,松原町5-1-25,Café,4bf58dd8d48988d16d941735,103,Fussa,35.73667,139.32361,JP,2017-10-31 07:57:00
2018_1190485,60393,1714,35.7201891104697,139.34344321489334,K'sバー,松原町4-12-8,Bar,4bf58dd8d48988d116941735,31,Fussa,35.73667,139.32361,JP,2017-10-31 14:29:00
2018_1190486,60393,170,35.65675124866591,139.31254565812011,西八王子駅 (Nishi-Hachiōji Sta.) (JC23),千人町2-21-1,Train Station,4bf58dd8d48988d129951735,59,Hachiōji,35.65583,139.32389,JP,2017-11-09 01:51:00
2018_1190486,60393,3236,35.665674908354525,139.281964302063,星槎国際八王子,元八王子町2-1419,High School,4bf58dd8d48988d13d941735,73,Hachiōji,35.65583,139.32389,JP,2017-11-09 02:23:00
2018_1190486,60393,3352,35.65841447881,139.33589773271646,串カツ田中,中町7-10,Japanese Restaurant,4bf58dd8d48988d111941735,23,Hachiōji,35.65583,139.32389,JP,2017-11-09 09:15:00
2018_1190486,60393,364,35.74602827918759,139.3359742838957,東福生駅 (Higashi-Fussa Sta.),武蔵野台1-1-7,Train Station,4bf58dd8d48988d129951735,59,Fussa,35.73667,139.32361,JP,2017-11-09 12:26:00
2018_1190487,60393,3236,35.665674908354525,139.281964302063,星槎国際八王子,元八王子町2-1419,High School,4bf58dd8d48988d13d941735,73,Hachiōji,35.65583,139.32389,JP,2017-11-10 05:56:00
2018_1190487,60393,2122,35.72120874230476,139.3430322371413,庄や,松原町4-14-18,Sake Bar,4bf58dd8d48988d11c941735,40,Fussa,35.73667,139.32361,JP,2017-11-10 09:35:00
2018_1190489,60393,170,35.65675124866591,139.31254565812011,西八王子駅 (Nishi-Hachiōji Sta.) (JC23),千人町2-21-1,Train Station,4bf58dd8d48988d129951735,59,Hachiōji,35.65583,139.32389,JP,2017-11-16 02:03:00
2018_1190489,60393,2718,35.657105555293754,139.31256294250488,壱角家,千人町2-20-5,Ramen Restaurant,55a59bace4b013909087cb24,335,Hachiōji,35.65583,139.32389,JP,2017-11-16 02:07:00
2018_1190490,60393,18,35.72118017284569,139.34375983717834,拝島駅 (Haijima Sta.),松原町4-14-4 / 美堀町5-21-2,Train Station,4bf58dd8d48988d129951735,59,Fussa,35.73667,139.32361,JP,2017-11-17 03:04:00
2018_1190490,60393,4174,35.6577321156494,139.34022724628448,メロンパン専門店 MELON PAN 802,東町1-8,Bakery,4bf58dd8d48988d16a941735,100,Hachiōji,35.65583,139.32389,JP,2017-11-17 09:53:00
2018_1190490,60393,18,35.72118017284569,139.34375983717834,拝島駅 (Haijima Sta.),松原町4-14-4 / 美堀町5-21-2,Train Station,4bf58dd8d48988d129951735,59,Fussa,35.73667,139.32361,JP,2017-11-17 10:39:00
2018_1190490,60393,1639,35.72124841873752,139.34485530577427,ファミリーマート 西武拝島店,美堀町5-21-2,Convenience Store,4d954b0ea243a5684a65b473,215,Fussa,35.73667,139.32361,JP,2017-11-17 13:17:00
2018_1190491,60393,3236,35.665674908354525,139.281964302063,星槎国際八王子,元八王子町2-1419,High School,4bf58dd8d48988d13d941735,73,Hachiōji,35.65583,139.32389,JP,2017-11-18 15:27:00
2018_1190491,60393,1241,35.66589329624151,139.28844317793846,セブンイレブン 元八王子店,元八王子町1-449,Convenience Store,4d954b0ea243a5684a65b473,215,Hachiōji,35.65583,139.32389,JP,2017-11-18 18:09:00
2018_1190491,60393,3236,35.665674908354525,139.281964302063,星槎国際八王子,元八王子町2-1419,High School,4bf58dd8d48988d13d941735,73,Hachiōji,35.65583,139.32389,JP,2017-11-18 20:49:00
2018_1190492,60393,814,35.71527402114446,139.3621671113054,アミュージアム 昭島店,田中町573-1-2,Arcade,4bf58dd8d48988d1e1931735,167,Fussa,35.73667,139.32361,JP,2017-11-23 06:30:00
2018_1190492,60393,325,35.71425006735572,139.36595614522173,ケーズデンキ 昭島店,つつじが丘2-8-25,Electronics Store,4bf58dd8d48988d122951735,48,Fussa,35.73667,139.32361,JP,2017-11-23 07:17:00
2018_1190493,60393,11,35.59495276013401,139.34499388615959,橋本駅 (Hashimoto Sta.),緑区橋本6/2,Train Station,4bf58dd8d48988d129951735,59,Hachiōji,35.65583,139.32389,JP,2017-11-27 07:30:00
2018_1190493,60393,1120,35.5949512,139.3448336,BECK'S COFFEE SHOP,緑区橋本6-1-25,Coffee Shop,4bf58dd8d48988d1e0931735,166,Hachiōji,35.65583,139.32389,JP,2017-11-27 08:11:00
2018_1190493,60393,4175,35.59715794007793,139.34264537481684,肉汁餃子製作所 ダンダダン酒場,緑区橋本6-23-3,Dumpling Restaurant,4bf58dd8d48988d108941735,11,Hachiōji,35.65583,139.32389,JP,2017-11-27 11:34:00
2018_1190493,60393,11,35.59495276013401,139.34499388615959,橋本駅 (Hashimoto Sta.),緑区橋本6/2,Train Station,4bf58dd8d48988d129951735,59,Hachiōji,35.65583,139.32389,JP,2017-11-27 12:11:00
2018_1190494,60393,3236,35.665674908354525,139.281964302063,星槎国際八王子,元八王子町2-1419,High School,4bf58dd8d48988d13d941735,73,Hachiōji,35.65583,139.32389,JP,2017-11-29 01:03:00
2018_1190494,60393,286,35.6578474,139.3430238,GU,明神町3-27-1,Clothing Store,4bf58dd8d48988d103951735,4,Hachiōji,35.65583,139.32389,JP,2017-11-29 06:44:00
2018_1190494,60393,216,35.65698730962263,139.33872520896546,八王子オクトーレ (Hachioji Octore),旭町9-1,Shopping Plaza,5744ccdfe4b0c0459246b4dc,356,Hachiōji,35.65583,139.32389,JP,2017-11-29 07:44:00
2018_1190495,60393,18,35.72118017284569,139.34375983717834,拝島駅 (Haijima Sta.),松原町4-14-4 / 美堀町5-21-2,Train Station,4bf58dd8d48988d129951735,59,Fussa,35.73667,139.32361,JP,2017-12-01 07:46:00
2018_1190495,60393,2,35.65561,139.3389,八王子駅 (Hachiōji Sta.),旭町1-1,Train Station,4bf58dd8d48988d129951735,59,Hachiōji,35.65583,139.32389,JP,2017-12-01 08:13:00
2018_1190495,60393,3809,35.658467686611296,139.33856005201707,コメダ珈琲店,東町10-3,Café,4bf58dd8d48988d16d941735,103,Hachiōji,35.65583,139.32389,JP,2017-12-01 08:23:00
2018_1190495,60393,3786,35.65823389861246,139.3361057779865,CONA 八王子,中町6-11,Pizza Place,4bf58dd8d48988d1ca941735,153,Hachiōji,35.65583,139.32389,JP,2017-12-01 11:49:00
2018_1190496,60393,35,35.642412535750246,139.28288798022228,高尾駅 (Takao Sta.),高尾町/初沢町,Train Station,4bf58dd8d48988d129951735,59,Hachiōji,35.65583,139.32389,JP,2017-12-06 05:17:00
2018_1190496,60393,2,35.65561,139.3389,八王子駅 (Hachiōji Sta.),旭町1-1,Train Station,4bf58dd8d48988d129951735,59,Hachiōji,35.65583,139.32389,JP,2017-12-06 05:30:00
2018_1190496,60393,1352,35.656466023188216,139.33855395573082,シルクハット 八王子店,旭町2-5,Arcade,4bf58dd8d48988d1e1931735,167,Hachiōji,35.65583,139.32389,JP,2017-12-06 06:35:00
2018_1190496,60393,598,35.65712268168354,139.3406678970132,TUBO CAFE,旭町12-6,Café,4bf58dd8d48988d16d941735,103,Hachiōji,35.65583,139.32389,JP,2017-12-06 07:02:00
2018_1190496,60393,2,35.65561,139.3389,八王子駅 (Hachiōji Sta.),旭町1-1,Train Station,4bf58dd8d48988d129951735,59,Hachiōji,35.65583,139.32389,JP,2017-12-06 08:28:00
2018_1190496,60393,1326,35.654639063322705,139.33882782419246,ビックカメラ JR八王子駅店,旭町1-17,Electronics Store,4bf58dd8d48988d122951735,48,Hachiōji,35.65583,139.32389,JP,2017-12-06 08:31:00
2018_1190496,60393,284,35.6555699,139.338676,BECK'S COFFEE SHOP,旭町1-1,Café,4bf58dd8d48988d16d941735,103,Hachiōji,35.65583,139.32389,JP,2017-12-06 09:29:00
2018_1190498,60393,555,35.71390666540177,139.35581965215374,昭島 大和家,松原町1-9-1,Ramen Restaurant,55a59bace4b013909087cb24,335,Fussa,35.73667,139.32361,JP,2017-12-09 16:43:00
2018_1190498,60393,4052,35.7139383100791,139.35664125943148,セブンイレブン 昭島松原町1丁目店,松原町1-6-13,Convenience Store,4d954b0ea243a5684a65b473,215,Fussa,35.73667,139.32361,JP,2017-12-09 17:20:00
2018_1190499,60393,2013,35.71256575807888,139.36290464455607,ファミリーショップ　昭島店,昭和町1-14-16,Laundry Service,4bf58dd8d48988d1fc941735,199,Fussa,35.73667,139.32361,JP,2017-12-12 07:16:00
2018_1190499,60393,32,35.71403054585699,139.36237692832947,モリタウン (mori town),代官山2-3-1,Shopping Mall,4bf58dd8d48988d1fd941735,200,Fussa,35.73667,139.32361,JP,2017-12-12 07:33:00
2018_1190499,60393,548,35.714594,139.365331,はま寿司,つつじヶ丘2-8-45,Sushi Restaurant,4bf58dd8d48988d1d2941735,158,Fussa,35.73667,139.32361,JP,2017-12-12 07:38:00
2018_1190499,60393,1491,35.713870655660806,139.3628974125623,EXCELSIOR CAFFÉ Barista,代官山2-3-1,Coffee Shop,4bf58dd8d48988d1e0931735,166,Fussa,35.73667,139.32361,JP,2017-12-12 08:35:00
2018_1190499,60393,165,35.705931145232874,139.35413360500718,昭島市役所,田中町1-17-1,City Hall,4bf58dd8d48988d129941735,58,Fussa,35.73667,139.32361,JP,2017-12-12 09:55:00
2018_1190499,60393,3610,35.7057922679429,139.35458351784038,らーめん専門店 小川 昭島店,田中町1-24-17,Noodle House,4bf58dd8d48988d1d1941735,157,Fussa,35.73667,139.32361,JP,2017-12-12 12:20:00
2018_1190500,60393,3236,35.665674908354525,139.281964302063,星槎国際八王子,元八王子町2-1419,High School,4bf58dd8d48988d13d941735,73,Hachiōji,35.65583,139.32389,JP,2017-12-13 01:25:00
2018_1190500,60393,216,35.65698730962263,139.33872520896546,八王子オクトーレ (Hachioji Octore),旭町9-1,Shopping Plaza,5744ccdfe4b0c0459246b4dc,356,Hachiōji,35.65583,139.32389,JP,2017-12-13 07:03:00
2018_1190500,60393,2891,35.656014783712045,139.3392562866211,CELEO セレオ八王子 北館,旭町1-1,Shopping Mall,4bf58dd8d48988d1fd941735,200,Hachiōji,35.65583,139.32389,JP,2017-12-13 07:09:00
2018_1190500,60393,4549,35.657538154882026,139.3420685827732,fabbit八王子,明神町3-20-5,Coworking Space,4bf58dd8d48988d174941735,108,Hachiōji,35.65583,139.32389,JP,2017-12-13 08:52:00
2018_1190500,60393,2,35.65561,139.3389,八王子駅 (Hachiōji Sta.),旭町1-1,Train Station,4bf58dd8d48988d129951735,59,Hachiōji,35.65583,139.32389,JP,2017-12-13 11:17:00
2018_1190500,60393,1326,35.654639063322705,139.33882782419246,ビックカメラ JR八王子駅店,旭町1-17,Electronics Store,4bf58dd8d48988d122951735,48,Hachiōji,35.65583,139.32389,JP,2017-12-14 08:58:00
2018_1190501,60393,3637,35.71718175082156,139.3623561090481,上島珈琲店,田中町610-4,Café,4bf58dd8d48988d16d941735,103,Fussa,35.73667,139.32361,JP,2017-12-19 08:36:00
2018_1190501,60393,165,35.705931145232874,139.35413360500718,昭島市役所,田中町1-17-1,City Hall,4bf58dd8d48988d129941735,58,Fussa,35.73667,139.32361,JP,2017-12-19 09:39:00
2018_1190503,60393,18,35.72118017284569,139.34375983717834,拝島駅 (Haijima Sta.),松原町4-14-4 / 美堀町5-21-2,Train Station,4bf58dd8d48988d129951735,59,Fussa,35.73667,139.32361,JP,2017-12-21 03:21:00
2018_1190503,60393,2,35.65561,139.3389,八王子駅 (Hachiōji Sta.),旭町1-1,Train Station,4bf58dd8d48988d129951735,59,Hachiōji,35.65583,139.32389,JP,2017-12-21 03:43:00
2018_1190503,60393,220,35.6579677,139.3385634,アドアーズ 八王子店,東町11-3,Arcade,4bf58dd8d48988d1e1931735,167,Hachiōji,35.65583,139.32389,JP,2017-12-21 03:50:00
2018_1190503,60393,1807,35.658403347028504,139.3362522125244,キクマツヤ Café 八王子パル店,中町4-5,Café,4bf58dd8d48988d16d941735,103,Hachiōji,35.65583,139.32389,JP,2017-12-21 04:43:00
2018_1190503,60393,220,35.6579677,139.3385634,アドアーズ 八王子店,東町11-3,Arcade,4bf58dd8d48988d1e1931735,167,Hachiōji,35.65583,139.32389,JP,2017-12-21 06:29:00
2018_1190503,60393,1886,35.6575164637897,139.3371969519056,ビッグエコー BIG ECHO 八王子店,三崎町4-11,Karaoke Bar,4bf58dd8d48988d120941735,45,Hachiōji,35.65583,139.32389,JP,2017-12-21 07:37:00
2018_1190506,60393,148,35.742284490234205,139.3280192636421,福生駅 (Fussa Sta.),本町137,Train Station,4bf58dd8d48988d129951735,59,Fussa,35.73667,139.32361,JP,2017-12-26 07:26:00
2018_1190506,60393,2030,35.7437954343205,139.32865619659424,LIBRO 福生店,東町 5-1,Bookstore,4bf58dd8d48988d114951735,29,Fussa,35.73667,139.32361,JP,2017-12-26 07:46:00
2018_1190508,60393,799,35.718696,139.364463,フォレスト・イン昭和館,代官山1-3-1,Hotel,4bf58dd8d48988d1fa931735,194,Fussa,35.73667,139.32361,JP,2018-01-07 23:48:00
2018_1190508,60393,32,35.71403054585699,139.36237692832947,モリタウン (mori town),代官山2-3-1,Shopping Mall,4bf58dd8d48988d1fd941735,200,Fussa,35.73667,139.32361,JP,2018-01-08 07:29:00
2018_1190508,60393,8,35.71394123511717,139.36397647569567,Starbucks,代官山2-3-1,Coffee Shop,4bf58dd8d48988d1e0931735,166,Fussa,35.73667,139.32361,JP,2018-01-08 07:35:00
2018_1190508,60393,799,35.718696,139.364463,フォレスト・イン昭和館,代官山1-3-1,Hotel,4bf58dd8d48988d1fa931735,194,Fussa,35.73667,139.32361,JP,2018-01-08 07:52:00
2018_1190509,60393,18,35.72118017284569,139.34375983717834,拝島駅 (Haijima Sta.),松原町4-14-4 / 美堀町5-21-2,Train Station,4bf58dd8d48988d129951735,59,Fussa,35.73667,139.32361,JP,2018-01-11 01:07:00
2018_1190509,60393,2965,35.714647581145705,139.3607695549123,なの花薬局 昭島駅前店,代官山2-9-4,Pharmacy,4bf58dd8d48988d10f951735,20,Fussa,35.73667,139.32361,JP,2018-01-13 03:59:00
2018_1190510,60393,170,35.65675124866591,139.31254565812011,西八王子駅 (Nishi-Hachiōji Sta.) (JC23),千人町2-21-1,Train Station,4bf58dd8d48988d129951735,59,Hachiōji,35.65583,139.32389,JP,2018-01-24 00:59:00
2018_1190510,60393,291,35.66208848112539,139.28442925214767,石神坂バス停,元八王子町2,Bus Station,4bf58dd8d48988d1fe931735,201,Hachiōji,35.65583,139.32389,JP,2018-01-24 01:32:00
2018_1190510,60393,3236,35.665674908354525,139.281964302063,星槎国際八王子,元八王子町2-1419,High School,4bf58dd8d48988d13d941735,73,Hachiōji,35.65583,139.32389,JP,2018-01-24 02:05:00
2018_1190510,60393,2718,35.657105555293754,139.31256294250488,壱角家,千人町2-20-5,Ramen Restaurant,55a59bace4b013909087cb24,335,Hachiōji,35.65583,139.32389,JP,2018-01-24 09:00:00
2018_1190511,60393,3236,35.665674908354525,139.281964302063,星槎国際八王子,元八王子町2-1419,High School,4bf58dd8d48988d13d941735,73,Hachiōji,35.65583,139.32389,JP,2018-01-25 01:50:00
2018_1190511,60393,220,35.6579677,139.3385634,アドアーズ 八王子店,東町11-3,Arcade,4bf58dd8d48988d1e1931735,167,Hachiōji,35.65583,139.32389,JP,2018-01-25 08:38:00
2018_1190512,60393,814,35.71527402114446,139.3621671113054,アミュージアム 昭島店,田中町573-1-2,Arcade,4bf58dd8d48988d1e1931735,167,Fussa,35.73667,139.32361,JP,2018-01-26 05:52:00
2018_1190512,60393,697,35.714526904755516,139.36353849875954,ポポラマーマ,田中町573-1-3,Italian Restaurant,4bf58dd8d48988d110941735,21,Fussa,35.73667,139.32361,JP,2018-01-26 05:56:00
2018_1190512,60393,548,35.714594,139.365331,はま寿司,つつじヶ丘2-8-45,Sushi Restaurant,4bf58dd8d48988d1d2941735,158,Fussa,35.73667,139.32361,JP,2018-01-26 06:25:00
2018_1190512,60393,814,35.71527402114446,139.3621671113054,アミュージアム 昭島店,田中町573-1-2,Arcade,4bf58dd8d48988d1e1931735,167,Fussa,35.73667,139.32361,JP,2018-01-26 06:59:00
2018_1190512,60393,18,35.72118017284569,139.34375983717834,拝島駅 (Haijima Sta.),松原町4-14-4 / 美堀町5-21-2,Train Station,4bf58dd8d48988d129951735,59,Fussa,35.73667,139.32361,JP,2018-01-26 09:05:00
2018_1190512,60393,1714,35.7201891104697,139.34344321489334,K'sバー,松原町4-12-8,Bar,4bf58dd8d48988d116941735,31,Fussa,35.73667,139.32361,JP,2018-01-26 14:54:00
2018_1190515,60393,165,35.705931145232874,139.35413360500718,昭島市役所,田中町1-17-1,City Hall,4bf58dd8d48988d129941735,58,Fussa,35.73667,139.32361,JP,2018-01-30 10:00:00
2018_1190515,60393,2803,35.7143348,139.3614739,牛角,代官山2-3-1,BBQ Joint,4bf58dd8d48988d1df931735,164,Fussa,35.73667,139.32361,JP,2018-01-30 12:22:00
2018_1190516,60393,1640,35.721288856716434,139.34362553077042,NewDays 拝島,松原町4-14-4,Convenience Store,4d954b0ea243a5684a65b473,215,Fussa,35.73667,139.32361,JP,2018-01-30 23:39:00
2018_1190516,60393,35,35.642412535750246,139.28288798022228,高尾駅 (Takao Sta.),高尾町/初沢町,Train Station,4bf58dd8d48988d129951735,59,Hachiōji,35.65583,139.32389,JP,2018-01-31 00:17:00
2018_1190516,60393,3236,35.665674908354525,139.281964302063,星槎国際八王子,元八王子町2-1419,High School,4bf58dd8d48988d13d941735,73,Hachiōji,35.65583,139.32389,JP,2018-01-31 01:01:00
2018_1190518,60393,18,35.72118017284569,139.34375983717834,拝島駅 (Haijima Sta.),松原町4-14-4 / 美堀町5-21-2,Train Station,4bf58dd8d48988d129951735,59,Fussa,35.73667,139.32361,JP,2018-02-05 04:00:00
2018_1190518,60393,35,35.642412535750246,139.28288798022228,高尾駅 (Takao Sta.),高尾町/初沢町,Train Station,4bf58dd8d48988d129951735,59,Hachiōji,35.65583,139.32389,JP,2018-02-05 04:26:00
2018_1190518,60393,3236,35.665674908354525,139.281964302063,星槎国際八王子,元八王子町2-1419,High School,4bf58dd8d48988d13d941735,73,Hachiōji,35.65583,139.32389,JP,2018-02-05 05:04:00
2018_1190518,60393,220,35.6579677,139.3385634,アドアーズ 八王子店,東町11-3,Arcade,4bf58dd8d48988d1e1931735,167,Hachiōji,35.65583,139.32389,JP,2018-02-05 08:35:00
2018_1190519,60393,18,35.72118017284569,139.34375983717834,拝島駅 (Haijima Sta.),松原町4-14-4 / 美堀町5-21-2,Train Station,4bf58dd8d48988d129951735,59,Fussa,35.73667,139.32361,JP,2018-02-08 00:19:00
2018_1190519,60393,2,35.65561,139.3389,八王子駅 (Hachiōji Sta.),旭町1-1,Train Station,4bf58dd8d48988d129951735,59,Hachiōji,35.65583,139.32389,JP,2018-02-08 00:47:00
2018_1190522,60393,2,35.65561,139.3389,八王子駅 (Hachiōji Sta.),旭町1-1,Train Station,4bf58dd8d48988d129951735,59,Hachiōji,35.65583,139.32389,JP,2018-02-12 03:43:00
2018_1190522,60393,220,35.6579677,139.3385634,アドアーズ 八王子店,東町11-3,Arcade,4bf58dd8d48988d1e1931735,167,Hachiōji,35.65583,139.32389,JP,2018-02-12 04:24:00
2018_1190522,60393,2352,35.657759835621285,139.34109617249536,八王子田田,東町1-3,Ramen Restaurant,55a59bace4b013909087cb24,335,Hachiōji,35.65583,139.32389,JP,2018-02-12 06:24:00
2018_1190523,60393,1326,35.654639063322705,139.33882782419246,ビックカメラ JR八王子駅店,旭町1-17,Electronics Store,4bf58dd8d48988d122951735,48,Hachiōji,35.65583,139.32389,JP,2018-02-13 02:45:00
2018_1190523,60393,35,35.642412535750246,139.28288798022228,高尾駅 (Takao Sta.),高尾町/初沢町,Train Station,4bf58dd8d48988d129951735,59,Hachiōji,35.65583,139.32389,JP,2018-02-13 03:16:00
2018_1190529,60393,35,35.642412535750246,139.28288798022228,高尾駅 (Takao Sta.),高尾町/初沢町,Train Station,4bf58dd8d48988d129951735,59,Hachiōji,35.65583,139.32389,JP,2018-02-24 11:18:00
2018_1190529,60393,487,35.65768917587548,139.34125739868782,八王子 大和家,東町1-2,Ramen Restaurant,55a59bace4b013909087cb24,335,Hachiōji,35.65583,139.32389,JP,2018-02-24 11:50:00
2018_1190532,60393,3296,35.65712190040893,139.33884859085083,クリスピー・クリーム・ドーナツ,旭町9-1,Donut Shop,4bf58dd8d48988d148941735,79,Hachiōji,35.65583,139.32389,JP,2018-02-28 07:30:00
2018_1190532,60393,2,35.65561,139.3389,八王子駅 (Hachiōji Sta.),旭町1-1,Train Station,4bf58dd8d48988d129951735,59,Hachiōji,35.65583,139.32389,JP,2018-02-28 09:00:00
2018_1190532,60393,1277,35.65819105947774,139.33779649436474,磯丸水産,東町12-8,Seafood Restaurant,4bf58dd8d48988d1ce941735,155,Hachiōji,35.65583,139.32389,JP,2018-02-28 10:23:00
2018_1190532,60393,1943,35.659269173455606,139.33800054439942,bar slow,横山町5-6,Bar,4bf58dd8d48988d116941735,31,Hachiōji,35.65583,139.32389,JP,2018-02-28 14:16:00
2018_1190533,60393,18,35.72118017284569,139.34375983717834,拝島駅 (Haijima Sta.),松原町4-14-4 / 美堀町5-21-2,Train Station,4bf58dd8d48988d129951735,59,Fussa,35.73667,139.32361,JP,2018-03-03 17:01:00
2018_1190533,60393,165,35.705931145232874,139.35413360500718,昭島市役所,田中町1-17-1,City Hall,4bf58dd8d48988d129941735,58,Fussa,35.73667,139.32361,JP,2018-03-04 00:58:00
2018_1190539,60393,165,35.705931145232874,139.35413360500718,昭島市役所,田中町1-17-1,City Hall,4bf58dd8d48988d129941735,58,Fussa,35.73667,139.32361,JP,2018-03-14 04:43:00
2018_1190539,60393,2,35.65561,139.3389,八王子駅 (Hachiōji Sta.),旭町1-1,Train Station,4bf58dd8d48988d129951735,59,Hachiōji,35.65583,139.32389,JP,2018-03-14 06:14:00
2018_1190539,60393,1352,35.656466023188216,139.33855395573082,シルクハット 八王子店,旭町2-5,Arcade,4bf58dd8d48988d1e1931735,167,Hachiōji,35.65583,139.32389,JP,2018-03-14 06:15:00
2018_1190539,60393,487,35.65768917587548,139.34125739868782,八王子 大和家,東町1-2,Ramen Restaurant,55a59bace4b013909087cb24,335,Hachiōji,35.65583,139.32389,JP,2018-03-14 06:41:00
2018_1190539,60393,220,35.6579677,139.3385634,アドアーズ 八王子店,東町11-3,Arcade,4bf58dd8d48988d1e1931735,167,Hachiōji,35.65583,139.32389,JP,2018-03-14 07:21:00
2018_1190539,60393,3347,35.65595834669091,139.33904669645622,Starbucks,旭町1-1,Coffee Shop,4bf58dd8d48988d1e0931735,166,Hachiōji,35.65583,139.32389,JP,2018-03-14 07:38:00
2018_1190539,60393,2,35.65561,139.3389,八王子駅 (Hachiōji Sta.),旭町1-1,Train Station,4bf58dd8d48988d129951735,59,Hachiōji,35.65583,139.32389,JP,2018-03-14 07:56:00
2018_1190539,60393,1943,35.659269173455606,139.33800054439942,bar slow,横山町5-6,Bar,4bf58dd8d48988d116941735,31,Hachiōji,35.65583,139.32389,JP,2018-03-14 10:50:00
2018_1190539,60393,1234,35.65877935727556,139.33559205053172,油そば 味の天徳,中町7-7,Ramen Restaurant,55a59bace4b013909087cb24,335,Hachiōji,35.65583,139.32389,JP,2018-03-14 15:39:00
2018_1190539,60393,3774,35.65739649784414,139.335006326437,Dining Bar KOTOBUKI,三崎町9-5,Cocktail Bar,4bf58dd8d48988d11e941735,43,Hachiōji,35.65583,139.32389,JP,2018-03-14 16:20:00
2018_1190539,60393,2,35.65561,139.3389,八王子駅 (Hachiōji Sta.),旭町1-1,Train Station,4bf58dd8d48988d129951735,59,Hachiōji,35.65583,139.32389,JP,2018-03-14 17:38:00
2018_1190540,60393,2,35.65561,139.3389,八王子駅 (Hachiōji Sta.),旭町1-1,Train Station,4bf58dd8d48988d129951735,59,Hachiōji,35.65583,139.32389,JP,2018-03-16 10:32:00
2018_1190540,60393,4557,35.65752825001046,139.3370069499308,29house,三崎町4-9,Sake Bar,4bf58dd8d48988d11c941735,40,Hachiōji,35.65583,139.32389,JP,2018-03-16 12:32:00
2018_1190540,60393,1370,35.65799638767748,139.3365558356781,歌広場 八王子放射線通り店,中町5-9,Karaoke Bar,4bf58dd8d48988d120941735,45,Hachiōji,35.65583,139.32389,JP,2018-03-16 13:42:00
2018_1190540,60393,2,35.65561,139.3389,八王子駅 (Hachiōji Sta.),旭町1-1,Train Station,4bf58dd8d48988d129951735,59,Hachiōji,35.65583,139.32389,JP,2018-03-16 14:21:00
2018_1190540,60393,18,35.72118017284569,139.34375983717834,拝島駅 (Haijima Sta.),松原町4-14-4 / 美堀町5-21-2,Train Station,4bf58dd8d48988d129951735,59,Fussa,35.73667,139.32361,JP,2018-03-16 14:54:00
2018_1190541,60393,864,35.71292115958048,139.35666728215384,サンドラッグ 昭島松原町店,松原町1-4-13,Pharmacy,4bf58dd8d48988d10f951735,20,Fussa,35.73667,139.32361,JP,2018-03-22 07:37:00
2018_1190541,60393,519,35.7145416036052,139.349922832283,ゲオ 昭島店,松原町2-11-10,Video Store,4bf58dd8d48988d126951735,54,Fussa,35.73667,139.32361,JP,2018-03-22 08:07:00
2018_1190542,60393,2,35.65561,139.3389,八王子駅 (Hachiōji Sta.),旭町1-1,Train Station,4bf58dd8d48988d129951735,59,Hachiōji,35.65583,139.32389,JP,2018-03-27 23:49:00
2018_1190542,60393,917,35.658211759131255,139.3438941062645,エヌ・エスクリニック,明神町2-26-9,Doctor's Office,4bf58dd8d48988d177941735,111,Hachiōji,35.65583,139.32389,JP,2018-03-28 00:04:00
2018_1190542,60393,487,35.65768917587548,139.34125739868782,八王子 大和家,東町1-2,Ramen Restaurant,55a59bace4b013909087cb24,335,Hachiōji,35.65583,139.32389,JP,2018-03-28 02:21:00
2018_1190542,60393,623,35.6578993512339,139.33856733539426,カラオケルーム歌広場 八王子駅前店,東町11-3,Karaoke Box,5744ccdfe4b0c0459246b4bb,353,Hachiōji,35.65583,139.32389,JP,2018-03-28 03:52:00
2018_1190543,60393,35,35.642412535750246,139.28288798022228,高尾駅 (Takao Sta.),高尾町/初沢町,Train Station,4bf58dd8d48988d129951735,59,Hachiōji,35.65583,139.32389,JP,2018-03-30 06:28:00
2018_1190543,60393,3236,35.665674908354525,139.281964302063,星槎国際八王子,元八王子町2-1419,High School,4bf58dd8d48988d13d941735,73,Hachiōji,35.65583,139.32389,JP,2018-03-30 07:25:00
2018_1190543,60393,1593,35.616659,139.248921,いろりの里 高尾山名主 ごん助,南浅川町4068,Japanese Restaurant,4bf58dd8d48988d111941735,23,Hachiōji,35.65583,139.32389,JP,2018-03-30 09:12:00
2018_1190543,60393,2,35.65561,139.3389,八王子駅 (Hachiōji Sta.),旭町1-1,Train Station,4bf58dd8d48988d129951735,59,Hachiōji,35.65583,139.32389,JP,2018-03-30 11:43:00
2018_1190545,60393,2,35.65561,139.3389,八王子駅 (Hachiōji Sta.),旭町1-1,Train Station,4bf58dd8d48988d129951735,59,Hachiōji,35.65583,139.32389,JP,2018-04-01 06:44:00
2018_1190545,60393,18,35.72118017284569,139.34375983717834,拝島駅 (Haijima Sta.),松原町4-14-4 / 美堀町5-21-2,Train Station,4bf58dd8d48988d129951735,59,Fussa,35.73667,139.32361,JP,2018-04-01 10:16:00
2018_1190547,60393,2503,35.6606196526497,139.33379813942477,肉の富士屋,横山町16-6,Butcher,4bf58dd8d48988d11d951735,42,Hachiōji,35.65583,139.32389,JP,2018-04-07 03:50:00
2018_1190547,60393,3553,35.660578,139.333767,ブール・ブール・ブーランジェリ(Boule Beurre Boulangerie),横山町16-5,Bakery,4bf58dd8d48988d16a941735,100,Hachiōji,35.65583,139.32389,JP,2018-04-07 03:59:00
2018_1190549,60393,2,35.65561,139.3389,八王子駅 (Hachiōji Sta.),旭町1-1,Train Station,4bf58dd8d48988d129951735,59,Hachiōji,35.65583,139.32389,JP,2018-04-11 06:44:00
2018_1190549,60393,220,35.6579677,139.3385634,アドアーズ 八王子店,東町11-3,Arcade,4bf58dd8d48988d1e1931735,167,Hachiōji,35.65583,139.32389,JP,2018-04-11 06:51:00
2018_1190549,60393,284,35.6555699,139.338676,BECK'S COFFEE SHOP,旭町1-1,Café,4bf58dd8d48988d16d941735,103,Hachiōji,35.65583,139.32389,JP,2018-04-11 07:23:00
2018_1190549,60393,3558,35.659036391031464,139.33626390647703,小川の魚,横山町8-4,Japanese Restaurant,4bf58dd8d48988d111941735,23,Hachiōji,35.65583,139.32389,JP,2018-04-11 08:13:00
2018_1190549,60393,18,35.72118017284569,139.34375983717834,拝島駅 (Haijima Sta.),松原町4-14-4 / 美堀町5-21-2,Train Station,4bf58dd8d48988d129951735,59,Fussa,35.73667,139.32361,JP,2018-04-11 12:50:00
2018_1190551,60393,2629,35.713804,139.364231,アイシティ昭島モリタウン店,代官山2-3-1,Optical Shop,4d954afda243a5684865b473,213,Fussa,35.73667,139.32361,JP,2018-04-14 01:45:00
2018_1190551,60393,2040,35.71402891813149,139.36286824022102,冨岡眼科,代官山2-3-1,Eye Doctor,522e32fae4b09b556e370f19,260,Fussa,35.73667,139.32361,JP,2018-04-14 02:01:00
2018_1190551,60393,1352,35.656466023188216,139.33855395573082,シルクハット 八王子店,旭町2-5,Arcade,4bf58dd8d48988d1e1931735,167,Hachiōji,35.65583,139.32389,JP,2018-04-14 06:18:00
2018_1190551,60393,3429,35.65861262442448,139.33851681181474,すたみな太郎NEXT 八王子店,東町10-4,BBQ Joint,4bf58dd8d48988d1df931735,164,Hachiōji,35.65583,139.32389,JP,2018-04-14 12:05:00
2018_1190551,60393,18,35.72118017284569,139.34375983717834,拝島駅 (Haijima Sta.),松原町4-14-4 / 美堀町5-21-2,Train Station,4bf58dd8d48988d129951735,59,Fussa,35.73667,139.32361,JP,2018-04-14 13:52:00
2018_1190551,60393,1471,35.654266,139.33801,Starbucks,子安町4-77-1,Coffee Shop,4bf58dd8d48988d1e0931735,166,Hachiōji,35.65583,139.32389,JP,2018-04-16 02:28:00
2018_1190553,60393,18,35.72118017284569,139.34375983717834,拝島駅 (Haijima Sta.),松原町4-14-4 / 美堀町5-21-2,Train Station,4bf58dd8d48988d129951735,59,Fussa,35.73667,139.32361,JP,2018-04-19 13:28:00
2018_1190553,60393,1714,35.7201891104697,139.34344321489334,K'sバー,松原町4-12-8,Bar,4bf58dd8d48988d116941735,31,Fussa,35.73667,139.32361,JP,2018-04-19 14:11:00
2018_1190556,60393,170,35.65675124866591,139.31254565812011,西八王子駅 (Nishi-Hachiōji Sta.) (JC23),千人町2-21-1,Train Station,4bf58dd8d48988d129951735,59,Hachiōji,35.65583,139.32389,JP,2018-04-26 09:25:00
2018_1190556,60393,18,35.72118017284569,139.34375983717834,拝島駅 (Haijima Sta.),松原町4-14-4 / 美堀町5-21-2,Train Station,4bf58dd8d48988d129951735,59,Fussa,35.73667,139.32361,JP,2018-04-26 09:56:00
2018_1190562,60393,2,35.65561,139.3389,八王子駅 (Hachiōji Sta.),旭町1-1,Train Station,4bf58dd8d48988d129951735,59,Hachiōji,35.65583,139.32389,JP,2018-05-24 08:30:00
2018_1190562,60393,1326,35.654639063322705,139.33882782419246,ビックカメラ JR八王子駅店,旭町1-17,Electronics Store,4bf58dd8d48988d122951735,48,Hachiōji,35.65583,139.32389,JP,2018-05-24 10:40:00
2018_1190562,60393,18,35.72118017284569,139.34375983717834,拝島駅 (Haijima Sta.),松原町4-14-4 / 美堀町5-21-2,Train Station,4bf58dd8d48988d129951735,59,Fussa,35.73667,139.32361,JP,2018-05-24 11:38:00
2018_1190565,60393,1639,35.72124841873752,139.34485530577427,ファミリーマート 西武拝島店,美堀町5-21-2,Convenience Store,4d954b0ea243a5684a65b473,215,Fussa,35.73667,139.32361,JP,2018-05-28 22:44:00
2018_1190565,60393,18,35.72118017284569,139.34375983717834,拝島駅 (Haijima Sta.),松原町4-14-4 / 美堀町5-21-2,Train Station,4bf58dd8d48988d129951735,59,Fussa,35.73667,139.32361,JP,2018-05-29 12:26:00
2018_1190567,60393,728,35.74159614892896,139.3306573532237,シュトゥーベン・オータマ,大字福生785,German Restaurant,4bf58dd8d48988d10d941735,16,Fussa,35.73667,139.32361,JP,2018-06-02 03:30:00
2018_1190567,60393,237,35.73779109503201,139.33905512094498,カフェ・ドゥ・ジャルダン,福生2403-14,Café,4bf58dd8d48988d16d941735,103,Fussa,35.73667,139.32361,JP,2018-06-02 05:31:00
2018_1190577,60393,2,35.65561,139.3389,八王子駅 (Hachiōji Sta.),旭町1-1,Train Station,4bf58dd8d48988d129951735,59,Hachiōji,35.65583,139.32389,JP,2018-06-22 06:14:00
2018_1190577,60393,220,35.6579677,139.3385634,アドアーズ 八王子店,東町11-3,Arcade,4bf58dd8d48988d1e1931735,167,Hachiōji,35.65583,139.32389,JP,2018-06-22 06:23:00
2018_1190577,60393,3296,35.65712190040893,139.33884859085083,クリスピー・クリーム・ドーナツ,旭町9-1,Donut Shop,4bf58dd8d48988d148941735,79,Hachiōji,35.65583,139.32389,JP,2018-06-22 07:05:00
2018_1190581,60393,170,35.65675124866591,139.31254565812011,西八王子駅 (Nishi-Hachiōji Sta.) (JC23),千人町2-21-1,Train Station,4bf58dd8d48988d129951735,59,Hachiōji,35.65583,139.32389,JP,2018-06-29 01:57:00
2018_1190581,60393,35,35.642412535750246,139.28288798022228,高尾駅 (Takao Sta.),高尾町/初沢町,Train Station,4bf58dd8d48988d129951735,59,Hachiōji,35.65583,139.32389,JP,2018-06-29 07:46:00
2018_1190581,60393,2,35.65561,139.3389,八王子駅 (Hachiōji Sta.),旭町1-1,Train Station,4bf58dd8d48988d129951735,59,Hachiōji,35.65583,139.32389,JP,2018-06-29 07:59:00
2018_1190581,60393,18,35.72118017284569,139.34375983717834,拝島駅 (Haijima Sta.),松原町4-14-4 / 美堀町5-21-2,Train Station,4bf58dd8d48988d129951735,59,Fussa,35.73667,139.32361,JP,2018-06-29 11:04:00
2018_1190583,60393,35,35.642412535750246,139.28288798022228,高尾駅 (Takao Sta.),高尾町/初沢町,Train Station,4bf58dd8d48988d129951735,59,Hachiōji,35.65583,139.32389,JP,2018-07-05 07:09:00
2018_1190583,60393,2,35.65561,139.3389,八王子駅 (Hachiōji Sta.),旭町1-1,Train Station,4bf58dd8d48988d129951735,59,Hachiōji,35.65583,139.32389,JP,2018-07-05 07:27:00
2018_1190583,60393,220,35.6579677,139.3385634,アドアーズ 八王子店,東町11-3,Arcade,4bf58dd8d48988d1e1931735,167,Hachiōji,35.65583,139.32389,JP,2018-07-05 10:15:00
2018_1190583,60393,131,35.657102561712115,139.33814539611242,松屋 八王子店,旭町7-1,Donburi Restaurant,55a59bace4b013909087cb0c,331,Hachiōji,35.65583,139.32389,JP,2018-07-05 15:03:00
2018_1190584,60393,2,35.65561,139.3389,八王子駅 (Hachiōji Sta.),旭町1-1,Train Station,4bf58dd8d48988d129951735,59,Hachiōji,35.65583,139.32389,JP,2018-07-07 02:46:00
2018_1190584,60393,11,35.59495276013401,139.34499388615959,橋本駅 (Hashimoto Sta.),緑区橋本6/2,Train Station,4bf58dd8d48988d129951735,59,Hachiōji,35.65583,139.32389,JP,2018-07-07 13:39:00
2018_1332608,70564,261,35.59326830383702,139.33160412505484,ロイヤルホームセンター 相模原橋本店,緑区西橋本3-9-8,Furniture / Home Store,4bf58dd8d48988d1f8941735,191,Hachiōji,35.65583,139.32389,JP,2017-10-04 23:15:00
2018_1332608,70564,1202,35.66355582362612,139.35167693700316,ムラウチホビー 八王子店,大和田町5-9-7,Hobby Shop,4bf58dd8d48988d1fb941735,197,Hachiōji,35.65583,139.32389,JP,2017-10-05 00:09:00
2018_1332608,70564,1300,35.66603023320251,139.3039202585028,スーパーアルプス 横川店,横川町540-1,Supermarket,52f2ab2ebcbc57f1066b8b46,309,Hachiōji,35.65583,139.32389,JP,2017-10-05 02:04:00
2018_1332608,70564,3032,35.745549332527155,139.33742862147744,AFG MOTOSPORTS,福生2020-3,Motorcycle Shop,5032833091d4c4b30a586d60,250,Fussa,35.73667,139.32361,JP,2017-10-05 09:43:00
2018_1332611,70564,3835,35.67848,139.323716,コウノハラクルーズ,中野町2168-1,Motorcycle Shop,5032833091d4c4b30a586d60,250,Hachiōji,35.65583,139.32389,JP,2017-10-08 02:39:00
2018_1332611,70564,1254,35.553984,139.261701,オギノパン 本社工場直売店,緑区長竹2841,Bakery,4bf58dd8d48988d16a941735,100,Hachiōji,35.65583,139.32389,JP,2017-10-08 04:11:00
2018_1332611,70564,358,35.539018,139.223096,鳥居原ふれあいの館,緑区鳥屋1674,Farmers Market,4bf58dd8d48988d1fa941735,195,Hachiōji,35.65583,139.32389,JP,2017-10-08 04:35:00
2018_1332611,70564,358,35.539018,139.223096,鳥居原ふれあいの館,緑区鳥屋1674,Farmers Market,4bf58dd8d48988d1fa941735,195,Hachiōji,35.65583,139.32389,JP,2017-10-08 07:59:00
2018_1332611,70564,80,35.686372308734526,139.34108496154775,道の駅 八王子滝山,滝山町1-592-2,Rest Area,4d954b16a243a5684b65b473,216,Hachiōji,35.65583,139.32389,JP,2017-10-08 09:39:00
2018_1332614,70564,1848,35.663421710864874,139.34021309535137,ENEOS EneJet Dr. Drive セルフ八王子SS,元横山町1-15-1,Gas Station,4bf58dd8d48988d113951735,28,Hachiōji,35.65583,139.32389,JP,2017-10-12 10:23:00
2018_1332614,70564,80,35.686372308734526,139.34108496154775,道の駅 八王子滝山,滝山町1-592-2,Rest Area,4d954b16a243a5684b65b473,216,Hachiōji,35.65583,139.32389,JP,2017-10-12 10:28:00
2018_1332617,70564,1756,35.668153000378354,139.32914838194847,星の家,中野上町1-5-12,Ramen Restaurant,55a59bace4b013909087cb24,335,Hachiōji,35.65583,139.32389,JP,2017-10-24 04:38:00
2018_1332617,70564,2402,35.652937662933965,139.35455585958923,ワークマン,北野町590-4,Hardware Store,4bf58dd8d48988d112951735,26,Hachiōji,35.65583,139.32389,JP,2017-10-24 09:16:00
2018_1332618,70564,4062,35.662486,139.351973,ESSO 八王子SS,大和田町5-2-1,Gas Station,4bf58dd8d48988d113951735,28,Hachiōji,35.65583,139.32389,JP,2017-10-27 10:56:00
2018_1332618,70564,80,35.686372308734526,139.34108496154775,道の駅 八王子滝山,滝山町1-592-2,Rest Area,4d954b16a243a5684b65b473,216,Hachiōji,35.65583,139.32389,JP,2017-10-27 18:26:00
2018_1332619,70564,224,35.67776725299856,139.3328695156405,くら寿司,左入町949-1,Sushi Restaurant,4bf58dd8d48988d1d2941735,158,Hachiōji,35.65583,139.32389,JP,2017-10-29 04:35:00
2018_1332619,70564,3,35.65808032639735,139.34275103595496,京王八王子駅 (Keiō-hachiōji Sta.),明神町3-27-1,Train Station,4bf58dd8d48988d129951735,59,Hachiōji,35.65583,139.32389,JP,2017-10-29 10:49:00
2018_1332619,70564,2713,35.644497172737346,139.35448058585058,3-4番線ホーム,打越町335-1,Platform,4f4531504b9074f6e4fb0102,241,Hachiōji,35.65583,139.32389,JP,2017-10-29 10:58:00
2018_1332622,70564,80,35.686372308734526,139.34108496154775,道の駅 八王子滝山,滝山町1-592-2,Rest Area,4d954b16a243a5684b65b473,216,Hachiōji,35.65583,139.32389,JP,2017-11-03 01:23:00
2018_1332622,70564,358,35.539018,139.223096,鳥居原ふれあいの館,緑区鳥屋1674,Farmers Market,4bf58dd8d48988d1fa941735,195,Hachiōji,35.65583,139.32389,JP,2017-11-03 02:10:00
2018_1332622,70564,3835,35.67848,139.323716,コウノハラクルーズ,中野町2168-1,Motorcycle Shop,5032833091d4c4b30a586d60,250,Hachiōji,35.65583,139.32389,JP,2017-11-03 05:44:00
2018_1332622,70564,1396,35.66632280555589,139.34998931315818,八王子ラーメン おがわ屋,大和田町5-27-11,Ramen Restaurant,55a59bace4b013909087cb24,335,Hachiōji,35.65583,139.32389,JP,2017-11-03 07:50:00
2018_1332623,70564,3861,35.662234292911045,139.35121983953553,ミッキー,大和田町3-20-4,Restaurant,4bf58dd8d48988d1c4941735,149,Hachiōji,35.65583,139.32389,JP,2017-11-10 09:45:00
2018_1332623,70564,596,35.65818,139.336295,HUB,中町5-9,Pub,4bf58dd8d48988d11b941735,38,Hachiōji,35.65583,139.32389,JP,2017-11-10 14:19:00
2018_1332627,70564,574,35.597380612012614,139.3345894775619,ホームセンターコーナン 相模原西橋本店,緑区西橋本5-4-3,Furniture / Home Store,4bf58dd8d48988d1f8941735,191,Hachiōji,35.65583,139.32389,JP,2017-11-15 01:45:00
2018_1332627,70564,2402,35.652937662933965,139.35455585958923,ワークマン,北野町590-4,Hardware Store,4bf58dd8d48988d112951735,26,Hachiōji,35.65583,139.32389,JP,2017-11-15 08:00:00
2018_1332628,70564,261,35.59326830383702,139.33160412505484,ロイヤルホームセンター 相模原橋本店,緑区西橋本3-9-8,Furniture / Home Store,4bf58dd8d48988d1f8941735,191,Hachiōji,35.65583,139.32389,JP,2017-11-17 08:03:00
2018_1332628,70564,3835,35.67848,139.323716,コウノハラクルーズ,中野町2168-1,Motorcycle Shop,5032833091d4c4b30a586d60,250,Hachiōji,35.65583,139.32389,JP,2017-11-17 09:01:00
2018_1332630,70564,1937,35.65139420487844,139.33386636011525,バーミヤン,万町170-1,Chinese Restaurant,4bf58dd8d48988d145941735,76,Hachiōji,35.65583,139.32389,JP,2017-11-19 02:54:00
2018_1332630,70564,1221,35.65185215714851,139.33357385609872,ラウンドワン 八王子店,万町53-1,Bowling Alley,4bf58dd8d48988d1e4931735,169,Hachiōji,35.65583,139.32389,JP,2017-11-19 03:59:00
2018_1332632,70564,229,35.67287693688818,139.35689959571624,東海大学医学部付属八王子病院,石川町1838,Hospital,4bf58dd8d48988d196941735,129,Hachiōji,35.65583,139.32389,JP,2017-11-22 00:06:00
2018_1332632,70564,3566,35.66393107095847,139.35265375133343,ファミリーマート 八王子大和田町五丁目店,大和田町5-10-6,Convenience Store,4d954b0ea243a5684a65b473,215,Hachiōji,35.65583,139.32389,JP,2017-11-22 01:11:00
2018_1332637,70564,2481,35.66230196716175,139.36096736966172,北原国際病院,大和田町1-7-23,Hospital,4bf58dd8d48988d196941735,129,Hachiōji,35.65583,139.32389,JP,2017-12-01 22:38:00
2018_1332637,70564,1396,35.66632280555589,139.34998931315818,八王子ラーメン おがわ屋,大和田町5-27-11,Ramen Restaurant,55a59bace4b013909087cb24,335,Hachiōji,35.65583,139.32389,JP,2017-12-02 02:56:00
2018_1332640,70564,229,35.67287693688818,139.35689959571624,東海大学医学部付属八王子病院,石川町1838,Hospital,4bf58dd8d48988d196941735,129,Hachiōji,35.65583,139.32389,JP,2017-12-04 01:14:00
2018_1332640,70564,1386,35.67338903592911,139.357430934906,ファミリーマート,石川町1838,Convenience Store,4d954b0ea243a5684a65b473,215,Hachiōji,35.65583,139.32389,JP,2017-12-04 04:22:00
2018_1332641,70564,229,35.67287693688818,139.35689959571624,東海大学医学部付属八王子病院,石川町1838,Hospital,4bf58dd8d48988d196941735,129,Hachiōji,35.65583,139.32389,JP,2017-12-09 00:03:00
2018_1332641,70564,531,35.66657658470142,139.3536674151923,かつや,大和田町5-31-24,Tonkatsu Restaurant,55a59af1e4b013909087cb03,328,Hachiōji,35.65583,139.32389,JP,2017-12-09 01:54:00
2018_1332642,70564,3867,35.65722000426713,139.338597025999,居酒屋行くなら俺んち来い 八王子店,旭町6-13,Sake Bar,4bf58dd8d48988d11c941735,40,Hachiōji,35.65583,139.32389,JP,2017-12-11 13:25:00
2018_1332642,70564,3704,35.6580522149106,139.33869684082373,カラオケまねきねこ,東町11-4,Karaoke Bar,4bf58dd8d48988d120941735,45,Hachiōji,35.65583,139.32389,JP,2017-12-11 16:10:00
2018_1332642,70564,570,35.66252830650412,139.35100782456786,吉野家,大和田5-3-3,Donburi Restaurant,55a59bace4b013909087cb0c,331,Hachiōji,35.65583,139.32389,JP,2017-12-11 21:19:00
2018_1332643,70564,229,35.67287693688818,139.35689959571624,東海大学医学部付属八王子病院,石川町1838,Hospital,4bf58dd8d48988d196941735,129,Hachiōji,35.65583,139.32389,JP,2017-12-19 02:02:00
2018_1332643,70564,1386,35.67338903592911,139.357430934906,ファミリーマート,石川町1838,Convenience Store,4d954b0ea243a5684a65b473,215,Hachiōji,35.65583,139.32389,JP,2017-12-19 08:33:00
2018_1332644,70564,4077,35.668997986838484,139.3346670269966,セブンイレブン 八王子暁町1丁目店,暁町1-11-2,Convenience Store,4d954b0ea243a5684a65b473,215,Hachiōji,35.65583,139.32389,JP,2018-01-02 06:35:00
2018_1332644,70564,3118,35.66359975098934,139.3522247672081,クレープショップMONKEY,大和田町5-9-16,Ice Cream Shop,4bf58dd8d48988d1c9941735,152,Hachiōji,35.65583,139.32389,JP,2018-01-02 07:02:00
2018_1332645,70564,229,35.67287693688818,139.35689959571624,東海大学医学部付属八王子病院,石川町1838,Hospital,4bf58dd8d48988d196941735,129,Hachiōji,35.65583,139.32389,JP,2018-01-04 01:08:00
2018_1332645,70564,356,35.666924506110185,139.35412572471705,マクドナルド,大和田町4-21-4,Fast Food Restaurant,4bf58dd8d48988d16e941735,104,Hachiōji,35.65583,139.32389,JP,2018-01-04 03:31:00
2018_1332649,70564,229,35.67287693688818,139.35689959571624,東海大学医学部付属八王子病院,石川町1838,Hospital,4bf58dd8d48988d196941735,129,Hachiōji,35.65583,139.32389,JP,2018-01-15 01:29:00
2018_1332649,70564,1386,35.67338903592911,139.357430934906,ファミリーマート,石川町1838,Convenience Store,4d954b0ea243a5684a65b473,215,Hachiōji,35.65583,139.32389,JP,2018-01-15 03:16:00
2018_1332650,70564,229,35.67287693688818,139.35689959571624,東海大学医学部付属八王子病院,石川町1838,Hospital,4bf58dd8d48988d196941735,129,Hachiōji,35.65583,139.32389,JP,2018-01-16 01:43:00
2018_1332650,70564,1396,35.66632280555589,139.34998931315818,八王子ラーメン おがわ屋,大和田町5-27-11,Ramen Restaurant,55a59bace4b013909087cb24,335,Hachiōji,35.65583,139.32389,JP,2018-01-16 03:38:00
2018_1332657,70564,3861,35.662234292911045,139.35121983953553,ミッキー,大和田町3-20-4,Restaurant,4bf58dd8d48988d1c4941735,149,Hachiōji,35.65583,139.32389,JP,2018-02-11 11:08:00
2018_1332657,70564,3566,35.66393107095847,139.35265375133343,ファミリーマート 八王子大和田町五丁目店,大和田町5-10-6,Convenience Store,4d954b0ea243a5684a65b473,215,Hachiōji,35.65583,139.32389,JP,2018-02-11 12:05:00
2018_1332658,70564,229,35.67287693688818,139.35689959571624,東海大学医学部付属八王子病院,石川町1838,Hospital,4bf58dd8d48988d196941735,129,Hachiōji,35.65583,139.32389,JP,2018-02-12 23:47:00
2018_1332658,70564,224,35.67776725299856,139.3328695156405,くら寿司,左入町949-1,Sushi Restaurant,4bf58dd8d48988d1d2941735,158,Hachiōji,35.65583,139.32389,JP,2018-02-13 04:34:00
2018_1332658,70564,2383,35.66488796670182,139.28783112672158,Starbucks,元八王子町1-409-2,Coffee Shop,4bf58dd8d48988d1e0931735,166,Hachiōji,35.65583,139.32389,JP,2018-02-13 05:56:00
2018_1332660,70564,229,35.67287693688818,139.35689959571624,東海大学医学部付属八王子病院,石川町1838,Hospital,4bf58dd8d48988d196941735,129,Hachiōji,35.65583,139.32389,JP,2018-02-19 01:44:00
2018_1332660,70564,1202,35.66355582362612,139.35167693700316,ムラウチホビー 八王子店,大和田町5-9-7,Hobby Shop,4bf58dd8d48988d1fb941735,197,Hachiōji,35.65583,139.32389,JP,2018-02-19 07:32:00
2018_1332660,70564,1298,35.65850577469736,139.34404000639915,ファミリーマート 京王八王子店,明神町2-26-10,Convenience Store,4d954b0ea243a5684a65b473,215,Hachiōji,35.65583,139.32389,JP,2018-02-19 10:27:00
2018_1332662,70564,3032,35.745549332527155,139.33742862147744,AFG MOTOSPORTS,福生2020-3,Motorcycle Shop,5032833091d4c4b30a586d60,250,Fussa,35.73667,139.32361,JP,2018-03-04 04:30:00
2018_1332662,70564,3835,35.67848,139.323716,コウノハラクルーズ,中野町2168-1,Motorcycle Shop,5032833091d4c4b30a586d60,250,Hachiōji,35.65583,139.32389,JP,2018-03-04 05:38:00
2018_1332666,70564,3627,35.758207904835416,139.3150963701524,紅屋飯店,羽東1-6-11,Szechuan Restaurant,52af3b773cf9994f4e043c03,263,Fussa,35.73667,139.32361,JP,2018-03-17 03:44:00
2018_1332666,70564,3032,35.745549332527155,139.33742862147744,AFG MOTOSPORTS,福生2020-3,Motorcycle Shop,5032833091d4c4b30a586d60,250,Fussa,35.73667,139.32361,JP,2018-03-17 07:31:00
2018_1332668,70564,229,35.67287693688818,139.35689959571624,東海大学医学部付属八王子病院,石川町1838,Hospital,4bf58dd8d48988d196941735,129,Hachiōji,35.65583,139.32389,JP,2018-03-19 02:23:00
2018_1332668,70564,182,35.65319226180809,139.33305569722134,長浜らーめん 八王子店,万町32,Ramen Restaurant,55a59bace4b013909087cb24,335,Hachiōji,35.65583,139.32389,JP,2018-03-19 03:27:00
2018_1332668,70564,2383,35.66488796670182,139.28783112672158,Starbucks,元八王子町1-409-2,Coffee Shop,4bf58dd8d48988d1e0931735,166,Hachiōji,35.65583,139.32389,JP,2018-03-19 04:15:00
2018_1332668,70564,2,35.65561,139.3389,八王子駅 (Hachiōji Sta.),旭町1-1,Train Station,4bf58dd8d48988d129951735,59,Hachiōji,35.65583,139.32389,JP,2018-03-19 11:58:00
2018_1332669,70564,261,35.59326830383702,139.33160412505484,ロイヤルホームセンター 相模原橋本店,緑区西橋本3-9-8,Furniture / Home Store,4bf58dd8d48988d1f8941735,191,Hachiōji,35.65583,139.32389,JP,2018-03-22 22:55:00
2018_1332669,70564,4062,35.662486,139.351973,ESSO 八王子SS,大和田町5-2-1,Gas Station,4bf58dd8d48988d113951735,28,Hachiōji,35.65583,139.32389,JP,2018-03-22 23:48:00
2018_1332670,70564,358,35.539018,139.223096,鳥居原ふれあいの館,緑区鳥屋1674,Farmers Market,4bf58dd8d48988d1fa941735,195,Hachiōji,35.65583,139.32389,JP,2018-03-24 01:00:00
2018_1332670,70564,358,35.539018,139.223096,鳥居原ふれあいの館,緑区鳥屋1674,Farmers Market,4bf58dd8d48988d1fa941735,195,Hachiōji,35.65583,139.32389,JP,2018-03-24 06:27:00
2018_1332670,70564,374,35.60353485022223,139.3634499350297,ライコランド 多摩境店,小山ヶ丘4-3-5,Motorcycle Shop,5032833091d4c4b30a586d60,250,Hachiōji,35.65583,139.32389,JP,2018-03-24 08:14:00
2018_1332673,70564,80,35.686372308734526,139.34108496154775,道の駅 八王子滝山,滝山町1-592-2,Rest Area,4d954b16a243a5684b65b473,216,Hachiōji,35.65583,139.32389,JP,2018-03-28 00:39:00
2018_1332673,70564,358,35.539018,139.223096,鳥居原ふれあいの館,緑区鳥屋1674,Farmers Market,4bf58dd8d48988d1fa941735,195,Hachiōji,35.65583,139.32389,JP,2018-03-28 06:05:00
2018_1332680,70564,229,35.67287693688818,139.35689959571624,東海大学医学部付属八王子病院,石川町1838,Hospital,4bf58dd8d48988d196941735,129,Hachiōji,35.65583,139.32389,JP,2018-04-10 01:38:00
2018_1332680,70564,3032,35.745549332527155,139.33742862147744,AFG MOTOSPORTS,福生2020-3,Motorcycle Shop,5032833091d4c4b30a586d60,250,Fussa,35.73667,139.32361,JP,2018-04-10 03:36:00
2018_1332680,70564,358,35.539018,139.223096,鳥居原ふれあいの館,緑区鳥屋1674,Farmers Market,4bf58dd8d48988d1fa941735,195,Hachiōji,35.65583,139.32389,JP,2018-04-10 04:37:00
2018_1332682,70564,3118,35.66359975098934,139.3522247672081,クレープショップMONKEY,大和田町5-9-16,Ice Cream Shop,4bf58dd8d48988d1c9941735,152,Hachiōji,35.65583,139.32389,JP,2018-04-14 08:59:00
2018_1332682,70564,1635,35.66948496144675,139.35949370408153,焼肉牛伝 八王子石川町店,石川町2097-2,BBQ Joint,4bf58dd8d48988d1df931735,164,Hachiōji,35.65583,139.32389,JP,2018-04-14 10:32:00
2018_1332682,70564,853,35.6485980137129,139.35513228178024,Baghdad Cafe West,北野町568,Bar,4bf58dd8d48988d116941735,31,Hachiōji,35.65583,139.32389,JP,2018-04-14 13:48:00
2018_1332686,70564,4062,35.662486,139.351973,ESSO 八王子SS,大和田町5-2-1,Gas Station,4bf58dd8d48988d113951735,28,Hachiōji,35.65583,139.32389,JP,2018-04-20 00:41:00
2018_1332686,70564,1078,35.683683739120305,139.34581696987152,セブンイレブン 八王子インター北店,左入町261-1,Convenience Store,4d954b0ea243a5684a65b473,215,Hachiōji,35.65583,139.32389,JP,2018-04-20 00:52:00
2018_1332686,70564,358,35.539018,139.223096,鳥居原ふれあいの館,緑区鳥屋1674,Farmers Market,4bf58dd8d48988d1fa941735,195,Hachiōji,35.65583,139.32389,JP,2018-04-20 05:34:00
2018_1332686,70564,1254,35.553984,139.261701,オギノパン 本社工場直売店,緑区長竹2841,Bakery,4bf58dd8d48988d16a941735,100,Hachiōji,35.65583,139.32389,JP,2018-04-20 06:52:00
2018_1332686,70564,80,35.686372308734526,139.34108496154775,道の駅 八王子滝山,滝山町1-592-2,Rest Area,4d954b16a243a5684b65b473,216,Hachiōji,35.65583,139.32389,JP,2018-04-20 11:40:00
2018_1332687,70564,4062,35.662486,139.351973,ESSO 八王子SS,大和田町5-2-1,Gas Station,4bf58dd8d48988d113951735,28,Hachiōji,35.65583,139.32389,JP,2018-04-21 02:22:00
2018_1332687,70564,1937,35.65139420487844,139.33386636011525,バーミヤン,万町170-1,Chinese Restaurant,4bf58dd8d48988d145941735,76,Hachiōji,35.65583,139.32389,JP,2018-04-21 07:12:00
2018_1332689,70564,356,35.666924506110185,139.35412572471705,マクドナルド,大和田町4-21-4,Fast Food Restaurant,4bf58dd8d48988d16e941735,104,Hachiōji,35.65583,139.32389,JP,2018-04-29 03:05:00
2018_1332689,70564,3,35.65808032639735,139.34275103595496,京王八王子駅 (Keiō-hachiōji Sta.),明神町3-27-1,Train Station,4bf58dd8d48988d129951735,59,Hachiōji,35.65583,139.32389,JP,2018-04-29 10:08:00
2018_1332692,70564,3032,35.745549332527155,139.33742862147744,AFG MOTOSPORTS,福生2020-3,Motorcycle Shop,5032833091d4c4b30a586d60,250,Fussa,35.73667,139.32361,JP,2018-05-03 02:31:00
2018_1332692,70564,358,35.539018,139.223096,鳥居原ふれあいの館,緑区鳥屋1674,Farmers Market,4bf58dd8d48988d1fa941735,195,Hachiōji,35.65583,139.32389,JP,2018-05-03 04:18:00
2018_1332692,70564,358,35.539018,139.223096,鳥居原ふれあいの館,緑区鳥屋1674,Farmers Market,4bf58dd8d48988d1fa941735,195,Hachiōji,35.65583,139.32389,JP,2018-05-03 07:11:00
2018_1332692,70564,108,35.589975,139.341728,マクドナルド,緑区西橋本1-2-2,Fast Food Restaurant,4bf58dd8d48988d16e941735,104,Hachiōji,35.65583,139.32389,JP,2018-05-03 15:04:00
2018_1332693,70564,80,35.686372308734526,139.34108496154775,道の駅 八王子滝山,滝山町1-592-2,Rest Area,4d954b16a243a5684b65b473,216,Hachiōji,35.65583,139.32389,JP,2018-05-03 23:41:00
2018_1332693,70564,358,35.539018,139.223096,鳥居原ふれあいの館,緑区鳥屋1674,Farmers Market,4bf58dd8d48988d1fa941735,195,Hachiōji,35.65583,139.32389,JP,2018-05-04 00:46:00
2018_1332694,70564,199,35.70785607353304,139.3453694735955,ENEOS EneJet シンエネ昭島SS,拝島町1-17-1,Gas Station,4bf58dd8d48988d113951735,28,Fussa,35.73667,139.32361,JP,2018-05-04 23:32:00
2018_1332694,70564,794,35.779407223097984,139.33944404125214,ローソン 瑞穂箱根ヶ崎店,大字箱根ヶ崎字西平1315-2,Convenience Store,4d954b0ea243a5684a65b473,215,Fussa,35.73667,139.32361,JP,2018-05-05 09:15:00
2018_1332695,70564,358,35.539018,139.223096,鳥居原ふれあいの館,緑区鳥屋1674,Farmers Market,4bf58dd8d48988d1fa941735,195,Hachiōji,35.65583,139.32389,JP,2018-05-06 04:04:00
2018_1332695,70564,358,35.539018,139.223096,鳥居原ふれあいの館,緑区鳥屋1674,Farmers Market,4bf58dd8d48988d1fa941735,195,Hachiōji,35.65583,139.32389,JP,2018-05-06 07:10:00
2018_1332696,70564,4670,,,,,Home (private),4bf58dd8d48988d103941735,3,Hachiōji,35.65583,139.32389,JP,2018-05-11 01:55:00
2018_1332696,70564,3032,35.745549332527155,139.33742862147744,AFG MOTOSPORTS,福生2020-3,Motorcycle Shop,5032833091d4c4b30a586d60,250,Fussa,35.73667,139.32361,JP,2018-05-11 07:47:00
2018_1332696,70564,3835,35.67848,139.323716,コウノハラクルーズ,中野町2168-1,Motorcycle Shop,5032833091d4c4b30a586d60,250,Hachiōji,35.65583,139.32389,JP,2018-05-11 09:37:00
2018_1332705,70564,229,35.67287693688818,139.35689959571624,東海大学医学部付属八王子病院,石川町1838,Hospital,4bf58dd8d48988d196941735,129,Hachiōji,35.65583,139.32389,JP,2018-05-22 00:55:00
2018_1332705,70564,356,35.666924506110185,139.35412572471705,マクドナルド,大和田町4-21-4,Fast Food Restaurant,4bf58dd8d48988d16e941735,104,Hachiōji,35.65583,139.32389,JP,2018-05-22 02:57:00
2018_1332713,70564,1602,35.589698208718076,139.31342527270317,セブンイレブン 相模原城山川尻東店,緑区川尻1593-1,Convenience Store,4d954b0ea243a5684a65b473,215,Hachiōji,35.65583,139.32389,JP,2018-07-22 03:26:00
2018_1332713,70564,358,35.539018,139.223096,鳥居原ふれあいの館,緑区鳥屋1674,Farmers Market,4bf58dd8d48988d1fa941735,195,Hachiōji,35.65583,139.32389,JP,2018-07-22 03:48:00
2018_1332713,70564,3626,35.54297119407528,139.26171630620956,ステーキレストラン STUMP,半原5607,Grilled Meat Restaurant,53d6c1b0e4b02351e88a83d6,321,Hachiōji,35.65583,139.32389,JP,2018-07-22 04:36:00
2018_1332713,70564,611,35.659567091958195,139.33910071849823,関根精肉店,横山町3-6,Japanese Restaurant,4bf58dd8d48988d111941735,23,Hachiōji,35.65583,139.32389,JP,2018-07-22 11:02:00
2018_1361348,72444,86,35.7465645056559,139.3847680091858,イオンモールむさし村山,榎1-1-3,Shopping Mall,4bf58dd8d48988d1fd941735,200,Fussa,35.73667,139.32361,JP,2017-10-08 12:19:00
2018_1361348,72444,4,35.71341082759238,139.36115293563006,昭島駅 (Akishima Sta.),昭和町2-1-10,Train Station,4bf58dd8d48988d129951735,59,Fussa,35.73667,139.32361,JP,2017-10-08 13:19:00
2018_1361354,72444,22,35.758217911435956,139.3162158268053,羽村駅 (Hamura Sta.),羽東1-7-26,Train Station,4bf58dd8d48988d129951735,59,Fussa,35.73667,139.32361,JP,2017-11-17 08:08:00
2018_1361354,72444,418,35.75897589499946,139.3158981451414,ぎょうざの満洲 羽村駅前店,五ノ神4-15-1,Dumpling Restaurant,4bf58dd8d48988d108941735,11,Fussa,35.73667,139.32361,JP,2017-11-17 08:16:00
2018_1361355,72444,4,35.71341082759238,139.36115293563006,昭島駅 (Akishima Sta.),昭和町2-1-10,Train Station,4bf58dd8d48988d129951735,59,Fussa,35.73667,139.32361,JP,2017-11-18 23:09:00
2018_1361355,72444,1402,35.721116431517224,139.34407959093394,西武鉄道 拝島駅 (Haijima Sta.),美堀町5-21-2,Train Station,4bf58dd8d48988d129951735,59,Fussa,35.73667,139.32361,JP,2017-11-18 23:20:00
2018_1361355,72444,28,35.759769058642085,139.46584993976023,東村山駅 (Higashi-Murayama Sta.)(SS21/SK05),本町2-3-32,Train Station,4bf58dd8d48988d129951735,59,Higashimurayama,35.75459,139.46852,JP,2017-11-18 23:49:00
2018_1361355,72444,375,35.760115,139.467098,マクドナルド,本町2-3-2,Fast Food Restaurant,4bf58dd8d48988d16e941735,104,Higashimurayama,35.75459,139.46852,JP,2017-11-19 07:09:00
2018_1361355,72444,2571,35.760733478763,139.4653086565238,東村山駅西口バス停,野口町1,Bus Station,4bf58dd8d48988d1fe931735,201,Higashimurayama,35.75459,139.46852,JP,2017-11-19 10:14:00
2018_1361355,72444,4,35.71341082759238,139.36115293563006,昭島駅 (Akishima Sta.),昭和町2-1-10,Train Station,4bf58dd8d48988d129951735,59,Fussa,35.73667,139.32361,JP,2017-11-19 11:13:00
2018_1361359,72444,4,35.71341082759238,139.36115293563006,昭島駅 (Akishima Sta.),昭和町2-1-10,Train Station,4bf58dd8d48988d129951735,59,Fussa,35.73667,139.32361,JP,2017-12-26 04:36:00
2018_1361359,72444,4,35.71341082759238,139.36115293563006,昭島駅 (Akishima Sta.),昭和町2-1-10,Train Station,4bf58dd8d48988d129951735,59,Fussa,35.73667,139.32361,JP,2017-12-27 13:50:00
2018_1361362,72444,4,35.71341082759238,139.36115293563006,昭島駅 (Akishima Sta.),昭和町2-1-10,Train Station,4bf58dd8d48988d129951735,59,Fussa,35.73667,139.32361,JP,2018-01-05 12:30:00
2018_1361362,72444,1402,35.721116431517224,139.34407959093394,西武鉄道 拝島駅 (Haijima Sta.),美堀町5-21-2,Train Station,4bf58dd8d48988d129951735,59,Fussa,35.73667,139.32361,JP,2018-01-07 08:59:00
2018_1361370,72444,4,35.71341082759238,139.36115293563006,昭島駅 (Akishima Sta.),昭和町2-1-10,Train Station,4bf58dd8d48988d129951735,59,Fussa,35.73667,139.32361,JP,2018-02-20 22:05:00
2018_1361370,72444,4,35.71341082759238,139.36115293563006,昭島駅 (Akishima Sta.),昭和町2-1-10,Train Station,4bf58dd8d48988d129951735,59,Fussa,35.73667,139.32361,JP,2018-02-25 12:57:00
2018_1361371,72444,3,35.65808032639735,139.34275103595496,京王八王子駅 (Keiō-hachiōji Sta.),明神町3-27-1,Train Station,4bf58dd8d48988d129951735,59,Hachiōji,35.65583,139.32389,JP,2018-02-27 11:48:00
2018_1361371,72444,2,35.65561,139.3389,八王子駅 (Hachiōji Sta.),旭町1-1,Train Station,4bf58dd8d48988d129951735,59,Hachiōji,35.65583,139.32389,JP,2018-02-27 11:59:00
2018_1361371,72444,18,35.72118017284569,139.34375983717834,拝島駅 (Haijima Sta.),松原町4-14-4 / 美堀町5-21-2,Train Station,4bf58dd8d48988d129951735,59,Fussa,35.73667,139.32361,JP,2018-02-27 12:22:00
2018_1361372,72444,2579,35.724856973248734,139.34617012024233,新東京ダイヤモンドボウル,熊川1499-1,Bowling Alley,4bf58dd8d48988d1e4931735,169,Fussa,35.73667,139.32361,JP,2018-03-01 06:01:00
2018_1361372,72444,4,35.71341082759238,139.36115293563006,昭島駅 (Akishima Sta.),昭和町2-1-10,Train Station,4bf58dd8d48988d129951735,59,Fussa,35.73667,139.32361,JP,2018-03-01 10:21:00
2018_1361376,72444,4,35.71341082759238,139.36115293563006,昭島駅 (Akishima Sta.),昭和町2-1-10,Train Station,4bf58dd8d48988d129951735,59,Fussa,35.73667,139.32361,JP,2018-03-22 21:35:00
2018_1361376,72444,4,35.71341082759238,139.36115293563006,昭島駅 (Akishima Sta.),昭和町2-1-10,Train Station,4bf58dd8d48988d129951735,59,Fussa,35.73667,139.32361,JP,2018-03-23 10:22:00
2018_1361378,72444,4,35.71341082759238,139.36115293563006,昭島駅 (Akishima Sta.),昭和町2-1-10,Train Station,4bf58dd8d48988d129951735,59,Fussa,35.73667,139.32361,JP,2018-04-10 07:13:00
2018_1361378,72444,4,35.71341082759238,139.36115293563006,昭島駅 (Akishima Sta.),昭和町2-1-10,Train Station,4bf58dd8d48988d129951735,59,Fussa,35.73667,139.32361,JP,2018-04-10 13:04:00
2018_1361381,72444,4,35.71341082759238,139.36115293563006,昭島駅 (Akishima Sta.),昭和町2-1-10,Train Station,4bf58dd8d48988d129951735,59,Fussa,35.73667,139.32361,JP,2018-04-30 09:28:00
2018_1361381,72444,4,35.71341082759238,139.36115293563006,昭島駅 (Akishima Sta.),昭和町2-1-10,Train Station,4bf58dd8d48988d129951735,59,Fussa,35.73667,139.32361,JP,2018-05-02 14:15:00
2018_1361385,72444,4,35.71341082759238,139.36115293563006,昭島駅 (Akishima Sta.),昭和町2-1-10,Train Station,4bf58dd8d48988d129951735,59,Fussa,35.73667,139.32361,JP,2018-05-12 23:52:00
2018_1361385,72444,4,35.71341082759238,139.36115293563006,昭島駅 (Akishima Sta.),昭和町2-1-10,Train Station,4bf58dd8d48988d129951735,59,Fussa,35.73667,139.32361,JP,2018-05-13 13:48:00
2018_1361388,72444,4,35.71341082759238,139.36115293563006,昭島駅 (Akishima Sta.),昭和町2-1-10,Train Station,4bf58dd8d48988d129951735,59,Fussa,35.73667,139.32361,JP,2018-05-25 10:06:00
2018_1361388,72444,4,35.71341082759238,139.36115293563006,昭島駅 (Akishima Sta.),昭和町2-1-10,Train Station,4bf58dd8d48988d129951735,59,Fussa,35.73667,139.32361,JP,2018-05-27 13:30:00
2018_1361390,72444,4,35.71341082759238,139.36115293563006,昭島駅 (Akishima Sta.),昭和町2-1-10,Train Station,4bf58dd8d48988d129951735,59,Fussa,35.73667,139.32361,JP,2018-06-09 09:38:00
2018_1361390,72444,4,35.71341082759238,139.36115293563006,昭島駅 (Akishima Sta.),昭和町2-1-10,Train Station,4bf58dd8d48988d129951735,59,Fussa,35.73667,139.32361,JP,2018-06-09 15:01:00
2018_1361392,72444,86,35.7465645056559,139.3847680091858,イオンモールむさし村山,榎1-1-3,Shopping Mall,4bf58dd8d48988d1fd941735,200,Fussa,35.73667,139.32361,JP,2018-06-14 02:14:00
2018_1361392,72444,44,35.77130771454727,139.34668064117432,箱根ヶ崎駅 (Hakonegasaki Sta.),箱根ケ崎397,Train Station,4bf58dd8d48988d129951735,59,Fussa,35.73667,139.32361,JP,2018-06-14 06:35:00
2018_1361394,72444,3693,35.77106598036512,139.34708043036528,箱根ケ崎駅東口バスターミナル,箱根ヶ崎251,Bus Station,4bf58dd8d48988d1fe931735,201,Fussa,35.73667,139.32361,JP,2018-07-01 02:03:00
2018_1361394,72444,86,35.7465645056559,139.3847680091858,イオンモールむさし村山,榎1-1-3,Shopping Mall,4bf58dd8d48988d1fd941735,200,Fussa,35.73667,139.32361,JP,2018-07-01 03:06:00
2018_1361400,72444,4,35.71341082759238,139.36115293563006,昭島駅 (Akishima Sta.),昭和町2-1-10,Train Station,4bf58dd8d48988d129951735,59,Fussa,35.73667,139.32361,JP,2018-08-14 21:55:00
2018_1361400,72444,18,35.72118017284569,139.34375983717834,拝島駅 (Haijima Sta.),松原町4-14-4 / 美堀町5-21-2,Train Station,4bf58dd8d48988d129951735,59,Fussa,35.73667,139.32361,JP,2018-08-15 14:15:00
2018_1361401,72444,4,35.71341082759238,139.36115293563006,昭島駅 (Akishima Sta.),昭和町2-1-10,Train Station,4bf58dd8d48988d129951735,59,Fussa,35.73667,139.32361,JP,2018-08-16 03:15:00
2018_1361401,72444,4,35.71341082759238,139.36115293563006,昭島駅 (Akishima Sta.),昭和町2-1-10,Train Station,4bf58dd8d48988d129951735,59,Fussa,35.73667,139.32361,JP,2018-08-16 14:19:00
2018_1361404,72444,318,35.75900936987497,139.31603627784776,松屋 羽村店,五ノ神4-15-11,Donburi Restaurant,55a59bace4b013909087cb0c,331,Fussa,35.73667,139.32361,JP,2018-08-25 08:14:00
2018_1361404,72444,3693,35.77106598036512,139.34708043036528,箱根ケ崎駅東口バスターミナル,箱根ヶ崎251,Bus Station,4bf58dd8d48988d1fe931735,201,Fussa,35.73667,139.32361,JP,2018-08-25 09:01:00
2018_1361413,72444,4,35.71341082759238,139.36115293563006,昭島駅 (Akishima Sta.),昭和町2-1-10,Train Station,4bf58dd8d48988d129951735,59,Fussa,35.73667,139.32361,JP,2018-09-21 01:02:00
2018_1361413,72444,5,35.71296258872316,139.3596052188347,CoCo壱番屋 JR昭島駅南口店,昭和町2-6-8,Japanese Curry Restaurant,55a59bace4b013909087cb30,339,Fussa,35.73667,139.32361,JP,2018-09-21 08:44:00
2018_1361416,72444,996,35.74757547565053,139.38235340608173,YAMADA web.com 武蔵村山店,三ツ藤1-84,Electronics Store,4bf58dd8d48988d122951735,48,Fussa,35.73667,139.32361,JP,2018-10-13 06:43:00
2018_1361416,72444,4041,35.720755,139.343063,拝島駅バスターミナル,松原町4,Bus Station,4bf58dd8d48988d1fe931735,201,Fussa,35.73667,139.32361,JP,2018-10-13 10:45:00
2018_1453180,78286,3976,,,,,Castle,50aaa49e4b90af0d42d5de11,257,Fussa,35.73667,139.32361,JP,2018-02-17 10:44:00
2018_1453180,78286,4488,,,,,Home (private),4bf58dd8d48988d103941735,3,Fussa,35.73667,139.32361,JP,2018-02-17 12:14:00
2018_1453181,78286,2591,35.770762771557756,139.30932149291039,しゃぶ葉,栄町2-14-1,Buffet,52e81612bcbc57f1066b79f4,272,Fussa,35.73667,139.32361,JP,2018-02-18 03:10:00
2018_1453181,78286,1751,35.75821795549495,139.3265080142437,スーパーオートバックス SA羽村店,神明台4-1-1,Automotive Shop,4bf58dd8d48988d124951735,52,Fussa,35.73667,139.32361,JP,2018-02-18 05:09:00
2018_1453182,78286,3105,35.728718446682905,139.34065595422913,福生消防署 熊川出張所,熊川1297,Fire Station,4bf58dd8d48988d12c941735,61,Fussa,35.73667,139.32361,JP,2018-04-16 18:22:00
2018_1453182,78286,3976,,,,,Castle,50aaa49e4b90af0d42d5de11,257,Fussa,35.73667,139.32361,JP,2018-04-16 20:10:00
2018_1453182,78286,4488,,,,,Home (private),4bf58dd8d48988d103941735,3,Fussa,35.73667,139.32361,JP,2018-04-16 21:22:00
2018_1453183,78286,363,35.742314,139.33791,第二ゲート前交差点,福生,Intersection,52f2ab2ebcbc57f1066b8b4c,311,Fussa,35.73667,139.32361,JP,2018-04-21 15:28:00
2018_1453183,78286,3105,35.728718446682905,139.34065595422913,福生消防署 熊川出張所,熊川1297,Fire Station,4bf58dd8d48988d12c941735,61,Fussa,35.73667,139.32361,JP,2018-04-21 18:06:00
2018_1453184,78286,4488,,,,,Home (private),4bf58dd8d48988d103941735,3,Fussa,35.73667,139.32361,JP,2018-04-22 03:16:00
2018_1453184,78286,662,35.78992669409998,139.3616397939286,湘南乃家,駒形富士山130-1,Ramen Restaurant,55a59bace4b013909087cb24,335,Fussa,35.73667,139.32361,JP,2018-04-22 10:50:00
2018_1453184,78286,3105,35.728718446682905,139.34065595422913,福生消防署 熊川出張所,熊川1297,Fire Station,4bf58dd8d48988d12c941735,61,Fussa,35.73667,139.32361,JP,2018-04-22 18:06:00
2018_1453185,78286,363,35.742314,139.33791,第二ゲート前交差点,福生,Intersection,52f2ab2ebcbc57f1066b8b4c,311,Fussa,35.73667,139.32361,JP,2018-04-27 15:23:00
2018_1453185,78286,3105,35.728718446682905,139.34065595422913,福生消防署 熊川出張所,熊川1297,Fire Station,4bf58dd8d48988d12c941735,61,Fussa,35.73667,139.32361,JP,2018-04-27 18:30:00
2018_1453186,78286,1260,35.749868596223045,139.32689163833857,壱発ラーメン,加美平1-18-19,Ramen Restaurant,55a59bace4b013909087cb24,335,Fussa,35.73667,139.32361,JP,2018-04-28 12:24:00
2018_1453186,78286,363,35.742314,139.33791,第二ゲート前交差点,福生,Intersection,52f2ab2ebcbc57f1066b8b4c,311,Fussa,35.73667,139.32361,JP,2018-04-28 16:47:00
2018_1453186,78286,3105,35.728718446682905,139.34065595422913,福生消防署 熊川出張所,熊川1297,Fire Station,4bf58dd8d48988d12c941735,61,Fussa,35.73667,139.32361,JP,2018-04-28 18:00:00
2018_1453186,78286,4488,,,,,Home (private),4bf58dd8d48988d103941735,3,Fussa,35.73667,139.32361,JP,2018-04-28 20:19:00
2018_1453186,78286,4488,,,,,Home (private),4bf58dd8d48988d103941735,3,Fussa,35.73667,139.32361,JP,2018-04-29 03:51:00
2018_1453187,78286,363,35.742314,139.33791,第二ゲート前交差点,福生,Intersection,52f2ab2ebcbc57f1066b8b4c,311,Fussa,35.73667,139.32361,JP,2018-04-29 16:26:00
2018_1453187,78286,3105,35.728718446682905,139.34065595422913,福生消防署 熊川出張所,熊川1297,Fire Station,4bf58dd8d48988d12c941735,61,Fussa,35.73667,139.32361,JP,2018-04-29 17:47:00
2018_1453188,78286,4488,,,,,Home (private),4bf58dd8d48988d103941735,3,Fussa,35.73667,139.32361,JP,2018-05-01 08:30:00
2018_1453188,78286,4488,,,,,Home (private),4bf58dd8d48988d103941735,3,Fussa,35.73667,139.32361,JP,2018-05-01 13:54:00
2018_1453188,78286,3931,35.73376939511184,139.3338570136211,カラオケまねきねこ 福生店,牛浜91-2,General Entertainment,4bf58dd8d48988d1f1931735,181,Fussa,35.73667,139.32361,JP,2018-05-01 14:24:00
2018_1453189,78286,363,35.742314,139.33791,第二ゲート前交差点,福生,Intersection,52f2ab2ebcbc57f1066b8b4c,311,Fussa,35.73667,139.32361,JP,2018-05-03 15:33:00
2018_1453189,78286,3105,35.728718446682905,139.34065595422913,福生消防署 熊川出張所,熊川1297,Fire Station,4bf58dd8d48988d12c941735,61,Fussa,35.73667,139.32361,JP,2018-05-03 17:46:00
2018_1453189,78286,4488,,,,,Home (private),4bf58dd8d48988d103941735,3,Fussa,35.73667,139.32361,JP,2018-05-03 20:27:00
2018_1453190,78286,3380,35.73419234121308,139.3272505320183,カーランドリー福生408,福生408,Car Wash,4f04ae1f2fb6e1c99f3db0ba,232,Fussa,35.73667,139.32361,JP,2018-05-04 10:56:00
2018_1453190,78286,4488,,,,,Home (private),4bf58dd8d48988d103941735,3,Fussa,35.73667,139.32361,JP,2018-05-04 12:11:00
2018_1453190,78286,363,35.742314,139.33791,第二ゲート前交差点,福生,Intersection,52f2ab2ebcbc57f1066b8b4c,311,Fussa,35.73667,139.32361,JP,2018-05-04 15:23:00
2018_1453191,78286,1884,35.66291869364551,139.3526788890072,ハードオフ/ホビーオフ,大和田町5-1-21,Thrift / Vintage Store,4bf58dd8d48988d101951735,2,Hachiōji,35.65583,139.32389,JP,2018-05-05 06:39:00
2018_1453191,78286,363,35.742314,139.33791,第二ゲート前交差点,福生,Intersection,52f2ab2ebcbc57f1066b8b4c,311,Fussa,35.73667,139.32361,JP,2018-05-05 15:24:00
2018_1453191,78286,3105,35.728718446682905,139.34065595422913,福生消防署 熊川出張所,熊川1297,Fire Station,4bf58dd8d48988d12c941735,61,Fussa,35.73667,139.32361,JP,2018-05-05 17:54:00
2018_1453192,78286,4488,,,,,Home (private),4bf58dd8d48988d103941735,3,Fussa,35.73667,139.32361,JP,2018-05-08 04:10:00
2018_1453192,78286,363,35.742314,139.33791,第二ゲート前交差点,福生,Intersection,52f2ab2ebcbc57f1066b8b4c,311,Fussa,35.73667,139.32361,JP,2018-05-08 06:28:00
2018_1453192,78286,445,35.74023545898117,139.33070292700035,コジマ×ビックカメラ 福生店,本町36,Electronics Store,4bf58dd8d48988d122951735,48,Fussa,35.73667,139.32361,JP,2018-05-08 06:34:00
2018_1453193,78286,3105,35.728718446682905,139.34065595422913,福生消防署 熊川出張所,熊川1297,Fire Station,4bf58dd8d48988d12c941735,61,Fussa,35.73667,139.32361,JP,2018-05-09 17:55:00
2018_1453193,78286,4488,,,,,Home (private),4bf58dd8d48988d103941735,3,Fussa,35.73667,139.32361,JP,2018-05-09 20:58:00
2018_1453194,78286,363,35.742314,139.33791,第二ゲート前交差点,福生,Intersection,52f2ab2ebcbc57f1066b8b4c,311,Fussa,35.73667,139.32361,JP,2018-05-10 15:40:00
2018_1453194,78286,3105,35.728718446682905,139.34065595422913,福生消防署 熊川出張所,熊川1297,Fire Station,4bf58dd8d48988d12c941735,61,Fussa,35.73667,139.32361,JP,2018-05-10 17:59:00
2018_1453195,78286,363,35.742314,139.33791,第二ゲート前交差点,福生,Intersection,52f2ab2ebcbc57f1066b8b4c,311,Fussa,35.73667,139.32361,JP,2018-05-11 15:21:00
2018_1453195,78286,3105,35.728718446682905,139.34065595422913,福生消防署 熊川出張所,熊川1297,Fire Station,4bf58dd8d48988d12c941735,61,Fussa,35.73667,139.32361,JP,2018-05-11 17:55:00
2018_1453196,78286,1530,35.731875700101035,139.2850692579306,あきる野郵便局,秋川3-2-1,Post Office,4bf58dd8d48988d172941735,106,Fussa,35.73667,139.32361,JP,2018-05-12 06:53:00
2018_1453196,78286,1688,35.72978572463574,139.2897787975684,ハードオフ,秋川6-7-9,Thrift / Vintage Store,4bf58dd8d48988d101951735,2,Fussa,35.73667,139.32361,JP,2018-05-12 06:59:00
2018_1453197,78286,1751,35.75821795549495,139.3265080142437,スーパーオートバックス SA羽村店,神明台4-1-1,Automotive Shop,4bf58dd8d48988d124951735,52,Fussa,35.73667,139.32361,JP,2018-05-13 04:55:00
2018_1453197,78286,4488,,,,,Home (private),4bf58dd8d48988d103941735,3,Fussa,35.73667,139.32361,JP,2018-05-13 09:15:00
2018_1453198,78286,3579,35.75677715592581,139.3423112732072,瑞穂 大和家,むさし野3-11-3,Ramen Restaurant,55a59bace4b013909087cb24,335,Fussa,35.73667,139.32361,JP,2018-05-14 06:36:00
2018_1453198,78286,4488,,,,,Home (private),4bf58dd8d48988d103941735,3,Fussa,35.73667,139.32361,JP,2018-05-14 07:19:00
2018_1453199,78286,3105,35.728718446682905,139.34065595422913,福生消防署 熊川出張所,熊川1297,Fire Station,4bf58dd8d48988d12c941735,61,Fussa,35.73667,139.32361,JP,2018-05-14 17:50:00
2018_1453199,78286,602,35.74228703360643,139.3296754360199,セブンイレブン 福生駅前東口店,福生781-1,Convenience Store,4d954b0ea243a5684a65b473,215,Fussa,35.73667,139.32361,JP,2018-05-14 19:33:00
2018_1453202,78286,1073,35.7865335202308,139.30737285902194,くら寿司,新町5-4-3,Sushi Restaurant,4bf58dd8d48988d1d2941735,158,Fussa,35.73667,139.32361,JP,2018-05-16 10:08:00
2018_1453202,78286,3105,35.728718446682905,139.34065595422913,福生消防署 熊川出張所,熊川1297,Fire Station,4bf58dd8d48988d12c941735,61,Fussa,35.73667,139.32361,JP,2018-05-16 17:51:00
2018_1453203,78286,363,35.742314,139.33791,第二ゲート前交差点,福生,Intersection,52f2ab2ebcbc57f1066b8b4c,311,Fussa,35.73667,139.32361,JP,2018-05-17 15:28:00
2018_1453203,78286,3105,35.728718446682905,139.34065595422913,福生消防署 熊川出張所,熊川1297,Fire Station,4bf58dd8d48988d12c941735,61,Fussa,35.73667,139.32361,JP,2018-05-17 17:56:00
2018_1453204,78286,83,35.73477061492302,139.27481174119748,イオンモール日の出,平井237-3,Shopping Mall,4bf58dd8d48988d1fd941735,200,Fussa,35.73667,139.32361,JP,2018-05-18 11:26:00
2018_1453204,78286,3105,35.728718446682905,139.34065595422913,福生消防署 熊川出張所,熊川1297,Fire Station,4bf58dd8d48988d12c941735,61,Fussa,35.73667,139.32361,JP,2018-05-18 18:13:00
2018_1453205,78286,363,35.742314,139.33791,第二ゲート前交差点,福生,Intersection,52f2ab2ebcbc57f1066b8b4c,311,Fussa,35.73667,139.32361,JP,2018-05-19 15:14:00
2018_1453205,78286,3105,35.728718446682905,139.34065595422913,福生消防署 熊川出張所,熊川1297,Fire Station,4bf58dd8d48988d12c941735,61,Fussa,35.73667,139.32361,JP,2018-05-19 18:02:00
2018_1453206,78286,1884,35.66291869364551,139.3526788890072,ハードオフ/ホビーオフ,大和田町5-1-21,Thrift / Vintage Store,4bf58dd8d48988d101951735,2,Hachiōji,35.65583,139.32389,JP,2018-05-20 04:31:00
2018_1453206,78286,661,35.72556348368017,139.3349678609571,つけめん美豚,熊川689-40-2,Ramen Restaurant,55a59bace4b013909087cb24,335,Fussa,35.73667,139.32361,JP,2018-05-20 06:20:00
2018_1453206,78286,292,35.763491272912084,139.35659766622564,ドラマ 瑞穂店 (DORAMA),武蔵382-1,Arcade,4bf58dd8d48988d1e1931735,167,Fussa,35.73667,139.32361,JP,2018-05-20 07:32:00
2018_1453206,78286,4488,,,,,Home (private),4bf58dd8d48988d103941735,3,Fussa,35.73667,139.32361,JP,2018-05-20 09:25:00
2018_1453207,78286,3105,35.728718446682905,139.34065595422913,福生消防署 熊川出張所,熊川1297,Fire Station,4bf58dd8d48988d12c941735,61,Fussa,35.73667,139.32361,JP,2018-05-20 18:06:00
2018_1453207,78286,2835,35.73622917100057,139.32827986305176,松屋 福生志茂店,志茂36-4,Donburi Restaurant,55a59bace4b013909087cb0c,331,Fussa,35.73667,139.32361,JP,2018-05-20 19:55:00
2018_1453209,78286,3579,35.75677715592581,139.3423112732072,瑞穂 大和家,むさし野3-11-3,Ramen Restaurant,55a59bace4b013909087cb24,335,Fussa,35.73667,139.32361,JP,2018-05-24 08:46:00
2018_1453209,78286,363,35.742314,139.33791,第二ゲート前交差点,福生,Intersection,52f2ab2ebcbc57f1066b8b4c,311,Fussa,35.73667,139.32361,JP,2018-05-24 15:32:00
2018_1453209,78286,3105,35.728718446682905,139.34065595422913,福生消防署 熊川出張所,熊川1297,Fire Station,4bf58dd8d48988d12c941735,61,Fussa,35.73667,139.32361,JP,2018-05-24 18:06:00
2018_1453211,78286,363,35.742314,139.33791,第二ゲート前交差点,福生,Intersection,52f2ab2ebcbc57f1066b8b4c,311,Fussa,35.73667,139.32361,JP,2018-05-28 15:27:00
2018_1453211,78286,3105,35.728718446682905,139.34065595422913,福生消防署 熊川出張所,熊川1297,Fire Station,4bf58dd8d48988d12c941735,61,Fussa,35.73667,139.32361,JP,2018-05-28 17:41:00
2018_1453212,78286,363,35.742314,139.33791,第二ゲート前交差点,福生,Intersection,52f2ab2ebcbc57f1066b8b4c,311,Fussa,35.73667,139.32361,JP,2018-05-29 15:29:00
2018_1453212,78286,3105,35.728718446682905,139.34065595422913,福生消防署 熊川出張所,熊川1297,Fire Station,4bf58dd8d48988d12c941735,61,Fussa,35.73667,139.32361,JP,2018-05-29 18:03:00
2018_1453213,78286,4488,,,,,Home (private),4bf58dd8d48988d103941735,3,Fussa,35.73667,139.32361,JP,2018-06-03 02:48:00
2018_1453213,78286,661,35.72556348368017,139.3349678609571,つけめん美豚,熊川689-40-2,Ramen Restaurant,55a59bace4b013909087cb24,335,Fussa,35.73667,139.32361,JP,2018-06-03 08:54:00
2018_1453214,78286,1751,35.75821795549495,139.3265080142437,スーパーオートバックス SA羽村店,神明台4-1-1,Automotive Shop,4bf58dd8d48988d124951735,52,Fussa,35.73667,139.32361,JP,2018-06-06 06:16:00
2018_1453214,78286,3105,35.728718446682905,139.34065595422913,福生消防署 熊川出張所,熊川1297,Fire Station,4bf58dd8d48988d12c941735,61,Fussa,35.73667,139.32361,JP,2018-06-06 18:08:00
2018_1453215,78286,4488,,,,,Home (private),4bf58dd8d48988d103941735,3,Fussa,35.73667,139.32361,JP,2018-06-08 12:30:00
2018_1453215,78286,3105,35.728718446682905,139.34065595422913,福生消防署 熊川出張所,熊川1297,Fire Station,4bf58dd8d48988d12c941735,61,Fussa,35.73667,139.32361,JP,2018-06-08 18:25:00
2018_1453218,78286,3579,35.75677715592581,139.3423112732072,瑞穂 大和家,むさし野3-11-3,Ramen Restaurant,55a59bace4b013909087cb24,335,Fussa,35.73667,139.32361,JP,2018-07-14 11:35:00
2018_1453218,78286,3105,35.728718446682905,139.34065595422913,福生消防署 熊川出張所,熊川1297,Fire Station,4bf58dd8d48988d12c941735,61,Fussa,35.73667,139.32361,JP,2018-07-14 18:00:00
2018_1453218,78286,4488,,,,,Home (private),4bf58dd8d48988d103941735,3,Fussa,35.73667,139.32361,JP,2018-09-30 01:35:00
2018_1453219,78286,2352,35.657759835621285,139.34109617249536,八王子田田,東町1-3,Ramen Restaurant,55a59bace4b013909087cb24,335,Hachiōji,35.65583,139.32389,JP,2018-10-16 11:23:00
2018_1453219,78286,4488,,,,,Home (private),4bf58dd8d48988d103941735,3,Fussa,35.73667,139.32361,JP,2018-10-16 12:20:00
2018_1453220,78286,3579,35.75677715592581,139.3423112732072,瑞穂 大和家,むさし野3-11-3,Ramen Restaurant,55a59bace4b013909087cb24,335,Fussa,35.73667,139.32361,JP,2018-10-19 11:19:00
2018_1453220,78286,3105,35.728718446682905,139.34065595422913,福生消防署 熊川出張所,熊川1297,Fire Station,4bf58dd8d48988d12c941735,61,Fussa,35.73667,139.32361,JP,2018-10-19 18:26:00
2018_1475331,79719,327,35.60425261447649,139.36044923067635,スーパーアルプス 多摩境店,小山ヶ丘4-5-2,Supermarket,52f2ab2ebcbc57f1066b8b46,309,Hachiōji,35.65583,139.32389,JP,2017-10-05 07:58:00
2018_1475331,79719,704,35.60546625601325,139.3576719351172,サレジオ工業高等専門学校,小山ヶ丘4-6-8,Trade School,4bf58dd8d48988d1ad941735,141,Hachiōji,35.65583,139.32389,JP,2017-10-05 08:00:00
2018_1475334,79719,2129,35.64387564969976,139.32160174713016,セブンイレブン 京王山田駅前店,小比企町599-1,Convenience Store,4d954b0ea243a5684a65b473,215,Hachiōji,35.65583,139.32389,JP,2017-10-11 15:31:00
2018_1475334,79719,3,35.65808032639735,139.34275103595496,京王八王子駅 (Keiō-hachiōji Sta.),明神町3-27-1,Train Station,4bf58dd8d48988d129951735,59,Hachiōji,35.65583,139.32389,JP,2017-10-12 00:01:00
2018_1475334,79719,2,35.65561,139.3389,八王子駅 (Hachiōji Sta.),旭町1-1,Train Station,4bf58dd8d48988d129951735,59,Hachiōji,35.65583,139.32389,JP,2017-10-12 00:37:00
2018_1475334,79719,1326,35.654639063322705,139.33882782419246,ビックカメラ JR八王子駅店,旭町1-17,Electronics Store,4bf58dd8d48988d122951735,48,Hachiōji,35.65583,139.32389,JP,2017-10-12 00:45:00
2018_1475336,79719,2,35.65561,139.3389,八王子駅 (Hachiōji Sta.),旭町1-1,Train Station,4bf58dd8d48988d129951735,59,Hachiōji,35.65583,139.32389,JP,2017-10-17 07:24:00
2018_1475336,79719,1326,35.654639063322705,139.33882782419246,ビックカメラ JR八王子駅店,旭町1-17,Electronics Store,4bf58dd8d48988d122951735,48,Hachiōji,35.65583,139.32389,JP,2017-10-17 07:42:00
2018_1475336,79719,2129,35.64387564969976,139.32160174713016,セブンイレブン 京王山田駅前店,小比企町599-1,Convenience Store,4d954b0ea243a5684a65b473,215,Hachiōji,35.65583,139.32389,JP,2017-10-17 16:56:00
2018_1475337,79719,1393,35.62486975136616,139.34316292405128,マクドナルド,片倉町1404-1,Fast Food Restaurant,4bf58dd8d48988d16e941735,104,Hachiōji,35.65583,139.32389,JP,2017-10-19 05:17:00
2018_1475337,79719,704,35.60546625601325,139.3576719351172,サレジオ工業高等専門学校,小山ヶ丘4-6-8,Trade School,4bf58dd8d48988d1ad941735,141,Hachiōji,35.65583,139.32389,JP,2017-10-19 07:27:00
2018_1475338,79719,4293,35.638947,139.312219,ラーメン二郎 めじろ台店,椚田町513-9,Ramen Restaurant,55a59bace4b013909087cb24,335,Hachiōji,35.65583,139.32389,JP,2017-10-20 05:55:00
2018_1475338,79719,25,35.631220779039005,139.33104367558497,八王子みなみ野駅 (Hachiōjiminamino Sta.),みなみ野1-1-1,Train Station,4bf58dd8d48988d129951735,59,Hachiōji,35.65583,139.32389,JP,2017-10-20 06:56:00
2018_1475338,79719,480,35.5944174,139.3449669,TSUTAYA,橋本2-3-2,Video Store,4bf58dd8d48988d126951735,54,Hachiōji,35.65583,139.32389,JP,2017-10-20 07:09:00
2018_1475338,79719,3227,35.59398903357601,139.3482400872844,麻雀Q,,General Entertainment,4bf58dd8d48988d1f1931735,181,Hachiōji,35.65583,139.32389,JP,2017-10-20 08:09:00
2018_1475341,79719,4230,35.642822,139.289156,イーアス高尾,東浅川町550-1,Shopping Mall,4bf58dd8d48988d1fd941735,200,Hachiōji,35.65583,139.32389,JP,2017-10-28 06:58:00
2018_1475341,79719,171,35.63110053667728,139.32905239376024,アクロスモール八王子みなみ野,みなみ野1-2-1,Shopping Mall,4bf58dd8d48988d1fd941735,200,Hachiōji,35.65583,139.32389,JP,2017-10-28 09:27:00
2018_1475342,79719,66,35.644345047726546,139.3373552684496,京王片倉駅 (Keiō-katakura Sta.) (KO48),片倉町39-4,Train Station,4bf58dd8d48988d129951735,59,Hachiōji,35.65583,139.32389,JP,2017-10-29 15:16:00
2018_1475342,79719,38,35.64444469921653,139.35434304296533,北野駅 (Kitano Sta.) (KO33),打越町335-1,Train Station,4bf58dd8d48988d129951735,59,Hachiōji,35.65583,139.32389,JP,2017-11-04 00:13:00
2018_1475343,79719,341,35.62523511265502,139.3396812197156,日本工学院八王子専門学校,片倉町1404-1,Trade School,4bf58dd8d48988d1ad941735,141,Hachiōji,35.65583,139.32389,JP,2017-11-04 23:54:00
2018_1475343,79719,1401,35.630872863578645,139.33755909599108,小川流,片倉町1919−7,Ramen Restaurant,55a59bace4b013909087cb24,335,Hachiōji,35.65583,139.32389,JP,2017-11-05 03:25:00
2018_1475345,79719,1425,35.59492076661418,139.34504702908666,JR 橋本駅 (JR Hashimoto Sta.),緑区橋本6-1-25,Train Station,4bf58dd8d48988d129951735,59,Hachiōji,35.65583,139.32389,JP,2017-11-12 09:32:00
2018_1475345,79719,4511,35.62442096645474,139.32745159452054,雀荘 カルアンチ,,Casino,4bf58dd8d48988d17c941735,115,Hachiōji,35.65583,139.32389,JP,2017-11-12 14:34:00
2018_1475346,79719,65,35.644380365207496,139.32107215429372,山田駅 (Yamada Sta.) (KO49),緑町434,Train Station,4bf58dd8d48988d129951735,59,Hachiōji,35.65583,139.32389,JP,2017-11-17 05:17:00
2018_1475346,79719,4511,35.62442096645474,139.32745159452054,雀荘 カルアンチ,,Casino,4bf58dd8d48988d17c941735,115,Hachiōji,35.65583,139.32389,JP,2017-11-17 14:32:00
2018_1475348,79719,4511,35.62442096645474,139.32745159452054,雀荘 カルアンチ,,Casino,4bf58dd8d48988d17c941735,115,Hachiōji,35.65583,139.32389,JP,2017-11-18 19:30:00
2018_1475348,79719,2756,,,,,College Gym,4bf58dd8d48988d1b2941735,145,Hachiōji,35.65583,139.32389,JP,2017-11-19 01:58:00
2018_1475348,79719,4511,35.62442096645474,139.32745159452054,雀荘 カルアンチ,,Casino,4bf58dd8d48988d17c941735,115,Hachiōji,35.65583,139.32389,JP,2017-11-19 07:06:00
2018_1475348,79719,25,35.631220779039005,139.33104367558497,八王子みなみ野駅 (Hachiōjiminamino Sta.),みなみ野1-1-1,Train Station,4bf58dd8d48988d129951735,59,Hachiōji,35.65583,139.32389,JP,2017-11-19 11:07:00
2018_1475348,79719,2352,35.657759835621285,139.34109617249536,八王子田田,東町1-3,Ramen Restaurant,55a59bace4b013909087cb24,335,Hachiōji,35.65583,139.32389,JP,2017-11-19 11:35:00
2018_1475351,79719,4293,35.638947,139.312219,ラーメン二郎 めじろ台店,椚田町513-9,Ramen Restaurant,55a59bace4b013909087cb24,335,Hachiōji,35.65583,139.32389,JP,2017-11-28 03:39:00
2018_1475351,79719,11,35.59495276013401,139.34499388615959,橋本駅 (Hashimoto Sta.),緑区橋本6/2,Train Station,4bf58dd8d48988d129951735,59,Hachiōji,35.65583,139.32389,JP,2017-11-28 05:50:00
2018_1475351,79719,3227,35.59398903357601,139.3482400872844,麻雀Q,,General Entertainment,4bf58dd8d48988d1f1931735,181,Hachiōji,35.65583,139.32389,JP,2017-11-28 05:58:00
2018_1475355,79719,341,35.62523511265502,139.3396812197156,日本工学院八王子専門学校,片倉町1404-1,Trade School,4bf58dd8d48988d1ad941735,141,Hachiōji,35.65583,139.32389,JP,2017-12-15 02:21:00
2018_1475355,79719,2401,35.68187066816054,139.31806810772437,ラーメン エース,中野町2686-8,Ramen Restaurant,55a59bace4b013909087cb24,335,Hachiōji,35.65583,139.32389,JP,2017-12-15 05:17:00
2018_1475363,79719,2,35.65561,139.3389,八王子駅 (Hachiōji Sta.),旭町1-1,Train Station,4bf58dd8d48988d129951735,59,Hachiōji,35.65583,139.32389,JP,2018-01-03 08:10:00
2018_1475363,79719,2,35.65561,139.3389,八王子駅 (Hachiōji Sta.),旭町1-1,Train Station,4bf58dd8d48988d129951735,59,Hachiōji,35.65583,139.32389,JP,2018-01-04 05:19:00
2018_1475372,79719,2352,35.657759835621285,139.34109617249536,八王子田田,東町1-3,Ramen Restaurant,55a59bace4b013909087cb24,335,Hachiōji,35.65583,139.32389,JP,2018-03-09 06:45:00
2018_1475372,79719,1622,35.595221390712815,139.3466787552865,ゆるり。 橋本店,緑区橋本3-17-3,Sake Bar,4bf58dd8d48988d11c941735,40,Hachiōji,35.65583,139.32389,JP,2018-03-09 10:01:00
2018_1475374,79719,170,35.65675124866591,139.31254565812011,西八王子駅 (Nishi-Hachiōji Sta.) (JC23),千人町2-21-1,Train Station,4bf58dd8d48988d129951735,59,Hachiōji,35.65583,139.32389,JP,2018-03-14 07:58:00
2018_1475374,79719,1116,35.6578133,139.3431818,島村楽器,明神町3-27-1,Music Store,4bf58dd8d48988d1fe941735,202,Hachiōji,35.65583,139.32389,JP,2018-03-14 08:53:00
2018_1475377,79719,1898,35.631405515348796,139.3303078030725,すき家,みなみ野1-3-1,Donburi Restaurant,55a59bace4b013909087cb0c,331,Hachiōji,35.65583,139.32389,JP,2018-03-20 03:41:00
2018_1475377,79719,416,35.658807960708316,139.33771926536835,らしんばん,中町2-1,Hobby Shop,4bf58dd8d48988d1fb941735,197,Hachiōji,35.65583,139.32389,JP,2018-03-20 08:26:00
2018_1475377,79719,1010,35.656979966607096,139.33761347459244,アニメイト,旭町6-6,Hobby Shop,4bf58dd8d48988d1fb941735,197,Hachiōji,35.65583,139.32389,JP,2018-03-20 09:06:00
2018_1475377,79719,2352,35.657759835621285,139.34109617249536,八王子田田,東町1-3,Ramen Restaurant,55a59bace4b013909087cb24,335,Hachiōji,35.65583,139.32389,JP,2018-03-20 09:17:00
2018_1475380,79719,3,35.65808032639735,139.34275103595496,京王八王子駅 (Keiō-hachiōji Sta.),明神町3-27-1,Train Station,4bf58dd8d48988d129951735,59,Hachiōji,35.65583,139.32389,JP,2018-03-24 04:59:00
2018_1475380,79719,2352,35.657759835621285,139.34109617249536,八王子田田,東町1-3,Ramen Restaurant,55a59bace4b013909087cb24,335,Hachiōji,35.65583,139.32389,JP,2018-03-24 05:25:00
2018_1475384,79719,4293,35.638947,139.312219,ラーメン二郎 めじろ台店,椚田町513-9,Ramen Restaurant,55a59bace4b013909087cb24,335,Hachiōji,35.65583,139.32389,JP,2018-04-03 10:10:00
2018_1475384,79719,4511,35.62442096645474,139.32745159452054,雀荘 カルアンチ,,Casino,4bf58dd8d48988d17c941735,115,Hachiōji,35.65583,139.32389,JP,2018-04-03 17:25:00
2018_1475385,79719,3,35.65808032639735,139.34275103595496,京王八王子駅 (Keiō-hachiōji Sta.),明神町3-27-1,Train Station,4bf58dd8d48988d129951735,59,Hachiōji,35.65583,139.32389,JP,2018-04-06 01:50:00
2018_1475385,79719,2352,35.657759835621285,139.34109617249536,八王子田田,東町1-3,Ramen Restaurant,55a59bace4b013909087cb24,335,Hachiōji,35.65583,139.32389,JP,2018-04-06 02:15:00
2018_1475386,79719,2,35.65561,139.3389,八王子駅 (Hachiōji Sta.),旭町1-1,Train Station,4bf58dd8d48988d129951735,59,Hachiōji,35.65583,139.32389,JP,2018-04-08 09:52:00
2018_1475386,79719,3455,35.656014,139.339169,梅蘭,旭町1-1,Chinese Restaurant,4bf58dd8d48988d145941735,76,Hachiōji,35.65583,139.32389,JP,2018-04-08 10:02:00
2018_1475387,79719,341,35.62523511265502,139.3396812197156,日本工学院八王子専門学校,片倉町1404-1,Trade School,4bf58dd8d48988d1ad941735,141,Hachiōji,35.65583,139.32389,JP,2018-04-09 00:00:00
2018_1475387,79719,2,35.65561,139.3389,八王子駅 (Hachiōji Sta.),旭町1-1,Train Station,4bf58dd8d48988d129951735,59,Hachiōji,35.65583,139.32389,JP,2018-04-09 03:05:00
2018_1475388,79719,341,35.62523511265502,139.3396812197156,日本工学院八王子専門学校,片倉町1404-1,Trade School,4bf58dd8d48988d1ad941735,141,Hachiōji,35.65583,139.32389,JP,2018-04-10 23:58:00
2018_1475388,79719,2,35.65561,139.3389,八王子駅 (Hachiōji Sta.),旭町1-1,Train Station,4bf58dd8d48988d129951735,59,Hachiōji,35.65583,139.32389,JP,2018-04-11 07:10:00
2018_1475388,79719,3,35.65808032639735,139.34275103595496,京王八王子駅 (Keiō-hachiōji Sta.),明神町3-27-1,Train Station,4bf58dd8d48988d129951735,59,Hachiōji,35.65583,139.32389,JP,2018-04-11 16:07:00
2018_1475389,79719,341,35.62523511265502,139.3396812197156,日本工学院八王子専門学校,片倉町1404-1,Trade School,4bf58dd8d48988d1ad941735,141,Hachiōji,35.65583,139.32389,JP,2018-04-12 01:52:00
2018_1475389,79719,1895,35.63144307372707,139.3301635980606,丸亀製麺,みなみ野1-3,Udon Restaurant,55a59bace4b013909087cb2a,337,Hachiōji,35.65583,139.32389,JP,2018-04-12 09:47:00
2018_1475389,79719,112,35.63151133989897,139.3287508745077,マクドナルド,みなみ野1-8-1,Fast Food Restaurant,4bf58dd8d48988d16e941735,104,Hachiōji,35.65583,139.32389,JP,2018-04-12 10:00:00
2018_1475390,79719,341,35.62523511265502,139.3396812197156,日本工学院八王子専門学校,片倉町1404-1,Trade School,4bf58dd8d48988d1ad941735,141,Hachiōji,35.65583,139.32389,JP,2018-04-13 03:09:00
2018_1475390,79719,1903,35.63190538334597,139.32973051945262,DCM 八王子みなみ野店,みなみ野1-3-1,Furniture / Home Store,4bf58dd8d48988d1f8941735,191,Hachiōji,35.65583,139.32389,JP,2018-04-13 07:40:00
2018_1475390,79719,2352,35.657759835621285,139.34109617249536,八王子田田,東町1-3,Ramen Restaurant,55a59bace4b013909087cb24,335,Hachiōji,35.65583,139.32389,JP,2018-04-13 10:57:00
2018_1475390,79719,65,35.644380365207496,139.32107215429372,山田駅 (Yamada Sta.) (KO49),緑町434,Train Station,4bf58dd8d48988d129951735,59,Hachiōji,35.65583,139.32389,JP,2018-04-13 21:30:00
2018_1475391,79719,341,35.62523511265502,139.3396812197156,日本工学院八王子専門学校,片倉町1404-1,Trade School,4bf58dd8d48988d1ad941735,141,Hachiōji,35.65583,139.32389,JP,2018-04-17 01:36:00
2018_1475391,79719,3659,35.659915,139.339325,いきなり!ステーキ,横山町24-14,Steakhouse,4bf58dd8d48988d1cc941735,154,Hachiōji,35.65583,139.32389,JP,2018-04-17 04:28:00
2018_1475391,79719,2345,35.631734247891366,139.32832901078677,BOOKOFF SUPER BAZAAR,みなみ野1-8-1,Thrift / Vintage Store,4bf58dd8d48988d101951735,2,Hachiōji,35.65583,139.32389,JP,2018-04-17 07:17:00
2018_1475393,79719,341,35.62523511265502,139.3396812197156,日本工学院八王子専門学校,片倉町1404-1,Trade School,4bf58dd8d48988d1ad941735,141,Hachiōji,35.65583,139.32389,JP,2018-04-19 03:28:00
2018_1475393,79719,4511,35.62442096645474,139.32745159452054,雀荘 カルアンチ,,Casino,4bf58dd8d48988d17c941735,115,Hachiōji,35.65583,139.32389,JP,2018-04-19 07:35:00
2018_1475396,79719,341,35.62523511265502,139.3396812197156,日本工学院八王子専門学校,片倉町1404-1,Trade School,4bf58dd8d48988d1ad941735,141,Hachiōji,35.65583,139.32389,JP,2018-04-24 01:37:00
2018_1475396,79719,2,35.65561,139.3389,八王子駅 (Hachiōji Sta.),旭町1-1,Train Station,4bf58dd8d48988d129951735,59,Hachiōji,35.65583,139.32389,JP,2018-04-24 03:32:00
2018_1475396,79719,2352,35.657759835621285,139.34109617249536,八王子田田,東町1-3,Ramen Restaurant,55a59bace4b013909087cb24,335,Hachiōji,35.65583,139.32389,JP,2018-04-24 03:40:00
2018_1475398,79719,416,35.658807960708316,139.33771926536835,らしんばん,中町2-1,Hobby Shop,4bf58dd8d48988d1fb941735,197,Hachiōji,35.65583,139.32389,JP,2018-04-26 07:58:00
2018_1475398,79719,413,35.63830068352964,139.30236781682675,くら寿司,椚田町579-5,Sushi Restaurant,4bf58dd8d48988d1d2941735,158,Hachiōji,35.65583,139.32389,JP,2018-04-26 10:29:00
2018_1475402,79719,462,35.631279969254784,139.3290889022224,西海製麺所,みなみ野1-2-1,Ramen Restaurant,55a59bace4b013909087cb24,335,Hachiōji,35.65583,139.32389,JP,2018-05-05 04:08:00
2018_1475402,79719,1738,35.65446305101585,139.33759331703186,J:COMホール八王子 (J:COM Hall Hachioji),子安町4-7-1,Concert Hall,5032792091d4c4b30a586d5c,247,Hachiōji,35.65583,139.32389,JP,2018-05-05 07:51:00
2018_1486505,80480,1659,35.63096363378414,139.32899088374666,アピナ 八王子みなみ野店,みなみ野1-2-1,Arcade,4bf58dd8d48988d1e1931735,167,Hachiōji,35.65583,139.32389,JP,2017-10-06 06:13:00
2018_1486505,80480,4379,35.63221551412606,139.32878384920198,餃子の王将,みなみ野1-7-3,Dumpling Restaurant,4bf58dd8d48988d108941735,11,Hachiōji,35.65583,139.32389,JP,2017-10-06 11:46:00
2018_1486511,80480,4135,35.630989,139.329131,とりビアー,みなみ野1-2-1,Wings Joint,4bf58dd8d48988d14c941735,81,Hachiōji,35.65583,139.32389,JP,2017-11-05 02:34:00
2018_1486511,80480,1659,35.63096363378414,139.32899088374666,アピナ 八王子みなみ野店,みなみ野1-2-1,Arcade,4bf58dd8d48988d1e1931735,167,Hachiōji,35.65583,139.32389,JP,2017-11-05 02:58:00
2018_1486511,80480,983,35.65779911891817,139.33452390384286,武蔵野うどん たまや,中町11-4,Udon Restaurant,55a59bace4b013909087cb2a,337,Hachiōji,35.65583,139.32389,JP,2017-11-09 09:04:00
2018_1486512,80480,3667,35.65774201119776,139.34024164497043,肉汁餃子製作所 ダンダダン酒場,東町1-7,Dumpling Restaurant,4bf58dd8d48988d108941735,11,Hachiōji,35.65583,139.32389,JP,2017-11-16 09:13:00
2018_1486512,80480,2920,35.6582088829431,139.33827384120502,まーじゃんAQUA,東町12-14,Casino,4bf58dd8d48988d17c941735,115,Hachiōji,35.65583,139.32389,JP,2017-11-16 10:37:00
2018_1486513,80480,4135,35.630989,139.329131,とりビアー,みなみ野1-2-1,Wings Joint,4bf58dd8d48988d14c941735,81,Hachiōji,35.65583,139.32389,JP,2017-11-17 04:27:00
2018_1486513,80480,1659,35.63096363378414,139.32899088374666,アピナ 八王子みなみ野店,みなみ野1-2-1,Arcade,4bf58dd8d48988d1e1931735,167,Hachiōji,35.65583,139.32389,JP,2017-11-17 04:49:00
2018_1486513,80480,1903,35.63190538334597,139.32973051945262,DCM 八王子みなみ野店,みなみ野1-3-1,Furniture / Home Store,4bf58dd8d48988d1f8941735,191,Hachiōji,35.65583,139.32389,JP,2017-11-26 09:29:00
2018_1486513,80480,1659,35.63096363378414,139.32899088374666,アピナ 八王子みなみ野店,みなみ野1-2-1,Arcade,4bf58dd8d48988d1e1931735,167,Hachiōji,35.65583,139.32389,JP,2017-11-26 10:59:00
2018_1486513,80480,1221,35.65185215714851,139.33357385609872,ラウンドワン 八王子店,万町53-1,Bowling Alley,4bf58dd8d48988d1e4931735,169,Hachiōji,35.65583,139.32389,JP,2017-12-09 12:29:00
2018_1486513,80480,4517,35.657668,139.337639,中華食堂 一番館,旭町8-6,Chinese Restaurant,4bf58dd8d48988d145941735,76,Hachiōji,35.65583,139.32389,JP,2017-12-09 13:43:00
2018_1486514,80480,2920,35.6582088829431,139.33827384120502,まーじゃんAQUA,東町12-14,Casino,4bf58dd8d48988d17c941735,115,Hachiōji,35.65583,139.32389,JP,2017-12-13 08:41:00
2018_1486514,80480,298,35.658057,139.337763,天下一品,東町12-7,Ramen Restaurant,55a59bace4b013909087cb24,335,Hachiōji,35.65583,139.32389,JP,2017-12-13 10:46:00
2018_1486516,80480,1299,35.631966287953944,139.3282690145939,石窯パン工房 サンメリー 八王子みなみ野店(SUNMERY'S),みなみ野1-7-5,Bakery,4bf58dd8d48988d16a941735,100,Hachiōji,35.65583,139.32389,JP,2017-12-18 06:19:00
2018_1486516,80480,1659,35.63096363378414,139.32899088374666,アピナ 八王子みなみ野店,みなみ野1-2-1,Arcade,4bf58dd8d48988d1e1931735,167,Hachiōji,35.65583,139.32389,JP,2017-12-18 06:53:00
2018_1486516,80480,1299,35.631966287953944,139.3282690145939,石窯パン工房 サンメリー 八王子みなみ野店(SUNMERY'S),みなみ野1-7-5,Bakery,4bf58dd8d48988d16a941735,100,Hachiōji,35.65583,139.32389,JP,2017-12-21 08:30:00
2018_1486521,80480,1659,35.63096363378414,139.32899088374666,アピナ 八王子みなみ野店,みなみ野1-2-1,Arcade,4bf58dd8d48988d1e1931735,167,Hachiōji,35.65583,139.32389,JP,2018-01-07 11:19:00
2018_1486521,80480,1017,35.63223422322054,139.32859182357788,サイゼリヤ,みなみ野1-7-3,Italian Restaurant,4bf58dd8d48988d110941735,21,Hachiōji,35.65583,139.32389,JP,2018-01-12 09:48:00
2018_1486523,80480,1895,35.63144307372707,139.3301635980606,丸亀製麺,みなみ野1-3,Udon Restaurant,55a59bace4b013909087cb2a,337,Hachiōji,35.65583,139.32389,JP,2018-01-23 02:11:00
2018_1486523,80480,1659,35.63096363378414,139.32899088374666,アピナ 八王子みなみ野店,みなみ野1-2-1,Arcade,4bf58dd8d48988d1e1931735,167,Hachiōji,35.65583,139.32389,JP,2018-01-23 02:33:00
2018_1486523,80480,154,35.627685415481615,139.3274773657322,横濱家,みなみ野2-15-10,Ramen Restaurant,55a59bace4b013909087cb24,335,Hachiōji,35.65583,139.32389,JP,2018-01-23 10:00:00
2018_1486537,80480,3659,35.659915,139.339325,いきなり!ステーキ,横山町24-14,Steakhouse,4bf58dd8d48988d1cc941735,154,Hachiōji,35.65583,139.32389,JP,2018-03-27 03:23:00
2018_1486537,80480,1352,35.656466023188216,139.33855395573082,シルクハット 八王子店,旭町2-5,Arcade,4bf58dd8d48988d1e1931735,167,Hachiōji,35.65583,139.32389,JP,2018-03-27 04:49:00
2018_1486537,80480,2920,35.6582088829431,139.33827384120502,まーじゃんAQUA,東町12-14,Casino,4bf58dd8d48988d17c941735,115,Hachiōji,35.65583,139.32389,JP,2018-03-27 09:02:00
2018_1486537,80480,4517,35.657668,139.337639,中華食堂 一番館,旭町8-6,Chinese Restaurant,4bf58dd8d48988d145941735,76,Hachiōji,35.65583,139.32389,JP,2018-03-27 12:36:00
2018_1486540,80480,4135,35.630989,139.329131,とりビアー,みなみ野1-2-1,Wings Joint,4bf58dd8d48988d14c941735,81,Hachiōji,35.65583,139.32389,JP,2018-04-13 02:28:00
2018_1486540,80480,1659,35.63096363378414,139.32899088374666,アピナ 八王子みなみ野店,みなみ野1-2-1,Arcade,4bf58dd8d48988d1e1931735,167,Hachiōji,35.65583,139.32389,JP,2018-04-13 02:51:00
2018_1486540,80480,1903,35.63190538334597,139.32973051945262,DCM 八王子みなみ野店,みなみ野1-3-1,Furniture / Home Store,4bf58dd8d48988d1f8941735,191,Hachiōji,35.65583,139.32389,JP,2018-04-13 05:51:00
2018_1486542,80480,710,35.65366916742165,139.33943264186382,麺や 樽座,子安町1-3-14,Ramen Restaurant,55a59bace4b013909087cb24,335,Hachiōji,35.65583,139.32389,JP,2018-04-24 09:59:00
2018_1486542,80480,831,35.653932281135454,139.33956173940712,炒家,子安町1-2-2,Chinese Restaurant,4bf58dd8d48988d145941735,76,Hachiōji,35.65583,139.32389,JP,2018-04-24 10:04:00
2018_1486542,80480,4657,35.63212344879695,139.32861357649475,雀荘たかはし,,College Rec Center,4bf58dd8d48988d1a9941735,139,Hachiōji,35.65583,139.32389,JP,2018-04-24 12:17:00
2018_1486544,80480,2,35.65561,139.3389,八王子駅 (Hachiōji Sta.),旭町1-1,Train Station,4bf58dd8d48988d129951735,59,Hachiōji,35.65583,139.32389,JP,2018-05-05 10:06:00
2018_1486544,80480,1659,35.63096363378414,139.32899088374666,アピナ 八王子みなみ野店,みなみ野1-2-1,Arcade,4bf58dd8d48988d1e1931735,167,Hachiōji,35.65583,139.32389,JP,2018-05-05 10:46:00
2018_1486545,80480,4657,35.63212344879695,139.32861357649475,雀荘たかはし,,College Rec Center,4bf58dd8d48988d1a9941735,139,Hachiōji,35.65583,139.32389,JP,2018-05-07 09:57:00
2018_1486545,80480,154,35.627685415481615,139.3274773657322,横濱家,みなみ野2-15-10,Ramen Restaurant,55a59bace4b013909087cb24,335,Hachiōji,35.65583,139.32389,JP,2018-05-07 11:42:00
2018_1486546,80480,1659,35.63096363378414,139.32899088374666,アピナ 八王子みなみ野店,みなみ野1-2-1,Arcade,4bf58dd8d48988d1e1931735,167,Hachiōji,35.65583,139.32389,JP,2018-05-15 08:50:00
2018_1486546,80480,4379,35.63221551412606,139.32878384920198,餃子の王将,みなみ野1-7-3,Dumpling Restaurant,4bf58dd8d48988d108941735,11,Hachiōji,35.65583,139.32389,JP,2018-05-15 11:43:00
2018_1486547,80480,1659,35.63096363378414,139.32899088374666,アピナ 八王子みなみ野店,みなみ野1-2-1,Arcade,4bf58dd8d48988d1e1931735,167,Hachiōji,35.65583,139.32389,JP,2018-05-18 05:22:00
2018_1486547,80480,4657,35.63212344879695,139.32861357649475,雀荘たかはし,,College Rec Center,4bf58dd8d48988d1a9941735,139,Hachiōji,35.65583,139.32389,JP,2018-05-18 09:08:00
2018_1486548,80480,1010,35.656979966607096,139.33761347459244,アニメイト,旭町6-6,Hobby Shop,4bf58dd8d48988d1fb941735,197,Hachiōji,35.65583,139.32389,JP,2018-05-25 04:29:00
2018_1486548,80480,2352,35.657759835621285,139.34109617249536,八王子田田,東町1-3,Ramen Restaurant,55a59bace4b013909087cb24,335,Hachiōji,35.65583,139.32389,JP,2018-05-25 04:38:00
2018_1486550,80480,2352,35.657759835621285,139.34109617249536,八王子田田,東町1-3,Ramen Restaurant,55a59bace4b013909087cb24,335,Hachiōji,35.65583,139.32389,JP,2018-06-29 06:18:00
2018_1486550,80480,1659,35.63096363378414,139.32899088374666,アピナ 八王子みなみ野店,みなみ野1-2-1,Arcade,4bf58dd8d48988d1e1931735,167,Hachiōji,35.65583,139.32389,JP,2018-06-29 06:55:00
2018_1486551,80480,4135,35.630989,139.329131,とりビアー,みなみ野1-2-1,Wings Joint,4bf58dd8d48988d14c941735,81,Hachiōji,35.65583,139.32389,JP,2018-07-18 03:37:00
2018_1486551,80480,1659,35.63096363378414,139.32899088374666,アピナ 八王子みなみ野店,みなみ野1-2-1,Arcade,4bf58dd8d48988d1e1931735,167,Hachiōji,35.65583,139.32389,JP,2018-07-18 04:29:00
2018_1486556,80480,4135,35.630989,139.329131,とりビアー,みなみ野1-2-1,Wings Joint,4bf58dd8d48988d14c941735,81,Hachiōji,35.65583,139.32389,JP,2018-09-21 04:45:00
2018_1486556,80480,1659,35.63096363378414,139.32899088374666,アピナ 八王子みなみ野店,みなみ野1-2-1,Arcade,4bf58dd8d48988d1e1931735,167,Hachiōji,35.65583,139.32389,JP,2018-09-21 06:10:00
2018_1486556,80480,154,35.627685415481615,139.3274773657322,横濱家,みなみ野2-15-10,Ramen Restaurant,55a59bace4b013909087cb24,335,Hachiōji,35.65583,139.32389,JP,2018-09-21 13:42:00
2018_1486558,80480,3659,35.659915,139.339325,いきなり!ステーキ,横山町24-14,Steakhouse,4bf58dd8d48988d1cc941735,154,Hachiōji,35.65583,139.32389,JP,2018-10-10 03:56:00
2018_1486558,80480,1659,35.63096363378414,139.32899088374666,アピナ 八王子みなみ野店,みなみ野1-2-1,Arcade,4bf58dd8d48988d1e1931735,167,Hachiōji,35.65583,139.32389,JP,2018-10-10 11:41:00
2018_1596277,86988,358,35.539018,139.223096,鳥居原ふれあいの館,緑区鳥屋1674,Farmers Market,4bf58dd8d48988d1fa941735,195,Hachiōji,35.65583,139.32389,JP,2017-10-06 00:13:00
2018_1596277,86988,1173,35.57073805916312,139.35861580073833,すき家,中央区小町通2-4-12,Donburi Restaurant,55a59bace4b013909087cb0c,331,Hachiōji,35.65583,139.32389,JP,2017-10-06 05:02:00
2018_1596277,86988,374,35.60353485022223,139.3634499350297,ライコランド 多摩境店,小山ヶ丘4-3-5,Motorcycle Shop,5032833091d4c4b30a586d60,250,Hachiōji,35.65583,139.32389,JP,2017-10-06 07:11:00
2018_1596278,86988,4234,35.56622,139.21368,牧場入口バス停,,Smoke Shop,4bf58dd8d48988d123951735,50,Hachiōji,35.65583,139.32389,JP,2017-10-09 00:25:00
2018_1596278,86988,374,35.60353485022223,139.3634499350297,ライコランド 多摩境店,小山ヶ丘4-3-5,Motorcycle Shop,5032833091d4c4b30a586d60,250,Hachiōji,35.65583,139.32389,JP,2017-10-09 07:11:00
2018_1596279,86988,2407,35.57840293501752,139.3293654162274,セブンイレブン 相模原大沢店,緑区上九沢272-5,Convenience Store,4d954b0ea243a5684a65b473,215,Hachiōji,35.65583,139.32389,JP,2017-10-15 11:31:00
2018_1596279,86988,1162,35.562925527056144,139.3465586006641,ラーメン山岡家,中央区上溝4089-2,Ramen Restaurant,55a59bace4b013909087cb24,335,Hachiōji,35.65583,139.32389,JP,2017-10-15 11:47:00
2018_1596281,86988,3374,35.564108148886376,139.2034068019454,青野原大橋,緑区青野原,Bridge,4bf58dd8d48988d1df941735,165,Hachiōji,35.65583,139.32389,JP,2017-10-30 02:06:00
2018_1596281,86988,2407,35.57840293501752,139.3293654162274,セブンイレブン 相模原大沢店,緑区上九沢272-5,Convenience Store,4d954b0ea243a5684a65b473,215,Hachiōji,35.65583,139.32389,JP,2017-10-30 10:59:00
2018_1596282,86988,4483,35.5430495475839,139.2178296525124,ファミリーマート 津久井宮が瀬店,緑区鳥屋1402-1,Convenience Store,4d954b0ea243a5684a65b473,215,Hachiōji,35.65583,139.32389,JP,2017-11-06 04:27:00
2018_1596282,86988,4088,35.583516,139.355814,相模原2りんかん,中央区小山3-37-1,Motorcycle Shop,5032833091d4c4b30a586d60,250,Hachiōji,35.65583,139.32389,JP,2017-11-06 09:01:00
2018_1596283,86988,4234,35.56622,139.21368,牧場入口バス停,,Smoke Shop,4bf58dd8d48988d123951735,50,Hachiōji,35.65583,139.32389,JP,2017-11-17 01:02:00
2018_1596283,86988,4088,35.583516,139.355814,相模原2りんかん,中央区小山3-37-1,Motorcycle Shop,5032833091d4c4b30a586d60,250,Hachiōji,35.65583,139.32389,JP,2017-11-17 07:03:00
2018_1596284,86988,2621,35.564646631233316,139.32501912117004,セブンイレブン 相模原大島南店,緑区大島2307-1,Convenience Store,4d954b0ea243a5684a65b473,215,Hachiōji,35.65583,139.32389,JP,2017-11-20 02:50:00
2018_1596284,86988,374,35.60353485022223,139.3634499350297,ライコランド 多摩境店,小山ヶ丘4-3-5,Motorcycle Shop,5032833091d4c4b30a586d60,250,Hachiōji,35.65583,139.32389,JP,2017-11-20 06:17:00
2018_1596285,86988,3895,35.57097170346922,139.3205882006901,セブンイレブン 相模原大島店,緑区大島3052-1,Convenience Store,4d954b0ea243a5684a65b473,215,Hachiōji,35.65583,139.32389,JP,2017-11-27 06:10:00
2018_1596285,86988,2407,35.57840293501752,139.3293654162274,セブンイレブン 相模原大沢店,緑区上九沢272-5,Convenience Store,4d954b0ea243a5684a65b473,215,Hachiōji,35.65583,139.32389,JP,2017-11-27 07:23:00
2018_1596292,86988,2407,35.57840293501752,139.3293654162274,セブンイレブン 相模原大沢店,緑区上九沢272-5,Convenience Store,4d954b0ea243a5684a65b473,215,Hachiōji,35.65583,139.32389,JP,2017-12-24 12:28:00
2018_1596292,86988,3251,35.5729329,139.3492609,幸楽苑,中央区下九沢69-1,Ramen Restaurant,55a59bace4b013909087cb24,335,Hachiōji,35.65583,139.32389,JP,2017-12-24 13:06:00
2018_1596293,86988,2407,35.57840293501752,139.3293654162274,セブンイレブン 相模原大沢店,緑区上九沢272-5,Convenience Store,4d954b0ea243a5684a65b473,215,Hachiōji,35.65583,139.32389,JP,2017-12-25 04:57:00
2018_1596293,86988,3895,35.57097170346922,139.3205882006901,セブンイレブン 相模原大島店,緑区大島3052-1,Convenience Store,4d954b0ea243a5684a65b473,215,Hachiōji,35.65583,139.32389,JP,2017-12-25 08:03:00
2018_1596296,86988,3847,35.576134,139.348052,からやま,中央区下九沢55-1,Diner,4bf58dd8d48988d147941735,78,Hachiōji,35.65583,139.32389,JP,2018-01-29 02:25:00
2018_1596296,86988,2014,35.57947590423733,139.3610267754654,ユーメディア 橋本店,中央区清新4-3-15,Bike Shop,4bf58dd8d48988d115951735,30,Hachiōji,35.65583,139.32389,JP,2018-01-29 07:34:00
2018_1596296,86988,2407,35.57840293501752,139.3293654162274,セブンイレブン 相模原大沢店,緑区上九沢272-5,Convenience Store,4d954b0ea243a5684a65b473,215,Hachiōji,35.65583,139.32389,JP,2018-01-29 08:43:00
2018_1596297,86988,2407,35.57840293501752,139.3293654162274,セブンイレブン 相模原大沢店,緑区上九沢272-5,Convenience Store,4d954b0ea243a5684a65b473,215,Hachiōji,35.65583,139.32389,JP,2018-02-04 11:51:00
2018_1596297,86988,1162,35.562925527056144,139.3465586006641,ラーメン山岡家,中央区上溝4089-2,Ramen Restaurant,55a59bace4b013909087cb24,335,Hachiōji,35.65583,139.32389,JP,2018-02-04 12:54:00
2018_1596298,86988,2407,35.57840293501752,139.3293654162274,セブンイレブン 相模原大沢店,緑区上九沢272-5,Convenience Store,4d954b0ea243a5684a65b473,215,Hachiōji,35.65583,139.32389,JP,2018-02-05 09:24:00
2018_1596298,86988,3251,35.5729329,139.3492609,幸楽苑,中央区下九沢69-1,Ramen Restaurant,55a59bace4b013909087cb24,335,Hachiōji,35.65583,139.32389,JP,2018-02-11 13:15:00
2018_1596298,86988,2407,35.57840293501752,139.3293654162274,セブンイレブン 相模原大沢店,緑区上九沢272-5,Convenience Store,4d954b0ea243a5684a65b473,215,Hachiōji,35.65583,139.32389,JP,2018-02-11 13:51:00
2018_1596299,86988,4234,35.56622,139.21368,牧場入口バス停,,Smoke Shop,4bf58dd8d48988d123951735,50,Hachiōji,35.65583,139.32389,JP,2018-02-12 02:30:00
2018_1596299,86988,2407,35.57840293501752,139.3293654162274,セブンイレブン 相模原大沢店,緑区上九沢272-5,Convenience Store,4d954b0ea243a5684a65b473,215,Hachiōji,35.65583,139.32389,JP,2018-02-12 03:55:00
2018_1596299,86988,2407,35.57840293501752,139.3293654162274,セブンイレブン 相模原大沢店,緑区上九沢272-5,Convenience Store,4d954b0ea243a5684a65b473,215,Hachiōji,35.65583,139.32389,JP,2018-02-12 09:21:00
2018_1596299,86988,3251,35.5729329,139.3492609,幸楽苑,中央区下九沢69-1,Ramen Restaurant,55a59bace4b013909087cb24,335,Hachiōji,35.65583,139.32389,JP,2018-02-15 12:32:00
2018_1596300,86988,358,35.539018,139.223096,鳥居原ふれあいの館,緑区鳥屋1674,Farmers Market,4bf58dd8d48988d1fa941735,195,Hachiōji,35.65583,139.32389,JP,2018-02-16 02:14:00
2018_1596300,86988,2407,35.57840293501752,139.3293654162274,セブンイレブン 相模原大沢店,緑区上九沢272-5,Convenience Store,4d954b0ea243a5684a65b473,215,Hachiōji,35.65583,139.32389,JP,2018-02-16 04:31:00
2018_1596300,86988,4088,35.583516,139.355814,相模原2りんかん,中央区小山3-37-1,Motorcycle Shop,5032833091d4c4b30a586d60,250,Hachiōji,35.65583,139.32389,JP,2018-02-16 05:26:00
2018_1596300,86988,2407,35.57840293501752,139.3293654162274,セブンイレブン 相模原大沢店,緑区上九沢272-5,Convenience Store,4d954b0ea243a5684a65b473,215,Hachiōji,35.65583,139.32389,JP,2018-02-16 08:41:00
2018_1596301,86988,3895,35.57097170346922,139.3205882006901,セブンイレブン 相模原大島店,緑区大島3052-1,Convenience Store,4d954b0ea243a5684a65b473,215,Hachiōji,35.65583,139.32389,JP,2018-02-19 00:55:00
2018_1596301,86988,2407,35.57840293501752,139.3293654162274,セブンイレブン 相模原大沢店,緑区上九沢272-5,Convenience Store,4d954b0ea243a5684a65b473,215,Hachiōji,35.65583,139.32389,JP,2018-02-19 06:16:00
2018_1596301,86988,1162,35.562925527056144,139.3465586006641,ラーメン山岡家,中央区上溝4089-2,Ramen Restaurant,55a59bace4b013909087cb24,335,Hachiōji,35.65583,139.32389,JP,2018-02-25 12:44:00
2018_1596310,86988,2407,35.57840293501752,139.3293654162274,セブンイレブン 相模原大沢店,緑区上九沢272-5,Convenience Store,4d954b0ea243a5684a65b473,215,Hachiōji,35.65583,139.32389,JP,2018-03-17 13:39:00
2018_1596310,86988,344,35.589152914961225,139.30389242977645,すき家,緑区向原3-1-4,Donburi Restaurant,55a59bace4b013909087cb0c,331,Hachiōji,35.65583,139.32389,JP,2018-03-17 13:54:00
2018_1596311,86988,2407,35.57840293501752,139.3293654162274,セブンイレブン 相模原大沢店,緑区上九沢272-5,Convenience Store,4d954b0ea243a5684a65b473,215,Hachiōji,35.65583,139.32389,JP,2018-03-18 12:44:00
2018_1596311,86988,3251,35.5729329,139.3492609,幸楽苑,中央区下九沢69-1,Ramen Restaurant,55a59bace4b013909087cb24,335,Hachiōji,35.65583,139.32389,JP,2018-03-18 12:59:00
2018_1596312,86988,4234,35.56622,139.21368,牧場入口バス停,,Smoke Shop,4bf58dd8d48988d123951735,50,Hachiōji,35.65583,139.32389,JP,2018-03-19 00:18:00
2018_1596312,86988,2407,35.57840293501752,139.3293654162274,セブンイレブン 相模原大沢店,緑区上九沢272-5,Convenience Store,4d954b0ea243a5684a65b473,215,Hachiōji,35.65583,139.32389,JP,2018-03-19 02:11:00
2018_1596314,86988,2407,35.57840293501752,139.3293654162274,セブンイレブン 相模原大沢店,緑区上九沢272-5,Convenience Store,4d954b0ea243a5684a65b473,215,Hachiōji,35.65583,139.32389,JP,2018-03-26 00:54:00
2018_1596314,86988,3895,35.57097170346922,139.3205882006901,セブンイレブン 相模原大島店,緑区大島3052-1,Convenience Store,4d954b0ea243a5684a65b473,215,Hachiōji,35.65583,139.32389,JP,2018-03-26 04:06:00
2018_1596317,86988,4234,35.56622,139.21368,牧場入口バス停,,Smoke Shop,4bf58dd8d48988d123951735,50,Hachiōji,35.65583,139.32389,JP,2018-03-29 00:21:00
2018_1596317,86988,2407,35.57840293501752,139.3293654162274,セブンイレブン 相模原大沢店,緑区上九沢272-5,Convenience Store,4d954b0ea243a5684a65b473,215,Hachiōji,35.65583,139.32389,JP,2018-03-29 02:50:00
2018_1596320,86988,2621,35.564646631233316,139.32501912117004,セブンイレブン 相模原大島南店,緑区大島2307-1,Convenience Store,4d954b0ea243a5684a65b473,215,Hachiōji,35.65583,139.32389,JP,2018-04-02 23:46:00
2018_1596320,86988,2407,35.57840293501752,139.3293654162274,セブンイレブン 相模原大沢店,緑区上九沢272-5,Convenience Store,4d954b0ea243a5684a65b473,215,Hachiōji,35.65583,139.32389,JP,2018-04-03 12:21:00
2018_1596321,86988,2621,35.564646631233316,139.32501912117004,セブンイレブン 相模原大島南店,緑区大島2307-1,Convenience Store,4d954b0ea243a5684a65b473,215,Hachiōji,35.65583,139.32389,JP,2018-04-06 00:01:00
2018_1596321,86988,2407,35.57840293501752,139.3293654162274,セブンイレブン 相模原大沢店,緑区上九沢272-5,Convenience Store,4d954b0ea243a5684a65b473,215,Hachiōji,35.65583,139.32389,JP,2018-04-06 11:35:00
2018_1596323,86988,2407,35.57840293501752,139.3293654162274,セブンイレブン 相模原大沢店,緑区上九沢272-5,Convenience Store,4d954b0ea243a5684a65b473,215,Hachiōji,35.65583,139.32389,JP,2018-04-12 12:20:00
2018_1596323,86988,3251,35.5729329,139.3492609,幸楽苑,中央区下九沢69-1,Ramen Restaurant,55a59bace4b013909087cb24,335,Hachiōji,35.65583,139.32389,JP,2018-04-12 12:35:00
2018_1596324,86988,4234,35.56622,139.21368,牧場入口バス停,,Smoke Shop,4bf58dd8d48988d123951735,50,Hachiōji,35.65583,139.32389,JP,2018-04-13 01:31:00
2018_1596324,86988,374,35.60353485022223,139.3634499350297,ライコランド 多摩境店,小山ヶ丘4-3-5,Motorcycle Shop,5032833091d4c4b30a586d60,250,Hachiōji,35.65583,139.32389,JP,2018-04-13 06:50:00
2018_1596327,86988,4234,35.56622,139.21368,牧場入口バス停,,Smoke Shop,4bf58dd8d48988d123951735,50,Hachiōji,35.65583,139.32389,JP,2018-04-23 00:20:00
2018_1596327,86988,2407,35.57840293501752,139.3293654162274,セブンイレブン 相模原大沢店,緑区上九沢272-5,Convenience Store,4d954b0ea243a5684a65b473,215,Hachiōji,35.65583,139.32389,JP,2018-04-23 03:12:00
2018_1596327,86988,2587,35.55294196410776,139.3440355566505,"リバースオート相模原 (Re-Birth Auto Co,Ltd)",中央区田名4147-2,Automotive Shop,4bf58dd8d48988d124951735,52,Hachiōji,35.65583,139.32389,JP,2018-04-23 04:46:00
2018_1596327,86988,2407,35.57840293501752,139.3293654162274,セブンイレブン 相模原大沢店,緑区上九沢272-5,Convenience Store,4d954b0ea243a5684a65b473,215,Hachiōji,35.65583,139.32389,JP,2018-04-23 09:18:00
2018_1596327,86988,2463,35.56097931848944,139.3272400875868,ワークマン,中央区田名2224-3,Miscellaneous Shop,4bf58dd8d48988d1ff941735,204,Hachiōji,35.65583,139.32389,JP,2018-04-23 10:21:00
2018_1596329,86988,4234,35.56622,139.21368,牧場入口バス停,,Smoke Shop,4bf58dd8d48988d123951735,50,Hachiōji,35.65583,139.32389,JP,2018-04-27 02:21:00
2018_1596329,86988,2407,35.57840293501752,139.3293654162274,セブンイレブン 相模原大沢店,緑区上九沢272-5,Convenience Store,4d954b0ea243a5684a65b473,215,Hachiōji,35.65583,139.32389,JP,2018-04-27 10:35:00
2018_1621561,88793,3712,35.635779959185044,139.2701344192028,ファミリーマート 八王子高尾町店,高尾町1819-1,Convenience Store,4d954b0ea243a5684a65b473,215,Hachiōji,35.65583,139.32389,JP,2017-10-05 13:47:00
2018_1621561,88793,3876,35.61879500897339,139.25997097805998,株式会社エコリターン,南浅川町3131-1,Recycling Facility,4f4531084b9074f6e4fb0101,240,Hachiōji,35.65583,139.32389,JP,2017-10-05 14:02:00
2018_1621561,88793,1064,35.691015,139.305578,セブンイレブン 八王子犬目西店,犬目町891-1,Convenience Store,4d954b0ea243a5684a65b473,215,Hachiōji,35.65583,139.32389,JP,2017-10-05 17:02:00
2018_1621562,88793,83,35.73477061492302,139.27481174119748,イオンモール日の出,平井237-3,Shopping Mall,4bf58dd8d48988d1fd941735,200,Fussa,35.73667,139.32361,JP,2017-10-07 08:47:00
2018_1621562,88793,1485,35.72052322932222,139.3166210762209,和食よへい あきる野小川店,小川3-1,Japanese Restaurant,4bf58dd8d48988d111941735,23,Fussa,35.73667,139.32361,JP,2017-10-07 14:12:00
2018_1621562,88793,3712,35.635779959185044,139.2701344192028,ファミリーマート 八王子高尾町店,高尾町1819-1,Convenience Store,4d954b0ea243a5684a65b473,215,Hachiōji,35.65583,139.32389,JP,2017-10-07 15:25:00
2018_1621562,88793,3876,35.61879500897339,139.25997097805998,株式会社エコリターン,南浅川町3131-1,Recycling Facility,4f4531084b9074f6e4fb0101,240,Hachiōji,35.65583,139.32389,JP,2017-10-07 15:59:00
2018_1621563,88793,2838,35.67240585860759,139.25990624336632,ファミリーマート 八王子西インター店,下恩方町1758,Convenience Store,4d954b0ea243a5684a65b473,215,Hachiōji,35.65583,139.32389,JP,2017-10-08 10:48:00
2018_1621563,88793,83,35.73477061492302,139.27481174119748,イオンモール日の出,平井237-3,Shopping Mall,4bf58dd8d48988d1fd941735,200,Fussa,35.73667,139.32361,JP,2017-10-08 12:07:00
2018_1621564,88793,3876,35.61879500897339,139.25997097805998,株式会社エコリターン,南浅川町3131-1,Recycling Facility,4f4531084b9074f6e4fb0101,240,Hachiōji,35.65583,139.32389,JP,2017-10-09 14:19:00
2018_1621564,88793,3712,35.635779959185044,139.2701344192028,ファミリーマート 八王子高尾町店,高尾町1819-1,Convenience Store,4d954b0ea243a5684a65b473,215,Hachiōji,35.65583,139.32389,JP,2017-10-09 16:52:00
2018_1621565,88793,3567,35.75673274424354,139.34206940324736,ドン・キホーテ 多摩瑞穂店,むさし野3-11-3,Discount Store,52dea92d3cf9994f4e043dbb,265,Fussa,35.73667,139.32361,JP,2017-10-14 12:08:00
2018_1621565,88793,4488,,,,,Home (private),4bf58dd8d48988d103941735,3,Fussa,35.73667,139.32361,JP,2017-10-14 14:01:00
2018_1621565,88793,3712,35.635779959185044,139.2701344192028,ファミリーマート 八王子高尾町店,高尾町1819-1,Convenience Store,4d954b0ea243a5684a65b473,215,Hachiōji,35.65583,139.32389,JP,2017-10-14 16:19:00
2018_1621566,88793,4488,,,,,Home (private),4bf58dd8d48988d103941735,3,Fussa,35.73667,139.32361,JP,2017-10-15 07:52:00
2018_1621566,88793,1543,35.748961122941445,139.32532086968422,サイゼリヤ,加美平1-13-14,Italian Restaurant,4bf58dd8d48988d110941735,21,Fussa,35.73667,139.32361,JP,2017-10-15 11:50:00
2018_1621567,88793,400,35.76637729917154,139.33420826409065,西多摩自動車学校,羽4150,Driving School,52e81612bcbc57f1066b7a42,293,Fussa,35.73667,139.32361,JP,2017-10-16 08:55:00
2018_1621567,88793,2352,35.657759835621285,139.34109617249536,八王子田田,東町1-3,Ramen Restaurant,55a59bace4b013909087cb24,335,Hachiōji,35.65583,139.32389,JP,2017-10-16 12:33:00
2018_1621568,88793,18,35.72118017284569,139.34375983717834,拝島駅 (Haijima Sta.),松原町4-14-4 / 美堀町5-21-2,Train Station,4bf58dd8d48988d129951735,59,Fussa,35.73667,139.32361,JP,2017-10-20 10:47:00
2018_1621568,88793,2,35.65561,139.3389,八王子駅 (Hachiōji Sta.),旭町1-1,Train Station,4bf58dd8d48988d129951735,59,Hachiōji,35.65583,139.32389,JP,2017-10-20 11:20:00
2018_1621569,88793,3876,35.61879500897339,139.25997097805998,株式会社エコリターン,南浅川町3131-1,Recycling Facility,4f4531084b9074f6e4fb0101,240,Hachiōji,35.65583,139.32389,JP,2017-10-21 16:26:00
2018_1621569,88793,3712,35.635779959185044,139.2701344192028,ファミリーマート 八王子高尾町店,高尾町1819-1,Convenience Store,4d954b0ea243a5684a65b473,215,Hachiōji,35.65583,139.32389,JP,2017-10-21 17:17:00
2018_1621570,88793,400,35.76637729917154,139.33420826409065,西多摩自動車学校,羽4150,Driving School,52e81612bcbc57f1066b7a42,293,Fussa,35.73667,139.32361,JP,2017-10-22 02:01:00
2018_1621570,88793,4488,,,,,Home (private),4bf58dd8d48988d103941735,3,Fussa,35.73667,139.32361,JP,2017-10-22 09:22:00
2018_1621571,88793,400,35.76637729917154,139.33420826409065,西多摩自動車学校,羽4150,Driving School,52e81612bcbc57f1066b7a42,293,Fussa,35.73667,139.32361,JP,2017-10-28 01:56:00
2018_1621571,88793,1536,35.75222347451865,139.46784648602127,アップガレージ 東村山店,本町1-9-2,Thrift / Vintage Store,4bf58dd8d48988d101951735,2,Higashimurayama,35.75459,139.46852,JP,2017-10-28 05:32:00
2018_1621572,88793,148,35.742284490234205,139.3280192636421,福生駅 (Fussa Sta.),本町137,Train Station,4bf58dd8d48988d129951735,59,Fussa,35.73667,139.32361,JP,2017-10-29 02:39:00
2018_1621572,88793,3429,35.65861262442448,139.33851681181474,すたみな太郎NEXT 八王子店,東町10-4,BBQ Joint,4bf58dd8d48988d1df931735,164,Hachiōji,35.65583,139.32389,JP,2017-10-29 11:15:00
2018_1621573,88793,3741,35.75025408303329,139.37360697809473,福島商店,残堀5-7-3,Smoke Shop,4bf58dd8d48988d123951735,50,Fussa,35.73667,139.32361,JP,2017-10-31 10:02:00
2018_1621573,88793,4457,35.73377534724343,139.2971867150205,Yasu's garage,あきる野市,Nightclub,4bf58dd8d48988d11f941735,44,Fussa,35.73667,139.32361,JP,2017-10-31 14:47:00
2018_1621574,88793,1078,35.683683739120305,139.34581696987152,セブンイレブン 八王子インター北店,左入町261-1,Convenience Store,4d954b0ea243a5684a65b473,215,Hachiōji,35.65583,139.32389,JP,2017-11-01 10:29:00
2018_1621574,88793,1124,35.677266986981785,139.35437204833107,長浜らーめん 八王子バイパス店,大谷町355-2,Ramen Restaurant,55a59bace4b013909087cb24,335,Hachiōji,35.65583,139.32389,JP,2017-11-01 18:08:00
2018_1621580,88793,3579,35.75677715592581,139.3423112732072,瑞穂 大和家,むさし野3-11-3,Ramen Restaurant,55a59bace4b013909087cb24,335,Fussa,35.73667,139.32361,JP,2017-11-10 12:43:00
2018_1621580,88793,916,35.720136,139.3195,マクドナルド,小川東2-11-7,Fast Food Restaurant,4bf58dd8d48988d16e941735,104,Fussa,35.73667,139.32361,JP,2017-11-10 14:11:00
2018_1621581,88793,3679,35.68643161750942,139.29760166616182,ファミリーマート 八王子川口東店,川口町1550,Convenience Store,4d954b0ea243a5684a65b473,215,Hachiōji,35.65583,139.32389,JP,2017-11-11 15:27:00
2018_1621581,88793,4483,35.5430495475839,139.2178296525124,ファミリーマート 津久井宮が瀬店,緑区鳥屋1402-1,Convenience Store,4d954b0ea243a5684a65b473,215,Hachiōji,35.65583,139.32389,JP,2017-11-11 16:38:00
2018_1621582,88793,4488,,,,,Home (private),4bf58dd8d48988d103941735,3,Fussa,35.73667,139.32361,JP,2017-11-12 02:52:00
2018_1621582,88793,4425,35.781175201586926,139.3238883472797,らーめん いつ樹 本店,新町9-2211,Ramen Restaurant,55a59bace4b013909087cb24,335,Fussa,35.73667,139.32361,JP,2017-11-12 10:26:00
2018_1621583,88793,1734,35.76110644781997,139.31087456800344,ソフトバンク 羽村,羽東1-23-29,Mobile Phone Shop,4f04afc02fb6e1c99f3db0bc,233,Fussa,35.73667,139.32361,JP,2017-11-18 03:34:00
2018_1621583,88793,9,35.786198,139.34976,ザ・モールみずほ16,高根623,Shopping Mall,4bf58dd8d48988d1fd941735,200,Fussa,35.73667,139.32361,JP,2017-11-18 10:19:00
2018_1621583,88793,83,35.73477061492302,139.27481174119748,イオンモール日の出,平井237-3,Shopping Mall,4bf58dd8d48988d1fd941735,200,Fussa,35.73667,139.32361,JP,2017-11-18 14:00:00
2018_1621583,88793,3567,35.75673274424354,139.34206940324736,ドン・キホーテ 多摩瑞穂店,むさし野3-11-3,Discount Store,52dea92d3cf9994f4e043dbb,265,Fussa,35.73667,139.32361,JP,2017-11-18 14:43:00
2018_1621589,88793,3908,35.66230247957484,139.35046792030334,大和田五丁目交差点,大和田町,Intersection,52f2ab2ebcbc57f1066b8b4c,311,Hachiōji,35.65583,139.32389,JP,2017-12-06 09:27:00
2018_1621589,88793,2132,35.650423136813146,139.35144528782394,ファミリーマート 八王子北野町店,北野町523-1,Convenience Store,4d954b0ea243a5684a65b473,215,Hachiōji,35.65583,139.32389,JP,2017-12-06 09:35:00
2018_1621590,88793,9,35.786198,139.34976,ザ・モールみずほ16,高根623,Shopping Mall,4bf58dd8d48988d1fd941735,200,Fussa,35.73667,139.32361,JP,2017-12-08 10:24:00
2018_1621590,88793,312,35.71807054448889,139.28548718464032,あきる野IC,牛沼1020,Toll Plaza,52f2ab2ebcbc57f1066b8b4e,313,Fussa,35.73667,139.32361,JP,2017-12-08 16:14:00
2018_1621591,88793,83,35.73477061492302,139.27481174119748,イオンモール日の出,平井237-3,Shopping Mall,4bf58dd8d48988d1fd941735,200,Fussa,35.73667,139.32361,JP,2017-12-09 07:55:00
2018_1621591,88793,1260,35.749868596223045,139.32689163833857,壱発ラーメン,加美平1-18-19,Ramen Restaurant,55a59bace4b013909087cb24,335,Fussa,35.73667,139.32361,JP,2017-12-09 10:10:00
2018_1621592,88793,83,35.73477061492302,139.27481174119748,イオンモール日の出,平井237-3,Shopping Mall,4bf58dd8d48988d1fd941735,200,Fussa,35.73667,139.32361,JP,2017-12-12 02:37:00
2018_1621592,88793,3259,35.786246563405086,139.30670841079385,アストロプロダクツ 青梅店,新町4-21-5,Hardware Store,4bf58dd8d48988d112951735,26,Fussa,35.73667,139.32361,JP,2017-12-12 09:29:00
2018_1621594,88793,3817,35.777496641974196,139.30538197614783,こりゃなんだ〜,小作台1丁目25-2,Restaurant,4bf58dd8d48988d1c4941735,149,Fussa,35.73667,139.32361,JP,2017-12-16 09:32:00
2018_1621594,88793,4451,35.73970239862539,139.2793162195613,昭和シェル セルフ日の出インターSS,平井18-2,Gas Station,4bf58dd8d48988d113951735,28,Fussa,35.73667,139.32361,JP,2017-12-16 10:31:00
2018_1765784,100159,4495,35.77843825131325,139.30093406382477,らーめん 虎テツ,小作台1-5-12,Noodle House,4bf58dd8d48988d1d1941735,157,Fussa,35.73667,139.32361,JP,2017-10-17 02:18:00
2018_1765784,100159,473,35.68620177689125,139.34029950168588,南京亭,梅坪町134-1,Chinese Restaurant,4bf58dd8d48988d145941735,76,Hachiōji,35.65583,139.32389,JP,2017-10-17 08:48:00
2018_1765785,100159,3897,35.65310253585308,139.33320857584476,ほっこり中華そば もつけ,万町34-1,Ramen Restaurant,55a59bace4b013909087cb24,335,Hachiōji,35.65583,139.32389,JP,2017-10-19 02:45:00
2018_1765785,100159,4103,35.66517243840993,139.31611283010656,麺や 睡蓮,元本郷町3-17-1,Ramen Restaurant,55a59bace4b013909087cb24,335,Hachiōji,35.65583,139.32389,JP,2017-10-19 08:55:00
2018_1765788,100159,4092,35.72007256929179,139.3237766129535,五ノ神精肉店,小川東3-9-13,Ramen Restaurant,55a59bace4b013909087cb24,335,Fussa,35.73667,139.32361,JP,2017-11-09 02:48:00
2018_1765788,100159,2632,35.732916624891494,139.32561398406207,カッパ64,北田園1-6-9,Ramen Restaurant,55a59bace4b013909087cb24,335,Fussa,35.73667,139.32361,JP,2017-11-09 09:09:00
2018_1765792,100159,720,35.76120549958,139.3194736333642,勝来軒,五ノ神2-1-11,Noodle House,4bf58dd8d48988d1d1941735,157,Fussa,35.73667,139.32361,JP,2017-11-25 03:22:00
2018_1765792,100159,236,35.7617364345726,139.31942873301492,福島屋 本店,五ノ神3-15-1,Supermarket,52f2ab2ebcbc57f1066b8b46,309,Fussa,35.73667,139.32361,JP,2017-11-25 03:42:00
2018_1765796,100159,4092,35.72007256929179,139.3237766129535,五ノ神精肉店,小川東3-9-13,Ramen Restaurant,55a59bace4b013909087cb24,335,Fussa,35.73667,139.32361,JP,2018-01-11 02:08:00
2018_1765796,100159,1253,35.722157,139.30678,CoCo壱番屋,野辺973-1,Japanese Curry Restaurant,55a59bace4b013909087cb30,339,Fussa,35.73667,139.32361,JP,2018-01-11 08:34:00
2018_1765797,100159,4103,35.66517243840993,139.31611283010656,麺や 睡蓮,元本郷町3-17-1,Ramen Restaurant,55a59bace4b013909087cb24,335,Hachiōji,35.65583,139.32389,JP,2018-01-12 02:06:00
2018_1765797,100159,4571,35.660340690395984,139.34100048547342,らーめん 鴨福,新町1-17,Ramen Restaurant,55a59bace4b013909087cb24,335,Hachiōji,35.65583,139.32389,JP,2018-01-12 08:40:00
2018_1765798,100159,3074,35.730971629872194,139.2930030391613,麺処 いし川,二宮337-1,Ramen Restaurant,55a59bace4b013909087cb24,335,Fussa,35.73667,139.32361,JP,2018-01-16 02:19:00
2018_1765798,100159,2632,35.732916624891494,139.32561398406207,カッパ64,北田園1-6-9,Ramen Restaurant,55a59bace4b013909087cb24,335,Fussa,35.73667,139.32361,JP,2018-01-16 08:59:00
2018_1765800,100159,3509,35.771355047494794,139.34856556355953,松屋,箱根ケ崎258-22,Noodle House,4bf58dd8d48988d1d1941735,157,Fussa,35.73667,139.32361,JP,2018-02-21 02:33:00
2018_1765800,100159,4092,35.72007256929179,139.3237766129535,五ノ神精肉店,小川東3-9-13,Ramen Restaurant,55a59bace4b013909087cb24,335,Fussa,35.73667,139.32361,JP,2018-02-21 09:04:00
2018_1765802,100159,2154,35.653045462975626,139.34472892449048,ふたばや（うどん）,子安町1-44-5,Udon Restaurant,55a59bace4b013909087cb2a,337,Hachiōji,35.65583,139.32389,JP,2018-03-20 02:04:00
2018_1765802,100159,1290,35.728292983869764,139.28814557062802,ラーメン 太公望,秋川1-2-6,Ramen Restaurant,55a59bace4b013909087cb24,335,Fussa,35.73667,139.32361,JP,2018-03-20 08:59:00
2018_1765805,100159,4219,35.66350955584894,139.32808631959256,八王子 響,平岡町15-14,Ramen Restaurant,55a59bace4b013909087cb24,335,Hachiōji,35.65583,139.32389,JP,2018-04-03 02:33:00
2018_1765805,100159,729,35.718339,139.335768,スシロー,熊川261-1,Sushi Restaurant,4bf58dd8d48988d1d2941735,158,Fussa,35.73667,139.32361,JP,2018-04-03 09:26:00
2018_1765808,100159,1289,35.72362034793121,139.29148698712552,ダイソー あきる野雨間店,雨間735-1,Miscellaneous Shop,4bf58dd8d48988d1ff941735,204,Fussa,35.73667,139.32361,JP,2018-04-08 01:58:00
2018_1765808,100159,3074,35.730971629872194,139.2930030391613,麺処 いし川,二宮337-1,Ramen Restaurant,55a59bace4b013909087cb24,335,Fussa,35.73667,139.32361,JP,2018-04-08 02:32:00
2018_1765808,100159,408,35.66368851400603,139.3529870033874,らーめん 楓,大和田町5-10-1,Ramen Restaurant,55a59bace4b013909087cb24,335,Hachiōji,35.65583,139.32389,JP,2018-04-12 09:28:00
2018_1765809,100159,1290,35.728292983869764,139.28814557062802,ラーメン 太公望,秋川1-2-6,Ramen Restaurant,55a59bace4b013909087cb24,335,Fussa,35.73667,139.32361,JP,2018-04-17 03:49:00
2018_1765809,100159,408,35.66368851400603,139.3529870033874,らーめん 楓,大和田町5-10-1,Ramen Restaurant,55a59bace4b013909087cb24,335,Hachiōji,35.65583,139.32389,JP,2018-04-17 08:59:00
2018_1765810,100159,3074,35.730971629872194,139.2930030391613,麺処 いし川,二宮337-1,Ramen Restaurant,55a59bace4b013909087cb24,335,Fussa,35.73667,139.32361,JP,2018-04-24 02:20:00
2018_1765810,100159,408,35.66368851400603,139.3529870033874,らーめん 楓,大和田町5-10-1,Ramen Restaurant,55a59bace4b013909087cb24,335,Hachiōji,35.65583,139.32389,JP,2018-04-24 09:53:00
2018_1765814,100159,983,35.65779911891817,139.33452390384286,武蔵野うどん たまや,中町11-4,Udon Restaurant,55a59bace4b013909087cb2a,337,Hachiōji,35.65583,139.32389,JP,2018-05-15 02:09:00
2018_1765814,100159,3901,35.711625929573934,139.35877732232123,らーめん 縁,昭和町5-12-11,Ramen Restaurant,55a59bace4b013909087cb24,335,Fussa,35.73667,139.32361,JP,2018-05-15 08:47:00
2018_1765816,100159,3603,35.79302216489861,139.3051312001634,㐂九家,今寺5-18-49,Noodle House,4bf58dd8d48988d1d1941735,157,Fussa,35.73667,139.32361,JP,2018-05-22 03:30:00
2018_1765816,100159,4092,35.72007256929179,139.3237766129535,五ノ神精肉店,小川東3-9-13,Ramen Restaurant,55a59bace4b013909087cb24,335,Fussa,35.73667,139.32361,JP,2018-05-22 09:18:00
2018_1765818,100159,408,35.66368851400603,139.3529870033874,らーめん 楓,大和田町5-10-1,Ramen Restaurant,55a59bace4b013909087cb24,335,Hachiōji,35.65583,139.32389,JP,2018-06-13 19:28:00
2018_1765818,100159,4092,35.72007256929179,139.3237766129535,五ノ神精肉店,小川東3-9-13,Ramen Restaurant,55a59bace4b013909087cb24,335,Fussa,35.73667,139.32361,JP,2018-06-14 02:48:00
2018_1765820,100159,4677,,,,,Ramen Restaurant,55a59bace4b013909087cb24,335,Hachiōji,35.65583,139.32389,JP,2018-06-21 02:35:00
2018_1765820,100159,3897,35.65310253585308,139.33320857584476,ほっこり中華そば もつけ,万町34-1,Ramen Restaurant,55a59bace4b013909087cb24,335,Hachiōji,35.65583,139.32389,JP,2018-06-21 09:41:00
2018_1765823,100159,4677,,,,,Ramen Restaurant,55a59bace4b013909087cb24,335,Hachiōji,35.65583,139.32389,JP,2018-07-05 02:16:00
2018_1765823,100159,4092,35.72007256929179,139.3237766129535,五ノ神精肉店,小川東3-9-13,Ramen Restaurant,55a59bace4b013909087cb24,335,Fussa,35.73667,139.32361,JP,2018-07-05 09:37:00
2018_1765825,100159,3074,35.730971629872194,139.2930030391613,麺処 いし川,二宮337-1,Ramen Restaurant,55a59bace4b013909087cb24,335,Fussa,35.73667,139.32361,JP,2018-07-10 02:20:00
2018_1765825,100159,4219,35.66350955584894,139.32808631959256,八王子 響,平岡町15-14,Ramen Restaurant,55a59bace4b013909087cb24,335,Hachiōji,35.65583,139.32389,JP,2018-07-10 09:34:00
2018_1765827,100159,236,35.7617364345726,139.31942873301492,福島屋 本店,五ノ神3-15-1,Supermarket,52f2ab2ebcbc57f1066b8b46,309,Fussa,35.73667,139.32361,JP,2018-07-15 03:22:00
2018_1765827,100159,3603,35.79302216489861,139.3051312001634,㐂九家,今寺5-18-49,Noodle House,4bf58dd8d48988d1d1941735,157,Fussa,35.73667,139.32361,JP,2018-07-15 03:50:00
2018_1765830,100159,4489,35.59110993185751,139.32225096823964,ら～麺 安至,緑区二本松1-35-8,Ramen Restaurant,55a59bace4b013909087cb24,335,Hachiōji,35.65583,139.32389,JP,2018-07-30 02:18:00
2018_1765830,100159,4060,35.71471,139.34766,支那ソバ 玉龍,緑町4-1-27,Ramen Restaurant,55a59bace4b013909087cb24,335,Fussa,35.73667,139.32361,JP,2018-07-30 09:29:00
2018_1765836,100159,408,35.66368851400603,139.3529870033874,らーめん 楓,大和田町5-10-1,Ramen Restaurant,55a59bace4b013909087cb24,335,Hachiōji,35.65583,139.32389,JP,2018-08-28 02:29:00
2018_1765836,100159,4219,35.66350955584894,139.32808631959256,八王子 響,平岡町15-14,Ramen Restaurant,55a59bace4b013909087cb24,335,Hachiōji,35.65583,139.32389,JP,2018-08-28 09:18:00
2018_1765837,100159,4489,35.59110993185751,139.32225096823964,ら～麺 安至,緑区二本松1-35-8,Ramen Restaurant,55a59bace4b013909087cb24,335,Hachiōji,35.65583,139.32389,JP,2018-09-06 02:14:00
2018_1765837,100159,3901,35.711625929573934,139.35877732232123,らーめん 縁,昭和町5-12-11,Ramen Restaurant,55a59bace4b013909087cb24,335,Fussa,35.73667,139.32361,JP,2018-09-06 09:44:00
2018_1767863,100312,86,35.7465645056559,139.3847680091858,イオンモールむさし村山,榎1-1-3,Shopping Mall,4bf58dd8d48988d1fd941735,200,Fussa,35.73667,139.32361,JP,2017-10-06 02:25:00
2018_1767863,100312,2046,35.746591855422956,139.38406347535113,新宿さぼてん,榎1-1-3-1062,Tonkatsu Restaurant,55a59af1e4b013909087cb03,328,Fussa,35.73667,139.32361,JP,2017-10-06 02:40:00
2018_1767866,100312,31,35.760225941206684,139.358292554971,ジョイフル本田,殿ケ谷442,Furniture / Home Store,4bf58dd8d48988d1f8941735,191,Fussa,35.73667,139.32361,JP,2017-11-01 01:33:00
2018_1767866,100312,549,35.76122774451714,139.35920964605634,ジャパンミート生鮮館 瑞穂店,殿ヶ谷442,Grocery Store,4bf58dd8d48988d118951735,36,Fussa,35.73667,139.32361,JP,2017-11-01 02:22:00
2018_1767867,100312,86,35.7465645056559,139.3847680091858,イオンモールむさし村山,榎1-1-3,Shopping Mall,4bf58dd8d48988d1fd941735,200,Fussa,35.73667,139.32361,JP,2017-11-04 02:00:00
2018_1767867,100312,1953,35.74655674430344,139.3840029488663,丸亀製麺,榎1-1-3,Udon Restaurant,55a59bace4b013909087cb2a,337,Fussa,35.73667,139.32361,JP,2017-11-04 02:38:00
2018_1767870,100312,9,35.786198,139.34976,ザ・モールみずほ16,高根623,Shopping Mall,4bf58dd8d48988d1fd941735,200,Fussa,35.73667,139.32361,JP,2017-11-11 02:11:00
2018_1767870,100312,3854,35.786093,139.348678,リンガーハット,高根623,Noodle House,4bf58dd8d48988d1d1941735,157,Fussa,35.73667,139.32361,JP,2017-11-11 02:38:00
2018_1767876,100312,86,35.7465645056559,139.3847680091858,イオンモールむさし村山,榎1-1-3,Shopping Mall,4bf58dd8d48988d1fd941735,200,Fussa,35.73667,139.32361,JP,2017-11-25 03:41:00
2018_1767876,100312,906,35.747062468067966,139.3847548049316,ユニクロ,榎1-1-3,Clothing Store,4bf58dd8d48988d103951735,4,Fussa,35.73667,139.32361,JP,2017-11-25 04:18:00
2018_1767879,100312,86,35.7465645056559,139.3847680091858,イオンモールむさし村山,榎1-1-3,Shopping Mall,4bf58dd8d48988d1fd941735,200,Fussa,35.73667,139.32361,JP,2017-12-05 02:09:00
2018_1767879,100312,2149,35.746537356641326,139.38412818365313,風び イオンモールむさし村山店,榎1-1-3,Ramen Restaurant,55a59bace4b013909087cb24,335,Fussa,35.73667,139.32361,JP,2017-12-05 02:15:00
2018_1767880,100312,1665,35.73264092473002,139.46505907835177,コイデカメラ 小平小川町店,小川東町1-6-24,Camera Store,4eb1bdf03b7b55596b4a7491,223,Higashimurayama,35.75459,139.46852,JP,2017-12-11 01:20:00
2018_1767880,100312,1118,35.73137112573036,139.46478115149066,ドン・キホーテ,小川東町1-5-22,Discount Store,52dea92d3cf9994f4e043dbb,265,Higashimurayama,35.75459,139.46852,JP,2017-12-11 01:41:00
2018_1767885,100312,31,35.760225941206684,139.358292554971,ジョイフル本田,殿ケ谷442,Furniture / Home Store,4bf58dd8d48988d1f8941735,191,Fussa,35.73667,139.32361,JP,2017-12-22 02:06:00
2018_1767885,100312,2169,35.760721836547624,139.358149766922,すき家,殿ヶ谷442,Fast Food Restaurant,4bf58dd8d48988d16e941735,104,Fussa,35.73667,139.32361,JP,2017-12-22 02:47:00
2018_1767887,100312,86,35.7465645056559,139.3847680091858,イオンモールむさし村山,榎1-1-3,Shopping Mall,4bf58dd8d48988d1fd941735,200,Fussa,35.73667,139.32361,JP,2017-12-28 02:15:00
2018_1767887,100312,3071,35.74659662786696,139.38400138347407,おらがそば,榎1-1-3,Soba Restaurant,55a59bace4b013909087cb27,336,Fussa,35.73667,139.32361,JP,2017-12-28 02:42:00
2018_1767890,100312,86,35.7465645056559,139.3847680091858,イオンモールむさし村山,榎1-1-3,Shopping Mall,4bf58dd8d48988d1fd941735,200,Fussa,35.73667,139.32361,JP,2018-01-06 01:41:00
2018_1767890,100312,1893,35.74642455637802,139.38415322635564,炭焼ステーキ くに 武蔵村山店,榎1-1-3,Steakhouse,4bf58dd8d48988d1cc941735,154,Fussa,35.73667,139.32361,JP,2018-01-06 02:23:00
2018_1767893,100312,86,35.7465645056559,139.3847680091858,イオンモールむさし村山,榎1-1-3,Shopping Mall,4bf58dd8d48988d1fd941735,200,Fussa,35.73667,139.32361,JP,2018-01-20 01:54:00
2018_1767893,100312,708,35.74677216271954,139.38422166426264,紅虎餃子房,榎1-1-3,Chinese Restaurant,4bf58dd8d48988d145941735,76,Fussa,35.73667,139.32361,JP,2018-01-20 02:19:00
2018_1767895,100312,86,35.7465645056559,139.3847680091858,イオンモールむさし村山,榎1-1-3,Shopping Mall,4bf58dd8d48988d1fd941735,200,Fussa,35.73667,139.32361,JP,2018-01-30 02:50:00
2018_1767895,100312,3058,35.74654772664843,139.38402699107252,大阪王将,榎1-1-3,Chinese Restaurant,4bf58dd8d48988d145941735,76,Fussa,35.73667,139.32361,JP,2018-01-30 03:00:00
2018_1767902,100312,86,35.7465645056559,139.3847680091858,イオンモールむさし村山,榎1-1-3,Shopping Mall,4bf58dd8d48988d1fd941735,200,Fussa,35.73667,139.32361,JP,2018-02-27 02:31:00
2018_1767902,100312,3993,35.746486,139.384357,鶏白湯らーめん 自由が丘蔭山,榎1-1-3,Ramen Restaurant,55a59bace4b013909087cb24,335,Fussa,35.73667,139.32361,JP,2018-02-27 02:53:00
2018_1767903,100312,3802,35.75370052636496,139.48048227281373,イーストビレッジ (East Village),恩多町3-29-1,Shopping Mall,4bf58dd8d48988d1fd941735,200,Higashimurayama,35.75459,139.46852,JP,2018-02-28 01:58:00
2018_1767903,100312,589,35.75381728804479,139.48094946400815,ジャパンミート卸売市場 東村山店,恩多町3-29-1,Grocery Store,4bf58dd8d48988d118951735,36,Higashimurayama,35.75459,139.46852,JP,2018-02-28 02:03:00
2018_1767905,100312,86,35.7465645056559,139.3847680091858,イオンモールむさし村山,榎1-1-3,Shopping Mall,4bf58dd8d48988d1fd941735,200,Fussa,35.73667,139.32361,JP,2018-03-08 01:51:00
2018_1767905,100312,4610,35.7463515,139.3848134,いきなり!ステーキ,榎1-1-3,Steakhouse,4bf58dd8d48988d1cc941735,154,Fussa,35.73667,139.32361,JP,2018-03-08 02:13:00
2018_1767907,100312,208,35.75801911253322,139.468701599898,東村山税務署,本町1-20-22,Government Building,4bf58dd8d48988d126941735,53,Higashimurayama,35.75459,139.46852,JP,2018-03-14 01:37:00
2018_1767907,100312,1789,35.759655658776715,139.47324939072132,バーミヤン,久米川町4-3-35,Chinese Restaurant,4bf58dd8d48988d145941735,76,Higashimurayama,35.75459,139.46852,JP,2018-03-14 02:10:00
2018_1767907,100312,589,35.75381728804479,139.48094946400815,ジャパンミート卸売市場 東村山店,恩多町3-29-1,Grocery Store,4bf58dd8d48988d118951735,36,Higashimurayama,35.75459,139.46852,JP,2018-03-14 03:00:00
2018_1767913,100312,86,35.7465645056559,139.3847680091858,イオンモールむさし村山,榎1-1-3,Shopping Mall,4bf58dd8d48988d1fd941735,200,Fussa,35.73667,139.32361,JP,2018-03-29 02:28:00
2018_1767913,100312,3071,35.74659662786696,139.38400138347407,おらがそば,榎1-1-3,Soba Restaurant,55a59bace4b013909087cb27,336,Fussa,35.73667,139.32361,JP,2018-03-29 02:39:00
2018_1767914,100312,86,35.7465645056559,139.3847680091858,イオンモールむさし村山,榎1-1-3,Shopping Mall,4bf58dd8d48988d1fd941735,200,Fussa,35.73667,139.32361,JP,2018-04-03 01:44:00
2018_1767914,100312,2445,35.74663362375951,139.38401130228783,PASTAレッジャーノ,榎1-1-3,Italian Restaurant,4bf58dd8d48988d110941735,21,Fussa,35.73667,139.32361,JP,2018-04-03 02:08:00
2018_1767921,100312,86,35.7465645056559,139.3847680091858,イオンモールむさし村山,榎1-1-3,Shopping Mall,4bf58dd8d48988d1fd941735,200,Fussa,35.73667,139.32361,JP,2018-04-24 02:01:00
2018_1767921,100312,3058,35.74654772664843,139.38402699107252,大阪王将,榎1-1-3,Chinese Restaurant,4bf58dd8d48988d145941735,76,Fussa,35.73667,139.32361,JP,2018-04-24 02:22:00
2018_1767925,100312,86,35.7465645056559,139.3847680091858,イオンモールむさし村山,榎1-1-3,Shopping Mall,4bf58dd8d48988d1fd941735,200,Fussa,35.73667,139.32361,JP,2018-05-05 01:54:00
2018_1767925,100312,1836,35.74727729960976,139.38475434602879,サンマルクカフェ,榎1-1-3,Café,4bf58dd8d48988d16d941735,103,Fussa,35.73667,139.32361,JP,2018-05-05 02:15:00
2018_1767926,100312,86,35.7465645056559,139.3847680091858,イオンモールむさし村山,榎1-1-3,Shopping Mall,4bf58dd8d48988d1fd941735,200,Fussa,35.73667,139.32361,JP,2018-05-08 02:08:00
2018_1767926,100312,3993,35.746486,139.384357,鶏白湯らーめん 自由が丘蔭山,榎1-1-3,Ramen Restaurant,55a59bace4b013909087cb24,335,Fussa,35.73667,139.32361,JP,2018-05-08 02:38:00
2018_1767933,100312,31,35.760225941206684,139.358292554971,ジョイフル本田,殿ケ谷442,Furniture / Home Store,4bf58dd8d48988d1f8941735,191,Fussa,35.73667,139.32361,JP,2018-06-02 02:32:00
2018_1767933,100312,549,35.76122774451714,139.35920964605634,ジャパンミート生鮮館 瑞穂店,殿ヶ谷442,Grocery Store,4bf58dd8d48988d118951735,36,Fussa,35.73667,139.32361,JP,2018-06-02 03:56:00
2018_1767934,100312,86,35.7465645056559,139.3847680091858,イオンモールむさし村山,榎1-1-3,Shopping Mall,4bf58dd8d48988d1fd941735,200,Fussa,35.73667,139.32361,JP,2018-06-09 02:35:00
2018_1767934,100312,1953,35.74655674430344,139.3840029488663,丸亀製麺,榎1-1-3,Udon Restaurant,55a59bace4b013909087cb2a,337,Fussa,35.73667,139.32361,JP,2018-06-09 02:44:00
2018_1767935,100312,9,35.786198,139.34976,ザ・モールみずほ16,高根623,Shopping Mall,4bf58dd8d48988d1fd941735,200,Fussa,35.73667,139.32361,JP,2018-06-15 01:52:00
2018_1767935,100312,3446,35.786335,139.34864,モスバーガー,大字高根623,Fast Food Restaurant,4bf58dd8d48988d16e941735,104,Fussa,35.73667,139.32361,JP,2018-06-15 02:11:00
2018_1767940,100312,86,35.7465645056559,139.3847680091858,イオンモールむさし村山,榎1-1-3,Shopping Mall,4bf58dd8d48988d1fd941735,200,Fussa,35.73667,139.32361,JP,2018-06-30 02:15:00
2018_1767940,100312,4610,35.7463515,139.3848134,いきなり!ステーキ,榎1-1-3,Steakhouse,4bf58dd8d48988d1cc941735,154,Fussa,35.73667,139.32361,JP,2018-06-30 02:34:00
2018_1767941,100312,86,35.7465645056559,139.3847680091858,イオンモールむさし村山,榎1-1-3,Shopping Mall,4bf58dd8d48988d1fd941735,200,Fussa,35.73667,139.32361,JP,2018-07-07 01:58:00
2018_1767941,100312,244,35.7472843,139.3845388,SUBWAY,榎1-1-3,Sandwich Place,4bf58dd8d48988d1c5941735,150,Fussa,35.73667,139.32361,JP,2018-07-07 02:22:00
2018_1767945,100312,121,35.74330067935017,139.46739208605078,イオンフードスタイル 小平店,小川東町2-12-1,Supermarket,52f2ab2ebcbc57f1066b8b46,309,Higashimurayama,35.75459,139.46852,JP,2018-07-26 02:23:00
2018_1767945,100312,2461,35.74353,139.467446,ドムドムハンバーガー,小川東町2-12-1,Fast Food Restaurant,4bf58dd8d48988d16e941735,104,Higashimurayama,35.75459,139.46852,JP,2018-07-26 02:32:00
2018_1767947,100312,86,35.7465645056559,139.3847680091858,イオンモールむさし村山,榎1-1-3,Shopping Mall,4bf58dd8d48988d1fd941735,200,Fussa,35.73667,139.32361,JP,2018-07-28 01:45:00
2018_1767947,100312,708,35.74677216271954,139.38422166426264,紅虎餃子房,榎1-1-3,Chinese Restaurant,4bf58dd8d48988d145941735,76,Fussa,35.73667,139.32361,JP,2018-07-28 02:42:00
2018_1767950,100312,86,35.7465645056559,139.3847680091858,イオンモールむさし村山,榎1-1-3,Shopping Mall,4bf58dd8d48988d1fd941735,200,Fussa,35.73667,139.32361,JP,2018-08-15 01:28:00
2018_1767950,100312,3232,35.746572428823875,139.3840113022878,ぶたを イオンモールむさし村山店,榎1-1-3,Steakhouse,4bf58dd8d48988d1cc941735,154,Fussa,35.73667,139.32361,JP,2018-08-15 02:00:00
2018_1767953,100312,31,35.760225941206684,139.358292554971,ジョイフル本田,殿ケ谷442,Furniture / Home Store,4bf58dd8d48988d1f8941735,191,Fussa,35.73667,139.32361,JP,2018-08-25 01:44:00
2018_1767953,100312,796,35.7600934175996,139.35828449954994,リンガーハット,殿ヶ谷442,Noodle House,4bf58dd8d48988d1d1941735,157,Fussa,35.73667,139.32361,JP,2018-08-25 02:23:00
2018_1767953,100312,549,35.76122774451714,139.35920964605634,ジャパンミート生鮮館 瑞穂店,殿ヶ谷442,Grocery Store,4bf58dd8d48988d118951735,36,Fussa,35.73667,139.32361,JP,2018-08-25 03:24:00
2018_1767957,100312,86,35.7465645056559,139.3847680091858,イオンモールむさし村山,榎1-1-3,Shopping Mall,4bf58dd8d48988d1fd941735,200,Fussa,35.73667,139.32361,JP,2018-09-02 00:51:00
2018_1767957,100312,1376,35.746355288129394,139.38421128741695,グランブッフェ,榎1-1-3,Buffet,52e81612bcbc57f1066b79f4,272,Fussa,35.73667,139.32361,JP,2018-09-02 02:39:00
2018_1767958,100312,86,35.7465645056559,139.3847680091858,イオンモールむさし村山,榎1-1-3,Shopping Mall,4bf58dd8d48988d1fd941735,200,Fussa,35.73667,139.32361,JP,2018-09-12 01:20:00
2018_1767958,100312,244,35.7472843,139.3845388,SUBWAY,榎1-1-3,Sandwich Place,4bf58dd8d48988d1c5941735,150,Fussa,35.73667,139.32361,JP,2018-09-12 02:26:00
2018_1767963,100312,86,35.7465645056559,139.3847680091858,イオンモールむさし村山,榎1-1-3,Shopping Mall,4bf58dd8d48988d1fd941735,200,Fussa,35.73667,139.32361,JP,2018-09-29 01:36:00
2018_1767963,100312,708,35.74677216271954,139.38422166426264,紅虎餃子房,榎1-1-3,Chinese Restaurant,4bf58dd8d48988d145941735,76,Fussa,35.73667,139.32361,JP,2018-09-29 02:38:00
2018_1767964,100312,86,35.7465645056559,139.3847680091858,イオンモールむさし村山,榎1-1-3,Shopping Mall,4bf58dd8d48988d1fd941735,200,Fussa,35.73667,139.32361,JP,2018-10-02 02:11:00
2018_1767964,100312,4664,,,,,Steakhouse,4bf58dd8d48988d1cc941735,154,Fussa,35.73667,139.32361,JP,2018-10-02 02:24:00
2018_1784985,101467,487,35.65768917587548,139.34125739868782,八王子 大和家,東町1-2,Ramen Restaurant,55a59bace4b013909087cb24,335,Hachiōji,35.65583,139.32389,JP,2017-10-09 10:50:00
2018_1784985,101467,1596,35.6570757712077,139.3379342727576,てんぐ大ホール 八王子店,旭町7-1,Sake Bar,4bf58dd8d48988d11c941735,40,Hachiōji,35.65583,139.32389,JP,2017-10-09 12:33:00
2018_1784986,101467,1827,35.65748,139.337791,ガスト,旭町8-3,Restaurant,4bf58dd8d48988d1c4941735,149,Hachiōji,35.65583,139.32389,JP,2017-10-13 11:20:00
2018_1784986,101467,4179,35.658743,139.336803,牛匠 炭火 八王子店,中町3-12,BBQ Joint,4bf58dd8d48988d1df931735,164,Hachiōji,35.65583,139.32389,JP,2017-10-13 12:09:00
2018_1784987,101467,216,35.65698730962263,139.33872520896546,八王子オクトーレ (Hachioji Octore),旭町9-1,Shopping Plaza,5744ccdfe4b0c0459246b4dc,356,Hachiōji,35.65583,139.32389,JP,2017-10-25 01:25:00
2018_1784987,101467,4405,35.653710592731684,139.33840582344283,目利きの銀次 八王子南口駅前店,子安町4-9-8,Sake Bar,4bf58dd8d48988d11c941735,40,Hachiōji,35.65583,139.32389,JP,2017-10-25 02:59:00
2018_1784988,101467,3530,,,,,Salon / Barbershop,4bf58dd8d48988d110951735,22,Hachiōji,35.65583,139.32389,JP,2017-10-27 04:39:00
2018_1784988,101467,124,35.657110118305404,139.3411834537983,デニーズ,旭町13-2,Restaurant,4bf58dd8d48988d1c4941735,149,Hachiōji,35.65583,139.32389,JP,2017-10-27 08:27:00
2018_1784989,101467,3809,35.658467686611296,139.33856005201707,コメダ珈琲店,東町10-3,Café,4bf58dd8d48988d16d941735,103,Hachiōji,35.65583,139.32389,JP,2017-11-01 11:23:00
2018_1784989,101467,1596,35.6570757712077,139.3379342727576,てんぐ大ホール 八王子店,旭町7-1,Sake Bar,4bf58dd8d48988d11c941735,40,Hachiōji,35.65583,139.32389,JP,2017-11-01 13:04:00
2018_1784990,101467,103,35.65703772302991,139.33880567550656,Starbucks,旭町9-1,Coffee Shop,4bf58dd8d48988d1e0931735,166,Hachiōji,35.65583,139.32389,JP,2017-11-03 02:27:00
2018_1784990,101467,487,35.65768917587548,139.34125739868782,八王子 大和家,東町1-2,Ramen Restaurant,55a59bace4b013909087cb24,335,Hachiōji,35.65583,139.32389,JP,2017-11-03 09:49:00
2018_1784991,101467,1962,35.65704843453007,139.3379872665595,コート・ダジュール 八王子駅前店,旭町7-1,Karaoke Box,5744ccdfe4b0c0459246b4bb,353,Hachiōji,35.65583,139.32389,JP,2017-11-06 06:17:00
2018_1784991,101467,3809,35.658467686611296,139.33856005201707,コメダ珈琲店,東町10-3,Café,4bf58dd8d48988d16d941735,103,Hachiōji,35.65583,139.32389,JP,2017-11-06 11:28:00
2018_1784992,101467,2084,35.657849085814696,139.33710389405235,ドン・キホーテ,中町1-3,Discount Store,52dea92d3cf9994f4e043dbb,265,Hachiōji,35.65583,139.32389,JP,2017-11-07 12:07:00
2018_1784992,101467,1962,35.65704843453007,139.3379872665595,コート・ダジュール 八王子駅前店,旭町7-1,Karaoke Box,5744ccdfe4b0c0459246b4bb,353,Hachiōji,35.65583,139.32389,JP,2017-11-07 13:00:00
2018_1784993,101467,38,35.64444469921653,139.35434304296533,北野駅 (Kitano Sta.) (KO33),打越町335-1,Train Station,4bf58dd8d48988d129951735,59,Hachiōji,35.65583,139.32389,JP,2017-11-08 10:44:00
2018_1784993,101467,853,35.6485980137129,139.35513228178024,Baghdad Cafe West,北野町568,Bar,4bf58dd8d48988d116941735,31,Hachiōji,35.65583,139.32389,JP,2017-11-08 13:43:00
2018_1784994,101467,4427,35.65711614012855,139.33554108206704,村田屋,,Ramen Restaurant,55a59bace4b013909087cb24,335,Hachiōji,35.65583,139.32389,JP,2017-11-14 11:19:00
2018_1784994,101467,1492,35.64316413335207,139.33841407299042,セブンイレブン 八王子京王片倉店,片倉町339-2,Convenience Store,4d954b0ea243a5684a65b473,215,Hachiōji,35.65583,139.32389,JP,2017-11-14 17:50:00
2018_1784994,101467,45,35.63988827560974,139.34153829340457,片倉駅 (Katakura Sta.),片倉町718,Train Station,4bf58dd8d48988d129951735,59,Hachiōji,35.65583,139.32389,JP,2017-11-14 17:57:00
2018_1784994,101467,2016,35.64273690526701,139.35506522655487,ローソン 八王子打越町店,打越町636-5,Convenience Store,4d954b0ea243a5684a65b473,215,Hachiōji,35.65583,139.32389,JP,2017-11-14 18:19:00
2018_1784994,101467,2132,35.650423136813146,139.35144528782394,ファミリーマート 八王子北野町店,北野町523-1,Convenience Store,4d954b0ea243a5684a65b473,215,Hachiōji,35.65583,139.32389,JP,2017-11-14 19:07:00
2018_1784996,101467,3812,35.64055538316099,139.33283828433653,竜泉寺の湯 八王子みなみ野店,片倉町3505,Spa,4bf58dd8d48988d1ed941735,177,Hachiōji,35.65583,139.32389,JP,2017-11-19 10:31:00
2018_1784996,101467,2080,,,,,Japanese Restaurant,4bf58dd8d48988d111941735,23,Hachiōji,35.65583,139.32389,JP,2017-11-19 13:29:00
2018_1784999,101467,4265,,,,,Smoke Shop,4bf58dd8d48988d123951735,50,Hachiōji,35.65583,139.32389,JP,2017-12-15 09:16:00
2018_1784999,101467,216,35.65698730962263,139.33872520896546,八王子オクトーレ (Hachioji Octore),旭町9-1,Shopping Plaza,5744ccdfe4b0c0459246b4dc,356,Hachiōji,35.65583,139.32389,JP,2017-12-15 09:25:00
2018_1784999,101467,902,35.657664,139.336778,カフェ・ベローチェ,三崎町4-8,Coffee Shop,4bf58dd8d48988d1e0931735,166,Hachiōji,35.65583,139.32389,JP,2017-12-15 10:03:00
2018_1784999,101467,4179,35.658743,139.336803,牛匠 炭火 八王子店,中町3-12,BBQ Joint,4bf58dd8d48988d1df931735,164,Hachiōji,35.65583,139.32389,JP,2017-12-15 10:57:00
2018_1784999,101467,2084,35.657849085814696,139.33710389405235,ドン・キホーテ,中町1-3,Discount Store,52dea92d3cf9994f4e043dbb,265,Hachiōji,35.65583,139.32389,JP,2017-12-15 13:59:00
2018_1784999,101467,902,35.657664,139.336778,カフェ・ベローチェ,三崎町4-8,Coffee Shop,4bf58dd8d48988d1e0931735,166,Hachiōji,35.65583,139.32389,JP,2017-12-23 11:59:00
2018_1785000,101467,3131,35.65835412539674,139.34328903039832,MODE K's 八王子店,明神町4-6-13,Salon / Barbershop,4bf58dd8d48988d110951735,22,Hachiōji,35.65583,139.32389,JP,2017-12-28 04:10:00
2018_1785000,101467,3809,35.658467686611296,139.33856005201707,コメダ珈琲店,東町10-3,Café,4bf58dd8d48988d16d941735,103,Hachiōji,35.65583,139.32389,JP,2017-12-28 07:57:00
2018_1785000,101467,1827,35.65748,139.337791,ガスト,旭町8-3,Restaurant,4bf58dd8d48988d1c4941735,149,Hachiōji,35.65583,139.32389,JP,2017-12-28 09:57:00
2018_1785001,101467,672,35.640815,139.358259,スシロー,長沼町1076-1,Sushi Restaurant,4bf58dd8d48988d1d2941735,158,Hachiōji,35.65583,139.32389,JP,2018-01-04 11:12:00
2018_1785001,101467,1886,35.6575164637897,139.3371969519056,ビッグエコー BIG ECHO 八王子店,三崎町4-11,Karaoke Bar,4bf58dd8d48988d120941735,45,Hachiōji,35.65583,139.32389,JP,2018-01-04 13:16:00
2018_1785003,101467,1962,35.65704843453007,139.3379872665595,コート・ダジュール 八王子駅前店,旭町7-1,Karaoke Box,5744ccdfe4b0c0459246b4bb,353,Hachiōji,35.65583,139.32389,JP,2018-01-08 11:47:00
2018_1785003,101467,2677,35.65708267212683,139.33704882860184,とりビアー 八王子店,三崎町3-3,Sake Bar,4bf58dd8d48988d11c941735,40,Hachiōji,35.65583,139.32389,JP,2018-01-08 13:04:00
2018_1785003,101467,2084,35.657849085814696,139.33710389405235,ドン・キホーテ,中町1-3,Discount Store,52dea92d3cf9994f4e043dbb,265,Hachiōji,35.65583,139.32389,JP,2018-01-08 15:24:00
2018_1785004,101467,4203,35.65818965804828,139.33783279366156,大衆酒場センベロ 八王子本店,東町12-8,Sake Bar,4bf58dd8d48988d11c941735,40,Hachiōji,35.65583,139.32389,JP,2018-02-24 10:01:00
2018_1785004,101467,139,35.6537377,139.338912,吉野家,子安町1-3-11,Donburi Restaurant,55a59bace4b013909087cb0c,331,Hachiōji,35.65583,139.32389,JP,2018-02-24 13:07:00
2018_1785005,101467,1672,35.65697840222371,139.33867608587468,三菱UFJ銀行 八王子支店,旭町9-1,Bank,4bf58dd8d48988d10a951735,13,Hachiōji,35.65583,139.32389,JP,2018-03-02 02:49:00
2018_1785005,101467,103,35.65703772302991,139.33880567550656,Starbucks,旭町9-1,Coffee Shop,4bf58dd8d48988d1e0931735,166,Hachiōji,35.65583,139.32389,JP,2018-03-02 09:31:00
2018_1785005,101467,2467,35.65658509783468,139.3384462594986,ゴーゴーカレー,旭町2-6,Japanese Curry Restaurant,55a59bace4b013909087cb30,339,Hachiōji,35.65583,139.32389,JP,2018-03-02 10:00:00
2018_1785008,101467,3131,35.65835412539674,139.34328903039832,MODE K's 八王子店,明神町4-6-13,Salon / Barbershop,4bf58dd8d48988d110951735,22,Hachiōji,35.65583,139.32389,JP,2018-03-18 01:32:00
2018_1785008,101467,853,35.6485980137129,139.35513228178024,Baghdad Cafe West,北野町568,Bar,4bf58dd8d48988d116941735,31,Hachiōji,35.65583,139.32389,JP,2018-03-18 10:12:00
2018_1785009,101467,2677,35.65708267212683,139.33704882860184,とりビアー 八王子店,三崎町3-3,Sake Bar,4bf58dd8d48988d11c941735,40,Hachiōji,35.65583,139.32389,JP,2018-05-05 09:55:00
2018_1785009,101467,2540,35.65355725733981,139.34087579493007,ラーメン春樹 八王子店,子安町1-9-14,Ramen Restaurant,55a59bace4b013909087cb24,335,Hachiōji,35.65583,139.32389,JP,2018-05-05 13:52:00
2018_1785013,101467,86,35.7465645056559,139.3847680091858,イオンモールむさし村山,榎1-1-3,Shopping Mall,4bf58dd8d48988d1fd941735,200,Fussa,35.73667,139.32361,JP,2018-10-08 05:28:00
2018_1785013,101467,32,35.71403054585699,139.36237692832947,モリタウン (mori town),代官山2-3-1,Shopping Mall,4bf58dd8d48988d1fd941735,200,Fussa,35.73667,139.32361,JP,2018-10-08 06:02:00
2018_1860367,106628,3876,35.61879500897339,139.25997097805998,株式会社エコリターン,南浅川町3131-1,Recycling Facility,4f4531084b9074f6e4fb0101,240,Hachiōji,35.65583,139.32389,JP,2017-10-08 14:12:00
2018_1860367,106628,1398,35.72300818300354,139.29635401466462,すき家,秋留2-1-5,Donburi Restaurant,55a59bace4b013909087cb0c,331,Fussa,35.73667,139.32361,JP,2017-10-08 19:46:00
2018_1860369,106628,83,35.73477061492302,139.27481174119748,イオンモール日の出,平井237-3,Shopping Mall,4bf58dd8d48988d1fd941735,200,Fussa,35.73667,139.32361,JP,2017-10-25 11:02:00
2018_1860369,106628,3567,35.75673274424354,139.34206940324736,ドン・キホーテ 多摩瑞穂店,むさし野3-11-3,Discount Store,52dea92d3cf9994f4e043dbb,265,Fussa,35.73667,139.32361,JP,2017-10-25 12:09:00
2018_1860370,106628,1313,35.68376582099339,139.34859935525174,apollostation 八王子インターSS,宇津木町761-1,Gas Station,4bf58dd8d48988d113951735,28,Hachiōji,35.65583,139.32389,JP,2017-10-26 11:40:00
2018_1860370,106628,3077,35.554769211472134,139.2622661042016,ローソン 相模原舟久保店,緑区長竹2881-1,Convenience Store,4d954b0ea243a5684a65b473,215,Hachiōji,35.65583,139.32389,JP,2017-10-26 12:17:00
2018_1860373,106628,158,35.742865858657346,139.3281601243152,西友 福生店,東町5-1,Supermarket,52f2ab2ebcbc57f1066b8b46,309,Fussa,35.73667,139.32361,JP,2017-11-24 09:51:00
2018_1860373,106628,4251,,,,,Home (private),4bf58dd8d48988d103941735,3,Fussa,35.73667,139.32361,JP,2017-11-24 12:12:00
2018_1860375,106628,2591,35.770762771557756,139.30932149291039,しゃぶ葉,栄町2-14-1,Buffet,52e81612bcbc57f1066b79f4,272,Fussa,35.73667,139.32361,JP,2017-12-08 09:16:00
2018_1860375,106628,1416,35.7287457,139.3580515,ブックセンターいとう 立川西砂店,西砂町3-24-3,Bookstore,4bf58dd8d48988d114951735,29,Fussa,35.73667,139.32361,JP,2017-12-08 12:43:00
2018_1860376,106628,2534,35.728696175378566,139.2872299548372,魚民 秋川駅前店,秋川1-7-2,Other Nightlife,4bf58dd8d48988d11a941735,37,Fussa,35.73667,139.32361,JP,2017-12-09 10:13:00
2018_1860376,106628,2160,35.719570296726765,139.32410122104682,カラオケバンバン あきる野店,小川東1-16-5,Karaoke Box,5744ccdfe4b0c0459246b4bb,353,Fussa,35.73667,139.32361,JP,2017-12-09 14:19:00
2018_1860378,106628,916,35.720136,139.3195,マクドナルド,小川東2-11-7,Fast Food Restaurant,4bf58dd8d48988d16e941735,104,Fussa,35.73667,139.32361,JP,2017-12-17 05:24:00
2018_1860378,106628,1746,35.757851125036275,139.3686765668976,パーツオフ 武蔵村山店,三ツ藤3-11-8,Thrift / Vintage Store,4bf58dd8d48988d101951735,2,Fussa,35.73667,139.32361,JP,2017-12-17 11:39:00
2018_1860378,106628,3712,35.635779959185044,139.2701344192028,ファミリーマート 八王子高尾町店,高尾町1819-1,Convenience Store,4d954b0ea243a5684a65b473,215,Hachiōji,35.65583,139.32389,JP,2017-12-17 14:13:00
2018_1860379,106628,3863,35.79033340644429,139.3222804536442,軽自動車検査協会 八王子支所,新町6丁目18-２,Government Building,4bf58dd8d48988d126941735,53,Fussa,35.73667,139.32361,JP,2017-12-18 01:21:00
2018_1860379,106628,83,35.73477061492302,139.27481174119748,イオンモール日の出,平井237-3,Shopping Mall,4bf58dd8d48988d1fd941735,200,Fussa,35.73667,139.32361,JP,2017-12-18 03:41:00
2018_1860384,106628,4451,35.73970239862539,139.2793162195613,昭和シェル セルフ日の出インターSS,平井18-2,Gas Station,4bf58dd8d48988d113951735,28,Fussa,35.73667,139.32361,JP,2018-01-06 11:11:00
2018_1860384,106628,492,35.7782,139.3062,ジョイフル,末広町2-1-1,Restaurant,4bf58dd8d48988d1c4941735,149,Fussa,35.73667,139.32361,JP,2018-01-06 13:25:00
2018_1860387,106628,158,35.742865858657346,139.3281601243152,西友 福生店,東町5-1,Supermarket,52f2ab2ebcbc57f1066b8b46,309,Fussa,35.73667,139.32361,JP,2018-02-11 06:47:00
2018_1860387,106628,901,35.75850381500146,139.36810076236725,マクドナルド,岸1-11-18,Fast Food Restaurant,4bf58dd8d48988d16e941735,104,Fussa,35.73667,139.32361,JP,2018-02-11 12:28:00
2018_1860388,106628,183,35.65168516846657,139.33377650191778,マクドナルド,万町53-1,Fast Food Restaurant,4bf58dd8d48988d16e941735,104,Hachiōji,35.65583,139.32389,JP,2018-02-13 23:13:00
2018_1860388,106628,2359,35.65567319792233,139.34546485669435,八王子労政会館,明神町3-5-1,Building,4bf58dd8d48988d130941735,66,Hachiōji,35.65583,139.32389,JP,2018-02-13 23:39:00
2018_1860391,106628,4451,35.73970239862539,139.2793162195613,昭和シェル セルフ日の出インターSS,平井18-2,Gas Station,4bf58dd8d48988d113951735,28,Fussa,35.73667,139.32361,JP,2018-02-23 04:33:00
2018_1860391,106628,568,35.76323173874253,139.32822196731297,上を向いていこう,富士見平2-22-9,Ramen Restaurant,55a59bace4b013909087cb24,335,Fussa,35.73667,139.32361,JP,2018-02-23 05:24:00
2018_1860391,106628,4251,,,,,Home (private),4bf58dd8d48988d103941735,3,Fussa,35.73667,139.32361,JP,2018-02-23 12:24:00
2018_1860393,106628,4451,35.73970239862539,139.2793162195613,昭和シェル セルフ日の出インターSS,平井18-2,Gas Station,4bf58dd8d48988d113951735,28,Fussa,35.73667,139.32361,JP,2018-03-07 13:20:00
2018_1860393,106628,3820,35.615995729989194,139.24460649490356,WILL WESTERN 高尾,南浅川町3941-1,Motel,4bf58dd8d48988d1fb931735,196,Hachiōji,35.65583,139.32389,JP,2018-03-07 13:57:00
2018_1860394,106628,3685,35.760843,139.363395,蔵出し味噌 麺場壱歩,殿ヶ谷787-4,Ramen Restaurant,55a59bace4b013909087cb24,335,Fussa,35.73667,139.32361,JP,2018-03-08 10:43:00
2018_1860394,106628,4251,,,,,Home (private),4bf58dd8d48988d103941735,3,Fussa,35.73667,139.32361,JP,2018-03-08 13:47:00
2018_1860395,106628,2005,35.721237482327965,139.33550498412697,ステーキガスト,熊川360-2,Steakhouse,4bf58dd8d48988d1cc941735,154,Fussa,35.73667,139.32361,JP,2018-03-09 13:37:00
2018_1860395,106628,2160,35.719570296726765,139.32410122104682,カラオケバンバン あきる野店,小川東1-16-5,Karaoke Box,5744ccdfe4b0c0459246b4bb,353,Fussa,35.73667,139.32361,JP,2018-03-09 14:49:00
2018_1860397,106628,1746,35.757851125036275,139.3686765668976,パーツオフ 武蔵村山店,三ツ藤3-11-8,Thrift / Vintage Store,4bf58dd8d48988d101951735,2,Fussa,35.73667,139.32361,JP,2018-03-23 11:16:00
2018_1860397,106628,1195,35.73809411214605,139.33265111069167,道とん堀,志茂136-1,Okonomiyaki Restaurant,55a59bace4b013909087cb18,334,Fussa,35.73667,139.32361,JP,2018-03-23 13:04:00
2018_1860398,106628,3822,35.756621320811355,139.3141324827942,横浜家系ラーメン おか家,羽東2-15-1,Ramen Restaurant,55a59bace4b013909087cb24,335,Fussa,35.73667,139.32361,JP,2018-03-24 04:13:00
2018_1860398,106628,3567,35.75673274424354,139.34206940324736,ドン・キホーテ 多摩瑞穂店,むさし野3-11-3,Discount Store,52dea92d3cf9994f4e043dbb,265,Fussa,35.73667,139.32361,JP,2018-03-24 04:56:00
2018_1860400,106628,125,35.638242079798744,139.3062875798874,ドン・キホーテ,椚田町586-22,Discount Store,52dea92d3cf9994f4e043dbb,265,Hachiōji,35.65583,139.32389,JP,2018-03-29 12:45:00
2018_1860400,106628,2700,35.65439411083739,139.33843737286767,八王子駅南口駅前広場,子安町4,Plaza,4bf58dd8d48988d164941735,96,Hachiōji,35.65583,139.32389,JP,2018-03-29 13:26:00
2018_1860400,106628,3876,35.61879500897339,139.25997097805998,株式会社エコリターン,南浅川町3131-1,Recycling Facility,4f4531084b9074f6e4fb0101,240,Hachiōji,35.65583,139.32389,JP,2018-03-29 14:14:00
2018_1860401,106628,1751,35.75821795549495,139.3265080142437,スーパーオートバックス SA羽村店,神明台4-1-1,Automotive Shop,4bf58dd8d48988d124951735,52,Fussa,35.73667,139.32361,JP,2018-03-30 09:34:00
2018_1860401,106628,4251,,,,,Home (private),4bf58dd8d48988d103941735,3,Fussa,35.73667,139.32361,JP,2018-03-30 11:00:00
2018_1860403,106628,568,35.76323173874253,139.32822196731297,上を向いていこう,富士見平2-22-9,Ramen Restaurant,55a59bace4b013909087cb24,335,Fussa,35.73667,139.32361,JP,2018-04-03 10:08:00
2018_1860403,106628,2446,35.72288082866993,139.3186286250053,セブンイレブン あきる野二宮店,小川734-1,Convenience Store,4d954b0ea243a5684a65b473,215,Fussa,35.73667,139.32361,JP,2018-04-03 15:20:00
2018_1860405,106628,358,35.539018,139.223096,鳥居原ふれあいの館,緑区鳥屋1674,Farmers Market,4bf58dd8d48988d1fa941735,195,Hachiōji,35.65583,139.32389,JP,2018-04-10 08:28:00
2018_1860405,106628,3529,35.62021264819274,139.22662496566772,大垂水峠橋,緑区千木良,Bridge,4bf58dd8d48988d1df941735,165,Hachiōji,35.65583,139.32389,JP,2018-04-10 09:57:00
2018_1860406,106628,4451,35.73970239862539,139.2793162195613,昭和シェル セルフ日の出インターSS,平井18-2,Gas Station,4bf58dd8d48988d113951735,28,Fussa,35.73667,139.32361,JP,2018-04-11 12:44:00
2018_1860406,106628,3712,35.635779959185044,139.2701344192028,ファミリーマート 八王子高尾町店,高尾町1819-1,Convenience Store,4d954b0ea243a5684a65b473,215,Hachiōji,35.65583,139.32389,JP,2018-04-11 13:21:00
2018_1860406,106628,3876,35.61879500897339,139.25997097805998,株式会社エコリターン,南浅川町3131-1,Recycling Facility,4f4531084b9074f6e4fb0101,240,Hachiōji,35.65583,139.32389,JP,2018-04-11 13:39:00
2018_1860407,106628,1313,35.68376582099339,139.34859935525174,apollostation 八王子インターSS,宇津木町761-1,Gas Station,4bf58dd8d48988d113951735,28,Hachiōji,35.65583,139.32389,JP,2018-04-15 05:53:00
2018_1860407,106628,1595,35.64466954550878,139.35415066671132,フレッシュネスバーガー,打越町335-1,Burger Joint,4bf58dd8d48988d16c941735,102,Hachiōji,35.65583,139.32389,JP,2018-04-15 06:43:00
2018_1860411,106628,83,35.73477061492302,139.27481174119748,イオンモール日の出,平井237-3,Shopping Mall,4bf58dd8d48988d1fd941735,200,Fussa,35.73667,139.32361,JP,2018-04-28 07:50:00
2018_1860411,106628,1541,35.7347714083677,139.27412554291564,GU,平井237-3,Clothing Store,4bf58dd8d48988d103951735,4,Fussa,35.73667,139.32361,JP,2018-04-28 08:15:00
2018_1860411,106628,1306,35.749321,139.324654,びっくりドンキー,加美平2-9-3,Steakhouse,4bf58dd8d48988d1cc941735,154,Fussa,35.73667,139.32361,JP,2018-04-28 12:10:00
2018_1860411,106628,3876,35.61879500897339,139.25997097805998,株式会社エコリターン,南浅川町3131-1,Recycling Facility,4f4531084b9074f6e4fb0101,240,Hachiōji,35.65583,139.32389,JP,2018-04-28 17:08:00
2018_1860412,106628,358,35.539018,139.223096,鳥居原ふれあいの館,緑区鳥屋1674,Farmers Market,4bf58dd8d48988d1fa941735,195,Hachiōji,35.65583,139.32389,JP,2018-04-29 08:23:00
2018_1860412,106628,2129,35.64387564969976,139.32160174713016,セブンイレブン 京王山田駅前店,小比企町599-1,Convenience Store,4d954b0ea243a5684a65b473,215,Hachiōji,35.65583,139.32389,JP,2018-04-29 14:38:00
2018_1860419,106628,2842,35.623112,139.263268,高尾山インター入口交差点,南浅川町,Intersection,52f2ab2ebcbc57f1066b8b4c,311,Hachiōji,35.65583,139.32389,JP,2018-05-22 14:42:00
2018_1860419,106628,3712,35.635779959185044,139.2701344192028,ファミリーマート 八王子高尾町店,高尾町1819-1,Convenience Store,4d954b0ea243a5684a65b473,215,Hachiōji,35.65583,139.32389,JP,2018-05-22 17:25:00
2018_1860420,106628,4251,,,,,Home (private),4bf58dd8d48988d103941735,3,Fussa,35.73667,139.32361,JP,2018-05-31 12:31:00
2018_1860420,106628,1913,35.56879272213882,139.19889035575457,青野原野呂ロッジキャンプ場,緑区青野原931,Campground,4bf58dd8d48988d1e4941735,170,Hachiōji,35.65583,139.32389,JP,2018-05-31 13:49:00
2018_1860421,106628,3960,35.75909872954084,139.3358189609522,バリーコーポレーション,双葉町2-20-52,Auto Workshop,56aa371be4b08b9a8d5734d3,343,Fussa,35.73667,139.32361,JP,2018-06-02 04:01:00
2018_1860421,106628,3970,35.58614060242957,139.29001002280498,城山橋,緑区城山 / 小倉,Bridge,4bf58dd8d48988d1df941735,165,Hachiōji,35.65583,139.32389,JP,2018-06-02 05:24:00
2018_1860421,106628,358,35.539018,139.223096,鳥居原ふれあいの館,緑区鳥屋1674,Farmers Market,4bf58dd8d48988d1fa941735,195,Hachiōji,35.65583,139.32389,JP,2018-06-02 05:34:00
2018_1860423,106628,1746,35.757851125036275,139.3686765668976,パーツオフ 武蔵村山店,三ツ藤3-11-8,Thrift / Vintage Store,4bf58dd8d48988d101951735,2,Fussa,35.73667,139.32361,JP,2018-06-19 11:35:00
2018_1860423,106628,4251,,,,,Home (private),4bf58dd8d48988d103941735,3,Fussa,35.73667,139.32361,JP,2018-06-19 12:29:00
2018_1860432,106628,4451,35.73970239862539,139.2793162195613,昭和シェル セルフ日の出インターSS,平井18-2,Gas Station,4bf58dd8d48988d113951735,28,Fussa,35.73667,139.32361,JP,2018-07-21 17:01:00
2018_1860432,106628,1537,35.73915462241886,139.28322426974773,すき家,平井15-16,Japanese Restaurant,4bf58dd8d48988d111941735,23,Fussa,35.73667,139.32361,JP,2018-07-21 21:11:00
2018_1860433,106628,356,35.666924506110185,139.35412572471705,マクドナルド,大和田町4-21-4,Fast Food Restaurant,4bf58dd8d48988d16e941735,104,Hachiōji,35.65583,139.32389,JP,2018-07-22 07:34:00
2018_1860433,106628,4251,,,,,Home (private),4bf58dd8d48988d103941735,3,Fussa,35.73667,139.32361,JP,2018-07-22 14:33:00
2018_1860435,106628,1448,35.750306721480285,139.32438477873802,すき家,加美平1-19-7,Donburi Restaurant,55a59bace4b013909087cb0c,331,Fussa,35.73667,139.32361,JP,2018-07-27 11:26:00
2018_1860435,106628,4251,,,,,Home (private),4bf58dd8d48988d103941735,3,Fussa,35.73667,139.32361,JP,2018-07-27 14:09:00
2018_1860436,106628,4387,35.70327190966252,139.35215935637368,ファミリーマート 昭島田中町団地入口店,田中町2-23-9,Convenience Store,4d954b0ea243a5684a65b473,215,Fussa,35.73667,139.32361,JP,2018-07-28 13:10:00
2018_1860436,106628,3498,35.757970670528714,139.36836898326874,セブンイレブン 武蔵村山三ツ藤3丁目店,三ツ藤3-11-11,Convenience Store,4d954b0ea243a5684a65b473,215,Fussa,35.73667,139.32361,JP,2018-07-28 20:43:00
2018_1860437,106628,584,35.6777383435228,139.33580584794746,CAREZZA 八王子店,左入町749-1,Automotive Shop,4bf58dd8d48988d124951735,52,Hachiōji,35.65583,139.32389,JP,2018-07-29 07:52:00
2018_1860437,106628,1942,35.6480949719881,139.35250683548392,ENEOS EneJet 八王子バイパスSS,北野町566-13,Gas Station,4bf58dd8d48988d113951735,28,Hachiōji,35.65583,139.32389,JP,2018-07-29 08:10:00
2018_1860440,106628,1448,35.750306721480285,139.32438477873802,すき家,加美平1-19-7,Donburi Restaurant,55a59bace4b013909087cb0c,331,Fussa,35.73667,139.32361,JP,2018-08-09 08:49:00
2018_1860440,106628,3403,35.7202027355624,139.32068387927995,ファミリーマート あきる野睦橋通り店,小川東2-10-8,Convenience Store,4d954b0ea243a5684a65b473,215,Fussa,35.73667,139.32361,JP,2018-08-09 12:36:00
2018_1860441,106628,3501,35.66362611897565,139.32950913906097,大横町交差点,大横町,Intersection,52f2ab2ebcbc57f1066b8b4c,311,Hachiōji,35.65583,139.32389,JP,2018-08-10 12:04:00
2018_1860441,106628,1096,35.65836847800488,139.28216814994812,ミニストップ 元八王子2丁目店,元八王子町2-1151-4,Convenience Store,4d954b0ea243a5684a65b473,215,Hachiōji,35.65583,139.32389,JP,2018-08-10 13:00:00
2018_1860441,106628,4251,,,,,Home (private),4bf58dd8d48988d103941735,3,Fussa,35.73667,139.32361,JP,2018-08-10 13:49:00
2018_1860441,106628,3797,35.724947348053504,139.32156730739635,ハイネス二宮,二宮東2-3-36,Racetrack,4bf58dd8d48988d1f4931735,185,Fussa,35.73667,139.32361,JP,2018-08-10 21:31:00
2018_1860443,106628,358,35.539018,139.223096,鳥居原ふれあいの館,緑区鳥屋1674,Farmers Market,4bf58dd8d48988d1fa941735,195,Hachiōji,35.65583,139.32389,JP,2018-08-14 07:48:00
2018_1860443,106628,2317,35.5263696639279,139.29112167130285,吉源,,Chinese Restaurant,4bf58dd8d48988d145941735,76,Hachiōji,35.65583,139.32389,JP,2018-08-14 13:54:00
2018_1860443,106628,4662,35.49381577384542,139.26707489853223,上煤ヶ谷バス停,煤ヶ谷,Bus Stop,52f2ab2ebcbc57f1066b8b4f,314,Hachiōji,35.65583,139.32389,JP,2018-08-14 15:37:00
2018_1860444,106628,257,35.725977747638495,139.31115757272264,東秋留駅 (Higashi-Akiru Sta.),野辺458,Train Station,4bf58dd8d48988d129951735,59,Fussa,35.73667,139.32361,JP,2018-08-18 09:23:00
2018_1860444,106628,4183,35.73349595911581,139.33074958775995,カラオケバンバン 福生牛浜店,牛浜43-1,Karaoke Box,5744ccdfe4b0c0459246b4bb,353,Fussa,35.73667,139.32361,JP,2018-08-18 14:45:00
2018_1860445,106628,1398,35.72300818300354,139.29635401466462,すき家,秋留2-1-5,Donburi Restaurant,55a59bace4b013909087cb0c,331,Fussa,35.73667,139.32361,JP,2018-08-27 10:02:00
2018_1860445,106628,1746,35.757851125036275,139.3686765668976,パーツオフ 武蔵村山店,三ツ藤3-11-8,Thrift / Vintage Store,4bf58dd8d48988d101951735,2,Fussa,35.73667,139.32361,JP,2018-08-27 11:45:00
2018_1909117,109617,3077,35.554769211472134,139.2622661042016,ローソン 相模原舟久保店,緑区長竹2881-1,Convenience Store,4d954b0ea243a5684a65b473,215,Hachiōji,35.65583,139.32389,JP,2017-10-10 08:04:00
2018_1909117,109617,358,35.539018,139.223096,鳥居原ふれあいの館,緑区鳥屋1674,Farmers Market,4bf58dd8d48988d1fa941735,195,Hachiōji,35.65583,139.32389,JP,2017-10-10 08:23:00
2018_1909129,109617,4293,35.638947,139.312219,ラーメン二郎 めじろ台店,椚田町513-9,Ramen Restaurant,55a59bace4b013909087cb24,335,Hachiōji,35.65583,139.32389,JP,2017-12-06 03:04:00
2018_1909129,109617,358,35.539018,139.223096,鳥居原ふれあいの館,緑区鳥屋1674,Farmers Market,4bf58dd8d48988d1fa941735,195,Hachiōji,35.65583,139.32389,JP,2017-12-06 04:42:00
2018_1909135,109617,4483,35.5430495475839,139.2178296525124,ファミリーマート 津久井宮が瀬店,緑区鳥屋1402-1,Convenience Store,4d954b0ea243a5684a65b473,215,Hachiōji,35.65583,139.32389,JP,2018-01-21 12:36:00
2018_1909135,109617,2287,35.52334,139.2237,宮ヶ瀬 バス停,宮ケ瀬,Bus Station,4bf58dd8d48988d1fe931735,201,Hachiōji,35.65583,139.32389,JP,2018-01-21 13:09:00
2018_1909137,109617,556,35.57490733664466,139.36056709165874,究極ラーメン 横濱家 相模原店,中央区清新7-16-9,Ramen Restaurant,55a59bace4b013909087cb24,335,Hachiōji,35.65583,139.32389,JP,2018-01-27 06:30:00
2018_1909137,109617,1425,35.59492076661418,139.34504702908666,JR 橋本駅 (JR Hashimoto Sta.),緑区橋本6-1-25,Train Station,4bf58dd8d48988d129951735,59,Hachiōji,35.65583,139.32389,JP,2018-01-27 09:58:00
2018_1909138,109617,4138,35.58542984116069,139.3078256047069,台湾料理 龍華 相模原店,緑区大島37-3,Taiwanese Restaurant,52af3b813cf9994f4e043c04,264,Hachiōji,35.65583,139.32389,JP,2018-02-03 04:00:00
2018_1909138,109617,558,35.58703369224405,139.30508849561886,カインズ 城山店,緑区向原3-9-7,Furniture / Home Store,4bf58dd8d48988d1f8941735,191,Hachiōji,35.65583,139.32389,JP,2018-02-03 04:28:00
2018_1909143,109617,358,35.539018,139.223096,鳥居原ふれあいの館,緑区鳥屋1674,Farmers Market,4bf58dd8d48988d1fa941735,195,Hachiōji,35.65583,139.32389,JP,2018-02-24 08:04:00
2018_1909143,109617,1254,35.553984,139.261701,オギノパン 本社工場直売店,緑区長竹2841,Bakery,4bf58dd8d48988d16a941735,100,Hachiōji,35.65583,139.32389,JP,2018-02-24 08:18:00
2018_1909144,109617,1378,35.57685614946063,139.3659773886508,ガレージオフ 相模原店,中央区相模原8-4-15,Hobby Shop,4bf58dd8d48988d1fb941735,197,Hachiōji,35.65583,139.32389,JP,2018-02-25 09:13:00
2018_1909144,109617,2857,35.5916367712659,139.34852051632387,イトーヨーカドー,緑区大山町1-22,Supermarket,52f2ab2ebcbc57f1066b8b46,309,Hachiōji,35.65583,139.32389,JP,2018-02-25 09:53:00
2018_1909148,109617,558,35.58703369224405,139.30508849561886,カインズ 城山店,緑区向原3-9-7,Furniture / Home Store,4bf58dd8d48988d1f8941735,191,Hachiōji,35.65583,139.32389,JP,2018-03-11 01:08:00
2018_1909148,109617,4230,35.642822,139.289156,イーアス高尾,東浅川町550-1,Shopping Mall,4bf58dd8d48988d1fd941735,200,Hachiōji,35.65583,139.32389,JP,2018-03-11 06:46:00
2018_1909150,109617,283,35.63781925835725,139.29344415664673,イトーヨーカドー 八王子店,狭間町1462-1,Supermarket,52f2ab2ebcbc57f1066b8b46,309,Hachiōji,35.65583,139.32389,JP,2018-03-19 08:30:00
2018_1909150,109617,4293,35.638947,139.312219,ラーメン二郎 めじろ台店,椚田町513-9,Ramen Restaurant,55a59bace4b013909087cb24,335,Hachiōji,35.65583,139.32389,JP,2018-03-19 09:31:00
2018_1909152,109617,358,35.539018,139.223096,鳥居原ふれあいの館,緑区鳥屋1674,Farmers Market,4bf58dd8d48988d1fa941735,195,Hachiōji,35.65583,139.32389,JP,2018-03-26 07:02:00
2018_1909152,109617,4088,35.583516,139.355814,相模原2りんかん,中央区小山3-37-1,Motorcycle Shop,5032833091d4c4b30a586d60,250,Hachiōji,35.65583,139.32389,JP,2018-03-26 09:53:00
2018_1909157,109617,128,35.596483763582015,139.34593113672247,りそな銀行 橋本支店,緑区橋本3-30-3,Bank,4bf58dd8d48988d10a951735,13,Hachiōji,35.65583,139.32389,JP,2018-04-01 06:59:00
2018_1909157,109617,4088,35.583516,139.355814,相模原2りんかん,中央区小山3-37-1,Motorcycle Shop,5032833091d4c4b30a586d60,250,Hachiōji,35.65583,139.32389,JP,2018-04-01 07:24:00
2018_1909157,109617,3622,35.58901440370732,139.30465579032898,スーパーアルプス,緑区向原4-2-3,Supermarket,52f2ab2ebcbc57f1066b8b46,309,Hachiōji,35.65583,139.32389,JP,2018-04-01 08:49:00
2018_1909158,109617,2818,35.583699670613015,139.26119519164857,相模原赤十字病院,緑区中野256,Hospital,4bf58dd8d48988d196941735,129,Hachiōji,35.65583,139.32389,JP,2018-04-02 01:10:00
2018_1909158,109617,1835,35.595714786661574,139.303041100502,城山総合事務所,緑区久保沢1-3-1,Government Building,4bf58dd8d48988d126941735,53,Hachiōji,35.65583,139.32389,JP,2018-04-02 04:06:00
2018_1909158,109617,4483,35.5430495475839,139.2178296525124,ファミリーマート 津久井宮が瀬店,緑区鳥屋1402-1,Convenience Store,4d954b0ea243a5684a65b473,215,Hachiōji,35.65583,139.32389,JP,2018-04-02 11:05:00
2018_1909167,109617,2350,35.63166426342841,139.3277443653997,ハードオフ/ホビーオフ,みなみ野1-8-1,Thrift / Vintage Store,4bf58dd8d48988d101951735,2,Hachiōji,35.65583,139.32389,JP,2018-04-27 08:51:00
2018_1909167,109617,4058,35.569543871167646,139.26268262530496,ローソン 津久井長尾店,緑区長竹405,Convenience Store,4d954b0ea243a5684a65b473,215,Hachiōji,35.65583,139.32389,JP,2018-04-27 14:43:00
2018_1909174,109617,934,35.597658,139.314286,はま寿司,緑区原宿2-1-30,Sushi Restaurant,4bf58dd8d48988d1d2941735,158,Hachiōji,35.65583,139.32389,JP,2018-05-12 09:42:00
2018_1909174,109617,2287,35.52334,139.2237,宮ヶ瀬 バス停,宮ケ瀬,Bus Station,4bf58dd8d48988d1fe931735,201,Hachiōji,35.65583,139.32389,JP,2018-05-12 12:17:00
2018_1909174,109617,660,35.58984416476558,139.22910591256698,セブンイレブン 相模原津久井三ケ木店,緑区三ケ木1604-1,Convenience Store,4d954b0ea243a5684a65b473,215,Hachiōji,35.65583,139.32389,JP,2018-05-12 14:31:00
2018_1909175,109617,2350,35.63166426342841,139.3277443653997,ハードオフ/ホビーオフ,みなみ野1-8-1,Thrift / Vintage Store,4bf58dd8d48988d101951735,2,Hachiōji,35.65583,139.32389,JP,2018-05-14 08:23:00
2018_1909175,109617,4293,35.638947,139.312219,ラーメン二郎 めじろ台店,椚田町513-9,Ramen Restaurant,55a59bace4b013909087cb24,335,Hachiōji,35.65583,139.32389,JP,2018-05-14 11:20:00
2018_1909177,109617,512,35.58658896406732,139.29857905137283,小倉橋,緑区谷ヶ原-小倉,Bridge,4bf58dd8d48988d1df941735,165,Hachiōji,35.65583,139.32389,JP,2018-05-21 08:26:00
2018_1909177,109617,2287,35.52334,139.2237,宮ヶ瀬 バス停,宮ケ瀬,Bus Station,4bf58dd8d48988d1fe931735,201,Hachiōji,35.65583,139.32389,JP,2018-05-21 11:54:00
2018_1909177,109617,4483,35.5430495475839,139.2178296525124,ファミリーマート 津久井宮が瀬店,緑区鳥屋1402-1,Convenience Store,4d954b0ea243a5684a65b473,215,Hachiōji,35.65583,139.32389,JP,2018-05-21 12:24:00
2018_1909177,109617,660,35.58984416476558,139.22910591256698,セブンイレブン 相模原津久井三ケ木店,緑区三ケ木1604-1,Convenience Store,4d954b0ea243a5684a65b473,215,Hachiōji,35.65583,139.32389,JP,2018-05-21 13:02:00
2018_1909178,109617,433,35.59844303383893,139.33134225034235,BOOKOFF 橋本津久井街道店,緑区橋本8-27-7,Used Bookstore,52f2ab2ebcbc57f1066b8b30,302,Hachiōji,35.65583,139.32389,JP,2018-05-28 10:19:00
2018_1909178,109617,629,35.5906851,139.2921641,丸亀製麺,緑区谷ヶ原2-640-4,Udon Restaurant,55a59bace4b013909087cb2a,337,Hachiōji,35.65583,139.32389,JP,2018-05-28 11:28:00
2018_1909179,109617,4543,35.597259910396374,139.3114260486873,町田商店 城山店,緑区原宿2-10-4,Ramen Restaurant,55a59bace4b013909087cb24,335,Hachiōji,35.65583,139.32389,JP,2018-06-01 11:50:00
2018_1909179,109617,4483,35.5430495475839,139.2178296525124,ファミリーマート 津久井宮が瀬店,緑区鳥屋1402-1,Convenience Store,4d954b0ea243a5684a65b473,215,Hachiōji,35.65583,139.32389,JP,2018-06-01 12:49:00
2018_1909179,109617,973,35.56881948682604,139.24114600170589,セブンイレブン 津久井青山店,緑区青山827-1,Convenience Store,4d954b0ea243a5684a65b473,215,Hachiōji,35.65583,139.32389,JP,2018-06-01 14:06:00
2018_1909181,109617,2345,35.631734247891366,139.32832901078677,BOOKOFF SUPER BAZAAR,みなみ野1-8-1,Thrift / Vintage Store,4bf58dd8d48988d101951735,2,Hachiōji,35.65583,139.32389,JP,2018-06-05 08:48:00
2018_1909181,109617,3625,,,,,Electronics Store,4bf58dd8d48988d122951735,48,Hachiōji,35.65583,139.32389,JP,2018-06-05 10:53:00
2018_1909184,109617,1378,35.57685614946063,139.3659773886508,ガレージオフ 相模原店,中央区相模原8-4-15,Hobby Shop,4bf58dd8d48988d1fb941735,197,Hachiōji,35.65583,139.32389,JP,2018-06-13 08:35:00
2018_1909184,109617,4088,35.583516,139.355814,相模原2りんかん,中央区小山3-37-1,Motorcycle Shop,5032833091d4c4b30a586d60,250,Hachiōji,35.65583,139.32389,JP,2018-06-13 09:04:00
2018_1909187,109617,358,35.539018,139.223096,鳥居原ふれあいの館,緑区鳥屋1674,Farmers Market,4bf58dd8d48988d1fa941735,195,Hachiōji,35.65583,139.32389,JP,2018-06-24 07:03:00
2018_1909187,109617,1281,35.59102544993985,139.34976518154144,アリオ橋本,緑区大山町1-22,Shopping Mall,4bf58dd8d48988d1fd941735,200,Hachiōji,35.65583,139.32389,JP,2018-06-24 09:03:00
2018_1909190,109617,80,35.686372308734526,139.34108496154775,道の駅 八王子滝山,滝山町1-592-2,Rest Area,4d954b16a243a5684b65b473,216,Hachiōji,35.65583,139.32389,JP,2018-07-02 12:05:00
2018_1909190,109617,4543,35.597259910396374,139.3114260486873,町田商店 城山店,緑区原宿2-10-4,Ramen Restaurant,55a59bace4b013909087cb24,335,Hachiōji,35.65583,139.32389,JP,2018-07-02 14:03:00
2018_1909195,109617,2350,35.63166426342841,139.3277443653997,ハードオフ/ホビーオフ,みなみ野1-8-1,Thrift / Vintage Store,4bf58dd8d48988d101951735,2,Hachiōji,35.65583,139.32389,JP,2018-07-19 08:21:00
2018_1909195,109617,558,35.58703369224405,139.30508849561886,カインズ 城山店,緑区向原3-9-7,Furniture / Home Store,4bf58dd8d48988d1f8941735,191,Hachiōji,35.65583,139.32389,JP,2018-07-19 09:38:00
2018_1909198,109617,558,35.58703369224405,139.30508849561886,カインズ 城山店,緑区向原3-9-7,Furniture / Home Store,4bf58dd8d48988d1f8941735,191,Hachiōji,35.65583,139.32389,JP,2018-07-27 08:38:00
2018_1909198,109617,4011,35.58999594017515,139.30625438690183,サイゼリヤ,緑区向原4-2-3,Italian Restaurant,4bf58dd8d48988d110941735,21,Hachiōji,35.65583,139.32389,JP,2018-07-27 10:56:00
2018_1909199,109617,1378,35.57685614946063,139.3659773886508,ガレージオフ 相模原店,中央区相模原8-4-15,Hobby Shop,4bf58dd8d48988d1fb941735,197,Hachiōji,35.65583,139.32389,JP,2018-08-01 02:38:00
2018_1909199,109617,3329,35.59796120878813,139.31293845176697,イレブンカット 城山店,緑区原宿3-1-7 2F,Salon / Barbershop,4bf58dd8d48988d110951735,22,Hachiōji,35.65583,139.32389,JP,2018-08-01 03:29:00
2018_1909202,109617,358,35.539018,139.223096,鳥居原ふれあいの館,緑区鳥屋1674,Farmers Market,4bf58dd8d48988d1fa941735,195,Hachiōji,35.65583,139.32389,JP,2018-08-05 09:26:00
2018_1909202,109617,3752,35.59647243892653,139.31387652939395,100円ショップ オレンジ 城山店,緑区原宿南1-5-1,Discount Store,52dea92d3cf9994f4e043dbb,265,Hachiōji,35.65583,139.32389,JP,2018-08-06 10:00:00
2018_1909203,109617,1254,35.553984,139.261701,オギノパン 本社工場直売店,緑区長竹2841,Bakery,4bf58dd8d48988d16a941735,100,Hachiōji,35.65583,139.32389,JP,2018-08-07 08:32:00
2018_1909203,109617,358,35.539018,139.223096,鳥居原ふれあいの館,緑区鳥屋1674,Farmers Market,4bf58dd8d48988d1fa941735,195,Hachiōji,35.65583,139.32389,JP,2018-08-07 08:40:00
2018_1909211,109617,358,35.539018,139.223096,鳥居原ふれあいの館,緑区鳥屋1674,Farmers Market,4bf58dd8d48988d1fa941735,195,Hachiōji,35.65583,139.32389,JP,2018-08-19 07:34:00
2018_1909211,109617,1254,35.553984,139.261701,オギノパン 本社工場直売店,緑区長竹2841,Bakery,4bf58dd8d48988d16a941735,100,Hachiōji,35.65583,139.32389,JP,2018-08-19 08:29:00
2018_1909212,109617,4293,35.638947,139.312219,ラーメン二郎 めじろ台店,椚田町513-9,Ramen Restaurant,55a59bace4b013909087cb24,335,Hachiōji,35.65583,139.32389,JP,2018-08-21 02:57:00
2018_1909212,109617,4381,35.590035,139.304731,クリエイトSD,緑区向原4-2-3,Drugstore,5745c2e4498e11e7bccabdbd,358,Hachiōji,35.65583,139.32389,JP,2018-08-21 04:45:00
2018_1909213,109617,558,35.58703369224405,139.30508849561886,カインズ 城山店,緑区向原3-9-7,Furniture / Home Store,4bf58dd8d48988d1f8941735,191,Hachiōji,35.65583,139.32389,JP,2018-08-25 07:09:00
2018_1909213,109617,2430,35.5790731546095,139.31364753686157,かみやショッピングセンター,緑区大島777,Liquor Store,4bf58dd8d48988d186941735,120,Hachiōji,35.65583,139.32389,JP,2018-08-25 14:50:00
2018_1909213,109617,4483,35.5430495475839,139.2178296525124,ファミリーマート 津久井宮が瀬店,緑区鳥屋1402-1,Convenience Store,4d954b0ea243a5684a65b473,215,Hachiōji,35.65583,139.32389,JP,2018-08-25 15:22:00
2018_1909214,109617,479,35.64481139856523,139.351537526809,スーパーオートバックス八王子,打越町2004-1,Automotive Shop,4bf58dd8d48988d124951735,52,Hachiōji,35.65583,139.32389,JP,2018-08-27 04:33:00
2018_1909214,109617,1144,35.59786664489415,139.30879469700525,ダイソー,緑区原宿3-8-15,Discount Store,52dea92d3cf9994f4e043dbb,265,Hachiōji,35.65583,139.32389,JP,2018-08-27 05:23:00
2018_1909214,109617,2430,35.5790731546095,139.31364753686157,かみやショッピングセンター,緑区大島777,Liquor Store,4bf58dd8d48988d186941735,120,Hachiōji,35.65583,139.32389,JP,2018-08-27 12:21:00
2018_1909214,109617,4058,35.569543871167646,139.26268262530496,ローソン 津久井長尾店,緑区長竹405,Convenience Store,4d954b0ea243a5684a65b473,215,Hachiōji,35.65583,139.32389,JP,2018-08-27 13:22:00
2018_1909365,109621,4293,35.638947,139.312219,ラーメン二郎 めじろ台店,椚田町513-9,Ramen Restaurant,55a59bace4b013909087cb24,335,Hachiōji,35.65583,139.32389,JP,2017-10-06 11:37:00
2018_1909365,109621,4474,35.67799429017992,139.3353075405844,ファミリーマート 八王子インター店,滝山町1-549-1,Convenience Store,4d954b0ea243a5684a65b473,215,Hachiōji,35.65583,139.32389,JP,2017-10-06 13:23:00
2018_1909366,109621,4485,35.660136824175915,139.3334722837971,ローソン 八王子八日町店,八日町10‐1,Convenience Store,4d954b0ea243a5684a65b473,215,Hachiōji,35.65583,139.32389,JP,2017-10-14 01:23:00
2018_1909366,109621,4359,35.64323955196357,139.28964883089066,PLAZA,東浅川町550-1,Gift Shop,4bf58dd8d48988d128951735,57,Hachiōji,35.65583,139.32389,JP,2017-10-14 02:42:00
2018_1909367,109621,524,35.64349934039391,139.30801760330772,めじろ台駅 (KO50),めじろ台1-100-1,Train Station,4bf58dd8d48988d129951735,59,Hachiōji,35.65583,139.32389,JP,2017-10-28 01:41:00
2018_1909367,109621,4378,35.643142,139.289855,大地食堂,東浅川町550-1,Diner,4bf58dd8d48988d147941735,78,Hachiōji,35.65583,139.32389,JP,2017-10-28 02:50:00
2018_1909367,109621,4363,35.642596784379705,139.28792693622634,ペットショップ ワンラブ イーアス高尾店,東浅川町550-1,Pet Store,4bf58dd8d48988d100951735,1,Hachiōji,35.65583,139.32389,JP,2017-10-28 03:16:00
2018_1909368,109621,1899,35.64317202680001,139.30749493897585,スリーエフ 京王めじろ台駅前店,めじろ台2-1,Convenience Store,4d954b0ea243a5684a65b473,215,Hachiōji,35.65583,139.32389,JP,2017-11-03 02:15:00
2018_1909368,109621,3144,35.645040584806445,139.35484243951356,サンクス 北野駅北口店,打越町344-11,Convenience Store,4d954b0ea243a5684a65b473,215,Hachiōji,35.65583,139.32389,JP,2017-11-03 02:41:00
2018_1909368,109621,436,35.645005262815594,139.35448413529116,マクドナルド,北野町545-3,Fast Food Restaurant,4bf58dd8d48988d16e941735,104,Hachiōji,35.65583,139.32389,JP,2017-11-03 02:52:00
2018_1909368,109621,4508,35.665423,139.309155,整体院おかべ,横川町190-1,Mental Health Office,52e81612bcbc57f1066b7a39,290,Hachiōji,35.65583,139.32389,JP,2017-11-03 04:30:00
2018_1909368,109621,4042,35.66535,139.30919,ごみパソ看板（ごみパソ旧店舗跡）,横川町190-1,Street Art,52e81612bcbc57f1066b79ee,268,Hachiōji,35.65583,139.32389,JP,2017-11-03 04:37:00
2018_1909369,109621,4365,35.643142,139.289855,牛角次男坊,東浅川町550-1,BBQ Joint,4bf58dd8d48988d1df931735,164,Hachiōji,35.65583,139.32389,JP,2017-11-04 02:57:00
2018_1909369,109621,4363,35.642596784379705,139.28792693622634,ペットショップ ワンラブ イーアス高尾店,東浅川町550-1,Pet Store,4bf58dd8d48988d100951735,1,Hachiōji,35.65583,139.32389,JP,2017-11-04 03:14:00
2018_1909369,109621,4355,35.642832813811474,139.28772032260892,ニトリ,東浅川町550-1,Furniture / Home Store,4bf58dd8d48988d1f8941735,191,Hachiōji,35.65583,139.32389,JP,2017-11-04 03:26:00
2018_1909369,109621,4354,35.6428889,139.2875544,ノジマ,東浅川町550-1,Electronics Store,4bf58dd8d48988d122951735,48,Hachiōji,35.65583,139.32389,JP,2017-11-04 03:53:00
2018_1909369,109621,4503,35.696875432809016,139.32647824287412,ローソン・スリーエフ 八王子滝山街道店,丹木町3-45,Convenience Store,4d954b0ea243a5684a65b473,215,Fussa,35.73667,139.32361,JP,2017-11-04 04:53:00
2018_1909370,109621,1899,35.64317202680001,139.30749493897585,スリーエフ 京王めじろ台駅前店,めじろ台2-1,Convenience Store,4d954b0ea243a5684a65b473,215,Hachiōji,35.65583,139.32389,JP,2017-11-11 00:53:00
2018_1909370,109621,4356,35.6432975327005,139.2886108160019,Francfranc,東浅川町550-1,Furniture / Home Store,4bf58dd8d48988d1f8941735,191,Hachiōji,35.65583,139.32389,JP,2017-11-11 02:00:00
2018_1909370,109621,4516,35.666532426383526,139.3098619580269,ローソン・スリーエフ 八王子横川町店,横川町108-20,Convenience Store,4d954b0ea243a5684a65b473,215,Hachiōji,35.65583,139.32389,JP,2017-11-11 04:41:00
2018_1909370,109621,4503,35.696875432809016,139.32647824287412,ローソン・スリーエフ 八王子滝山街道店,丹木町3-45,Convenience Store,4d954b0ea243a5684a65b473,215,Fussa,35.73667,139.32361,JP,2017-11-11 05:13:00
2018_1909371,109621,146,35.66013571194764,139.31635486789514,了法寺,日吉町2-1,Buddhist Temple,52e81612bcbc57f1066b7a3e,292,Hachiōji,35.65583,139.32389,JP,2017-11-18 01:06:00
2018_1909371,109621,140,35.65731867667411,139.31060968025906,八王子市中央図書館,千人町3-3-6,Library,4bf58dd8d48988d12f941735,65,Hachiōji,35.65583,139.32389,JP,2017-11-18 01:18:00
2018_1909371,109621,3671,35.6409715,139.2878535,スーパーバリュー 八王子高尾店,東浅川町546-20,Supermarket,52f2ab2ebcbc57f1066b8b46,309,Hachiōji,35.65583,139.32389,JP,2017-11-18 02:09:00
2018_1909371,109621,4355,35.642832813811474,139.28772032260892,ニトリ,東浅川町550-1,Furniture / Home Store,4bf58dd8d48988d1f8941735,191,Hachiōji,35.65583,139.32389,JP,2017-11-18 02:19:00
2018_1909371,109621,4378,35.643142,139.289855,大地食堂,東浅川町550-1,Diner,4bf58dd8d48988d147941735,78,Hachiōji,35.65583,139.32389,JP,2017-11-18 03:20:00
2018_1909371,109621,4363,35.642596784379705,139.28792693622634,ペットショップ ワンラブ イーアス高尾店,東浅川町550-1,Pet Store,4bf58dd8d48988d100951735,1,Hachiōji,35.65583,139.32389,JP,2017-11-18 03:32:00
2018_1909371,109621,4354,35.6428889,139.2875544,ノジマ,東浅川町550-1,Electronics Store,4bf58dd8d48988d122951735,48,Hachiōji,35.65583,139.32389,JP,2017-11-18 03:52:00
2018_1909371,109621,4230,35.642822,139.289156,イーアス高尾,東浅川町550-1,Shopping Mall,4bf58dd8d48988d1fd941735,200,Hachiōji,35.65583,139.32389,JP,2017-11-18 04:01:00
2018_1909371,109621,3632,35.630347,139.268661,TAKAO 599 MUSEUM,高尾町2435-3,Museum,4bf58dd8d48988d181941735,117,Hachiōji,35.65583,139.32389,JP,2017-11-18 04:50:00
2018_1909371,109621,754,35.63232142427003,139.2699909210205,ふもとや (Fumotoya),高尾町2241,Italian Restaurant,4bf58dd8d48988d110941735,21,Hachiōji,35.65583,139.32389,JP,2017-11-18 05:25:00
2018_1909372,109621,146,35.66013571194764,139.31635486789514,了法寺,日吉町2-1,Buddhist Temple,52e81612bcbc57f1066b7a3e,292,Hachiōji,35.65583,139.32389,JP,2017-11-19 01:28:00
2018_1909372,109621,2536,35.65525635632944,139.30679082870483,セブンイレブン 八王子千人町店,千人町4-12-3,Convenience Store,4d954b0ea243a5684a65b473,215,Hachiōji,35.65583,139.32389,JP,2017-11-19 01:51:00
2018_1909372,109621,2843,35.651822173780516,139.30053985838504,トヨタS&D西東京 八王子店,並木町23-6,Auto Dealership,4eb1c1623b7b52c0e1adc2ec,226,Hachiōji,35.65583,139.32389,JP,2017-11-19 02:16:00
2018_1909372,109621,2062,35.63765053585985,139.30580914020535,ファミリーマート 秀栄高専通り店,椚田町553-15,Convenience Store,4d954b0ea243a5684a65b473,215,Hachiōji,35.65583,139.32389,JP,2017-11-19 10:07:00
2018_1909373,109621,1899,35.64317202680001,139.30749493897585,スリーエフ 京王めじろ台駅前店,めじろ台2-1,Convenience Store,4d954b0ea243a5684a65b473,215,Hachiōji,35.65583,139.32389,JP,2017-12-02 00:22:00
2018_1909373,109621,4356,35.6432975327005,139.2886108160019,Francfranc,東浅川町550-1,Furniture / Home Store,4bf58dd8d48988d1f8941735,191,Hachiōji,35.65583,139.32389,JP,2017-12-02 01:52:00
2018_1909373,109621,4331,35.643640349308086,139.29002071020653,トイザらス・ベビーザらス,東浅川町550-1,Toy / Game Store,4bf58dd8d48988d1f3941735,184,Hachiōji,35.65583,139.32389,JP,2017-12-02 02:04:00
2018_1909373,109621,4360,35.6431963682711,139.289944953704,はなまるうどん,東浅川町550-1,Udon Restaurant,55a59bace4b013909087cb2a,337,Hachiōji,35.65583,139.32389,JP,2017-12-02 02:38:00
2018_1909373,109621,4368,35.64334112720186,139.28965151309967,織部 イーアス高尾店,東浅川町550-1,Kitchen Supply Store,58daa1558bbb0b01f18ec1b4,360,Hachiōji,35.65583,139.32389,JP,2017-12-02 02:57:00
2018_1909373,109621,4363,35.642596784379705,139.28792693622634,ペットショップ ワンラブ イーアス高尾店,東浅川町550-1,Pet Store,4bf58dd8d48988d100951735,1,Hachiōji,35.65583,139.32389,JP,2017-12-02 03:10:00
2018_1909374,109621,3812,35.64055538316099,139.33283828433653,竜泉寺の湯 八王子みなみ野店,片倉町3505,Spa,4bf58dd8d48988d1ed941735,177,Hachiōji,35.65583,139.32389,JP,2017-12-08 22:44:00
2018_1909374,109621,4535,35.63769955425934,139.30606101812623,トレジャーファクトリー,椚田町553-17,Thrift / Vintage Store,4bf58dd8d48988d101951735,2,Hachiōji,35.65583,139.32389,JP,2017-12-09 01:33:00
2018_1909374,109621,4547,35.643314970503916,139.29000556468964,ミカヅキモモコ,東浅川町550-1,Discount Store,52dea92d3cf9994f4e043dbb,265,Hachiōji,35.65583,139.32389,JP,2017-12-09 02:36:00
2018_1909374,109621,4365,35.643142,139.289855,牛角次男坊,東浅川町550-1,BBQ Joint,4bf58dd8d48988d1df931735,164,Hachiōji,35.65583,139.32389,JP,2017-12-09 03:17:00
2018_1909374,109621,1883,35.66279,139.35257,BOOKOFF 八王子大和田店,大和田町5-1-21,Used Bookstore,52f2ab2ebcbc57f1066b8b30,302,Hachiōji,35.65583,139.32389,JP,2017-12-09 07:32:00
2018_1909375,109621,3941,35.6384760520321,139.3090894818306,ピザーラ めじろ台店,椚田町592-9,Pizza Place,4bf58dd8d48988d1ca941735,153,Hachiōji,35.65583,139.32389,JP,2017-12-16 01:21:00
2018_1909375,109621,1899,35.64317202680001,139.30749493897585,スリーエフ 京王めじろ台駅前店,めじろ台2-1,Convenience Store,4d954b0ea243a5684a65b473,215,Hachiōji,35.65583,139.32389,JP,2017-12-16 01:42:00
2018_1909375,109621,2475,35.64342461981633,139.30757171013735,めじろ台駅バス停,めじろ台,Bus Station,4bf58dd8d48988d1fe931735,201,Hachiōji,35.65583,139.32389,JP,2017-12-16 01:44:00
2018_1909375,109621,4516,35.666532426383526,139.3098619580269,ローソン・スリーエフ 八王子横川町店,横川町108-20,Convenience Store,4d954b0ea243a5684a65b473,215,Hachiōji,35.65583,139.32389,JP,2017-12-16 09:14:00
2018_1909376,109621,4369,35.64374219549815,139.28987681865692,タオル美術館 イーアス高尾店,東浅川町550-1,Fabric Shop,52f2ab2ebcbc57f1066b8b26,301,Hachiōji,35.65583,139.32389,JP,2017-12-23 02:21:00
2018_1909376,109621,4331,35.643640349308086,139.29002071020653,トイザらス・ベビーザらス,東浅川町550-1,Toy / Game Store,4bf58dd8d48988d1f3941735,184,Hachiōji,35.65583,139.32389,JP,2017-12-23 02:26:00
2018_1909376,109621,4355,35.642832813811474,139.28772032260892,ニトリ,東浅川町550-1,Furniture / Home Store,4bf58dd8d48988d1f8941735,191,Hachiōji,35.65583,139.32389,JP,2017-12-23 03:29:00
2018_1909377,109621,2475,35.64342461981633,139.30757171013735,めじろ台駅バス停,めじろ台,Bus Station,4bf58dd8d48988d1fe931735,201,Hachiōji,35.65583,139.32389,JP,2017-12-24 02:00:00
2018_1909377,109621,3444,35.657671,139.341356,PiaPia,東町1-1,Italian Restaurant,4bf58dd8d48988d110941735,21,Hachiōji,35.65583,139.32389,JP,2017-12-24 02:33:00
2018_1909378,109621,4230,35.642822,139.289156,イーアス高尾,東浅川町550-1,Shopping Mall,4bf58dd8d48988d1fd941735,200,Hachiōji,35.65583,139.32389,JP,2017-12-30 02:25:00
2018_1909378,109621,4360,35.6431963682711,139.289944953704,はなまるうどん,東浅川町550-1,Udon Restaurant,55a59bace4b013909087cb2a,337,Hachiōji,35.65583,139.32389,JP,2017-12-30 03:16:00
2018_1909378,109621,4355,35.642832813811474,139.28772032260892,ニトリ,東浅川町550-1,Furniture / Home Store,4bf58dd8d48988d1f8941735,191,Hachiōji,35.65583,139.32389,JP,2017-12-30 03:45:00
2018_1909379,109621,4563,35.643,139.30751,ローソン・スリーエフ 京王めじろ台駅前店,めじろ台2-1,Convenience Store,4d954b0ea243a5684a65b473,215,Hachiōji,35.65583,139.32389,JP,2018-01-01 04:26:00
2018_1909379,109621,4512,35.590455687601654,139.2287676397774,ファミリーマート 津久井三ヶ木店,緑区三ヶ木1593-1,Convenience Store,4d954b0ea243a5684a65b473,215,Hachiōji,35.65583,139.32389,JP,2018-01-01 06:08:00
2018_1909379,109621,4483,35.5430495475839,139.2178296525124,ファミリーマート 津久井宮が瀬店,緑区鳥屋1402-1,Convenience Store,4d954b0ea243a5684a65b473,215,Hachiōji,35.65583,139.32389,JP,2018-01-01 06:58:00
2018_1909379,109621,1407,35.55505789228243,139.34565271231682,サークルK 相模原田名豊原店,中央区田名4101-2,Convenience Store,4d954b0ea243a5684a65b473,215,Hachiōji,35.65583,139.32389,JP,2018-01-01 07:41:00
2018_1909382,109621,3144,35.645040584806445,139.35484243951356,サンクス 北野駅北口店,打越町344-11,Convenience Store,4d954b0ea243a5684a65b473,215,Hachiōji,35.65583,139.32389,JP,2018-01-18 10:23:00
2018_1909382,109621,3864,35.64490353840078,139.35218453407288,サンクス 北野駅南口店,打越町2003-1,Convenience Store,4d954b0ea243a5684a65b473,215,Hachiōji,35.65583,139.32389,JP,2018-01-18 10:33:00
2018_1909383,109621,4563,35.643,139.30751,ローソン・スリーエフ 京王めじろ台駅前店,めじろ台2-1,Convenience Store,4d954b0ea243a5684a65b473,215,Hachiōji,35.65583,139.32389,JP,2018-01-26 23:41:00
2018_1909383,109621,524,35.64349934039391,139.30801760330772,めじろ台駅 (KO50),めじろ台1-100-1,Train Station,4bf58dd8d48988d129951735,59,Hachiōji,35.65583,139.32389,JP,2018-01-26 23:45:00
2018_1909383,109621,3712,35.635779959185044,139.2701344192028,ファミリーマート 八王子高尾町店,高尾町1819-1,Convenience Store,4d954b0ea243a5684a65b473,215,Hachiōji,35.65583,139.32389,JP,2018-01-27 01:37:00
2018_1909383,109621,4582,35.635135787060975,139.27026718854904,セブンイレブン 高尾山インター店,高尾町1806-1,Convenience Store,4d954b0ea243a5684a65b473,215,Hachiōji,35.65583,139.32389,JP,2018-01-27 01:51:00
2018_1909384,109621,4239,35.681263251820646,139.3059365451336,ファミリーマート 八王子楢原町店,楢原町445-1,Convenience Store,4d954b0ea243a5684a65b473,215,Hachiōji,35.65583,139.32389,JP,2018-02-03 06:07:00
2018_1909384,109621,1514,35.625783804489494,139.31934140630187,サンクス 八王子七国五丁目店,七国5-1-1,Convenience Store,4d954b0ea243a5684a65b473,215,Hachiōji,35.65583,139.32389,JP,2018-02-03 10:47:00
2018_1909385,109621,2955,35.63193,139.26921,京王高尾山温泉 極楽湯,高尾町2229-7,Hot Spring,4bf58dd8d48988d160941735,92,Hachiōji,35.65583,139.32389,JP,2018-02-04 10:08:00
2018_1909385,109621,4275,35.63206946328291,139.26925507965856,お食事処,高尾町2229-7,Snack Place,4bf58dd8d48988d1c7941735,151,Hachiōji,35.65583,139.32389,JP,2018-02-04 11:44:00
2018_1909386,109621,4563,35.643,139.30751,ローソン・スリーエフ 京王めじろ台駅前店,めじろ台2-1,Convenience Store,4d954b0ea243a5684a65b473,215,Hachiōji,35.65583,139.32389,JP,2018-02-10 01:58:00
2018_1909386,109621,4586,35.665165274008814,139.34713976453668,ローソン 八王子大和田町六丁目店,大和田町6‐5‐13,Convenience Store,4d954b0ea243a5684a65b473,215,Hachiōji,35.65583,139.32389,JP,2018-02-10 05:46:00
2018_1909388,109621,644,,,,,Train Station,4bf58dd8d48988d129951735,59,Hachiōji,35.65583,139.32389,JP,2018-02-12 00:48:00
2018_1909388,109621,125,35.638242079798744,139.3062875798874,ドン・キホーテ,椚田町586-22,Discount Store,52dea92d3cf9994f4e043dbb,265,Hachiōji,35.65583,139.32389,JP,2018-02-12 05:22:00
2018_1909389,109621,1852,35.69789145551914,139.32417690753937,ファミリーマート 八王子丹木町店,丹木町3-92-5,Convenience Store,4d954b0ea243a5684a65b473,215,Fussa,35.73667,139.32361,JP,2018-02-18 04:47:00
2018_1909389,109621,2541,35.75425285091452,139.469430737523,サークルK 東村山本町店,本町4-6-2,Convenience Store,4d954b0ea243a5684a65b473,215,Higashimurayama,35.75459,139.46852,JP,2018-02-18 07:12:00
2018_1909390,109621,4360,35.6431963682711,139.289944953704,はなまるうどん,東浅川町550-1,Udon Restaurant,55a59bace4b013909087cb2a,337,Hachiōji,35.65583,139.32389,JP,2018-02-24 03:00:00
2018_1909390,109621,789,35.656764486459984,139.31417226791382,ローソン 西八王子駅前店,台町4-45-8,Convenience Store,4d954b0ea243a5684a65b473,215,Hachiōji,35.65583,139.32389,JP,2018-02-24 05:01:00
2018_1909390,109621,1984,35.65939054708552,139.34280081544563,サンクス 八王子明神町店,明神町4-2-11,Convenience Store,4d954b0ea243a5684a65b473,215,Hachiōji,35.65583,139.32389,JP,2018-02-24 05:44:00
2018_1909390,109621,4601,35.652276756654025,139.33317840099335,ファミリーマート 八王子万町店,万町98-5,Convenience Store,4d954b0ea243a5684a65b473,215,Hachiōji,35.65583,139.32389,JP,2018-02-24 06:20:00
2018_1909390,109621,4282,35.629942430693625,139.31481097498965,ロピア 八王子みなみ野店,大船町1009,Supermarket,52f2ab2ebcbc57f1066b8b46,309,Hachiōji,35.65583,139.32389,JP,2018-02-24 10:34:00
2018_1909394,109621,4230,35.642822,139.289156,イーアス高尾,東浅川町550-1,Shopping Mall,4bf58dd8d48988d1fd941735,200,Hachiōji,35.65583,139.32389,JP,2018-04-14 02:00:00
2018_1909394,109621,4627,35.64285,139.28804,そよかぜ広場,東浅川町550-1,Event Space,4bf58dd8d48988d171941735,105,Hachiōji,35.65583,139.32389,JP,2018-04-14 03:21:00
2018_1909395,109621,436,35.645005262815594,139.35448413529116,マクドナルド,北野町545-3,Fast Food Restaurant,4bf58dd8d48988d16e941735,104,Hachiōji,35.65583,139.32389,JP,2018-04-19 10:18:00
2018_1909395,109621,3864,35.64490353840078,139.35218453407288,サンクス 北野駅南口店,打越町2003-1,Convenience Store,4d954b0ea243a5684a65b473,215,Hachiōji,35.65583,139.32389,JP,2018-04-19 10:25:00
2018_1909395,109621,2062,35.63765053585985,139.30580914020535,ファミリーマート 秀栄高専通り店,椚田町553-15,Convenience Store,4d954b0ea243a5684a65b473,215,Hachiōji,35.65583,139.32389,JP,2018-04-19 11:13:00
2018_1909396,109621,4230,35.642822,139.289156,イーアス高尾,東浅川町550-1,Shopping Mall,4bf58dd8d48988d1fd941735,200,Hachiōji,35.65583,139.32389,JP,2018-04-21 02:21:00
2018_1909396,109621,4640,35.643463,139.28906,ヴィレッジヴァンガード lite,東浅川町550-1,Hobby Shop,4bf58dd8d48988d1fb941735,197,Hachiōji,35.65583,139.32389,JP,2018-04-21 02:35:00
2018_1909397,109621,47,35.732164523906796,139.4709991815311,サークルK 小平小川町二丁目店,小川町2-1956-1,Convenience Store,4d954b0ea243a5684a65b473,215,Higashimurayama,35.75459,139.46852,JP,2018-04-29 08:12:00
2018_1909397,109621,2541,35.75425285091452,139.469430737523,サークルK 東村山本町店,本町4-6-2,Convenience Store,4d954b0ea243a5684a65b473,215,Higashimurayama,35.75459,139.46852,JP,2018-04-29 08:34:00
2018_1959234,113499,1346,35.67311845359895,139.32577657808363,スーパーアルプス 中野店,中野山王1-26−7,Supermarket,52f2ab2ebcbc57f1066b8b46,309,Hachiōji,35.65583,139.32389,JP,2017-11-25 01:07:00
2018_1959234,113499,2157,35.66054001230958,139.3291513115627,八王子エルシィ,八日町6-7,Event Space,4bf58dd8d48988d171941735,105,Hachiōji,35.65583,139.32389,JP,2017-11-25 03:34:00
2018_1959234,113499,1365,35.65979500631383,139.33410417965294,横山町公園 野外ステージ,横山町10,Park,4bf58dd8d48988d163941735,95,Hachiōji,35.65583,139.32389,JP,2017-11-25 08:08:00
2018_1959234,113499,1244,35.646312699678006,139.2978284692114,ステーキのどん,東浅川町506-3,Steakhouse,4bf58dd8d48988d1cc941735,154,Hachiōji,35.65583,139.32389,JP,2017-11-25 11:11:00
2018_1959235,113499,1365,35.65979500631383,139.33410417965294,横山町公園 野外ステージ,横山町10,Park,4bf58dd8d48988d163941735,95,Hachiōji,35.65583,139.32389,JP,2017-12-02 14:03:00
2018_1959235,113499,1391,35.65424942932916,139.33916442188638,八王子駅南口バスターミナル,子安町4,Bus Station,4bf58dd8d48988d1fe931735,201,Hachiōji,35.65583,139.32389,JP,2017-12-02 14:19:00
2018_1959235,113499,1701,35.672741942299695,139.3412733078003,ひよどり山トンネル,左入町 / 大和田町,Tunnel,52f2ab2ebcbc57f1066b8b4a,310,Hachiōji,35.65583,139.32389,JP,2017-12-03 21:02:00
2018_1959235,113499,2,35.65561,139.3389,八王子駅 (Hachiōji Sta.),旭町1-1,Train Station,4bf58dd8d48988d129951735,59,Hachiōji,35.65583,139.32389,JP,2017-12-03 21:08:00
2018_1959235,113499,1365,35.65979500631383,139.33410417965294,横山町公園 野外ステージ,横山町10,Park,4bf58dd8d48988d163941735,95,Hachiōji,35.65583,139.32389,JP,2017-12-03 21:20:00
2018_1959236,113499,1738,35.65446305101585,139.33759331703186,J:COMホール八王子 (J:COM Hall Hachioji),子安町4-7-1,Concert Hall,5032792091d4c4b30a586d5c,247,Hachiōji,35.65583,139.32389,JP,2018-01-29 09:17:00
2018_1959236,113499,1365,35.65979500631383,139.33410417965294,横山町公園 野外ステージ,横山町10,Park,4bf58dd8d48988d163941735,95,Hachiōji,35.65583,139.32389,JP,2018-01-29 09:44:00
2018_1959238,113499,136,35.65794960323767,139.33843275051987,ゲームプラザセントラル 八王子店,東町12-15,Arcade,4bf58dd8d48988d1e1931735,167,Hachiōji,35.65583,139.32389,JP,2018-02-28 10:33:00
2018_1959238,113499,4285,35.680058,139.280263,ジョイフル,大楽寺町128-1,Restaurant,4bf58dd8d48988d1c4941735,149,Hachiōji,35.65583,139.32389,JP,2018-02-28 12:26:00
2018_1959240,113499,1391,35.65424942932916,139.33916442188638,八王子駅南口バスターミナル,子安町4,Bus Station,4bf58dd8d48988d1fe931735,201,Hachiōji,35.65583,139.32389,JP,2018-03-30 09:28:00
2018_1959240,113499,1365,35.65979500631383,139.33410417965294,横山町公園 野外ステージ,横山町10,Park,4bf58dd8d48988d163941735,95,Hachiōji,35.65583,139.32389,JP,2018-03-30 10:07:00
2018_1959242,113499,2,35.65561,139.3389,八王子駅 (Hachiōji Sta.),旭町1-1,Train Station,4bf58dd8d48988d129951735,59,Hachiōji,35.65583,139.32389,JP,2018-04-03 09:42:00
2018_1959242,113499,1365,35.65979500631383,139.33410417965294,横山町公園 野外ステージ,横山町10,Park,4bf58dd8d48988d163941735,95,Hachiōji,35.65583,139.32389,JP,2018-04-03 10:07:00
2018_1959243,113499,2,35.65561,139.3389,八王子駅 (Hachiōji Sta.),旭町1-1,Train Station,4bf58dd8d48988d129951735,59,Hachiōji,35.65583,139.32389,JP,2018-04-05 10:50:00
2018_1959243,113499,1365,35.65979500631383,139.33410417965294,横山町公園 野外ステージ,横山町10,Park,4bf58dd8d48988d163941735,95,Hachiōji,35.65583,139.32389,JP,2018-04-05 11:07:00
2018_1959244,113499,136,35.65794960323767,139.33843275051987,ゲームプラザセントラル 八王子店,東町12-15,Arcade,4bf58dd8d48988d1e1931735,167,Hachiōji,35.65583,139.32389,JP,2018-04-07 13:48:00
2018_1959244,113499,1365,35.65979500631383,139.33410417965294,横山町公園 野外ステージ,横山町10,Park,4bf58dd8d48988d163941735,95,Hachiōji,35.65583,139.32389,JP,2018-04-07 14:32:00
2018_1959247,113499,2027,35.68433291618956,139.28060766755274,東京天使病院,上壱分方町50-1,Hospital,4bf58dd8d48988d196941735,129,Hachiōji,35.65583,139.32389,JP,2018-05-12 07:10:00
2018_1959247,113499,1365,35.65979500631383,139.33410417965294,横山町公園 野外ステージ,横山町10,Park,4bf58dd8d48988d163941735,95,Hachiōji,35.65583,139.32389,JP,2018-05-12 08:58:00
2018_1959248,113499,1365,35.65979500631383,139.33410417965294,横山町公園 野外ステージ,横山町10,Park,4bf58dd8d48988d163941735,95,Hachiōji,35.65583,139.32389,JP,2018-05-13 13:26:00
2018_1959248,113499,83,35.73477061492302,139.27481174119748,イオンモール日の出,平井237-3,Shopping Mall,4bf58dd8d48988d1fd941735,200,Fussa,35.73667,139.32361,JP,2018-06-02 11:31:00
2018_1959249,113499,1346,35.67311845359895,139.32577657808363,スーパーアルプス 中野店,中野山王1-26−7,Supermarket,52f2ab2ebcbc57f1066b8b46,309,Hachiōji,35.65583,139.32389,JP,2018-06-09 11:10:00
2018_1959249,113499,1365,35.65979500631383,139.33410417965294,横山町公園 野外ステージ,横山町10,Park,4bf58dd8d48988d163941735,95,Hachiōji,35.65583,139.32389,JP,2018-06-09 15:07:00
2018_1959250,113499,1855,35.65692973600691,139.33658656438345,Hachioji RIPS,三崎町2-7,Rock Club,4bf58dd8d48988d1e9931735,175,Hachiōji,35.65583,139.32389,JP,2018-06-14 09:42:00
2018_1959250,113499,1365,35.65979500631383,139.33410417965294,横山町公園 野外ステージ,横山町10,Park,4bf58dd8d48988d163941735,95,Hachiōji,35.65583,139.32389,JP,2018-06-14 14:37:00
2018_1959251,113499,3582,35.657798993866564,139.33372020721436,家系ラーメン まるに家,寺町49-3,Ramen Restaurant,55a59bace4b013909087cb24,335,Hachiōji,35.65583,139.32389,JP,2018-06-15 10:23:00
2018_1959251,113499,1365,35.65979500631383,139.33410417965294,横山町公園 野外ステージ,横山町10,Park,4bf58dd8d48988d163941735,95,Hachiōji,35.65583,139.32389,JP,2018-06-15 10:40:00
2018_1959253,113499,2,35.65561,139.3389,八王子駅 (Hachiōji Sta.),旭町1-1,Train Station,4bf58dd8d48988d129951735,59,Hachiōji,35.65583,139.32389,JP,2018-06-17 15:00:00
2018_1959253,113499,1365,35.65979500631383,139.33410417965294,横山町公園 野外ステージ,横山町10,Park,4bf58dd8d48988d163941735,95,Hachiōji,35.65583,139.32389,JP,2018-06-17 15:07:00
2018_1959254,113499,1391,35.65424942932916,139.33916442188638,八王子駅南口バスターミナル,子安町4,Bus Station,4bf58dd8d48988d1fe931735,201,Hachiōji,35.65583,139.32389,JP,2018-06-22 21:45:00
2018_1959254,113499,1855,35.65692973600691,139.33658656438345,Hachioji RIPS,三崎町2-7,Rock Club,4bf58dd8d48988d1e9931735,175,Hachiōji,35.65583,139.32389,JP,2018-06-23 09:10:00
2018_1959254,113499,3783,35.655146,139.328021,しゃぶ葉,上野町17-10,Buffet,52e81612bcbc57f1066b79f4,272,Hachiōji,35.65583,139.32389,JP,2018-06-23 11:36:00
2018_1959257,113499,38,35.64444469921653,139.35434304296533,北野駅 (Kitano Sta.) (KO33),打越町335-1,Train Station,4bf58dd8d48988d129951735,59,Hachiōji,35.65583,139.32389,JP,2018-07-24 14:24:00
2018_1959257,113499,1365,35.65979500631383,139.33410417965294,横山町公園 野外ステージ,横山町10,Park,4bf58dd8d48988d163941735,95,Hachiōji,35.65583,139.32389,JP,2018-07-24 14:47:00
2018_1959258,113499,1346,35.67311845359895,139.32577657808363,スーパーアルプス 中野店,中野山王1-26−7,Supermarket,52f2ab2ebcbc57f1066b8b46,309,Hachiōji,35.65583,139.32389,JP,2018-08-05 06:28:00
2018_1959258,113499,868,35.65687391348706,139.3392545475327,八王子駅北口バスターミナル,旭町1-1,Bus Station,4bf58dd8d48988d1fe931735,201,Hachiōji,35.65583,139.32389,JP,2018-08-05 14:16:00
2018_1959258,113499,1365,35.65979500631383,139.33410417965294,横山町公園 野外ステージ,横山町10,Park,4bf58dd8d48988d163941735,95,Hachiōji,35.65583,139.32389,JP,2018-08-05 14:21:00
2018_1959265,113499,1365,35.65979500631383,139.33410417965294,横山町公園 野外ステージ,横山町10,Park,4bf58dd8d48988d163941735,95,Hachiōji,35.65583,139.32389,JP,2018-10-07 14:24:00
2018_1959265,113499,2781,35.6431475689339,139.32050052093265,鶏料理の店ぽんた,小比企町543-8,Japanese Restaurant,4bf58dd8d48988d111941735,23,Hachiōji,35.65583,139.32389,JP,2018-10-07 14:40:00
2018_1959266,113499,1365,35.65979500631383,139.33410417965294,横山町公園 野外ステージ,横山町10,Park,4bf58dd8d48988d163941735,95,Hachiōji,35.65583,139.32389,JP,2018-10-13 03:45:00
2018_1959266,113499,1365,35.65979500631383,139.33410417965294,横山町公園 野外ステージ,横山町10,Park,4bf58dd8d48988d163941735,95,Hachiōji,35.65583,139.32389,JP,2018-10-13 17:28:00
2018_1959266,113499,1365,35.65979500631383,139.33410417965294,横山町公園 野外ステージ,横山町10,Park,4bf58dd8d48988d163941735,95,Hachiōji,35.65583,139.32389,JP,2018-10-14 14:57:00
2018_1959267,113499,348,35.65667833771967,139.33898748596292,八王子駅 北口,旭町1-1,Train Station,4bf58dd8d48988d129951735,59,Hachiōji,35.65583,139.32389,JP,2018-10-17 11:22:00
2018_1959267,113499,1365,35.65979500631383,139.33410417965294,横山町公園 野外ステージ,横山町10,Park,4bf58dd8d48988d163941735,95,Hachiōji,35.65583,139.32389,JP,2018-10-17 12:08:00
2018_1959268,113499,2,35.65561,139.3389,八王子駅 (Hachiōji Sta.),旭町1-1,Train Station,4bf58dd8d48988d129951735,59,Hachiōji,35.65583,139.32389,JP,2018-10-18 10:19:00
2018_1959268,113499,1365,35.65979500631383,139.33410417965294,横山町公園 野外ステージ,横山町10,Park,4bf58dd8d48988d163941735,95,Hachiōji,35.65583,139.32389,JP,2018-10-18 11:30:00
2018_2023457,119597,2,35.65561,139.3389,八王子駅 (Hachiōji Sta.),旭町1-1,Train Station,4bf58dd8d48988d129951735,59,Hachiōji,35.65583,139.32389,JP,2017-10-07 23:46:00
2018_2023457,119597,16,35.760334,139.533996,東久留米駅 (Higashi-Kurume Sta.)(SI14),東本町1-8,Train Station,4bf58dd8d48988d129951735,59,Higashimurayama,35.75459,139.46852,JP,2017-10-08 02:53:00
2018_2023458,119597,2,35.65561,139.3389,八王子駅 (Hachiōji Sta.),旭町1-1,Train Station,4bf58dd8d48988d129951735,59,Hachiōji,35.65583,139.32389,JP,2017-10-10 20:27:00
2018_2023458,119597,23,35.77209985763748,139.51989769935608,清瀬駅 (Kiyose Sta.)(SI15),元町1-2-4,Train Station,4bf58dd8d48988d129951735,59,Higashimurayama,35.75459,139.46852,JP,2017-10-11 08:05:00
2018_2023458,119597,3,35.65808032639735,139.34275103595496,京王八王子駅 (Keiō-hachiōji Sta.),明神町3-27-1,Train Station,4bf58dd8d48988d129951735,59,Hachiōji,35.65583,139.32389,JP,2017-10-11 11:15:00
2018_2023460,119597,23,35.77209985763748,139.51989769935608,清瀬駅 (Kiyose Sta.)(SI15),元町1-2-4,Train Station,4bf58dd8d48988d129951735,59,Higashimurayama,35.75459,139.46852,JP,2017-10-15 03:28:00
2018_2023460,119597,2,35.65561,139.3389,八王子駅 (Hachiōji Sta.),旭町1-1,Train Station,4bf58dd8d48988d129951735,59,Hachiōji,35.65583,139.32389,JP,2017-10-15 06:06:00
2018_2023460,119597,2050,35.658384,139.339668,すき家,東町5-5,Donburi Restaurant,55a59bace4b013909087cb0c,331,Hachiōji,35.65583,139.32389,JP,2017-10-15 08:37:00
2018_2023466,119597,170,35.65675124866591,139.31254565812011,西八王子駅 (Nishi-Hachiōji Sta.) (JC23),千人町2-21-1,Train Station,4bf58dd8d48988d129951735,59,Hachiōji,35.65583,139.32389,JP,2017-11-04 23:10:00
2018_2023466,119597,44,35.77130771454727,139.34668064117432,箱根ヶ崎駅 (Hakonegasaki Sta.),箱根ケ崎397,Train Station,4bf58dd8d48988d129951735,59,Fussa,35.73667,139.32361,JP,2017-11-04 23:59:00
2018_2023466,119597,3,35.65808032639735,139.34275103595496,京王八王子駅 (Keiō-hachiōji Sta.),明神町3-27-1,Train Station,4bf58dd8d48988d129951735,59,Hachiōji,35.65583,139.32389,JP,2017-11-05 06:59:00
2018_2023469,119597,524,35.64349934039391,139.30801760330772,めじろ台駅 (KO50),めじろ台1-100-1,Train Station,4bf58dd8d48988d129951735,59,Hachiōji,35.65583,139.32389,JP,2017-11-13 22:01:00
2018_2023469,119597,3,35.65808032639735,139.34275103595496,京王八王子駅 (Keiō-hachiōji Sta.),明神町3-27-1,Train Station,4bf58dd8d48988d129951735,59,Hachiōji,35.65583,139.32389,JP,2017-11-13 22:15:00
2018_2023470,119597,300,35.676494,139.347835,八王子IC,宇津木町 287-1,Road,4bf58dd8d48988d1f9931735,192,Hachiōji,35.65583,139.32389,JP,2017-11-16 19:21:00
2018_2023470,119597,666,35.58590911892528,139.34491954511557,橋本五差路交差点,緑区西橋本,Intersection,52f2ab2ebcbc57f1066b8b4c,311,Hachiōji,35.65583,139.32389,JP,2017-11-17 09:52:00
2018_2023470,119597,691,35.60873969323888,139.34701196743418,はま寿司,小山ヶ丘6-4-4,Sushi Restaurant,4bf58dd8d48988d1d2941735,158,Hachiōji,35.65583,139.32389,JP,2017-11-17 10:12:00
2018_2023472,119597,300,35.676494,139.347835,八王子IC,宇津木町 287-1,Road,4bf58dd8d48988d1f9931735,192,Hachiōji,35.65583,139.32389,JP,2017-11-25 10:36:00
2018_2023472,119597,2,35.65561,139.3389,八王子駅 (Hachiōji Sta.),旭町1-1,Train Station,4bf58dd8d48988d129951735,59,Hachiōji,35.65583,139.32389,JP,2017-11-25 10:51:00
2018_2023473,119597,1012,35.6364720841922,139.31010603904724,ローソン めじろ台グリーンヒル通店,椚田町542-2,Convenience Store,4d954b0ea243a5684a65b473,215,Hachiōji,35.65583,139.32389,JP,2017-11-27 09:08:00
2018_2023473,119597,891,35.64069970319129,139.30848787210618,らーめん 善,めじろ台2-33-13,Ramen Restaurant,55a59bace4b013909087cb24,335,Hachiōji,35.65583,139.32389,JP,2017-11-27 09:19:00
2018_2023474,119597,2,35.65561,139.3389,八王子駅 (Hachiōji Sta.),旭町1-1,Train Station,4bf58dd8d48988d129951735,59,Hachiōji,35.65583,139.32389,JP,2017-11-28 08:50:00
2018_2023474,119597,1010,35.656979966607096,139.33761347459244,アニメイト,旭町6-6,Hobby Shop,4bf58dd8d48988d1fb941735,197,Hachiōji,35.65583,139.32389,JP,2017-11-28 08:56:00
2018_2023479,119597,25,35.631220779039005,139.33104367558497,八王子みなみ野駅 (Hachiōjiminamino Sta.),みなみ野1-1-1,Train Station,4bf58dd8d48988d129951735,59,Hachiōji,35.65583,139.32389,JP,2017-12-13 05:32:00
2018_2023479,119597,2,35.65561,139.3389,八王子駅 (Hachiōji Sta.),旭町1-1,Train Station,4bf58dd8d48988d129951735,59,Hachiōji,35.65583,139.32389,JP,2017-12-13 05:41:00
2018_2023481,119597,524,35.64349934039391,139.30801760330772,めじろ台駅 (KO50),めじろ台1-100-1,Train Station,4bf58dd8d48988d129951735,59,Hachiōji,35.65583,139.32389,JP,2017-12-17 04:10:00
2018_2023481,119597,3,35.65808032639735,139.34275103595496,京王八王子駅 (Keiō-hachiōji Sta.),明神町3-27-1,Train Station,4bf58dd8d48988d129951735,59,Hachiōji,35.65583,139.32389,JP,2017-12-17 06:10:00
2018_2023481,119597,2,35.65561,139.3389,八王子駅 (Hachiōji Sta.),旭町1-1,Train Station,4bf58dd8d48988d129951735,59,Hachiōji,35.65583,139.32389,JP,2017-12-17 11:05:00
2018_2023481,119597,1401,35.630872863578645,139.33755909599108,小川流,片倉町1919−7,Ramen Restaurant,55a59bace4b013909087cb24,335,Hachiōji,35.65583,139.32389,JP,2017-12-17 11:29:00
2018_2023484,119597,479,35.64481139856523,139.351537526809,スーパーオートバックス八王子,打越町2004-1,Automotive Shop,4bf58dd8d48988d124951735,52,Hachiōji,35.65583,139.32389,JP,2017-12-23 01:41:00
2018_2023484,119597,38,35.64444469921653,139.35434304296533,北野駅 (Kitano Sta.) (KO33),打越町335-1,Train Station,4bf58dd8d48988d129951735,59,Hachiōji,35.65583,139.32389,JP,2017-12-23 01:53:00
2018_2023484,119597,3,35.65808032639735,139.34275103595496,京王八王子駅 (Keiō-hachiōji Sta.),明神町3-27-1,Train Station,4bf58dd8d48988d129951735,59,Hachiōji,35.65583,139.32389,JP,2017-12-23 02:01:00
2018_2023484,119597,1010,35.656979966607096,139.33761347459244,アニメイト,旭町6-6,Hobby Shop,4bf58dd8d48988d1fb941735,197,Hachiōji,35.65583,139.32389,JP,2017-12-23 02:08:00
2018_2023484,119597,524,35.64349934039391,139.30801760330772,めじろ台駅 (KO50),めじろ台1-100-1,Train Station,4bf58dd8d48988d129951735,59,Hachiōji,35.65583,139.32389,JP,2017-12-23 07:43:00
2018_2023485,119597,25,35.631220779039005,139.33104367558497,八王子みなみ野駅 (Hachiōjiminamino Sta.),みなみ野1-1-1,Train Station,4bf58dd8d48988d129951735,59,Hachiōji,35.65583,139.32389,JP,2017-12-23 21:21:00
2018_2023485,119597,3456,35.626140439147946,139.3198918620132,みなみ野五丁目南バス停,みなみ野5,Bus Stop,52f2ab2ebcbc57f1066b8b4f,314,Hachiōji,35.65583,139.32389,JP,2017-12-24 10:20:00
2018_2023487,119597,524,35.64349934039391,139.30801760330772,めじろ台駅 (KO50),めじろ台1-100-1,Train Station,4bf58dd8d48988d129951735,59,Hachiōji,35.65583,139.32389,JP,2017-12-28 04:40:00
2018_2023487,119597,2,35.65561,139.3389,八王子駅 (Hachiōji Sta.),旭町1-1,Train Station,4bf58dd8d48988d129951735,59,Hachiōji,35.65583,139.32389,JP,2017-12-28 09:24:00
2018_2023491,119597,524,35.64349934039391,139.30801760330772,めじろ台駅 (KO50),めじろ台1-100-1,Train Station,4bf58dd8d48988d129951735,59,Hachiōji,35.65583,139.32389,JP,2018-01-06 01:36:00
2018_2023491,119597,691,35.60873969323888,139.34701196743418,はま寿司,小山ヶ丘6-4-4,Sushi Restaurant,4bf58dd8d48988d1d2941735,158,Hachiōji,35.65583,139.32389,JP,2018-01-06 09:17:00
2018_2023493,119597,25,35.631220779039005,139.33104367558497,八王子みなみ野駅 (Hachiōjiminamino Sta.),みなみ野1-1-1,Train Station,4bf58dd8d48988d129951735,59,Hachiōji,35.65583,139.32389,JP,2018-01-07 19:53:00
2018_2023493,119597,25,35.631220779039005,139.33104367558497,八王子みなみ野駅 (Hachiōjiminamino Sta.),みなみ野1-1-1,Train Station,4bf58dd8d48988d129951735,59,Hachiōji,35.65583,139.32389,JP,2018-01-08 09:55:00
2018_2023494,119597,524,35.64349934039391,139.30801760330772,めじろ台駅 (KO50),めじろ台1-100-1,Train Station,4bf58dd8d48988d129951735,59,Hachiōji,35.65583,139.32389,JP,2018-01-10 20:49:00
2018_2023494,119597,45,35.63988827560974,139.34153829340457,片倉駅 (Katakura Sta.),片倉町718,Train Station,4bf58dd8d48988d129951735,59,Hachiōji,35.65583,139.32389,JP,2018-01-11 09:39:00
2018_2023494,119597,66,35.644345047726546,139.3373552684496,京王片倉駅 (Keiō-katakura Sta.) (KO48),片倉町39-4,Train Station,4bf58dd8d48988d129951735,59,Hachiōji,35.65583,139.32389,JP,2018-01-11 09:47:00
2018_2023494,119597,524,35.64349934039391,139.30801760330772,めじろ台駅 (KO50),めじろ台1-100-1,Train Station,4bf58dd8d48988d129951735,59,Hachiōji,35.65583,139.32389,JP,2018-01-11 09:56:00
2018_2023495,119597,360,35.64386559919498,139.33133858980875,ESSO Express 八王子ニュータウンSS,小比企町1137,Gas Station,4bf58dd8d48988d113951735,28,Hachiōji,35.65583,139.32389,JP,2018-01-12 09:14:00
2018_2023495,119597,2,35.65561,139.3389,八王子駅 (Hachiōji Sta.),旭町1-1,Train Station,4bf58dd8d48988d129951735,59,Hachiōji,35.65583,139.32389,JP,2018-01-12 09:25:00
2018_2023498,119597,2,35.65561,139.3389,八王子駅 (Hachiōji Sta.),旭町1-1,Train Station,4bf58dd8d48988d129951735,59,Hachiōji,35.65583,139.32389,JP,2018-01-20 23:01:00
2018_2023498,119597,505,35.65797596948321,139.34283192900992,京王八王子ショッピングセンター,明神町3-27-1,Shopping Mall,4bf58dd8d48988d1fd941735,200,Hachiōji,35.65583,139.32389,JP,2018-01-21 07:56:00
2018_2023500,119597,524,35.64349934039391,139.30801760330772,めじろ台駅 (KO50),めじろ台1-100-1,Train Station,4bf58dd8d48988d129951735,59,Hachiōji,35.65583,139.32389,JP,2018-01-29 03:56:00
2018_2023500,119597,3,35.65808032639735,139.34275103595496,京王八王子駅 (Keiō-hachiōji Sta.),明神町3-27-1,Train Station,4bf58dd8d48988d129951735,59,Hachiōji,35.65583,139.32389,JP,2018-01-29 06:38:00
2018_2023503,119597,2,35.65561,139.3389,八王子駅 (Hachiōji Sta.),旭町1-1,Train Station,4bf58dd8d48988d129951735,59,Hachiōji,35.65583,139.32389,JP,2018-02-02 08:27:00
2018_2023503,119597,4059,35.657057490419966,139.33744579553604,餃子の王将,三崎町3-14,Dumpling Restaurant,4bf58dd8d48988d108941735,11,Hachiōji,35.65583,139.32389,JP,2018-02-02 09:30:00
2018_2118347,126183,2,35.65561,139.3389,八王子駅 (Hachiōji Sta.),旭町1-1,Train Station,4bf58dd8d48988d129951735,59,Hachiōji,35.65583,139.32389,JP,2017-10-11 09:20:00
2018_2118347,126183,4427,35.65711614012855,139.33554108206704,村田屋,,Ramen Restaurant,55a59bace4b013909087cb24,335,Hachiōji,35.65583,139.32389,JP,2017-10-11 09:57:00
2018_2118349,126183,1352,35.656466023188216,139.33855395573082,シルクハット 八王子店,旭町2-5,Arcade,4bf58dd8d48988d1e1931735,167,Hachiōji,35.65583,139.32389,JP,2017-10-16 09:00:00
2018_2118349,126183,4009,35.656298,139.339947,ドトールコーヒーショップ,旭町1-4,Coffee Shop,4bf58dd8d48988d1e0931735,166,Hachiōji,35.65583,139.32389,JP,2017-10-16 10:04:00
2018_2118350,126183,52,35.657336508660485,139.33794707922695,バーガーキング (Burger King),旭町8-2,Fast Food Restaurant,4bf58dd8d48988d16e941735,104,Hachiōji,35.65583,139.32389,JP,2017-10-27 04:03:00
2018_2118350,126183,2,35.65561,139.3389,八王子駅 (Hachiōji Sta.),旭町1-1,Train Station,4bf58dd8d48988d129951735,59,Hachiōji,35.65583,139.32389,JP,2017-10-27 04:15:00
2018_2118350,126183,16,35.760334,139.533996,東久留米駅 (Higashi-Kurume Sta.)(SI14),東本町1-8,Train Station,4bf58dd8d48988d129951735,59,Higashimurayama,35.75459,139.46852,JP,2017-10-27 05:22:00
2018_2118352,126183,3,35.65808032639735,139.34275103595496,京王八王子駅 (Keiō-hachiōji Sta.),明神町3-27-1,Train Station,4bf58dd8d48988d129951735,59,Hachiōji,35.65583,139.32389,JP,2017-11-04 07:54:00
2018_2118352,126183,416,35.658807960708316,139.33771926536835,らしんばん,中町2-1,Hobby Shop,4bf58dd8d48988d1fb941735,197,Hachiōji,35.65583,139.32389,JP,2017-11-04 08:39:00
2018_2118353,126183,2,35.65561,139.3389,八王子駅 (Hachiōji Sta.),旭町1-1,Train Station,4bf58dd8d48988d129951735,59,Hachiōji,35.65583,139.32389,JP,2017-11-10 12:48:00
2018_2118353,126183,3152,35.65656352155028,139.33652023910867,アニソンDJバー グリュック,三崎町1-6,Bar,4bf58dd8d48988d116941735,31,Hachiōji,35.65583,139.32389,JP,2017-11-10 13:43:00
2018_2118354,126183,3,35.65808032639735,139.34275103595496,京王八王子駅 (Keiō-hachiōji Sta.),明神町3-27-1,Train Station,4bf58dd8d48988d129951735,59,Hachiōji,35.65583,139.32389,JP,2017-11-16 14:40:00
2018_2118354,126183,3152,35.65656352155028,139.33652023910867,アニソンDJバー グリュック,三崎町1-6,Bar,4bf58dd8d48988d116941735,31,Hachiōji,35.65583,139.32389,JP,2017-11-16 15:08:00
2018_2118357,126183,2,35.65561,139.3389,八王子駅 (Hachiōji Sta.),旭町1-1,Train Station,4bf58dd8d48988d129951735,59,Hachiōji,35.65583,139.32389,JP,2017-11-21 08:30:00
2018_2118357,126183,2352,35.657759835621285,139.34109617249536,八王子田田,東町1-3,Ramen Restaurant,55a59bace4b013909087cb24,335,Hachiōji,35.65583,139.32389,JP,2017-11-21 09:13:00
2018_2118364,126183,2,35.65561,139.3389,八王子駅 (Hachiōji Sta.),旭町1-1,Train Station,4bf58dd8d48988d129951735,59,Hachiōji,35.65583,139.32389,JP,2017-12-19 10:44:00
2018_2118364,126183,1926,35.65757832757623,139.33645598595302,CHAI-YO,三崎町5-19,Thai Restaurant,4bf58dd8d48988d149941735,80,Hachiōji,35.65583,139.32389,JP,2017-12-19 11:50:00
2018_2118370,126183,3,35.65808032639735,139.34275103595496,京王八王子駅 (Keiō-hachiōji Sta.),明神町3-27-1,Train Station,4bf58dd8d48988d129951735,59,Hachiōji,35.65583,139.32389,JP,2018-01-09 07:38:00
2018_2118370,126183,416,35.658807960708316,139.33771926536835,らしんばん,中町2-1,Hobby Shop,4bf58dd8d48988d1fb941735,197,Hachiōji,35.65583,139.32389,JP,2018-01-09 07:51:00
2018_2118370,126183,1389,35.6568834657094,139.3380492925644,大戸屋,旭町6-10,Japanese Restaurant,4bf58dd8d48988d111941735,23,Hachiōji,35.65583,139.32389,JP,2018-01-09 08:12:00
2018_2118374,126183,416,35.658807960708316,139.33771926536835,らしんばん,中町2-1,Hobby Shop,4bf58dd8d48988d1fb941735,197,Hachiōji,35.65583,139.32389,JP,2018-01-16 09:16:00
2018_2118374,126183,4427,35.65711614012855,139.33554108206704,村田屋,,Ramen Restaurant,55a59bace4b013909087cb24,335,Hachiōji,35.65583,139.32389,JP,2018-01-16 10:38:00
2018_2118375,126183,2,35.65561,139.3389,八王子駅 (Hachiōji Sta.),旭町1-1,Train Station,4bf58dd8d48988d129951735,59,Hachiōji,35.65583,139.32389,JP,2018-01-17 13:30:00
2018_2118375,126183,3867,35.65722000426713,139.338597025999,居酒屋行くなら俺んち来い 八王子店,旭町6-13,Sake Bar,4bf58dd8d48988d11c941735,40,Hachiōji,35.65583,139.32389,JP,2018-01-17 13:55:00
2018_2118376,126183,3,35.65808032639735,139.34275103595496,京王八王子駅 (Keiō-hachiōji Sta.),明神町3-27-1,Train Station,4bf58dd8d48988d129951735,59,Hachiōji,35.65583,139.32389,JP,2018-01-20 10:19:00
2018_2118376,126183,416,35.658807960708316,139.33771926536835,らしんばん,中町2-1,Hobby Shop,4bf58dd8d48988d1fb941735,197,Hachiōji,35.65583,139.32389,JP,2018-01-20 10:31:00
2018_2118376,126183,2352,35.657759835621285,139.34109617249536,八王子田田,東町1-3,Ramen Restaurant,55a59bace4b013909087cb24,335,Hachiōji,35.65583,139.32389,JP,2018-01-20 10:59:00
2018_2118376,126183,1302,35.657951834557174,139.34234102562417,シャノアール 京王八王子店,明神町4-7-1,Café,4bf58dd8d48988d16d941735,103,Hachiōji,35.65583,139.32389,JP,2018-01-20 12:07:00
2018_2118377,126183,3,35.65808032639735,139.34275103595496,京王八王子駅 (Keiō-hachiōji Sta.),明神町3-27-1,Train Station,4bf58dd8d48988d129951735,59,Hachiōji,35.65583,139.32389,JP,2018-01-28 06:39:00
2018_2118377,126183,2,35.65561,139.3389,八王子駅 (Hachiōji Sta.),旭町1-1,Train Station,4bf58dd8d48988d129951735,59,Hachiōji,35.65583,139.32389,JP,2018-01-28 07:12:00
2018_2118377,126183,416,35.658807960708316,139.33771926536835,らしんばん,中町2-1,Hobby Shop,4bf58dd8d48988d1fb941735,197,Hachiōji,35.65583,139.32389,JP,2018-01-28 07:33:00
2018_2118378,126183,3,35.65808032639735,139.34275103595496,京王八王子駅 (Keiō-hachiōji Sta.),明神町3-27-1,Train Station,4bf58dd8d48988d129951735,59,Hachiōji,35.65583,139.32389,JP,2018-02-03 10:21:00
2018_2118378,126183,2,35.65561,139.3389,八王子駅 (Hachiōji Sta.),旭町1-1,Train Station,4bf58dd8d48988d129951735,59,Hachiōji,35.65583,139.32389,JP,2018-02-03 10:32:00
2018_2118378,126183,3152,35.65656352155028,139.33652023910867,アニソンDJバー グリュック,三崎町1-6,Bar,4bf58dd8d48988d116941735,31,Hachiōji,35.65583,139.32389,JP,2018-02-03 12:03:00
2018_2118381,126183,2,35.65561,139.3389,八王子駅 (Hachiōji Sta.),旭町1-1,Train Station,4bf58dd8d48988d129951735,59,Hachiōji,35.65583,139.32389,JP,2018-02-17 11:05:00
2018_2118381,126183,3152,35.65656352155028,139.33652023910867,アニソンDJバー グリュック,三崎町1-6,Bar,4bf58dd8d48988d116941735,31,Hachiōji,35.65583,139.32389,JP,2018-02-17 11:52:00
2018_2118382,126183,2,35.65561,139.3389,八王子駅 (Hachiōji Sta.),旭町1-1,Train Station,4bf58dd8d48988d129951735,59,Hachiōji,35.65583,139.32389,JP,2018-02-19 10:56:00
2018_2118382,126183,416,35.658807960708316,139.33771926536835,らしんばん,中町2-1,Hobby Shop,4bf58dd8d48988d1fb941735,197,Hachiōji,35.65583,139.32389,JP,2018-02-19 11:02:00
2018_2118382,126183,3582,35.657798993866564,139.33372020721436,家系ラーメン まるに家,寺町49-3,Ramen Restaurant,55a59bace4b013909087cb24,335,Hachiōji,35.65583,139.32389,JP,2018-02-19 11:26:00
2018_2118384,126183,3,35.65808032639735,139.34275103595496,京王八王子駅 (Keiō-hachiōji Sta.),明神町3-27-1,Train Station,4bf58dd8d48988d129951735,59,Hachiōji,35.65583,139.32389,JP,2018-03-02 10:45:00
2018_2118384,126183,416,35.658807960708316,139.33771926536835,らしんばん,中町2-1,Hobby Shop,4bf58dd8d48988d1fb941735,197,Hachiōji,35.65583,139.32389,JP,2018-03-02 10:54:00
2018_2118384,126183,3152,35.65656352155028,139.33652023910867,アニソンDJバー グリュック,三崎町1-6,Bar,4bf58dd8d48988d116941735,31,Hachiōji,35.65583,139.32389,JP,2018-03-02 12:47:00
2018_2118385,126183,416,35.658807960708316,139.33771926536835,らしんばん,中町2-1,Hobby Shop,4bf58dd8d48988d1fb941735,197,Hachiōji,35.65583,139.32389,JP,2018-03-03 08:31:00
2018_2118385,126183,1010,35.656979966607096,139.33761347459244,アニメイト,旭町6-6,Hobby Shop,4bf58dd8d48988d1fb941735,197,Hachiōji,35.65583,139.32389,JP,2018-03-03 08:54:00
2018_2118385,126183,3870,35.657628374597415,139.33690195798448,七輪焼肉 安安,三崎町4-9,BBQ Joint,4bf58dd8d48988d1df931735,164,Hachiōji,35.65583,139.32389,JP,2018-03-03 09:26:00
2018_2118385,126183,3152,35.65656352155028,139.33652023910867,アニソンDJバー グリュック,三崎町1-6,Bar,4bf58dd8d48988d116941735,31,Hachiōji,35.65583,139.32389,JP,2018-03-03 11:49:00
2018_2118387,126183,2,35.65561,139.3389,八王子駅 (Hachiōji Sta.),旭町1-1,Train Station,4bf58dd8d48988d129951735,59,Hachiōji,35.65583,139.32389,JP,2018-03-10 10:01:00
2018_2118387,126183,4517,35.657668,139.337639,中華食堂 一番館,旭町8-6,Chinese Restaurant,4bf58dd8d48988d145941735,76,Hachiōji,35.65583,139.32389,JP,2018-03-10 10:15:00
2018_2118387,126183,3152,35.65656352155028,139.33652023910867,アニソンDJバー グリュック,三崎町1-6,Bar,4bf58dd8d48988d116941735,31,Hachiōji,35.65583,139.32389,JP,2018-03-10 10:40:00
2018_2118389,126183,2,35.65561,139.3389,八王子駅 (Hachiōji Sta.),旭町1-1,Train Station,4bf58dd8d48988d129951735,59,Hachiōji,35.65583,139.32389,JP,2018-03-13 08:36:00
2018_2118389,126183,1374,35.6576950669999,139.33692678809166,薄利多賣半兵ヱ,三崎町4-9,Sake Bar,4bf58dd8d48988d11c941735,40,Hachiōji,35.65583,139.32389,JP,2018-03-13 09:08:00
2018_2118389,126183,3,35.65808032639735,139.34275103595496,京王八王子駅 (Keiō-hachiōji Sta.),明神町3-27-1,Train Station,4bf58dd8d48988d129951735,59,Hachiōji,35.65583,139.32389,JP,2018-03-13 14:48:00
2018_2118390,126183,2,35.65561,139.3389,八王子駅 (Hachiōji Sta.),旭町1-1,Train Station,4bf58dd8d48988d129951735,59,Hachiōji,35.65583,139.32389,JP,2018-03-16 07:47:00
2018_2118390,126183,3582,35.657798993866564,139.33372020721436,家系ラーメン まるに家,寺町49-3,Ramen Restaurant,55a59bace4b013909087cb24,335,Hachiōji,35.65583,139.32389,JP,2018-03-16 10:57:00
2018_2118390,126183,3152,35.65656352155028,139.33652023910867,アニソンDJバー グリュック,三崎町1-6,Bar,4bf58dd8d48988d116941735,31,Hachiōji,35.65583,139.32389,JP,2018-03-16 11:35:00
2018_2118392,126183,2,35.65561,139.3389,八王子駅 (Hachiōji Sta.),旭町1-1,Train Station,4bf58dd8d48988d129951735,59,Hachiōji,35.65583,139.32389,JP,2018-03-24 22:46:00
2018_2118392,126183,2,35.65561,139.3389,八王子駅 (Hachiōji Sta.),旭町1-1,Train Station,4bf58dd8d48988d129951735,59,Hachiōji,35.65583,139.32389,JP,2018-03-25 04:25:00
2018_2118392,126183,24,35.656801,139.338424,はなまるうどん,旭町2-12,Udon Restaurant,55a59bace4b013909087cb2a,337,Hachiōji,35.65583,139.32389,JP,2018-03-25 04:40:00
2018_2118393,126183,3,35.65808032639735,139.34275103595496,京王八王子駅 (Keiō-hachiōji Sta.),明神町3-27-1,Train Station,4bf58dd8d48988d129951735,59,Hachiōji,35.65583,139.32389,JP,2018-03-25 13:37:00
2018_2118393,126183,524,35.64349934039391,139.30801760330772,めじろ台駅 (KO50),めじろ台1-100-1,Train Station,4bf58dd8d48988d129951735,59,Hachiōji,35.65583,139.32389,JP,2018-03-25 14:08:00
2018_2118404,126183,2,35.65561,139.3389,八王子駅 (Hachiōji Sta.),旭町1-1,Train Station,4bf58dd8d48988d129951735,59,Hachiōji,35.65583,139.32389,JP,2018-05-04 11:46:00
2018_2118404,126183,3152,35.65656352155028,139.33652023910867,アニソンDJバー グリュック,三崎町1-6,Bar,4bf58dd8d48988d116941735,31,Hachiōji,35.65583,139.32389,JP,2018-05-04 12:00:00
2018_2118405,126183,4517,35.657668,139.337639,中華食堂 一番館,旭町8-6,Chinese Restaurant,4bf58dd8d48988d145941735,76,Hachiōji,35.65583,139.32389,JP,2018-05-05 10:15:00
2018_2118405,126183,3152,35.65656352155028,139.33652023910867,アニソンDJバー グリュック,三崎町1-6,Bar,4bf58dd8d48988d116941735,31,Hachiōji,35.65583,139.32389,JP,2018-05-05 11:48:00
2018_2118407,126183,1239,35.63271436685304,139.31268109864962,ウエルシア,椚田町72-1,Drugstore,5745c2e4498e11e7bccabdbd,358,Hachiōji,35.65583,139.32389,JP,2018-05-14 08:16:00
2018_2118407,126183,67,35.654430683201724,139.33373831212518,壱発ラーメン,万町19-1,Ramen Restaurant,55a59bace4b013909087cb24,335,Hachiōji,35.65583,139.32389,JP,2018-05-14 11:15:00
2018_2118407,126183,4579,35.50352302442645,139.2565196054316,土山峠 バス停,,Bus Stop,52f2ab2ebcbc57f1066b8b4f,314,Hachiōji,35.65583,139.32389,JP,2018-05-14 16:02:00
2018_2118411,126183,2505,35.623366,139.262967,高尾山IC,南浅川町,Road,4bf58dd8d48988d1f9931735,192,Hachiōji,35.65583,139.32389,JP,2018-05-22 08:58:00
2018_2118411,126183,4107,35.613842640172194,139.29662443228077,セブンイレブン 法政大学多摩キャンパス店,相原町4342-13,Convenience Store,4d954b0ea243a5684a65b473,215,Hachiōji,35.65583,139.32389,JP,2018-05-22 09:17:00
2018_2118423,126183,2569,35.58975370633101,139.30810191704714,ENEOS Dr. Drive城山店,緑区向原4丁目1-21,Gas Station,4bf58dd8d48988d113951735,28,Hachiōji,35.65583,139.32389,JP,2018-07-15 10:01:00
2018_2118423,126183,2505,35.623366,139.262967,高尾山IC,南浅川町,Road,4bf58dd8d48988d1f9931735,192,Hachiōji,35.65583,139.32389,JP,2018-07-15 10:29:00
2018_2179291,130084,275,35.59439081341739,139.34884924097034,MOVIX橋本,緑区橋本3-3-1,Multiplex,4bf58dd8d48988d180941735,116,Hachiōji,35.65583,139.32389,JP,2017-10-07 05:05:00
2018_2179291,130084,2380,35.59445352048835,139.34756220524517,ミートショップ 寿々木,緑区橋本3-14-13,Butcher,4bf58dd8d48988d11d951735,42,Hachiōji,35.65583,139.32389,JP,2017-10-07 07:46:00
2018_2179291,130084,3152,35.65656352155028,139.33652023910867,アニソンDJバー グリュック,三崎町1-6,Bar,4bf58dd8d48988d116941735,31,Hachiōji,35.65583,139.32389,JP,2017-10-07 11:26:00
2018_2179291,130084,2019,35.65788128292282,139.33490814610713,ラーメン花,中町10-3,Ramen Restaurant,55a59bace4b013909087cb24,335,Hachiōji,35.65583,139.32389,JP,2017-10-13 16:42:00
2018_2179292,130084,3152,35.65656352155028,139.33652023910867,アニソンDJバー グリュック,三崎町1-6,Bar,4bf58dd8d48988d116941735,31,Hachiōji,35.65583,139.32389,JP,2017-10-14 15:57:00
2018_2179292,130084,1234,35.65877935727556,139.33559205053172,油そば 味の天徳,中町7-7,Ramen Restaurant,55a59bace4b013909087cb24,335,Hachiōji,35.65583,139.32389,JP,2017-10-14 20:28:00
2018_2179293,130084,1273,35.65928794999803,139.33330353816243,天竜,八日町1-19,BBQ Joint,4bf58dd8d48988d1df931735,164,Hachiōji,35.65583,139.32389,JP,2017-10-16 10:35:00
2018_2179293,130084,3152,35.65656352155028,139.33652023910867,アニソンDJバー グリュック,三崎町1-6,Bar,4bf58dd8d48988d116941735,31,Hachiōji,35.65583,139.32389,JP,2017-10-16 13:25:00
2018_2179299,130084,4436,35.65695354623498,139.3365761259828,立呑み晩杯屋 八王子店,三崎町2-7,Sake Bar,4bf58dd8d48988d11c941735,40,Hachiōji,35.65583,139.32389,JP,2017-11-04 09:45:00
2018_2179299,130084,3152,35.65656352155028,139.33652023910867,アニソンDJバー グリュック,三崎町1-6,Bar,4bf58dd8d48988d116941735,31,Hachiōji,35.65583,139.32389,JP,2017-11-04 10:26:00
2018_2179300,130084,611,35.659567091958195,139.33910071849823,関根精肉店,横山町3-6,Japanese Restaurant,4bf58dd8d48988d111941735,23,Hachiōji,35.65583,139.32389,JP,2017-11-06 11:50:00
2018_2179300,130084,3152,35.65656352155028,139.33652023910867,アニソンDJバー グリュック,三崎町1-6,Bar,4bf58dd8d48988d116941735,31,Hachiōji,35.65583,139.32389,JP,2017-11-06 14:54:00
2018_2179302,130084,3152,35.65656352155028,139.33652023910867,アニソンDJバー グリュック,三崎町1-6,Bar,4bf58dd8d48988d116941735,31,Hachiōji,35.65583,139.32389,JP,2017-11-12 10:29:00
2018_2179302,130084,182,35.65319226180809,139.33305569722134,長浜らーめん 八王子店,万町32,Ramen Restaurant,55a59bace4b013909087cb24,335,Hachiōji,35.65583,139.32389,JP,2017-11-12 15:38:00
2018_2179303,130084,4230,35.642822,139.289156,イーアス高尾,東浅川町550-1,Shopping Mall,4bf58dd8d48988d1fd941735,200,Hachiōji,35.65583,139.32389,JP,2017-11-23 03:18:00
2018_2179303,130084,3152,35.65656352155028,139.33652023910867,アニソンDJバー グリュック,三崎町1-6,Bar,4bf58dd8d48988d116941735,31,Hachiōji,35.65583,139.32389,JP,2017-11-23 10:21:00
2018_2179304,130084,4230,35.642822,139.289156,イーアス高尾,東浅川町550-1,Shopping Mall,4bf58dd8d48988d1fd941735,200,Hachiōji,35.65583,139.32389,JP,2017-12-02 05:50:00
2018_2179304,130084,1036,35.65015943846367,139.30201525502835,ムラウチホビー 西八王子店,散田町5-3-1,Furniture / Home Store,4bf58dd8d48988d1f8941735,191,Hachiōji,35.65583,139.32389,JP,2017-12-02 06:30:00
2018_2179304,130084,3152,35.65656352155028,139.33652023910867,アニソンDJバー グリュック,三崎町1-6,Bar,4bf58dd8d48988d116941735,31,Hachiōji,35.65583,139.32389,JP,2017-12-02 11:35:00
2018_2179305,130084,596,35.65818,139.336295,HUB,中町5-9,Pub,4bf58dd8d48988d11b941735,38,Hachiōji,35.65583,139.32389,JP,2017-12-04 10:33:00
2018_2179305,130084,3152,35.65656352155028,139.33652023910867,アニソンDJバー グリュック,三崎町1-6,Bar,4bf58dd8d48988d116941735,31,Hachiōji,35.65583,139.32389,JP,2017-12-04 14:21:00
2018_2179306,130084,4230,35.642822,139.289156,イーアス高尾,東浅川町550-1,Shopping Mall,4bf58dd8d48988d1fd941735,200,Hachiōji,35.65583,139.32389,JP,2017-12-16 06:01:00
2018_2179306,130084,3152,35.65656352155028,139.33652023910867,アニソンDJバー グリュック,三崎町1-6,Bar,4bf58dd8d48988d116941735,31,Hachiōji,35.65583,139.32389,JP,2017-12-16 10:50:00
2018_2179306,130084,2019,35.65788128292282,139.33490814610713,ラーメン花,中町10-3,Ramen Restaurant,55a59bace4b013909087cb24,335,Hachiōji,35.65583,139.32389,JP,2017-12-16 17:28:00
2018_2179306,130084,3152,35.65656352155028,139.33652023910867,アニソンDJバー グリュック,三崎町1-6,Bar,4bf58dd8d48988d116941735,31,Hachiōji,35.65583,139.32389,JP,2017-12-16 18:09:00
2018_2179307,130084,2570,35.65690509814572,139.3365781108576,Rinky Dink Studio 八王子店,三崎町2-7,Music Venue,4bf58dd8d48988d1e5931735,171,Hachiōji,35.65583,139.32389,JP,2017-12-18 11:48:00
2018_2179307,130084,4094,35.657039,139.336418,韓国ホルモン 道,三崎町3-5,BBQ Joint,4bf58dd8d48988d1df931735,164,Hachiōji,35.65583,139.32389,JP,2017-12-18 13:04:00
2018_2179307,130084,3152,35.65656352155028,139.33652023910867,アニソンDJバー グリュック,三崎町1-6,Bar,4bf58dd8d48988d116941735,31,Hachiōji,35.65583,139.32389,JP,2017-12-18 15:11:00
2018_2179307,130084,4436,35.65695354623498,139.3365761259828,立呑み晩杯屋 八王子店,三崎町2-7,Sake Bar,4bf58dd8d48988d11c941735,40,Hachiōji,35.65583,139.32389,JP,2017-12-21 15:40:00
2018_2179308,130084,1036,35.65015943846367,139.30201525502835,ムラウチホビー 西八王子店,散田町5-3-1,Furniture / Home Store,4bf58dd8d48988d1f8941735,191,Hachiōji,35.65583,139.32389,JP,2017-12-23 03:31:00
2018_2179308,130084,4230,35.642822,139.289156,イーアス高尾,東浅川町550-1,Shopping Mall,4bf58dd8d48988d1fd941735,200,Hachiōji,35.65583,139.32389,JP,2017-12-23 03:53:00
2018_2179308,130084,2901,35.656406298368545,139.33920664731122,ユニクロ,旭町1-1,Clothing Store,4bf58dd8d48988d103951735,4,Hachiōji,35.65583,139.32389,JP,2017-12-23 07:10:00
2018_2179308,130084,3152,35.65656352155028,139.33652023910867,アニソンDJバー グリュック,三崎町1-6,Bar,4bf58dd8d48988d116941735,31,Hachiōji,35.65583,139.32389,JP,2017-12-23 12:27:00
2018_2179308,130084,1234,35.65877935727556,139.33559205053172,油そば 味の天徳,中町7-7,Ramen Restaurant,55a59bace4b013909087cb24,335,Hachiōji,35.65583,139.32389,JP,2017-12-23 20:16:00
2018_2179309,130084,4436,35.65695354623498,139.3365761259828,立呑み晩杯屋 八王子店,三崎町2-7,Sake Bar,4bf58dd8d48988d11c941735,40,Hachiōji,35.65583,139.32389,JP,2017-12-29 11:45:00
2018_2179309,130084,3152,35.65656352155028,139.33652023910867,アニソンDJバー グリュック,三崎町1-6,Bar,4bf58dd8d48988d116941735,31,Hachiōji,35.65583,139.32389,JP,2017-12-29 12:31:00
2018_2179310,130084,88,35.6322903,139.3271318,蔦屋書店,みなみ野1-7-7,Bookstore,4bf58dd8d48988d114951735,29,Hachiōji,35.65583,139.32389,JP,2017-12-30 02:56:00
2018_2179310,130084,3442,35.66773096122505,139.34203343777358,炭火焼肉 伝,大和田町7-10-14,BBQ Joint,4bf58dd8d48988d1df931735,164,Hachiōji,35.65583,139.32389,JP,2017-12-30 09:03:00
2018_2179311,130084,4230,35.642822,139.289156,イーアス高尾,東浅川町550-1,Shopping Mall,4bf58dd8d48988d1fd941735,200,Hachiōji,35.65583,139.32389,JP,2017-12-31 05:33:00
2018_2179311,130084,3152,35.65656352155028,139.33652023910867,アニソンDJバー グリュック,三崎町1-6,Bar,4bf58dd8d48988d116941735,31,Hachiōji,35.65583,139.32389,JP,2017-12-31 09:26:00
2018_2179312,130084,1895,35.63144307372707,139.3301635980606,丸亀製麺,みなみ野1-3,Udon Restaurant,55a59bace4b013909087cb2a,337,Hachiōji,35.65583,139.32389,JP,2018-01-04 09:27:00
2018_2179312,130084,3152,35.65656352155028,139.33652023910867,アニソンDJバー グリュック,三崎町1-6,Bar,4bf58dd8d48988d116941735,31,Hachiōji,35.65583,139.32389,JP,2018-01-04 10:51:00
2018_2179313,130084,88,35.6322903,139.3271318,蔦屋書店,みなみ野1-7-7,Bookstore,4bf58dd8d48988d114951735,29,Hachiōji,35.65583,139.32389,JP,2018-01-06 04:38:00
2018_2179313,130084,3152,35.65656352155028,139.33652023910867,アニソンDJバー グリュック,三崎町1-6,Bar,4bf58dd8d48988d116941735,31,Hachiōji,35.65583,139.32389,JP,2018-01-06 12:23:00
2018_2179314,130084,1771,35.65688910342379,139.33803230975326,日高屋,旭町6-10,Chinese Restaurant,4bf58dd8d48988d145941735,76,Hachiōji,35.65583,139.32389,JP,2018-01-13 08:07:00
2018_2179314,130084,3152,35.65656352155028,139.33652023910867,アニソンDJバー グリュック,三崎町1-6,Bar,4bf58dd8d48988d116941735,31,Hachiōji,35.65583,139.32389,JP,2018-01-13 08:37:00
2018_2179315,130084,871,35.645183618734855,139.35458179308642,スーパーアルプス,北野町545-3,Supermarket,52f2ab2ebcbc57f1066b8b46,309,Hachiōji,35.65583,139.32389,JP,2018-01-20 07:56:00
2018_2179315,130084,3152,35.65656352155028,139.33652023910867,アニソンDJバー グリュック,三崎町1-6,Bar,4bf58dd8d48988d116941735,31,Hachiōji,35.65583,139.32389,JP,2018-01-20 11:19:00
2018_2179316,130084,1010,35.656979966607096,139.33761347459244,アニメイト,旭町6-6,Hobby Shop,4bf58dd8d48988d1fb941735,197,Hachiōji,35.65583,139.32389,JP,2018-01-23 10:33:00
2018_2179316,130084,3152,35.65656352155028,139.33652023910867,アニソンDJバー グリュック,三崎町1-6,Bar,4bf58dd8d48988d116941735,31,Hachiōji,35.65583,139.32389,JP,2018-01-23 11:02:00
2018_2179317,130084,1010,35.656979966607096,139.33761347459244,アニメイト,旭町6-6,Hobby Shop,4bf58dd8d48988d1fb941735,197,Hachiōji,35.65583,139.32389,JP,2018-01-30 10:31:00
2018_2179317,130084,3152,35.65656352155028,139.33652023910867,アニソンDJバー グリュック,三崎町1-6,Bar,4bf58dd8d48988d116941735,31,Hachiōji,35.65583,139.32389,JP,2018-01-30 11:08:00
2018_2179317,130084,1277,35.65819105947774,139.33779649436474,磯丸水産,東町12-8,Seafood Restaurant,4bf58dd8d48988d1ce941735,155,Hachiōji,35.65583,139.32389,JP,2018-02-04 10:16:00
2018_2179318,130084,1010,35.656979966607096,139.33761347459244,アニメイト,旭町6-6,Hobby Shop,4bf58dd8d48988d1fb941735,197,Hachiōji,35.65583,139.32389,JP,2018-02-06 10:26:00
2018_2179318,130084,3152,35.65656352155028,139.33652023910867,アニソンDJバー グリュック,三崎町1-6,Bar,4bf58dd8d48988d116941735,31,Hachiōji,35.65583,139.32389,JP,2018-02-06 11:13:00
2018_2179319,130084,1986,35.65686909558621,139.3375986814499,ヤマザキYショップ IPPUKU,旭町6-6,Convenience Store,4d954b0ea243a5684a65b473,215,Hachiōji,35.65583,139.32389,JP,2018-02-10 09:48:00
2018_2179319,130084,3152,35.65656352155028,139.33652023910867,アニソンDJバー グリュック,三崎町1-6,Bar,4bf58dd8d48988d116941735,31,Hachiōji,35.65583,139.32389,JP,2018-02-10 10:24:00
2018_2179319,130084,2677,35.65708267212683,139.33704882860184,とりビアー 八王子店,三崎町3-3,Sake Bar,4bf58dd8d48988d11c941735,40,Hachiōji,35.65583,139.32389,JP,2018-02-13 15:40:00
2018_2179320,130084,1010,35.656979966607096,139.33761347459244,アニメイト,旭町6-6,Hobby Shop,4bf58dd8d48988d1fb941735,197,Hachiōji,35.65583,139.32389,JP,2018-02-16 10:33:00
2018_2179320,130084,3152,35.65656352155028,139.33652023910867,アニソンDJバー グリュック,三崎町1-6,Bar,4bf58dd8d48988d116941735,31,Hachiōji,35.65583,139.32389,JP,2018-02-16 10:45:00
2018_2179321,130084,4230,35.642822,139.289156,イーアス高尾,東浅川町550-1,Shopping Mall,4bf58dd8d48988d1fd941735,200,Hachiōji,35.65583,139.32389,JP,2018-02-24 04:12:00
2018_2179321,130084,3152,35.65656352155028,139.33652023910867,アニソンDJバー グリュック,三崎町1-6,Bar,4bf58dd8d48988d116941735,31,Hachiōji,35.65583,139.32389,JP,2018-02-24 11:39:00
2018_2179323,130084,0,35.65703631014108,139.33662904980383,Match Vox,三崎町2-7,Concert Hall,5032792091d4c4b30a586d5c,247,Hachiōji,35.65583,139.32389,JP,2018-03-04 05:30:00
2018_2179323,130084,2289,35.6578460771649,139.33692100606794,たらふく,中町3−2,Speakeasy,4bf58dd8d48988d1d4941735,160,Hachiōji,35.65583,139.32389,JP,2018-03-04 06:47:00
2018_2179324,130084,3582,35.657798993866564,139.33372020721436,家系ラーメン まるに家,寺町49-3,Ramen Restaurant,55a59bace4b013909087cb24,335,Hachiōji,35.65583,139.32389,JP,2018-03-10 09:02:00
2018_2179324,130084,3152,35.65656352155028,139.33652023910867,アニソンDJバー グリュック,三崎町1-6,Bar,4bf58dd8d48988d116941735,31,Hachiōji,35.65583,139.32389,JP,2018-03-10 10:02:00
2018_2179325,130084,172,35.648836089821685,139.325163077968,緑町霊園,緑町222,Cemetery,4bf58dd8d48988d15c941735,89,Hachiōji,35.65583,139.32389,JP,2018-03-17 05:14:00
2018_2179325,130084,4230,35.642822,139.289156,イーアス高尾,東浅川町550-1,Shopping Mall,4bf58dd8d48988d1fd941735,200,Hachiōji,35.65583,139.32389,JP,2018-03-17 05:53:00
2018_2179325,130084,3152,35.65656352155028,139.33652023910867,アニソンDJバー グリュック,三崎町1-6,Bar,4bf58dd8d48988d116941735,31,Hachiōji,35.65583,139.32389,JP,2018-03-17 11:58:00
2018_2179326,130084,805,35.680501745149854,139.3070362508297,みんみんラーメン,楢原町437-1,Ramen Restaurant,55a59bace4b013909087cb24,335,Hachiōji,35.65583,139.32389,JP,2018-04-08 08:32:00
2018_2179326,130084,4643,35.656727403075365,139.33775313843032,New Flame International Shot Bar,旭町6-4,Bar,4bf58dd8d48988d116941735,31,Hachiōji,35.65583,139.32389,JP,2018-04-08 12:24:00
2018_2179329,130084,546,35.59405695491402,139.3498524435047,セブンイレブン 相模原橋本駅東店,緑区東橋本1-24-15,Convenience Store,4d954b0ea243a5684a65b473,215,Hachiōji,35.65583,139.32389,JP,2018-04-22 03:42:00
2018_2179329,130084,106,35.594629753944275,139.34860897900134,ルネサンス 橋本,緑区橋本3-3-1,Sports Club,52e81612bcbc57f1066b7a2e,285,Hachiōji,35.65583,139.32389,JP,2018-04-22 03:58:00
2018_2179329,130084,2380,35.59445352048835,139.34756220524517,ミートショップ 寿々木,緑区橋本3-14-13,Butcher,4bf58dd8d48988d11d951735,42,Hachiōji,35.65583,139.32389,JP,2018-04-22 08:06:00
2018_2179331,130084,4230,35.642822,139.289156,イーアス高尾,東浅川町550-1,Shopping Mall,4bf58dd8d48988d1fd941735,200,Hachiōji,35.65583,139.32389,JP,2018-04-28 05:04:00
2018_2179331,130084,4357,35.642867985809374,139.28999993694984,Starbucks,東浅川町550-1,Coffee Shop,4bf58dd8d48988d1e0931735,166,Hachiōji,35.65583,139.32389,JP,2018-04-28 05:39:00
2018_2179333,130084,275,35.59439081341739,139.34884924097034,MOVIX橋本,緑区橋本3-3-1,Multiplex,4bf58dd8d48988d180941735,116,Hachiōji,35.65583,139.32389,JP,2018-05-03 05:56:00
2018_2179333,130084,88,35.6322903,139.3271318,蔦屋書店,みなみ野1-7-7,Bookstore,4bf58dd8d48988d114951735,29,Hachiōji,35.65583,139.32389,JP,2018-05-03 06:38:00
2018_2179333,130084,3152,35.65656352155028,139.33652023910867,アニソンDJバー グリュック,三崎町1-6,Bar,4bf58dd8d48988d116941735,31,Hachiōji,35.65583,139.32389,JP,2018-05-03 10:15:00
2018_2179334,130084,4230,35.642822,139.289156,イーアス高尾,東浅川町550-1,Shopping Mall,4bf58dd8d48988d1fd941735,200,Hachiōji,35.65583,139.32389,JP,2018-05-04 06:16:00
2018_2179334,130084,3152,35.65656352155028,139.33652023910867,アニソンDJバー グリュック,三崎町1-6,Bar,4bf58dd8d48988d116941735,31,Hachiōji,35.65583,139.32389,JP,2018-05-04 11:32:00
2018_2179335,130084,1010,35.656979966607096,139.33761347459244,アニメイト,旭町6-6,Hobby Shop,4bf58dd8d48988d1fb941735,197,Hachiōji,35.65583,139.32389,JP,2018-05-08 10:20:00
2018_2179335,130084,3152,35.65656352155028,139.33652023910867,アニソンDJバー グリュック,三崎町1-6,Bar,4bf58dd8d48988d116941735,31,Hachiōji,35.65583,139.32389,JP,2018-05-08 10:40:00
2018_2179336,130084,4230,35.642822,139.289156,イーアス高尾,東浅川町550-1,Shopping Mall,4bf58dd8d48988d1fd941735,200,Hachiōji,35.65583,139.32389,JP,2018-05-12 05:53:00
2018_2179336,130084,3152,35.65656352155028,139.33652023910867,アニソンDJバー グリュック,三崎町1-6,Bar,4bf58dd8d48988d116941735,31,Hachiōji,35.65583,139.32389,JP,2018-05-12 14:30:00
2018_2179336,130084,1234,35.65877935727556,139.33559205053172,油そば 味の天徳,中町7-7,Ramen Restaurant,55a59bace4b013909087cb24,335,Hachiōji,35.65583,139.32389,JP,2018-05-12 20:13:00
2018_2179338,130084,4230,35.642822,139.289156,イーアス高尾,東浅川町550-1,Shopping Mall,4bf58dd8d48988d1fd941735,200,Hachiōji,35.65583,139.32389,JP,2018-05-19 03:44:00
2018_2179338,130084,1771,35.65688910342379,139.33803230975326,日高屋,旭町6-10,Chinese Restaurant,4bf58dd8d48988d145941735,76,Hachiōji,35.65583,139.32389,JP,2018-05-19 10:42:00
2018_2179338,130084,3152,35.65656352155028,139.33652023910867,アニソンDJバー グリュック,三崎町1-6,Bar,4bf58dd8d48988d116941735,31,Hachiōji,35.65583,139.32389,JP,2018-05-19 11:18:00
2018_2179339,130084,4643,35.656727403075365,139.33775313843032,New Flame International Shot Bar,旭町6-4,Bar,4bf58dd8d48988d116941735,31,Hachiōji,35.65583,139.32389,JP,2018-05-23 11:18:00
2018_2179339,130084,3152,35.65656352155028,139.33652023910867,アニソンDJバー グリュック,三崎町1-6,Bar,4bf58dd8d48988d116941735,31,Hachiōji,35.65583,139.32389,JP,2018-05-23 13:40:00
2018_2179341,130084,3437,35.631340682072626,139.33277703283196,みなみ野循環器病院,兵衛1-25-1,Hospital,4bf58dd8d48988d196941735,129,Hachiōji,35.65583,139.32389,JP,2018-06-09 05:45:00
2018_2179341,130084,4230,35.642822,139.289156,イーアス高尾,東浅川町550-1,Shopping Mall,4bf58dd8d48988d1fd941735,200,Hachiōji,35.65583,139.32389,JP,2018-06-09 06:14:00
2018_2179341,130084,3152,35.65656352155028,139.33652023910867,アニソンDJバー グリュック,三崎町1-6,Bar,4bf58dd8d48988d116941735,31,Hachiōji,35.65583,139.32389,JP,2018-06-09 12:25:00
2018_2179342,130084,805,35.680501745149854,139.3070362508297,みんみんラーメン,楢原町437-1,Ramen Restaurant,55a59bace4b013909087cb24,335,Hachiōji,35.65583,139.32389,JP,2018-06-16 09:37:00
2018_2179342,130084,3152,35.65656352155028,139.33652023910867,アニソンDJバー グリュック,三崎町1-6,Bar,4bf58dd8d48988d116941735,31,Hachiōji,35.65583,139.32389,JP,2018-06-16 10:48:00
2018_2219866,132723,4231,35.596879975494495,139.33825089010185,一本堂 相模原橋本店,緑区西橋本5-1-2,Bakery,4bf58dd8d48988d16a941735,100,Hachiōji,35.65583,139.32389,JP,2017-10-09 06:23:00
2018_2219866,132723,3361,35.59766872773952,139.3379384268904,アピナ 橋本店,緑区西橋本5-1-1,Arcade,4bf58dd8d48988d1e1931735,167,Hachiōji,35.65583,139.32389,JP,2017-10-09 07:11:00
2018_2219867,132723,3029,35.590344878247116,139.3496937669834,KIDS TOWN,緑区大山町1-22,Toy / Game Store,4bf58dd8d48988d1f3941735,184,Hachiōji,35.65583,139.32389,JP,2017-10-15 06:30:00
2018_2219867,132723,1338,35.590901942184416,139.34907216578722,フードパーク,緑区大山町1-22,Food Court,4bf58dd8d48988d120951735,46,Hachiōji,35.65583,139.32389,JP,2017-10-15 08:55:00
2018_2219871,132723,4231,35.596879975494495,139.33825089010185,一本堂 相模原橋本店,緑区西橋本5-1-2,Bakery,4bf58dd8d48988d16a941735,100,Hachiōji,35.65583,139.32389,JP,2017-11-04 06:55:00
2018_2219871,132723,4137,35.59535603710486,139.34456833063393,È PRONTO,緑区橋本6-1-24,Café,4bf58dd8d48988d16d941735,103,Hachiōji,35.65583,139.32389,JP,2017-11-04 08:36:00
2018_2219876,132723,1558,35.590846,139.349642,ミスタードーナツ,緑区大山町1-22,Donut Shop,4bf58dd8d48988d148941735,79,Hachiōji,35.65583,139.32389,JP,2017-12-03 06:18:00
2018_2219876,132723,3331,35.595051,139.345994,BAQET,緑区橋本3-28-1,Bakery,4bf58dd8d48988d16a941735,100,Hachiōji,35.65583,139.32389,JP,2017-12-03 07:34:00
2018_2219878,132723,1558,35.590846,139.349642,ミスタードーナツ,緑区大山町1-22,Donut Shop,4bf58dd8d48988d148941735,79,Hachiōji,35.65583,139.32389,JP,2017-12-23 06:49:00
2018_2219878,132723,4182,35.590683,139.34969,和ごはんとカフェchawan,緑区大山町1-22,Restaurant,4bf58dd8d48988d1c4941735,149,Hachiōji,35.65583,139.32389,JP,2017-12-23 08:52:00
2018_2219879,132723,11,35.59495276013401,139.34499388615959,橋本駅 (Hashimoto Sta.),緑区橋本6/2,Train Station,4bf58dd8d48988d129951735,59,Hachiōji,35.65583,139.32389,JP,2017-12-24 02:06:00
2018_2219879,132723,11,35.59495276013401,139.34499388615959,橋本駅 (Hashimoto Sta.),緑区橋本6/2,Train Station,4bf58dd8d48988d129951735,59,Hachiōji,35.65583,139.32389,JP,2017-12-24 07:00:00
2018_2219880,132723,11,35.59495276013401,139.34499388615959,橋本駅 (Hashimoto Sta.),緑区橋本6/2,Train Station,4bf58dd8d48988d129951735,59,Hachiōji,35.65583,139.32389,JP,2017-12-29 07:15:00
2018_2219880,132723,54,35.594482692166885,139.3450112324779,なか卯,緑区橋本2-3-2,Donburi Restaurant,55a59bace4b013909087cb0c,331,Hachiōji,35.65583,139.32389,JP,2017-12-29 08:00:00
2018_2219886,132723,3526,35.59526371605105,139.34529429353603,ロピア,緑区橋本3-28-1,Supermarket,52f2ab2ebcbc57f1066b8b46,309,Hachiōji,35.65583,139.32389,JP,2018-02-11 07:34:00
2018_2219886,132723,4182,35.590683,139.34969,和ごはんとカフェchawan,緑区大山町1-22,Restaurant,4bf58dd8d48988d1c4941735,149,Hachiōji,35.65583,139.32389,JP,2018-02-11 08:49:00
2018_2219887,132723,637,35.580229,139.352472,南橋本駅 (Minami-Hashimoto Sta.),中央区南橋本2-4-17,Train Station,4bf58dd8d48988d129951735,59,Hachiōji,35.65583,139.32389,JP,2018-02-17 22:23:00
2018_2219887,132723,11,35.59495276013401,139.34499388615959,橋本駅 (Hashimoto Sta.),緑区橋本6/2,Train Station,4bf58dd8d48988d129951735,59,Hachiōji,35.65583,139.32389,JP,2018-02-18 06:33:00
2018_2219887,132723,3505,35.59497896038593,139.34535999126334,さち福や,緑区橋本3-28-1,Diner,4bf58dd8d48988d147941735,78,Hachiōji,35.65583,139.32389,JP,2018-02-18 08:00:00
2018_2219888,132723,1558,35.590846,139.349642,ミスタードーナツ,緑区大山町1-22,Donut Shop,4bf58dd8d48988d148941735,79,Hachiōji,35.65583,139.32389,JP,2018-02-23 09:39:00
2018_2219888,132723,1338,35.590901942184416,139.34907216578722,フードパーク,緑区大山町1-22,Food Court,4bf58dd8d48988d120951735,46,Hachiōji,35.65583,139.32389,JP,2018-02-23 11:03:00
2018_2219891,132723,637,35.580229,139.352472,南橋本駅 (Minami-Hashimoto Sta.),中央区南橋本2-4-17,Train Station,4bf58dd8d48988d129951735,59,Hachiōji,35.65583,139.32389,JP,2018-03-04 02:37:00
2018_2219891,132723,2,35.65561,139.3389,八王子駅 (Hachiōji Sta.),旭町1-1,Train Station,4bf58dd8d48988d129951735,59,Hachiōji,35.65583,139.32389,JP,2018-03-04 03:02:00
2018_2219891,132723,18,35.72118017284569,139.34375983717834,拝島駅 (Haijima Sta.),松原町4-14-4 / 美堀町5-21-2,Train Station,4bf58dd8d48988d129951735,59,Fussa,35.73667,139.32361,JP,2018-03-04 03:33:00
2018_2219894,132723,11,35.59495276013401,139.34499388615959,橋本駅 (Hashimoto Sta.),緑区橋本6/2,Train Station,4bf58dd8d48988d129951735,59,Hachiōji,35.65583,139.32389,JP,2018-03-24 08:12:00
2018_2219894,132723,4231,35.596879975494495,139.33825089010185,一本堂 相模原橋本店,緑区西橋本5-1-2,Bakery,4bf58dd8d48988d16a941735,100,Hachiōji,35.65583,139.32389,JP,2018-03-24 08:26:00
2018_2219895,132723,1338,35.590901942184416,139.34907216578722,フードパーク,緑区大山町1-22,Food Court,4bf58dd8d48988d120951735,46,Hachiōji,35.65583,139.32389,JP,2018-03-30 05:52:00
2018_2219895,132723,4126,35.59075116976556,139.3494449928403,いきなり!ステーキ,緑区大山町1-22,Steakhouse,4bf58dd8d48988d1cc941735,154,Hachiōji,35.65583,139.32389,JP,2018-03-30 06:24:00
2018_2219895,132723,11,35.59495276013401,139.34499388615959,橋本駅 (Hashimoto Sta.),緑区橋本6/2,Train Station,4bf58dd8d48988d129951735,59,Hachiōji,35.65583,139.32389,JP,2018-03-30 06:59:00
2018_2219897,132723,637,35.580229,139.352472,南橋本駅 (Minami-Hashimoto Sta.),中央区南橋本2-4-17,Train Station,4bf58dd8d48988d129951735,59,Hachiōji,35.65583,139.32389,JP,2018-04-21 22:43:00
2018_2219897,132723,11,35.59495276013401,139.34499388615959,橋本駅 (Hashimoto Sta.),緑区橋本6/2,Train Station,4bf58dd8d48988d129951735,59,Hachiōji,35.65583,139.32389,JP,2018-04-22 05:42:00
2018_2219897,132723,1281,35.59102544993985,139.34976518154144,アリオ橋本,緑区大山町1-22,Shopping Mall,4bf58dd8d48988d1fd941735,200,Hachiōji,35.65583,139.32389,JP,2018-04-22 06:17:00
2018_2219902,132723,637,35.580229,139.352472,南橋本駅 (Minami-Hashimoto Sta.),中央区南橋本2-4-17,Train Station,4bf58dd8d48988d129951735,59,Hachiōji,35.65583,139.32389,JP,2018-07-01 05:31:00
2018_2219902,132723,4635,35.59377113760693,139.34640912408753,橋本駅南口第1駐輪場,,Parking,4c38df4de52ce0d596b336e1,205,Hachiōji,35.65583,139.32389,JP,2018-07-01 15:42:00
2018_2219903,132723,482,35.594738977408916,139.3485313653946,大戸屋,緑区橋本3-3-1,Japanese Restaurant,4bf58dd8d48988d111941735,23,Hachiōji,35.65583,139.32389,JP,2018-07-15 09:15:00
2018_2219903,132723,275,35.59439081341739,139.34884924097034,MOVIX橋本,緑区橋本3-3-1,Multiplex,4bf58dd8d48988d180941735,116,Hachiōji,35.65583,139.32389,JP,2018-07-15 11:18:00
2018_2219904,132723,54,35.594482692166885,139.3450112324779,なか卯,緑区橋本2-3-2,Donburi Restaurant,55a59bace4b013909087cb0c,331,Hachiōji,35.65583,139.32389,JP,2018-07-21 11:49:00
2018_2219904,132723,275,35.59439081341739,139.34884924097034,MOVIX橋本,緑区橋本3-3-1,Multiplex,4bf58dd8d48988d180941735,116,Hachiōji,35.65583,139.32389,JP,2018-07-21 11:58:00
2018_2219906,132723,11,35.59495276013401,139.34499388615959,橋本駅 (Hashimoto Sta.),緑区橋本6/2,Train Station,4bf58dd8d48988d129951735,59,Hachiōji,35.65583,139.32389,JP,2018-07-29 13:04:00
2018_2219906,132723,452,35.595096357553416,139.34472333959397,日高屋,緑区橋本6-1-24,Chinese Restaurant,4bf58dd8d48988d145941735,76,Hachiōji,35.65583,139.32389,JP,2018-07-29 13:36:00
2018_2219912,132723,11,35.59495276013401,139.34499388615959,橋本駅 (Hashimoto Sta.),緑区橋本6/2,Train Station,4bf58dd8d48988d129951735,59,Hachiōji,35.65583,139.32389,JP,2018-08-18 03:38:00
2018_2219912,132723,275,35.59439081341739,139.34884924097034,MOVIX橋本,緑区橋本3-3-1,Multiplex,4bf58dd8d48988d180941735,116,Hachiōji,35.65583,139.32389,JP,2018-08-18 11:40:00
2018_2219915,132723,275,35.59439081341739,139.34884924097034,MOVIX橋本,緑区橋本3-3-1,Multiplex,4bf58dd8d48988d180941735,116,Hachiōji,35.65583,139.32389,JP,2018-09-01 06:54:00
2018_2219915,132723,242,35.580868924931764,139.3712168186903,マクドナルド,中央区相模原1-1-3,Fast Food Restaurant,4bf58dd8d48988d16e941735,104,Hachiōji,35.65583,139.32389,JP,2018-09-01 07:28:00
2018_2219917,132723,626,35.59522461535222,139.33401037038055,相模原北警察署,緑区西橋本5-4-25,Police Station,4bf58dd8d48988d12e941735,64,Hachiōji,35.65583,139.32389,JP,2018-09-12 00:33:00
2018_2219917,132723,4231,35.596879975494495,139.33825089010185,一本堂 相模原橋本店,緑区西橋本5-1-2,Bakery,4bf58dd8d48988d16a941735,100,Hachiōji,35.65583,139.32389,JP,2018-09-12 01:04:00
2018_2219917,132723,985,35.596901825385,139.34192601501462,鉄板焼 志野,緑区橋本３-15-17HKビル201,Asian Restaurant,4bf58dd8d48988d142941735,74,Hachiōji,35.65583,139.32389,JP,2018-09-12 03:45:00
2018_2219918,132723,313,35.59429879262703,139.34503952220754,マクドナルド,緑区橋本2-3-2,Fast Food Restaurant,4bf58dd8d48988d16e941735,104,Hachiōji,35.65583,139.32389,JP,2018-09-23 07:48:00
2018_2219918,132723,11,35.59495276013401,139.34499388615959,橋本駅 (Hashimoto Sta.),緑区橋本6/2,Train Station,4bf58dd8d48988d129951735,59,Hachiōji,35.65583,139.32389,JP,2018-09-23 13:14:00
2018_2219919,132723,4245,35.58087,139.352182,MAX CAFE,中央区南橋本2-3-6-1,Café,4bf58dd8d48988d16d941735,103,Hachiōji,35.65583,139.32389,JP,2018-09-29 03:03:00
2018_2219919,132723,242,35.580868924931764,139.3712168186903,マクドナルド,中央区相模原1-1-3,Fast Food Restaurant,4bf58dd8d48988d16e941735,104,Hachiōji,35.65583,139.32389,JP,2018-09-29 09:27:00
2018_2219920,132723,4126,35.59075116976556,139.3494449928403,いきなり!ステーキ,緑区大山町1-22,Steakhouse,4bf58dd8d48988d1cc941735,154,Hachiōji,35.65583,139.32389,JP,2018-10-07 05:37:00
2018_2219920,132723,4462,35.595207,139.345987,maison de VERRE,緑区橋本3-28-1,Café,4bf58dd8d48988d16d941735,103,Hachiōji,35.65583,139.32389,JP,2018-10-07 08:16:00
2018_2219923,132723,3400,35.59406128844932,139.34880635595846,ZEBRA Coffee & Croissant,緑区橋本3-2-14,Coffee Shop,4bf58dd8d48988d1e0931735,166,Hachiōji,35.65583,139.32389,JP,2018-10-14 02:45:00
2018_2219923,132723,4231,35.596879975494495,139.33825089010185,一本堂 相模原橋本店,緑区西橋本5-1-2,Bakery,4bf58dd8d48988d16a941735,100,Hachiōji,35.65583,139.32389,JP,2018-10-14 03:51:00
2018_2224319,133042,216,35.65698730962263,139.33872520896546,八王子オクトーレ (Hachioji Octore),旭町9-1,Shopping Plaza,5744ccdfe4b0c0459246b4dc,356,Hachiōji,35.65583,139.32389,JP,2017-10-07 07:12:00
2018_2224319,133042,2983,35.65700857420805,139.3405759334564,東放射線アイロード,明神町/旭町,Road,4bf58dd8d48988d1f9931735,192,Hachiōji,35.65583,139.32389,JP,2017-10-07 07:26:00
2018_2224319,133042,2084,35.657849085814696,139.33710389405235,ドン・キホーテ,中町1-3,Discount Store,52dea92d3cf9994f4e043dbb,265,Hachiōji,35.65583,139.32389,JP,2017-10-07 07:49:00
2018_2224319,133042,2,35.65561,139.3389,八王子駅 (Hachiōji Sta.),旭町1-1,Train Station,4bf58dd8d48988d129951735,59,Hachiōji,35.65583,139.32389,JP,2017-10-07 08:10:00
2018_2224319,133042,2,35.65561,139.3389,八王子駅 (Hachiōji Sta.),旭町1-1,Train Station,4bf58dd8d48988d129951735,59,Hachiōji,35.65583,139.32389,JP,2017-10-07 16:16:00
2018_2224319,133042,3852,35.65709382186467,139.33599435701134,bar azul,三崎町5-4,Bar,4bf58dd8d48988d116941735,31,Hachiōji,35.65583,139.32389,JP,2017-10-07 16:31:00
2018_2224320,133042,2,35.65561,139.3389,八王子駅 (Hachiōji Sta.),旭町1-1,Train Station,4bf58dd8d48988d129951735,59,Hachiōji,35.65583,139.32389,JP,2017-10-09 00:40:00
2018_2224320,133042,2,35.65561,139.3389,八王子駅 (Hachiōji Sta.),旭町1-1,Train Station,4bf58dd8d48988d129951735,59,Hachiōji,35.65583,139.32389,JP,2017-10-09 15:38:00
2018_2224322,133042,2580,35.65532444649395,139.3400194941358,1-2番線ホーム,旭町1-1,Platform,4f4531504b9074f6e4fb0102,241,Hachiōji,35.65583,139.32389,JP,2017-10-22 22:28:00
2018_2224322,133042,2200,35.658066,139.33723,ダイソー,中町1-3,Discount Store,52dea92d3cf9994f4e043dbb,265,Hachiōji,35.65583,139.32389,JP,2017-10-23 11:55:00
2018_2224324,133042,1518,35.6543148502486,139.33780789375305,八王子市役所 八王子駅南口総合事務所,子安町4-7-1,City Hall,4bf58dd8d48988d129941735,58,Hachiōji,35.65583,139.32389,JP,2017-11-02 00:08:00
2018_2224324,133042,2036,,,,,Train Station,4bf58dd8d48988d129951735,59,Hachiōji,35.65583,139.32389,JP,2017-11-02 15:24:00
2018_2224325,133042,2472,35.665931668234606,139.35696348425824,伊藤内科消化器医院,大和田町4-15-14,Doctor's Office,4bf58dd8d48988d177941735,111,Hachiōji,35.65583,139.32389,JP,2017-11-04 00:03:00
2018_2224325,133042,2,35.65561,139.3389,八王子駅 (Hachiōji Sta.),旭町1-1,Train Station,4bf58dd8d48988d129951735,59,Hachiōji,35.65583,139.32389,JP,2017-11-04 05:10:00
2018_2224325,133042,2036,,,,,Train Station,4bf58dd8d48988d129951735,59,Hachiōji,35.65583,139.32389,JP,2017-11-04 06:05:00
2018_2224325,133042,2036,,,,,Train Station,4bf58dd8d48988d129951735,59,Hachiōji,35.65583,139.32389,JP,2017-11-05 12:23:00
2018_2224326,133042,2656,35.65530554742238,139.33997551764372,3-4番線ホーム,旭町1-1,Platform,4f4531504b9074f6e4fb0102,241,Hachiōji,35.65583,139.32389,JP,2017-11-10 15:56:00
2018_2224326,133042,2036,,,,,Train Station,4bf58dd8d48988d129951735,59,Hachiōji,35.65583,139.32389,JP,2017-11-10 22:49:00
2018_2224326,133042,2036,,,,,Train Station,4bf58dd8d48988d129951735,59,Hachiōji,35.65583,139.32389,JP,2017-11-11 09:34:00
2018_2224326,133042,971,35.65704832084343,139.33764806291074,小樽横丁,旭町7-5,Sake Bar,4bf58dd8d48988d11c941735,40,Hachiōji,35.65583,139.32389,JP,2017-11-11 10:59:00
2018_2224327,133042,2229,35.65686880959315,139.33768860155328,孫田クリニック,旭町6-6,Doctor's Office,4bf58dd8d48988d177941735,111,Hachiōji,35.65583,139.32389,JP,2017-11-18 01:27:00
2018_2224327,133042,1531,35.65433692229571,139.3380110877824,日高屋,子安町4-7-1,Chinese Restaurant,4bf58dd8d48988d145941735,76,Hachiōji,35.65583,139.32389,JP,2017-11-18 03:02:00
2018_2224327,133042,1971,35.65713258561209,139.33966806266275,au Style 八王子駅前,旭町10-3,Mobile Phone Shop,4f04afc02fb6e1c99f3db0bc,233,Hachiōji,35.65583,139.32389,JP,2017-11-18 04:18:00
2018_2224327,133042,2392,35.66038295280981,139.33998139901487,市守神社 大鳥神社,横山町25-3,Shrine,4eb1d80a4b900d56c88a45ff,229,Hachiōji,35.65583,139.32389,JP,2017-11-18 05:23:00
2018_2224328,133042,2036,,,,,Train Station,4bf58dd8d48988d129951735,59,Hachiōji,35.65583,139.32389,JP,2017-11-19 06:11:00
2018_2224328,133042,2036,,,,,Train Station,4bf58dd8d48988d129951735,59,Hachiōji,35.65583,139.32389,JP,2017-11-19 15:25:00
2018_2224329,133042,2036,,,,,Train Station,4bf58dd8d48988d129951735,59,Hachiōji,35.65583,139.32389,JP,2017-11-22 16:35:00
2018_2224329,133042,2036,,,,,Train Station,4bf58dd8d48988d129951735,59,Hachiōji,35.65583,139.32389,JP,2017-11-26 15:49:00
2018_2224331,133042,2036,,,,,Train Station,4bf58dd8d48988d129951735,59,Hachiōji,35.65583,139.32389,JP,2017-12-10 06:19:00
2018_2224331,133042,2036,,,,,Train Station,4bf58dd8d48988d129951735,59,Hachiōji,35.65583,139.32389,JP,2017-12-10 15:19:00
2018_2224334,133042,3,35.65808032639735,139.34275103595496,京王八王子駅 (Keiō-hachiōji Sta.),明神町3-27-1,Train Station,4bf58dd8d48988d129951735,59,Hachiōji,35.65583,139.32389,JP,2017-12-29 06:33:00
2018_2224334,133042,2036,,,,,Train Station,4bf58dd8d48988d129951735,59,Hachiōji,35.65583,139.32389,JP,2017-12-29 16:02:00
2018_2224335,133042,3,35.65808032639735,139.34275103595496,京王八王子駅 (Keiō-hachiōji Sta.),明神町3-27-1,Train Station,4bf58dd8d48988d129951735,59,Hachiōji,35.65583,139.32389,JP,2018-01-02 02:25:00
2018_2224335,133042,2036,,,,,Train Station,4bf58dd8d48988d129951735,59,Hachiōji,35.65583,139.32389,JP,2018-01-02 07:15:00
2018_2224335,133042,2036,,,,,Train Station,4bf58dd8d48988d129951735,59,Hachiōji,35.65583,139.32389,JP,2018-01-07 05:48:00
2018_2224335,133042,1326,35.654639063322705,139.33882782419246,ビックカメラ JR八王子駅店,旭町1-17,Electronics Store,4bf58dd8d48988d122951735,48,Hachiōji,35.65583,139.32389,JP,2018-01-07 06:23:00
2018_2224335,133042,2084,35.657849085814696,139.33710389405235,ドン・キホーテ,中町1-3,Discount Store,52dea92d3cf9994f4e043dbb,265,Hachiōji,35.65583,139.32389,JP,2018-01-07 06:48:00
2018_2224335,133042,1202,35.66355582362612,139.35167693700316,ムラウチホビー 八王子店,大和田町5-9-7,Hobby Shop,4bf58dd8d48988d1fb941735,197,Hachiōji,35.65583,139.32389,JP,2018-01-07 07:41:00
2018_2224335,133042,4569,35.65785513538813,139.33477790453102,ひまつぶし,,Bar,4bf58dd8d48988d116941735,31,Hachiōji,35.65583,139.32389,JP,2018-01-07 12:23:00
2018_2224335,133042,3675,35.65783337681855,139.33850788630548,Gastro Dining Penth House,東町11-2,Gastropub,4bf58dd8d48988d155941735,85,Hachiōji,35.65583,139.32389,JP,2018-01-07 14:12:00
2018_2224337,133042,2257,35.656559370297046,139.3424139906483,八王子市保健所,明神町3-19-2,Government Building,4bf58dd8d48988d126941735,53,Hachiōji,35.65583,139.32389,JP,2018-01-13 01:39:00
2018_2224337,133042,2036,,,,,Train Station,4bf58dd8d48988d129951735,59,Hachiōji,35.65583,139.32389,JP,2018-01-13 02:22:00
2018_2224337,133042,2036,,,,,Train Station,4bf58dd8d48988d129951735,59,Hachiōji,35.65583,139.32389,JP,2018-01-13 05:39:00
2018_2224337,133042,2036,,,,,Train Station,4bf58dd8d48988d129951735,59,Hachiōji,35.65583,139.32389,JP,2018-01-27 15:16:00
2018_2224337,133042,2036,,,,,Train Station,4bf58dd8d48988d129951735,59,Hachiōji,35.65583,139.32389,JP,2018-01-28 13:06:00
2018_2224337,133042,2036,,,,,Train Station,4bf58dd8d48988d129951735,59,Hachiōji,35.65583,139.32389,JP,2018-02-03 16:35:00
2018_2224337,133042,2036,,,,,Train Station,4bf58dd8d48988d129951735,59,Hachiōji,35.65583,139.32389,JP,2018-02-11 15:49:00
2018_2224337,133042,2036,,,,,Train Station,4bf58dd8d48988d129951735,59,Hachiōji,35.65583,139.32389,JP,2018-02-24 16:01:00
2018_2224341,133042,2036,,,,,Train Station,4bf58dd8d48988d129951735,59,Hachiōji,35.65583,139.32389,JP,2018-04-01 01:57:00
2018_2224341,133042,2036,,,,,Train Station,4bf58dd8d48988d129951735,59,Hachiōji,35.65583,139.32389,JP,2018-04-01 15:48:00
2018_2224342,133042,2036,,,,,Train Station,4bf58dd8d48988d129951735,59,Hachiōji,35.65583,139.32389,JP,2018-04-29 16:02:00
2018_2224342,133042,2036,,,,,Train Station,4bf58dd8d48988d129951735,59,Hachiōji,35.65583,139.32389,JP,2018-05-03 15:09:00
2018_2224344,133042,2036,,,,,Train Station,4bf58dd8d48988d129951735,59,Hachiōji,35.65583,139.32389,JP,2018-05-12 02:44:00
2018_2224344,133042,2036,,,,,Train Station,4bf58dd8d48988d129951735,59,Hachiōji,35.65583,139.32389,JP,2018-05-12 16:37:00
2018_2224349,133042,3301,35.657919,139.336861,Y!mobile 八王子店,三崎町4‐10,Mobile Phone Shop,4f04afc02fb6e1c99f3db0bc,233,Hachiōji,35.65583,139.32389,JP,2018-06-02 02:50:00
2018_2224349,133042,2036,,,,,Train Station,4bf58dd8d48988d129951735,59,Hachiōji,35.65583,139.32389,JP,2018-06-02 02:59:00
2018_2224349,133042,2036,,,,,Train Station,4bf58dd8d48988d129951735,59,Hachiōji,35.65583,139.32389,JP,2018-06-02 14:15:00
2018_2224349,133042,2036,,,,,Train Station,4bf58dd8d48988d129951735,59,Hachiōji,35.65583,139.32389,JP,2018-06-03 14:24:00
2018_2224350,133042,2295,35.65721523339412,139.33923521578225,寿司田,旭町1-1,Sushi Restaurant,4bf58dd8d48988d1d2941735,158,Hachiōji,35.65583,139.32389,JP,2018-06-09 04:12:00
2018_2224350,133042,2036,,,,,Train Station,4bf58dd8d48988d129951735,59,Hachiōji,35.65583,139.32389,JP,2018-06-09 05:13:00
2018_2224350,133042,2036,,,,,Train Station,4bf58dd8d48988d129951735,59,Hachiōji,35.65583,139.32389,JP,2018-06-09 16:05:00
2018_2224350,133042,2036,,,,,Train Station,4bf58dd8d48988d129951735,59,Hachiōji,35.65583,139.32389,JP,2018-06-23 15:51:00
2018_2224352,133042,2036,,,,,Train Station,4bf58dd8d48988d129951735,59,Hachiōji,35.65583,139.32389,JP,2018-06-30 06:01:00
2018_2224352,133042,2036,,,,,Train Station,4bf58dd8d48988d129951735,59,Hachiōji,35.65583,139.32389,JP,2018-06-30 16:17:00
2018_2224355,133042,2036,,,,,Train Station,4bf58dd8d48988d129951735,59,Hachiōji,35.65583,139.32389,JP,2018-07-16 15:09:00
2018_2224355,133042,2036,,,,,Train Station,4bf58dd8d48988d129951735,59,Hachiōji,35.65583,139.32389,JP,2018-07-21 16:08:00
2018_2224356,133042,644,,,,,Train Station,4bf58dd8d48988d129951735,59,Hachiōji,35.65583,139.32389,JP,2018-07-22 04:17:00
2018_2224356,133042,644,,,,,Train Station,4bf58dd8d48988d129951735,59,Hachiōji,35.65583,139.32389,JP,2018-07-22 15:12:00
2018_2224357,133042,2036,,,,,Train Station,4bf58dd8d48988d129951735,59,Hachiōji,35.65583,139.32389,JP,2018-07-28 06:56:00
2018_2224357,133042,2036,,,,,Train Station,4bf58dd8d48988d129951735,59,Hachiōji,35.65583,139.32389,JP,2018-07-28 16:03:00
2018_2224357,133042,2036,,,,,Train Station,4bf58dd8d48988d129951735,59,Hachiōji,35.65583,139.32389,JP,2018-07-29 15:24:00
2018_2224359,133042,644,,,,,Train Station,4bf58dd8d48988d129951735,59,Hachiōji,35.65583,139.32389,JP,2018-08-05 05:21:00
2018_2224359,133042,644,,,,,Train Station,4bf58dd8d48988d129951735,59,Hachiōji,35.65583,139.32389,JP,2018-08-05 15:05:00
2018_2224361,133042,644,,,,,Train Station,4bf58dd8d48988d129951735,59,Hachiōji,35.65583,139.32389,JP,2018-08-12 07:05:00
2018_2224361,133042,644,,,,,Train Station,4bf58dd8d48988d129951735,59,Hachiōji,35.65583,139.32389,JP,2018-08-12 15:12:00
2018_2224363,133042,2036,,,,,Train Station,4bf58dd8d48988d129951735,59,Hachiōji,35.65583,139.32389,JP,2018-08-18 23:12:00
2018_2224363,133042,2036,,,,,Train Station,4bf58dd8d48988d129951735,59,Hachiōji,35.65583,139.32389,JP,2018-08-19 14:11:00
2018_2224365,133042,2036,,,,,Train Station,4bf58dd8d48988d129951735,59,Hachiōji,35.65583,139.32389,JP,2018-08-25 06:05:00
2018_2224365,133042,2036,,,,,Train Station,4bf58dd8d48988d129951735,59,Hachiōji,35.65583,139.32389,JP,2018-08-25 16:21:00
2018_2224365,133042,2036,,,,,Train Station,4bf58dd8d48988d129951735,59,Hachiōji,35.65583,139.32389,JP,2018-08-26 12:05:00
2018_2224365,133042,2036,,,,,Train Station,4bf58dd8d48988d129951735,59,Hachiōji,35.65583,139.32389,JP,2018-09-01 16:01:00
2018_2224367,133042,2036,,,,,Train Station,4bf58dd8d48988d129951735,59,Hachiōji,35.65583,139.32389,JP,2018-09-21 15:52:00
2018_2224367,133042,2036,,,,,Train Station,4bf58dd8d48988d129951735,59,Hachiōji,35.65583,139.32389,JP,2018-09-22 14:50:00
2018_2224367,133042,2036,,,,,Train Station,4bf58dd8d48988d129951735,59,Hachiōji,35.65583,139.32389,JP,2018-09-29 15:49:00
2018_2224369,133042,2036,,,,,Train Station,4bf58dd8d48988d129951735,59,Hachiōji,35.65583,139.32389,JP,2018-10-07 02:12:00
2018_2224369,133042,2036,,,,,Train Station,4bf58dd8d48988d129951735,59,Hachiōji,35.65583,139.32389,JP,2018-10-07 15:36:00
2018_2224369,133042,2036,,,,,Train Station,4bf58dd8d48988d129951735,59,Hachiōji,35.65583,139.32389,JP,2018-10-14 13:05:00
2018_2308834,139656,80,35.686372308734526,139.34108496154775,道の駅 八王子滝山,滝山町1-592-2,Rest Area,4d954b16a243a5684b65b473,216,Hachiōji,35.65583,139.32389,JP,2017-10-07 14:07:00
2018_2308834,139656,473,35.68620177689125,139.34029950168588,南京亭,梅坪町134-1,Chinese Restaurant,4bf58dd8d48988d145941735,76,Hachiōji,35.65583,139.32389,JP,2017-10-07 16:49:00
2018_2308836,139656,80,35.686372308734526,139.34108496154775,道の駅 八王子滝山,滝山町1-592-2,Rest Area,4d954b16a243a5684b65b473,216,Hachiōji,35.65583,139.32389,JP,2017-10-14 15:18:00
2018_2308836,139656,473,35.68620177689125,139.34029950168588,南京亭,梅坪町134-1,Chinese Restaurant,4bf58dd8d48988d145941735,76,Hachiōji,35.65583,139.32389,JP,2017-10-14 17:23:00
2018_2308837,139656,80,35.686372308734526,139.34108496154775,道の駅 八王子滝山,滝山町1-592-2,Rest Area,4d954b16a243a5684b65b473,216,Hachiōji,35.65583,139.32389,JP,2017-10-21 13:41:00
2018_2308837,139656,473,35.68620177689125,139.34029950168588,南京亭,梅坪町134-1,Chinese Restaurant,4bf58dd8d48988d145941735,76,Hachiōji,35.65583,139.32389,JP,2017-10-21 15:31:00
2018_2308839,139656,80,35.686372308734526,139.34108496154775,道の駅 八王子滝山,滝山町1-592-2,Rest Area,4d954b16a243a5684b65b473,216,Hachiōji,35.65583,139.32389,JP,2017-11-11 14:26:00
2018_2308839,139656,473,35.68620177689125,139.34029950168588,南京亭,梅坪町134-1,Chinese Restaurant,4bf58dd8d48988d145941735,76,Hachiōji,35.65583,139.32389,JP,2017-11-11 15:41:00
2018_2308840,139656,80,35.686372308734526,139.34108496154775,道の駅 八王子滝山,滝山町1-592-2,Rest Area,4d954b16a243a5684b65b473,216,Hachiōji,35.65583,139.32389,JP,2017-11-18 13:47:00
2018_2308840,139656,473,35.68620177689125,139.34029950168588,南京亭,梅坪町134-1,Chinese Restaurant,4bf58dd8d48988d145941735,76,Hachiōji,35.65583,139.32389,JP,2017-11-18 16:57:00
2018_2308844,139656,80,35.686372308734526,139.34108496154775,道の駅 八王子滝山,滝山町1-592-2,Rest Area,4d954b16a243a5684b65b473,216,Hachiōji,35.65583,139.32389,JP,2017-11-25 13:09:00
2018_2308844,139656,473,35.68620177689125,139.34029950168588,南京亭,梅坪町134-1,Chinese Restaurant,4bf58dd8d48988d145941735,76,Hachiōji,35.65583,139.32389,JP,2017-11-25 16:31:00
2018_2308845,139656,80,35.686372308734526,139.34108496154775,道の駅 八王子滝山,滝山町1-592-2,Rest Area,4d954b16a243a5684b65b473,216,Hachiōji,35.65583,139.32389,JP,2017-12-02 13:12:00
2018_2308845,139656,473,35.68620177689125,139.34029950168588,南京亭,梅坪町134-1,Chinese Restaurant,4bf58dd8d48988d145941735,76,Hachiōji,35.65583,139.32389,JP,2017-12-02 14:52:00
2018_2308846,139656,80,35.686372308734526,139.34108496154775,道の駅 八王子滝山,滝山町1-592-2,Rest Area,4d954b16a243a5684b65b473,216,Hachiōji,35.65583,139.32389,JP,2017-12-09 13:09:00
2018_2308846,139656,473,35.68620177689125,139.34029950168588,南京亭,梅坪町134-1,Chinese Restaurant,4bf58dd8d48988d145941735,76,Hachiōji,35.65583,139.32389,JP,2017-12-09 15:14:00
2018_2308849,139656,80,35.686372308734526,139.34108496154775,道の駅 八王子滝山,滝山町1-592-2,Rest Area,4d954b16a243a5684b65b473,216,Hachiōji,35.65583,139.32389,JP,2017-12-23 13:14:00
2018_2308849,139656,473,35.68620177689125,139.34029950168588,南京亭,梅坪町134-1,Chinese Restaurant,4bf58dd8d48988d145941735,76,Hachiōji,35.65583,139.32389,JP,2017-12-23 16:05:00
2018_2308851,139656,4285,35.680058,139.280263,ジョイフル,大楽寺町128-1,Restaurant,4bf58dd8d48988d1c4941735,149,Hachiōji,35.65583,139.32389,JP,2017-12-31 08:04:00
2018_2308851,139656,80,35.686372308734526,139.34108496154775,道の駅 八王子滝山,滝山町1-592-2,Rest Area,4d954b16a243a5684b65b473,216,Hachiōji,35.65583,139.32389,JP,2017-12-31 10:49:00
2018_2308851,139656,473,35.68620177689125,139.34029950168588,南京亭,梅坪町134-1,Chinese Restaurant,4bf58dd8d48988d145941735,76,Hachiōji,35.65583,139.32389,JP,2017-12-31 13:31:00
2018_2308852,139656,80,35.686372308734526,139.34108496154775,道の駅 八王子滝山,滝山町1-592-2,Rest Area,4d954b16a243a5684b65b473,216,Hachiōji,35.65583,139.32389,JP,2018-01-06 12:46:00
2018_2308852,139656,473,35.68620177689125,139.34029950168588,南京亭,梅坪町134-1,Chinese Restaurant,4bf58dd8d48988d145941735,76,Hachiōji,35.65583,139.32389,JP,2018-01-06 15:51:00
2018_2308857,139656,80,35.686372308734526,139.34108496154775,道の駅 八王子滝山,滝山町1-592-2,Rest Area,4d954b16a243a5684b65b473,216,Hachiōji,35.65583,139.32389,JP,2018-01-20 15:10:00
2018_2308857,139656,473,35.68620177689125,139.34029950168588,南京亭,梅坪町134-1,Chinese Restaurant,4bf58dd8d48988d145941735,76,Hachiōji,35.65583,139.32389,JP,2018-01-20 16:10:00
2018_2308859,139656,80,35.686372308734526,139.34108496154775,道の駅 八王子滝山,滝山町1-592-2,Rest Area,4d954b16a243a5684b65b473,216,Hachiōji,35.65583,139.32389,JP,2018-01-27 15:02:00
2018_2308859,139656,473,35.68620177689125,139.34029950168588,南京亭,梅坪町134-1,Chinese Restaurant,4bf58dd8d48988d145941735,76,Hachiōji,35.65583,139.32389,JP,2018-01-27 17:14:00
2018_2308861,139656,80,35.686372308734526,139.34108496154775,道の駅 八王子滝山,滝山町1-592-2,Rest Area,4d954b16a243a5684b65b473,216,Hachiōji,35.65583,139.32389,JP,2018-02-10 13:47:00
2018_2308861,139656,473,35.68620177689125,139.34029950168588,南京亭,梅坪町134-1,Chinese Restaurant,4bf58dd8d48988d145941735,76,Hachiōji,35.65583,139.32389,JP,2018-02-10 15:30:00
2018_2308863,139656,80,35.686372308734526,139.34108496154775,道の駅 八王子滝山,滝山町1-592-2,Rest Area,4d954b16a243a5684b65b473,216,Hachiōji,35.65583,139.32389,JP,2018-02-17 13:42:00
2018_2308863,139656,199,35.70785607353304,139.3453694735955,ENEOS EneJet シンエネ昭島SS,拝島町1-17-1,Gas Station,4bf58dd8d48988d113951735,28,Fussa,35.73667,139.32361,JP,2018-02-17 18:34:00
2018_2308864,139656,80,35.686372308734526,139.34108496154775,道の駅 八王子滝山,滝山町1-592-2,Rest Area,4d954b16a243a5684b65b473,216,Hachiōji,35.65583,139.32389,JP,2018-02-24 14:07:00
2018_2308864,139656,473,35.68620177689125,139.34029950168588,南京亭,梅坪町134-1,Chinese Restaurant,4bf58dd8d48988d145941735,76,Hachiōji,35.65583,139.32389,JP,2018-02-24 15:33:00
2018_2308866,139656,80,35.686372308734526,139.34108496154775,道の駅 八王子滝山,滝山町1-592-2,Rest Area,4d954b16a243a5684b65b473,216,Hachiōji,35.65583,139.32389,JP,2018-03-03 14:31:00
2018_2308866,139656,473,35.68620177689125,139.34029950168588,南京亭,梅坪町134-1,Chinese Restaurant,4bf58dd8d48988d145941735,76,Hachiōji,35.65583,139.32389,JP,2018-03-03 16:49:00
2018_2308868,139656,80,35.686372308734526,139.34108496154775,道の駅 八王子滝山,滝山町1-592-2,Rest Area,4d954b16a243a5684b65b473,216,Hachiōji,35.65583,139.32389,JP,2018-03-10 13:32:00
2018_2308868,139656,473,35.68620177689125,139.34029950168588,南京亭,梅坪町134-1,Chinese Restaurant,4bf58dd8d48988d145941735,76,Hachiōji,35.65583,139.32389,JP,2018-03-10 15:22:00
2018_2308869,139656,80,35.686372308734526,139.34108496154775,道の駅 八王子滝山,滝山町1-592-2,Rest Area,4d954b16a243a5684b65b473,216,Hachiōji,35.65583,139.32389,JP,2018-03-17 13:15:00
2018_2308869,139656,473,35.68620177689125,139.34029950168588,南京亭,梅坪町134-1,Chinese Restaurant,4bf58dd8d48988d145941735,76,Hachiōji,35.65583,139.32389,JP,2018-03-17 15:55:00
2018_2308874,139656,80,35.686372308734526,139.34108496154775,道の駅 八王子滝山,滝山町1-592-2,Rest Area,4d954b16a243a5684b65b473,216,Hachiōji,35.65583,139.32389,JP,2018-05-12 13:46:00
2018_2308874,139656,473,35.68620177689125,139.34029950168588,南京亭,梅坪町134-1,Chinese Restaurant,4bf58dd8d48988d145941735,76,Hachiōji,35.65583,139.32389,JP,2018-05-12 15:51:00
2018_2308875,139656,80,35.686372308734526,139.34108496154775,道の駅 八王子滝山,滝山町1-592-2,Rest Area,4d954b16a243a5684b65b473,216,Hachiōji,35.65583,139.32389,JP,2018-05-19 14:23:00
2018_2308875,139656,473,35.68620177689125,139.34029950168588,南京亭,梅坪町134-1,Chinese Restaurant,4bf58dd8d48988d145941735,76,Hachiōji,35.65583,139.32389,JP,2018-05-19 14:49:00
2018_2308879,139656,80,35.686372308734526,139.34108496154775,道の駅 八王子滝山,滝山町1-592-2,Rest Area,4d954b16a243a5684b65b473,216,Hachiōji,35.65583,139.32389,JP,2018-07-07 13:35:00
2018_2308879,139656,473,35.68620177689125,139.34029950168588,南京亭,梅坪町134-1,Chinese Restaurant,4bf58dd8d48988d145941735,76,Hachiōji,35.65583,139.32389,JP,2018-07-07 15:56:00
2018_2308880,139656,80,35.686372308734526,139.34108496154775,道の駅 八王子滝山,滝山町1-592-2,Rest Area,4d954b16a243a5684b65b473,216,Hachiōji,35.65583,139.32389,JP,2018-07-21 13:06:00
2018_2308880,139656,473,35.68620177689125,139.34029950168588,南京亭,梅坪町134-1,Chinese Restaurant,4bf58dd8d48988d145941735,76,Hachiōji,35.65583,139.32389,JP,2018-07-21 16:28:00
2018_2308884,139656,80,35.686372308734526,139.34108496154775,道の駅 八王子滝山,滝山町1-592-2,Rest Area,4d954b16a243a5684b65b473,216,Hachiōji,35.65583,139.32389,JP,2018-08-13 15:43:00
2018_2308884,139656,473,35.68620177689125,139.34029950168588,南京亭,梅坪町134-1,Chinese Restaurant,4bf58dd8d48988d145941735,76,Hachiōji,35.65583,139.32389,JP,2018-08-13 17:50:00
2018_2308885,139656,80,35.686372308734526,139.34108496154775,道の駅 八王子滝山,滝山町1-592-2,Rest Area,4d954b16a243a5684b65b473,216,Hachiōji,35.65583,139.32389,JP,2018-08-15 11:45:00
2018_2308885,139656,473,35.68620177689125,139.34029950168588,南京亭,梅坪町134-1,Chinese Restaurant,4bf58dd8d48988d145941735,76,Hachiōji,35.65583,139.32389,JP,2018-08-15 16:29:00
2018_2308886,139656,80,35.686372308734526,139.34108496154775,道の駅 八王子滝山,滝山町1-592-2,Rest Area,4d954b16a243a5684b65b473,216,Hachiōji,35.65583,139.32389,JP,2018-08-18 13:29:00
2018_2308886,139656,473,35.68620177689125,139.34029950168588,南京亭,梅坪町134-1,Chinese Restaurant,4bf58dd8d48988d145941735,76,Hachiōji,35.65583,139.32389,JP,2018-08-18 14:54:00
2018_2308887,139656,80,35.686372308734526,139.34108496154775,道の駅 八王子滝山,滝山町1-592-2,Rest Area,4d954b16a243a5684b65b473,216,Hachiōji,35.65583,139.32389,JP,2018-09-15 14:36:00
2018_2308887,139656,473,35.68620177689125,139.34029950168588,南京亭,梅坪町134-1,Chinese Restaurant,4bf58dd8d48988d145941735,76,Hachiōji,35.65583,139.32389,JP,2018-09-15 16:04:00
2018_2498114,156873,3797,35.724947348053504,139.32156730739635,ハイネス二宮,二宮東2-3-36,Racetrack,4bf58dd8d48988d1f4931735,185,Fussa,35.73667,139.32361,JP,2017-10-13 13:21:00
2018_2498114,156873,3567,35.75673274424354,139.34206940324736,ドン・キホーテ 多摩瑞穂店,むさし野3-11-3,Discount Store,52dea92d3cf9994f4e043dbb,265,Fussa,35.73667,139.32361,JP,2017-10-13 13:46:00
2018_2498114,156873,3222,35.75442109068148,139.32973614762022,トキオ精工,神明台4丁目8-42,Factory,4eb1bea83b7b6f98df247e06,224,Fussa,35.73667,139.32361,JP,2017-10-13 14:17:00
2018_2498115,156873,3960,35.75909872954084,139.3358189609522,バリーコーポレーション,双葉町2-20-52,Auto Workshop,56aa371be4b08b9a8d5734d3,343,Fussa,35.73667,139.32361,JP,2017-10-14 03:52:00
2018_2498115,156873,3822,35.756621320811355,139.3141324827942,横浜家系ラーメン おか家,羽東2-15-1,Ramen Restaurant,55a59bace4b013909087cb24,335,Fussa,35.73667,139.32361,JP,2017-10-14 04:25:00
2018_2498116,156873,3876,35.61879500897339,139.25997097805998,株式会社エコリターン,南浅川町3131-1,Recycling Facility,4f4531084b9074f6e4fb0101,240,Hachiōji,35.65583,139.32389,JP,2017-10-15 14:26:00
2018_2498116,156873,125,35.638242079798744,139.3062875798874,ドン・キホーテ,椚田町586-22,Discount Store,52dea92d3cf9994f4e043dbb,265,Hachiōji,35.65583,139.32389,JP,2017-10-15 14:49:00
2018_2498117,156873,3579,35.75677715592581,139.3423112732072,瑞穂 大和家,むさし野3-11-3,Ramen Restaurant,55a59bace4b013909087cb24,335,Fussa,35.73667,139.32361,JP,2017-10-21 06:40:00
2018_2498117,156873,1751,35.75821795549495,139.3265080142437,スーパーオートバックス SA羽村店,神明台4-1-1,Automotive Shop,4bf58dd8d48988d124951735,52,Fussa,35.73667,139.32361,JP,2017-10-21 08:30:00
2018_2498117,156873,3876,35.61879500897339,139.25997097805998,株式会社エコリターン,南浅川町3131-1,Recycling Facility,4f4531084b9074f6e4fb0101,240,Hachiōji,35.65583,139.32389,JP,2017-10-21 15:29:00
2018_2498118,156873,719,35.63018223742505,139.32823359566868,昭和シェル石油 八王子みなみ野SS,みなみ野2-2,Gas Station,4bf58dd8d48988d113951735,28,Hachiōji,35.65583,139.32389,JP,2017-10-27 16:00:00
2018_2498118,156873,4251,,,,,Home (private),4bf58dd8d48988d103941735,3,Fussa,35.73667,139.32361,JP,2017-10-27 17:01:00
2018_2498119,156873,3797,35.724947348053504,139.32156730739635,ハイネス二宮,二宮東2-3-36,Racetrack,4bf58dd8d48988d1f4931735,185,Fussa,35.73667,139.32361,JP,2017-10-28 03:39:00
2018_2498119,156873,80,35.686372308734526,139.34108496154775,道の駅 八王子滝山,滝山町1-592-2,Rest Area,4d954b16a243a5684b65b473,216,Hachiōji,35.65583,139.32389,JP,2017-10-28 09:25:00
2018_2498119,156873,3876,35.61879500897339,139.25997097805998,株式会社エコリターン,南浅川町3131-1,Recycling Facility,4f4531084b9074f6e4fb0101,240,Hachiōji,35.65583,139.32389,JP,2017-10-28 15:05:00
2018_2498120,156873,3863,35.79033340644429,139.3222804536442,軽自動車検査協会 八王子支所,新町6丁目18-２,Government Building,4bf58dd8d48988d126941735,53,Fussa,35.73667,139.32361,JP,2017-10-30 01:27:00
2018_2498120,156873,3797,35.724947348053504,139.32156730739635,ハイネス二宮,二宮東2-3-36,Racetrack,4bf58dd8d48988d1f4931735,185,Fussa,35.73667,139.32361,JP,2017-10-30 03:11:00
2018_2498121,156873,929,35.72876305187211,139.2855792492628,美豚 あきる野店,秋川2-2-4,Noodle House,4bf58dd8d48988d1d1941735,157,Fussa,35.73667,139.32361,JP,2017-11-03 12:54:00
2018_2498121,156873,3797,35.724947348053504,139.32156730739635,ハイネス二宮,二宮東2-3-36,Racetrack,4bf58dd8d48988d1f4931735,185,Fussa,35.73667,139.32361,JP,2017-11-03 18:13:00
2018_2498123,156873,3557,35.63769140724817,139.30650510743885,ENEOS EneJet Dr. Driveセルフ椚田店,椚田町553-19,Gas Station,4bf58dd8d48988d113951735,28,Hachiōji,35.65583,139.32389,JP,2017-11-07 13:46:00
2018_2498123,156873,3876,35.61879500897339,139.25997097805998,株式会社エコリターン,南浅川町3131-1,Recycling Facility,4f4531084b9074f6e4fb0101,240,Hachiōji,35.65583,139.32389,JP,2017-11-07 13:58:00
2018_2498124,156873,4194,,,,,Home (private),4bf58dd8d48988d103941735,3,Hachiōji,35.65583,139.32389,JP,2017-11-12 02:58:00
2018_2498124,156873,4251,,,,,Home (private),4bf58dd8d48988d103941735,3,Fussa,35.73667,139.32361,JP,2017-11-12 10:50:00
2018_2498124,156873,3797,35.724947348053504,139.32156730739635,ハイネス二宮,二宮東2-3-36,Racetrack,4bf58dd8d48988d1f4931735,185,Fussa,35.73667,139.32361,JP,2017-11-12 18:17:00
2018_2498124,156873,1392,35.64142250424583,139.3219587108321,磯沼ミルクファーム,小比企町1625,Farm,4bf58dd8d48988d15b941735,88,Hachiōji,35.65583,139.32389,JP,2017-11-12 18:38:00
2018_2498125,156873,719,35.63018223742505,139.32823359566868,昭和シェル石油 八王子みなみ野SS,みなみ野2-2,Gas Station,4bf58dd8d48988d113951735,28,Hachiōji,35.65583,139.32389,JP,2017-11-19 23:57:00
2018_2498125,156873,4251,,,,,Home (private),4bf58dd8d48988d103941735,3,Fussa,35.73667,139.32361,JP,2017-11-20 04:06:00
2018_2498125,156873,3876,35.61879500897339,139.25997097805998,株式会社エコリターン,南浅川町3131-1,Recycling Facility,4f4531084b9074f6e4fb0101,240,Hachiōji,35.65583,139.32389,JP,2017-11-20 15:45:00
2018_2498126,156873,2029,35.63816432314114,139.30419832614012,スズキアリーナ めじろ台,椚田町585-10,Automotive Shop,4bf58dd8d48988d124951735,52,Hachiōji,35.65583,139.32389,JP,2017-11-25 05:26:00
2018_2498126,156873,3797,35.724947348053504,139.32156730739635,ハイネス二宮,二宮東2-3-36,Racetrack,4bf58dd8d48988d1f4931735,185,Fussa,35.73667,139.32361,JP,2017-11-25 07:01:00
2018_2498126,156873,83,35.73477061492302,139.27481174119748,イオンモール日の出,平井237-3,Shopping Mall,4bf58dd8d48988d1fd941735,200,Fussa,35.73667,139.32361,JP,2017-11-25 09:25:00
2018_2498126,156873,4251,,,,,Home (private),4bf58dd8d48988d103941735,3,Fussa,35.73667,139.32361,JP,2017-11-25 14:14:00
2018_2498127,156873,1313,35.68376582099339,139.34859935525174,apollostation 八王子インターSS,宇津木町761-1,Gas Station,4bf58dd8d48988d113951735,28,Hachiōji,35.65583,139.32389,JP,2017-12-02 00:34:00
2018_2498127,156873,2029,35.63816432314114,139.30419832614012,スズキアリーナ めじろ台,椚田町585-10,Automotive Shop,4bf58dd8d48988d124951735,52,Hachiōji,35.65583,139.32389,JP,2017-12-02 03:46:00
2018_2498127,156873,4251,,,,,Home (private),4bf58dd8d48988d103941735,3,Fussa,35.73667,139.32361,JP,2017-12-02 04:37:00
2018_2498128,156873,484,35.66650200783046,139.31590804391038,八王子市役所,元本郷町3-24-1,City Hall,4bf58dd8d48988d129941735,58,Hachiōji,35.65583,139.32389,JP,2017-12-05 05:50:00
2018_2498128,156873,1746,35.757851125036275,139.3686765668976,パーツオフ 武蔵村山店,三ツ藤3-11-8,Thrift / Vintage Store,4bf58dd8d48988d101951735,2,Fussa,35.73667,139.32361,JP,2017-12-05 07:43:00
2018_2498130,156873,479,35.64481139856523,139.351537526809,スーパーオートバックス八王子,打越町2004-1,Automotive Shop,4bf58dd8d48988d124951735,52,Hachiōji,35.65583,139.32389,JP,2017-12-11 10:36:00
2018_2498130,156873,719,35.63018223742505,139.32823359566868,昭和シェル石油 八王子みなみ野SS,みなみ野2-2,Gas Station,4bf58dd8d48988d113951735,28,Hachiōji,35.65583,139.32389,JP,2017-12-11 17:15:00
2018_2498133,156873,719,35.63018223742505,139.32823359566868,昭和シェル石油 八王子みなみ野SS,みなみ野2-2,Gas Station,4bf58dd8d48988d113951735,28,Hachiōji,35.65583,139.32389,JP,2017-12-29 03:40:00
2018_2498133,156873,3797,35.724947348053504,139.32156730739635,ハイネス二宮,二宮東2-3-36,Racetrack,4bf58dd8d48988d1f4931735,185,Fussa,35.73667,139.32361,JP,2017-12-29 04:15:00
2018_2498134,156873,1281,35.59102544993985,139.34976518154144,アリオ橋本,緑区大山町1-22,Shopping Mall,4bf58dd8d48988d1fd941735,200,Hachiōji,35.65583,139.32389,JP,2018-01-12 09:45:00
2018_2498134,156873,3077,35.554769211472134,139.2622661042016,ローソン 相模原舟久保店,緑区長竹2881-1,Convenience Store,4d954b0ea243a5684a65b473,215,Hachiōji,35.65583,139.32389,JP,2018-01-12 10:47:00
2018_2498135,156873,3797,35.724947348053504,139.32156730739635,ハイネス二宮,二宮東2-3-36,Racetrack,4bf58dd8d48988d1f4931735,185,Fussa,35.73667,139.32361,JP,2018-01-20 05:44:00
2018_2498135,156873,1398,35.72300818300354,139.29635401466462,すき家,秋留2-1-5,Donburi Restaurant,55a59bace4b013909087cb0c,331,Fussa,35.73667,139.32361,JP,2018-01-20 06:15:00
2018_2498135,156873,1004,35.71443845804875,139.36428487462226,トイザらス,田中町573-1-4,Toy / Game Store,4bf58dd8d48988d1f3941735,184,Fussa,35.73667,139.32361,JP,2018-01-20 09:50:00
2018_2498136,156873,60,35.734546701573215,139.3224617921431,福生市中央体育館,北田園2-9-1,Gym / Fitness Center,4bf58dd8d48988d175941735,109,Fussa,35.73667,139.32361,JP,2018-01-24 12:36:00
2018_2498136,156873,3797,35.724947348053504,139.32156730739635,ハイネス二宮,二宮東2-3-36,Racetrack,4bf58dd8d48988d1f4931735,185,Fussa,35.73667,139.32361,JP,2018-01-24 12:42:00
2018_2498137,156873,1659,35.63096363378414,139.32899088374666,アピナ 八王子みなみ野店,みなみ野1-2-1,Arcade,4bf58dd8d48988d1e1931735,167,Hachiōji,35.65583,139.32389,JP,2018-01-27 09:30:00
2018_2498137,156873,3953,35.59467,139.3276,スシロー,緑区西橋本4-8-48,Sushi Restaurant,4bf58dd8d48988d1d2941735,158,Hachiōji,35.65583,139.32389,JP,2018-01-27 09:53:00
2018_2498138,156873,292,35.763491272912084,139.35659766622564,ドラマ 瑞穂店 (DORAMA),武蔵382-1,Arcade,4bf58dd8d48988d1e1931735,167,Fussa,35.73667,139.32361,JP,2018-02-04 08:59:00
2018_2498138,156873,3567,35.75673274424354,139.34206940324736,ドン・キホーテ 多摩瑞穂店,むさし野3-11-3,Discount Store,52dea92d3cf9994f4e043dbb,265,Fussa,35.73667,139.32361,JP,2018-02-04 09:48:00
2018_2498139,156873,1605,35.60337189824927,139.37211686186492,オートバックス 多摩境店,小山ヶ丘2-3-4,Automotive Shop,4bf58dd8d48988d124951735,52,Hachiōji,35.65583,139.32389,JP,2018-02-09 09:10:00
2018_2498139,156873,3222,35.75442109068148,139.32973614762022,トキオ精工,神明台4丁目8-42,Factory,4eb1bea83b7b6f98df247e06,224,Fussa,35.73667,139.32361,JP,2018-02-09 13:36:00
2018_2498140,156873,4260,35.665106534476166,139.28836620598827,車検のコバック 元八王子店,元八王子町1-406-1,Auto Garage,52f2ab2ebcbc57f1066b8b44,308,Hachiōji,35.65583,139.32389,JP,2018-02-10 06:27:00
2018_2498140,156873,1096,35.65836847800488,139.28216814994812,ミニストップ 元八王子2丁目店,元八王子町2-1151-4,Convenience Store,4d954b0ea243a5684a65b473,215,Hachiōji,35.65583,139.32389,JP,2018-02-10 07:47:00
2018_2498140,156873,719,35.63018223742505,139.32823359566868,昭和シェル石油 八王子みなみ野SS,みなみ野2-2,Gas Station,4bf58dd8d48988d113951735,28,Hachiōji,35.65583,139.32389,JP,2018-02-10 11:31:00
2018_2498140,156873,3876,35.61879500897339,139.25997097805998,株式会社エコリターン,南浅川町3131-1,Recycling Facility,4f4531084b9074f6e4fb0101,240,Hachiōji,35.65583,139.32389,JP,2018-02-10 16:14:00
2018_2498141,156873,60,35.734546701573215,139.3224617921431,福生市中央体育館,北田園2-9-1,Gym / Fitness Center,4bf58dd8d48988d175941735,109,Fussa,35.73667,139.32361,JP,2018-02-13 10:05:00
2018_2498141,156873,4194,,,,,Home (private),4bf58dd8d48988d103941735,3,Hachiōji,35.65583,139.32389,JP,2018-02-13 13:24:00
2018_2498142,156873,3797,35.724947348053504,139.32156730739635,ハイネス二宮,二宮東2-3-36,Racetrack,4bf58dd8d48988d1f4931735,185,Fussa,35.73667,139.32361,JP,2018-02-17 08:46:00
2018_2498142,156873,209,35.721638,139.35526,昭島温泉 湯楽の里,美堀町3-14-10,Hot Spring,4bf58dd8d48988d160941735,92,Fussa,35.73667,139.32361,JP,2018-02-17 12:39:00
2018_2498143,156873,1746,35.757851125036275,139.3686765668976,パーツオフ 武蔵村山店,三ツ藤3-11-8,Thrift / Vintage Store,4bf58dd8d48988d101951735,2,Fussa,35.73667,139.32361,JP,2018-02-25 07:06:00
2018_2498143,156873,3797,35.724947348053504,139.32156730739635,ハイネス二宮,二宮東2-3-36,Racetrack,4bf58dd8d48988d1f4931735,185,Fussa,35.73667,139.32361,JP,2018-02-25 09:26:00
2018_2498143,156873,4585,35.72030319901883,139.32377551438634,驚安堂 あきる野店,小川東3-9-11,Supermarket,52f2ab2ebcbc57f1066b8b46,309,Fussa,35.73667,139.32361,JP,2018-02-25 11:58:00
2018_2498144,156873,3822,35.756621320811355,139.3141324827942,横浜家系ラーメン おか家,羽東2-15-1,Ramen Restaurant,55a59bace4b013909087cb24,335,Fussa,35.73667,139.32361,JP,2018-03-24 09:34:00
2018_2498144,156873,1260,35.749868596223045,139.32689163833857,壱発ラーメン,加美平1-18-19,Ramen Restaurant,55a59bace4b013909087cb24,335,Fussa,35.73667,139.32361,JP,2018-03-24 09:52:00
2018_2498144,156873,3797,35.724947348053504,139.32156730739635,ハイネス二宮,二宮東2-3-36,Racetrack,4bf58dd8d48988d1f4931735,185,Fussa,35.73667,139.32361,JP,2018-03-24 10:47:00
2018_2498144,156873,3876,35.61879500897339,139.25997097805998,株式会社エコリターン,南浅川町3131-1,Recycling Facility,4f4531084b9074f6e4fb0101,240,Hachiōji,35.65583,139.32389,JP,2018-03-24 16:46:00
2018_2498145,156873,719,35.63018223742505,139.32823359566868,昭和シェル石油 八王子みなみ野SS,みなみ野2-2,Gas Station,4bf58dd8d48988d113951735,28,Hachiōji,35.65583,139.32389,JP,2018-03-30 09:40:00
2018_2498145,156873,555,35.71390666540177,139.35581965215374,昭島 大和家,松原町1-9-1,Ramen Restaurant,55a59bace4b013909087cb24,335,Fussa,35.73667,139.32361,JP,2018-03-30 14:33:00
2018_2498146,156873,3797,35.724947348053504,139.32156730739635,ハイネス二宮,二宮東2-3-36,Racetrack,4bf58dd8d48988d1f4931735,185,Fussa,35.73667,139.32361,JP,2018-03-31 11:47:00
2018_2498146,156873,1543,35.748961122941445,139.32532086968422,サイゼリヤ,加美平1-13-14,Italian Restaurant,4bf58dd8d48988d110941735,21,Fussa,35.73667,139.32361,JP,2018-03-31 12:34:00
2018_2498147,156873,3797,35.724947348053504,139.32156730739635,ハイネス二宮,二宮東2-3-36,Racetrack,4bf58dd8d48988d1f4931735,185,Fussa,35.73667,139.32361,JP,2018-04-07 00:40:00
2018_2498147,156873,3960,35.75909872954084,139.3358189609522,バリーコーポレーション,双葉町2-20-52,Auto Workshop,56aa371be4b08b9a8d5734d3,343,Fussa,35.73667,139.32361,JP,2018-04-07 04:06:00
2018_2498147,156873,3822,35.756621320811355,139.3141324827942,横浜家系ラーメン おか家,羽東2-15-1,Ramen Restaurant,55a59bace4b013909087cb24,335,Fussa,35.73667,139.32361,JP,2018-04-07 09:11:00
2018_2498149,156873,3385,35.602197934780726,139.37480430940766,スズキアリーナ多摩境,小山ヶ丘2‐2‐9,Automotive Shop,4bf58dd8d48988d124951735,52,Hachiōji,35.65583,139.32389,JP,2018-04-11 09:23:00
2018_2498149,156873,3876,35.61879500897339,139.25997097805998,株式会社エコリターン,南浅川町3131-1,Recycling Facility,4f4531084b9074f6e4fb0101,240,Hachiōji,35.65583,139.32389,JP,2018-04-11 13:14:00
2018_2498149,156873,4194,,,,,Home (private),4bf58dd8d48988d103941735,3,Hachiōji,35.65583,139.32389,JP,2018-04-11 18:12:00
2018_2498150,156873,3960,35.75909872954084,139.3358189609522,バリーコーポレーション,双葉町2-20-52,Auto Workshop,56aa371be4b08b9a8d5734d3,343,Fussa,35.73667,139.32361,JP,2018-04-28 07:01:00
2018_2498150,156873,3380,35.73419234121308,139.3272505320183,カーランドリー福生408,福生408,Car Wash,4f04ae1f2fb6e1c99f3db0ba,232,Fussa,35.73667,139.32361,JP,2018-04-28 09:50:00
2018_2498152,156873,3041,35.643930435305,139.32940185070038,セブンイレブン 八王子小比企東店,小比企町1132-2,Convenience Store,4d954b0ea243a5684a65b473,215,Hachiōji,35.65583,139.32389,JP,2018-05-05 14:48:00
2018_2498152,156873,3876,35.61879500897339,139.25997097805998,株式会社エコリターン,南浅川町3131-1,Recycling Facility,4f4531084b9074f6e4fb0101,240,Hachiōji,35.65583,139.32389,JP,2018-05-05 16:35:00
2018_2498153,156873,3960,35.75909872954084,139.3358189609522,バリーコーポレーション,双葉町2-20-52,Auto Workshop,56aa371be4b08b9a8d5734d3,343,Fussa,35.73667,139.32361,JP,2018-05-06 02:50:00
2018_2498153,156873,3797,35.724947348053504,139.32156730739635,ハイネス二宮,二宮東2-3-36,Racetrack,4bf58dd8d48988d1f4931735,185,Fussa,35.73667,139.32361,JP,2018-05-06 04:36:00
2018_2498154,156873,1605,35.60337189824927,139.37211686186492,オートバックス 多摩境店,小山ヶ丘2-3-4,Automotive Shop,4bf58dd8d48988d124951735,52,Hachiōji,35.65583,139.32389,JP,2018-05-08 09:25:00
2018_2498154,156873,719,35.63018223742505,139.32823359566868,昭和シェル石油 八王子みなみ野SS,みなみ野2-2,Gas Station,4bf58dd8d48988d113951735,28,Hachiōji,35.65583,139.32389,JP,2018-05-08 10:33:00
2018_2498155,156873,4168,35.5931504,139.3515938,蒙古タンメン中本,緑区東橋本1-21-12,Ramen Restaurant,55a59bace4b013909087cb24,335,Hachiōji,35.65583,139.32389,JP,2018-05-15 10:18:00
2018_2498155,156873,719,35.63018223742505,139.32823359566868,昭和シェル石油 八王子みなみ野SS,みなみ野2-2,Gas Station,4bf58dd8d48988d113951735,28,Hachiōji,35.65583,139.32389,JP,2018-05-15 13:42:00
2018_2498157,156873,584,35.6777383435228,139.33580584794746,CAREZZA 八王子店,左入町749-1,Automotive Shop,4bf58dd8d48988d124951735,52,Hachiōji,35.65583,139.32389,JP,2018-05-20 09:06:00
2018_2498157,156873,3557,35.63769140724817,139.30650510743885,ENEOS EneJet Dr. Driveセルフ椚田店,椚田町553-19,Gas Station,4bf58dd8d48988d113951735,28,Hachiōji,35.65583,139.32389,JP,2018-05-20 15:29:00
2018_2498157,156873,3797,35.724947348053504,139.32156730739635,ハイネス二宮,二宮東2-3-36,Racetrack,4bf58dd8d48988d1f4931735,185,Fussa,35.73667,139.32361,JP,2018-05-20 18:28:00
2018_2498158,156873,719,35.63018223742505,139.32823359566868,昭和シェル石油 八王子みなみ野SS,みなみ野2-2,Gas Station,4bf58dd8d48988d113951735,28,Hachiōji,35.65583,139.32389,JP,2018-05-28 05:27:00
2018_2498158,156873,4251,,,,,Home (private),4bf58dd8d48988d103941735,3,Fussa,35.73667,139.32361,JP,2018-05-28 08:25:00
2018_2498158,156873,2632,35.732916624891494,139.32561398406207,カッパ64,北田園1-6-9,Ramen Restaurant,55a59bace4b013909087cb24,335,Fussa,35.73667,139.32361,JP,2018-05-28 11:52:00
2018_2498165,156873,3797,35.724947348053504,139.32156730739635,ハイネス二宮,二宮東2-3-36,Racetrack,4bf58dd8d48988d1f4931735,185,Fussa,35.73667,139.32361,JP,2018-08-11 23:44:00
2018_2498165,156873,171,35.63110053667728,139.32905239376024,アクロスモール八王子みなみ野,みなみ野1-2-1,Shopping Mall,4bf58dd8d48988d1fd941735,200,Hachiōji,35.65583,139.32389,JP,2018-08-12 05:54:00
2018_2498166,156873,3797,35.724947348053504,139.32156730739635,ハイネス二宮,二宮東2-3-36,Racetrack,4bf58dd8d48988d1f4931735,185,Fussa,35.73667,139.32361,JP,2018-08-13 12:32:00
2018_2498166,156873,3567,35.75673274424354,139.34206940324736,ドン・キホーテ 多摩瑞穂店,むさし野3-11-3,Discount Store,52dea92d3cf9994f4e043dbb,265,Fussa,35.73667,139.32361,JP,2018-08-13 16:15:00
2018_2498166,156873,4244,,,,,Cemetery,4bf58dd8d48988d15c941735,89,Fussa,35.73667,139.32361,JP,2018-08-13 16:41:00
2018_2498167,156873,229,35.67287693688818,139.35689959571624,東海大学医学部付属八王子病院,石川町1838,Hospital,4bf58dd8d48988d196941735,129,Hachiōji,35.65583,139.32389,JP,2018-08-15 07:51:00
2018_2498167,156873,4340,35.673311,139.357117,東海大学医学部付属八王子病院 診療費自動精算機,,Hospital,4bf58dd8d48988d196941735,129,Hachiōji,35.65583,139.32389,JP,2018-08-15 10:47:00
2018_2498170,156873,956,35.582573527329465,139.3560925309165,ジョーシン 相模原小山店,中央区小山3-37-1,Electronics Store,4bf58dd8d48988d122951735,48,Hachiōji,35.65583,139.32389,JP,2018-08-28 09:31:00
2018_2498170,156873,2280,35.716278075699044,139.2838218488493,秋留橋,牛沼,Bridge,4bf58dd8d48988d1df941735,165,Fussa,35.73667,139.32361,JP,2018-08-28 15:53:00
2018_2498171,156873,719,35.63018223742505,139.32823359566868,昭和シェル石油 八王子みなみ野SS,みなみ野2-2,Gas Station,4bf58dd8d48988d113951735,28,Hachiōji,35.65583,139.32389,JP,2018-08-29 05:09:00
2018_2498171,156873,924,35.64909704165449,139.30751532898097,ラーメン専門 トモエ,散田町5-18-13,Ramen Restaurant,55a59bace4b013909087cb24,335,Hachiōji,35.65583,139.32389,JP,2018-08-29 05:27:00
2018_2498171,156873,2612,35.53896895436263,139.22294279587425,鳥居原駐車場,緑区鳥屋1674,Parking,4c38df4de52ce0d596b336e1,205,Hachiōji,35.65583,139.32389,JP,2018-08-29 06:49:00
2018_2498172,156873,3812,35.64055538316099,139.33283828433653,竜泉寺の湯 八王子みなみ野店,片倉町3505,Spa,4bf58dd8d48988d1ed941735,177,Hachiōji,35.65583,139.32389,JP,2018-09-02 14:52:00
2018_2498172,156873,3876,35.61879500897339,139.25997097805998,株式会社エコリターン,南浅川町3131-1,Recycling Facility,4f4531084b9074f6e4fb0101,240,Hachiōji,35.65583,139.32389,JP,2018-09-02 15:44:00
2018_2498174,156873,3797,35.724947348053504,139.32156730739635,ハイネス二宮,二宮東2-3-36,Racetrack,4bf58dd8d48988d1f4931735,185,Fussa,35.73667,139.32361,JP,2018-09-09 06:17:00
2018_2498174,156873,4720,35.777938,139.303502,町田商店 羽村小作店,東京都羽村市小作台1-22-5,Ramen Restaurant,55a59bace4b013909087cb24,335,Fussa,35.73667,139.32361,JP,2018-09-09 13:44:00
2018_2498174,156873,3797,35.724947348053504,139.32156730739635,ハイネス二宮,二宮東2-3-36,Racetrack,4bf58dd8d48988d1f4931735,185,Fussa,35.73667,139.32361,JP,2018-09-09 15:46:00
2018_2498175,156873,719,35.63018223742505,139.32823359566868,昭和シェル石油 八王子みなみ野SS,みなみ野2-2,Gas Station,4bf58dd8d48988d113951735,28,Hachiōji,35.65583,139.32389,JP,2018-09-13 10:14:00
2018_2498175,156873,4251,,,,,Home (private),4bf58dd8d48988d103941735,3,Fussa,35.73667,139.32361,JP,2018-09-13 15:47:00
2018_2498178,156873,3974,,,,,Home (private),4bf58dd8d48988d103941735,3,Fussa,35.73667,139.32361,JP,2018-09-15 12:20:00
2018_2498178,156873,3567,35.75673274424354,139.34206940324736,ドン・キホーテ 多摩瑞穂店,むさし野3-11-3,Discount Store,52dea92d3cf9994f4e043dbb,265,Fussa,35.73667,139.32361,JP,2018-09-15 14:22:00
2018_2498178,156873,4251,,,,,Home (private),4bf58dd8d48988d103941735,3,Fussa,35.73667,139.32361,JP,2018-09-15 14:42:00
2018_2498179,156873,3960,35.75909872954084,139.3358189609522,バリーコーポレーション,双葉町2-20-52,Auto Workshop,56aa371be4b08b9a8d5734d3,343,Fussa,35.73667,139.32361,JP,2018-10-13 08:03:00
2018_2498179,156873,1258,35.7393039232544,139.32747235974105,うな扇,本町19,Japanese Restaurant,4bf58dd8d48988d111941735,23,Fussa,35.73667,139.32361,JP,2018-10-13 10:11:00
2018_2604345,167728,4067,35.6251589403161,139.3253499350548,宇津貫公園,七国6-1,Park,4bf58dd8d48988d163941735,95,Hachiōji,35.65583,139.32389,JP,2017-10-09 02:17:00
2018_2604345,167728,4039,35.58796390998706,139.25408357992646,ツアラテックジャパン,緑区中野988,Motorcycle Shop,5032833091d4c4b30a586d60,250,Hachiōji,35.65583,139.32389,JP,2017-10-09 07:39:00
2018_2604349,167728,616,35.63777176958478,139.3312919654804,片倉つどいの森公園,片倉町3506,Park,4bf58dd8d48988d163941735,95,Hachiōji,35.65583,139.32389,JP,2017-11-11 02:12:00
2018_2604349,167728,358,35.539018,139.223096,鳥居原ふれあいの館,緑区鳥屋1674,Farmers Market,4bf58dd8d48988d1fa941735,195,Hachiōji,35.65583,139.32389,JP,2017-11-11 05:26:00
2018_2604349,167728,189,35.61179791608568,139.31070353556805,町田あいす工房ラッテ,相原町2567,Ice Cream Shop,4bf58dd8d48988d1c9941735,152,Hachiōji,35.65583,139.32389,JP,2017-11-11 06:16:00
2018_2604350,167728,1372,35.66289141535558,139.34009089234664,株式会社ヤマギシ,元横山町2-3-16,Hobby Shop,4bf58dd8d48988d1fb941735,197,Hachiōji,35.65583,139.32389,JP,2017-11-23 02:45:00
2018_2604350,167728,4230,35.642822,139.289156,イーアス高尾,東浅川町550-1,Shopping Mall,4bf58dd8d48988d1fd941735,200,Hachiōji,35.65583,139.32389,JP,2017-11-23 05:22:00
2018_2604352,167728,4230,35.642822,139.289156,イーアス高尾,東浅川町550-1,Shopping Mall,4bf58dd8d48988d1fd941735,200,Hachiōji,35.65583,139.32389,JP,2017-12-02 05:16:00
2018_2604352,167728,3671,35.6409715,139.2878535,スーパーバリュー 八王子高尾店,東浅川町546-20,Supermarket,52f2ab2ebcbc57f1066b8b46,309,Hachiōji,35.65583,139.32389,JP,2017-12-02 05:28:00
2018_2604352,167728,3239,35.648285888778844,139.3353054680908,キャスティング,緑町927-1,Fishing Store,52f2ab2ebcbc57f1066b8b16,297,Hachiōji,35.65583,139.32389,JP,2017-12-02 08:06:00
2018_2604352,167728,1911,35.638424629114525,139.30892798771333,タックルベリー 八王子めじろ台店,椚田町592-10,Fishing Store,52f2ab2ebcbc57f1066b8b16,297,Hachiōji,35.65583,139.32389,JP,2017-12-02 10:29:00
2018_2604352,167728,3239,35.648285888778844,139.3353054680908,キャスティング,緑町927-1,Fishing Store,52f2ab2ebcbc57f1066b8b16,297,Hachiōji,35.65583,139.32389,JP,2017-12-02 11:11:00
2018_2604357,167728,2084,35.657849085814696,139.33710389405235,ドン・キホーテ,中町1-3,Discount Store,52dea92d3cf9994f4e043dbb,265,Hachiōji,35.65583,139.32389,JP,2017-12-28 10:47:00
2018_2604357,167728,68,35.656721438977215,139.33842564813574,くまざわ書店 八王子店,旭町2-11,Bookstore,4bf58dd8d48988d114951735,29,Hachiōji,35.65583,139.32389,JP,2017-12-28 11:01:00
2018_2604358,167728,1326,35.654639063322705,139.33882782419246,ビックカメラ JR八王子駅店,旭町1-17,Electronics Store,4bf58dd8d48988d122951735,48,Hachiōji,35.65583,139.32389,JP,2017-12-30 05:00:00
2018_2604358,167728,50,35.65717,139.34062,ドスパラ 八王子店,旭町12-6,Electronics Store,4bf58dd8d48988d122951735,48,Hachiōji,35.65583,139.32389,JP,2017-12-30 05:11:00
2018_2604359,167728,3671,35.6409715,139.2878535,スーパーバリュー 八王子高尾店,東浅川町546-20,Supermarket,52f2ab2ebcbc57f1066b8b46,309,Hachiōji,35.65583,139.32389,JP,2017-12-31 04:11:00
2018_2604359,167728,4230,35.642822,139.289156,イーアス高尾,東浅川町550-1,Shopping Mall,4bf58dd8d48988d1fd941735,200,Hachiōji,35.65583,139.32389,JP,2017-12-31 05:56:00
2018_2604362,167728,650,35.63104618435946,139.2562287622395,高尾山駅,高尾町,Cable Car,52f2ab2ebcbc57f1066b8b50,315,Hachiōji,35.65583,139.32389,JP,2018-01-03 23:47:00
2018_2604362,167728,722,35.63019282409715,139.25447035022367,たこ杉 (蛸杉),高尾町,Tree,52e81612bcbc57f1066b7a24,282,Hachiōji,35.65583,139.32389,JP,2018-01-04 00:00:00
2018_2604362,167728,79,35.62583098778685,139.25022035837173,高尾山 薬王院,高尾町2177,Buddhist Temple,52e81612bcbc57f1066b7a3e,292,Hachiōji,35.65583,139.32389,JP,2018-01-04 00:29:00
2018_2604362,167728,2212,35.62616358713682,139.24977779388428,飯縄権現堂,高尾町2177,Buddhist Temple,52e81612bcbc57f1066b7a3e,292,Hachiōji,35.65583,139.32389,JP,2018-01-04 00:41:00
2018_2604362,167728,188,35.62506662981418,139.2436275131982,高尾山頂,高尾町,Mountain,4eb1d4d54b900d56c88a45fc,227,Hachiōji,35.65583,139.32389,JP,2018-01-04 00:57:00
2018_2604362,167728,756,35.631289798306256,139.2675861921362,髙橋家,高尾町2209,Soba Restaurant,55a59bace4b013909087cb27,336,Hachiōji,35.65583,139.32389,JP,2018-01-04 03:10:00
2018_2604364,167728,86,35.7465645056559,139.3847680091858,イオンモールむさし村山,榎1-1-3,Shopping Mall,4bf58dd8d48988d1fd941735,200,Fussa,35.73667,139.32361,JP,2018-01-14 05:34:00
2018_2604364,167728,2005,35.721237482327965,139.33550498412697,ステーキガスト,熊川360-2,Steakhouse,4bf58dd8d48988d1cc941735,154,Fussa,35.73667,139.32361,JP,2018-01-14 08:43:00
2018_2604366,167728,63,35.6323912,139.2699219,高尾山口駅 (Takaosanguchi Sta.) (KO53),高尾町2241,Train Station,4bf58dd8d48988d129951735,59,Hachiōji,35.65583,139.32389,JP,2018-02-10 01:54:00
2018_2604366,167728,3632,35.630347,139.268661,TAKAO 599 MUSEUM,高尾町2435-3,Museum,4bf58dd8d48988d181941735,117,Hachiōji,35.65583,139.32389,JP,2018-02-10 02:00:00
2018_2604366,167728,4039,35.58796390998706,139.25408357992646,ツアラテックジャパン,緑区中野988,Motorcycle Shop,5032833091d4c4b30a586d60,250,Hachiōji,35.65583,139.32389,JP,2018-02-10 06:33:00
2018_2604368,167728,4331,35.643640349308086,139.29002071020653,トイザらス・ベビーザらス,東浅川町550-1,Toy / Game Store,4bf58dd8d48988d1f3941735,184,Hachiōji,35.65583,139.32389,JP,2018-02-24 05:16:00
2018_2604368,167728,3671,35.6409715,139.2878535,スーパーバリュー 八王子高尾店,東浅川町546-20,Supermarket,52f2ab2ebcbc57f1066b8b46,309,Hachiōji,35.65583,139.32389,JP,2018-02-24 07:12:00
2018_2604374,167728,358,35.539018,139.223096,鳥居原ふれあいの館,緑区鳥屋1674,Farmers Market,4bf58dd8d48988d1fa941735,195,Hachiōji,35.65583,139.32389,JP,2018-03-18 06:36:00
2018_2604374,167728,62,35.54823168775814,139.25813110593197,服部牧場,半原6087,Farm,4bf58dd8d48988d15b941735,88,Hachiōji,35.65583,139.32389,JP,2018-03-18 07:05:00
2018_2604374,167728,3050,35.54826348302751,139.27650332450867,志田峠,緑区長竹,Road,4bf58dd8d48988d1f9931735,192,Hachiōji,35.65583,139.32389,JP,2018-03-18 07:14:00
2018_2604374,167728,189,35.61179791608568,139.31070353556805,町田あいす工房ラッテ,相原町2567,Ice Cream Shop,4bf58dd8d48988d1c9941735,152,Hachiōji,35.65583,139.32389,JP,2018-03-18 07:43:00
2018_2604374,167728,4230,35.642822,139.289156,イーアス高尾,東浅川町550-1,Shopping Mall,4bf58dd8d48988d1fd941735,200,Hachiōji,35.65583,139.32389,JP,2018-03-18 08:23:00
2018_2604378,167728,4230,35.642822,139.289156,イーアス高尾,東浅川町550-1,Shopping Mall,4bf58dd8d48988d1fd941735,200,Hachiōji,35.65583,139.32389,JP,2018-04-07 02:31:00
2018_2604378,167728,3671,35.6409715,139.2878535,スーパーバリュー 八王子高尾店,東浅川町546-20,Supermarket,52f2ab2ebcbc57f1066b8b46,309,Hachiōji,35.65583,139.32389,JP,2018-04-07 04:45:00
2018_2604378,167728,283,35.63781925835725,139.29344415664673,イトーヨーカドー 八王子店,狭間町1462-1,Supermarket,52f2ab2ebcbc57f1066b8b46,309,Hachiōji,35.65583,139.32389,JP,2018-04-07 04:55:00
2018_2604382,167728,4039,35.58796390998706,139.25408357992646,ツアラテックジャパン,緑区中野988,Motorcycle Shop,5032833091d4c4b30a586d60,250,Hachiōji,35.65583,139.32389,JP,2018-04-22 05:57:00
2018_2604382,167728,31,35.760225941206684,139.358292554971,ジョイフル本田,殿ケ谷442,Furniture / Home Store,4bf58dd8d48988d1f8941735,191,Fussa,35.73667,139.32361,JP,2018-04-22 08:52:00
2018_2604382,167728,621,35.76244740085073,139.3266522417377,定食屋 味里 神明台店,神明台3-5-1,Japanese Restaurant,4bf58dd8d48988d111941735,23,Fussa,35.73667,139.32361,JP,2018-04-22 10:28:00
2018_2604396,167728,3239,35.648285888778844,139.3353054680908,キャスティング,緑町927-1,Fishing Store,52f2ab2ebcbc57f1066b8b16,297,Hachiōji,35.65583,139.32389,JP,2018-06-23 09:58:00
2018_2604396,167728,581,35.663257,139.336851,びっくりドンキー,元横山町2-10-13,Steakhouse,4bf58dd8d48988d1cc941735,154,Hachiōji,35.65583,139.32389,JP,2018-06-23 11:31:00
2018_2604398,167728,719,35.63018223742505,139.32823359566868,昭和シェル石油 八王子みなみ野SS,みなみ野2-2,Gas Station,4bf58dd8d48988d113951735,28,Hachiōji,35.65583,139.32389,JP,2018-06-30 13:20:00
2018_2604398,167728,1162,35.562925527056144,139.3465586006641,ラーメン山岡家,中央区上溝4089-2,Ramen Restaurant,55a59bace4b013909087cb24,335,Hachiōji,35.65583,139.32389,JP,2018-06-30 15:53:00
2018_2604402,167728,261,35.59326830383702,139.33160412505484,ロイヤルホームセンター 相模原橋本店,緑区西橋本3-9-8,Furniture / Home Store,4bf58dd8d48988d1f8941735,191,Hachiōji,35.65583,139.32389,JP,2018-07-13 07:44:00
2018_2604402,167728,4282,35.629942430693625,139.31481097498965,ロピア 八王子みなみ野店,大船町1009,Supermarket,52f2ab2ebcbc57f1066b8b46,309,Hachiōji,35.65583,139.32389,JP,2018-07-13 09:40:00
2018_2604402,167728,83,35.73477061492302,139.27481174119748,イオンモール日の出,平井237-3,Shopping Mall,4bf58dd8d48988d1fd941735,200,Fussa,35.73667,139.32361,JP,2018-07-13 10:54:00
2018_2604406,167728,4659,35.6534966043064,139.30410616660393,からやま,並木町4-11,Wings Joint,4bf58dd8d48988d14c941735,81,Hachiōji,35.65583,139.32389,JP,2018-08-04 09:36:00
2018_2604406,167728,3239,35.648285888778844,139.3353054680908,キャスティング,緑町927-1,Fishing Store,52f2ab2ebcbc57f1066b8b16,297,Hachiōji,35.65583,139.32389,JP,2018-08-04 11:14:00
2018_2604409,167728,272,35.67901972268214,139.33705975693545,村内ファニチャーアクセス 八王子本店,左入町787,Furniture / Home Store,4bf58dd8d48988d1f8941735,191,Hachiōji,35.65583,139.32389,JP,2018-08-11 04:33:00
2018_2604409,167728,672,35.640815,139.358259,スシロー,長沼町1076-1,Sushi Restaurant,4bf58dd8d48988d1d2941735,158,Hachiōji,35.65583,139.32389,JP,2018-08-11 07:14:00
2018_2604411,167728,829,35.75771477360585,139.30497988060992,羽村市水上公園,羽中4丁目9-1,Pool,4bf58dd8d48988d15e941735,90,Fussa,35.73667,139.32361,JP,2018-08-18 01:29:00
2018_2604411,167728,358,35.539018,139.223096,鳥居原ふれあいの館,緑区鳥屋1674,Farmers Market,4bf58dd8d48988d1fa941735,195,Hachiōji,35.65583,139.32389,JP,2018-08-18 06:38:00
2018_2604412,167728,83,35.73477061492302,139.27481174119748,イオンモール日の出,平井237-3,Shopping Mall,4bf58dd8d48988d1fd941735,200,Fussa,35.73667,139.32361,JP,2018-08-19 09:10:00
2018_2604412,167728,1064,35.691015,139.305578,セブンイレブン 八王子犬目西店,犬目町891-1,Convenience Store,4d954b0ea243a5684a65b473,215,Hachiōji,35.65583,139.32389,JP,2018-08-19 10:37:00
2018_2604416,167728,672,35.640815,139.358259,スシロー,長沼町1076-1,Sushi Restaurant,4bf58dd8d48988d1d2941735,158,Hachiōji,35.65583,139.32389,JP,2018-09-17 08:05:00
2018_2604416,167728,3239,35.648285888778844,139.3353054680908,キャスティング,緑町927-1,Fishing Store,52f2ab2ebcbc57f1066b8b16,297,Hachiōji,35.65583,139.32389,JP,2018-09-17 09:18:00
2018_3303866,264627,2,35.65561,139.3389,八王子駅 (Hachiōji Sta.),旭町1-1,Train Station,4bf58dd8d48988d129951735,59,Hachiōji,35.65583,139.32389,JP,2017-11-06 21:21:00
2018_3303866,264627,2,35.65561,139.3389,八王子駅 (Hachiōji Sta.),旭町1-1,Train Station,4bf58dd8d48988d129951735,59,Hachiōji,35.65583,139.32389,JP,2017-11-10 10:28:00
2018_3303867,264627,2,35.65561,139.3389,八王子駅 (Hachiōji Sta.),旭町1-1,Train Station,4bf58dd8d48988d129951735,59,Hachiōji,35.65583,139.32389,JP,2017-11-15 10:10:00
2018_3303867,264627,1855,35.65692973600691,139.33658656438345,Hachioji RIPS,三崎町2-7,Rock Club,4bf58dd8d48988d1e9931735,175,Hachiōji,35.65583,139.32389,JP,2017-11-15 10:22:00
2018_3303867,264627,4513,,,,,Home (private),4bf58dd8d48988d103941735,3,Hachiōji,35.65583,139.32389,JP,2017-11-15 12:20:00
2018_3303871,264627,2,35.65561,139.3389,八王子駅 (Hachiōji Sta.),旭町1-1,Train Station,4bf58dd8d48988d129951735,59,Hachiōji,35.65583,139.32389,JP,2017-11-22 06:11:00
2018_3303871,264627,2960,35.60281370156785,139.34877812862396,久保ヶ谷戸交差点,小山町,Intersection,52f2ab2ebcbc57f1066b8b4c,311,Hachiōji,35.65583,139.32389,JP,2017-11-22 19:06:00
2018_3303871,264627,4513,,,,,Home (private),4bf58dd8d48988d103941735,3,Hachiōji,35.65583,139.32389,JP,2017-11-22 19:59:00
2018_3303874,264627,3499,35.639745086514246,139.29288936957565,エスフォルタアリーナ八王子 (Esforta Arena Hachioji),狭間町1453-1,Athletics & Sports,4f4528bc4b90abdf24c9de85,238,Hachiōji,35.65583,139.32389,JP,2017-12-03 04:14:00
2018_3303874,264627,3779,35.641553380977264,139.28530436361015,元祖敏々亭 びんびん 高尾店,初沢町1231-17,Fast Food Restaurant,4bf58dd8d48988d16e941735,104,Hachiōji,35.65583,139.32389,JP,2017-12-03 07:58:00
2018_3303877,264627,3,35.65808032639735,139.34275103595496,京王八王子駅 (Keiō-hachiōji Sta.),明神町3-27-1,Train Station,4bf58dd8d48988d129951735,59,Hachiōji,35.65583,139.32389,JP,2017-12-12 10:03:00
2018_3303877,264627,3,35.65808032639735,139.34275103595496,京王八王子駅 (Keiō-hachiōji Sta.),明神町3-27-1,Train Station,4bf58dd8d48988d129951735,59,Hachiōji,35.65583,139.32389,JP,2017-12-12 14:33:00
2018_3303879,264627,35,35.642412535750246,139.28288798022228,高尾駅 (Takao Sta.),高尾町/初沢町,Train Station,4bf58dd8d48988d129951735,59,Hachiōji,35.65583,139.32389,JP,2017-12-18 00:14:00
2018_3303879,264627,2,35.65561,139.3389,八王子駅 (Hachiōji Sta.),旭町1-1,Train Station,4bf58dd8d48988d129951735,59,Hachiōji,35.65583,139.32389,JP,2017-12-20 11:10:00
2018_3303881,264627,3163,35.65675298073549,139.33666514737962,Rinky Dink Studio 八王子2nd店,三崎町2-5,Music Venue,4bf58dd8d48988d1e5931735,171,Hachiōji,35.65583,139.32389,JP,2018-01-12 07:24:00
2018_3303881,264627,4422,35.657221766602376,139.34355097452544,Studio nei,明神町3-22-10,Music Venue,4bf58dd8d48988d1e5931735,171,Hachiōji,35.65583,139.32389,JP,2018-01-12 08:15:00
2018_3303886,264627,3897,35.65310253585308,139.33320857584476,ほっこり中華そば もつけ,万町34-1,Ramen Restaurant,55a59bace4b013909087cb24,335,Hachiōji,35.65583,139.32389,JP,2018-02-10 09:39:00
2018_3303886,264627,4513,,,,,Home (private),4bf58dd8d48988d103941735,3,Hachiōji,35.65583,139.32389,JP,2018-02-10 12:30:00
2018_3303889,264627,4513,,,,,Home (private),4bf58dd8d48988d103941735,3,Hachiōji,35.65583,139.32389,JP,2018-02-16 02:45:00
2018_3303889,264627,3,35.65808032639735,139.34275103595496,京王八王子駅 (Keiō-hachiōji Sta.),明神町3-27-1,Train Station,4bf58dd8d48988d129951735,59,Hachiōji,35.65583,139.32389,JP,2018-02-16 09:03:00
2018_3303890,264627,4230,35.642822,139.289156,イーアス高尾,東浅川町550-1,Shopping Mall,4bf58dd8d48988d1fd941735,200,Hachiōji,35.65583,139.32389,JP,2018-02-17 05:49:00
2018_3303890,264627,4513,,,,,Home (private),4bf58dd8d48988d103941735,3,Hachiōji,35.65583,139.32389,JP,2018-02-17 09:09:00
2018_3303892,264627,1461,35.65765365966539,139.33640778064728,鳥貴族 八王子北口店,三崎町5-19,Sake Bar,4bf58dd8d48988d11c941735,40,Hachiōji,35.65583,139.32389,JP,2018-02-21 09:06:00
2018_3303892,264627,1370,35.65799638767748,139.3365558356781,歌広場 八王子放射線通り店,中町5-9,Karaoke Bar,4bf58dd8d48988d120941735,45,Hachiōji,35.65583,139.32389,JP,2018-02-21 11:39:00
2018_3303893,264627,3,35.65808032639735,139.34275103595496,京王八王子駅 (Keiō-hachiōji Sta.),明神町3-27-1,Train Station,4bf58dd8d48988d129951735,59,Hachiōji,35.65583,139.32389,JP,2018-02-22 06:02:00
2018_3303893,264627,2,35.65561,139.3389,八王子駅 (Hachiōji Sta.),旭町1-1,Train Station,4bf58dd8d48988d129951735,59,Hachiōji,35.65583,139.32389,JP,2018-02-22 15:33:00
2018_3303896,264627,3399,35.65382996545859,139.33963277450255,郎郎郎 八王子店,子安町1-2-1,Ramen Restaurant,55a59bace4b013909087cb24,335,Hachiōji,35.65583,139.32389,JP,2018-03-02 11:09:00
2018_3303896,264627,1457,35.65461295112138,139.3386099584058,サーティワンアイスクリーム,旭町1-17,Ice Cream Shop,4bf58dd8d48988d1c9941735,152,Hachiōji,35.65583,139.32389,JP,2018-03-02 12:12:00
2018_3303898,264627,4036,35.65795028978917,139.34288616105854,ケイハチ王子の部屋,明神町3-27-1,Event Space,4bf58dd8d48988d171941735,105,Hachiōji,35.65583,139.32389,JP,2018-03-04 04:03:00
2018_3303898,264627,4150,35.65915837370224,139.33539353897686,びんびん亭 ユーロード店,横山町11-1,Noodle House,4bf58dd8d48988d1d1941735,157,Hachiōji,35.65583,139.32389,JP,2018-03-04 05:39:00
2018_3303899,264627,29,35.625964379159946,139.34066739615895,東京工科大学 八王子キャンパス,片倉町1404-1,University,4bf58dd8d48988d1ae941735,142,Hachiōji,35.65583,139.32389,JP,2018-03-11 02:39:00
2018_3303899,264627,100,35.653920486427346,139.33975173799618,小太郎 南口店,子安町1-2-1,Sake Bar,4bf58dd8d48988d11c941735,40,Hachiōji,35.65583,139.32389,JP,2018-03-11 07:20:00
2018_3303899,264627,4513,,,,,Home (private),4bf58dd8d48988d103941735,3,Hachiōji,35.65583,139.32389,JP,2018-03-11 10:40:00
2018_3303904,264627,2050,35.658384,139.339668,すき家,東町5-5,Donburi Restaurant,55a59bace4b013909087cb0c,331,Hachiōji,35.65583,139.32389,JP,2018-03-24 13:05:00
2018_3303904,264627,4513,,,,,Home (private),4bf58dd8d48988d103941735,3,Hachiōji,35.65583,139.32389,JP,2018-03-24 13:52:00
2018_3303905,264627,1941,35.70076640668201,139.29006836079006,戸吹スポーツ公園,戸吹町1746-1,Park,4bf58dd8d48988d163941735,95,Fussa,35.73667,139.32361,JP,2018-03-30 07:10:00
2018_3303905,264627,2005,35.721237482327965,139.33550498412697,ステーキガスト,熊川360-2,Steakhouse,4bf58dd8d48988d1cc941735,154,Fussa,35.73667,139.32361,JP,2018-03-30 09:49:00
2018_3303906,264627,2673,35.637771,139.304583,さわやかピュア 八王子椚田店,椚田町560-23,Laundromat,52f2ab2ebcbc57f1066b8b33,304,Hachiōji,35.65583,139.32389,JP,2018-03-31 05:26:00
2018_3303906,264627,125,35.638242079798744,139.3062875798874,ドン・キホーテ,椚田町586-22,Discount Store,52dea92d3cf9994f4e043dbb,265,Hachiōji,35.65583,139.32389,JP,2018-03-31 05:48:00
2018_3303906,264627,1072,35.630130627546166,139.31135961528793,業務スーパー,寺田町246,Food & Drink Shop,4bf58dd8d48988d1f9941735,193,Hachiōji,35.65583,139.32389,JP,2018-03-31 06:00:00
2018_3303906,264627,578,35.651524269519456,139.32342907235812,富士森公園,台町2-2-1,Park,4bf58dd8d48988d163941735,95,Hachiōji,35.65583,139.32389,JP,2018-03-31 08:27:00
2018_3303907,264627,3,35.65808032639735,139.34275103595496,京王八王子駅 (Keiō-hachiōji Sta.),明神町3-27-1,Train Station,4bf58dd8d48988d129951735,59,Hachiōji,35.65583,139.32389,JP,2018-04-01 02:48:00
2018_3303907,264627,983,35.65779911891817,139.33452390384286,武蔵野うどん たまや,中町11-4,Udon Restaurant,55a59bace4b013909087cb2a,337,Hachiōji,35.65583,139.32389,JP,2018-04-01 10:43:00
2018_3303911,264627,4513,,,,,Home (private),4bf58dd8d48988d103941735,3,Hachiōji,35.65583,139.32389,JP,2018-04-05 18:06:00
2018_3303911,264627,2,35.65561,139.3389,八王子駅 (Hachiōji Sta.),旭町1-1,Train Station,4bf58dd8d48988d129951735,59,Hachiōji,35.65583,139.32389,JP,2018-04-06 01:55:00
2018_3303911,264627,1457,35.65461295112138,139.3386099584058,サーティワンアイスクリーム,旭町1-17,Ice Cream Shop,4bf58dd8d48988d1c9941735,152,Hachiōji,35.65583,139.32389,JP,2018-04-06 12:00:00
2018_3303911,264627,578,35.651524269519456,139.32342907235812,富士森公園,台町2-2-1,Park,4bf58dd8d48988d163941735,95,Hachiōji,35.65583,139.32389,JP,2018-04-06 12:31:00
2018_3303912,264627,3,35.65808032639735,139.34275103595496,京王八王子駅 (Keiō-hachiōji Sta.),明神町3-27-1,Train Station,4bf58dd8d48988d129951735,59,Hachiōji,35.65583,139.32389,JP,2018-04-07 00:26:00
2018_3303912,264627,3,35.65808032639735,139.34275103595496,京王八王子駅 (Keiō-hachiōji Sta.),明神町3-27-1,Train Station,4bf58dd8d48988d129951735,59,Hachiōji,35.65583,139.32389,JP,2018-04-07 11:49:00
2018_3303912,264627,2,35.65561,139.3389,八王子駅 (Hachiōji Sta.),旭町1-1,Train Station,4bf58dd8d48988d129951735,59,Hachiōji,35.65583,139.32389,JP,2018-04-08 13:46:00
2018_3303913,264627,4604,35.656414544512614,139.32691108597297,ヘアーサロン チャンプ,上野町36,Salon / Barbershop,4bf58dd8d48988d110951735,22,Hachiōji,35.65583,139.32389,JP,2018-04-13 06:45:00
2018_3303913,264627,1743,35.65621706368016,139.31249668486413,西八王子皮膚科,散田町3-1-1,Doctor's Office,4bf58dd8d48988d177941735,111,Hachiōji,35.65583,139.32389,JP,2018-04-13 08:53:00
2018_3303913,264627,4513,,,,,Home (private),4bf58dd8d48988d103941735,3,Hachiōji,35.65583,139.32389,JP,2018-04-13 09:41:00
2018_3303916,264627,591,35.750878115782456,139.4734063212496,セブンイレブン 東村山栄町1丁目店,栄町1-24-14,Convenience Store,4d954b0ea243a5684a65b473,215,Higashimurayama,35.75459,139.46852,JP,2018-04-15 19:12:00
2018_3303916,264627,4513,,,,,Home (private),4bf58dd8d48988d103941735,3,Hachiōji,35.65583,139.32389,JP,2018-04-15 20:30:00
2018_3303916,264627,2,35.65561,139.3389,八王子駅 (Hachiōji Sta.),旭町1-1,Train Station,4bf58dd8d48988d129951735,59,Hachiōji,35.65583,139.32389,JP,2018-04-15 21:26:00
2018_3303922,264627,1723,35.655809921853155,139.33902025222778,NewDays 八王子店,旭町1-1,Convenience Store,4d954b0ea243a5684a65b473,215,Hachiōji,35.65583,139.32389,JP,2018-04-26 15:25:00
2018_3303922,264627,4513,,,,,Home (private),4bf58dd8d48988d103941735,3,Hachiōji,35.65583,139.32389,JP,2018-04-26 15:54:00
2018_3303923,264627,2084,35.657849085814696,139.33710389405235,ドン・キホーテ,中町1-3,Discount Store,52dea92d3cf9994f4e043dbb,265,Hachiōji,35.65583,139.32389,JP,2018-04-28 04:07:00
2018_3303923,264627,1185,35.657816263694095,139.33758960116077,一平ラーメン,東町12-4,Ramen Restaurant,55a59bace4b013909087cb24,335,Hachiōji,35.65583,139.32389,JP,2018-04-28 08:59:00
2018_3303923,264627,4513,,,,,Home (private),4bf58dd8d48988d103941735,3,Hachiōji,35.65583,139.32389,JP,2018-04-28 10:32:00
2018_3303924,264627,3099,35.65819849129669,139.33856427669522,ちばチャン,東町11-6,Sake Bar,4bf58dd8d48988d11c941735,40,Hachiōji,35.65583,139.32389,JP,2018-04-29 13:33:00
2018_3303924,264627,4019,35.65779593677784,139.31305860056963,磯丸水産 西八王子北口店,千人町2-3-8,Seafood Restaurant,4bf58dd8d48988d1ce941735,155,Hachiōji,35.65583,139.32389,JP,2018-04-29 17:04:00
2018_3303924,264627,4513,,,,,Home (private),4bf58dd8d48988d103941735,3,Hachiōji,35.65583,139.32389,JP,2018-04-29 19:55:00
2018_3303925,264627,3,35.65808032639735,139.34275103595496,京王八王子駅 (Keiō-hachiōji Sta.),明神町3-27-1,Train Station,4bf58dd8d48988d129951735,59,Hachiōji,35.65583,139.32389,JP,2018-05-20 10:30:00
2018_3303925,264627,2,35.65561,139.3389,八王子駅 (Hachiōji Sta.),旭町1-1,Train Station,4bf58dd8d48988d129951735,59,Hachiōji,35.65583,139.32389,JP,2018-05-20 12:18:00
2018_3303928,264627,3,35.65808032639735,139.34275103595496,京王八王子駅 (Keiō-hachiōji Sta.),明神町3-27-1,Train Station,4bf58dd8d48988d129951735,59,Hachiōji,35.65583,139.32389,JP,2018-06-02 09:15:00
2018_3303928,264627,2,35.65561,139.3389,八王子駅 (Hachiōji Sta.),旭町1-1,Train Station,4bf58dd8d48988d129951735,59,Hachiōji,35.65583,139.32389,JP,2018-06-03 00:01:00
2018_3303933,264627,2,35.65561,139.3389,八王子駅 (Hachiōji Sta.),旭町1-1,Train Station,4bf58dd8d48988d129951735,59,Hachiōji,35.65583,139.32389,JP,2018-06-23 22:43:00
2018_3303933,264627,2,35.65561,139.3389,八王子駅 (Hachiōji Sta.),旭町1-1,Train Station,4bf58dd8d48988d129951735,59,Hachiōji,35.65583,139.32389,JP,2018-06-24 10:40:00
2018_3303935,264627,506,35.657875,139.3430722,TOWER RECORDS,明神町3-27-1,Record Shop,4bf58dd8d48988d10d951735,17,Hachiōji,35.65583,139.32389,JP,2018-06-27 09:57:00
2018_3303935,264627,1798,35.65451450230768,139.33927891439546,セブンイレブン 八王子駅南店,旭町1-18,Convenience Store,4d954b0ea243a5684a65b473,215,Hachiōji,35.65583,139.32389,JP,2018-06-27 15:11:00
2018_3303941,264627,3,35.65808032639735,139.34275103595496,京王八王子駅 (Keiō-hachiōji Sta.),明神町3-27-1,Train Station,4bf58dd8d48988d129951735,59,Hachiōji,35.65583,139.32389,JP,2018-07-08 00:59:00
2018_3303941,264627,3,35.65808032639735,139.34275103595496,京王八王子駅 (Keiō-hachiōji Sta.),明神町3-27-1,Train Station,4bf58dd8d48988d129951735,59,Hachiōji,35.65583,139.32389,JP,2018-07-08 13:54:00
2018_3303941,264627,2,35.65561,139.3389,八王子駅 (Hachiōji Sta.),旭町1-1,Train Station,4bf58dd8d48988d129951735,59,Hachiōji,35.65583,139.32389,JP,2018-07-08 14:27:00
2018_3303941,264627,3,35.65808032639735,139.34275103595496,京王八王子駅 (Keiō-hachiōji Sta.),明神町3-27-1,Train Station,4bf58dd8d48988d129951735,59,Hachiōji,35.65583,139.32389,JP,2018-07-09 07:51:00
2018_3303942,264627,2,35.65561,139.3389,八王子駅 (Hachiōji Sta.),旭町1-1,Train Station,4bf58dd8d48988d129951735,59,Hachiōji,35.65583,139.32389,JP,2018-07-10 01:10:00
2018_3303942,264627,3,35.65808032639735,139.34275103595496,京王八王子駅 (Keiō-hachiōji Sta.),明神町3-27-1,Train Station,4bf58dd8d48988d129951735,59,Hachiōji,35.65583,139.32389,JP,2018-07-11 15:07:00
2018_3303943,264627,2,35.65561,139.3389,八王子駅 (Hachiōji Sta.),旭町1-1,Train Station,4bf58dd8d48988d129951735,59,Hachiōji,35.65583,139.32389,JP,2018-07-16 02:36:00
2018_3303943,264627,3620,35.7148491990403,139.3623564092071,ガーデンステージ,代官山2-3-1,Event Space,4bf58dd8d48988d171941735,105,Fussa,35.73667,139.32361,JP,2018-07-16 03:22:00
2018_3303955,264627,1855,35.65692973600691,139.33658656438345,Hachioji RIPS,三崎町2-7,Rock Club,4bf58dd8d48988d1e9931735,175,Hachiōji,35.65583,139.32389,JP,2018-08-12 05:23:00
2018_3303955,264627,3812,35.64055538316099,139.33283828433653,竜泉寺の湯 八王子みなみ野店,片倉町3505,Spa,4bf58dd8d48988d1ed941735,177,Hachiōji,35.65583,139.32389,JP,2018-08-12 12:03:00
2018_3303955,264627,4513,,,,,Home (private),4bf58dd8d48988d103941735,3,Hachiōji,35.65583,139.32389,JP,2018-08-12 13:45:00
2018_3303957,264627,2084,35.657849085814696,139.33710389405235,ドン・キホーテ,中町1-3,Discount Store,52dea92d3cf9994f4e043dbb,265,Hachiōji,35.65583,139.32389,JP,2018-08-25 04:05:00
2018_3303957,264627,52,35.657336508660485,139.33794707922695,バーガーキング (Burger King),旭町8-2,Fast Food Restaurant,4bf58dd8d48988d16e941735,104,Hachiōji,35.65583,139.32389,JP,2018-08-25 07:08:00
2018_3396777,280210,2591,35.770762771557756,139.30932149291039,しゃぶ葉,栄町2-14-1,Buffet,52e81612bcbc57f1066b79f4,272,Fussa,35.73667,139.32361,JP,2017-11-23 10:03:00
2018_3396777,280210,2091,35.757399746856386,139.38286794956397,カラオケバンバン 武蔵村山店,本町3-24-1,Karaoke Box,5744ccdfe4b0c0459246b4bb,353,Fussa,35.73667,139.32361,JP,2017-11-23 13:18:00
2018_3396778,280210,3271,35.74254522369564,139.3278567218218,1-2番線ホーム,本町137,Platform,4f4531504b9074f6e4fb0102,241,Fussa,35.73667,139.32361,JP,2017-11-24 06:52:00
2018_3396778,280210,148,35.742284490234205,139.3280192636421,福生駅 (Fussa Sta.),本町137,Train Station,4bf58dd8d48988d129951735,59,Fussa,35.73667,139.32361,JP,2017-11-24 14:18:00
2018_3396778,280210,999,35.7436748,139.3246377,丸亀製麺,福生1067-5,Udon Restaurant,55a59bace4b013909087cb2a,337,Fussa,35.73667,139.32361,JP,2017-11-24 14:36:00
2018_3396783,280210,2987,35.748235045017,139.33142960071564,apollostation セルフむさしの台SS,武蔵野台1-16-7,Gas Station,4bf58dd8d48988d113951735,28,Fussa,35.73667,139.32361,JP,2017-12-07 10:21:00
2018_3396783,280210,3132,35.74819981437569,139.3309895388671,きのえや,武蔵野台2-11-12,Ramen Restaurant,55a59bace4b013909087cb24,335,Fussa,35.73667,139.32361,JP,2017-12-07 10:23:00
2018_3396788,280210,2912,35.784818,139.312535,Honda Cars 東京西 青梅新町店,新町7丁目2-5,Auto Dealership,4eb1c1623b7b52c0e1adc2ec,226,Fussa,35.73667,139.32361,JP,2017-12-19 08:43:00
2018_3396788,280210,235,35.77268827346491,139.30793014569178,TSUTAYA 羽村店,栄町2-3-3,Video Store,4bf58dd8d48988d126951735,54,Fussa,35.73667,139.32361,JP,2017-12-19 09:01:00
2018_3396788,280210,4425,35.781175201586926,139.3238883472797,らーめん いつ樹 本店,新町9-2211,Ramen Restaurant,55a59bace4b013909087cb24,335,Fussa,35.73667,139.32361,JP,2017-12-19 09:17:00
2018_3396789,280210,2,35.65561,139.3389,八王子駅 (Hachiōji Sta.),旭町1-1,Train Station,4bf58dd8d48988d129951735,59,Hachiōji,35.65583,139.32389,JP,2017-12-31 01:35:00
2018_3396789,280210,18,35.72118017284569,139.34375983717834,拝島駅 (Haijima Sta.),松原町4-14-4 / 美堀町5-21-2,Train Station,4bf58dd8d48988d129951735,59,Fussa,35.73667,139.32361,JP,2017-12-31 02:01:00
2018_3396789,280210,44,35.77130771454727,139.34668064117432,箱根ヶ崎駅 (Hakonegasaki Sta.),箱根ケ崎397,Train Station,4bf58dd8d48988d129951735,59,Fussa,35.73667,139.32361,JP,2017-12-31 02:10:00
2018_3396789,280210,158,35.742865858657346,139.3281601243152,西友 福生店,東町5-1,Supermarket,52f2ab2ebcbc57f1066b8b46,309,Fussa,35.73667,139.32361,JP,2017-12-31 09:25:00
2018_3396790,280210,18,35.72118017284569,139.34375983717834,拝島駅 (Haijima Sta.),松原町4-14-4 / 美堀町5-21-2,Train Station,4bf58dd8d48988d129951735,59,Fussa,35.73667,139.32361,JP,2018-01-04 05:28:00
2018_3396790,280210,1586,35.76086078068764,139.36923862675673,セブンイレブン 武蔵村山岸1丁目店,岸1-1-1,Convenience Store,4d954b0ea243a5684a65b473,215,Fussa,35.73667,139.32361,JP,2018-01-04 14:57:00
2018_3396790,280210,4565,,,,,Home (private),4bf58dd8d48988d103941735,3,Fussa,35.73667,139.32361,JP,2018-01-04 15:24:00
2018_3396792,280210,18,35.72118017284569,139.34375983717834,拝島駅 (Haijima Sta.),松原町4-14-4 / 美堀町5-21-2,Train Station,4bf58dd8d48988d129951735,59,Fussa,35.73667,139.32361,JP,2018-01-07 06:06:00
2018_3396792,280210,32,35.71403054585699,139.36237692832947,モリタウン (mori town),代官山2-3-1,Shopping Mall,4bf58dd8d48988d1fd941735,200,Fussa,35.73667,139.32361,JP,2018-01-07 06:27:00
2018_3396792,280210,3034,35.7140412,139.3640854,TREK Bicycle 東京昭島モリタウン,代官山2-3-1,Bike Shop,4bf58dd8d48988d115951735,30,Fussa,35.73667,139.32361,JP,2018-01-07 09:49:00
2018_3396792,280210,2242,35.76926351188763,139.31047122633615,焼肉きんぐ,栄町2-21-4,BBQ Joint,4bf58dd8d48988d1df931735,164,Fussa,35.73667,139.32361,JP,2018-01-07 12:18:00
2018_3396792,280210,4565,,,,,Home (private),4bf58dd8d48988d103941735,3,Fussa,35.73667,139.32361,JP,2018-01-07 14:40:00
2018_3396797,280210,1600,35.7418618214954,139.33008566925758,麦天,福生785-8,Noodle House,4bf58dd8d48988d1d1941735,157,Fussa,35.73667,139.32361,JP,2018-01-25 10:54:00
2018_3396797,280210,235,35.77268827346491,139.30793014569178,TSUTAYA 羽村店,栄町2-3-3,Video Store,4bf58dd8d48988d126951735,54,Fussa,35.73667,139.32361,JP,2018-01-25 11:42:00
2018_3396798,280210,4565,,,,,Home (private),4bf58dd8d48988d103941735,3,Fussa,35.73667,139.32361,JP,2018-01-27 09:38:00
2018_3396798,280210,1600,35.7418618214954,139.33008566925758,麦天,福生785-8,Noodle House,4bf58dd8d48988d1d1941735,157,Fussa,35.73667,139.32361,JP,2018-01-27 13:14:00
2018_3396800,280210,725,35.61088704747662,139.29591717403915,ローソン 町田法政大学前店,相原町4303-3,Convenience Store,4d954b0ea243a5684a65b473,215,Hachiōji,35.65583,139.32389,JP,2018-02-04 08:40:00
2018_3396800,280210,1254,35.553984,139.261701,オギノパン 本社工場直売店,緑区長竹2841,Bakery,4bf58dd8d48988d16a941735,100,Hachiōji,35.65583,139.32389,JP,2018-02-04 09:27:00
2018_3396800,280210,1381,35.773345364883944,139.30230829765915,ファミリーマート 羽村小作坂上店,小作台5-20-8,Convenience Store,4d954b0ea243a5684a65b473,215,Fussa,35.73667,139.32361,JP,2018-02-04 11:02:00
2018_3396800,280210,34,35.77649284869505,139.30208029152752,小作駅 (Ozaku Sta.),小作台5-35-1,Train Station,4bf58dd8d48988d129951735,59,Fussa,35.73667,139.32361,JP,2018-02-04 11:56:00
2018_3396800,280210,3018,35.773121033704456,139.33386823584792,セブンイレブン 瑞穂松原中央公園店,箱根ヶ崎西松原56-16,Convenience Store,4d954b0ea243a5684a65b473,215,Fussa,35.73667,139.32361,JP,2018-02-04 13:04:00
2018_3396805,280210,2591,35.770762771557756,139.30932149291039,しゃぶ葉,栄町2-14-1,Buffet,52e81612bcbc57f1066b79f4,272,Fussa,35.73667,139.32361,JP,2018-02-18 03:15:00
2018_3396805,280210,1751,35.75821795549495,139.3265080142437,スーパーオートバックス SA羽村店,神明台4-1-1,Automotive Shop,4bf58dd8d48988d124951735,52,Fussa,35.73667,139.32361,JP,2018-02-18 04:51:00
2018_3396806,280210,736,35.5953088849295,139.34624917395175,Evergreen Cafe,緑区橋本3-28-1,Café,4bf58dd8d48988d16d941735,103,Hachiōji,35.65583,139.32389,JP,2018-02-24 08:37:00
2018_3396806,280210,2,35.65561,139.3389,八王子駅 (Hachiōji Sta.),旭町1-1,Train Station,4bf58dd8d48988d129951735,59,Hachiōji,35.65583,139.32389,JP,2018-02-24 09:11:00
2018_3396806,280210,3018,35.773121033704456,139.33386823584792,セブンイレブン 瑞穂松原中央公園店,箱根ヶ崎西松原56-16,Convenience Store,4d954b0ea243a5684a65b473,215,Fussa,35.73667,139.32361,JP,2018-02-24 10:32:00
2018_3396806,280210,4565,,,,,Home (private),4bf58dd8d48988d103941735,3,Fussa,35.73667,139.32361,JP,2018-02-24 10:39:00
2018_3396807,280210,2,35.65561,139.3389,八王子駅 (Hachiōji Sta.),旭町1-1,Train Station,4bf58dd8d48988d129951735,59,Hachiōji,35.65583,139.32389,JP,2018-02-25 10:39:00
2018_3396807,280210,44,35.77130771454727,139.34668064117432,箱根ヶ崎駅 (Hakonegasaki Sta.),箱根ケ崎397,Train Station,4bf58dd8d48988d129951735,59,Fussa,35.73667,139.32361,JP,2018-02-25 11:16:00
2018_3396808,280210,2,35.65561,139.3389,八王子駅 (Hachiōji Sta.),旭町1-1,Train Station,4bf58dd8d48988d129951735,59,Hachiōji,35.65583,139.32389,JP,2018-03-03 13:30:00
2018_3396808,280210,4565,,,,,Home (private),4bf58dd8d48988d103941735,3,Fussa,35.73667,139.32361,JP,2018-03-03 14:52:00
2018_3396812,280210,435,35.64335181184803,139.35390982939848,めんや蔵,打越町1195-5,Ramen Restaurant,55a59bace4b013909087cb24,335,Hachiōji,35.65583,139.32389,JP,2018-03-14 10:26:00
2018_3396812,280210,4565,,,,,Home (private),4bf58dd8d48988d103941735,3,Fussa,35.73667,139.32361,JP,2018-03-14 16:20:00
2018_3396814,280210,44,35.77130771454727,139.34668064117432,箱根ヶ崎駅 (Hakonegasaki Sta.),箱根ケ崎397,Train Station,4bf58dd8d48988d129951735,59,Fussa,35.73667,139.32361,JP,2018-03-21 01:19:00
2018_3396814,280210,18,35.72118017284569,139.34375983717834,拝島駅 (Haijima Sta.),松原町4-14-4 / 美堀町5-21-2,Train Station,4bf58dd8d48988d129951735,59,Fussa,35.73667,139.32361,JP,2018-03-21 01:32:00
2018_3396819,280210,18,35.72118017284569,139.34375983717834,拝島駅 (Haijima Sta.),松原町4-14-4 / 美堀町5-21-2,Train Station,4bf58dd8d48988d129951735,59,Fussa,35.73667,139.32361,JP,2018-04-15 13:45:00
2018_3396819,280210,44,35.77130771454727,139.34668064117432,箱根ヶ崎駅 (Hakonegasaki Sta.),箱根ケ崎397,Train Station,4bf58dd8d48988d129951735,59,Fussa,35.73667,139.32361,JP,2018-04-15 14:18:00
2018_3396824,280210,4402,35.78090697094448,139.33708066125203,長岡コミュニティセンター,箱根ケ崎1180,Community Center,52e81612bcbc57f1066b7a34,286,Fussa,35.73667,139.32361,JP,2018-05-01 00:02:00
2018_3396824,280210,4565,,,,,Home (private),4bf58dd8d48988d103941735,3,Fussa,35.73667,139.32361,JP,2018-05-01 08:28:00
2018_3396828,280210,4565,,,,,Home (private),4bf58dd8d48988d103941735,3,Fussa,35.73667,139.32361,JP,2018-05-05 10:51:00
2018_3396828,280210,80,35.686372308734526,139.34108496154775,道の駅 八王子滝山,滝山町1-592-2,Rest Area,4d954b16a243a5684b65b473,216,Hachiōji,35.65583,139.32389,JP,2018-05-05 23:10:00
2018_3396828,280210,659,35.71394722752976,139.35669747929256,松屋,松原町1-6-13,Donburi Restaurant,55a59bace4b013909087cb0c,331,Fussa,35.73667,139.32361,JP,2018-05-05 23:35:00
2018_3396828,280210,4565,,,,,Home (private),4bf58dd8d48988d103941735,3,Fussa,35.73667,139.32361,JP,2018-05-06 08:44:00
2018_3396830,280210,2346,35.7617602437146,139.3159537319561,(医)社団 三芳会 平三歯科医院,五ノ神4-7-10,Dentist's Office,4bf58dd8d48988d178941735,112,Fussa,35.73667,139.32361,JP,2018-05-12 02:01:00
2018_3396830,280210,1139,35.6357775612479,139.3393313884735,ファミリーマート 日本文化大入口店,片倉町2214-1,Convenience Store,4d954b0ea243a5684a65b473,215,Hachiōji,35.65583,139.32389,JP,2018-05-12 06:45:00
2018_3396830,280210,3489,35.7335634008328,139.29014216993994,ワークマン 秋川店,秋川5-9-17,Building,4bf58dd8d48988d130941735,66,Fussa,35.73667,139.32361,JP,2018-05-12 09:44:00
2018_3396830,280210,661,35.72556348368017,139.3349678609571,つけめん美豚,熊川689-40-2,Ramen Restaurant,55a59bace4b013909087cb24,335,Fussa,35.73667,139.32361,JP,2018-05-12 12:53:00
2018_3396831,280210,1306,35.749321,139.324654,びっくりドンキー,加美平2-9-3,Steakhouse,4bf58dd8d48988d1cc941735,154,Fussa,35.73667,139.32361,JP,2018-05-13 04:02:00
2018_3396831,280210,1751,35.75821795549495,139.3265080142437,スーパーオートバックス SA羽村店,神明台4-1-1,Automotive Shop,4bf58dd8d48988d124951735,52,Fussa,35.73667,139.32361,JP,2018-05-13 04:57:00
2018_3396831,280210,292,35.763491272912084,139.35659766622564,ドラマ 瑞穂店 (DORAMA),武蔵382-1,Arcade,4bf58dd8d48988d1e1931735,167,Fussa,35.73667,139.32361,JP,2018-05-13 05:53:00
2018_3396831,280210,4425,35.781175201586926,139.3238883472797,らーめん いつ樹 本店,新町9-2211,Ramen Restaurant,55a59bace4b013909087cb24,335,Fussa,35.73667,139.32361,JP,2018-05-13 09:45:00
2018_3396832,280210,3018,35.773121033704456,139.33386823584792,セブンイレブン 瑞穂松原中央公園店,箱根ヶ崎西松原56-16,Convenience Store,4d954b0ea243a5684a65b473,215,Fussa,35.73667,139.32361,JP,2018-05-16 08:33:00
2018_3396832,280210,1073,35.7865335202308,139.30737285902194,くら寿司,新町5-4-3,Sushi Restaurant,4bf58dd8d48988d1d2941735,158,Fussa,35.73667,139.32361,JP,2018-05-16 10:05:00
2018_3396832,280210,4565,,,,,Home (private),4bf58dd8d48988d103941735,3,Fussa,35.73667,139.32361,JP,2018-05-16 12:26:00
2018_3396833,280210,2346,35.7617602437146,139.3159537319561,(医)社団 三芳会 平三歯科医院,五ノ神4-7-10,Dentist's Office,4bf58dd8d48988d178941735,112,Fussa,35.73667,139.32361,JP,2018-05-18 08:32:00
2018_3396833,280210,4488,,,,,Home (private),4bf58dd8d48988d103941735,3,Fussa,35.73667,139.32361,JP,2018-05-18 09:39:00
2018_3396833,280210,83,35.73477061492302,139.27481174119748,イオンモール日の出,平井237-3,Shopping Mall,4bf58dd8d48988d1fd941735,200,Fussa,35.73667,139.32361,JP,2018-05-18 10:03:00
2018_3396833,280210,4565,,,,,Home (private),4bf58dd8d48988d103941735,3,Fussa,35.73667,139.32361,JP,2018-05-18 16:00:00
2018_3396837,280210,3579,35.75677715592581,139.3423112732072,瑞穂 大和家,むさし野3-11-3,Ramen Restaurant,55a59bace4b013909087cb24,335,Fussa,35.73667,139.32361,JP,2018-05-24 08:53:00
2018_3396837,280210,3567,35.75673274424354,139.34206940324736,ドン・キホーテ 多摩瑞穂店,むさし野3-11-3,Discount Store,52dea92d3cf9994f4e043dbb,265,Fussa,35.73667,139.32361,JP,2018-05-24 10:30:00
2018_3396837,280210,9,35.786198,139.34976,ザ・モールみずほ16,高根623,Shopping Mall,4bf58dd8d48988d1fd941735,200,Fussa,35.73667,139.32361,JP,2018-05-24 11:29:00
2018_3396837,280210,4565,,,,,Home (private),4bf58dd8d48988d103941735,3,Fussa,35.73667,139.32361,JP,2018-05-24 12:23:00
2018_3416085,283450,963,35.735652298360534,139.32868965580016,らあめん花月嵐,志茂15-3,Ramen Restaurant,55a59bace4b013909087cb24,335,Fussa,35.73667,139.32361,JP,2018-01-04 02:12:00
2018_3416085,283450,1476,35.70616847431785,139.34599429281732,日吉神社,拝島町1-10-19,Shrine,4eb1d80a4b900d56c88a45ff,229,Fussa,35.73667,139.32361,JP,2018-01-04 03:24:00
2018_3416086,283450,1093,35.710707403520274,139.36142593529405,江川亭 昭島店,昭和町5-2-7,Ramen Restaurant,55a59bace4b013909087cb24,335,Fussa,35.73667,139.32361,JP,2018-01-06 02:47:00
2018_3416086,283450,158,35.742865858657346,139.3281601243152,西友 福生店,東町5-1,Supermarket,52f2ab2ebcbc57f1066b8b46,309,Fussa,35.73667,139.32361,JP,2018-01-06 03:45:00
2018_3416090,283450,1992,35.76115147556071,139.33822610734046,セブンイレブン 瑞穂むさし野2丁目店,むさし野2-54-28,Convenience Store,4d954b0ea243a5684a65b473,215,Fussa,35.73667,139.32361,JP,2018-01-13 02:40:00
2018_3416090,283450,4166,35.74698820567828,139.33194601148992,セブンイレブン 福生武蔵野台1丁目店,武蔵野台1-15−4,Convenience Store,4d954b0ea243a5684a65b473,215,Fussa,35.73667,139.32361,JP,2018-01-13 07:15:00
2018_3416097,283450,4281,35.57043019445513,139.35086976324257,ファミリーマート 作の口小学校前店,緑区下九沢468-1,Convenience Store,4d954b0ea243a5684a65b473,215,Hachiōji,35.65583,139.32389,JP,2018-01-21 00:09:00
2018_3416097,283450,364,35.74602827918759,139.3359742838957,東福生駅 (Higashi-Fussa Sta.),武蔵野台1-1-7,Train Station,4bf58dd8d48988d129951735,59,Fussa,35.73667,139.32361,JP,2018-01-21 12:51:00
2018_3416099,283450,1858,35.74493289862916,139.33257892727852,ベルエレーヌ,武蔵野台1-5-17,French Restaurant,4bf58dd8d48988d10c941735,15,Fussa,35.73667,139.32361,JP,2018-01-27 03:45:00
2018_3416099,283450,31,35.760225941206684,139.358292554971,ジョイフル本田,殿ケ谷442,Furniture / Home Store,4bf58dd8d48988d1f8941735,191,Fussa,35.73667,139.32361,JP,2018-01-27 06:02:00
2018_3416100,283450,1992,35.76115147556071,139.33822610734046,セブンイレブン 瑞穂むさし野2丁目店,むさし野2-54-28,Convenience Store,4d954b0ea243a5684a65b473,215,Fussa,35.73667,139.32361,JP,2018-01-28 04:56:00
2018_3416100,283450,1133,35.746199699479966,139.3348886118753,マルフジ 福生店,武蔵野台1-9-8,Grocery Store,4bf58dd8d48988d118951735,36,Fussa,35.73667,139.32361,JP,2018-01-28 06:51:00
2018_3416101,283450,1724,35.747050770401195,139.326482997797,公立福生病院,加美平1-6-1,Hospital,4bf58dd8d48988d196941735,129,Fussa,35.73667,139.32361,JP,2018-02-01 05:40:00
2018_3416101,283450,1292,35.759163255209735,139.33406795908263,ミニストップ 羽村双葉町店,双葉町2-9-15,Convenience Store,4d954b0ea243a5684a65b473,215,Fussa,35.73667,139.32361,JP,2018-02-01 07:33:00
2018_3416102,283450,153,35.71647714285483,139.3663041290369,カインズ 昭島店,つつじが丘2-8-55,Furniture / Home Store,4bf58dd8d48988d1f8941735,191,Fussa,35.73667,139.32361,JP,2018-02-02 02:24:00
2018_3416102,283450,4166,35.74698820567828,139.33194601148992,セブンイレブン 福生武蔵野台1丁目店,武蔵野台1-15−4,Convenience Store,4d954b0ea243a5684a65b473,215,Fussa,35.73667,139.32361,JP,2018-02-02 06:34:00
2018_3416104,283450,364,35.74602827918759,139.3359742838957,東福生駅 (Higashi-Fussa Sta.),武蔵野台1-1-7,Train Station,4bf58dd8d48988d129951735,59,Fussa,35.73667,139.32361,JP,2018-02-10 22:49:00
2018_3416104,283450,364,35.74602827918759,139.3359742838957,東福生駅 (Higashi-Fussa Sta.),武蔵野台1-1-7,Train Station,4bf58dd8d48988d129951735,59,Fussa,35.73667,139.32361,JP,2018-02-11 08:13:00
2018_3416105,283450,3124,35.747637273342264,139.32580604872047,喫茶ピノキオ,加美平1-13-1,Diner,4bf58dd8d48988d147941735,78,Fussa,35.73667,139.32361,JP,2018-02-12 03:00:00
2018_3416105,283450,193,35.79244,139.31526,カインズ,新町6-9-4,Furniture / Home Store,4bf58dd8d48988d1f8941735,191,Fussa,35.73667,139.32361,JP,2018-02-12 04:43:00
2018_3416108,283450,364,35.74602827918759,139.3359742838957,東福生駅 (Higashi-Fussa Sta.),武蔵野台1-1-7,Train Station,4bf58dd8d48988d129951735,59,Fussa,35.73667,139.32361,JP,2018-02-24 23:41:00
2018_3416108,283450,364,35.74602827918759,139.3359742838957,東福生駅 (Higashi-Fussa Sta.),武蔵野台1-1-7,Train Station,4bf58dd8d48988d129951735,59,Fussa,35.73667,139.32361,JP,2018-02-25 09:16:00
2018_3416112,283450,364,35.74602827918759,139.3359742838957,東福生駅 (Higashi-Fussa Sta.),武蔵野台1-1-7,Train Station,4bf58dd8d48988d129951735,59,Fussa,35.73667,139.32361,JP,2018-03-10 22:34:00
2018_3416112,283450,4272,35.58922972582629,139.33446197804747,セブンイレブン 相模原西橋本店,緑区西橋本3-12-6,Convenience Store,4d954b0ea243a5684a65b473,215,Hachiōji,35.65583,139.32389,JP,2018-03-11 00:41:00
2018_3416112,283450,358,35.539018,139.223096,鳥居原ふれあいの館,緑区鳥屋1674,Farmers Market,4bf58dd8d48988d1fa941735,195,Hachiōji,35.65583,139.32389,JP,2018-03-11 02:00:00
2018_3416112,283450,2706,35.588229,139.243605,ZEBRA Coffee & Croissant,緑区中野1890-1,Café,4bf58dd8d48988d16d941735,103,Hachiōji,35.65583,139.32389,JP,2018-03-11 04:08:00
2018_3416112,283450,364,35.74602827918759,139.3359742838957,東福生駅 (Higashi-Fussa Sta.),武蔵野台1-1-7,Train Station,4bf58dd8d48988d129951735,59,Fussa,35.73667,139.32361,JP,2018-03-11 07:09:00
2018_3416115,283450,2706,35.588229,139.243605,ZEBRA Coffee & Croissant,緑区中野1890-1,Café,4bf58dd8d48988d16d941735,103,Hachiōji,35.65583,139.32389,JP,2018-03-22 02:39:00
2018_3416115,283450,1254,35.553984,139.261701,オギノパン 本社工場直売店,緑区長竹2841,Bakery,4bf58dd8d48988d16a941735,100,Hachiōji,35.65583,139.32389,JP,2018-03-22 03:59:00
2018_3416119,283450,364,35.74602827918759,139.3359742838957,東福生駅 (Higashi-Fussa Sta.),武蔵野台1-1-7,Train Station,4bf58dd8d48988d129951735,59,Fussa,35.73667,139.32361,JP,2018-03-31 23:56:00
2018_3416119,283450,364,35.74602827918759,139.3359742838957,東福生駅 (Higashi-Fussa Sta.),武蔵野台1-1-7,Train Station,4bf58dd8d48988d129951735,59,Fussa,35.73667,139.32361,JP,2018-04-01 06:43:00
2018_3416120,283450,1093,35.710707403520274,139.36142593529405,江川亭 昭島店,昭和町5-2-7,Ramen Restaurant,55a59bace4b013909087cb24,335,Fussa,35.73667,139.32361,JP,2018-04-07 03:18:00
2018_3416120,283450,2996,35.7287335716836,139.34274649400604,ファミリーマート 福生横田基地前店,熊川1311-3,Convenience Store,4d954b0ea243a5684a65b473,215,Fussa,35.73667,139.32361,JP,2018-04-07 03:53:00
2018_3416120,283450,3698,35.73819829817203,139.32043010386104,ワークマン,北田園2-23-3,Clothing Store,4bf58dd8d48988d103951735,4,Fussa,35.73667,139.32361,JP,2018-04-07 07:30:00
2018_3416121,283450,364,35.74602827918759,139.3359742838957,東福生駅 (Higashi-Fussa Sta.),武蔵野台1-1-7,Train Station,4bf58dd8d48988d129951735,59,Fussa,35.73667,139.32361,JP,2018-04-08 00:06:00
2018_3416121,283450,4107,35.613842640172194,139.29662443228077,セブンイレブン 法政大学多摩キャンパス店,相原町4342-13,Convenience Store,4d954b0ea243a5684a65b473,215,Hachiōji,35.65583,139.32389,JP,2018-04-08 01:16:00
2018_3416121,283450,364,35.74602827918759,139.3359742838957,東福生駅 (Higashi-Fussa Sta.),武蔵野台1-1-7,Train Station,4bf58dd8d48988d129951735,59,Fussa,35.73667,139.32361,JP,2018-04-08 09:43:00
2018_3416122,283450,2706,35.588229,139.243605,ZEBRA Coffee & Croissant,緑区中野1890-1,Café,4bf58dd8d48988d16d941735,103,Hachiōji,35.65583,139.32389,JP,2018-04-10 02:33:00
2018_3416122,283450,1254,35.553984,139.261701,オギノパン 本社工場直売店,緑区長竹2841,Bakery,4bf58dd8d48988d16a941735,100,Hachiōji,35.65583,139.32389,JP,2018-04-10 03:16:00
2018_3416124,283450,2188,35.78068622734172,139.35493703992273,ファミリーマート 瑞穂富士山店,駒形富士山332-1,Convenience Store,4d954b0ea243a5684a65b473,215,Fussa,35.73667,139.32361,JP,2018-04-15 06:47:00
2018_3416124,283450,834,35.747548567246916,139.325201445084,ヤサカ 福生店,加美平2-4-1,Furniture / Home Store,4bf58dd8d48988d1f8941735,191,Fussa,35.73667,139.32361,JP,2018-04-15 07:29:00
2018_3416125,283450,364,35.74602827918759,139.3359742838957,東福生駅 (Higashi-Fussa Sta.),武蔵野台1-1-7,Train Station,4bf58dd8d48988d129951735,59,Fussa,35.73667,139.32361,JP,2018-04-20 23:02:00
2018_3416125,283450,1992,35.76115147556071,139.33822610734046,セブンイレブン 瑞穂むさし野2丁目店,むさし野2-54-28,Convenience Store,4d954b0ea243a5684a65b473,215,Fussa,35.73667,139.32361,JP,2018-04-21 08:08:00
2018_3416125,283450,364,35.74602827918759,139.3359742838957,東福生駅 (Higashi-Fussa Sta.),武蔵野台1-1-7,Train Station,4bf58dd8d48988d129951735,59,Fussa,35.73667,139.32361,JP,2018-04-21 08:35:00
2018_3416130,283450,364,35.74602827918759,139.3359742838957,東福生駅 (Higashi-Fussa Sta.),武蔵野台1-1-7,Train Station,4bf58dd8d48988d129951735,59,Fussa,35.73667,139.32361,JP,2018-05-01 00:04:00
2018_3416130,283450,364,35.74602827918759,139.3359742838957,東福生駅 (Higashi-Fussa Sta.),武蔵野台1-1-7,Train Station,4bf58dd8d48988d129951735,59,Fussa,35.73667,139.32361,JP,2018-05-01 04:49:00
2018_3416132,283450,364,35.74602827918759,139.3359742838957,東福生駅 (Higashi-Fussa Sta.),武蔵野台1-1-7,Train Station,4bf58dd8d48988d129951735,59,Fussa,35.73667,139.32361,JP,2018-05-10 23:39:00
2018_3416132,283450,364,35.74602827918759,139.3359742838957,東福生駅 (Higashi-Fussa Sta.),武蔵野台1-1-7,Train Station,4bf58dd8d48988d129951735,59,Fussa,35.73667,139.32361,JP,2018-05-11 08:15:00
2018_3416133,283450,4002,35.72987108388483,139.36146357494354,らあめん花月嵐,西砂町2-56-5,Ramen Restaurant,55a59bace4b013909087cb24,335,Fussa,35.73667,139.32361,JP,2018-05-12 03:41:00
2018_3416133,283450,3500,35.785980742628276,139.3487700861788,GU,大字高根623,Clothing Store,4bf58dd8d48988d103951735,4,Fussa,35.73667,139.32361,JP,2018-05-12 04:50:00
2018_3416134,283450,364,35.74602827918759,139.3359742838957,東福生駅 (Higashi-Fussa Sta.),武蔵野台1-1-7,Train Station,4bf58dd8d48988d129951735,59,Fussa,35.73667,139.32361,JP,2018-05-16 06:12:00
2018_3416134,283450,3978,35.586178,139.224469,道志川,,River,4eb1d4dd4b900d56c88a45fd,228,Hachiōji,35.65583,139.32389,JP,2018-05-20 02:13:00
2018_3416134,283450,4437,35.53834206450031,139.22081798315048,鳥居原園地,緑区鳥屋1674,Park,4bf58dd8d48988d163941735,95,Hachiōji,35.65583,139.32389,JP,2018-05-20 03:30:00
2018_3416134,283450,364,35.74602827918759,139.3359742838957,東福生駅 (Higashi-Fussa Sta.),武蔵野台1-1-7,Train Station,4bf58dd8d48988d129951735,59,Fussa,35.73667,139.32361,JP,2018-05-20 05:57:00
2018_3416137,283450,364,35.74602827918759,139.3359742838957,東福生駅 (Higashi-Fussa Sta.),武蔵野台1-1-7,Train Station,4bf58dd8d48988d129951735,59,Fussa,35.73667,139.32361,JP,2018-05-31 23:57:00
2018_3416137,283450,364,35.74602827918759,139.3359742838957,東福生駅 (Higashi-Fussa Sta.),武蔵野台1-1-7,Train Station,4bf58dd8d48988d129951735,59,Fussa,35.73667,139.32361,JP,2018-06-01 08:40:00
2018_3416137,283450,4483,35.5430495475839,139.2178296525124,ファミリーマート 津久井宮が瀬店,緑区鳥屋1402-1,Convenience Store,4d954b0ea243a5684a65b473,215,Hachiōji,35.65583,139.32389,JP,2018-06-02 00:47:00
2018_3416137,283450,358,35.539018,139.223096,鳥居原ふれあいの館,緑区鳥屋1674,Farmers Market,4bf58dd8d48988d1fa941735,195,Hachiōji,35.65583,139.32389,JP,2018-06-02 01:06:00
2018_3416137,283450,1254,35.553984,139.261701,オギノパン 本社工場直売店,緑区長竹2841,Bakery,4bf58dd8d48988d16a941735,100,Hachiōji,35.65583,139.32389,JP,2018-06-02 03:37:00
2018_3416137,283450,364,35.74602827918759,139.3359742838957,東福生駅 (Higashi-Fussa Sta.),武蔵野台1-1-7,Train Station,4bf58dd8d48988d129951735,59,Fussa,35.73667,139.32361,JP,2018-06-02 05:41:00
2018_3416139,283450,2089,35.74026401131537,139.3301622895739,TSUTAYA 福生店,本町36,Video Store,4bf58dd8d48988d126951735,54,Fussa,35.73667,139.32361,JP,2018-06-09 09:23:00
2018_3416139,283450,285,35.73093475396809,139.34195575769797,Demode Diner,熊川1121,Burger Joint,4bf58dd8d48988d16c941735,102,Fussa,35.73667,139.32361,JP,2018-06-09 10:14:00
2018_3416140,283450,364,35.74602827918759,139.3359742838957,東福生駅 (Higashi-Fussa Sta.),武蔵野台1-1-7,Train Station,4bf58dd8d48988d129951735,59,Fussa,35.73667,139.32361,JP,2018-06-16 23:34:00
2018_3416140,283450,4107,35.613842640172194,139.29662443228077,セブンイレブン 法政大学多摩キャンパス店,相原町4342-13,Convenience Store,4d954b0ea243a5684a65b473,215,Hachiōji,35.65583,139.32389,JP,2018-06-17 00:31:00
2018_3416140,283450,585,35.678125565957934,139.33594401831638,八王子2りんかん,左入町749-1,Automotive Shop,4bf58dd8d48988d124951735,52,Hachiōji,35.65583,139.32389,JP,2018-06-17 06:56:00
2018_3416140,283450,364,35.74602827918759,139.3359742838957,東福生駅 (Higashi-Fussa Sta.),武蔵野台1-1-7,Train Station,4bf58dd8d48988d129951735,59,Fussa,35.73667,139.32361,JP,2018-06-17 08:16:00
2018_3416141,283450,158,35.742865858657346,139.3281601243152,西友 福生店,東町5-1,Supermarket,52f2ab2ebcbc57f1066b8b46,309,Fussa,35.73667,139.32361,JP,2018-06-23 01:14:00
2018_3416141,283450,1351,35.74159684511391,139.3378141387129,カオマンガイ 16号,福生2270,Thai Restaurant,4bf58dd8d48988d149941735,80,Fussa,35.73667,139.32361,JP,2018-06-23 02:45:00
2018_3416141,283450,1133,35.746199699479966,139.3348886118753,マルフジ 福生店,武蔵野台1-9-8,Grocery Store,4bf58dd8d48988d118951735,36,Fussa,35.73667,139.32361,JP,2018-06-23 03:27:00
2018_3416142,283450,364,35.74602827918759,139.3359742838957,東福生駅 (Higashi-Fussa Sta.),武蔵野台1-1-7,Train Station,4bf58dd8d48988d129951735,59,Fussa,35.73667,139.32361,JP,2018-07-01 00:16:00
2018_3416142,283450,3178,35.650124926419146,139.3244343996048,セブンイレブン 八王子台町1丁目店,台町1-24,Convenience Store,4d954b0ea243a5684a65b473,215,Hachiōji,35.65583,139.32389,JP,2018-07-01 00:55:00
2018_3416142,283450,1254,35.553984,139.261701,オギノパン 本社工場直売店,緑区長竹2841,Bakery,4bf58dd8d48988d16a941735,100,Hachiōji,35.65583,139.32389,JP,2018-07-01 01:51:00
2018_3416142,283450,4483,35.5430495475839,139.2178296525124,ファミリーマート 津久井宮が瀬店,緑区鳥屋1402-1,Convenience Store,4d954b0ea243a5684a65b473,215,Hachiōji,35.65583,139.32389,JP,2018-07-01 05:13:00
2018_3416142,283450,2055,35.65419526937285,139.32714002204193,セブンイレブン 八王子上野町店,上野町28-11,Convenience Store,4d954b0ea243a5684a65b473,215,Hachiōji,35.65583,139.32389,JP,2018-07-01 06:18:00
2018_3416142,283450,364,35.74602827918759,139.3359742838957,東福生駅 (Higashi-Fussa Sta.),武蔵野台1-1-7,Train Station,4bf58dd8d48988d129951735,59,Fussa,35.73667,139.32361,JP,2018-07-01 07:01:00
2018_3416143,283450,4375,35.74836925121625,139.32549142169276,ファミリーマート 福生加美平店,加美平1-13-13,Convenience Store,4d954b0ea243a5684a65b473,215,Fussa,35.73667,139.32361,JP,2018-07-09 03:50:00
2018_3416143,283450,2784,35.737507,139.334574,原ヶ谷戸どんぐり公園,福生196-7,Park,4bf58dd8d48988d163941735,95,Fussa,35.73667,139.32361,JP,2018-07-09 04:38:00
2018_3416143,283450,2869,35.75467581517693,139.32793374396127,セブンイレブン 羽村神明台2丁目店,神明台2-10-3,Convenience Store,4d954b0ea243a5684a65b473,215,Fussa,35.73667,139.32361,JP,2018-07-09 05:44:00
2018_3416144,283450,1133,35.746199699479966,139.3348886118753,マルフジ 福生店,武蔵野台1-9-8,Grocery Store,4bf58dd8d48988d118951735,36,Fussa,35.73667,139.32361,JP,2018-07-14 00:15:00
2018_3416144,283450,4002,35.72987108388483,139.36146357494354,らあめん花月嵐,西砂町2-56-5,Ramen Restaurant,55a59bace4b013909087cb24,335,Fussa,35.73667,139.32361,JP,2018-07-14 02:59:00
2018_3416144,283450,1992,35.76115147556071,139.33822610734046,セブンイレブン 瑞穂むさし野2丁目店,むさし野2-54-28,Convenience Store,4d954b0ea243a5684a65b473,215,Fussa,35.73667,139.32361,JP,2018-07-14 07:12:00
2018_3416145,283450,364,35.74602827918759,139.3359742838957,東福生駅 (Higashi-Fussa Sta.),武蔵野台1-1-7,Train Station,4bf58dd8d48988d129951735,59,Fussa,35.73667,139.32361,JP,2018-07-14 20:25:00
2018_3416145,283450,1852,35.69789145551914,139.32417690753937,ファミリーマート 八王子丹木町店,丹木町3-92-5,Convenience Store,4d954b0ea243a5684a65b473,215,Fussa,35.73667,139.32361,JP,2018-07-15 12:09:00
2018_3416145,283450,364,35.74602827918759,139.3359742838957,東福生駅 (Higashi-Fussa Sta.),武蔵野台1-1-7,Train Station,4bf58dd8d48988d129951735,59,Fussa,35.73667,139.32361,JP,2018-07-15 12:40:00
2018_3416146,283450,3567,35.75673274424354,139.34206940324736,ドン・キホーテ 多摩瑞穂店,むさし野3-11-3,Discount Store,52dea92d3cf9994f4e043dbb,265,Fussa,35.73667,139.32361,JP,2018-07-17 02:09:00
2018_3416146,283450,1133,35.746199699479966,139.3348886118753,マルフジ 福生店,武蔵野台1-9-8,Grocery Store,4bf58dd8d48988d118951735,36,Fussa,35.73667,139.32361,JP,2018-07-17 02:41:00
2018_3416146,283450,1992,35.76115147556071,139.33822610734046,セブンイレブン 瑞穂むさし野2丁目店,むさし野2-54-28,Convenience Store,4d954b0ea243a5684a65b473,215,Fussa,35.73667,139.32361,JP,2018-07-17 07:00:00
2018_3416147,283450,1171,35.72340910006782,139.3056184006914,しまむら,野辺1106-1,Clothing Store,4bf58dd8d48988d103951735,4,Fussa,35.73667,139.32361,JP,2018-07-21 05:24:00
2018_3416147,283450,638,35.72330916011894,139.28986728564178,セブンイレブン あきる野牛沼店,牛沼159-1,Convenience Store,4d954b0ea243a5684a65b473,215,Fussa,35.73667,139.32361,JP,2018-07-21 05:40:00
2018_3416148,283450,808,35.67755612814065,139.29813042872445,クリエイトSD 八王子四谷店,四谷町680-1,Pharmacy,4bf58dd8d48988d10f951735,20,Hachiōji,35.65583,139.32389,JP,2018-07-22 01:56:00
2018_3416148,283450,2996,35.7287335716836,139.34274649400604,ファミリーマート 福生横田基地前店,熊川1311-3,Convenience Store,4d954b0ea243a5684a65b473,215,Fussa,35.73667,139.32361,JP,2018-07-22 04:06:00
2018_3416149,283450,364,35.74602827918759,139.3359742838957,東福生駅 (Higashi-Fussa Sta.),武蔵野台1-1-7,Train Station,4bf58dd8d48988d129951735,59,Fussa,35.73667,139.32361,JP,2018-07-28 04:36:00
2018_3416149,283450,1254,35.553984,139.261701,オギノパン 本社工場直売店,緑区長竹2841,Bakery,4bf58dd8d48988d16a941735,100,Hachiōji,35.65583,139.32389,JP,2018-07-28 05:47:00
2018_3416149,283450,681,35.58964159949494,139.30863904831295,ローソン 城山川尻店,緑区川尻1500-1,Convenience Store,4d954b0ea243a5684a65b473,215,Hachiōji,35.65583,139.32389,JP,2018-07-28 06:09:00
2018_3416150,283450,4002,35.72987108388483,139.36146357494354,らあめん花月嵐,西砂町2-56-5,Ramen Restaurant,55a59bace4b013909087cb24,335,Fussa,35.73667,139.32361,JP,2018-08-04 04:00:00
2018_3416150,283450,3039,35.74470105315585,139.31917190551758,加美上水橋,福生1900,Bridge,4bf58dd8d48988d1df941735,165,Fussa,35.73667,139.32361,JP,2018-08-04 07:32:00
2018_3416150,283450,632,35.76277228725415,139.29798870845465,阿蘇神社,羽加美4-6-7,Shrine,4eb1d80a4b900d56c88a45ff,229,Fussa,35.73667,139.32361,JP,2018-08-04 08:04:00
2018_3416151,283450,2008,35.65855371951849,139.32870984077454,ローソン 八王子南新町店,南新町15,Convenience Store,4d954b0ea243a5684a65b473,215,Hachiōji,35.65583,139.32389,JP,2018-08-09 05:12:00
2018_3416151,283450,1254,35.553984,139.261701,オギノパン 本社工場直売店,緑区長竹2841,Bakery,4bf58dd8d48988d16a941735,100,Hachiōji,35.65583,139.32389,JP,2018-08-09 06:47:00
2018_3416152,283450,3077,35.554769211472134,139.2622661042016,ローソン 相模原舟久保店,緑区長竹2881-1,Convenience Store,4d954b0ea243a5684a65b473,215,Hachiōji,35.65583,139.32389,JP,2018-08-11 01:43:00
2018_3416152,283450,4483,35.5430495475839,139.2178296525124,ファミリーマート 津久井宮が瀬店,緑区鳥屋1402-1,Convenience Store,4d954b0ea243a5684a65b473,215,Hachiōji,35.65583,139.32389,JP,2018-08-11 03:07:00
2018_3416153,283450,364,35.74602827918759,139.3359742838957,東福生駅 (Higashi-Fussa Sta.),武蔵野台1-1-7,Train Station,4bf58dd8d48988d129951735,59,Fussa,35.73667,139.32361,JP,2018-08-14 22:58:00
2018_3416153,283450,364,35.74602827918759,139.3359742838957,東福生駅 (Higashi-Fussa Sta.),武蔵野台1-1-7,Train Station,4bf58dd8d48988d129951735,59,Fussa,35.73667,139.32361,JP,2018-08-15 06:02:00
2018_3416153,283450,3077,35.554769211472134,139.2622661042016,ローソン 相模原舟久保店,緑区長竹2881-1,Convenience Store,4d954b0ea243a5684a65b473,215,Hachiōji,35.65583,139.32389,JP,2018-08-25 23:16:00
2018_3416153,283450,358,35.539018,139.223096,鳥居原ふれあいの館,緑区鳥屋1674,Farmers Market,4bf58dd8d48988d1fa941735,195,Hachiōji,35.65583,139.32389,JP,2018-08-26 05:01:00
2018_3416153,283450,2055,35.65419526937285,139.32714002204193,セブンイレブン 八王子上野町店,上野町28-11,Convenience Store,4d954b0ea243a5684a65b473,215,Hachiōji,35.65583,139.32389,JP,2018-08-26 06:00:00
2018_3416153,283450,364,35.74602827918759,139.3359742838957,東福生駅 (Higashi-Fussa Sta.),武蔵野台1-1-7,Train Station,4bf58dd8d48988d129951735,59,Fussa,35.73667,139.32361,JP,2018-08-26 07:11:00
2018_3416153,283450,364,35.74602827918759,139.3359742838957,東福生駅 (Higashi-Fussa Sta.),武蔵野台1-1-7,Train Station,4bf58dd8d48988d129951735,59,Fussa,35.73667,139.32361,JP,2018-09-02 07:16:00
2018_3416155,283450,364,35.74602827918759,139.3359742838957,東福生駅 (Higashi-Fussa Sta.),武蔵野台1-1-7,Train Station,4bf58dd8d48988d129951735,59,Fussa,35.73667,139.32361,JP,2018-09-22 23:07:00
2018_3416155,283450,364,35.74602827918759,139.3359742838957,東福生駅 (Higashi-Fussa Sta.),武蔵野台1-1-7,Train Station,4bf58dd8d48988d129951735,59,Fussa,35.73667,139.32361,JP,2018-09-23 06:32:00
2018_3416155,283450,1139,35.6357775612479,139.3393313884735,ファミリーマート 日本文化大入口店,片倉町2214-1,Convenience Store,4d954b0ea243a5684a65b473,215,Hachiōji,35.65583,139.32389,JP,2018-10-06 23:48:00
2018_3416155,283450,4055,35.543019660007495,139.2713342161474,パン工房 半原パン,半原4137-1,Bakery,4bf58dd8d48988d16a941735,100,Hachiōji,35.65583,139.32389,JP,2018-10-07 00:49:00
2018_3416155,283450,364,35.74602827918759,139.3359742838957,東福生駅 (Higashi-Fussa Sta.),武蔵野台1-1-7,Train Station,4bf58dd8d48988d129951735,59,Fussa,35.73667,139.32361,JP,2018-10-07 07:34:00
2018_3674408,325605,3812,35.64055538316099,139.33283828433653,竜泉寺の湯 八王子みなみ野店,片倉町3505,Spa,4bf58dd8d48988d1ed941735,177,Hachiōji,35.65583,139.32389,JP,2018-03-09 15:26:00
2018_3674408,325605,25,35.631220779039005,139.33104367558497,八王子みなみ野駅 (Hachiōjiminamino Sta.),みなみ野1-1-1,Train Station,4bf58dd8d48988d129951735,59,Hachiōji,35.65583,139.32389,JP,2018-03-09 21:37:00
2018_3674411,325605,2,35.65561,139.3389,八王子駅 (Hachiōji Sta.),旭町1-1,Train Station,4bf58dd8d48988d129951735,59,Hachiōji,35.65583,139.32389,JP,2018-03-20 06:53:00
2018_3674411,325605,1017,35.63223422322054,139.32859182357788,サイゼリヤ,みなみ野1-7-3,Italian Restaurant,4bf58dd8d48988d110941735,21,Hachiōji,35.65583,139.32389,JP,2018-03-20 13:23:00
2018_3674418,325605,1326,35.654639063322705,139.33882782419246,ビックカメラ JR八王子駅店,旭町1-17,Electronics Store,4bf58dd8d48988d122951735,48,Hachiōji,35.65583,139.32389,JP,2018-04-02 06:14:00
2018_3674418,325605,1116,35.6578133,139.3431818,島村楽器,明神町3-27-1,Music Store,4bf58dd8d48988d1fe941735,202,Hachiōji,35.65583,139.32389,JP,2018-04-02 08:08:00
2018_3674418,325605,1352,35.656466023188216,139.33855395573082,シルクハット 八王子店,旭町2-5,Arcade,4bf58dd8d48988d1e1931735,167,Hachiōji,35.65583,139.32389,JP,2018-04-02 08:31:00
2018_3674418,325605,1898,35.631405515348796,139.3303078030725,すき家,みなみ野1-3-1,Donburi Restaurant,55a59bace4b013909087cb0c,331,Hachiōji,35.65583,139.32389,JP,2018-04-02 09:52:00
2018_3674418,325605,1659,35.63096363378414,139.32899088374666,アピナ 八王子みなみ野店,みなみ野1-2-1,Arcade,4bf58dd8d48988d1e1931735,167,Hachiōji,35.65583,139.32389,JP,2018-04-02 10:30:00
2018_3674419,325605,2,35.65561,139.3389,八王子駅 (Hachiōji Sta.),旭町1-1,Train Station,4bf58dd8d48988d129951735,59,Hachiōji,35.65583,139.32389,JP,2018-04-09 07:10:00
2018_3674419,325605,38,35.64444469921653,139.35434304296533,北野駅 (Kitano Sta.) (KO33),打越町335-1,Train Station,4bf58dd8d48988d129951735,59,Hachiōji,35.65583,139.32389,JP,2018-04-09 08:07:00
2018_3674419,325605,3812,35.64055538316099,139.33283828433653,竜泉寺の湯 八王子みなみ野店,片倉町3505,Spa,4bf58dd8d48988d1ed941735,177,Hachiōji,35.65583,139.32389,JP,2018-04-09 13:38:00
2018_3674422,325605,11,35.59495276013401,139.34499388615959,橋本駅 (Hashimoto Sta.),緑区橋本6/2,Train Station,4bf58dd8d48988d129951735,59,Hachiōji,35.65583,139.32389,JP,2018-04-17 12:50:00
2018_3674422,325605,25,35.631220779039005,139.33104367558497,八王子みなみ野駅 (Hachiōjiminamino Sta.),みなみ野1-1-1,Train Station,4bf58dd8d48988d129951735,59,Hachiōji,35.65583,139.32389,JP,2018-04-17 13:01:00
2018_3674423,325605,3333,35.624441530262,139.34163151478,講義棟C,片倉町1404-1,Building,4bf58dd8d48988d130941735,66,Hachiōji,35.65583,139.32389,JP,2018-04-18 07:32:00
2018_3674423,325605,2345,35.631734247891366,139.32832901078677,BOOKOFF SUPER BAZAAR,みなみ野1-8-1,Thrift / Vintage Store,4bf58dd8d48988d101951735,2,Hachiōji,35.65583,139.32389,JP,2018-04-18 10:32:00
2018_3674424,325605,112,35.63151133989897,139.3287508745077,マクドナルド,みなみ野1-8-1,Fast Food Restaurant,4bf58dd8d48988d16e941735,104,Hachiōji,35.65583,139.32389,JP,2018-04-20 05:49:00
2018_3674424,325605,2345,35.631734247891366,139.32832901078677,BOOKOFF SUPER BAZAAR,みなみ野1-8-1,Thrift / Vintage Store,4bf58dd8d48988d101951735,2,Hachiōji,35.65583,139.32389,JP,2018-04-20 08:11:00
2018_3674426,325605,11,35.59495276013401,139.34499388615959,橋本駅 (Hashimoto Sta.),緑区橋本6/2,Train Station,4bf58dd8d48988d129951735,59,Hachiōji,35.65583,139.32389,JP,2018-04-21 08:02:00
2018_3674426,325605,191,35.595137562150846,139.34373266637422,京王 橋本駅 (KO45),緑区橋本2-3-2,Train Station,4bf58dd8d48988d129951735,59,Hachiōji,35.65583,139.32389,JP,2018-04-21 12:48:00
2018_3674427,325605,3792,35.7499355913582,139.47572975655396,横浜家系ラーメン 久米川商店,栄町1-22-8,Ramen Restaurant,55a59bace4b013909087cb24,335,Higashimurayama,35.75459,139.46852,JP,2018-04-22 11:37:00
2018_3674427,325605,2,35.65561,139.3389,八王子駅 (Hachiōji Sta.),旭町1-1,Train Station,4bf58dd8d48988d129951735,59,Hachiōji,35.65583,139.32389,JP,2018-04-22 13:37:00
2018_3674427,325605,25,35.631220779039005,139.33104367558497,八王子みなみ野駅 (Hachiōjiminamino Sta.),みなみ野1-1-1,Train Station,4bf58dd8d48988d129951735,59,Hachiōji,35.65583,139.32389,JP,2018-04-22 13:53:00
2018_3674427,325605,4655,,,,,Home (private),4bf58dd8d48988d103941735,3,Hachiōji,35.65583,139.32389,JP,2018-04-22 14:04:00
2018_3674428,325605,3333,35.624441530262,139.34163151478,講義棟C,片倉町1404-1,Building,4bf58dd8d48988d130941735,66,Hachiōji,35.65583,139.32389,JP,2018-04-23 00:20:00
2018_3674428,325605,1010,35.656979966607096,139.33761347459244,アニメイト,旭町6-6,Hobby Shop,4bf58dd8d48988d1fb941735,197,Hachiōji,35.65583,139.32389,JP,2018-04-23 08:13:00
2018_3674428,325605,69,35.65738962334959,139.34100440619113,BOOKOFF 八王子駅北口店,旭町12-4,Used Bookstore,52f2ab2ebcbc57f1066b8b30,302,Hachiōji,35.65583,139.32389,JP,2018-04-23 08:58:00
2018_3674433,325605,3,35.65808032639735,139.34275103595496,京王八王子駅 (Keiō-hachiōji Sta.),明神町3-27-1,Train Station,4bf58dd8d48988d129951735,59,Hachiōji,35.65583,139.32389,JP,2018-05-06 11:12:00
2018_3674433,325605,1326,35.654639063322705,139.33882782419246,ビックカメラ JR八王子駅店,旭町1-17,Electronics Store,4bf58dd8d48988d122951735,48,Hachiōji,35.65583,139.32389,JP,2018-05-06 11:31:00
2018_3674434,325605,2,35.65561,139.3389,八王子駅 (Hachiōji Sta.),旭町1-1,Train Station,4bf58dd8d48988d129951735,59,Hachiōji,35.65583,139.32389,JP,2018-05-08 08:20:00
2018_3674434,325605,1116,35.6578133,139.3431818,島村楽器,明神町3-27-1,Music Store,4bf58dd8d48988d1fe941735,202,Hachiōji,35.65583,139.32389,JP,2018-05-08 08:32:00
2018_3674434,325605,88,35.6322903,139.3271318,蔦屋書店,みなみ野1-7-7,Bookstore,4bf58dd8d48988d114951735,29,Hachiōji,35.65583,139.32389,JP,2018-05-08 09:33:00
2018_3674434,325605,1895,35.63144307372707,139.3301635980606,丸亀製麺,みなみ野1-3,Udon Restaurant,55a59bace4b013909087cb2a,337,Hachiōji,35.65583,139.32389,JP,2018-05-08 09:47:00
2018_3674436,325605,3,35.65808032639735,139.34275103595496,京王八王子駅 (Keiō-hachiōji Sta.),明神町3-27-1,Train Station,4bf58dd8d48988d129951735,59,Hachiōji,35.65583,139.32389,JP,2018-05-14 14:03:00
2018_3674436,325605,25,35.631220779039005,139.33104367558497,八王子みなみ野駅 (Hachiōjiminamino Sta.),みなみ野1-1-1,Train Station,4bf58dd8d48988d129951735,59,Hachiōji,35.65583,139.32389,JP,2018-05-14 14:21:00
2018_3674442,325605,3361,35.59766872773952,139.3379384268904,アピナ 橋本店,緑区西橋本5-1-1,Arcade,4bf58dd8d48988d1e1931735,167,Hachiōji,35.65583,139.32389,JP,2018-05-29 12:42:00
2018_3674442,325605,88,35.6322903,139.3271318,蔦屋書店,みなみ野1-7-7,Bookstore,4bf58dd8d48988d114951735,29,Hachiōji,35.65583,139.32389,JP,2018-05-29 13:33:00
2018_3674443,325605,35,35.642412535750246,139.28288798022228,高尾駅 (Takao Sta.),高尾町/初沢町,Train Station,4bf58dd8d48988d129951735,59,Hachiōji,35.65583,139.32389,JP,2018-06-03 13:01:00
2018_3674443,325605,25,35.631220779039005,139.33104367558497,八王子みなみ野駅 (Hachiōjiminamino Sta.),みなみ野1-1-1,Train Station,4bf58dd8d48988d129951735,59,Hachiōji,35.65583,139.32389,JP,2018-06-03 13:24:00
2018_3674444,325605,433,35.59844303383893,139.33134225034235,BOOKOFF 橋本津久井街道店,緑区橋本8-27-7,Used Bookstore,52f2ab2ebcbc57f1066b8b30,302,Hachiōji,35.65583,139.32389,JP,2018-06-05 06:24:00
2018_3674444,325605,4655,,,,,Home (private),4bf58dd8d48988d103941735,3,Hachiōji,35.65583,139.32389,JP,2018-06-05 13:32:00
2018_3674446,325605,3361,35.59766872773952,139.3379384268904,アピナ 橋本店,緑区西橋本5-1-1,Arcade,4bf58dd8d48988d1e1931735,167,Hachiōji,35.65583,139.32389,JP,2018-06-12 12:46:00
2018_3674446,325605,25,35.631220779039005,139.33104367558497,八王子みなみ野駅 (Hachiōjiminamino Sta.),みなみ野1-1-1,Train Station,4bf58dd8d48988d129951735,59,Hachiōji,35.65583,139.32389,JP,2018-06-12 14:21:00
2018_3674448,325605,2,35.65561,139.3389,八王子駅 (Hachiōji Sta.),旭町1-1,Train Station,4bf58dd8d48988d129951735,59,Hachiōji,35.65583,139.32389,JP,2018-06-17 08:31:00
2018_3674448,325605,35,35.642412535750246,139.28288798022228,高尾駅 (Takao Sta.),高尾町/初沢町,Train Station,4bf58dd8d48988d129951735,59,Hachiōji,35.65583,139.32389,JP,2018-06-18 02:52:00
2018_3674449,325605,341,35.62523511265502,139.3396812197156,日本工学院八王子専門学校,片倉町1404-1,Trade School,4bf58dd8d48988d1ad941735,141,Hachiōji,35.65583,139.32389,JP,2018-06-22 04:19:00
2018_3674449,325605,2002,35.631474,139.328192,スーパー三和,みなみ野1-8-1,Supermarket,52f2ab2ebcbc57f1066b8b46,309,Hachiōji,35.65583,139.32389,JP,2018-06-22 05:06:00
2018_3674452,325605,4511,35.62442096645474,139.32745159452054,雀荘 カルアンチ,,Casino,4bf58dd8d48988d17c941735,115,Hachiōji,35.65583,139.32389,JP,2018-06-27 06:51:00
2018_3674452,325605,3361,35.59766872773952,139.3379384268904,アピナ 橋本店,緑区西橋本5-1-1,Arcade,4bf58dd8d48988d1e1931735,167,Hachiōji,35.65583,139.32389,JP,2018-06-27 07:40:00
2018_3674454,325605,3361,35.59766872773952,139.3379384268904,アピナ 橋本店,緑区西橋本5-1-1,Arcade,4bf58dd8d48988d1e1931735,167,Hachiōji,35.65583,139.32389,JP,2018-07-24 12:44:00
2018_3674454,325605,1659,35.63096363378414,139.32899088374666,アピナ 八王子みなみ野店,みなみ野1-2-1,Arcade,4bf58dd8d48988d1e1931735,167,Hachiōji,35.65583,139.32389,JP,2018-07-24 14:01:00
2018_3674455,325605,11,35.59495276013401,139.34499388615959,橋本駅 (Hashimoto Sta.),緑区橋本6/2,Train Station,4bf58dd8d48988d129951735,59,Hachiōji,35.65583,139.32389,JP,2018-07-25 07:50:00
2018_3674455,325605,1659,35.63096363378414,139.32899088374666,アピナ 八王子みなみ野店,みなみ野1-2-1,Arcade,4bf58dd8d48988d1e1931735,167,Hachiōji,35.65583,139.32389,JP,2018-07-25 13:04:00
2018_3674458,325605,154,35.627685415481615,139.3274773657322,横濱家,みなみ野2-15-10,Ramen Restaurant,55a59bace4b013909087cb24,335,Hachiōji,35.65583,139.32389,JP,2018-08-02 06:12:00
2018_3674458,325605,4511,35.62442096645474,139.32745159452054,雀荘 カルアンチ,,Casino,4bf58dd8d48988d17c941735,115,Hachiōji,35.65583,139.32389,JP,2018-08-02 06:59:00
2018_3674458,325605,2,35.65561,139.3389,八王子駅 (Hachiōji Sta.),旭町1-1,Train Station,4bf58dd8d48988d129951735,59,Hachiōji,35.65583,139.32389,JP,2018-08-02 10:07:00
2018_3674458,325605,413,35.63830068352964,139.30236781682675,くら寿司,椚田町579-5,Sushi Restaurant,4bf58dd8d48988d1d2941735,158,Hachiōji,35.65583,139.32389,JP,2018-08-02 12:19:00
2018_3674458,325605,4511,35.62442096645474,139.32745159452054,雀荘 カルアンチ,,Casino,4bf58dd8d48988d17c941735,115,Hachiōji,35.65583,139.32389,JP,2018-08-02 13:54:00
2018_3674459,325605,2,35.65561,139.3389,八王子駅 (Hachiōji Sta.),旭町1-1,Train Station,4bf58dd8d48988d129951735,59,Hachiōji,35.65583,139.32389,JP,2018-08-25 12:24:00
2018_3674459,325605,25,35.631220779039005,139.33104367558497,八王子みなみ野駅 (Hachiōjiminamino Sta.),みなみ野1-1-1,Train Station,4bf58dd8d48988d129951735,59,Hachiōji,35.65583,139.32389,JP,2018-08-25 12:42:00
2018_3674459,325605,2,35.65561,139.3389,八王子駅 (Hachiōji Sta.),旭町1-1,Train Station,4bf58dd8d48988d129951735,59,Hachiōji,35.65583,139.32389,JP,2018-08-25 22:06:00
2018_3674459,325605,18,35.72118017284569,139.34375983717834,拝島駅 (Haijima Sta.),松原町4-14-4 / 美堀町5-21-2,Train Station,4bf58dd8d48988d129951735,59,Fussa,35.73667,139.32361,JP,2018-08-25 22:39:00
2018_3674459,325605,4692,35.77213320008321,139.48589168147112,スシロー,秋津町2-3-45,Sushi Restaurant,4bf58dd8d48988d1d2941735,158,Higashimurayama,35.75459,139.46852,JP,2018-08-26 02:21:00
2018_3674460,325605,3812,35.64055538316099,139.33283828433653,竜泉寺の湯 八王子みなみ野店,片倉町3505,Spa,4bf58dd8d48988d1ed941735,177,Hachiōji,35.65583,139.32389,JP,2018-08-26 17:15:00
2018_3674460,325605,3130,35.63341270197571,139.3203401664758,ミニストップ 八王子小比企町店,小比企町3500-4,Convenience Store,4d954b0ea243a5684a65b473,215,Hachiōji,35.65583,139.32389,JP,2018-08-26 18:16:00
2018_3674461,325605,3756,35.65650985085828,139.3379367040933,PIA 八王子,旭町5-1,Casino,4bf58dd8d48988d17c941735,115,Hachiōji,35.65583,139.32389,JP,2018-08-27 07:39:00
2018_3674461,325605,416,35.658807960708316,139.33771926536835,らしんばん,中町2-1,Hobby Shop,4bf58dd8d48988d1fb941735,197,Hachiōji,35.65583,139.32389,JP,2018-08-27 08:01:00
2018_3674462,325605,2,35.65561,139.3389,八王子駅 (Hachiōji Sta.),旭町1-1,Train Station,4bf58dd8d48988d129951735,59,Hachiōji,35.65583,139.32389,JP,2018-09-01 02:16:00
2018_3674462,325605,3,35.65808032639735,139.34275103595496,京王八王子駅 (Keiō-hachiōji Sta.),明神町3-27-1,Train Station,4bf58dd8d48988d129951735,59,Hachiōji,35.65583,139.32389,JP,2018-09-01 02:23:00
2018_3674463,325605,416,35.658807960708316,139.33771926536835,らしんばん,中町2-1,Hobby Shop,4bf58dd8d48988d1fb941735,197,Hachiōji,35.65583,139.32389,JP,2018-09-05 10:40:00
2018_3674463,325605,1342,35.65726464760619,139.33888748288155,サイゼリヤ,旭町9-1,Italian Restaurant,4bf58dd8d48988d110941735,21,Hachiōji,35.65583,139.32389,JP,2018-09-05 11:29:00
2018_3674463,325605,25,35.631220779039005,139.33104367558497,八王子みなみ野駅 (Hachiōjiminamino Sta.),みなみ野1-1-1,Train Station,4bf58dd8d48988d129951735,59,Hachiōji,35.65583,139.32389,JP,2018-09-05 12:24:00
2018_3674468,325605,1010,35.656979966607096,139.33761347459244,アニメイト,旭町6-6,Hobby Shop,4bf58dd8d48988d1fb941735,197,Hachiōji,35.65583,139.32389,JP,2018-09-14 01:09:00
2018_3674468,325605,1017,35.63223422322054,139.32859182357788,サイゼリヤ,みなみ野1-7-3,Italian Restaurant,4bf58dd8d48988d110941735,21,Hachiōji,35.65583,139.32389,JP,2018-09-14 08:10:00
2018_3674469,325605,2,35.65561,139.3389,八王子駅 (Hachiōji Sta.),旭町1-1,Train Station,4bf58dd8d48988d129951735,59,Hachiōji,35.65583,139.32389,JP,2018-09-16 10:59:00
2018_3674469,325605,2352,35.657759835621285,139.34109617249536,八王子田田,東町1-3,Ramen Restaurant,55a59bace4b013909087cb24,335,Hachiōji,35.65583,139.32389,JP,2018-09-16 11:08:00
2018_3674469,325605,416,35.658807960708316,139.33771926536835,らしんばん,中町2-1,Hobby Shop,4bf58dd8d48988d1fb941735,197,Hachiōji,35.65583,139.32389,JP,2018-09-16 11:40:00
2018_3674471,325605,2,35.65561,139.3389,八王子駅 (Hachiōji Sta.),旭町1-1,Train Station,4bf58dd8d48988d129951735,59,Hachiōji,35.65583,139.32389,JP,2018-09-17 14:11:00
2018_3674471,325605,25,35.631220779039005,139.33104367558497,八王子みなみ野駅 (Hachiōjiminamino Sta.),みなみ野1-1-1,Train Station,4bf58dd8d48988d129951735,59,Hachiōji,35.65583,139.32389,JP,2018-09-17 14:21:00
2018_3674472,325605,2,35.65561,139.3389,八王子駅 (Hachiōji Sta.),旭町1-1,Train Station,4bf58dd8d48988d129951735,59,Hachiōji,35.65583,139.32389,JP,2018-09-20 08:09:00
2018_3674472,325605,2352,35.657759835621285,139.34109617249536,八王子田田,東町1-3,Ramen Restaurant,55a59bace4b013909087cb24,335,Hachiōji,35.65583,139.32389,JP,2018-09-20 08:20:00
2018_3674476,325605,3333,35.624441530262,139.34163151478,講義棟C,片倉町1404-1,Building,4bf58dd8d48988d130941735,66,Hachiōji,35.65583,139.32389,JP,2018-09-26 07:57:00
2018_3674476,325605,45,35.63988827560974,139.34153829340457,片倉駅 (Katakura Sta.),片倉町718,Train Station,4bf58dd8d48988d129951735,59,Hachiōji,35.65583,139.32389,JP,2018-09-26 10:18:00
2018_3674477,325605,2,35.65561,139.3389,八王子駅 (Hachiōji Sta.),旭町1-1,Train Station,4bf58dd8d48988d129951735,59,Hachiōji,35.65583,139.32389,JP,2018-09-27 08:26:00
2018_3674477,325605,4517,35.657668,139.337639,中華食堂 一番館,旭町8-6,Chinese Restaurant,4bf58dd8d48988d145941735,76,Hachiōji,35.65583,139.32389,JP,2018-09-27 10:57:00
2018_3674477,325605,416,35.658807960708316,139.33771926536835,らしんばん,中町2-1,Hobby Shop,4bf58dd8d48988d1fb941735,197,Hachiōji,35.65583,139.32389,JP,2018-09-27 11:37:00
2018_3674480,325605,803,35.65781558155247,139.3370920796709,フルコンプ 八王子本店,中町1-3,Hobby Shop,4bf58dd8d48988d1fb941735,197,Hachiōji,35.65583,139.32389,JP,2018-10-03 10:53:00
2018_3674480,325605,2,35.65561,139.3389,八王子駅 (Hachiōji Sta.),旭町1-1,Train Station,4bf58dd8d48988d129951735,59,Hachiōji,35.65583,139.32389,JP,2018-10-03 14:47:00
2018_3674480,325605,25,35.631220779039005,139.33104367558497,八王子みなみ野駅 (Hachiōjiminamino Sta.),みなみ野1-1-1,Train Station,4bf58dd8d48988d129951735,59,Hachiōji,35.65583,139.32389,JP,2018-10-03 15:10:00
2018_3773284,342180,3579,35.75677715592581,139.3423112732072,瑞穂 大和家,むさし野3-11-3,Ramen Restaurant,55a59bace4b013909087cb24,335,Fussa,35.73667,139.32361,JP,2018-03-06 12:24:00
2018_3773284,342180,1203,35.735371076261096,139.38267519175812,ラウンドワン 武蔵村山店,伊奈平3-1-1,Bowling Alley,4bf58dd8d48988d1e4931735,169,Fussa,35.73667,139.32361,JP,2018-03-06 12:57:00
2018_3773285,342180,80,35.686372308734526,139.34108496154775,道の駅 八王子滝山,滝山町1-592-2,Rest Area,4d954b16a243a5684b65b473,216,Hachiōji,35.65583,139.32389,JP,2018-03-17 13:40:00
2018_3773285,342180,4582,35.635135787060975,139.27026718854904,セブンイレブン 高尾山インター店,高尾町1806-1,Convenience Store,4d954b0ea243a5684a65b473,215,Hachiōji,35.65583,139.32389,JP,2018-03-17 16:18:00
2018_3773288,342180,1203,35.735371076261096,139.38267519175812,ラウンドワン 武蔵村山店,伊奈平3-1-1,Bowling Alley,4bf58dd8d48988d1e4931735,169,Fussa,35.73667,139.32361,JP,2018-04-07 14:58:00
2018_3773288,342180,2284,35.763876793945684,139.35735931980855,中華料理 ぼん天 瑞穂店,石畑1590-8,Chinese Restaurant,4bf58dd8d48988d145941735,76,Fussa,35.73667,139.32361,JP,2018-04-07 17:41:00
2018_3773289,342180,3262,35.774325700957,139.33666851445105,カーランドリー 瑞穂店,箱根ケ崎東松原27-18,Car Wash,4f04ae1f2fb6e1c99f3db0ba,232,Fussa,35.73667,139.32361,JP,2018-04-16 10:40:00
2018_3773289,342180,2326,35.7661565659599,139.3519873685103,とりあえず吾平 東京瑞穂武蔵店,武蔵54-1,Sake Bar,4bf58dd8d48988d11c941735,40,Fussa,35.73667,139.32361,JP,2018-04-16 12:48:00
2018_3773294,342180,2508,35.66853714600339,139.33049758266534,ENEOS Dr. Drive八王子中野SS,中野上町2-1-1,Gas Station,4bf58dd8d48988d113951735,28,Hachiōji,35.65583,139.32389,JP,2018-05-17 17:00:00
2018_3773294,342180,80,35.686372308734526,139.34108496154775,道の駅 八王子滝山,滝山町1-592-2,Rest Area,4d954b16a243a5684b65b473,216,Hachiōji,35.65583,139.32389,JP,2018-05-17 17:09:00
2018_3773296,342180,3579,35.75677715592581,139.3423112732072,瑞穂 大和家,むさし野3-11-3,Ramen Restaurant,55a59bace4b013909087cb24,335,Fussa,35.73667,139.32361,JP,2018-06-03 13:24:00
2018_3773296,342180,1992,35.76115147556071,139.33822610734046,セブンイレブン 瑞穂むさし野2丁目店,むさし野2-54-28,Convenience Store,4d954b0ea243a5684a65b473,215,Fussa,35.73667,139.32361,JP,2018-06-03 17:32:00
2018_3773297,342180,1543,35.748961122941445,139.32532086968422,サイゼリヤ,加美平1-13-14,Italian Restaurant,4bf58dd8d48988d110941735,21,Fussa,35.73667,139.32361,JP,2018-06-06 10:34:00
2018_3773297,342180,1203,35.735371076261096,139.38267519175812,ラウンドワン 武蔵村山店,伊奈平3-1-1,Bowling Alley,4bf58dd8d48988d1e4931735,169,Fussa,35.73667,139.32361,JP,2018-06-06 12:58:00
2018_3773298,342180,1992,35.76115147556071,139.33822610734046,セブンイレブン 瑞穂むさし野2丁目店,むさし野2-54-28,Convenience Store,4d954b0ea243a5684a65b473,215,Fussa,35.73667,139.32361,JP,2018-06-13 12:28:00
2018_3773298,342180,80,35.686372308734526,139.34108496154775,道の駅 八王子滝山,滝山町1-592-2,Rest Area,4d954b16a243a5684b65b473,216,Hachiōji,35.65583,139.32389,JP,2018-06-13 12:54:00
2018_3773299,342180,1992,35.76115147556071,139.33822610734046,セブンイレブン 瑞穂むさし野2丁目店,むさし野2-54-28,Convenience Store,4d954b0ea243a5684a65b473,215,Fussa,35.73667,139.32361,JP,2018-06-16 23:33:00
2018_3773299,342180,400,35.76637729917154,139.33420826409065,西多摩自動車学校,羽4150,Driving School,52e81612bcbc57f1066b7a42,293,Fussa,35.73667,139.32361,JP,2018-06-17 00:38:00
2018_3773299,342180,2539,35.78596126855471,139.3502186044984,LIVIN,高根623,Supermarket,52f2ab2ebcbc57f1066b8b46,309,Fussa,35.73667,139.32361,JP,2018-06-17 03:34:00
2018_3773300,342180,80,35.686372308734526,139.34108496154775,道の駅 八王子滝山,滝山町1-592-2,Rest Area,4d954b16a243a5684b65b473,216,Hachiōji,35.65583,139.32389,JP,2018-06-17 12:27:00
2018_3773300,342180,1992,35.76115147556071,139.33822610734046,セブンイレブン 瑞穂むさし野2丁目店,むさし野2-54-28,Convenience Store,4d954b0ea243a5684a65b473,215,Fussa,35.73667,139.32361,JP,2018-06-17 15:20:00
2018_3773301,342180,3567,35.75673274424354,139.34206940324736,ドン・キホーテ 多摩瑞穂店,むさし野3-11-3,Discount Store,52dea92d3cf9994f4e043dbb,265,Fussa,35.73667,139.32361,JP,2018-06-18 13:26:00
2018_3773301,342180,2929,35.73924445649469,139.2782199382782,ファミリーマート 日の出平井店,平井725-1,Convenience Store,4d954b0ea243a5684a65b473,215,Fussa,35.73667,139.32361,JP,2018-06-18 17:24:00
2018_3773301,342180,256,35.75971161655578,139.31750439484287,マクドナルド,五ノ神4-12-1,Fast Food Restaurant,4bf58dd8d48988d16e941735,104,Fussa,35.73667,139.32361,JP,2018-06-18 20:06:00
2018_3773302,342180,3567,35.75673274424354,139.34206940324736,ドン・キホーテ 多摩瑞穂店,むさし野3-11-3,Discount Store,52dea92d3cf9994f4e043dbb,265,Fussa,35.73667,139.32361,JP,2018-06-19 12:09:00
2018_3773302,342180,1203,35.735371076261096,139.38267519175812,ラウンドワン 武蔵村山店,伊奈平3-1-1,Bowling Alley,4bf58dd8d48988d1e4931735,169,Fussa,35.73667,139.32361,JP,2018-06-19 13:40:00
2018_3773304,342180,584,35.6777383435228,139.33580584794746,CAREZZA 八王子店,左入町749-1,Automotive Shop,4bf58dd8d48988d124951735,52,Hachiōji,35.65583,139.32389,JP,2018-06-23 08:08:00
2018_3773304,342180,1221,35.65185215714851,139.33357385609872,ラウンドワン 八王子店,万町53-1,Bowling Alley,4bf58dd8d48988d1e4931735,169,Hachiōji,35.65583,139.32389,JP,2018-06-23 09:03:00
2018_3773305,342180,1992,35.76115147556071,139.33822610734046,セブンイレブン 瑞穂むさし野2丁目店,むさし野2-54-28,Convenience Store,4d954b0ea243a5684a65b473,215,Fussa,35.73667,139.32361,JP,2018-06-26 05:03:00
2018_3773305,342180,3085,35.67623158193757,139.31315811825033,ヴォーノ・イタリア,中野町3052-4,Italian Restaurant,4bf58dd8d48988d110941735,21,Hachiōji,35.65583,139.32389,JP,2018-06-26 13:51:00
2018_3773307,342180,584,35.6777383435228,139.33580584794746,CAREZZA 八王子店,左入町749-1,Automotive Shop,4bf58dd8d48988d124951735,52,Hachiōji,35.65583,139.32389,JP,2018-06-29 09:00:00
2018_3773307,342180,1235,35.668623673229554,139.35376167297363,セブンイレブン 大谷店,大谷町47-4,Convenience Store,4d954b0ea243a5684a65b473,215,Hachiōji,35.65583,139.32389,JP,2018-06-29 10:38:00
2018_3773307,342180,2,35.65561,139.3389,八王子駅 (Hachiōji Sta.),旭町1-1,Train Station,4bf58dd8d48988d129951735,59,Hachiōji,35.65583,139.32389,JP,2018-06-29 11:47:00
2018_3773310,342180,1992,35.76115147556071,139.33822610734046,セブンイレブン 瑞穂むさし野2丁目店,むさし野2-54-28,Convenience Store,4d954b0ea243a5684a65b473,215,Fussa,35.73667,139.32361,JP,2018-07-02 07:32:00
2018_3773310,342180,2837,35.68012119350698,139.28061289626015,ローソン 八王子大楽寺町店,大楽寺町130-1,Convenience Store,4d954b0ea243a5684a65b473,215,Hachiōji,35.65583,139.32389,JP,2018-07-02 14:28:00
2018_3773310,342180,2,35.65561,139.3389,八王子駅 (Hachiōji Sta.),旭町1-1,Train Station,4bf58dd8d48988d129951735,59,Hachiōji,35.65583,139.32389,JP,2018-07-02 16:58:00
2018_3773311,342180,2501,35.75935381962014,139.3425159708962,ENEOS ルート16横田基地TS,むさし野3-3-6,Gas Station,4bf58dd8d48988d113951735,28,Fussa,35.73667,139.32361,JP,2018-07-03 11:45:00
2018_3773311,342180,4582,35.635135787060975,139.27026718854904,セブンイレブン 高尾山インター店,高尾町1806-1,Convenience Store,4d954b0ea243a5684a65b473,215,Hachiōji,35.65583,139.32389,JP,2018-07-03 12:25:00
2018_3773311,342180,1220,35.66521682241031,139.3044945014027,ファミリーマート 八王子陣馬街道店,横川町534-1,Convenience Store,4d954b0ea243a5684a65b473,215,Hachiōji,35.65583,139.32389,JP,2018-07-03 14:39:00
2018_3773312,342180,1992,35.76115147556071,139.33822610734046,セブンイレブン 瑞穂むさし野2丁目店,むさし野2-54-28,Convenience Store,4d954b0ea243a5684a65b473,215,Fussa,35.73667,139.32361,JP,2018-07-04 17:31:00
2018_3773312,342180,721,35.705885,139.349857,堂方上交差点,拝島町1/田中町1/田中町2/緑町3,Intersection,52f2ab2ebcbc57f1066b8b4c,311,Fussa,35.73667,139.32361,JP,2018-07-05 09:00:00
2018_3773312,342180,584,35.6777383435228,139.33580584794746,CAREZZA 八王子店,左入町749-1,Automotive Shop,4bf58dd8d48988d124951735,52,Hachiōji,35.65583,139.32389,JP,2018-07-05 10:51:00
2018_3773312,342180,684,35.676748,139.313591,CoCo壱番屋,楢原町1132-1,Japanese Curry Restaurant,55a59bace4b013909087cb30,339,Hachiōji,35.65583,139.32389,JP,2018-07-05 11:32:00
2018_3773313,342180,1637,35.77177138851763,139.35343964963852,瑞穂町役場,箱根ケ崎2335,Government Building,4bf58dd8d48988d126941735,53,Fussa,35.73667,139.32361,JP,2018-07-06 01:46:00
2018_3773313,342180,1220,35.66521682241031,139.3044945014027,ファミリーマート 八王子陣馬街道店,横川町534-1,Convenience Store,4d954b0ea243a5684a65b473,215,Hachiōji,35.65583,139.32389,JP,2018-07-06 02:50:00
2018_3773313,342180,4103,35.66517243840993,139.31611283010656,麺や 睡蓮,元本郷町3-17-1,Ramen Restaurant,55a59bace4b013909087cb24,335,Hachiōji,35.65583,139.32389,JP,2018-07-06 04:01:00
2018_3773314,342180,584,35.6777383435228,139.33580584794746,CAREZZA 八王子店,左入町749-1,Automotive Shop,4bf58dd8d48988d124951735,52,Hachiōji,35.65583,139.32389,JP,2018-07-07 05:46:00
2018_3773314,342180,80,35.686372308734526,139.34108496154775,道の駅 八王子滝山,滝山町1-592-2,Rest Area,4d954b16a243a5684b65b473,216,Hachiōji,35.65583,139.32389,JP,2018-07-07 11:22:00
2018_3773314,342180,3737,35.724758897937065,139.29761292887298,ファミリーマート あきる野秋留店,秋留3-3-5,Convenience Store,4d954b0ea243a5684a65b473,215,Fussa,35.73667,139.32361,JP,2018-07-07 16:17:00
2018_3773316,342180,584,35.6777383435228,139.33580584794746,CAREZZA 八王子店,左入町749-1,Automotive Shop,4bf58dd8d48988d124951735,52,Hachiōji,35.65583,139.32389,JP,2018-07-09 01:35:00
2018_3773316,342180,356,35.666924506110185,139.35412572471705,マクドナルド,大和田町4-21-4,Fast Food Restaurant,4bf58dd8d48988d16e941735,104,Hachiōji,35.65583,139.32389,JP,2018-07-09 03:17:00
2018_3773318,342180,400,35.76637729917154,139.33420826409065,西多摩自動車学校,羽4150,Driving School,52e81612bcbc57f1066b7a42,293,Fussa,35.73667,139.32361,JP,2018-07-13 07:51:00
2018_3773318,342180,2501,35.75935381962014,139.3425159708962,ENEOS ルート16横田基地TS,むさし野3-3-6,Gas Station,4bf58dd8d48988d113951735,28,Fussa,35.73667,139.32361,JP,2018-07-13 10:36:00
2018_3773318,342180,80,35.686372308734526,139.34108496154775,道の駅 八王子滝山,滝山町1-592-2,Rest Area,4d954b16a243a5684b65b473,216,Hachiōji,35.65583,139.32389,JP,2018-07-13 13:27:00
2018_3773318,342180,1221,35.65185215714851,139.33357385609872,ラウンドワン 八王子店,万町53-1,Bowling Alley,4bf58dd8d48988d1e4931735,169,Hachiōji,35.65583,139.32389,JP,2018-07-13 15:42:00
2018_3807505,348059,20,35.73702856848473,139.4881439633571,小平駅 (Kodaira Sta.)(SS19),美園町1-34-1,Train Station,4bf58dd8d48988d129951735,59,Higashimurayama,35.75459,139.46852,JP,2018-03-28 13:39:00
2018_3807505,348059,1402,35.721116431517224,139.34407959093394,西武鉄道 拝島駅 (Haijima Sta.),美堀町5-21-2,Train Station,4bf58dd8d48988d129951735,59,Fussa,35.73667,139.32361,JP,2018-03-28 14:01:00
2018_3807506,348059,38,35.64444469921653,139.35434304296533,北野駅 (Kitano Sta.) (KO33),打越町335-1,Train Station,4bf58dd8d48988d129951735,59,Hachiōji,35.65583,139.32389,JP,2018-03-29 06:05:00
2018_3807506,348059,2955,35.63193,139.26921,京王高尾山温泉 極楽湯,高尾町2229-7,Hot Spring,4bf58dd8d48988d160941735,92,Hachiōji,35.65583,139.32389,JP,2018-03-29 06:42:00
2018_3807506,348059,2,35.65561,139.3389,八王子駅 (Hachiōji Sta.),旭町1-1,Train Station,4bf58dd8d48988d129951735,59,Hachiōji,35.65583,139.32389,JP,2018-03-29 08:22:00
2018_3807506,348059,46,35.60651474492544,139.33174781812303,相原駅 (Aihara Sta.),相原町1218-4,Train Station,4bf58dd8d48988d129951735,59,Hachiōji,35.65583,139.32389,JP,2018-03-29 08:32:00
2018_3807506,348059,11,35.59495276013401,139.34499388615959,橋本駅 (Hashimoto Sta.),緑区橋本6/2,Train Station,4bf58dd8d48988d129951735,59,Hachiōji,35.65583,139.32389,JP,2018-03-29 08:43:00
2018_3807507,348059,34,35.77649284869505,139.30208029152752,小作駅 (Ozaku Sta.),小作台5-35-1,Train Station,4bf58dd8d48988d129951735,59,Fussa,35.73667,139.32361,JP,2018-04-04 06:46:00
2018_3807507,348059,18,35.72118017284569,139.34375983717834,拝島駅 (Haijima Sta.),松原町4-14-4 / 美堀町5-21-2,Train Station,4bf58dd8d48988d129951735,59,Fussa,35.73667,139.32361,JP,2018-04-04 07:01:00
2018_3807509,348059,44,35.77130771454727,139.34668064117432,箱根ヶ崎駅 (Hakonegasaki Sta.),箱根ケ崎397,Train Station,4bf58dd8d48988d129951735,59,Fussa,35.73667,139.32361,JP,2018-04-09 22:52:00
2018_3807509,348059,18,35.72118017284569,139.34375983717834,拝島駅 (Haijima Sta.),松原町4-14-4 / 美堀町5-21-2,Train Station,4bf58dd8d48988d129951735,59,Fussa,35.73667,139.32361,JP,2018-04-09 23:00:00
2018_3807509,348059,4645,,,,,Trade School,4bf58dd8d48988d1ad941735,141,Hachiōji,35.65583,139.32389,JP,2018-04-09 23:47:00
2018_3807509,348059,1326,35.654639063322705,139.33882782419246,ビックカメラ JR八王子駅店,旭町1-17,Electronics Store,4bf58dd8d48988d122951735,48,Hachiōji,35.65583,139.32389,JP,2018-04-10 02:11:00
2018_3807510,348059,34,35.77649284869505,139.30208029152752,小作駅 (Ozaku Sta.),小作台5-35-1,Train Station,4bf58dd8d48988d129951735,59,Fussa,35.73667,139.32361,JP,2018-04-10 22:51:00
2018_3807510,348059,18,35.72118017284569,139.34375983717834,拝島駅 (Haijima Sta.),松原町4-14-4 / 美堀町5-21-2,Train Station,4bf58dd8d48988d129951735,59,Fussa,35.73667,139.32361,JP,2018-04-10 23:05:00
2018_3807510,348059,3,35.65808032639735,139.34275103595496,京王八王子駅 (Keiō-hachiōji Sta.),明神町3-27-1,Train Station,4bf58dd8d48988d129951735,59,Hachiōji,35.65583,139.32389,JP,2018-04-11 07:06:00
2018_3807510,348059,63,35.6323912,139.2699219,高尾山口駅 (Takaosanguchi Sta.) (KO53),高尾町2241,Train Station,4bf58dd8d48988d129951735,59,Hachiōji,35.65583,139.32389,JP,2018-04-11 07:45:00
2018_3807511,348059,18,35.72118017284569,139.34375983717834,拝島駅 (Haijima Sta.),松原町4-14-4 / 美堀町5-21-2,Train Station,4bf58dd8d48988d129951735,59,Fussa,35.73667,139.32361,JP,2018-04-11 23:12:00
2018_3807511,348059,2,35.65561,139.3389,八王子駅 (Hachiōji Sta.),旭町1-1,Train Station,4bf58dd8d48988d129951735,59,Hachiōji,35.65583,139.32389,JP,2018-04-11 23:52:00
2018_3807512,348059,34,35.77649284869505,139.30208029152752,小作駅 (Ozaku Sta.),小作台5-35-1,Train Station,4bf58dd8d48988d129951735,59,Fussa,35.73667,139.32361,JP,2018-04-13 03:12:00
2018_3807512,348059,18,35.72118017284569,139.34375983717834,拝島駅 (Haijima Sta.),松原町4-14-4 / 美堀町5-21-2,Train Station,4bf58dd8d48988d129951735,59,Fussa,35.73667,139.32361,JP,2018-04-13 03:29:00
2018_3807513,348059,3989,35.75329961174772,139.32225595606164,セカンドストリート 福生店,加美平1-28-4,Thrift / Vintage Store,4bf58dd8d48988d101951735,2,Fussa,35.73667,139.32361,JP,2018-04-15 07:14:00
2018_3807513,348059,158,35.742865858657346,139.3281601243152,西友 福生店,東町5-1,Supermarket,52f2ab2ebcbc57f1066b8b46,309,Fussa,35.73667,139.32361,JP,2018-04-15 07:29:00
2018_3807513,348059,1454,35.7567878559401,139.31908061538397,ホビーオフ 羽村店,神明台1-3-8,Hobby Shop,4bf58dd8d48988d1fb941735,197,Fussa,35.73667,139.32361,JP,2018-04-15 08:20:00
2018_3807514,348059,34,35.77649284869505,139.30208029152752,小作駅 (Ozaku Sta.),小作台5-35-1,Train Station,4bf58dd8d48988d129951735,59,Fussa,35.73667,139.32361,JP,2018-04-16 00:38:00
2018_3807514,348059,2,35.65561,139.3389,八王子駅 (Hachiōji Sta.),旭町1-1,Train Station,4bf58dd8d48988d129951735,59,Hachiōji,35.65583,139.32389,JP,2018-04-16 01:20:00
2018_3807515,348059,34,35.77649284869505,139.30208029152752,小作駅 (Ozaku Sta.),小作台5-35-1,Train Station,4bf58dd8d48988d129951735,59,Fussa,35.73667,139.32361,JP,2018-04-17 04:07:00
2018_3807515,348059,216,35.65698730962263,139.33872520896546,八王子オクトーレ (Hachioji Octore),旭町9-1,Shopping Plaza,5744ccdfe4b0c0459246b4dc,356,Hachiōji,35.65583,139.32389,JP,2018-04-17 08:21:00
2018_3807516,348059,34,35.77649284869505,139.30208029152752,小作駅 (Ozaku Sta.),小作台5-35-1,Train Station,4bf58dd8d48988d129951735,59,Fussa,35.73667,139.32361,JP,2018-04-17 23:18:00
2018_3807516,348059,18,35.72118017284569,139.34375983717834,拝島駅 (Haijima Sta.),松原町4-14-4 / 美堀町5-21-2,Train Station,4bf58dd8d48988d129951735,59,Fussa,35.73667,139.32361,JP,2018-04-17 23:33:00
2018_3807516,348059,3,35.65808032639735,139.34275103595496,京王八王子駅 (Keiō-hachiōji Sta.),明神町3-27-1,Train Station,4bf58dd8d48988d129951735,59,Hachiōji,35.65583,139.32389,JP,2018-04-18 04:21:00
2018_3807516,348059,38,35.64444469921653,139.35434304296533,北野駅 (Kitano Sta.) (KO33),打越町335-1,Train Station,4bf58dd8d48988d129951735,59,Hachiōji,35.65583,139.32389,JP,2018-04-18 04:32:00
2018_3807516,348059,4230,35.642822,139.289156,イーアス高尾,東浅川町550-1,Shopping Mall,4bf58dd8d48988d1fd941735,200,Hachiōji,35.65583,139.32389,JP,2018-04-18 08:04:00
2018_3807516,348059,63,35.6323912,139.2699219,高尾山口駅 (Takaosanguchi Sta.) (KO53),高尾町2241,Train Station,4bf58dd8d48988d129951735,59,Hachiōji,35.65583,139.32389,JP,2018-04-18 09:05:00
2018_3807517,348059,34,35.77649284869505,139.30208029152752,小作駅 (Ozaku Sta.),小作台5-35-1,Train Station,4bf58dd8d48988d129951735,59,Fussa,35.73667,139.32361,JP,2018-04-20 03:14:00
2018_3807517,348059,18,35.72118017284569,139.34375983717834,拝島駅 (Haijima Sta.),松原町4-14-4 / 美堀町5-21-2,Train Station,4bf58dd8d48988d129951735,59,Fussa,35.73667,139.32361,JP,2018-04-20 03:28:00
2018_3807517,348059,25,35.631220779039005,139.33104367558497,八王子みなみ野駅 (Hachiōjiminamino Sta.),みなみ野1-1-1,Train Station,4bf58dd8d48988d129951735,59,Hachiōji,35.65583,139.32389,JP,2018-04-20 07:57:00
2018_3807517,348059,11,35.59495276013401,139.34499388615959,橋本駅 (Hashimoto Sta.),緑区橋本6/2,Train Station,4bf58dd8d48988d129951735,59,Hachiōji,35.65583,139.32389,JP,2018-04-20 08:12:00
2018_3807517,348059,191,35.595137562150846,139.34373266637422,京王 橋本駅 (KO45),緑区橋本2-3-2,Train Station,4bf58dd8d48988d129951735,59,Hachiōji,35.65583,139.32389,JP,2018-04-20 08:16:00
2018_3807518,348059,4654,,,,,Home (private),4bf58dd8d48988d103941735,3,Hachiōji,35.65583,139.32389,JP,2018-04-21 05:53:00
2018_3807518,348059,2610,35.631319743378,139.25897773831,高尾山トンネル,南浅川町2713-4,Tunnel,52f2ab2ebcbc57f1066b8b4a,310,Hachiōji,35.65583,139.32389,JP,2018-04-21 09:28:00
2018_3807519,348059,34,35.77649284869505,139.30208029152752,小作駅 (Ozaku Sta.),小作台5-35-1,Train Station,4bf58dd8d48988d129951735,59,Fussa,35.73667,139.32361,JP,2018-04-23 00:52:00
2018_3807519,348059,4656,,,,,Home (private),4bf58dd8d48988d103941735,3,Hachiōji,35.65583,139.32389,JP,2018-04-23 02:03:00
2018_3807519,348059,18,35.72118017284569,139.34375983717834,拝島駅 (Haijima Sta.),松原町4-14-4 / 美堀町5-21-2,Train Station,4bf58dd8d48988d129951735,59,Fussa,35.73667,139.32361,JP,2018-04-23 08:46:00
2018_3807520,348059,34,35.77649284869505,139.30208029152752,小作駅 (Ozaku Sta.),小作台5-35-1,Train Station,4bf58dd8d48988d129951735,59,Fussa,35.73667,139.32361,JP,2018-04-24 03:15:00
2018_3807520,348059,18,35.72118017284569,139.34375983717834,拝島駅 (Haijima Sta.),松原町4-14-4 / 美堀町5-21-2,Train Station,4bf58dd8d48988d129951735,59,Fussa,35.73667,139.32361,JP,2018-04-24 03:31:00
2018_3807520,348059,2,35.65561,139.3389,八王子駅 (Hachiōji Sta.),旭町1-1,Train Station,4bf58dd8d48988d129951735,59,Hachiōji,35.65583,139.32389,JP,2018-04-24 03:42:00
2018_3807521,348059,34,35.77649284869505,139.30208029152752,小作駅 (Ozaku Sta.),小作台5-35-1,Train Station,4bf58dd8d48988d129951735,59,Fussa,35.73667,139.32361,JP,2018-04-24 22:51:00
2018_3807521,348059,18,35.72118017284569,139.34375983717834,拝島駅 (Haijima Sta.),松原町4-14-4 / 美堀町5-21-2,Train Station,4bf58dd8d48988d129951735,59,Fussa,35.73667,139.32361,JP,2018-04-24 23:04:00
2018_3807521,348059,2,35.65561,139.3389,八王子駅 (Hachiōji Sta.),旭町1-1,Train Station,4bf58dd8d48988d129951735,59,Hachiōji,35.65583,139.32389,JP,2018-04-24 23:34:00
2018_3807521,348059,4656,,,,,Home (private),4bf58dd8d48988d103941735,3,Hachiōji,35.65583,139.32389,JP,2018-04-25 00:07:00
2018_3807522,348059,34,35.77649284869505,139.30208029152752,小作駅 (Ozaku Sta.),小作台5-35-1,Train Station,4bf58dd8d48988d129951735,59,Fussa,35.73667,139.32361,JP,2018-04-25 22:48:00
2018_3807522,348059,18,35.72118017284569,139.34375983717834,拝島駅 (Haijima Sta.),松原町4-14-4 / 美堀町5-21-2,Train Station,4bf58dd8d48988d129951735,59,Fussa,35.73667,139.32361,JP,2018-04-25 23:05:00
2018_3807522,348059,2,35.65561,139.3389,八王子駅 (Hachiōji Sta.),旭町1-1,Train Station,4bf58dd8d48988d129951735,59,Hachiōji,35.65583,139.32389,JP,2018-04-25 23:29:00
2018_3807523,348059,34,35.77649284869505,139.30208029152752,小作駅 (Ozaku Sta.),小作台5-35-1,Train Station,4bf58dd8d48988d129951735,59,Fussa,35.73667,139.32361,JP,2018-04-27 08:48:00
2018_3807523,348059,18,35.72118017284569,139.34375983717834,拝島駅 (Haijima Sta.),松原町4-14-4 / 美堀町5-21-2,Train Station,4bf58dd8d48988d129951735,59,Fussa,35.73667,139.32361,JP,2018-04-27 08:59:00
2018_3807523,348059,2,35.65561,139.3389,八王子駅 (Hachiōji Sta.),旭町1-1,Train Station,4bf58dd8d48988d129951735,59,Hachiōji,35.65583,139.32389,JP,2018-04-27 09:30:00
2018_3807523,348059,170,35.65675124866591,139.31254565812011,西八王子駅 (Nishi-Hachiōji Sta.) (JC23),千人町2-21-1,Train Station,4bf58dd8d48988d129951735,59,Hachiōji,35.65583,139.32389,JP,2018-04-27 09:33:00
2018_3807523,348059,4654,,,,,Home (private),4bf58dd8d48988d103941735,3,Hachiōji,35.65583,139.32389,JP,2018-04-27 09:58:00
2018_3807524,348059,283,35.63781925835725,139.29344415664673,イトーヨーカドー 八王子店,狭間町1462-1,Supermarket,52f2ab2ebcbc57f1066b8b46,309,Hachiōji,35.65583,139.32389,JP,2018-04-28 06:43:00
2018_3807524,348059,64,35.640605174678235,139.29331082640334,狭間駅 (Hazama Sta.) (KO51),東浅川町773,Train Station,4bf58dd8d48988d129951735,59,Hachiōji,35.65583,139.32389,JP,2018-04-28 07:20:00
2018_3807524,348059,38,35.64444469921653,139.35434304296533,北野駅 (Kitano Sta.) (KO33),打越町335-1,Train Station,4bf58dd8d48988d129951735,59,Hachiōji,35.65583,139.32389,JP,2018-04-28 07:30:00
2018_3807524,348059,524,35.64349934039391,139.30801760330772,めじろ台駅 (KO50),めじろ台1-100-1,Train Station,4bf58dd8d48988d129951735,59,Hachiōji,35.65583,139.32389,JP,2018-04-28 08:50:00
2018_3807524,348059,4654,,,,,Home (private),4bf58dd8d48988d103941735,3,Hachiōji,35.65583,139.32389,JP,2018-04-28 09:11:00
2018_3807525,348059,524,35.64349934039391,139.30801760330772,めじろ台駅 (KO50),めじろ台1-100-1,Train Station,4bf58dd8d48988d129951735,59,Hachiōji,35.65583,139.32389,JP,2018-05-01 01:26:00
2018_3807525,348059,38,35.64444469921653,139.35434304296533,北野駅 (Kitano Sta.) (KO33),打越町335-1,Train Station,4bf58dd8d48988d129951735,59,Hachiōji,35.65583,139.32389,JP,2018-05-01 01:34:00
2018_3807525,348059,4654,,,,,Home (private),4bf58dd8d48988d103941735,3,Hachiōji,35.65583,139.32389,JP,2018-05-01 09:26:00
2018_3820522,350248,187,35.59600481387712,139.34525397289897,みずほ銀行 橋本支店,緑区橋本3-29-8,Bank,4bf58dd8d48988d10a951735,13,Hachiōji,35.65583,139.32389,JP,2018-03-27 06:37:00
2018_3820522,350248,574,35.597380612012614,139.3345894775619,ホームセンターコーナン 相模原西橋本店,緑区西橋本5-4-3,Furniture / Home Store,4bf58dd8d48988d1f8941735,191,Hachiōji,35.65583,139.32389,JP,2018-03-27 07:34:00
2018_3820522,350248,1576,35.60615607975715,139.31800886286618,ENEOS Dr. Drive相原店,相原町2171-1,Gas Station,4bf58dd8d48988d113951735,28,Hachiōji,35.65583,139.32389,JP,2018-03-27 09:37:00
2018_3820523,350248,1000,35.61063461756557,139.29555469689925,昭和シェル石油 セルフ相原SS,相原町3351,Gas Station,4bf58dd8d48988d113951735,28,Hachiōji,35.65583,139.32389,JP,2018-03-27 20:42:00
2018_3820523,350248,2018,35.580139,139.291625,相模原IC,緑区小倉,Road,4bf58dd8d48988d1f9931735,192,Hachiōji,35.65583,139.32389,JP,2018-03-27 20:54:00
2018_3820524,350248,3026,35.595364483219406,139.337674280047,相模原市 緑区合同庁舎,緑区西橋本5-3-21,Government Building,4bf58dd8d48988d126941735,53,Hachiōji,35.65583,139.32389,JP,2018-03-30 02:47:00
2018_3820524,350248,1425,35.59492076661418,139.34504702908666,JR 橋本駅 (JR Hashimoto Sta.),緑区橋本6-1-25,Train Station,4bf58dd8d48988d129951735,59,Hachiōji,35.65583,139.32389,JP,2018-03-30 03:59:00
2018_3820524,350248,1425,35.59492076661418,139.34504702908666,JR 橋本駅 (JR Hashimoto Sta.),緑区橋本6-1-25,Train Station,4bf58dd8d48988d129951735,59,Hachiōji,35.65583,139.32389,JP,2018-03-30 06:43:00
2018_3820524,350248,4230,35.642822,139.289156,イーアス高尾,東浅川町550-1,Shopping Mall,4bf58dd8d48988d1fd941735,200,Hachiōji,35.65583,139.32389,JP,2018-03-30 09:57:00
2018_3820524,350248,4333,35.642659,139.288688,デンバープレミアム イーアス高尾店,東浅川町550-1,Steakhouse,4bf58dd8d48988d1cc941735,154,Hachiōji,35.65583,139.32389,JP,2018-03-30 10:33:00
2018_3820524,350248,1000,35.61063461756557,139.29555469689925,昭和シェル石油 セルフ相原SS,相原町3351,Gas Station,4bf58dd8d48988d113951735,28,Hachiōji,35.65583,139.32389,JP,2018-03-30 12:06:00
2018_3820526,350248,3453,35.59471403966293,139.34854952569515,ドン・キホーテ,緑区橋本3-3-1,Discount Store,52dea92d3cf9994f4e043dbb,265,Hachiōji,35.65583,139.32389,JP,2018-04-02 10:23:00
2018_3820526,350248,2246,35.59718021103393,139.31226893964234,文教堂書店 城山店,緑区原宿2-8-1,Bookstore,4bf58dd8d48988d114951735,29,Hachiōji,35.65583,139.32389,JP,2018-04-02 10:38:00
2018_3820528,350248,1146,35.597196826626934,139.31259133610075,セブンイレブン 城山原宿2丁目店,緑区原宿2-8-3,Convenience Store,4d954b0ea243a5684a65b473,215,Hachiōji,35.65583,139.32389,JP,2018-04-08 03:46:00
2018_3820528,350248,1281,35.59102544993985,139.34976518154144,アリオ橋本,緑区大山町1-22,Shopping Mall,4bf58dd8d48988d1fd941735,200,Hachiōji,35.65583,139.32389,JP,2018-04-08 05:42:00
2018_3820528,350248,1556,35.59035423568705,139.3492986957123,マクドナルド,緑区大山町1-22,Fast Food Restaurant,4bf58dd8d48988d16e941735,104,Hachiōji,35.65583,139.32389,JP,2018-04-08 06:13:00
2018_3820529,350248,2145,35.581312407904285,139.31370920090754,ヤマト運輸 相模原大島センター,緑区大島842-1,Shipping Store,52f2ab2ebcbc57f1066b8b1f,299,Hachiōji,35.65583,139.32389,JP,2018-04-09 09:57:00
2018_3820529,350248,3752,35.59647243892653,139.31387652939395,100円ショップ オレンジ 城山店,緑区原宿南1-5-1,Discount Store,52dea92d3cf9994f4e043dbb,265,Hachiōji,35.65583,139.32389,JP,2018-04-09 10:10:00
2018_3820531,350248,261,35.59326830383702,139.33160412505484,ロイヤルホームセンター 相模原橋本店,緑区西橋本3-9-8,Furniture / Home Store,4bf58dd8d48988d1f8941735,191,Hachiōji,35.65583,139.32389,JP,2018-04-12 09:50:00
2018_3820531,350248,1146,35.597196826626934,139.31259133610075,セブンイレブン 城山原宿2丁目店,緑区原宿2-8-3,Convenience Store,4d954b0ea243a5684a65b473,215,Hachiōji,35.65583,139.32389,JP,2018-04-12 12:30:00
2018_3820532,350248,1189,35.59818315974813,139.31904306933305,DORAMA 二本松店,緑区二本松3-21-18,Video Store,4bf58dd8d48988d126951735,54,Hachiōji,35.65583,139.32389,JP,2018-04-13 09:49:00
2018_3820532,350248,1000,35.61063461756557,139.29555469689925,昭和シェル石油 セルフ相原SS,相原町3351,Gas Station,4bf58dd8d48988d113951735,28,Hachiōji,35.65583,139.32389,JP,2018-04-13 14:50:00
2018_3820532,350248,2505,35.623366,139.262967,高尾山IC,南浅川町,Road,4bf58dd8d48988d1f9931735,192,Hachiōji,35.65583,139.32389,JP,2018-04-13 15:03:00
2018_3820532,350248,749,35.640485,139.254615,八王子JCT,裏高尾町,Road,4bf58dd8d48988d1f9931735,192,Hachiōji,35.65583,139.32389,JP,2018-04-14 12:07:00
2018_3820532,350248,2505,35.623366,139.262967,高尾山IC,南浅川町,Road,4bf58dd8d48988d1f9931735,192,Hachiōji,35.65583,139.32389,JP,2018-04-14 12:09:00
2018_3820532,350248,1000,35.61063461756557,139.29555469689925,昭和シェル石油 セルフ相原SS,相原町3351,Gas Station,4bf58dd8d48988d113951735,28,Hachiōji,35.65583,139.32389,JP,2018-04-14 12:18:00
2018_3820535,350248,1425,35.59492076661418,139.34504702908666,JR 橋本駅 (JR Hashimoto Sta.),緑区橋本6-1-25,Train Station,4bf58dd8d48988d129951735,59,Hachiōji,35.65583,139.32389,JP,2018-04-28 01:32:00
2018_3820535,350248,1425,35.59492076661418,139.34504702908666,JR 橋本駅 (JR Hashimoto Sta.),緑区橋本6-1-25,Train Station,4bf58dd8d48988d129951735,59,Hachiōji,35.65583,139.32389,JP,2018-04-28 05:22:00
2018_3820535,350248,1405,35.595312914548295,139.3428677253574,BOOKOFF 橋本駅南口店,緑区橋本2-3-7,Used Bookstore,52f2ab2ebcbc57f1066b8b30,302,Hachiōji,35.65583,139.32389,JP,2018-04-28 05:31:00
2018_3820538,350248,191,35.595137562150846,139.34373266637422,京王 橋本駅 (KO45),緑区橋本2-3-2,Train Station,4bf58dd8d48988d129951735,59,Hachiōji,35.65583,139.32389,JP,2018-05-05 11:23:00
2018_3820538,350248,191,35.595137562150846,139.34373266637422,京王 橋本駅 (KO45),緑区橋本2-3-2,Train Station,4bf58dd8d48988d129951735,59,Hachiōji,35.65583,139.32389,JP,2018-05-05 22:11:00
2018_3820539,350248,3453,35.59471403966293,139.34854952569515,ドン・キホーテ,緑区橋本3-3-1,Discount Store,52dea92d3cf9994f4e043dbb,265,Hachiōji,35.65583,139.32389,JP,2018-05-06 07:18:00
2018_3820539,350248,261,35.59326830383702,139.33160412505484,ロイヤルホームセンター 相模原橋本店,緑区西橋本3-9-8,Furniture / Home Store,4bf58dd8d48988d1f8941735,191,Hachiōji,35.65583,139.32389,JP,2018-05-06 07:44:00
2018_3820540,350248,191,35.595137562150846,139.34373266637422,京王 橋本駅 (KO45),緑区橋本2-3-2,Train Station,4bf58dd8d48988d129951735,59,Hachiōji,35.65583,139.32389,JP,2018-05-07 22:07:00
2018_3820540,350248,191,35.595137562150846,139.34373266637422,京王 橋本駅 (KO45),緑区橋本2-3-2,Train Station,4bf58dd8d48988d129951735,59,Hachiōji,35.65583,139.32389,JP,2018-05-08 10:18:00
2018_3820541,350248,1835,35.595714786661574,139.303041100502,城山総合事務所,緑区久保沢1-3-1,Government Building,4bf58dd8d48988d126941735,53,Hachiōji,35.65583,139.32389,JP,2018-05-14 09:54:00
2018_3820541,350248,1149,35.59767162238708,139.3129869159579,サンドラッグ 城山店,緑区原宿3-1-7,Drugstore,5745c2e4498e11e7bccabdbd,358,Hachiōji,35.65583,139.32389,JP,2018-05-14 10:05:00
2018_3820543,350248,191,35.595137562150846,139.34373266637422,京王 橋本駅 (KO45),緑区橋本2-3-2,Train Station,4bf58dd8d48988d129951735,59,Hachiōji,35.65583,139.32389,JP,2018-05-28 10:48:00
2018_3820543,350248,191,35.595137562150846,139.34373266637422,京王 橋本駅 (KO45),緑区橋本2-3-2,Train Station,4bf58dd8d48988d129951735,59,Hachiōji,35.65583,139.32389,JP,2018-05-28 16:07:00
2018_3820549,350248,651,35.59472761444457,139.34847929018707,リンガーハット,緑区橋本3-3-1,Noodle House,4bf58dd8d48988d1d1941735,157,Hachiōji,35.65583,139.32389,JP,2018-06-07 10:01:00
2018_3820549,350248,275,35.59439081341739,139.34884924097034,MOVIX橋本,緑区橋本3-3-1,Multiplex,4bf58dd8d48988d180941735,116,Hachiōji,35.65583,139.32389,JP,2018-06-07 11:14:00
2018_3820550,350248,922,35.61320656046031,139.3439580049296,FIT HOUSE 東京八王子店,鑓水2-175-7,Boutique,4bf58dd8d48988d104951735,6,Hachiōji,35.65583,139.32389,JP,2018-06-09 05:25:00
2018_3820550,350248,1149,35.59767162238708,139.3129869159579,サンドラッグ 城山店,緑区原宿3-1-7,Drugstore,5745c2e4498e11e7bccabdbd,358,Hachiōji,35.65583,139.32389,JP,2018-06-09 07:09:00
2018_3820551,350248,1281,35.59102544993985,139.34976518154144,アリオ橋本,緑区大山町1-22,Shopping Mall,4bf58dd8d48988d1fd941735,200,Hachiōji,35.65583,139.32389,JP,2018-06-16 05:12:00
2018_3820551,350248,2857,35.5916367712659,139.34852051632387,イトーヨーカドー,緑区大山町1-22,Supermarket,52f2ab2ebcbc57f1066b8b46,309,Hachiōji,35.65583,139.32389,JP,2018-06-16 06:18:00
2018_3820552,350248,1000,35.61063461756557,139.29555469689925,昭和シェル石油 セルフ相原SS,相原町3351,Gas Station,4bf58dd8d48988d113951735,28,Hachiōji,35.65583,139.32389,JP,2018-06-19 10:11:00
2018_3820552,350248,2,35.65561,139.3389,八王子駅 (Hachiōji Sta.),旭町1-1,Train Station,4bf58dd8d48988d129951735,59,Hachiōji,35.65583,139.32389,JP,2018-06-19 10:35:00
2018_3820552,350248,198,35.65261671789195,139.3334035026942,牛角,万町42-2,BBQ Joint,4bf58dd8d48988d1df931735,164,Hachiōji,35.65583,139.32389,JP,2018-06-19 11:25:00
2018_3820554,350248,1000,35.61063461756557,139.29555469689925,昭和シェル石油 セルフ相原SS,相原町3351,Gas Station,4bf58dd8d48988d113951735,28,Hachiōji,35.65583,139.32389,JP,2018-06-27 09:27:00
2018_3820554,350248,1717,35.596248,139.344866,ダイソー,緑区橋本6-2-1,Miscellaneous Shop,4bf58dd8d48988d1ff941735,204,Hachiōji,35.65583,139.32389,JP,2018-06-27 09:56:00
2018_3820554,350248,4543,35.597259910396374,139.3114260486873,町田商店 城山店,緑区原宿2-10-4,Ramen Restaurant,55a59bace4b013909087cb24,335,Hachiōji,35.65583,139.32389,JP,2018-06-27 11:15:00
2018_3820556,350248,3453,35.59471403966293,139.34854952569515,ドン・キホーテ,緑区橋本3-3-1,Discount Store,52dea92d3cf9994f4e043dbb,265,Hachiōji,35.65583,139.32389,JP,2018-07-03 10:17:00
2018_3820556,350248,1149,35.59767162238708,139.3129869159579,サンドラッグ 城山店,緑区原宿3-1-7,Drugstore,5745c2e4498e11e7bccabdbd,358,Hachiōji,35.65583,139.32389,JP,2018-07-03 10:44:00
2018_3820557,350248,1281,35.59102544993985,139.34976518154144,アリオ橋本,緑区大山町1-22,Shopping Mall,4bf58dd8d48988d1fd941735,200,Hachiōji,35.65583,139.32389,JP,2018-07-06 09:04:00
2018_3820557,350248,1337,35.59008291400882,139.35031923721715,ACADEMIA くまざわ書店,緑区大山町1-22,Bookstore,4bf58dd8d48988d114951735,29,Hachiōji,35.65583,139.32389,JP,2018-07-06 09:07:00
2018_3820557,350248,1190,35.59655229509744,139.30279970169067,伊勢原書店 城山店,緑区久保沢1-4-12,Bookstore,4bf58dd8d48988d114951735,29,Hachiōji,35.65583,139.32389,JP,2018-07-06 09:54:00
2018_3820558,350248,1000,35.61063461756557,139.29555469689925,昭和シェル石油 セルフ相原SS,相原町3351,Gas Station,4bf58dd8d48988d113951735,28,Hachiōji,35.65583,139.32389,JP,2018-07-07 14:05:00
2018_3820558,350248,2287,35.52334,139.2237,宮ヶ瀬 バス停,宮ケ瀬,Bus Station,4bf58dd8d48988d1fe931735,201,Hachiōji,35.65583,139.32389,JP,2018-07-07 14:42:00
2018_3820561,350248,129,35.595606485969064,139.3458832824904,鳥忠 さがみの亭 橋本店,緑区橋本3-27-10,Japanese Restaurant,4bf58dd8d48988d111941735,23,Hachiōji,35.65583,139.32389,JP,2018-07-21 08:57:00
2018_3820561,350248,2214,35.596815810714524,139.3460401237173,大庄水産 橋本店,緑区橋本3-30,Sake Bar,4bf58dd8d48988d11c941735,40,Hachiōji,35.65583,139.32389,JP,2018-07-21 11:44:00
2018_3820562,350248,482,35.594738977408916,139.3485313653946,大戸屋,緑区橋本3-3-1,Japanese Restaurant,4bf58dd8d48988d111941735,23,Hachiōji,35.65583,139.32389,JP,2018-08-01 10:24:00
2018_3820562,350248,275,35.59439081341739,139.34884924097034,MOVIX橋本,緑区橋本3-3-1,Multiplex,4bf58dd8d48988d180941735,116,Hachiōji,35.65583,139.32389,JP,2018-08-01 11:23:00
2018_3820563,350248,261,35.59326830383702,139.33160412505484,ロイヤルホームセンター 相模原橋本店,緑区西橋本3-9-8,Furniture / Home Store,4bf58dd8d48988d1f8941735,191,Hachiōji,35.65583,139.32389,JP,2018-08-06 03:20:00
2018_3820563,350248,3453,35.59471403966293,139.34854952569515,ドン・キホーテ,緑区橋本3-3-1,Discount Store,52dea92d3cf9994f4e043dbb,265,Hachiōji,35.65583,139.32389,JP,2018-08-06 09:43:00
