query_id,user_id,benchmark_tier,query_type,seed_rank,seed_event_id,relation,expanded_event_id,is_first_discovery,expansion_rank,is_high_memory_load
tokyo_100312_relational_between,100312,stress_test,relational_between,1,2018_1767907__event_002,SELF,2018_1767907__event_002,True,1,True
tokyo_100312_relational_between,100312,stress_test,relational_between,1,2018_1767907__event_002,PREVIOUS,2018_1767907__event_001,True,2,True
tokyo_100312_relational_between,100312,stress_test,relational_between,1,2018_1767907__event_002,NEXT,2018_1767907__event_003,True,3,True
tokyo_100312_relational_between,100312,stress_test,relational_between,2,2018_1767947__event_002,SELF,2018_1767947__event_002,True,4,True
tokyo_100312_relational_between,100312,stress_test,relational_between,2,2018_1767947__event_002,PREVIOUS,2018_1767947__event_001,True,5,True
tokyo_100312_relational_between,100312,stress_test,relational_between,3,2018_1767893__event_002,SELF,2018_1767893__event_002,True,6,True
tokyo_100312_relational_between,100312,stress_test,relational_between,3,2018_1767893__event_002,PREVIOUS,2018_1767893__event_001,True,7,True
tokyo_100312_relational_between,100312,stress_test,relational_between,4,2018_1767963__event_002,SELF,2018_1767963__event_002,True,8,True
tokyo_100312_relational_between,100312,stress_test,relational_between,4,2018_1767963__event_002,PREVIOUS,2018_1767963__event_001,True,9,True
tokyo_100312_relational_between,100312,stress_test,relational_between,5,2018_1767945__event_002,SELF,2018_1767945__event_002,True,10,True
tokyo_100312_relational_between,100312,stress_test,relational_between,5,2018_1767945__event_002,PREVIOUS,2018_1767945__event_001,True,11,True
tokyo_101467_relational_between,101467,stress_test,relational_between,1,2018_1784994__event_003,SELF,2018_1784994__event_003,True,1,False
tokyo_101467_relational_between,101467,stress_test,relational_between,1,2018_1784994__event_003,PREVIOUS,2018_1784994__event_002,True,2,False
tokyo_101467_relational_between,101467,stress_test,relational_between,1,2018_1784994__event_003,NEXT,2018_1784994__event_004,True,3,False
tokyo_101467_relational_between,101467,stress_test,relational_between,2,2018_1784993__event_001,SELF,2018_1784993__event_001,True,4,False
tokyo_101467_relational_between,101467,stress_test,relational_between,2,2018_1784993__event_001,NEXT,2018_1784993__event_002,True,5,False
tokyo_101467_relational_between,101467,stress_test,relational_between,3,2018_1785003__event_002,SELF,2018_1785003__event_002,True,6,False
tokyo_101467_relational_between,101467,stress_test,relational_between,3,2018_1785003__event_002,PREVIOUS,2018_1785003__event_001,True,7,False
tokyo_101467_relational_between,101467,stress_test,relational_between,3,2018_1785003__event_002,NEXT,2018_1785003__event_003,True,8,False
tokyo_101467_relational_between,101467,stress_test,relational_between,4,2018_1785009__event_001,SELF,2018_1785009__event_001,True,9,False
tokyo_101467_relational_between,101467,stress_test,relational_between,4,2018_1785009__event_001,NEXT,2018_1785009__event_002,True,10,False
tokyo_101467_relational_between,101467,stress_test,relational_between,5,2018_1785004__event_001,SELF,2018_1785004__event_001,True,11,False
tokyo_101467_relational_between,101467,stress_test,relational_between,5,2018_1785004__event_001,NEXT,2018_1785004__event_002,True,12,False
tokyo_106628_relational_between,106628,stress_test,relational_between,1,2018_1860411__event_003,SELF,2018_1860411__event_003,True,1,True
tokyo_106628_relational_between,106628,stress_test,relational_between,1,2018_1860411__event_003,PREVIOUS,2018_1860411__event_002,True,2,True
tokyo_106628_relational_between,106628,stress_test,relational_between,1,2018_1860411__event_003,NEXT,2018_1860411__event_004,True,3,True
tokyo_106628_relational_between,106628,stress_test,relational_between,2,2018_1860395__event_001,SELF,2018_1860395__event_001,True,4,True
tokyo_106628_relational_between,106628,stress_test,relational_between,2,2018_1860395__event_001,NEXT,2018_1860395__event_002,True,5,True
tokyo_106628_relational_between,106628,stress_test,relational_between,3,2018_1860407__event_002,SELF,2018_1860407__event_002,True,6,True
tokyo_106628_relational_between,106628,stress_test,relational_between,3,2018_1860407__event_002,PREVIOUS,2018_1860407__event_001,True,7,True
tokyo_106628_relational_between,106628,stress_test,relational_between,4,2018_1860375__event_001,SELF,2018_1860375__event_001,True,8,True
tokyo_106628_relational_between,106628,stress_test,relational_between,4,2018_1860375__event_001,NEXT,2018_1860375__event_002,True,9,True
tokyo_106628_relational_between,106628,stress_test,relational_between,5,2018_1860403__event_001,SELF,2018_1860403__event_001,True,10,True
tokyo_106628_relational_between,106628,stress_test,relational_between,5,2018_1860403__event_001,NEXT,2018_1860403__event_002,True,11,True
tokyo_109617_relational_between,109617,stress_test,relational_between,1,2018_1909174__event_002,SELF,2018_1909174__event_002,True,1,True
tokyo_109617_relational_between,109617,stress_test,relational_between,1,2018_1909174__event_002,PREVIOUS,2018_1909174__event_001,True,2,True
tokyo_109617_relational_between,109617,stress_test,relational_between,1,2018_1909174__event_002,NEXT,2018_1909174__event_003,True,3,True
tokyo_109617_relational_between,109617,stress_test,relational_between,2,2018_1909177__event_002,SELF,2018_1909177__event_002,True,4,True
tokyo_109617_relational_between,109617,stress_test,relational_between,2,2018_1909177__event_002,PREVIOUS,2018_1909177__event_001,True,5,True
tokyo_109617_relational_between,109617,stress_test,relational_between,2,2018_1909177__event_002,NEXT,2018_1909177__event_003,True,6,True
tokyo_109617_relational_between,109617,stress_test,relational_between,3,2018_1909135__event_002,SELF,2018_1909135__event_002,True,7,True
tokyo_109617_relational_between,109617,stress_test,relational_between,3,2018_1909135__event_002,PREVIOUS,2018_1909135__event_001,True,8,True
tokyo_109617_relational_between,109617,stress_test,relational_between,4,2018_1909137__event_002,SELF,2018_1909137__event_002,True,9,True
tokyo_109617_relational_between,109617,stress_test,relational_between,4,2018_1909137__event_002,PREVIOUS,2018_1909137__event_001,True,10,True
tokyo_109617_relational_between,109617,stress_test,relational_between,5,2018_1909174__event_001,SELF,2018_1909174__event_001,False,,True
tokyo_109617_relational_between,109617,stress_test,relational_between,5,2018_1909174__event_001,NEXT,2018_1909174__event_002,False,,True
tokyo_109621_relational_between,109621,stress_test,relational_between,1,2018_1909372__event_002,SELF,2018_1909372__event_002,True,1,True
tokyo_109621_relational_between,109621,stress_test,relational_between,1,2018_1909372__event_002,PREVIOUS,2018_1909372__event_001,True,2,True
tokyo_109621_relational_between,109621,stress_test,relational_between,1,2018_1909372__event_002,NEXT,2018_1909372__event_003,True,3,True
tokyo_109621_relational_between,109621,stress_test,relational_between,2,2018_1909395__event_002,SELF,2018_1909395__event_002,True,4,True
tokyo_109621_relational_between,109621,stress_test,relational_between,2,2018_1909395__event_002,PREVIOUS,2018_1909395__event_001,True,5,True
tokyo_109621_relational_between,109621,stress_test,relational_between,2,2018_1909395__event_002,NEXT,2018_1909395__event_003,True,6,True
tokyo_109621_relational_between,109621,stress_test,relational_between,3,2018_1909397__event_002,SELF,2018_1909397__event_002,True,7,True
tokyo_109621_relational_between,109621,stress_test,relational_between,3,2018_1909397__event_002,PREVIOUS,2018_1909397__event_001,True,8,True
tokyo_109621_relational_between,109621,stress_test,relational_between,4,2018_1909379__event_002,SELF,2018_1909379__event_002,True,9,True
tokyo_109621_relational_between,109621,stress_test,relational_between,4,2018_1909379__event_002,PREVIOUS,2018_1909379__event_001,True,10,True
tokyo_109621_relational_between,109621,stress_test,relational_between,4,2018_1909379__event_002,NEXT,2018_1909379__event_003,True,11,True
tokyo_109621_relational_between,109621,stress_test,relational_between,5,2018_1909379__event_003,SELF,2018_1909379__event_003,False,,True
tokyo_109621_relational_between,109621,stress_test,relational_between,5,2018_1909379__event_003,PREVIOUS,2018_1909379__event_002,False,,True
tokyo_109621_relational_between,109621,stress_test,relational_between,5,2018_1909379__event_003,NEXT,2018_1909379__event_004,True,12,True
tokyo_113499_relational_between,113499,stress_test,relational_between,1,2018_1959234__event_002,SELF,2018_1959234__event_002,True,1,False
tokyo_113499_relational_between,113499,stress_test,relational_between,1,2018_1959234__event_002,PREVIOUS,2018_1959234__event_001,True,2,False
tokyo_113499_relational_between,113499,stress_test,relational_between,1,2018_1959234__event_002,NEXT,2018_1959234__event_003,True,3,False
tokyo_113499_relational_between,113499,stress_test,relational_between,2,2018_1959244__event_001,SELF,2018_1959244__event_001,True,4,False
tokyo_113499_relational_between,113499,stress_test,relational_between,2,2018_1959244__event_001,NEXT,2018_1959244__event_002,True,5,False
tokyo_113499_relational_between,113499,stress_test,relational_between,3,2018_1959240__event_002,SELF,2018_1959240__event_002,True,6,False
tokyo_113499_relational_between,113499,stress_test,relational_between,3,2018_1959240__event_002,PREVIOUS,2018_1959240__event_001,True,7,False
tokyo_113499_relational_between,113499,stress_test,relational_between,4,2018_1959258__event_003,SELF,2018_1959258__event_003,True,8,False
tokyo_113499_relational_between,113499,stress_test,relational_between,4,2018_1959258__event_003,PREVIOUS,2018_1959258__event_002,True,9,False
tokyo_113499_relational_between,113499,stress_test,relational_between,5,2018_1959244__event_002,SELF,2018_1959244__event_002,False,,False
tokyo_113499_relational_between,113499,stress_test,relational_between,5,2018_1959244__event_002,PREVIOUS,2018_1959244__event_001,False,,False
tokyo_113897_relational_between,113897,stress_test,relational_between,1,2018_1963913__event_002,SELF,2018_1963913__event_002,True,1,False
tokyo_113897_relational_between,113897,stress_test,relational_between,1,2018_1963913__event_002,PREVIOUS,2018_1963913__event_001,True,2,False
tokyo_113897_relational_between,113897,stress_test,relational_between,1,2018_1963913__event_002,NEXT,2018_1963913__event_003,True,3,False
tokyo_113897_relational_between,113897,stress_test,relational_between,2,2018_1963921__event_002,SELF,2018_1963921__event_002,True,4,False
tokyo_113897_relational_between,113897,stress_test,relational_between,2,2018_1963921__event_002,PREVIOUS,2018_1963921__event_001,True,5,False
tokyo_113897_relational_between,113897,stress_test,relational_between,3,2018_1963882__event_002,SELF,2018_1963882__event_002,True,6,False
tokyo_113897_relational_between,113897,stress_test,relational_between,3,2018_1963882__event_002,PREVIOUS,2018_1963882__event_001,True,7,False
tokyo_113897_relational_between,113897,stress_test,relational_between,4,2018_1963911__event_003,SELF,2018_1963911__event_003,True,8,False
tokyo_113897_relational_between,113897,stress_test,relational_between,4,2018_1963911__event_003,PREVIOUS,2018_1963911__event_002,True,9,False
tokyo_113897_relational_between,113897,stress_test,relational_between,5,2018_1963902__event_002,SELF,2018_1963902__event_002,True,10,False
tokyo_113897_relational_between,113897,stress_test,relational_between,5,2018_1963902__event_002,PREVIOUS,2018_1963902__event_001,True,11,False
tokyo_115855_relational_between,115855,stress_test,relational_between,1,2018_1984790__event_002,SELF,2018_1984790__event_002,True,1,False
tokyo_115855_relational_between,115855,stress_test,relational_between,1,2018_1984790__event_002,PREVIOUS,2018_1984790__event_001,True,2,False
tokyo_115855_relational_between,115855,stress_test,relational_between,1,2018_1984790__event_002,NEXT,2018_1984790__event_003,True,3,False
tokyo_115855_relational_between,115855,stress_test,relational_between,2,2018_1984790__event_004,SELF,2018_1984790__event_004,True,4,False
tokyo_115855_relational_between,115855,stress_test,relational_between,2,2018_1984790__event_004,PREVIOUS,2018_1984790__event_003,False,,False
tokyo_115855_relational_between,115855,stress_test,relational_between,3,2018_1984785__event_002,SELF,2018_1984785__event_002,True,5,False
tokyo_115855_relational_between,115855,stress_test,relational_between,3,2018_1984785__event_002,PREVIOUS,2018_1984785__event_001,True,6,False
tokyo_115855_relational_between,115855,stress_test,relational_between,4,2018_1984800__event_002,SELF,2018_1984800__event_002,True,7,False
tokyo_115855_relational_between,115855,stress_test,relational_between,4,2018_1984800__event_002,PREVIOUS,2018_1984800__event_001,True,8,False
tokyo_115855_relational_between,115855,stress_test,relational_between,5,2018_1984781__event_001,SELF,2018_1984781__event_001,True,9,False
tokyo_115855_relational_between,115855,stress_test,relational_between,5,2018_1984781__event_001,NEXT,2018_1984781__event_002,True,10,False
tokyo_1172_relational_between,1172,stress_test,relational_between,1,2018_23932__event_002,SELF,2018_23932__event_002,True,1,True
tokyo_1172_relational_between,1172,stress_test,relational_between,1,2018_23932__event_002,PREVIOUS,2018_23932__event_001,True,2,True
tokyo_1172_relational_between,1172,stress_test,relational_between,1,2018_23932__event_002,NEXT,2018_23932__event_003,True,3,True
tokyo_1172_relational_between,1172,stress_test,relational_between,2,2018_23965__event_001,SELF,2018_23965__event_001,True,4,True
tokyo_1172_relational_between,1172,stress_test,relational_between,2,2018_23965__event_001,NEXT,2018_23965__event_002,True,5,True
tokyo_1172_relational_between,1172,stress_test,relational_between,3,2018_23947__event_002,SELF,2018_23947__event_002,True,6,True
tokyo_1172_relational_between,1172,stress_test,relational_between,3,2018_23947__event_002,PREVIOUS,2018_23947__event_001,True,7,True
tokyo_1172_relational_between,1172,stress_test,relational_between,4,2018_23837__event_001,SELF,2018_23837__event_001,True,8,True
tokyo_1172_relational_between,1172,stress_test,relational_between,4,2018_23837__event_001,NEXT,2018_23837__event_002,True,9,True
tokyo_1172_relational_between,1172,stress_test,relational_between,5,2018_23885__event_001,SELF,2018_23885__event_001,True,10,True
tokyo_1172_relational_between,1172,stress_test,relational_between,5,2018_23885__event_001,NEXT,2018_23885__event_002,True,11,True
tokyo_119597_relational_between,119597,stress_test,relational_between,1,2018_2023484__event_003,SELF,2018_2023484__event_003,True,1,False
tokyo_119597_relational_between,119597,stress_test,relational_between,1,2018_2023484__event_003,PREVIOUS,2018_2023484__event_002,True,2,False
tokyo_119597_relational_between,119597,stress_test,relational_between,1,2018_2023484__event_003,NEXT,2018_2023484__event_004,True,3,False
tokyo_119597_relational_between,119597,stress_test,relational_between,2,2018_2023481__event_002,SELF,2018_2023481__event_002,True,4,False
tokyo_119597_relational_between,119597,stress_test,relational_between,2,2018_2023481__event_002,PREVIOUS,2018_2023481__event_001,True,5,False
tokyo_119597_relational_between,119597,stress_test,relational_between,2,2018_2023481__event_002,NEXT,2018_2023481__event_003,True,6,False
tokyo_119597_relational_between,119597,stress_test,relational_between,3,2018_2023460__event_002,SELF,2018_2023460__event_002,True,7,False
tokyo_119597_relational_between,119597,stress_test,relational_between,3,2018_2023460__event_002,PREVIOUS,2018_2023460__event_001,True,8,False
tokyo_119597_relational_between,119597,stress_test,relational_between,3,2018_2023460__event_002,NEXT,2018_2023460__event_003,True,9,False
tokyo_119597_relational_between,119597,stress_test,relational_between,4,2018_2023457__event_001,SELF,2018_2023457__event_001,True,10,False
tokyo_119597_relational_between,119597,stress_test,relational_between,4,2018_2023457__event_001,NEXT,2018_2023457__event_002,True,11,False
tokyo_119597_relational_between,119597,stress_test,relational_between,5,2018_2023500__event_002,SELF,2018_2023500__event_002,True,12,False
tokyo_119597_relational_between,119597,stress_test,relational_between,5,2018_2023500__event_002,PREVIOUS,2018_2023500__event_001,True,13,False
tokyo_121554_relational_between,121554,stress_test,relational_between,1,2018_2047606__event_004,SELF,2018_2047606__event_004,True,1,False
tokyo_121554_relational_between,121554,stress_test,relational_between,1,2018_2047606__event_004,PREVIOUS,2018_2047606__event_003,True,2,False
tokyo_121554_relational_between,121554,stress_test,relational_between,1,2018_2047606__event_004,NEXT,2018_2047606__event_005,True,3,False
tokyo_121554_relational_between,121554,stress_test,relational_between,2,2018_2047612__event_002,SELF,2018_2047612__event_002,True,4,False
tokyo_121554_relational_between,121554,stress_test,relational_between,2,2018_2047612__event_002,PREVIOUS,2018_2047612__event_001,True,5,False
tokyo_121554_relational_between,121554,stress_test,relational_between,3,2018_2047604__event_002,SELF,2018_2047604__event_002,True,6,False
tokyo_121554_relational_between,121554,stress_test,relational_between,3,2018_2047604__event_002,PREVIOUS,2018_2047604__event_001,True,7,False
tokyo_121554_relational_between,121554,stress_test,relational_between,4,2018_2047617__event_002,SELF,2018_2047617__event_002,True,8,False
tokyo_121554_relational_between,121554,stress_test,relational_between,4,2018_2047617__event_002,PREVIOUS,2018_2047617__event_001,True,9,False
tokyo_121554_relational_between,121554,stress_test,relational_between,5,2018_2047600__event_002,SELF,2018_2047600__event_002,True,10,False
tokyo_121554_relational_between,121554,stress_test,relational_between,5,2018_2047600__event_002,PREVIOUS,2018_2047600__event_001,True,11,False
tokyo_126183_relational_between,126183,stress_test,relational_between,1,2018_2118390__event_002,SELF,2018_2118390__event_002,True,1,True
tokyo_126183_relational_between,126183,stress_test,relational_between,1,2018_2118390__event_002,PREVIOUS,2018_2118390__event_001,True,2,True
tokyo_126183_relational_between,126183,stress_test,relational_between,1,2018_2118390__event_002,NEXT,2018_2118390__event_003,True,3,True
tokyo_126183_relational_between,126183,stress_test,relational_between,2,2018_2118376__event_003,SELF,2018_2118376__event_003,True,4,True
tokyo_126183_relational_between,126183,stress_test,relational_between,2,2018_2118376__event_003,PREVIOUS,2018_2118376__event_002,True,5,True
tokyo_126183_relational_between,126183,stress_test,relational_between,2,2018_2118376__event_003,NEXT,2018_2118376__event_004,True,6,True
tokyo_126183_relational_between,126183,stress_test,relational_between,3,2018_2118407__event_002,SELF,2018_2118407__event_002,True,7,True
tokyo_126183_relational_between,126183,stress_test,relational_between,3,2018_2118407__event_002,PREVIOUS,2018_2118407__event_001,True,8,True
tokyo_126183_relational_between,126183,stress_test,relational_between,3,2018_2118407__event_002,NEXT,2018_2118407__event_003,True,9,True
tokyo_126183_relational_between,126183,stress_test,relational_between,4,2018_2118382__event_003,SELF,2018_2118382__event_003,True,10,True
tokyo_126183_relational_between,126183,stress_test,relational_between,4,2018_2118382__event_003,PREVIOUS,2018_2118382__event_002,True,11,True
tokyo_126183_relational_between,126183,stress_test,relational_between,5,2018_2118357__event_002,SELF,2018_2118357__event_002,True,12,True
tokyo_126183_relational_between,126183,stress_test,relational_between,5,2018_2118357__event_002,PREVIOUS,2018_2118357__event_001,True,13,True
tokyo_127201_relational_between,127201,stress_test,relational_between,1,2018_2134912__event_002,SELF,2018_2134912__event_002,True,1,False
tokyo_127201_relational_between,127201,stress_test,relational_between,1,2018_2134912__event_002,PREVIOUS,2018_2134912__event_001,True,2,False
tokyo_127201_relational_between,127201,stress_test,relational_between,1,2018_2134912__event_002,NEXT,2018_2134912__event_003,True,3,False
tokyo_127201_relational_between,127201,stress_test,relational_between,2,2018_2134912__event_003,SELF,2018_2134912__event_003,False,,False
tokyo_127201_relational_between,127201,stress_test,relational_between,2,2018_2134912__event_003,PREVIOUS,2018_2134912__event_002,False,,False
tokyo_127201_relational_between,127201,stress_test,relational_between,3,2018_2134938__event_005,SELF,2018_2134938__event_005,True,4,False
tokyo_127201_relational_between,127201,stress_test,relational_between,3,2018_2134938__event_005,PREVIOUS,2018_2134938__event_004,True,5,False
tokyo_127201_relational_between,127201,stress_test,relational_between,3,2018_2134938__event_005,NEXT,2018_2134938__event_006,True,6,False
tokyo_127201_relational_between,127201,stress_test,relational_between,4,2018_2134938__event_006,SELF,2018_2134938__event_006,False,,False
tokyo_127201_relational_between,127201,stress_test,relational_between,4,2018_2134938__event_006,PREVIOUS,2018_2134938__event_005,False,,False
tokyo_127201_relational_between,127201,stress_test,relational_between,5,2018_2134939__event_003,SELF,2018_2134939__event_003,True,7,False
tokyo_127201_relational_between,127201,stress_test,relational_between,5,2018_2134939__event_003,PREVIOUS,2018_2134939__event_002,True,8,False
tokyo_130084_relational_between,130084,stress_test,relational_between,1,2018_2179338__event_002,SELF,2018_2179338__event_002,True,1,True
tokyo_130084_relational_between,130084,stress_test,relational_between,1,2018_2179338__event_002,PREVIOUS,2018_2179338__event_001,True,2,True
tokyo_130084_relational_between,130084,stress_test,relational_between,1,2018_2179338__event_002,NEXT,2018_2179338__event_003,True,3,True
tokyo_130084_relational_between,130084,stress_test,relational_between,2,2018_2179314__event_001,SELF,2018_2179314__event_001,True,4,True
tokyo_130084_relational_between,130084,stress_test,relational_between,2,2018_2179314__event_001,NEXT,2018_2179314__event_002,True,5,True
tokyo_130084_relational_between,130084,stress_test,relational_between,3,2018_2179306__event_003,SELF,2018_2179306__event_003,True,6,True
tokyo_130084_relational_between,130084,stress_test,relational_between,3,2018_2179306__event_003,PREVIOUS,2018_2179306__event_002,True,7,True
tokyo_130084_relational_between,130084,stress_test,relational_between,3,2018_2179306__event_003,NEXT,2018_2179306__event_004,True,8,True
tokyo_130084_relational_between,130084,stress_test,relational_between,4,2018_2179324__event_001,SELF,2018_2179324__event_001,True,9,True
tokyo_130084_relational_between,130084,stress_test,relational_between,4,2018_2179324__event_001,NEXT,2018_2179324__event_002,True,10,True
tokyo_130084_relational_between,130084,stress_test,relational_between,5,2018_2179342__event_001,SELF,2018_2179342__event_001,True,11,True
tokyo_130084_relational_between,130084,stress_test,relational_between,5,2018_2179342__event_001,NEXT,2018_2179342__event_002,True,12,True
tokyo_130568_relational_between,130568,stress_test,relational_between,1,2018_2187162__event_002,SELF,2018_2187162__event_002,True,1,False
tokyo_130568_relational_between,130568,stress_test,relational_between,1,2018_2187162__event_002,PREVIOUS,2018_2187162__event_001,True,2,False
tokyo_130568_relational_between,130568,stress_test,relational_between,1,2018_2187162__event_002,NEXT,2018_2187162__event_003,True,3,False
tokyo_130568_relational_between,130568,stress_test,relational_between,2,2018_2187165__event_004,SELF,2018_2187165__event_004,True,4,False
tokyo_130568_relational_between,130568,stress_test,relational_between,2,2018_2187165__event_004,PREVIOUS,2018_2187165__event_003,True,5,False
tokyo_130568_relational_between,130568,stress_test,relational_between,2,2018_2187165__event_004,NEXT,2018_2187165__event_005,True,6,False
tokyo_130568_relational_between,130568,stress_test,relational_between,3,2018_2187170__event_002,SELF,2018_2187170__event_002,True,7,False
tokyo_130568_relational_between,130568,stress_test,relational_between,3,2018_2187170__event_002,PREVIOUS,2018_2187170__event_001,True,8,False
tokyo_130568_relational_between,130568,stress_test,relational_between,3,2018_2187170__event_002,NEXT,2018_2187170__event_003,True,9,False
tokyo_130568_relational_between,130568,stress_test,relational_between,4,2018_2187168__event_001,SELF,2018_2187168__event_001,True,10,False
tokyo_130568_relational_between,130568,stress_test,relational_between,4,2018_2187168__event_001,NEXT,2018_2187168__event_002,True,11,False
tokyo_130568_relational_between,130568,stress_test,relational_between,5,2018_2187166__event_001,SELF,2018_2187166__event_001,True,12,False
tokyo_130568_relational_between,130568,stress_test,relational_between,5,2018_2187166__event_001,NEXT,2018_2187166__event_002,True,13,False
tokyo_130777_relational_between,130777,stress_test,relational_between,1,2018_2190768__event_002,SELF,2018_2190768__event_002,True,1,False
tokyo_130777_relational_between,130777,stress_test,relational_between,1,2018_2190768__event_002,PREVIOUS,2018_2190768__event_001,True,2,False
tokyo_130777_relational_between,130777,stress_test,relational_between,1,2018_2190768__event_002,NEXT,2018_2190768__event_003,True,3,False
tokyo_130777_relational_between,130777,stress_test,relational_between,2,2018_2190768__event_004,SELF,2018_2190768__event_004,True,4,False
tokyo_130777_relational_between,130777,stress_test,relational_between,2,2018_2190768__event_004,PREVIOUS,2018_2190768__event_003,False,,False
tokyo_130777_relational_between,130777,stress_test,relational_between,2,2018_2190768__event_004,NEXT,2018_2190768__event_005,True,5,False
tokyo_130777_relational_between,130777,stress_test,relational_between,3,2018_2190703__event_003,SELF,2018_2190703__event_003,True,6,False
tokyo_130777_relational_between,130777,stress_test,relational_between,3,2018_2190703__event_003,PREVIOUS,2018_2190703__event_002,True,7,False
tokyo_130777_relational_between,130777,stress_test,relational_between,4,2018_2190727__event_001,SELF,2018_2190727__event_001,True,8,False
tokyo_130777_relational_between,130777,stress_test,relational_between,4,2018_2190727__event_001,NEXT,2018_2190727__event_002,True,9,False
tokyo_130777_relational_between,130777,stress_test,relational_between,5,2018_2190763__event_001,SELF,2018_2190763__event_001,True,10,False
tokyo_130777_relational_between,130777,stress_test,relational_between,5,2018_2190763__event_001,NEXT,2018_2190763__event_002,True,11,False
tokyo_130872_relational_between,130872,stress_test,relational_between,1,2018_2192471__event_002,SELF,2018_2192471__event_002,True,1,False
tokyo_130872_relational_between,130872,stress_test,relational_between,1,2018_2192471__event_002,PREVIOUS,2018_2192471__event_001,True,2,False
tokyo_130872_relational_between,130872,stress_test,relational_between,2,2018_2192464__event_003,SELF,2018_2192464__event_003,True,3,False
tokyo_130872_relational_between,130872,stress_test,relational_between,2,2018_2192464__event_003,PREVIOUS,2018_2192464__event_002,True,4,False
tokyo_130872_relational_between,130872,stress_test,relational_between,2,2018_2192464__event_003,NEXT,2018_2192464__event_004,True,5,False
tokyo_130872_relational_between,130872,stress_test,relational_between,3,2018_2192442__event_002,SELF,2018_2192442__event_002,True,6,False
tokyo_130872_relational_between,130872,stress_test,relational_between,3,2018_2192442__event_002,PREVIOUS,2018_2192442__event_001,True,7,False
tokyo_130872_relational_between,130872,stress_test,relational_between,3,2018_2192442__event_002,NEXT,2018_2192442__event_003,True,8,False
tokyo_130872_relational_between,130872,stress_test,relational_between,4,2018_2192462__event_002,SELF,2018_2192462__event_002,True,9,False
tokyo_130872_relational_between,130872,stress_test,relational_between,4,2018_2192462__event_002,PREVIOUS,2018_2192462__event_001,True,10,False
tokyo_130872_relational_between,130872,stress_test,relational_between,5,2018_2192457__event_002,SELF,2018_2192457__event_002,True,11,False
tokyo_130872_relational_between,130872,stress_test,relational_between,5,2018_2192457__event_002,PREVIOUS,2018_2192457__event_001,True,12,False
tokyo_130872_relational_between,130872,stress_test,relational_between,5,2018_2192457__event_002,NEXT,2018_2192457__event_003,True,13,False
tokyo_131525_relational_between,131525,stress_test,relational_between,1,2018_2202064__event_002,SELF,2018_2202064__event_002,True,1,False
tokyo_131525_relational_between,131525,stress_test,relational_between,1,2018_2202064__event_002,PREVIOUS,2018_2202064__event_001,True,2,False
tokyo_131525_relational_between,131525,stress_test,relational_between,1,2018_2202064__event_002,NEXT,2018_2202064__event_003,True,3,False
tokyo_131525_relational_between,131525,stress_test,relational_between,2,2018_2202078__event_001,SELF,2018_2202078__event_001,True,4,False
tokyo_131525_relational_between,131525,stress_test,relational_between,2,2018_2202078__event_001,NEXT,2018_2202078__event_002,True,5,False
tokyo_131525_relational_between,131525,stress_test,relational_between,3,2018_2202056__event_002,SELF,2018_2202056__event_002,True,6,False
tokyo_131525_relational_between,131525,stress_test,relational_between,3,2018_2202056__event_002,PREVIOUS,2018_2202056__event_001,True,7,False
tokyo_131525_relational_between,131525,stress_test,relational_between,3,2018_2202056__event_002,NEXT,2018_2202056__event_003,True,8,False
tokyo_131525_relational_between,131525,stress_test,relational_between,4,2018_2202055__event_002,SELF,2018_2202055__event_002,True,9,False
tokyo_131525_relational_between,131525,stress_test,relational_between,4,2018_2202055__event_002,PREVIOUS,2018_2202055__event_001,True,10,False
tokyo_131525_relational_between,131525,stress_test,relational_between,5,2018_2202064__event_001,SELF,2018_2202064__event_001,False,,False
tokyo_131525_relational_between,131525,stress_test,relational_between,5,2018_2202064__event_001,NEXT,2018_2202064__event_002,False,,False
tokyo_132723_relational_between,132723,stress_test,relational_between,1,2018_2219866__event_001,SELF,2018_2219866__event_001,True,1,True
tokyo_132723_relational_between,132723,stress_test,relational_between,1,2018_2219866__event_001,NEXT,2018_2219866__event_002,True,2,True
tokyo_132723_relational_between,132723,stress_test,relational_between,2,2018_2219923__event_002,SELF,2018_2219923__event_002,True,3,True
tokyo_132723_relational_between,132723,stress_test,relational_between,2,2018_2219923__event_002,PREVIOUS,2018_2219923__event_001,True,4,True
tokyo_132723_relational_between,132723,stress_test,relational_between,3,2018_2219917__event_002,SELF,2018_2219917__event_002,True,5,True
tokyo_132723_relational_between,132723,stress_test,relational_between,3,2018_2219917__event_002,PREVIOUS,2018_2219917__event_001,True,6,True
tokyo_132723_relational_between,132723,stress_test,relational_between,3,2018_2219917__event_002,NEXT,2018_2219917__event_003,True,7,True
tokyo_132723_relational_between,132723,stress_test,relational_between,4,2018_2219894__event_002,SELF,2018_2219894__event_002,True,8,True
tokyo_132723_relational_between,132723,stress_test,relational_between,4,2018_2219894__event_002,PREVIOUS,2018_2219894__event_001,True,9,True
tokyo_132723_relational_between,132723,stress_test,relational_between,5,2018_2219871__event_001,SELF,2018_2219871__event_001,True,10,True
tokyo_132723_relational_between,132723,stress_test,relational_between,5,2018_2219871__event_001,NEXT,2018_2219871__event_002,True,11,True
tokyo_134307_relational_between,134307,stress_test,relational_between,1,2018_2242051__event_002,SELF,2018_2242051__event_002,True,1,False
tokyo_134307_relational_between,134307,stress_test,relational_between,1,2018_2242051__event_002,PREVIOUS,2018_2242051__event_001,True,2,False
tokyo_134307_relational_between,134307,stress_test,relational_between,1,2018_2242051__event_002,NEXT,2018_2242051__event_003,True,3,False
tokyo_134307_relational_between,134307,stress_test,relational_between,2,2018_2242058__event_001,SELF,2018_2242058__event_001,True,4,False
tokyo_134307_relational_between,134307,stress_test,relational_between,2,2018_2242058__event_001,NEXT,2018_2242058__event_002,True,5,False
tokyo_134307_relational_between,134307,stress_test,relational_between,3,2018_2242042__event_001,SELF,2018_2242042__event_001,True,6,False
tokyo_134307_relational_between,134307,stress_test,relational_between,3,2018_2242042__event_001,NEXT,2018_2242042__event_002,True,7,False
tokyo_134307_relational_between,134307,stress_test,relational_between,4,2018_2242049__event_001,SELF,2018_2242049__event_001,True,8,False
tokyo_134307_relational_between,134307,stress_test,relational_between,4,2018_2242049__event_001,NEXT,2018_2242049__event_002,True,9,False
tokyo_134307_relational_between,134307,stress_test,relational_between,5,2018_2242042__event_002,SELF,2018_2242042__event_002,False,,False
tokyo_134307_relational_between,134307,stress_test,relational_between,5,2018_2242042__event_002,PREVIOUS,2018_2242042__event_001,False,,False
tokyo_135393_relational_between,135393,stress_test,relational_between,1,2018_2257318__event_003,SELF,2018_2257318__event_003,True,1,False
tokyo_135393_relational_between,135393,stress_test,relational_between,1,2018_2257318__event_003,PREVIOUS,2018_2257318__event_002,True,2,False
tokyo_135393_relational_between,135393,stress_test,relational_between,1,2018_2257318__event_003,NEXT,2018_2257318__event_004,True,3,False
tokyo_135393_relational_between,135393,stress_test,relational_between,2,2018_2257299__event_001,SELF,2018_2257299__event_001,True,4,False
tokyo_135393_relational_between,135393,stress_test,relational_between,2,2018_2257299__event_001,NEXT,2018_2257299__event_002,True,5,False
tokyo_135393_relational_between,135393,stress_test,relational_between,3,2018_2257283__event_004,SELF,2018_2257283__event_004,True,6,False
tokyo_135393_relational_between,135393,stress_test,relational_between,3,2018_2257283__event_004,PREVIOUS,2018_2257283__event_003,True,7,False
tokyo_135393_relational_between,135393,stress_test,relational_between,4,2018_2257269__event_002,SELF,2018_2257269__event_002,True,8,False
tokyo_135393_relational_between,135393,stress_test,relational_between,4,2018_2257269__event_002,PREVIOUS,2018_2257269__event_001,True,9,False
tokyo_135393_relational_between,135393,stress_test,relational_between,5,2018_2257267__event_001,SELF,2018_2257267__event_001,True,10,False
tokyo_135393_relational_between,135393,stress_test,relational_between,5,2018_2257267__event_001,NEXT,2018_2257267__event_002,True,11,False
tokyo_138301_relational_between,138301,stress_test,relational_between,1,2018_2294113__event_002,SELF,2018_2294113__event_002,True,1,False
tokyo_138301_relational_between,138301,stress_test,relational_between,1,2018_2294113__event_002,PREVIOUS,2018_2294113__event_001,True,2,False
tokyo_138301_relational_between,138301,stress_test,relational_between,1,2018_2294113__event_002,NEXT,2018_2294113__event_003,True,3,False
tokyo_138301_relational_between,138301,stress_test,relational_between,2,2018_2294109__event_002,SELF,2018_2294109__event_002,True,4,False
tokyo_138301_relational_between,138301,stress_test,relational_between,2,2018_2294109__event_002,PREVIOUS,2018_2294109__event_001,True,5,False
tokyo_138301_relational_between,138301,stress_test,relational_between,2,2018_2294109__event_002,NEXT,2018_2294109__event_003,True,6,False
tokyo_138301_relational_between,138301,stress_test,relational_between,3,2018_2294102__event_001,SELF,2018_2294102__event_001,True,7,False
tokyo_138301_relational_between,138301,stress_test,relational_between,3,2018_2294102__event_001,NEXT,2018_2294102__event_002,True,8,False
tokyo_138301_relational_between,138301,stress_test,relational_between,4,2018_2294107__event_001,SELF,2018_2294107__event_001,True,9,False
tokyo_138301_relational_between,138301,stress_test,relational_between,4,2018_2294107__event_001,NEXT,2018_2294107__event_002,True,10,False
tokyo_138301_relational_between,138301,stress_test,relational_between,5,2018_2294107__event_002,SELF,2018_2294107__event_002,False,,False
tokyo_138301_relational_between,138301,stress_test,relational_between,5,2018_2294107__event_002,PREVIOUS,2018_2294107__event_001,False,,False
tokyo_139656_relational_between,139656,stress_test,relational_between,1,2018_2308875__event_001,SELF,2018_2308875__event_001,True,1,True
tokyo_139656_relational_between,139656,stress_test,relational_between,1,2018_2308875__event_001,NEXT,2018_2308875__event_002,True,2,True
tokyo_139656_relational_between,139656,stress_test,relational_between,2,2018_2308886__event_001,SELF,2018_2308886__event_001,True,3,True
tokyo_139656_relational_between,139656,stress_test,relational_between,2,2018_2308886__event_001,NEXT,2018_2308886__event_002,True,4,True
tokyo_139656_relational_between,139656,stress_test,relational_between,3,2018_2308874__event_001,SELF,2018_2308874__event_001,True,5,True
tokyo_139656_relational_between,139656,stress_test,relational_between,3,2018_2308874__event_001,NEXT,2018_2308874__event_002,True,6,True
tokyo_139656_relational_between,139656,stress_test,relational_between,4,2018_2308885__event_001,SELF,2018_2308885__event_001,True,7,True
tokyo_139656_relational_between,139656,stress_test,relational_between,4,2018_2308885__event_001,NEXT,2018_2308885__event_002,True,8,True
tokyo_139656_relational_between,139656,stress_test,relational_between,5,2018_2308868__event_001,SELF,2018_2308868__event_001,True,9,True
tokyo_139656_relational_between,139656,stress_test,relational_between,5,2018_2308868__event_001,NEXT,2018_2308868__event_002,True,10,True
tokyo_140775_relational_between,140775,stress_test,relational_between,1,2018_2320646__event_002,SELF,2018_2320646__event_002,True,1,False
tokyo_140775_relational_between,140775,stress_test,relational_between,1,2018_2320646__event_002,PREVIOUS,2018_2320646__event_001,True,2,False
tokyo_140775_relational_between,140775,stress_test,relational_between,1,2018_2320646__event_002,NEXT,2018_2320646__event_003,True,3,False
tokyo_140775_relational_between,140775,stress_test,relational_between,2,2018_2320646__event_004,SELF,2018_2320646__event_004,True,4,False
tokyo_140775_relational_between,140775,stress_test,relational_between,2,2018_2320646__event_004,PREVIOUS,2018_2320646__event_003,False,,False
tokyo_140775_relational_between,140775,stress_test,relational_between,3,2018_2320660__event_001,SELF,2018_2320660__event_001,True,5,False
tokyo_140775_relational_between,140775,stress_test,relational_between,3,2018_2320660__event_001,NEXT,2018_2320660__event_002,True,6,False
tokyo_140775_relational_between,140775,stress_test,relational_between,4,2018_2320657__event_001,SELF,2018_2320657__event_001,True,7,False
tokyo_140775_relational_between,140775,stress_test,relational_between,4,2018_2320657__event_001,NEXT,2018_2320657__event_002,True,8,False
tokyo_140775_relational_between,140775,stress_test,relational_between,5,2018_2320666__event_001,SELF,2018_2320666__event_001,True,9,False
tokyo_140775_relational_between,140775,stress_test,relational_between,5,2018_2320666__event_001,NEXT,2018_2320666__event_002,True,10,False
tokyo_149225_relational_between,149225,stress_test,relational_between,1,2018_2402537__event_002,SELF,2018_2402537__event_002,True,1,False
tokyo_149225_relational_between,149225,stress_test,relational_between,1,2018_2402537__event_002,PREVIOUS,2018_2402537__event_001,True,2,False
tokyo_149225_relational_between,149225,stress_test,relational_between,1,2018_2402537__event_002,NEXT,2018_2402537__event_003,True,3,False
tokyo_149225_relational_between,149225,stress_test,relational_between,2,2018_2402517__event_002,SELF,2018_2402517__event_002,True,4,False
tokyo_149225_relational_between,149225,stress_test,relational_between,2,2018_2402517__event_002,PREVIOUS,2018_2402517__event_001,True,5,False
tokyo_149225_relational_between,149225,stress_test,relational_between,2,2018_2402517__event_002,NEXT,2018_2402517__event_003,True,6,False
tokyo_149225_relational_between,149225,stress_test,relational_between,3,2018_2402512__event_002,SELF,2018_2402512__event_002,True,7,False
tokyo_149225_relational_between,149225,stress_test,relational_between,3,2018_2402512__event_002,PREVIOUS,2018_2402512__event_001,True,8,False
tokyo_149225_relational_between,149225,stress_test,relational_between,4,2018_2402517__event_001,SELF,2018_2402517__event_001,False,,False
tokyo_149225_relational_between,149225,stress_test,relational_between,4,2018_2402517__event_001,NEXT,2018_2402517__event_002,False,,False
tokyo_149225_relational_between,149225,stress_test,relational_between,5,2018_2402534__event_002,SELF,2018_2402534__event_002,True,9,False
tokyo_149225_relational_between,149225,stress_test,relational_between,5,2018_2402534__event_002,PREVIOUS,2018_2402534__event_001,True,10,False
tokyo_152722_relational_between,152722,stress_test,relational_between,1,2018_2446524__event_004,SELF,2018_2446524__event_004,True,1,False
tokyo_152722_relational_between,152722,stress_test,relational_between,1,2018_2446524__event_004,PREVIOUS,2018_2446524__event_003,True,2,False
tokyo_152722_relational_between,152722,stress_test,relational_between,1,2018_2446524__event_004,NEXT,2018_2446524__event_005,True,3,False
tokyo_152722_relational_between,152722,stress_test,relational_between,2,2018_2446525__event_002,SELF,2018_2446525__event_002,True,4,False
tokyo_152722_relational_between,152722,stress_test,relational_between,2,2018_2446525__event_002,PREVIOUS,2018_2446525__event_001,True,5,False
tokyo_152722_relational_between,152722,stress_test,relational_between,2,2018_2446525__event_002,NEXT,2018_2446525__event_003,True,6,False
tokyo_152722_relational_between,152722,stress_test,relational_between,3,2018_2446524__event_002,SELF,2018_2446524__event_002,True,7,False
tokyo_152722_relational_between,152722,stress_test,relational_between,3,2018_2446524__event_002,PREVIOUS,2018_2446524__event_001,True,8,False
tokyo_152722_relational_between,152722,stress_test,relational_between,3,2018_2446524__event_002,NEXT,2018_2446524__event_003,False,,False
tokyo_152722_relational_between,152722,stress_test,relational_between,4,2018_2446526__event_002,SELF,2018_2446526__event_002,True,9,False
tokyo_152722_relational_between,152722,stress_test,relational_between,4,2018_2446526__event_002,PREVIOUS,2018_2446526__event_001,True,10,False
tokyo_152722_relational_between,152722,stress_test,relational_between,4,2018_2446526__event_002,NEXT,2018_2446526__event_003,True,11,False
tokyo_152722_relational_between,152722,stress_test,relational_between,5,2018_2446524__event_005,SELF,2018_2446524__event_005,False,,False
tokyo_152722_relational_between,152722,stress_test,relational_between,5,2018_2446524__event_005,PREVIOUS,2018_2446524__event_004,False,,False
tokyo_156873_relational_between,156873,stress_test,relational_between,1,2018_2498147__event_002,SELF,2018_2498147__event_002,True,1,True
tokyo_156873_relational_between,156873,stress_test,relational_between,1,2018_2498147__event_002,PREVIOUS,2018_2498147__event_001,True,2,True
tokyo_156873_relational_between,156873,stress_test,relational_between,1,2018_2498147__event_002,NEXT,2018_2498147__event_003,True,3,True
tokyo_156873_relational_between,156873,stress_test,relational_between,2,2018_2498115__event_001,SELF,2018_2498115__event_001,True,4,True
tokyo_156873_relational_between,156873,stress_test,relational_between,2,2018_2498115__event_001,NEXT,2018_2498115__event_002,True,5,True
tokyo_156873_relational_between,156873,stress_test,relational_between,3,2018_2498150__event_001,SELF,2018_2498150__event_001,True,6,True
tokyo_156873_relational_between,156873,stress_test,relational_between,3,2018_2498150__event_001,NEXT,2018_2498150__event_002,True,7,True
tokyo_156873_relational_between,156873,stress_test,relational_between,4,2018_2498153__event_001,SELF,2018_2498153__event_001,True,8,True
tokyo_156873_relational_between,156873,stress_test,relational_between,4,2018_2498153__event_001,NEXT,2018_2498153__event_002,True,9,True
tokyo_156873_relational_between,156873,stress_test,relational_between,5,2018_2498179__event_001,SELF,2018_2498179__event_001,True,10,True
tokyo_156873_relational_between,156873,stress_test,relational_between,5,2018_2498179__event_001,NEXT,2018_2498179__event_002,True,11,True
tokyo_167728_relational_between,167728,stress_test,relational_between,1,2018_2604374__event_004,SELF,2018_2604374__event_004,True,1,True
tokyo_167728_relational_between,167728,stress_test,relational_between,1,2018_2604374__event_004,PREVIOUS,2018_2604374__event_003,True,2,True
tokyo_167728_relational_between,167728,stress_test,relational_between,1,2018_2604374__event_004,NEXT,2018_2604374__event_005,True,3,True
tokyo_167728_relational_between,167728,stress_test,relational_between,2,2018_2604349__event_003,SELF,2018_2604349__event_003,True,4,True
tokyo_167728_relational_between,167728,stress_test,relational_between,2,2018_2604349__event_003,PREVIOUS,2018_2604349__event_002,True,5,True
tokyo_167728_relational_between,167728,stress_test,relational_between,3,2018_2604368__event_002,SELF,2018_2604368__event_002,True,6,True
tokyo_167728_relational_between,167728,stress_test,relational_between,3,2018_2604368__event_002,PREVIOUS,2018_2604368__event_001,True,7,True
tokyo_167728_relational_between,167728,stress_test,relational_between,4,2018_2604378__event_002,SELF,2018_2604378__event_002,True,8,True
tokyo_167728_relational_between,167728,stress_test,relational_between,4,2018_2604378__event_002,PREVIOUS,2018_2604378__event_001,True,9,True
tokyo_167728_relational_between,167728,stress_test,relational_between,4,2018_2604378__event_002,NEXT,2018_2604378__event_003,True,10,True
tokyo_167728_relational_between,167728,stress_test,relational_between,5,2018_2604352__event_002,SELF,2018_2604352__event_002,True,11,True
tokyo_167728_relational_between,167728,stress_test,relational_between,5,2018_2604352__event_002,PREVIOUS,2018_2604352__event_001,True,12,True
tokyo_167728_relational_between,167728,stress_test,relational_between,5,2018_2604352__event_002,NEXT,2018_2604352__event_003,True,13,True
tokyo_169053_relational_between,169053,stress_test,relational_between,1,2018_2620285__event_002,SELF,2018_2620285__event_002,True,1,False
tokyo_169053_relational_between,169053,stress_test,relational_between,1,2018_2620285__event_002,PREVIOUS,2018_2620285__event_001,True,2,False
tokyo_169053_relational_between,169053,stress_test,relational_between,1,2018_2620285__event_002,NEXT,2018_2620285__event_003,True,3,False
tokyo_169053_relational_between,169053,stress_test,relational_between,2,2018_2620287__event_001,SELF,2018_2620287__event_001,True,4,False
tokyo_169053_relational_between,169053,stress_test,relational_between,2,2018_2620287__event_001,NEXT,2018_2620287__event_002,True,5,False
tokyo_169053_relational_between,169053,stress_test,relational_between,3,2018_2620294__event_001,SELF,2018_2620294__event_001,True,6,False
tokyo_169053_relational_between,169053,stress_test,relational_between,3,2018_2620294__event_001,NEXT,2018_2620294__event_002,True,7,False
tokyo_169053_relational_between,169053,stress_test,relational_between,4,2018_2620269__event_002,SELF,2018_2620269__event_002,True,8,False
tokyo_169053_relational_between,169053,stress_test,relational_between,4,2018_2620269__event_002,PREVIOUS,2018_2620269__event_001,True,9,False
tokyo_169053_relational_between,169053,stress_test,relational_between,5,2018_2620302__event_001,SELF,2018_2620302__event_001,True,10,False
tokyo_169053_relational_between,169053,stress_test,relational_between,5,2018_2620302__event_001,NEXT,2018_2620302__event_002,True,11,False
tokyo_171659_relational_between,171659,stress_test,relational_between,1,2018_2647186__event_002,SELF,2018_2647186__event_002,True,1,False
tokyo_171659_relational_between,171659,stress_test,relational_between,1,2018_2647186__event_002,PREVIOUS,2018_2647186__event_001,True,2,False
tokyo_171659_relational_between,171659,stress_test,relational_between,1,2018_2647186__event_002,NEXT,2018_2647186__event_003,True,3,False
tokyo_171659_relational_between,171659,stress_test,relational_between,2,2018_2647177__event_001,SELF,2018_2647177__event_001,True,4,False
tokyo_171659_relational_between,171659,stress_test,relational_between,2,2018_2647177__event_001,NEXT,2018_2647177__event_002,True,5,False
tokyo_171659_relational_between,171659,stress_test,relational_between,3,2018_2647186__event_001,SELF,2018_2647186__event_001,False,,False
tokyo_171659_relational_between,171659,stress_test,relational_between,3,2018_2647186__event_001,NEXT,2018_2647186__event_002,False,,False
tokyo_171659_relational_between,171659,stress_test,relational_between,4,2018_2647177__event_002,SELF,2018_2647177__event_002,False,,False
tokyo_171659_relational_between,171659,stress_test,relational_between,4,2018_2647177__event_002,PREVIOUS,2018_2647177__event_001,False,,False
tokyo_171659_relational_between,171659,stress_test,relational_between,4,2018_2647177__event_002,NEXT,2018_2647177__event_003,True,6,False
tokyo_171659_relational_between,171659,stress_test,relational_between,5,2018_2647177__event_004,SELF,2018_2647177__event_004,True,7,False
tokyo_171659_relational_between,171659,stress_test,relational_between,5,2018_2647177__event_004,PREVIOUS,2018_2647177__event_003,False,,False
tokyo_178798_relational_between,178798,stress_test,relational_between,1,2018_2707932__event_002,SELF,2018_2707932__event_002,True,1,False
tokyo_178798_relational_between,178798,stress_test,relational_between,1,2018_2707932__event_002,PREVIOUS,2018_2707932__event_001,True,2,False
tokyo_178798_relational_between,178798,stress_test,relational_between,1,2018_2707932__event_002,NEXT,2018_2707932__event_003,True,3,False
tokyo_178798_relational_between,178798,stress_test,relational_between,2,2018_2707929__event_001,SELF,2018_2707929__event_001,True,4,False
tokyo_178798_relational_between,178798,stress_test,relational_between,2,2018_2707929__event_001,NEXT,2018_2707929__event_002,True,5,False
tokyo_178798_relational_between,178798,stress_test,relational_between,3,2018_2707923__event_002,SELF,2018_2707923__event_002,True,6,False
tokyo_178798_relational_between,178798,stress_test,relational_between,3,2018_2707923__event_002,PREVIOUS,2018_2707923__event_001,True,7,False
tokyo_178798_relational_between,178798,stress_test,relational_between,4,2018_2707939__event_002,SELF,2018_2707939__event_002,True,8,False
tokyo_178798_relational_between,178798,stress_test,relational_between,4,2018_2707939__event_002,PREVIOUS,2018_2707939__event_001,True,9,False
tokyo_178798_relational_between,178798,stress_test,relational_between,5,2018_2707926__event_003,SELF,2018_2707926__event_003,True,10,False
tokyo_178798_relational_between,178798,stress_test,relational_between,5,2018_2707926__event_003,PREVIOUS,2018_2707926__event_002,True,11,False
tokyo_19379_relational_between,19379,stress_test,relational_between,1,2018_395370__event_002,SELF,2018_395370__event_002,True,1,True
tokyo_19379_relational_between,19379,stress_test,relational_between,1,2018_395370__event_002,PREVIOUS,2018_395370__event_001,True,2,True
tokyo_19379_relational_between,19379,stress_test,relational_between,1,2018_395370__event_002,NEXT,2018_395370__event_003,True,3,True
tokyo_19379_relational_between,19379,stress_test,relational_between,2,2018_395498__event_001,SELF,2018_395498__event_001,True,4,True
tokyo_19379_relational_between,19379,stress_test,relational_between,2,2018_395498__event_001,NEXT,2018_395498__event_002,True,5,True
tokyo_19379_relational_between,19379,stress_test,relational_between,3,2018_395374__event_003,SELF,2018_395374__event_003,True,6,True
tokyo_19379_relational_between,19379,stress_test,relational_between,3,2018_395374__event_003,PREVIOUS,2018_395374__event_002,True,7,True
tokyo_19379_relational_between,19379,stress_test,relational_between,4,2018_395498__event_002,SELF,2018_395498__event_002,False,,True
tokyo_19379_relational_between,19379,stress_test,relational_between,4,2018_395498__event_002,PREVIOUS,2018_395498__event_001,False,,True
tokyo_19379_relational_between,19379,stress_test,relational_between,5,2018_395381__event_002,SELF,2018_395381__event_002,True,8,True
tokyo_19379_relational_between,19379,stress_test,relational_between,5,2018_395381__event_002,PREVIOUS,2018_395381__event_001,True,9,True
tokyo_210254_relational_between,210254,stress_test,relational_between,1,2018_2949696__event_003,SELF,2018_2949696__event_003,True,1,False
tokyo_210254_relational_between,210254,stress_test,relational_between,1,2018_2949696__event_003,PREVIOUS,2018_2949696__event_002,True,2,False
tokyo_210254_relational_between,210254,stress_test,relational_between,1,2018_2949696__event_003,NEXT,2018_2949696__event_004,True,3,False
tokyo_210254_relational_between,210254,stress_test,relational_between,2,2018_2949702__event_002,SELF,2018_2949702__event_002,True,4,False
tokyo_210254_relational_between,210254,stress_test,relational_between,2,2018_2949702__event_002,PREVIOUS,2018_2949702__event_001,True,5,False
tokyo_210254_relational_between,210254,stress_test,relational_between,3,2018_2949684__event_001,SELF,2018_2949684__event_001,True,6,False
tokyo_210254_relational_between,210254,stress_test,relational_between,3,2018_2949684__event_001,NEXT,2018_2949684__event_002,True,7,False
tokyo_210254_relational_between,210254,stress_test,relational_between,4,2018_2949683__event_002,SELF,2018_2949683__event_002,True,8,False
tokyo_210254_relational_between,210254,stress_test,relational_between,4,2018_2949683__event_002,PREVIOUS,2018_2949683__event_001,True,9,False
tokyo_210254_relational_between,210254,stress_test,relational_between,5,2018_2949678__event_001,SELF,2018_2949678__event_001,True,10,False
tokyo_210254_relational_between,210254,stress_test,relational_between,5,2018_2949678__event_001,NEXT,2018_2949678__event_002,True,11,False
tokyo_223807_relational_between,223807,stress_test,relational_between,1,2018_3045879__event_002,SELF,2018_3045879__event_002,True,1,False
tokyo_223807_relational_between,223807,stress_test,relational_between,1,2018_3045879__event_002,PREVIOUS,2018_3045879__event_001,True,2,False
tokyo_223807_relational_between,223807,stress_test,relational_between,1,2018_3045879__event_002,NEXT,2018_3045879__event_003,True,3,False
tokyo_223807_relational_between,223807,stress_test,relational_between,2,2018_3045877__event_001,SELF,2018_3045877__event_001,True,4,False
tokyo_223807_relational_between,223807,stress_test,relational_between,2,2018_3045877__event_001,NEXT,2018_3045877__event_002,True,5,False
tokyo_223807_relational_between,223807,stress_test,relational_between,3,2018_3045886__event_002,SELF,2018_3045886__event_002,True,6,False
tokyo_223807_relational_between,223807,stress_test,relational_between,3,2018_3045886__event_002,PREVIOUS,2018_3045886__event_001,True,7,False
tokyo_223807_relational_between,223807,stress_test,relational_between,4,2018_3045895__event_001,SELF,2018_3045895__event_001,True,8,False
tokyo_223807_relational_between,223807,stress_test,relational_between,4,2018_3045895__event_001,NEXT,2018_3045895__event_002,True,9,False
tokyo_223807_relational_between,223807,stress_test,relational_between,5,2018_3045888__event_002,SELF,2018_3045888__event_002,True,10,False
tokyo_223807_relational_between,223807,stress_test,relational_between,5,2018_3045888__event_002,PREVIOUS,2018_3045888__event_001,True,11,False
tokyo_2309_relational_between,2309,stress_test,relational_between,1,2018_50031__event_002,SELF,2018_50031__event_002,True,1,False
tokyo_2309_relational_between,2309,stress_test,relational_between,1,2018_50031__event_002,PREVIOUS,2018_50031__event_001,True,2,False
tokyo_2309_relational_between,2309,stress_test,relational_between,1,2018_50031__event_002,NEXT,2018_50031__event_003,True,3,False
tokyo_2309_relational_between,2309,stress_test,relational_between,2,2018_50035__event_003,SELF,2018_50035__event_003,True,4,False
tokyo_2309_relational_between,2309,stress_test,relational_between,2,2018_50035__event_003,PREVIOUS,2018_50035__event_002,True,5,False
tokyo_2309_relational_between,2309,stress_test,relational_between,2,2018_50035__event_003,NEXT,2018_50035__event_004,True,6,False
tokyo_2309_relational_between,2309,stress_test,relational_between,3,2018_50033__event_002,SELF,2018_50033__event_002,True,7,False
tokyo_2309_relational_between,2309,stress_test,relational_between,3,2018_50033__event_002,PREVIOUS,2018_50033__event_001,True,8,False
tokyo_2309_relational_between,2309,stress_test,relational_between,3,2018_50033__event_002,NEXT,2018_50033__event_003,True,9,False
tokyo_2309_relational_between,2309,stress_test,relational_between,4,2018_50035__event_002,SELF,2018_50035__event_002,False,,False
tokyo_2309_relational_between,2309,stress_test,relational_between,4,2018_50035__event_002,PREVIOUS,2018_50035__event_001,True,10,False
tokyo_2309_relational_between,2309,stress_test,relational_between,4,2018_50035__event_002,NEXT,2018_50035__event_003,False,,False
tokyo_2309_relational_between,2309,stress_test,relational_between,5,2018_50038__event_001,SELF,2018_50038__event_001,True,11,False
tokyo_2309_relational_between,2309,stress_test,relational_between,5,2018_50038__event_001,NEXT,2018_50038__event_002,True,12,False
tokyo_23925_relational_between,23925,stress_test,relational_between,1,2018_485933__event_002,SELF,2018_485933__event_002,True,1,False
tokyo_23925_relational_between,23925,stress_test,relational_between,1,2018_485933__event_002,PREVIOUS,2018_485933__event_001,True,2,False
tokyo_23925_relational_between,23925,stress_test,relational_between,1,2018_485933__event_002,NEXT,2018_485933__event_003,True,3,False
tokyo_23925_relational_between,23925,stress_test,relational_between,2,2018_485935__event_002,SELF,2018_485935__event_002,True,4,False
tokyo_23925_relational_between,23925,stress_test,relational_between,2,2018_485935__event_002,PREVIOUS,2018_485935__event_001,True,5,False
tokyo_23925_relational_between,23925,stress_test,relational_between,2,2018_485935__event_002,NEXT,2018_485935__event_003,True,6,False
tokyo_23925_relational_between,23925,stress_test,relational_between,3,2018_485910__event_003,SELF,2018_485910__event_003,True,7,False
tokyo_23925_relational_between,23925,stress_test,relational_between,3,2018_485910__event_003,PREVIOUS,2018_485910__event_002,True,8,False
tokyo_23925_relational_between,23925,stress_test,relational_between,3,2018_485910__event_003,NEXT,2018_485910__event_004,True,9,False
tokyo_23925_relational_between,23925,stress_test,relational_between,4,2018_485932__event_002,SELF,2018_485932__event_002,True,10,False
tokyo_23925_relational_between,23925,stress_test,relational_between,4,2018_485932__event_002,PREVIOUS,2018_485932__event_001,True,11,False
tokyo_23925_relational_between,23925,stress_test,relational_between,5,2018_485944__event_002,SELF,2018_485944__event_002,True,12,False
tokyo_23925_relational_between,23925,stress_test,relational_between,5,2018_485944__event_002,PREVIOUS,2018_485944__event_001,True,13,False
tokyo_24664_relational_between,24664,stress_test,relational_between,1,2018_501939__event_003,SELF,2018_501939__event_003,True,1,True
tokyo_24664_relational_between,24664,stress_test,relational_between,1,2018_501939__event_003,PREVIOUS,2018_501939__event_002,True,2,True
tokyo_24664_relational_between,24664,stress_test,relational_between,1,2018_501939__event_003,NEXT,2018_501939__event_004,True,3,True
tokyo_24664_relational_between,24664,stress_test,relational_between,2,2018_501939__event_001,SELF,2018_501939__event_001,True,4,True
tokyo_24664_relational_between,24664,stress_test,relational_between,2,2018_501939__event_001,NEXT,2018_501939__event_002,False,,True
tokyo_24664_relational_between,24664,stress_test,relational_between,3,2018_501939__event_004,SELF,2018_501939__event_004,False,,True
tokyo_24664_relational_between,24664,stress_test,relational_between,3,2018_501939__event_004,PREVIOUS,2018_501939__event_003,False,,True
tokyo_24664_relational_between,24664,stress_test,relational_between,3,2018_501939__event_004,NEXT,2018_501939__event_005,True,5,True
tokyo_24664_relational_between,24664,stress_test,relational_between,4,2018_501939__event_002,SELF,2018_501939__event_002,False,,True
tokyo_24664_relational_between,24664,stress_test,relational_between,4,2018_501939__event_002,PREVIOUS,2018_501939__event_001,False,,True
tokyo_24664_relational_between,24664,stress_test,relational_between,4,2018_501939__event_002,NEXT,2018_501939__event_003,False,,True
tokyo_24664_relational_between,24664,stress_test,relational_between,5,2018_501939__event_006,SELF,2018_501939__event_006,True,6,True
tokyo_24664_relational_between,24664,stress_test,relational_between,5,2018_501939__event_006,PREVIOUS,2018_501939__event_005,False,,True
tokyo_24664_relational_between,24664,stress_test,relational_between,5,2018_501939__event_006,NEXT,2018_501939__event_007,True,7,True
tokyo_24765_relational_between,24765,stress_test,relational_between,1,2018_504023__event_003,SELF,2018_504023__event_003,True,1,True
tokyo_24765_relational_between,24765,stress_test,relational_between,1,2018_504023__event_003,PREVIOUS,2018_504023__event_002,True,2,True
tokyo_24765_relational_between,24765,stress_test,relational_between,1,2018_504023__event_003,NEXT,2018_504023__event_004,True,3,True
tokyo_24765_relational_between,24765,stress_test,relational_between,2,2018_504023__event_005,SELF,2018_504023__event_005,True,4,True
tokyo_24765_relational_between,24765,stress_test,relational_between,2,2018_504023__event_005,PREVIOUS,2018_504023__event_004,False,,True
tokyo_24765_relational_between,24765,stress_test,relational_between,2,2018_504023__event_005,NEXT,2018_504023__event_006,True,5,True
tokyo_24765_relational_between,24765,stress_test,relational_between,3,2018_503992__event_002,SELF,2018_503992__event_002,True,6,True
tokyo_24765_relational_between,24765,stress_test,relational_between,3,2018_503992__event_002,PREVIOUS,2018_503992__event_001,True,7,True
tokyo_24765_relational_between,24765,stress_test,relational_between,4,2018_504023__event_006,SELF,2018_504023__event_006,False,,True
tokyo_24765_relational_between,24765,stress_test,relational_between,4,2018_504023__event_006,PREVIOUS,2018_504023__event_005,False,,True
tokyo_24765_relational_between,24765,stress_test,relational_between,4,2018_504023__event_006,NEXT,2018_504023__event_007,True,8,True
tokyo_24765_relational_between,24765,stress_test,relational_between,5,2018_503989__event_001,SELF,2018_503989__event_001,True,9,True
tokyo_24765_relational_between,24765,stress_test,relational_between,5,2018_503989__event_001,NEXT,2018_503989__event_002,True,10,True
tokyo_254908_relational_between,254908,stress_test,relational_between,1,2018_3245120__event_002,SELF,2018_3245120__event_002,True,1,False
tokyo_254908_relational_between,254908,stress_test,relational_between,1,2018_3245120__event_002,PREVIOUS,2018_3245120__event_001,True,2,False
tokyo_254908_relational_between,254908,stress_test,relational_between,1,2018_3245120__event_002,NEXT,2018_3245120__event_003,True,3,False
tokyo_254908_relational_between,254908,stress_test,relational_between,2,2018_3245115__event_004,SELF,2018_3245115__event_004,True,4,False
tokyo_254908_relational_between,254908,stress_test,relational_between,2,2018_3245115__event_004,PREVIOUS,2018_3245115__event_003,True,5,False
tokyo_254908_relational_between,254908,stress_test,relational_between,3,2018_3245120__event_003,SELF,2018_3245120__event_003,False,,False
tokyo_254908_relational_between,254908,stress_test,relational_between,3,2018_3245120__event_003,PREVIOUS,2018_3245120__event_002,False,,False
tokyo_254908_relational_between,254908,stress_test,relational_between,3,2018_3245120__event_003,NEXT,2018_3245120__event_004,True,6,False
tokyo_254908_relational_between,254908,stress_test,relational_between,4,2018_3245120__event_001,SELF,2018_3245120__event_001,False,,False
tokyo_254908_relational_between,254908,stress_test,relational_between,4,2018_3245120__event_001,NEXT,2018_3245120__event_002,False,,False
tokyo_254908_relational_between,254908,stress_test,relational_between,5,2018_3245115__event_003,SELF,2018_3245115__event_003,False,,False
tokyo_254908_relational_between,254908,stress_test,relational_between,5,2018_3245115__event_003,PREVIOUS,2018_3245115__event_002,True,7,False
tokyo_254908_relational_between,254908,stress_test,relational_between,5,2018_3245115__event_003,NEXT,2018_3245115__event_004,False,,False
tokyo_259163_relational_between,259163,stress_test,relational_between,1,2018_3271974__event_002,SELF,2018_3271974__event_002,True,1,False
tokyo_259163_relational_between,259163,stress_test,relational_between,1,2018_3271974__event_002,PREVIOUS,2018_3271974__event_001,True,2,False
tokyo_259163_relational_between,259163,stress_test,relational_between,1,2018_3271974__event_002,NEXT,2018_3271974__event_003,True,3,False
tokyo_259163_relational_between,259163,stress_test,relational_between,2,2018_3271983__event_003,SELF,2018_3271983__event_003,True,4,False
tokyo_259163_relational_between,259163,stress_test,relational_between,2,2018_3271983__event_003,PREVIOUS,2018_3271983__event_002,True,5,False
tokyo_259163_relational_between,259163,stress_test,relational_between,2,2018_3271983__event_003,NEXT,2018_3271983__event_004,True,6,False
tokyo_259163_relational_between,259163,stress_test,relational_between,3,2018_3271982__event_002,SELF,2018_3271982__event_002,True,7,False
tokyo_259163_relational_between,259163,stress_test,relational_between,3,2018_3271982__event_002,PREVIOUS,2018_3271982__event_001,True,8,False
tokyo_259163_relational_between,259163,stress_test,relational_between,4,2018_3271967__event_001,SELF,2018_3271967__event_001,True,9,False
tokyo_259163_relational_between,259163,stress_test,relational_between,4,2018_3271967__event_001,NEXT,2018_3271967__event_002,True,10,False
tokyo_259163_relational_between,259163,stress_test,relational_between,5,2018_3271951__event_001,SELF,2018_3271951__event_001,True,11,False
tokyo_259163_relational_between,259163,stress_test,relational_between,5,2018_3271951__event_001,NEXT,2018_3271951__event_002,True,12,False
tokyo_263152_relational_between,263152,stress_test,relational_between,1,2018_3295444__event_002,SELF,2018_3295444__event_002,True,1,False
tokyo_263152_relational_between,263152,stress_test,relational_between,1,2018_3295444__event_002,PREVIOUS,2018_3295444__event_001,True,2,False
tokyo_263152_relational_between,263152,stress_test,relational_between,1,2018_3295444__event_002,NEXT,2018_3295444__event_003,True,3,False
tokyo_263152_relational_between,263152,stress_test,relational_between,2,2018_3295444__event_001,SELF,2018_3295444__event_001,False,,False
tokyo_263152_relational_between,263152,stress_test,relational_between,2,2018_3295444__event_001,NEXT,2018_3295444__event_002,False,,False
tokyo_263152_relational_between,263152,stress_test,relational_between,3,2018_3295456__event_004,SELF,2018_3295456__event_004,True,4,False
tokyo_263152_relational_between,263152,stress_test,relational_between,3,2018_3295456__event_004,PREVIOUS,2018_3295456__event_003,True,5,False
tokyo_263152_relational_between,263152,stress_test,relational_between,4,2018_3295459__event_001,SELF,2018_3295459__event_001,True,6,False
tokyo_263152_relational_between,263152,stress_test,relational_between,4,2018_3295459__event_001,NEXT,2018_3295459__event_002,True,7,False
tokyo_263152_relational_between,263152,stress_test,relational_between,5,2018_3295458__event_001,SELF,2018_3295458__event_001,True,8,False
tokyo_263152_relational_between,263152,stress_test,relational_between,5,2018_3295458__event_001,NEXT,2018_3295458__event_002,True,9,False
tokyo_264627_relational_between,264627,stress_test,relational_between,1,2018_3303906__event_003,SELF,2018_3303906__event_003,True,1,True
tokyo_264627_relational_between,264627,stress_test,relational_between,1,2018_3303906__event_003,PREVIOUS,2018_3303906__event_002,True,2,True
tokyo_264627_relational_between,264627,stress_test,relational_between,1,2018_3303906__event_003,NEXT,2018_3303906__event_004,True,3,True
tokyo_264627_relational_between,264627,stress_test,relational_between,2,2018_3303957__event_002,SELF,2018_3303957__event_002,True,4,True
tokyo_264627_relational_between,264627,stress_test,relational_between,2,2018_3303957__event_002,PREVIOUS,2018_3303957__event_001,True,5,True
tokyo_264627_relational_between,264627,stress_test,relational_between,3,2018_3303874__event_002,SELF,2018_3303874__event_002,True,6,True
tokyo_264627_relational_between,264627,stress_test,relational_between,3,2018_3303874__event_002,PREVIOUS,2018_3303874__event_001,True,7,True
tokyo_264627_relational_between,264627,stress_test,relational_between,4,2018_3303906__event_002,SELF,2018_3303906__event_002,False,,True
tokyo_264627_relational_between,264627,stress_test,relational_between,4,2018_3303906__event_002,PREVIOUS,2018_3303906__event_001,True,8,True
tokyo_264627_relational_between,264627,stress_test,relational_between,4,2018_3303906__event_002,NEXT,2018_3303906__event_003,False,,True
tokyo_264627_relational_between,264627,stress_test,relational_between,5,2018_3303916__event_001,SELF,2018_3303916__event_001,True,9,True
tokyo_264627_relational_between,264627,stress_test,relational_between,5,2018_3303916__event_001,NEXT,2018_3303916__event_002,True,10,True
tokyo_267704_relational_between,267704,stress_test,relational_between,1,2018_3322362__event_004,SELF,2018_3322362__event_004,True,1,False
tokyo_267704_relational_between,267704,stress_test,relational_between,1,2018_3322362__event_004,PREVIOUS,2018_3322362__event_003,True,2,False
tokyo_267704_relational_between,267704,stress_test,relational_between,1,2018_3322362__event_004,NEXT,2018_3322362__event_005,True,3,False
tokyo_267704_relational_between,267704,stress_test,relational_between,2,2018_3322360__event_003,SELF,2018_3322360__event_003,True,4,False
tokyo_267704_relational_between,267704,stress_test,relational_between,2,2018_3322360__event_003,PREVIOUS,2018_3322360__event_002,True,5,False
tokyo_267704_relational_between,267704,stress_test,relational_between,2,2018_3322360__event_003,NEXT,2018_3322360__event_004,True,6,False
tokyo_267704_relational_between,267704,stress_test,relational_between,3,2018_3322359__event_003,SELF,2018_3322359__event_003,True,7,False
tokyo_267704_relational_between,267704,stress_test,relational_between,3,2018_3322359__event_003,PREVIOUS,2018_3322359__event_002,True,8,False
tokyo_267704_relational_between,267704,stress_test,relational_between,3,2018_3322359__event_003,NEXT,2018_3322359__event_004,True,9,False
tokyo_267704_relational_between,267704,stress_test,relational_between,4,2018_3322364__event_004,SELF,2018_3322364__event_004,True,10,False
tokyo_267704_relational_between,267704,stress_test,relational_between,4,2018_3322364__event_004,PREVIOUS,2018_3322364__event_003,True,11,False
tokyo_267704_relational_between,267704,stress_test,relational_between,4,2018_3322364__event_004,NEXT,2018_3322364__event_005,True,12,False
tokyo_267704_relational_between,267704,stress_test,relational_between,5,2018_3322364__event_003,SELF,2018_3322364__event_003,False,,False
tokyo_267704_relational_between,267704,stress_test,relational_between,5,2018_3322364__event_003,PREVIOUS,2018_3322364__event_002,True,13,False
tokyo_267704_relational_between,267704,stress_test,relational_between,5,2018_3322364__event_003,NEXT,2018_3322364__event_004,False,,False
tokyo_26786_relational_between,26786,stress_test,relational_between,1,2018_543246__event_002,SELF,2018_543246__event_002,True,1,True
tokyo_26786_relational_between,26786,stress_test,relational_between,1,2018_543246__event_002,PREVIOUS,2018_543246__event_001,True,2,True
tokyo_26786_relational_between,26786,stress_test,relational_between,2,2018_543174__event_002,SELF,2018_543174__event_002,True,3,True
tokyo_26786_relational_between,26786,stress_test,relational_between,2,2018_543174__event_002,PREVIOUS,2018_543174__event_001,True,4,True
tokyo_26786_relational_between,26786,stress_test,relational_between,2,2018_543174__event_002,NEXT,2018_543174__event_003,True,5,True
tokyo_26786_relational_between,26786,stress_test,relational_between,3,2018_543205__event_002,SELF,2018_543205__event_002,True,6,True
tokyo_26786_relational_between,26786,stress_test,relational_between,3,2018_543205__event_002,PREVIOUS,2018_543205__event_001,True,7,True
tokyo_26786_relational_between,26786,stress_test,relational_between,3,2018_543205__event_002,NEXT,2018_543205__event_003,True,8,True
tokyo_26786_relational_between,26786,stress_test,relational_between,4,2018_543179__event_005,SELF,2018_543179__event_005,True,9,True
tokyo_26786_relational_between,26786,stress_test,relational_between,4,2018_543179__event_005,PREVIOUS,2018_543179__event_004,True,10,True
tokyo_26786_relational_between,26786,stress_test,relational_between,4,2018_543179__event_005,NEXT,2018_543179__event_006,True,11,True
tokyo_26786_relational_between,26786,stress_test,relational_between,5,2018_543239__event_002,SELF,2018_543239__event_002,True,12,True
tokyo_26786_relational_between,26786,stress_test,relational_between,5,2018_543239__event_002,PREVIOUS,2018_543239__event_001,True,13,True
tokyo_26786_relational_between,26786,stress_test,relational_between,5,2018_543239__event_002,NEXT,2018_543239__event_003,True,14,True
tokyo_277915_relational_between,277915,stress_test,relational_between,1,2018_3383892__event_002,SELF,2018_3383892__event_002,True,1,False
tokyo_277915_relational_between,277915,stress_test,relational_between,1,2018_3383892__event_002,PREVIOUS,2018_3383892__event_001,True,2,False
tokyo_277915_relational_between,277915,stress_test,relational_between,1,2018_3383892__event_002,NEXT,2018_3383892__event_003,True,3,False
tokyo_277915_relational_between,277915,stress_test,relational_between,2,2018_3383894__event_004,SELF,2018_3383894__event_004,True,4,False
tokyo_277915_relational_between,277915,stress_test,relational_between,2,2018_3383894__event_004,PREVIOUS,2018_3383894__event_003,True,5,False
tokyo_277915_relational_between,277915,stress_test,relational_between,2,2018_3383894__event_004,NEXT,2018_3383894__event_005,True,6,False
tokyo_277915_relational_between,277915,stress_test,relational_between,3,2018_3383899__event_001,SELF,2018_3383899__event_001,True,7,False
tokyo_277915_relational_between,277915,stress_test,relational_between,3,2018_3383899__event_001,NEXT,2018_3383899__event_002,True,8,False
tokyo_277915_relational_between,277915,stress_test,relational_between,4,2018_3383886__event_001,SELF,2018_3383886__event_001,True,9,False
tokyo_277915_relational_between,277915,stress_test,relational_between,4,2018_3383886__event_001,NEXT,2018_3383886__event_002,True,10,False
tokyo_277915_relational_between,277915,stress_test,relational_between,5,2018_3383902__event_002,SELF,2018_3383902__event_002,True,11,False
tokyo_277915_relational_between,277915,stress_test,relational_between,5,2018_3383902__event_002,PREVIOUS,2018_3383902__event_001,True,12,False
tokyo_280210_relational_between,280210,stress_test,relational_between,1,2018_3396830__event_002,SELF,2018_3396830__event_002,True,1,True
tokyo_280210_relational_between,280210,stress_test,relational_between,1,2018_3396830__event_002,PREVIOUS,2018_3396830__event_001,True,2,True
tokyo_280210_relational_between,280210,stress_test,relational_between,1,2018_3396830__event_002,NEXT,2018_3396830__event_003,True,3,True
tokyo_280210_relational_between,280210,stress_test,relational_between,2,2018_3396806__event_003,SELF,2018_3396806__event_003,True,4,True
tokyo_280210_relational_between,280210,stress_test,relational_between,2,2018_3396806__event_003,PREVIOUS,2018_3396806__event_002,True,5,True
tokyo_280210_relational_between,280210,stress_test,relational_between,2,2018_3396806__event_003,NEXT,2018_3396806__event_004,True,6,True
tokyo_280210_relational_between,280210,stress_test,relational_between,3,2018_3396832__event_001,SELF,2018_3396832__event_001,True,7,True
tokyo_280210_relational_between,280210,stress_test,relational_between,3,2018_3396832__event_001,NEXT,2018_3396832__event_002,True,8,True
tokyo_280210_relational_between,280210,stress_test,relational_between,4,2018_3396837__event_002,SELF,2018_3396837__event_002,True,9,True
tokyo_280210_relational_between,280210,stress_test,relational_between,4,2018_3396837__event_002,PREVIOUS,2018_3396837__event_001,True,10,True
tokyo_280210_relational_between,280210,stress_test,relational_between,4,2018_3396837__event_002,NEXT,2018_3396837__event_003,True,11,True
tokyo_280210_relational_between,280210,stress_test,relational_between,5,2018_3396800__event_003,SELF,2018_3396800__event_003,True,12,True
tokyo_280210_relational_between,280210,stress_test,relational_between,5,2018_3396800__event_003,PREVIOUS,2018_3396800__event_002,True,13,True
tokyo_280210_relational_between,280210,stress_test,relational_between,5,2018_3396800__event_003,NEXT,2018_3396800__event_004,True,14,True
tokyo_281448_relational_between,281448,stress_test,relational_between,1,2018_3403886__event_003,SELF,2018_3403886__event_003,True,1,False
tokyo_281448_relational_between,281448,stress_test,relational_between,1,2018_3403886__event_003,PREVIOUS,2018_3403886__event_002,True,2,False
tokyo_281448_relational_between,281448,stress_test,relational_between,1,2018_3403886__event_003,NEXT,2018_3403886__event_004,True,3,False
tokyo_281448_relational_between,281448,stress_test,relational_between,2,2018_3403834__event_002,SELF,2018_3403834__event_002,True,4,False
tokyo_281448_relational_between,281448,stress_test,relational_between,2,2018_3403834__event_002,PREVIOUS,2018_3403834__event_001,True,5,False
tokyo_281448_relational_between,281448,stress_test,relational_between,2,2018_3403834__event_002,NEXT,2018_3403834__event_003,True,6,False
tokyo_281448_relational_between,281448,stress_test,relational_between,3,2018_3403886__event_002,SELF,2018_3403886__event_002,False,,False
tokyo_281448_relational_between,281448,stress_test,relational_between,3,2018_3403886__event_002,PREVIOUS,2018_3403886__event_001,True,7,False
tokyo_281448_relational_between,281448,stress_test,relational_between,3,2018_3403886__event_002,NEXT,2018_3403886__event_003,False,,False
tokyo_281448_relational_between,281448,stress_test,relational_between,4,2018_3403847__event_001,SELF,2018_3403847__event_001,True,8,False
tokyo_281448_relational_between,281448,stress_test,relational_between,4,2018_3403847__event_001,NEXT,2018_3403847__event_002,True,9,False
tokyo_281448_relational_between,281448,stress_test,relational_between,5,2018_3403886__event_001,SELF,2018_3403886__event_001,False,,False
tokyo_281448_relational_between,281448,stress_test,relational_between,5,2018_3403886__event_001,NEXT,2018_3403886__event_002,False,,False
tokyo_283450_relational_between,283450,stress_test,relational_between,1,2018_3416112__event_002,SELF,2018_3416112__event_002,True,1,True
tokyo_283450_relational_between,283450,stress_test,relational_between,1,2018_3416112__event_002,PREVIOUS,2018_3416112__event_001,True,2,True
tokyo_283450_relational_between,283450,stress_test,relational_between,1,2018_3416112__event_002,NEXT,2018_3416112__event_003,True,3,True
tokyo_283450_relational_between,283450,stress_test,relational_between,2,2018_3416142__event_002,SELF,2018_3416142__event_002,True,4,True
tokyo_283450_relational_between,283450,stress_test,relational_between,2,2018_3416142__event_002,PREVIOUS,2018_3416142__event_001,True,5,True
tokyo_283450_relational_between,283450,stress_test,relational_between,2,2018_3416142__event_002,NEXT,2018_3416142__event_003,True,6,True
tokyo_283450_relational_between,283450,stress_test,relational_between,3,2018_3416140__event_002,SELF,2018_3416140__event_002,True,7,True
tokyo_283450_relational_between,283450,stress_test,relational_between,3,2018_3416140__event_002,PREVIOUS,2018_3416140__event_001,True,8,True
tokyo_283450_relational_between,283450,stress_test,relational_between,3,2018_3416140__event_002,NEXT,2018_3416140__event_003,True,9,True
tokyo_283450_relational_between,283450,stress_test,relational_between,4,2018_3416142__event_005,SELF,2018_3416142__event_005,True,10,True
tokyo_283450_relational_between,283450,stress_test,relational_between,4,2018_3416142__event_005,PREVIOUS,2018_3416142__event_004,True,11,True
tokyo_283450_relational_between,283450,stress_test,relational_between,4,2018_3416142__event_005,NEXT,2018_3416142__event_006,True,12,True
tokyo_283450_relational_between,283450,stress_test,relational_between,5,2018_3416124__event_001,SELF,2018_3416124__event_001,True,13,True
tokyo_283450_relational_between,283450,stress_test,relational_between,5,2018_3416124__event_001,NEXT,2018_3416124__event_002,True,14,True
tokyo_286142_relational_between,286142,stress_test,relational_between,1,2018_3433042__event_002,SELF,2018_3433042__event_002,True,1,False
tokyo_286142_relational_between,286142,stress_test,relational_between,1,2018_3433042__event_002,PREVIOUS,2018_3433042__event_001,True,2,False
tokyo_286142_relational_between,286142,stress_test,relational_between,1,2018_3433042__event_002,NEXT,2018_3433042__event_003,True,3,False
tokyo_286142_relational_between,286142,stress_test,relational_between,2,2018_3433042__event_001,SELF,2018_3433042__event_001,False,,False
tokyo_286142_relational_between,286142,stress_test,relational_between,2,2018_3433042__event_001,NEXT,2018_3433042__event_002,False,,False
tokyo_286142_relational_between,286142,stress_test,relational_between,3,2018_3433040__event_002,SELF,2018_3433040__event_002,True,4,False
tokyo_286142_relational_between,286142,stress_test,relational_between,3,2018_3433040__event_002,PREVIOUS,2018_3433040__event_001,True,5,False
tokyo_286142_relational_between,286142,stress_test,relational_between,4,2018_3433020__event_002,SELF,2018_3433020__event_002,True,6,False
tokyo_286142_relational_between,286142,stress_test,relational_between,4,2018_3433020__event_002,PREVIOUS,2018_3433020__event_001,True,7,False
tokyo_286142_relational_between,286142,stress_test,relational_between,5,2018_3433030__event_001,SELF,2018_3433030__event_001,True,8,False
tokyo_286142_relational_between,286142,stress_test,relational_between,5,2018_3433030__event_001,NEXT,2018_3433030__event_002,True,9,False
tokyo_28664_relational_between,28664,stress_test,relational_between,1,2018_580041__event_002,SELF,2018_580041__event_002,True,1,True
tokyo_28664_relational_between,28664,stress_test,relational_between,1,2018_580041__event_002,PREVIOUS,2018_580041__event_001,True,2,True
tokyo_28664_relational_between,28664,stress_test,relational_between,1,2018_580041__event_002,NEXT,2018_580041__event_003,True,3,True
tokyo_28664_relational_between,28664,stress_test,relational_between,2,2018_580041__event_004,SELF,2018_580041__event_004,True,4,True
tokyo_28664_relational_between,28664,stress_test,relational_between,2,2018_580041__event_004,PREVIOUS,2018_580041__event_003,False,,True
tokyo_28664_relational_between,28664,stress_test,relational_between,2,2018_580041__event_004,NEXT,2018_580041__event_005,True,5,True
tokyo_28664_relational_between,28664,stress_test,relational_between,3,2018_580044__event_004,SELF,2018_580044__event_004,True,6,True
tokyo_28664_relational_between,28664,stress_test,relational_between,3,2018_580044__event_004,PREVIOUS,2018_580044__event_003,True,7,True
tokyo_28664_relational_between,28664,stress_test,relational_between,3,2018_580044__event_004,NEXT,2018_580044__event_005,True,8,True
tokyo_28664_relational_between,28664,stress_test,relational_between,4,2018_580028__event_002,SELF,2018_580028__event_002,True,9,True
tokyo_28664_relational_between,28664,stress_test,relational_between,4,2018_580028__event_002,PREVIOUS,2018_580028__event_001,True,10,True
tokyo_28664_relational_between,28664,stress_test,relational_between,4,2018_580028__event_002,NEXT,2018_580028__event_003,True,11,True
tokyo_28664_relational_between,28664,stress_test,relational_between,5,2018_580044__event_006,SELF,2018_580044__event_006,True,12,True
tokyo_28664_relational_between,28664,stress_test,relational_between,5,2018_580044__event_006,PREVIOUS,2018_580044__event_005,False,,True
tokyo_28664_relational_between,28664,stress_test,relational_between,5,2018_580044__event_006,NEXT,2018_580044__event_007,True,13,True
tokyo_28697_relational_between,28697,stress_test,relational_between,1,2018_580879__event_002,SELF,2018_580879__event_002,True,1,False
tokyo_28697_relational_between,28697,stress_test,relational_between,1,2018_580879__event_002,PREVIOUS,2018_580879__event_001,True,2,False
tokyo_28697_relational_between,28697,stress_test,relational_between,2,2018_580873__event_004,SELF,2018_580873__event_004,True,3,False
tokyo_28697_relational_between,28697,stress_test,relational_between,2,2018_580873__event_004,PREVIOUS,2018_580873__event_003,True,4,False
tokyo_28697_relational_between,28697,stress_test,relational_between,3,2018_580888__event_001,SELF,2018_580888__event_001,True,5,False
tokyo_28697_relational_between,28697,stress_test,relational_between,3,2018_580888__event_001,NEXT,2018_580888__event_002,True,6,False
tokyo_28697_relational_between,28697,stress_test,relational_between,4,2018_580874__event_002,SELF,2018_580874__event_002,True,7,False
tokyo_28697_relational_between,28697,stress_test,relational_between,4,2018_580874__event_002,PREVIOUS,2018_580874__event_001,True,8,False
tokyo_28697_relational_between,28697,stress_test,relational_between,5,2018_580905__event_002,SELF,2018_580905__event_002,True,9,False
tokyo_28697_relational_between,28697,stress_test,relational_between,5,2018_580905__event_002,PREVIOUS,2018_580905__event_001,True,10,False
tokyo_290806_relational_between,290806,stress_test,relational_between,1,2018_3462058__event_001,SELF,2018_3462058__event_001,True,1,False
tokyo_290806_relational_between,290806,stress_test,relational_between,1,2018_3462058__event_001,NEXT,2018_3462058__event_002,True,2,False
tokyo_290806_relational_between,290806,stress_test,relational_between,2,2018_3462063__event_002,SELF,2018_3462063__event_002,True,3,False
tokyo_290806_relational_between,290806,stress_test,relational_between,2,2018_3462063__event_002,PREVIOUS,2018_3462063__event_001,True,4,False
tokyo_290806_relational_between,290806,stress_test,relational_between,3,2018_3462036__event_004,SELF,2018_3462036__event_004,True,5,False
tokyo_290806_relational_between,290806,stress_test,relational_between,3,2018_3462036__event_004,PREVIOUS,2018_3462036__event_003,True,6,False
tokyo_290806_relational_between,290806,stress_test,relational_between,4,2018_3462036__event_003,SELF,2018_3462036__event_003,False,,False
tokyo_290806_relational_between,290806,stress_test,relational_between,4,2018_3462036__event_003,PREVIOUS,2018_3462036__event_002,True,7,False
tokyo_290806_relational_between,290806,stress_test,relational_between,4,2018_3462036__event_003,NEXT,2018_3462036__event_004,False,,False
tokyo_290806_relational_between,290806,stress_test,relational_between,5,2018_3462044__event_001,SELF,2018_3462044__event_001,True,8,False
tokyo_290806_relational_between,290806,stress_test,relational_between,5,2018_3462044__event_001,NEXT,2018_3462044__event_002,True,9,False
tokyo_29501_relational_between,29501,stress_test,relational_between,1,2018_596177__event_002,SELF,2018_596177__event_002,True,1,False
tokyo_29501_relational_between,29501,stress_test,relational_between,1,2018_596177__event_002,PREVIOUS,2018_596177__event_001,True,2,False
tokyo_29501_relational_between,29501,stress_test,relational_between,1,2018_596177__event_002,NEXT,2018_596177__event_003,True,3,False
tokyo_29501_relational_between,29501,stress_test,relational_between,2,2018_596167__event_002,SELF,2018_596167__event_002,True,4,False
tokyo_29501_relational_between,29501,stress_test,relational_between,2,2018_596167__event_002,PREVIOUS,2018_596167__event_001,True,5,False
tokyo_29501_relational_between,29501,stress_test,relational_between,3,2018_596152__event_001,SELF,2018_596152__event_001,True,6,False
tokyo_29501_relational_between,29501,stress_test,relational_between,3,2018_596152__event_001,NEXT,2018_596152__event_002,True,7,False
tokyo_29501_relational_between,29501,stress_test,relational_between,4,2018_596168__event_001,SELF,2018_596168__event_001,True,8,False
tokyo_29501_relational_between,29501,stress_test,relational_between,4,2018_596168__event_001,NEXT,2018_596168__event_002,True,9,False
tokyo_29501_relational_between,29501,stress_test,relational_between,5,2018_596194__event_001,SELF,2018_596194__event_001,True,10,False
tokyo_29501_relational_between,29501,stress_test,relational_between,5,2018_596194__event_001,NEXT,2018_596194__event_002,True,11,False
tokyo_29757_relational_between,29757,stress_test,relational_between,1,2018_601360__event_002,SELF,2018_601360__event_002,True,1,False
tokyo_29757_relational_between,29757,stress_test,relational_between,1,2018_601360__event_002,PREVIOUS,2018_601360__event_001,True,2,False
tokyo_29757_relational_between,29757,stress_test,relational_between,1,2018_601360__event_002,NEXT,2018_601360__event_003,True,3,False
tokyo_29757_relational_between,29757,stress_test,relational_between,2,2018_601365__event_002,SELF,2018_601365__event_002,True,4,False
tokyo_29757_relational_between,29757,stress_test,relational_between,2,2018_601365__event_002,PREVIOUS,2018_601365__event_001,True,5,False
tokyo_29757_relational_between,29757,stress_test,relational_between,2,2018_601365__event_002,NEXT,2018_601365__event_003,True,6,False
tokyo_29757_relational_between,29757,stress_test,relational_between,3,2018_601415__event_001,SELF,2018_601415__event_001,True,7,False
tokyo_29757_relational_between,29757,stress_test,relational_between,3,2018_601415__event_001,NEXT,2018_601415__event_002,True,8,False
tokyo_29757_relational_between,29757,stress_test,relational_between,4,2018_601408__event_001,SELF,2018_601408__event_001,True,9,False
tokyo_29757_relational_between,29757,stress_test,relational_between,4,2018_601408__event_001,NEXT,2018_601408__event_002,True,10,False
tokyo_29757_relational_between,29757,stress_test,relational_between,5,2018_601438__event_001,SELF,2018_601438__event_001,True,11,False
tokyo_29757_relational_between,29757,stress_test,relational_between,5,2018_601438__event_001,NEXT,2018_601438__event_002,True,12,False
tokyo_29764_relational_between,29764,stress_test,relational_between,1,2018_601479__event_002,SELF,2018_601479__event_002,True,1,False
tokyo_29764_relational_between,29764,stress_test,relational_between,1,2018_601479__event_002,PREVIOUS,2018_601479__event_001,True,2,False
tokyo_29764_relational_between,29764,stress_test,relational_between,1,2018_601479__event_002,NEXT,2018_601479__event_003,True,3,False
tokyo_29764_relational_between,29764,stress_test,relational_between,2,2018_601542__event_001,SELF,2018_601542__event_001,True,4,False
tokyo_29764_relational_between,29764,stress_test,relational_between,2,2018_601542__event_001,NEXT,2018_601542__event_002,True,5,False
tokyo_29764_relational_between,29764,stress_test,relational_between,3,2018_601559__event_001,SELF,2018_601559__event_001,True,6,False
tokyo_29764_relational_between,29764,stress_test,relational_between,3,2018_601559__event_001,NEXT,2018_601559__event_002,True,7,False
tokyo_29764_relational_between,29764,stress_test,relational_between,4,2018_601487__event_001,SELF,2018_601487__event_001,True,8,False
tokyo_29764_relational_between,29764,stress_test,relational_between,4,2018_601487__event_001,NEXT,2018_601487__event_002,True,9,False
tokyo_29764_relational_between,29764,stress_test,relational_between,5,2018_601633__event_001,SELF,2018_601633__event_001,True,10,False
tokyo_29764_relational_between,29764,stress_test,relational_between,5,2018_601633__event_001,NEXT,2018_601633__event_002,True,11,False
tokyo_31204_relational_between,31204,stress_test,relational_between,1,2018_631703__event_002,SELF,2018_631703__event_002,True,1,False
tokyo_31204_relational_between,31204,stress_test,relational_between,1,2018_631703__event_002,PREVIOUS,2018_631703__event_001,True,2,False
tokyo_31204_relational_between,31204,stress_test,relational_between,1,2018_631703__event_002,NEXT,2018_631703__event_003,True,3,False
tokyo_31204_relational_between,31204,stress_test,relational_between,2,2018_631703__event_003,SELF,2018_631703__event_003,False,,False
tokyo_31204_relational_between,31204,stress_test,relational_between,2,2018_631703__event_003,PREVIOUS,2018_631703__event_002,False,,False
tokyo_31204_relational_between,31204,stress_test,relational_between,3,2018_631691__event_001,SELF,2018_631691__event_001,True,4,False
tokyo_31204_relational_between,31204,stress_test,relational_between,3,2018_631691__event_001,NEXT,2018_631691__event_002,True,5,False
tokyo_31204_relational_between,31204,stress_test,relational_between,4,2018_631691__event_002,SELF,2018_631691__event_002,False,,False
tokyo_31204_relational_between,31204,stress_test,relational_between,4,2018_631691__event_002,PREVIOUS,2018_631691__event_001,False,,False
tokyo_31204_relational_between,31204,stress_test,relational_between,5,2018_631604__event_002,SELF,2018_631604__event_002,True,6,False
tokyo_31204_relational_between,31204,stress_test,relational_between,5,2018_631604__event_002,PREVIOUS,2018_631604__event_001,True,7,False
tokyo_32545_relational_between,32545,stress_test,relational_between,1,2018_661942__event_002,SELF,2018_661942__event_002,True,1,True
tokyo_32545_relational_between,32545,stress_test,relational_between,1,2018_661942__event_002,PREVIOUS,2018_661942__event_001,True,2,True
tokyo_32545_relational_between,32545,stress_test,relational_between,1,2018_661942__event_002,NEXT,2018_661942__event_003,True,3,True
tokyo_32545_relational_between,32545,stress_test,relational_between,2,2018_661966__event_002,SELF,2018_661966__event_002,True,4,True
tokyo_32545_relational_between,32545,stress_test,relational_between,2,2018_661966__event_002,PREVIOUS,2018_661966__event_001,True,5,True
tokyo_32545_relational_between,32545,stress_test,relational_between,3,2018_661937__event_001,SELF,2018_661937__event_001,True,6,True
tokyo_32545_relational_between,32545,stress_test,relational_between,3,2018_661937__event_001,NEXT,2018_661937__event_002,True,7,True
tokyo_32545_relational_between,32545,stress_test,relational_between,4,2018_661952__event_003,SELF,2018_661952__event_003,True,8,True
tokyo_32545_relational_between,32545,stress_test,relational_between,4,2018_661952__event_003,PREVIOUS,2018_661952__event_002,True,9,True
tokyo_32545_relational_between,32545,stress_test,relational_between,4,2018_661952__event_003,NEXT,2018_661952__event_004,True,10,True
tokyo_32545_relational_between,32545,stress_test,relational_between,5,2018_661988__event_003,SELF,2018_661988__event_003,True,11,True
tokyo_32545_relational_between,32545,stress_test,relational_between,5,2018_661988__event_003,PREVIOUS,2018_661988__event_002,True,12,True
tokyo_325605_relational_between,325605,stress_test,relational_between,1,2018_3674427__event_002,SELF,2018_3674427__event_002,True,1,True
tokyo_325605_relational_between,325605,stress_test,relational_between,1,2018_3674427__event_002,PREVIOUS,2018_3674427__event_001,True,2,True
tokyo_325605_relational_between,325605,stress_test,relational_between,1,2018_3674427__event_002,NEXT,2018_3674427__event_003,True,3,True
tokyo_325605_relational_between,325605,stress_test,relational_between,2,2018_3674455__event_001,SELF,2018_3674455__event_001,True,4,True
tokyo_325605_relational_between,325605,stress_test,relational_between,2,2018_3674455__event_001,NEXT,2018_3674455__event_002,True,5,True
tokyo_325605_relational_between,325605,stress_test,relational_between,3,2018_3674422__event_001,SELF,2018_3674422__event_001,True,6,True
tokyo_325605_relational_between,325605,stress_test,relational_between,3,2018_3674422__event_001,NEXT,2018_3674422__event_002,True,7,True
tokyo_325605_relational_between,325605,stress_test,relational_between,4,2018_3674408__event_002,SELF,2018_3674408__event_002,True,8,True
tokyo_325605_relational_between,325605,stress_test,relational_between,4,2018_3674408__event_002,PREVIOUS,2018_3674408__event_001,True,9,True
tokyo_325605_relational_between,325605,stress_test,relational_between,5,2018_3674480__event_002,SELF,2018_3674480__event_002,True,10,True
tokyo_325605_relational_between,325605,stress_test,relational_between,5,2018_3674480__event_002,PREVIOUS,2018_3674480__event_001,True,11,True
tokyo_325605_relational_between,325605,stress_test,relational_between,5,2018_3674480__event_002,NEXT,2018_3674480__event_003,True,12,True
tokyo_328941_relational_between,328941,stress_test,relational_between,1,2018_3694438__event_001,SELF,2018_3694438__event_001,True,1,False
tokyo_328941_relational_between,328941,stress_test,relational_between,1,2018_3694438__event_001,NEXT,2018_3694438__event_002,True,2,False
tokyo_328941_relational_between,328941,stress_test,relational_between,2,2018_3694436__event_003,SELF,2018_3694436__event_003,True,3,False
tokyo_328941_relational_between,328941,stress_test,relational_between,2,2018_3694436__event_003,PREVIOUS,2018_3694436__event_002,True,4,False
tokyo_328941_relational_between,328941,stress_test,relational_between,3,2018_3694436__event_002,SELF,2018_3694436__event_002,False,,False
tokyo_328941_relational_between,328941,stress_test,relational_between,3,2018_3694436__event_002,PREVIOUS,2018_3694436__event_001,True,5,False
tokyo_328941_relational_between,328941,stress_test,relational_between,3,2018_3694436__event_002,NEXT,2018_3694436__event_003,False,,False
tokyo_328941_relational_between,328941,stress_test,relational_between,4,2018_3694439__event_001,SELF,2018_3694439__event_001,True,6,False
tokyo_328941_relational_between,328941,stress_test,relational_between,4,2018_3694439__event_001,NEXT,2018_3694439__event_002,True,7,False
tokyo_328941_relational_between,328941,stress_test,relational_between,5,2018_3694430__event_001,SELF,2018_3694430__event_001,True,8,False
tokyo_328941_relational_between,328941,stress_test,relational_between,5,2018_3694430__event_001,NEXT,2018_3694430__event_002,True,9,False
tokyo_339444_relational_between,339444,stress_test,relational_between,1,2018_3757165__event_004,SELF,2018_3757165__event_004,True,1,False
tokyo_339444_relational_between,339444,stress_test,relational_between,1,2018_3757165__event_004,PREVIOUS,2018_3757165__event_003,True,2,False
tokyo_339444_relational_between,339444,stress_test,relational_between,1,2018_3757165__event_004,NEXT,2018_3757165__event_005,True,3,False
tokyo_339444_relational_between,339444,stress_test,relational_between,2,2018_3757175__event_001,SELF,2018_3757175__event_001,True,4,False
tokyo_339444_relational_between,339444,stress_test,relational_between,2,2018_3757175__event_001,NEXT,2018_3757175__event_002,True,5,False
tokyo_339444_relational_between,339444,stress_test,relational_between,3,2018_3757165__event_005,SELF,2018_3757165__event_005,False,,False
tokyo_339444_relational_between,339444,stress_test,relational_between,3,2018_3757165__event_005,PREVIOUS,2018_3757165__event_004,False,,False
tokyo_339444_relational_between,339444,stress_test,relational_between,3,2018_3757165__event_005,NEXT,2018_3757165__event_006,True,6,False
tokyo_339444_relational_between,339444,stress_test,relational_between,4,2018_3757169__event_001,SELF,2018_3757169__event_001,True,7,False
tokyo_339444_relational_between,339444,stress_test,relational_between,4,2018_3757169__event_001,NEXT,2018_3757169__event_002,True,8,False
tokyo_339444_relational_between,339444,stress_test,relational_between,5,2018_3757165__event_007,SELF,2018_3757165__event_007,True,9,False
tokyo_339444_relational_between,339444,stress_test,relational_between,5,2018_3757165__event_007,PREVIOUS,2018_3757165__event_006,False,,False
tokyo_339444_relational_between,339444,stress_test,relational_between,5,2018_3757165__event_007,NEXT,2018_3757165__event_008,True,10,False
tokyo_342180_relational_between,342180,stress_test,relational_between,1,2018_3773299__event_002,SELF,2018_3773299__event_002,True,1,True
tokyo_342180_relational_between,342180,stress_test,relational_between,1,2018_3773299__event_002,PREVIOUS,2018_3773299__event_001,True,2,True
tokyo_342180_relational_between,342180,stress_test,relational_between,1,2018_3773299__event_002,NEXT,2018_3773299__event_003,True,3,True
tokyo_342180_relational_between,342180,stress_test,relational_between,2,2018_3773318__event_001,SELF,2018_3773318__event_001,True,4,True
tokyo_342180_relational_between,342180,stress_test,relational_between,2,2018_3773318__event_001,NEXT,2018_3773318__event_002,True,5,True
tokyo_342180_relational_between,342180,stress_test,relational_between,3,2018_3773299__event_003,SELF,2018_3773299__event_003,False,,True
tokyo_342180_relational_between,342180,stress_test,relational_between,3,2018_3773299__event_003,PREVIOUS,2018_3773299__event_002,False,,True
tokyo_342180_relational_between,342180,stress_test,relational_between,4,2018_3773299__event_001,SELF,2018_3773299__event_001,False,,True
tokyo_342180_relational_between,342180,stress_test,relational_between,4,2018_3773299__event_001,NEXT,2018_3773299__event_002,False,,True
tokyo_342180_relational_between,342180,stress_test,relational_between,5,2018_3773313__event_001,SELF,2018_3773313__event_001,True,6,True
tokyo_342180_relational_between,342180,stress_test,relational_between,5,2018_3773313__event_001,NEXT,2018_3773313__event_002,True,7,True
tokyo_34258_relational_between,34258,stress_test,relational_between,1,2018_698482__event_003,SELF,2018_698482__event_003,True,1,False
tokyo_34258_relational_between,34258,stress_test,relational_between,1,2018_698482__event_003,PREVIOUS,2018_698482__event_002,True,2,False
tokyo_34258_relational_between,34258,stress_test,relational_between,1,2018_698482__event_003,NEXT,2018_698482__event_004,True,3,False
tokyo_34258_relational_between,34258,stress_test,relational_between,2,2018_698472__event_007,SELF,2018_698472__event_007,True,4,False
tokyo_34258_relational_between,34258,stress_test,relational_between,2,2018_698472__event_007,PREVIOUS,2018_698472__event_006,True,5,False
tokyo_34258_relational_between,34258,stress_test,relational_between,2,2018_698472__event_007,NEXT,2018_698472__event_008,True,6,False
tokyo_34258_relational_between,34258,stress_test,relational_between,3,2018_698472__event_009,SELF,2018_698472__event_009,True,7,False
tokyo_34258_relational_between,34258,stress_test,relational_between,3,2018_698472__event_009,PREVIOUS,2018_698472__event_008,False,,False
tokyo_34258_relational_between,34258,stress_test,relational_between,3,2018_698472__event_009,NEXT,2018_698472__event_010,True,8,False
tokyo_34258_relational_between,34258,stress_test,relational_between,4,2018_698467__event_003,SELF,2018_698467__event_003,True,9,False
tokyo_34258_relational_between,34258,stress_test,relational_between,4,2018_698467__event_003,PREVIOUS,2018_698467__event_002,True,10,False
tokyo_34258_relational_between,34258,stress_test,relational_between,4,2018_698467__event_003,NEXT,2018_698467__event_004,True,11,False
tokyo_34258_relational_between,34258,stress_test,relational_between,5,2018_698482__event_005,SELF,2018_698482__event_005,True,12,False
tokyo_34258_relational_between,34258,stress_test,relational_between,5,2018_698482__event_005,PREVIOUS,2018_698482__event_004,False,,False
tokyo_348059_relational_between,348059,stress_test,relational_between,1,2018_3807517__event_004,SELF,2018_3807517__event_004,True,1,False
tokyo_348059_relational_between,348059,stress_test,relational_between,1,2018_3807517__event_004,PREVIOUS,2018_3807517__event_003,True,2,False
tokyo_348059_relational_between,348059,stress_test,relational_between,1,2018_3807517__event_004,NEXT,2018_3807517__event_005,True,3,False
tokyo_348059_relational_between,348059,stress_test,relational_between,2,2018_3807517__event_005,SELF,2018_3807517__event_005,False,,False
tokyo_348059_relational_between,348059,stress_test,relational_between,2,2018_3807517__event_005,PREVIOUS,2018_3807517__event_004,False,,False
tokyo_348059_relational_between,348059,stress_test,relational_between,3,2018_3807506__event_003,SELF,2018_3807506__event_003,True,4,False
tokyo_348059_relational_between,348059,stress_test,relational_between,3,2018_3807506__event_003,PREVIOUS,2018_3807506__event_002,True,5,False
tokyo_348059_relational_between,348059,stress_test,relational_between,3,2018_3807506__event_003,NEXT,2018_3807506__event_004,True,6,False
tokyo_348059_relational_between,348059,stress_test,relational_between,4,2018_3807517__event_003,SELF,2018_3807517__event_003,False,,False
tokyo_348059_relational_between,348059,stress_test,relational_between,4,2018_3807517__event_003,PREVIOUS,2018_3807517__event_002,True,7,False
tokyo_348059_relational_between,348059,stress_test,relational_between,4,2018_3807517__event_003,NEXT,2018_3807517__event_004,False,,False
tokyo_348059_relational_between,348059,stress_test,relational_between,5,2018_3807516__event_006,SELF,2018_3807516__event_006,True,8,False
tokyo_348059_relational_between,348059,stress_test,relational_between,5,2018_3807516__event_006,PREVIOUS,2018_3807516__event_005,True,9,False
tokyo_350248_relational_between,350248,stress_test,relational_between,1,2018_3820543__event_001,SELF,2018_3820543__event_001,True,1,True
tokyo_350248_relational_between,350248,stress_test,relational_between,1,2018_3820543__event_001,NEXT,2018_3820543__event_002,True,2,True
tokyo_350248_relational_between,350248,stress_test,relational_between,2,2018_3820524__event_002,SELF,2018_3820524__event_002,True,3,True
tokyo_350248_relational_between,350248,stress_test,relational_between,2,2018_3820524__event_002,PREVIOUS,2018_3820524__event_001,True,4,True
tokyo_350248_relational_between,350248,stress_test,relational_between,2,2018_3820524__event_002,NEXT,2018_3820524__event_003,True,5,True
tokyo_350248_relational_between,350248,stress_test,relational_between,3,2018_3820543__event_002,SELF,2018_3820543__event_002,False,,True
tokyo_350248_relational_between,350248,stress_test,relational_between,3,2018_3820543__event_002,PREVIOUS,2018_3820543__event_001,False,,True
tokyo_350248_relational_between,350248,stress_test,relational_between,4,2018_3820524__event_003,SELF,2018_3820524__event_003,False,,True
tokyo_350248_relational_between,350248,stress_test,relational_between,4,2018_3820524__event_003,PREVIOUS,2018_3820524__event_002,False,,True
tokyo_350248_relational_between,350248,stress_test,relational_between,4,2018_3820524__event_003,NEXT,2018_3820524__event_004,True,6,True
tokyo_350248_relational_between,350248,stress_test,relational_between,5,2018_3820535__event_002,SELF,2018_3820535__event_002,True,7,True
tokyo_350248_relational_between,350248,stress_test,relational_between,5,2018_3820535__event_002,PREVIOUS,2018_3820535__event_001,True,8,True
tokyo_350248_relational_between,350248,stress_test,relational_between,5,2018_3820535__event_002,NEXT,2018_3820535__event_003,True,9,True
tokyo_356419_relational_between,356419,stress_test,relational_between,1,2018_3855574__event_003,SELF,2018_3855574__event_003,True,1,False
tokyo_356419_relational_between,356419,stress_test,relational_between,1,2018_3855574__event_003,PREVIOUS,2018_3855574__event_002,True,2,False
tokyo_356419_relational_between,356419,stress_test,relational_between,1,2018_3855574__event_003,NEXT,2018_3855574__event_004,True,3,False
tokyo_356419_relational_between,356419,stress_test,relational_between,2,2018_3855579__event_001,SELF,2018_3855579__event_001,True,4,False
tokyo_356419_relational_between,356419,stress_test,relational_between,2,2018_3855579__event_001,NEXT,2018_3855579__event_002,True,5,False
tokyo_356419_relational_between,356419,stress_test,relational_between,3,2018_3855574__event_002,SELF,2018_3855574__event_002,False,,False
tokyo_356419_relational_between,356419,stress_test,relational_between,3,2018_3855574__event_002,PREVIOUS,2018_3855574__event_001,True,6,False
tokyo_356419_relational_between,356419,stress_test,relational_between,3,2018_3855574__event_002,NEXT,2018_3855574__event_003,False,,False
tokyo_356419_relational_between,356419,stress_test,relational_between,4,2018_3855582__event_001,SELF,2018_3855582__event_001,True,7,False
tokyo_356419_relational_between,356419,stress_test,relational_between,4,2018_3855582__event_001,NEXT,2018_3855582__event_002,True,8,False
tokyo_356419_relational_between,356419,stress_test,relational_between,5,2018_3855574__event_004,SELF,2018_3855574__event_004,False,,False
tokyo_356419_relational_between,356419,stress_test,relational_between,5,2018_3855574__event_004,PREVIOUS,2018_3855574__event_003,False,,False
tokyo_356419_relational_between,356419,stress_test,relational_between,5,2018_3855574__event_004,NEXT,2018_3855574__event_005,True,9,False
tokyo_35718_relational_between,35718,stress_test,relational_between,1,2018_727134__event_002,SELF,2018_727134__event_002,True,1,False
tokyo_35718_relational_between,35718,stress_test,relational_between,1,2018_727134__event_002,PREVIOUS,2018_727134__event_001,True,2,False
tokyo_35718_relational_between,35718,stress_test,relational_between,1,2018_727134__event_002,NEXT,2018_727134__event_003,True,3,False
tokyo_35718_relational_between,35718,stress_test,relational_between,2,2018_727097__event_002,SELF,2018_727097__event_002,True,4,False
tokyo_35718_relational_between,35718,stress_test,relational_between,2,2018_727097__event_002,PREVIOUS,2018_727097__event_001,True,5,False
tokyo_35718_relational_between,35718,stress_test,relational_between,3,2018_727114__event_002,SELF,2018_727114__event_002,True,6,False
tokyo_35718_relational_between,35718,stress_test,relational_between,3,2018_727114__event_002,PREVIOUS,2018_727114__event_001,True,7,False
tokyo_35718_relational_between,35718,stress_test,relational_between,4,2018_727132__event_002,SELF,2018_727132__event_002,True,8,False
tokyo_35718_relational_between,35718,stress_test,relational_between,4,2018_727132__event_002,PREVIOUS,2018_727132__event_001,True,9,False
tokyo_35718_relational_between,35718,stress_test,relational_between,5,2018_727134__event_003,SELF,2018_727134__event_003,False,,False
tokyo_35718_relational_between,35718,stress_test,relational_between,5,2018_727134__event_003,PREVIOUS,2018_727134__event_002,False,,False
tokyo_362630_relational_between,362630,stress_test,relational_between,1,2018_3889075__event_002,SELF,2018_3889075__event_002,True,1,False
tokyo_362630_relational_between,362630,stress_test,relational_between,1,2018_3889075__event_002,PREVIOUS,2018_3889075__event_001,True,2,False
tokyo_362630_relational_between,362630,stress_test,relational_between,1,2018_3889075__event_002,NEXT,2018_3889075__event_003,True,3,False
tokyo_362630_relational_between,362630,stress_test,relational_between,2,2018_3889098__event_002,SELF,2018_3889098__event_002,True,4,False
tokyo_362630_relational_between,362630,stress_test,relational_between,2,2018_3889098__event_002,PREVIOUS,2018_3889098__event_001,True,5,False
tokyo_362630_relational_between,362630,stress_test,relational_between,3,2018_3889096__event_002,SELF,2018_3889096__event_002,True,6,False
tokyo_362630_relational_between,362630,stress_test,relational_between,3,2018_3889096__event_002,PREVIOUS,2018_3889096__event_001,True,7,False
tokyo_362630_relational_between,362630,stress_test,relational_between,4,2018_3889086__event_002,SELF,2018_3889086__event_002,True,8,False
tokyo_362630_relational_between,362630,stress_test,relational_between,4,2018_3889086__event_002,PREVIOUS,2018_3889086__event_001,True,9,False
tokyo_362630_relational_between,362630,stress_test,relational_between,4,2018_3889086__event_002,NEXT,2018_3889086__event_003,True,10,False
tokyo_362630_relational_between,362630,stress_test,relational_between,5,2018_3889072__event_002,SELF,2018_3889072__event_002,True,11,False
tokyo_362630_relational_between,362630,stress_test,relational_between,5,2018_3889072__event_002,PREVIOUS,2018_3889072__event_001,True,12,False
tokyo_36487_relational_between,36487,stress_test,relational_between,1,2018_741725__event_003,SELF,2018_741725__event_003,True,1,False
tokyo_36487_relational_between,36487,stress_test,relational_between,1,2018_741725__event_003,PREVIOUS,2018_741725__event_002,True,2,False
tokyo_36487_relational_between,36487,stress_test,relational_between,1,2018_741725__event_003,NEXT,2018_741725__event_004,True,3,False
tokyo_36487_relational_between,36487,stress_test,relational_between,2,2018_741716__event_001,SELF,2018_741716__event_001,True,4,False
tokyo_36487_relational_between,36487,stress_test,relational_between,2,2018_741716__event_001,NEXT,2018_741716__event_002,True,5,False
tokyo_36487_relational_between,36487,stress_test,relational_between,3,2018_741720__event_002,SELF,2018_741720__event_002,True,6,False
tokyo_36487_relational_between,36487,stress_test,relational_between,3,2018_741720__event_002,PREVIOUS,2018_741720__event_001,True,7,False
tokyo_36487_relational_between,36487,stress_test,relational_between,4,2018_741712__event_006,SELF,2018_741712__event_006,True,8,False
tokyo_36487_relational_between,36487,stress_test,relational_between,4,2018_741712__event_006,PREVIOUS,2018_741712__event_005,True,9,False
tokyo_36487_relational_between,36487,stress_test,relational_between,5,2018_741722__event_002,SELF,2018_741722__event_002,True,10,False
tokyo_36487_relational_between,36487,stress_test,relational_between,5,2018_741722__event_002,PREVIOUS,2018_741722__event_001,True,11,False
tokyo_36487_relational_between,36487,stress_test,relational_between,5,2018_741722__event_002,NEXT,2018_741722__event_003,True,12,False
tokyo_365381_relational_between,365381,stress_test,relational_between,1,2018_3903075__event_002,SELF,2018_3903075__event_002,True,1,False
tokyo_365381_relational_between,365381,stress_test,relational_between,1,2018_3903075__event_002,PREVIOUS,2018_3903075__event_001,True,2,False
tokyo_365381_relational_between,365381,stress_test,relational_between,1,2018_3903075__event_002,NEXT,2018_3903075__event_003,True,3,False
tokyo_365381_relational_between,365381,stress_test,relational_between,2,2018_3903075__event_001,SELF,2018_3903075__event_001,False,,False
tokyo_365381_relational_between,365381,stress_test,relational_between,2,2018_3903075__event_001,NEXT,2018_3903075__event_002,False,,False
tokyo_365381_relational_between,365381,stress_test,relational_between,3,2018_3903071__event_001,SELF,2018_3903071__event_001,True,4,False
tokyo_365381_relational_between,365381,stress_test,relational_between,3,2018_3903071__event_001,NEXT,2018_3903071__event_002,True,5,False
tokyo_365381_relational_between,365381,stress_test,relational_between,4,2018_3903074__event_001,SELF,2018_3903074__event_001,True,6,False
tokyo_365381_relational_between,365381,stress_test,relational_between,4,2018_3903074__event_001,NEXT,2018_3903074__event_002,True,7,False
tokyo_365381_relational_between,365381,stress_test,relational_between,5,2018_3903079__event_002,SELF,2018_3903079__event_002,True,8,False
tokyo_365381_relational_between,365381,stress_test,relational_between,5,2018_3903079__event_002,PREVIOUS,2018_3903079__event_001,True,9,False
tokyo_41088_relational_between,41088,stress_test,relational_between,1,2018_831017__event_002,SELF,2018_831017__event_002,True,1,True
tokyo_41088_relational_between,41088,stress_test,relational_between,1,2018_831017__event_002,PREVIOUS,2018_831017__event_001,True,2,True
tokyo_41088_relational_between,41088,stress_test,relational_between,1,2018_831017__event_002,NEXT,2018_831017__event_003,True,3,True
tokyo_41088_relational_between,41088,stress_test,relational_between,2,2018_830970__event_001,SELF,2018_830970__event_001,True,4,True
tokyo_41088_relational_between,41088,stress_test,relational_between,2,2018_830970__event_001,NEXT,2018_830970__event_002,True,5,True
tokyo_41088_relational_between,41088,stress_test,relational_between,3,2018_830987__event_002,SELF,2018_830987__event_002,True,6,True
tokyo_41088_relational_between,41088,stress_test,relational_between,3,2018_830987__event_002,PREVIOUS,2018_830987__event_001,True,7,True
tokyo_41088_relational_between,41088,stress_test,relational_between,3,2018_830987__event_002,NEXT,2018_830987__event_003,True,8,True
tokyo_41088_relational_between,41088,stress_test,relational_between,4,2018_830981__event_002,SELF,2018_830981__event_002,True,9,True
tokyo_41088_relational_between,41088,stress_test,relational_between,4,2018_830981__event_002,PREVIOUS,2018_830981__event_001,True,10,True
tokyo_41088_relational_between,41088,stress_test,relational_between,4,2018_830981__event_002,NEXT,2018_830981__event_003,True,11,True
tokyo_41088_relational_between,41088,stress_test,relational_between,5,2018_830978__event_002,SELF,2018_830978__event_002,True,12,True
tokyo_41088_relational_between,41088,stress_test,relational_between,5,2018_830978__event_002,PREVIOUS,2018_830978__event_001,True,13,True
tokyo_41088_relational_between,41088,stress_test,relational_between,5,2018_830978__event_002,NEXT,2018_830978__event_003,True,14,True
tokyo_42282_relational_between,42282,stress_test,relational_between,1,2018_852454__event_002,SELF,2018_852454__event_002,True,1,False
tokyo_42282_relational_between,42282,stress_test,relational_between,1,2018_852454__event_002,PREVIOUS,2018_852454__event_001,True,2,False
tokyo_42282_relational_between,42282,stress_test,relational_between,1,2018_852454__event_002,NEXT,2018_852454__event_003,True,3,False
tokyo_42282_relational_between,42282,stress_test,relational_between,2,2018_852473__event_002,SELF,2018_852473__event_002,True,4,False
tokyo_42282_relational_between,42282,stress_test,relational_between,2,2018_852473__event_002,PREVIOUS,2018_852473__event_001,True,5,False
tokyo_42282_relational_between,42282,stress_test,relational_between,3,2018_852486__event_001,SELF,2018_852486__event_001,True,6,False
tokyo_42282_relational_between,42282,stress_test,relational_between,3,2018_852486__event_001,NEXT,2018_852486__event_002,True,7,False
tokyo_42282_relational_between,42282,stress_test,relational_between,4,2018_852486__event_002,SELF,2018_852486__event_002,False,,False
tokyo_42282_relational_between,42282,stress_test,relational_between,4,2018_852486__event_002,PREVIOUS,2018_852486__event_001,False,,False
tokyo_42282_relational_between,42282,stress_test,relational_between,5,2018_852441__event_002,SELF,2018_852441__event_002,True,8,False
tokyo_42282_relational_between,42282,stress_test,relational_between,5,2018_852441__event_002,PREVIOUS,2018_852441__event_001,True,9,False
tokyo_44616_relational_between,44616,stress_test,relational_between,1,2018_895859__event_004,SELF,2018_895859__event_004,True,1,False
tokyo_44616_relational_between,44616,stress_test,relational_between,1,2018_895859__event_004,PREVIOUS,2018_895859__event_003,True,2,False
tokyo_44616_relational_between,44616,stress_test,relational_between,1,2018_895859__event_004,NEXT,2018_895859__event_005,True,3,False
tokyo_44616_relational_between,44616,stress_test,relational_between,2,2018_895858__event_002,SELF,2018_895858__event_002,True,4,False
tokyo_44616_relational_between,44616,stress_test,relational_between,2,2018_895858__event_002,PREVIOUS,2018_895858__event_001,True,5,False
tokyo_44616_relational_between,44616,stress_test,relational_between,2,2018_895858__event_002,NEXT,2018_895858__event_003,True,6,False
tokyo_44616_relational_between,44616,stress_test,relational_between,3,2018_895859__event_002,SELF,2018_895859__event_002,True,7,False
tokyo_44616_relational_between,44616,stress_test,relational_between,3,2018_895859__event_002,PREVIOUS,2018_895859__event_001,True,8,False
tokyo_44616_relational_between,44616,stress_test,relational_between,3,2018_895859__event_002,NEXT,2018_895859__event_003,False,,False
tokyo_44616_relational_between,44616,stress_test,relational_between,4,2018_895860__event_001,SELF,2018_895860__event_001,True,9,False
tokyo_44616_relational_between,44616,stress_test,relational_between,4,2018_895860__event_001,NEXT,2018_895860__event_002,True,10,False
tokyo_44616_relational_between,44616,stress_test,relational_between,5,2018_895857__event_001,SELF,2018_895857__event_001,True,11,False
tokyo_44616_relational_between,44616,stress_test,relational_between,5,2018_895857__event_001,NEXT,2018_895857__event_002,True,12,False
tokyo_45189_relational_between,45189,stress_test,relational_between,1,2018_907314__event_002,SELF,2018_907314__event_002,True,1,False
tokyo_45189_relational_between,45189,stress_test,relational_between,1,2018_907314__event_002,PREVIOUS,2018_907314__event_001,True,2,False
tokyo_45189_relational_between,45189,stress_test,relational_between,1,2018_907314__event_002,NEXT,2018_907314__event_003,True,3,False
tokyo_45189_relational_between,45189,stress_test,relational_between,2,2018_907314__event_001,SELF,2018_907314__event_001,False,,False
tokyo_45189_relational_between,45189,stress_test,relational_between,2,2018_907314__event_001,NEXT,2018_907314__event_002,False,,False
tokyo_45189_relational_between,45189,stress_test,relational_between,3,2018_907299__event_002,SELF,2018_907299__event_002,True,4,False
tokyo_45189_relational_between,45189,stress_test,relational_between,3,2018_907299__event_002,PREVIOUS,2018_907299__event_001,True,5,False
tokyo_45189_relational_between,45189,stress_test,relational_between,4,2018_907304__event_001,SELF,2018_907304__event_001,True,6,False
tokyo_45189_relational_between,45189,stress_test,relational_between,4,2018_907304__event_001,NEXT,2018_907304__event_002,True,7,False
tokyo_45189_relational_between,45189,stress_test,relational_between,5,2018_907304__event_002,SELF,2018_907304__event_002,False,,False
tokyo_45189_relational_between,45189,stress_test,relational_between,5,2018_907304__event_002,PREVIOUS,2018_907304__event_001,False,,False
tokyo_45205_relational_between,45205,stress_test,relational_between,1,2018_907520__event_001,SELF,2018_907520__event_001,True,1,True
tokyo_45205_relational_between,45205,stress_test,relational_between,1,2018_907520__event_001,NEXT,2018_907520__event_002,True,2,True
tokyo_45205_relational_between,45205,stress_test,relational_between,2,2018_907488__event_002,SELF,2018_907488__event_002,True,3,True
tokyo_45205_relational_between,45205,stress_test,relational_between,2,2018_907488__event_002,PREVIOUS,2018_907488__event_001,True,4,True
tokyo_45205_relational_between,45205,stress_test,relational_between,2,2018_907488__event_002,NEXT,2018_907488__event_003,True,5,True
tokyo_45205_relational_between,45205,stress_test,relational_between,3,2018_907492__event_002,SELF,2018_907492__event_002,True,6,True
tokyo_45205_relational_between,45205,stress_test,relational_between,3,2018_907492__event_002,PREVIOUS,2018_907492__event_001,True,7,True
tokyo_45205_relational_between,45205,stress_test,relational_between,3,2018_907492__event_002,NEXT,2018_907492__event_003,True,8,True
tokyo_45205_relational_between,45205,stress_test,relational_between,4,2018_907559__event_005,SELF,2018_907559__event_005,True,9,True
tokyo_45205_relational_between,45205,stress_test,relational_between,4,2018_907559__event_005,PREVIOUS,2018_907559__event_004,True,10,True
tokyo_45205_relational_between,45205,stress_test,relational_between,4,2018_907559__event_005,NEXT,2018_907559__event_006,True,11,True
tokyo_45205_relational_between,45205,stress_test,relational_between,5,2018_907579__event_004,SELF,2018_907579__event_004,True,12,True
tokyo_45205_relational_between,45205,stress_test,relational_between,5,2018_907579__event_004,PREVIOUS,2018_907579__event_003,True,13,True
tokyo_45205_relational_between,45205,stress_test,relational_between,5,2018_907579__event_004,NEXT,2018_907579__event_005,True,14,True
tokyo_50046_relational_between,50046,stress_test,relational_between,1,2018_1004024__event_002,SELF,2018_1004024__event_002,True,1,True
tokyo_50046_relational_between,50046,stress_test,relational_between,1,2018_1004024__event_002,PREVIOUS,2018_1004024__event_001,True,2,True
tokyo_50046_relational_between,50046,stress_test,relational_between,1,2018_1004024__event_002,NEXT,2018_1004024__event_003,True,3,True
tokyo_50046_relational_between,50046,stress_test,relational_between,2,2018_1004003__event_002,SELF,2018_1004003__event_002,True,4,True
tokyo_50046_relational_between,50046,stress_test,relational_between,2,2018_1004003__event_002,PREVIOUS,2018_1004003__event_001,True,5,True
tokyo_50046_relational_between,50046,stress_test,relational_between,3,2018_1004024__event_003,SELF,2018_1004024__event_003,False,,True
tokyo_50046_relational_between,50046,stress_test,relational_between,3,2018_1004024__event_003,PREVIOUS,2018_1004024__event_002,False,,True
tokyo_50046_relational_between,50046,stress_test,relational_between,4,2018_1004024__event_001,SELF,2018_1004024__event_001,False,,True
tokyo_50046_relational_between,50046,stress_test,relational_between,4,2018_1004024__event_001,NEXT,2018_1004024__event_002,False,,True
tokyo_50046_relational_between,50046,stress_test,relational_between,5,2018_1004003__event_001,SELF,2018_1004003__event_001,False,,True
tokyo_50046_relational_between,50046,stress_test,relational_between,5,2018_1004003__event_001,NEXT,2018_1004003__event_002,False,,True
tokyo_51031_relational_between,51031,stress_test,relational_between,1,2018_1023518__event_002,SELF,2018_1023518__event_002,True,1,True
tokyo_51031_relational_between,51031,stress_test,relational_between,1,2018_1023518__event_002,PREVIOUS,2018_1023518__event_001,True,2,True
tokyo_51031_relational_between,51031,stress_test,relational_between,1,2018_1023518__event_002,NEXT,2018_1023518__event_003,True,3,True
tokyo_51031_relational_between,51031,stress_test,relational_between,2,2018_1023518__event_001,SELF,2018_1023518__event_001,False,,True
tokyo_51031_relational_between,51031,stress_test,relational_between,2,2018_1023518__event_001,NEXT,2018_1023518__event_002,False,,True
tokyo_51031_relational_between,51031,stress_test,relational_between,3,2018_1023518__event_003,SELF,2018_1023518__event_003,False,,True
tokyo_51031_relational_between,51031,stress_test,relational_between,3,2018_1023518__event_003,PREVIOUS,2018_1023518__event_002,False,,True
tokyo_51031_relational_between,51031,stress_test,relational_between,4,2018_1023538__event_001,SELF,2018_1023538__event_001,True,4,True
tokyo_51031_relational_between,51031,stress_test,relational_between,4,2018_1023538__event_001,NEXT,2018_1023538__event_002,True,5,True
tokyo_51031_relational_between,51031,stress_test,relational_between,5,2018_1023534__event_001,SELF,2018_1023534__event_001,True,6,True
tokyo_51031_relational_between,51031,stress_test,relational_between,5,2018_1023534__event_001,NEXT,2018_1023534__event_002,True,7,True
tokyo_51516_relational_between,51516,stress_test,relational_between,1,2018_1033126__event_002,SELF,2018_1033126__event_002,True,1,False
tokyo_51516_relational_between,51516,stress_test,relational_between,1,2018_1033126__event_002,PREVIOUS,2018_1033126__event_001,True,2,False
tokyo_51516_relational_between,51516,stress_test,relational_between,1,2018_1033126__event_002,NEXT,2018_1033126__event_003,True,3,False
tokyo_51516_relational_between,51516,stress_test,relational_between,2,2018_1033007__event_001,SELF,2018_1033007__event_001,True,4,False
tokyo_51516_relational_between,51516,stress_test,relational_between,2,2018_1033007__event_001,NEXT,2018_1033007__event_002,True,5,False
tokyo_51516_relational_between,51516,stress_test,relational_between,3,2018_1033115__event_001,SELF,2018_1033115__event_001,True,6,False
tokyo_51516_relational_between,51516,stress_test,relational_between,3,2018_1033115__event_001,NEXT,2018_1033115__event_002,True,7,False
tokyo_51516_relational_between,51516,stress_test,relational_between,4,2018_1033040__event_001,SELF,2018_1033040__event_001,True,8,False
tokyo_51516_relational_between,51516,stress_test,relational_between,4,2018_1033040__event_001,NEXT,2018_1033040__event_002,True,9,False
tokyo_51516_relational_between,51516,stress_test,relational_between,5,2018_1033096__event_002,SELF,2018_1033096__event_002,True,10,False
tokyo_51516_relational_between,51516,stress_test,relational_between,5,2018_1033096__event_002,PREVIOUS,2018_1033096__event_001,True,11,False
tokyo_52894_relational_between,52894,stress_test,relational_between,1,2018_1058964__event_002,SELF,2018_1058964__event_002,True,1,False
tokyo_52894_relational_between,52894,stress_test,relational_between,1,2018_1058964__event_002,PREVIOUS,2018_1058964__event_001,True,2,False
tokyo_52894_relational_between,52894,stress_test,relational_between,1,2018_1058964__event_002,NEXT,2018_1058964__event_003,True,3,False
tokyo_52894_relational_between,52894,stress_test,relational_between,2,2018_1058982__event_001,SELF,2018_1058982__event_001,True,4,False
tokyo_52894_relational_between,52894,stress_test,relational_between,2,2018_1058982__event_001,NEXT,2018_1058982__event_002,True,5,False
tokyo_52894_relational_between,52894,stress_test,relational_between,3,2018_1058961__event_001,SELF,2018_1058961__event_001,True,6,False
tokyo_52894_relational_between,52894,stress_test,relational_between,3,2018_1058961__event_001,NEXT,2018_1058961__event_002,True,7,False
tokyo_52894_relational_between,52894,stress_test,relational_between,4,2018_1058961__event_002,SELF,2018_1058961__event_002,False,,False
tokyo_52894_relational_between,52894,stress_test,relational_between,4,2018_1058961__event_002,PREVIOUS,2018_1058961__event_001,False,,False
tokyo_52894_relational_between,52894,stress_test,relational_between,5,2018_1058981__event_001,SELF,2018_1058981__event_001,True,8,False
tokyo_52894_relational_between,52894,stress_test,relational_between,5,2018_1058981__event_001,NEXT,2018_1058981__event_002,True,9,False
tokyo_53205_relational_between,53205,stress_test,relational_between,1,2018_1065532__event_002,SELF,2018_1065532__event_002,True,1,False
tokyo_53205_relational_between,53205,stress_test,relational_between,1,2018_1065532__event_002,PREVIOUS,2018_1065532__event_001,True,2,False
tokyo_53205_relational_between,53205,stress_test,relational_between,1,2018_1065532__event_002,NEXT,2018_1065532__event_003,True,3,False
tokyo_53205_relational_between,53205,stress_test,relational_between,2,2018_1065515__event_002,SELF,2018_1065515__event_002,True,4,False
tokyo_53205_relational_between,53205,stress_test,relational_between,2,2018_1065515__event_002,PREVIOUS,2018_1065515__event_001,True,5,False
tokyo_53205_relational_between,53205,stress_test,relational_between,2,2018_1065515__event_002,NEXT,2018_1065515__event_003,True,6,False
tokyo_53205_relational_between,53205,stress_test,relational_between,3,2018_1065518__event_002,SELF,2018_1065518__event_002,True,7,False
tokyo_53205_relational_between,53205,stress_test,relational_between,3,2018_1065518__event_002,PREVIOUS,2018_1065518__event_001,True,8,False
tokyo_53205_relational_between,53205,stress_test,relational_between,3,2018_1065518__event_002,NEXT,2018_1065518__event_003,True,9,False
tokyo_53205_relational_between,53205,stress_test,relational_between,4,2018_1065532__event_003,SELF,2018_1065532__event_003,False,,False
tokyo_53205_relational_between,53205,stress_test,relational_between,4,2018_1065532__event_003,PREVIOUS,2018_1065532__event_002,False,,False
tokyo_53205_relational_between,53205,stress_test,relational_between,5,2018_1065535__event_002,SELF,2018_1065535__event_002,True,10,False
tokyo_53205_relational_between,53205,stress_test,relational_between,5,2018_1065535__event_002,PREVIOUS,2018_1065535__event_001,True,11,False
tokyo_53405_relational_between,53405,stress_test,relational_between,1,2018_1069036__event_002,SELF,2018_1069036__event_002,True,1,False
tokyo_53405_relational_between,53405,stress_test,relational_between,1,2018_1069036__event_002,PREVIOUS,2018_1069036__event_001,True,2,False
tokyo_53405_relational_between,53405,stress_test,relational_between,1,2018_1069036__event_002,NEXT,2018_1069036__event_003,True,3,False
tokyo_53405_relational_between,53405,stress_test,relational_between,2,2018_1069059__event_002,SELF,2018_1069059__event_002,True,4,False
tokyo_53405_relational_between,53405,stress_test,relational_between,2,2018_1069059__event_002,PREVIOUS,2018_1069059__event_001,True,5,False
tokyo_53405_relational_between,53405,stress_test,relational_between,2,2018_1069059__event_002,NEXT,2018_1069059__event_003,True,6,False
tokyo_53405_relational_between,53405,stress_test,relational_between,3,2018_1068990__event_002,SELF,2018_1068990__event_002,True,7,False
tokyo_53405_relational_between,53405,stress_test,relational_between,3,2018_1068990__event_002,PREVIOUS,2018_1068990__event_001,True,8,False
tokyo_53405_relational_between,53405,stress_test,relational_between,3,2018_1068990__event_002,NEXT,2018_1068990__event_003,True,9,False
tokyo_53405_relational_between,53405,stress_test,relational_between,4,2018_1069001__event_001,SELF,2018_1069001__event_001,True,10,False
tokyo_53405_relational_between,53405,stress_test,relational_between,4,2018_1069001__event_001,NEXT,2018_1069001__event_002,True,11,False
tokyo_53405_relational_between,53405,stress_test,relational_between,5,2018_1069091__event_001,SELF,2018_1069091__event_001,True,12,False
tokyo_53405_relational_between,53405,stress_test,relational_between,5,2018_1069091__event_001,NEXT,2018_1069091__event_002,True,13,False
tokyo_55985_relational_between,55985,stress_test,relational_between,1,2018_1115811__event_002,SELF,2018_1115811__event_002,True,1,False
tokyo_55985_relational_between,55985,stress_test,relational_between,1,2018_1115811__event_002,PREVIOUS,2018_1115811__event_001,True,2,False
tokyo_55985_relational_between,55985,stress_test,relational_between,1,2018_1115811__event_002,NEXT,2018_1115811__event_003,True,3,False
tokyo_55985_relational_between,55985,stress_test,relational_between,2,2018_1115820__event_002,SELF,2018_1115820__event_002,True,4,False
tokyo_55985_relational_between,55985,stress_test,relational_between,2,2018_1115820__event_002,PREVIOUS,2018_1115820__event_001,True,5,False
tokyo_55985_relational_between,55985,stress_test,relational_between,3,2018_1115823__event_001,SELF,2018_1115823__event_001,True,6,False
tokyo_55985_relational_between,55985,stress_test,relational_between,3,2018_1115823__event_001,NEXT,2018_1115823__event_002,True,7,False
tokyo_55985_relational_between,55985,stress_test,relational_between,4,2018_1115817__event_001,SELF,2018_1115817__event_001,True,8,False
tokyo_55985_relational_between,55985,stress_test,relational_between,4,2018_1115817__event_001,NEXT,2018_1115817__event_002,True,9,False
tokyo_55985_relational_between,55985,stress_test,relational_between,5,2018_1115813__event_002,SELF,2018_1115813__event_002,True,10,False
tokyo_55985_relational_between,55985,stress_test,relational_between,5,2018_1115813__event_002,PREVIOUS,2018_1115813__event_001,True,11,False
tokyo_59554_relational_between,59554,stress_test,relational_between,1,2018_1176852__event_002,SELF,2018_1176852__event_002,True,1,False
tokyo_59554_relational_between,59554,stress_test,relational_between,1,2018_1176852__event_002,PREVIOUS,2018_1176852__event_001,True,2,False
tokyo_59554_relational_between,59554,stress_test,relational_between,1,2018_1176852__event_002,NEXT,2018_1176852__event_003,True,3,False
tokyo_59554_relational_between,59554,stress_test,relational_between,2,2018_1176829__event_001,SELF,2018_1176829__event_001,True,4,False
tokyo_59554_relational_between,59554,stress_test,relational_between,2,2018_1176829__event_001,NEXT,2018_1176829__event_002,True,5,False
tokyo_59554_relational_between,59554,stress_test,relational_between,3,2018_1176864__event_001,SELF,2018_1176864__event_001,True,6,False
tokyo_59554_relational_between,59554,stress_test,relational_between,3,2018_1176864__event_001,NEXT,2018_1176864__event_002,True,7,False
tokyo_59554_relational_between,59554,stress_test,relational_between,4,2018_1176840__event_001,SELF,2018_1176840__event_001,True,8,False
tokyo_59554_relational_between,59554,stress_test,relational_between,4,2018_1176840__event_001,NEXT,2018_1176840__event_002,True,9,False
tokyo_59554_relational_between,59554,stress_test,relational_between,5,2018_1176879__event_001,SELF,2018_1176879__event_001,True,10,False
tokyo_59554_relational_between,59554,stress_test,relational_between,5,2018_1176879__event_001,NEXT,2018_1176879__event_002,True,11,False
tokyo_60393_relational_between,60393,stress_test,relational_between,1,2018_1190567__event_002,SELF,2018_1190567__event_002,True,1,True
tokyo_60393_relational_between,60393,stress_test,relational_between,1,2018_1190567__event_002,PREVIOUS,2018_1190567__event_001,True,2,True
tokyo_60393_relational_between,60393,stress_test,relational_between,2,2018_1190503__event_004,SELF,2018_1190503__event_004,True,3,True
tokyo_60393_relational_between,60393,stress_test,relational_between,2,2018_1190503__event_004,PREVIOUS,2018_1190503__event_003,True,4,True
tokyo_60393_relational_between,60393,stress_test,relational_between,2,2018_1190503__event_004,NEXT,2018_1190503__event_005,True,5,True
tokyo_60393_relational_between,60393,stress_test,relational_between,3,2018_1190549__event_003,SELF,2018_1190549__event_003,True,6,True
tokyo_60393_relational_between,60393,stress_test,relational_between,3,2018_1190549__event_003,PREVIOUS,2018_1190549__event_002,True,7,True
tokyo_60393_relational_between,60393,stress_test,relational_between,3,2018_1190549__event_003,NEXT,2018_1190549__event_004,True,8,True
tokyo_60393_relational_between,60393,stress_test,relational_between,4,2018_1190567__event_001,SELF,2018_1190567__event_001,False,,True
tokyo_60393_relational_between,60393,stress_test,relational_between,4,2018_1190567__event_001,NEXT,2018_1190567__event_002,False,,True
tokyo_60393_relational_between,60393,stress_test,relational_between,5,2018_1190493__event_002,SELF,2018_1190493__event_002,True,9,True
tokyo_60393_relational_between,60393,stress_test,relational_between,5,2018_1190493__event_002,PREVIOUS,2018_1190493__event_001,True,10,True
tokyo_60393_relational_between,60393,stress_test,relational_between,5,2018_1190493__event_002,NEXT,2018_1190493__event_003,True,11,True
tokyo_70564_relational_between,70564,stress_test,relational_between,1,2018_1332686__event_002,SELF,2018_1332686__event_002,True,1,True
tokyo_70564_relational_between,70564,stress_test,relational_between,1,2018_1332686__event_002,PREVIOUS,2018_1332686__event_001,True,2,True
tokyo_70564_relational_between,70564,stress_test,relational_between,1,2018_1332686__event_002,NEXT,2018_1332686__event_003,True,3,True
tokyo_70564_relational_between,70564,stress_test,relational_between,2,2018_1332713__event_001,SELF,2018_1332713__event_001,True,4,True
tokyo_70564_relational_between,70564,stress_test,relational_between,2,2018_1332713__event_001,NEXT,2018_1332713__event_002,True,5,True
tokyo_70564_relational_between,70564,stress_test,relational_between,3,2018_1332649__event_002,SELF,2018_1332649__event_002,True,6,True
tokyo_70564_relational_between,70564,stress_test,relational_between,3,2018_1332649__event_002,PREVIOUS,2018_1332649__event_001,True,7,True
tokyo_70564_relational_between,70564,stress_test,relational_between,4,2018_1332632__event_002,SELF,2018_1332632__event_002,True,8,True
tokyo_70564_relational_between,70564,stress_test,relational_between,4,2018_1332632__event_002,PREVIOUS,2018_1332632__event_001,True,9,True
tokyo_70564_relational_between,70564,stress_test,relational_between,5,2018_1332669__event_001,SELF,2018_1332669__event_001,True,10,True
tokyo_70564_relational_between,70564,stress_test,relational_between,5,2018_1332669__event_001,NEXT,2018_1332669__event_002,True,11,True
tokyo_70703_relational_between,70703,stress_test,relational_between,1,2018_1335105__event_003,SELF,2018_1335105__event_003,True,1,False
tokyo_70703_relational_between,70703,stress_test,relational_between,1,2018_1335105__event_003,PREVIOUS,2018_1335105__event_002,True,2,False
tokyo_70703_relational_between,70703,stress_test,relational_between,1,2018_1335105__event_003,NEXT,2018_1335105__event_004,True,3,False
tokyo_70703_relational_between,70703,stress_test,relational_between,2,2018_1335093__event_003,SELF,2018_1335093__event_003,True,4,False
tokyo_70703_relational_between,70703,stress_test,relational_between,2,2018_1335093__event_003,PREVIOUS,2018_1335093__event_002,True,5,False
tokyo_70703_relational_between,70703,stress_test,relational_between,2,2018_1335093__event_003,NEXT,2018_1335093__event_004,True,6,False
tokyo_70703_relational_between,70703,stress_test,relational_between,3,2018_1335105__event_002,SELF,2018_1335105__event_002,False,,False
tokyo_70703_relational_between,70703,stress_test,relational_between,3,2018_1335105__event_002,PREVIOUS,2018_1335105__event_001,True,7,False
tokyo_70703_relational_between,70703,stress_test,relational_between,3,2018_1335105__event_002,NEXT,2018_1335105__event_003,False,,False
tokyo_70703_relational_between,70703,stress_test,relational_between,4,2018_1335111__event_001,SELF,2018_1335111__event_001,True,8,False
tokyo_70703_relational_between,70703,stress_test,relational_between,4,2018_1335111__event_001,NEXT,2018_1335111__event_002,True,9,False
tokyo_70703_relational_between,70703,stress_test,relational_between,5,2018_1335110__event_002,SELF,2018_1335110__event_002,True,10,False
tokyo_70703_relational_between,70703,stress_test,relational_between,5,2018_1335110__event_002,PREVIOUS,2018_1335110__event_001,True,11,False
tokyo_72210_relational_between,72210,stress_test,relational_between,1,2018_1357857__event_002,SELF,2018_1357857__event_002,True,1,False
tokyo_72210_relational_between,72210,stress_test,relational_between,1,2018_1357857__event_002,PREVIOUS,2018_1357857__event_001,True,2,False
tokyo_72210_relational_between,72210,stress_test,relational_between,1,2018_1357857__event_002,NEXT,2018_1357857__event_003,True,3,False
tokyo_72210_relational_between,72210,stress_test,relational_between,2,2018_1357875__event_003,SELF,2018_1357875__event_003,True,4,False
tokyo_72210_relational_between,72210,stress_test,relational_between,2,2018_1357875__event_003,PREVIOUS,2018_1357875__event_002,True,5,False
tokyo_72210_relational_between,72210,stress_test,relational_between,3,2018_1357878__event_002,SELF,2018_1357878__event_002,True,6,False
tokyo_72210_relational_between,72210,stress_test,relational_between,3,2018_1357878__event_002,PREVIOUS,2018_1357878__event_001,True,7,False
tokyo_72210_relational_between,72210,stress_test,relational_between,4,2018_1357875__event_002,SELF,2018_1357875__event_002,False,,False
tokyo_72210_relational_between,72210,stress_test,relational_between,4,2018_1357875__event_002,PREVIOUS,2018_1357875__event_001,True,8,False
tokyo_72210_relational_between,72210,stress_test,relational_between,4,2018_1357875__event_002,NEXT,2018_1357875__event_003,False,,False
tokyo_72210_relational_between,72210,stress_test,relational_between,5,2018_1357863__event_002,SELF,2018_1357863__event_002,True,9,False
tokyo_72210_relational_between,72210,stress_test,relational_between,5,2018_1357863__event_002,PREVIOUS,2018_1357863__event_001,True,10,False
tokyo_72444_relational_between,72444,stress_test,relational_between,1,2018_1361371__event_002,SELF,2018_1361371__event_002,True,1,False
tokyo_72444_relational_between,72444,stress_test,relational_between,1,2018_1361371__event_002,PREVIOUS,2018_1361371__event_001,True,2,False
tokyo_72444_relational_between,72444,stress_test,relational_between,1,2018_1361371__event_002,NEXT,2018_1361371__event_003,True,3,False
tokyo_72444_relational_between,72444,stress_test,relational_between,2,2018_1361355__event_002,SELF,2018_1361355__event_002,True,4,False
tokyo_72444_relational_between,72444,stress_test,relational_between,2,2018_1361355__event_002,PREVIOUS,2018_1361355__event_001,True,5,False
tokyo_72444_relational_between,72444,stress_test,relational_between,2,2018_1361355__event_002,NEXT,2018_1361355__event_003,True,6,False
tokyo_72444_relational_between,72444,stress_test,relational_between,3,2018_1361371__event_003,SELF,2018_1361371__event_003,False,,False
tokyo_72444_relational_between,72444,stress_test,relational_between,3,2018_1361371__event_003,PREVIOUS,2018_1361371__event_002,False,,False
tokyo_72444_relational_between,72444,stress_test,relational_between,4,2018_1361371__event_001,SELF,2018_1361371__event_001,False,,False
tokyo_72444_relational_between,72444,stress_test,relational_between,4,2018_1361371__event_001,NEXT,2018_1361371__event_002,False,,False
tokyo_72444_relational_between,72444,stress_test,relational_between,5,2018_1361413__event_001,SELF,2018_1361413__event_001,True,7,False
tokyo_72444_relational_between,72444,stress_test,relational_between,5,2018_1361413__event_001,NEXT,2018_1361413__event_002,True,8,False
tokyo_74188_relational_between,74188,stress_test,relational_between,1,2018_1388327__event_003,SELF,2018_1388327__event_003,True,1,False
tokyo_74188_relational_between,74188,stress_test,relational_between,1,2018_1388327__event_003,PREVIOUS,2018_1388327__event_002,True,2,False
tokyo_74188_relational_between,74188,stress_test,relational_between,1,2018_1388327__event_003,NEXT,2018_1388327__event_004,True,3,False
tokyo_74188_relational_between,74188,stress_test,relational_between,2,2018_1388327__event_002,SELF,2018_1388327__event_002,False,,False
tokyo_74188_relational_between,74188,stress_test,relational_between,2,2018_1388327__event_002,PREVIOUS,2018_1388327__event_001,True,4,False
tokyo_74188_relational_between,74188,stress_test,relational_between,2,2018_1388327__event_002,NEXT,2018_1388327__event_003,False,,False
tokyo_74188_relational_between,74188,stress_test,relational_between,3,2018_1388323__event_004,SELF,2018_1388323__event_004,True,5,False
tokyo_74188_relational_between,74188,stress_test,relational_between,3,2018_1388323__event_004,PREVIOUS,2018_1388323__event_003,True,6,False
tokyo_74188_relational_between,74188,stress_test,relational_between,3,2018_1388323__event_004,NEXT,2018_1388323__event_005,True,7,False
tokyo_74188_relational_between,74188,stress_test,relational_between,4,2018_1388323__event_002,SELF,2018_1388323__event_002,True,8,False
tokyo_74188_relational_between,74188,stress_test,relational_between,4,2018_1388323__event_002,PREVIOUS,2018_1388323__event_001,True,9,False
tokyo_74188_relational_between,74188,stress_test,relational_between,4,2018_1388323__event_002,NEXT,2018_1388323__event_003,False,,False
tokyo_74188_relational_between,74188,stress_test,relational_between,5,2018_1388306__event_001,SELF,2018_1388306__event_001,True,10,False
tokyo_74188_relational_between,74188,stress_test,relational_between,5,2018_1388306__event_001,NEXT,2018_1388306__event_002,True,11,False
tokyo_74982_relational_between,74982,stress_test,relational_between,1,2018_1402555__event_002,SELF,2018_1402555__event_002,True,1,False
tokyo_74982_relational_between,74982,stress_test,relational_between,1,2018_1402555__event_002,PREVIOUS,2018_1402555__event_001,True,2,False
tokyo_74982_relational_between,74982,stress_test,relational_between,1,2018_1402555__event_002,NEXT,2018_1402555__event_003,True,3,False
tokyo_74982_relational_between,74982,stress_test,relational_between,2,2018_1402547__event_002,SELF,2018_1402547__event_002,True,4,False
tokyo_74982_relational_between,74982,stress_test,relational_between,2,2018_1402547__event_002,PREVIOUS,2018_1402547__event_001,True,5,False
tokyo_74982_relational_between,74982,stress_test,relational_between,3,2018_1402573__event_001,SELF,2018_1402573__event_001,True,6,False
tokyo_74982_relational_between,74982,stress_test,relational_between,3,2018_1402573__event_001,NEXT,2018_1402573__event_002,True,7,False
tokyo_74982_relational_between,74982,stress_test,relational_between,4,2018_1402572__event_002,SELF,2018_1402572__event_002,True,8,False
tokyo_74982_relational_between,74982,stress_test,relational_between,4,2018_1402572__event_002,PREVIOUS,2018_1402572__event_001,True,9,False
tokyo_74982_relational_between,74982,stress_test,relational_between,4,2018_1402572__event_002,NEXT,2018_1402572__event_003,True,10,False
tokyo_74982_relational_between,74982,stress_test,relational_between,5,2018_1402586__event_001,SELF,2018_1402586__event_001,True,11,False
tokyo_74982_relational_between,74982,stress_test,relational_between,5,2018_1402586__event_001,NEXT,2018_1402586__event_002,True,12,False
tokyo_78286_relational_between,78286,stress_test,relational_between,1,2018_1453186__event_002,SELF,2018_1453186__event_002,True,1,True
tokyo_78286_relational_between,78286,stress_test,relational_between,1,2018_1453186__event_002,PREVIOUS,2018_1453186__event_001,True,2,True
tokyo_78286_relational_between,78286,stress_test,relational_between,1,2018_1453186__event_002,NEXT,2018_1453186__event_003,True,3,True
tokyo_78286_relational_between,78286,stress_test,relational_between,2,2018_1453185__event_001,SELF,2018_1453185__event_001,True,4,True
tokyo_78286_relational_between,78286,stress_test,relational_between,2,2018_1453185__event_001,NEXT,2018_1453185__event_002,True,5,True
tokyo_78286_relational_between,78286,stress_test,relational_between,3,2018_1453212__event_001,SELF,2018_1453212__event_001,True,6,True
tokyo_78286_relational_between,78286,stress_test,relational_between,3,2018_1453212__event_001,NEXT,2018_1453212__event_002,True,7,True
tokyo_78286_relational_between,78286,stress_test,relational_between,4,2018_1453209__event_002,SELF,2018_1453209__event_002,True,8,True
tokyo_78286_relational_between,78286,stress_test,relational_between,4,2018_1453209__event_002,PREVIOUS,2018_1453209__event_001,True,9,True
tokyo_78286_relational_between,78286,stress_test,relational_between,4,2018_1453209__event_002,NEXT,2018_1453209__event_003,True,10,True
tokyo_78286_relational_between,78286,stress_test,relational_between,5,2018_1453187__event_001,SELF,2018_1453187__event_001,True,11,True
tokyo_78286_relational_between,78286,stress_test,relational_between,5,2018_1453187__event_001,NEXT,2018_1453187__event_002,True,12,True
tokyo_79139_relational_between,79139,stress_test,relational_between,1,2018_1466948__event_002,SELF,2018_1466948__event_002,True,1,False
tokyo_79139_relational_between,79139,stress_test,relational_between,1,2018_1466948__event_002,PREVIOUS,2018_1466948__event_001,True,2,False
tokyo_79139_relational_between,79139,stress_test,relational_between,1,2018_1466948__event_002,NEXT,2018_1466948__event_003,True,3,False
tokyo_79139_relational_between,79139,stress_test,relational_between,2,2018_1466946__event_002,SELF,2018_1466946__event_002,True,4,False
tokyo_79139_relational_between,79139,stress_test,relational_between,2,2018_1466946__event_002,PREVIOUS,2018_1466946__event_001,True,5,False
tokyo_79139_relational_between,79139,stress_test,relational_between,2,2018_1466946__event_002,NEXT,2018_1466946__event_003,True,6,False
tokyo_79139_relational_between,79139,stress_test,relational_between,3,2018_1466952__event_002,SELF,2018_1466952__event_002,True,7,False
tokyo_79139_relational_between,79139,stress_test,relational_between,3,2018_1466952__event_002,PREVIOUS,2018_1466952__event_001,True,8,False
tokyo_79139_relational_between,79139,stress_test,relational_between,3,2018_1466952__event_002,NEXT,2018_1466952__event_003,True,9,False
tokyo_79139_relational_between,79139,stress_test,relational_between,4,2018_1466948__event_003,SELF,2018_1466948__event_003,False,,False
tokyo_79139_relational_between,79139,stress_test,relational_between,4,2018_1466948__event_003,PREVIOUS,2018_1466948__event_002,False,,False
tokyo_79139_relational_between,79139,stress_test,relational_between,4,2018_1466948__event_003,NEXT,2018_1466948__event_004,True,10,False
tokyo_79139_relational_between,79139,stress_test,relational_between,5,2018_1466960__event_003,SELF,2018_1466960__event_003,True,11,False
tokyo_79139_relational_between,79139,stress_test,relational_between,5,2018_1466960__event_003,PREVIOUS,2018_1466960__event_002,True,12,False
tokyo_79719_relational_between,79719,stress_test,relational_between,1,2018_1475396__event_002,SELF,2018_1475396__event_002,True,1,True
tokyo_79719_relational_between,79719,stress_test,relational_between,1,2018_1475396__event_002,PREVIOUS,2018_1475396__event_001,True,2,True
tokyo_79719_relational_between,79719,stress_test,relational_between,1,2018_1475396__event_002,NEXT,2018_1475396__event_003,True,3,True
tokyo_79719_relational_between,79719,stress_test,relational_between,2,2018_1475338__event_002,SELF,2018_1475338__event_002,True,4,True
tokyo_79719_relational_between,79719,stress_test,relational_between,2,2018_1475338__event_002,PREVIOUS,2018_1475338__event_001,True,5,True
tokyo_79719_relational_between,79719,stress_test,relational_between,2,2018_1475338__event_002,NEXT,2018_1475338__event_003,True,6,True
tokyo_79719_relational_between,79719,stress_test,relational_between,3,2018_1475351__event_002,SELF,2018_1475351__event_002,True,7,True
tokyo_79719_relational_between,79719,stress_test,relational_between,3,2018_1475351__event_002,PREVIOUS,2018_1475351__event_001,True,8,True
tokyo_79719_relational_between,79719,stress_test,relational_between,3,2018_1475351__event_002,NEXT,2018_1475351__event_003,True,9,True
tokyo_79719_relational_between,79719,stress_test,relational_between,4,2018_1475387__event_002,SELF,2018_1475387__event_002,True,10,True
tokyo_79719_relational_between,79719,stress_test,relational_between,4,2018_1475387__event_002,PREVIOUS,2018_1475387__event_001,True,11,True
tokyo_79719_relational_between,79719,stress_test,relational_between,5,2018_1475345__event_001,SELF,2018_1475345__event_001,True,12,True
tokyo_79719_relational_between,79719,stress_test,relational_between,5,2018_1475345__event_001,NEXT,2018_1475345__event_002,True,13,True
tokyo_80051_relational_between,80051,stress_test,relational_between,1,2018_1480027__event_002,SELF,2018_1480027__event_002,True,1,False
tokyo_80051_relational_between,80051,stress_test,relational_between,1,2018_1480027__event_002,PREVIOUS,2018_1480027__event_001,True,2,False
tokyo_80051_relational_between,80051,stress_test,relational_between,1,2018_1480027__event_002,NEXT,2018_1480027__event_003,True,3,False
tokyo_80051_relational_between,80051,stress_test,relational_between,2,2018_1480043__event_001,SELF,2018_1480043__event_001,True,4,False
tokyo_80051_relational_between,80051,stress_test,relational_between,2,2018_1480043__event_001,NEXT,2018_1480043__event_002,True,5,False
tokyo_80051_relational_between,80051,stress_test,relational_between,3,2018_1480016__event_002,SELF,2018_1480016__event_002,True,6,False
tokyo_80051_relational_between,80051,stress_test,relational_between,3,2018_1480016__event_002,PREVIOUS,2018_1480016__event_001,True,7,False
tokyo_80051_relational_between,80051,stress_test,relational_between,4,2018_1480027__event_003,SELF,2018_1480027__event_003,False,,False
tokyo_80051_relational_between,80051,stress_test,relational_between,4,2018_1480027__event_003,PREVIOUS,2018_1480027__event_002,False,,False
tokyo_80051_relational_between,80051,stress_test,relational_between,5,2018_1480044__event_003,SELF,2018_1480044__event_003,True,8,False
tokyo_80051_relational_between,80051,stress_test,relational_between,5,2018_1480044__event_003,PREVIOUS,2018_1480044__event_002,True,9,False
tokyo_80415_relational_between,80415,stress_test,relational_between,1,2018_1485455__event_002,SELF,2018_1485455__event_002,True,1,False
tokyo_80415_relational_between,80415,stress_test,relational_between,1,2018_1485455__event_002,PREVIOUS,2018_1485455__event_001,True,2,False
tokyo_80415_relational_between,80415,stress_test,relational_between,1,2018_1485455__event_002,NEXT,2018_1485455__event_003,True,3,False
tokyo_80415_relational_between,80415,stress_test,relational_between,2,2018_1485514__event_002,SELF,2018_1485514__event_002,True,4,False
tokyo_80415_relational_between,80415,stress_test,relational_between,2,2018_1485514__event_002,PREVIOUS,2018_1485514__event_001,True,5,False
tokyo_80415_relational_between,80415,stress_test,relational_between,3,2018_1485539__event_002,SELF,2018_1485539__event_002,True,6,False
tokyo_80415_relational_between,80415,stress_test,relational_between,3,2018_1485539__event_002,PREVIOUS,2018_1485539__event_001,True,7,False
tokyo_80415_relational_between,80415,stress_test,relational_between,4,2018_1485473__event_003,SELF,2018_1485473__event_003,True,8,False
tokyo_80415_relational_between,80415,stress_test,relational_between,4,2018_1485473__event_003,PREVIOUS,2018_1485473__event_002,True,9,False
tokyo_80415_relational_between,80415,stress_test,relational_between,5,2018_1485466__event_002,SELF,2018_1485466__event_002,True,10,False
tokyo_80415_relational_between,80415,stress_test,relational_between,5,2018_1485466__event_002,PREVIOUS,2018_1485466__event_001,True,11,False
tokyo_80480_relational_between,80480,stress_test,relational_between,1,2018_1486542__event_002,SELF,2018_1486542__event_002,True,1,False
tokyo_80480_relational_between,80480,stress_test,relational_between,1,2018_1486542__event_002,PREVIOUS,2018_1486542__event_001,True,2,False
tokyo_80480_relational_between,80480,stress_test,relational_between,1,2018_1486542__event_002,NEXT,2018_1486542__event_003,True,3,False
tokyo_80480_relational_between,80480,stress_test,relational_between,2,2018_1486537__event_004,SELF,2018_1486537__event_004,True,4,False
tokyo_80480_relational_between,80480,stress_test,relational_between,2,2018_1486537__event_004,PREVIOUS,2018_1486537__event_003,True,5,False
tokyo_80480_relational_between,80480,stress_test,relational_between,3,2018_1486550__event_001,SELF,2018_1486550__event_001,True,6,False
tokyo_80480_relational_between,80480,stress_test,relational_between,3,2018_1486550__event_001,NEXT,2018_1486550__event_002,True,7,False
tokyo_80480_relational_between,80480,stress_test,relational_between,4,2018_1486523__event_001,SELF,2018_1486523__event_001,True,8,False
tokyo_80480_relational_between,80480,stress_test,relational_between,4,2018_1486523__event_001,NEXT,2018_1486523__event_002,True,9,False
tokyo_80480_relational_between,80480,stress_test,relational_between,5,2018_1486542__event_001,SELF,2018_1486542__event_001,False,,False
tokyo_80480_relational_between,80480,stress_test,relational_between,5,2018_1486542__event_001,NEXT,2018_1486542__event_002,False,,False
tokyo_86988_relational_between,86988,stress_test,relational_between,1,2018_1596327__event_003,SELF,2018_1596327__event_003,True,1,True
tokyo_86988_relational_between,86988,stress_test,relational_between,1,2018_1596327__event_003,PREVIOUS,2018_1596327__event_002,True,2,True
tokyo_86988_relational_between,86988,stress_test,relational_between,1,2018_1596327__event_003,NEXT,2018_1596327__event_004,True,3,True
tokyo_86988_relational_between,86988,stress_test,relational_between,2,2018_1596327__event_004,SELF,2018_1596327__event_004,False,,True
tokyo_86988_relational_between,86988,stress_test,relational_between,2,2018_1596327__event_004,PREVIOUS,2018_1596327__event_003,False,,True
tokyo_86988_relational_between,86988,stress_test,relational_between,2,2018_1596327__event_004,NEXT,2018_1596327__event_005,True,4,True
tokyo_86988_relational_between,86988,stress_test,relational_between,3,2018_1596327__event_002,SELF,2018_1596327__event_002,False,,True
tokyo_86988_relational_between,86988,stress_test,relational_between,3,2018_1596327__event_002,PREVIOUS,2018_1596327__event_001,True,5,True
tokyo_86988_relational_between,86988,stress_test,relational_between,3,2018_1596327__event_002,NEXT,2018_1596327__event_003,False,,True
tokyo_86988_relational_between,86988,stress_test,relational_between,4,2018_1596314__event_002,SELF,2018_1596314__event_002,True,6,True
tokyo_86988_relational_between,86988,stress_test,relational_between,4,2018_1596314__event_002,PREVIOUS,2018_1596314__event_001,True,7,True
tokyo_86988_relational_between,86988,stress_test,relational_between,5,2018_1596314__event_001,SELF,2018_1596314__event_001,False,,True
tokyo_86988_relational_between,86988,stress_test,relational_between,5,2018_1596314__event_001,NEXT,2018_1596314__event_002,False,,True
tokyo_88625_relational_between,88625,stress_test,relational_between,1,2018_1619221__event_002,SELF,2018_1619221__event_002,True,1,False
tokyo_88625_relational_between,88625,stress_test,relational_between,1,2018_1619221__event_002,PREVIOUS,2018_1619221__event_001,True,2,False
tokyo_88625_relational_between,88625,stress_test,relational_between,1,2018_1619221__event_002,NEXT,2018_1619221__event_003,True,3,False
tokyo_88625_relational_between,88625,stress_test,relational_between,2,2018_1619235__event_003,SELF,2018_1619235__event_003,True,4,False
tokyo_88625_relational_between,88625,stress_test,relational_between,2,2018_1619235__event_003,PREVIOUS,2018_1619235__event_002,True,5,False
tokyo_88625_relational_between,88625,stress_test,relational_between,2,2018_1619235__event_003,NEXT,2018_1619235__event_004,True,6,False
tokyo_88625_relational_between,88625,stress_test,relational_between,3,2018_1619231__event_001,SELF,2018_1619231__event_001,True,7,False
tokyo_88625_relational_between,88625,stress_test,relational_between,3,2018_1619231__event_001,NEXT,2018_1619231__event_002,True,8,False
tokyo_88625_relational_between,88625,stress_test,relational_between,4,2018_1619222__event_001,SELF,2018_1619222__event_001,True,9,False
tokyo_88625_relational_between,88625,stress_test,relational_between,4,2018_1619222__event_001,NEXT,2018_1619222__event_002,True,10,False
tokyo_88625_relational_between,88625,stress_test,relational_between,5,2018_1619225__event_001,SELF,2018_1619225__event_001,True,11,False
tokyo_88625_relational_between,88625,stress_test,relational_between,5,2018_1619225__event_001,NEXT,2018_1619225__event_002,True,12,False
tokyo_88793_relational_between,88793,stress_test,relational_between,1,2018_1621562__event_002,SELF,2018_1621562__event_002,True,1,True
tokyo_88793_relational_between,88793,stress_test,relational_between,1,2018_1621562__event_002,PREVIOUS,2018_1621562__event_001,True,2,True
tokyo_88793_relational_between,88793,stress_test,relational_between,1,2018_1621562__event_002,NEXT,2018_1621562__event_003,True,3,True
tokyo_88793_relational_between,88793,stress_test,relational_between,2,2018_1621574__event_002,SELF,2018_1621574__event_002,True,4,True
tokyo_88793_relational_between,88793,stress_test,relational_between,2,2018_1621574__event_002,PREVIOUS,2018_1621574__event_001,True,5,True
tokyo_88793_relational_between,88793,stress_test,relational_between,3,2018_1621567__event_002,SELF,2018_1621567__event_002,True,6,True
tokyo_88793_relational_between,88793,stress_test,relational_between,3,2018_1621567__event_002,PREVIOUS,2018_1621567__event_001,True,7,True
tokyo_88793_relational_between,88793,stress_test,relational_between,4,2018_1621580__event_002,SELF,2018_1621580__event_002,True,8,True
tokyo_88793_relational_between,88793,stress_test,relational_between,4,2018_1621580__event_002,PREVIOUS,2018_1621580__event_001,True,9,True
tokyo_88793_relational_between,88793,stress_test,relational_between,5,2018_1621562__event_003,SELF,2018_1621562__event_003,False,,True
tokyo_88793_relational_between,88793,stress_test,relational_between,5,2018_1621562__event_003,PREVIOUS,2018_1621562__event_002,False,,True
tokyo_88793_relational_between,88793,stress_test,relational_between,5,2018_1621562__event_003,NEXT,2018_1621562__event_004,True,10,True
