query_id,user_id,benchmark_tier,query_type,seed_rank,seed_event_id,relation,expanded_event_id,is_first_discovery,expansion_rank,is_high_memory_load
tokyo_100159_relational_after,100159,core,relational_after,1,2018_1765837__event_001,SELF,2018_1765837__event_001,True,1,True
tokyo_100159_relational_after,100159,core,relational_after,1,2018_1765837__event_001,NEXT,2018_1765837__event_002,True,2,True
tokyo_100159_relational_after,100159,core,relational_after,2,2018_1765805__event_001,SELF,2018_1765805__event_001,True,3,True
tokyo_100159_relational_after,100159,core,relational_after,2,2018_1765805__event_001,NEXT,2018_1765805__event_002,True,4,True
tokyo_100159_relational_after,100159,core,relational_after,3,2018_1765800__event_002,SELF,2018_1765800__event_002,True,5,True
tokyo_100159_relational_after,100159,core,relational_after,4,2018_1765823__event_001,SELF,2018_1765823__event_001,True,6,True
tokyo_100159_relational_after,100159,core,relational_after,4,2018_1765823__event_001,NEXT,2018_1765823__event_002,True,7,True
tokyo_100159_relational_after,100159,core,relational_after,5,2018_1765825__event_002,SELF,2018_1765825__event_002,True,8,True
tokyo_100312_relational_after,100312,core,relational_after,1,2018_1767876__event_001,SELF,2018_1767876__event_001,True,1,True
tokyo_100312_relational_after,100312,core,relational_after,1,2018_1767876__event_001,NEXT,2018_1767876__event_002,True,2,True
tokyo_100312_relational_after,100312,core,relational_after,2,2018_1767921__event_001,SELF,2018_1767921__event_001,True,3,True
tokyo_100312_relational_after,100312,core,relational_after,2,2018_1767921__event_001,NEXT,2018_1767921__event_002,True,4,True
tokyo_100312_relational_after,100312,core,relational_after,3,2018_1767895__event_001,SELF,2018_1767895__event_001,True,5,True
tokyo_100312_relational_after,100312,core,relational_after,3,2018_1767895__event_001,NEXT,2018_1767895__event_002,True,6,True
tokyo_100312_relational_after,100312,core,relational_after,4,2018_1767913__event_001,SELF,2018_1767913__event_001,True,7,True
tokyo_100312_relational_after,100312,core,relational_after,4,2018_1767913__event_001,NEXT,2018_1767913__event_002,True,8,True
tokyo_100312_relational_after,100312,core,relational_after,5,2018_1767905__event_001,SELF,2018_1767905__event_001,True,9,True
tokyo_100312_relational_after,100312,core,relational_after,5,2018_1767905__event_001,NEXT,2018_1767905__event_002,True,10,True
tokyo_100677_relational_after,100677,core,relational_after,1,2018_1773206__event_002,SELF,2018_1773206__event_002,True,1,False
tokyo_100677_relational_after,100677,core,relational_after,2,2018_1773210__event_002,SELF,2018_1773210__event_002,True,2,False
tokyo_100677_relational_after,100677,core,relational_after,3,2018_1773210__event_001,SELF,2018_1773210__event_001,True,3,False
tokyo_100677_relational_after,100677,core,relational_after,3,2018_1773210__event_001,NEXT,2018_1773210__event_002,False,,False
tokyo_100677_relational_after,100677,core,relational_after,4,2018_1773205__event_001,SELF,2018_1773205__event_001,True,4,False
tokyo_100677_relational_after,100677,core,relational_after,4,2018_1773205__event_001,NEXT,2018_1773205__event_002,True,5,False
tokyo_100677_relational_after,100677,core,relational_after,5,2018_1773227__event_002,SELF,2018_1773227__event_002,True,6,False
tokyo_101467_relational_after,101467,core,relational_after,1,2018_1784994__event_003,SELF,2018_1784994__event_003,True,1,False
tokyo_101467_relational_after,101467,core,relational_after,1,2018_1784994__event_003,NEXT,2018_1784994__event_004,True,2,False
tokyo_101467_relational_after,101467,core,relational_after,2,2018_1784994__event_002,SELF,2018_1784994__event_002,True,3,False
tokyo_101467_relational_after,101467,core,relational_after,2,2018_1784994__event_002,NEXT,2018_1784994__event_003,False,,False
tokyo_101467_relational_after,101467,core,relational_after,3,2018_1784994__event_004,SELF,2018_1784994__event_004,False,,False
tokyo_101467_relational_after,101467,core,relational_after,3,2018_1784994__event_004,NEXT,2018_1784994__event_005,True,4,False
tokyo_101467_relational_after,101467,core,relational_after,4,2018_1784994__event_001,SELF,2018_1784994__event_001,True,5,False
tokyo_101467_relational_after,101467,core,relational_after,4,2018_1784994__event_001,NEXT,2018_1784994__event_002,False,,False
tokyo_101467_relational_after,101467,core,relational_after,5,2018_1784990__event_001,SELF,2018_1784990__event_001,True,6,False
tokyo_101467_relational_after,101467,core,relational_after,5,2018_1784990__event_001,NEXT,2018_1784990__event_002,True,7,False
tokyo_103621_relational_after,103621,core,relational_after,1,2018_1816122__event_001,SELF,2018_1816122__event_001,True,1,False
tokyo_103621_relational_after,103621,core,relational_after,1,2018_1816122__event_001,NEXT,2018_1816122__event_002,True,2,False
tokyo_103621_relational_after,103621,core,relational_after,2,2018_1816122__event_002,SELF,2018_1816122__event_002,False,,False
tokyo_103621_relational_after,103621,core,relational_after,3,2018_1816137__event_001,SELF,2018_1816137__event_001,True,3,False
tokyo_103621_relational_after,103621,core,relational_after,3,2018_1816137__event_001,NEXT,2018_1816137__event_002,True,4,False
tokyo_103621_relational_after,103621,core,relational_after,4,2018_1816118__event_001,SELF,2018_1816118__event_001,True,5,False
tokyo_103621_relational_after,103621,core,relational_after,4,2018_1816118__event_001,NEXT,2018_1816118__event_002,True,6,False
tokyo_103621_relational_after,103621,core,relational_after,5,2018_1816137__event_002,SELF,2018_1816137__event_002,False,,False
tokyo_106628_relational_after,106628,core,relational_after,1,2018_1860406__event_003,SELF,2018_1860406__event_003,True,1,True
tokyo_106628_relational_after,106628,core,relational_after,2,2018_1860406__event_002,SELF,2018_1860406__event_002,True,2,True
tokyo_106628_relational_after,106628,core,relational_after,2,2018_1860406__event_002,NEXT,2018_1860406__event_003,False,,True
tokyo_106628_relational_after,106628,core,relational_after,3,2018_1860419__event_002,SELF,2018_1860419__event_002,True,3,True
tokyo_106628_relational_after,106628,core,relational_after,4,2018_1860378__event_003,SELF,2018_1860378__event_003,True,4,True
tokyo_106628_relational_after,106628,core,relational_after,5,2018_1860419__event_001,SELF,2018_1860419__event_001,True,5,True
tokyo_106628_relational_after,106628,core,relational_after,5,2018_1860419__event_001,NEXT,2018_1860419__event_002,False,,True
tokyo_109617_relational_after,109617,core,relational_after,1,2018_1909184__event_001,SELF,2018_1909184__event_001,True,1,True
tokyo_109617_relational_after,109617,core,relational_after,1,2018_1909184__event_001,NEXT,2018_1909184__event_002,True,2,True
tokyo_109617_relational_after,109617,core,relational_after,2,2018_1909144__event_001,SELF,2018_1909144__event_001,True,3,True
tokyo_109617_relational_after,109617,core,relational_after,2,2018_1909144__event_001,NEXT,2018_1909144__event_002,True,4,True
tokyo_109617_relational_after,109617,core,relational_after,3,2018_1909144__event_002,SELF,2018_1909144__event_002,False,,True
tokyo_109617_relational_after,109617,core,relational_after,4,2018_1909199__event_001,SELF,2018_1909199__event_001,True,5,True
tokyo_109617_relational_after,109617,core,relational_after,4,2018_1909199__event_001,NEXT,2018_1909199__event_002,True,6,True
tokyo_109617_relational_after,109617,core,relational_after,5,2018_1909157__event_003,SELF,2018_1909157__event_003,True,7,True
tokyo_109621_relational_after,109621,core,relational_after,1,2018_1909384__event_001,SELF,2018_1909384__event_001,True,1,True
tokyo_109621_relational_after,109621,core,relational_after,1,2018_1909384__event_001,NEXT,2018_1909384__event_002,True,2,True
tokyo_109621_relational_after,109621,core,relational_after,2,2018_1909390__event_004,SELF,2018_1909390__event_004,True,3,True
tokyo_109621_relational_after,109621,core,relational_after,2,2018_1909390__event_004,NEXT,2018_1909390__event_005,True,4,True
tokyo_109621_relational_after,109621,core,relational_after,3,2018_1909383__event_003,SELF,2018_1909383__event_003,True,5,True
tokyo_109621_relational_after,109621,core,relational_after,3,2018_1909383__event_003,NEXT,2018_1909383__event_004,True,6,True
tokyo_109621_relational_after,109621,core,relational_after,4,2018_1909384__event_002,SELF,2018_1909384__event_002,False,,True
tokyo_109621_relational_after,109621,core,relational_after,5,2018_1909372__event_004,SELF,2018_1909372__event_004,True,7,True
tokyo_113499_relational_after,113499,core,relational_after,1,2018_1959244__event_001,SELF,2018_1959244__event_001,True,1,False
tokyo_113499_relational_after,113499,core,relational_after,1,2018_1959244__event_001,NEXT,2018_1959244__event_002,True,2,False
tokyo_113499_relational_after,113499,core,relational_after,2,2018_1959238__event_001,SELF,2018_1959238__event_001,True,3,False
tokyo_113499_relational_after,113499,core,relational_after,2,2018_1959238__event_001,NEXT,2018_1959238__event_002,True,4,False
tokyo_113499_relational_after,113499,core,relational_after,3,2018_1959244__event_002,SELF,2018_1959244__event_002,False,,False
tokyo_113499_relational_after,113499,core,relational_after,4,2018_1959238__event_002,SELF,2018_1959238__event_002,False,,False
tokyo_113499_relational_after,113499,core,relational_after,5,2018_1959234__event_002,SELF,2018_1959234__event_002,True,5,False
tokyo_113499_relational_after,113499,core,relational_after,5,2018_1959234__event_002,NEXT,2018_1959234__event_003,True,6,False
tokyo_113897_relational_after,113897,core,relational_after,1,2018_1963899__event_002,SELF,2018_1963899__event_002,True,1,False
tokyo_113897_relational_after,113897,core,relational_after,2,2018_1963899__event_001,SELF,2018_1963899__event_001,True,2,False
tokyo_113897_relational_after,113897,core,relational_after,2,2018_1963899__event_001,NEXT,2018_1963899__event_002,False,,False
tokyo_113897_relational_after,113897,core,relational_after,3,2018_1963895__event_002,SELF,2018_1963895__event_002,True,3,False
tokyo_113897_relational_after,113897,core,relational_after,4,2018_1963883__event_002,SELF,2018_1963883__event_002,True,4,False
tokyo_113897_relational_after,113897,core,relational_after,5,2018_1963883__event_001,SELF,2018_1963883__event_001,True,5,False
tokyo_113897_relational_after,113897,core,relational_after,5,2018_1963883__event_001,NEXT,2018_1963883__event_002,False,,False
tokyo_115855_relational_after,115855,core,relational_after,1,2018_1984790__event_004,SELF,2018_1984790__event_004,True,1,False
tokyo_115855_relational_after,115855,core,relational_after,2,2018_1984790__event_002,SELF,2018_1984790__event_002,True,2,False
tokyo_115855_relational_after,115855,core,relational_after,2,2018_1984790__event_002,NEXT,2018_1984790__event_003,True,3,False
tokyo_115855_relational_after,115855,core,relational_after,3,2018_1984790__event_003,SELF,2018_1984790__event_003,False,,False
tokyo_115855_relational_after,115855,core,relational_after,3,2018_1984790__event_003,NEXT,2018_1984790__event_004,False,,False
tokyo_115855_relational_after,115855,core,relational_after,4,2018_1984806__event_001,SELF,2018_1984806__event_001,True,4,False
tokyo_115855_relational_after,115855,core,relational_after,4,2018_1984806__event_001,NEXT,2018_1984806__event_002,True,5,False
tokyo_115855_relational_after,115855,core,relational_after,5,2018_1984807__event_001,SELF,2018_1984807__event_001,True,6,False
tokyo_115855_relational_after,115855,core,relational_after,5,2018_1984807__event_001,NEXT,2018_1984807__event_002,True,7,False
tokyo_1172_relational_after,1172,core,relational_after,1,2018_23942__event_003,SELF,2018_23942__event_003,True,1,True
tokyo_1172_relational_after,1172,core,relational_after,2,2018_23942__event_002,SELF,2018_23942__event_002,True,2,True
tokyo_1172_relational_after,1172,core,relational_after,2,2018_23942__event_002,NEXT,2018_23942__event_003,False,,True
tokyo_1172_relational_after,1172,core,relational_after,3,2018_23917__event_002,SELF,2018_23917__event_002,True,3,True
tokyo_1172_relational_after,1172,core,relational_after,4,2018_23917__event_001,SELF,2018_23917__event_001,True,4,True
tokyo_1172_relational_after,1172,core,relational_after,4,2018_23917__event_001,NEXT,2018_23917__event_002,False,,True
tokyo_1172_relational_after,1172,core,relational_after,5,2018_23942__event_001,SELF,2018_23942__event_001,True,5,True
tokyo_1172_relational_after,1172,core,relational_after,5,2018_23942__event_001,NEXT,2018_23942__event_002,False,,True
tokyo_119597_relational_after,119597,core,relational_after,1,2018_2023466__event_002,SELF,2018_2023466__event_002,True,1,False
tokyo_119597_relational_after,119597,core,relational_after,1,2018_2023466__event_002,NEXT,2018_2023466__event_003,True,2,False
tokyo_119597_relational_after,119597,core,relational_after,2,2018_2023466__event_001,SELF,2018_2023466__event_001,True,3,False
tokyo_119597_relational_after,119597,core,relational_after,2,2018_2023466__event_001,NEXT,2018_2023466__event_002,False,,False
tokyo_119597_relational_after,119597,core,relational_after,3,2018_2023466__event_003,SELF,2018_2023466__event_003,False,,False
tokyo_119597_relational_after,119597,core,relational_after,4,2018_2023460__event_001,SELF,2018_2023460__event_001,True,4,False
tokyo_119597_relational_after,119597,core,relational_after,4,2018_2023460__event_001,NEXT,2018_2023460__event_002,True,5,False
tokyo_119597_relational_after,119597,core,relational_after,5,2018_2023481__event_003,SELF,2018_2023481__event_003,True,6,False
tokyo_119597_relational_after,119597,core,relational_after,5,2018_2023481__event_003,NEXT,2018_2023481__event_004,True,7,False
tokyo_121554_relational_after,121554,core,relational_after,1,2018_2047595__event_001,SELF,2018_2047595__event_001,True,1,False
tokyo_121554_relational_after,121554,core,relational_after,1,2018_2047595__event_001,NEXT,2018_2047595__event_002,True,2,False
tokyo_121554_relational_after,121554,core,relational_after,2,2018_2047610__event_001,SELF,2018_2047610__event_001,True,3,False
tokyo_121554_relational_after,121554,core,relational_after,2,2018_2047610__event_001,NEXT,2018_2047610__event_002,True,4,False
tokyo_121554_relational_after,121554,core,relational_after,3,2018_2047595__event_002,SELF,2018_2047595__event_002,False,,False
tokyo_121554_relational_after,121554,core,relational_after,4,2018_2047610__event_002,SELF,2018_2047610__event_002,False,,False
tokyo_121554_relational_after,121554,core,relational_after,5,2018_2047609__event_002,SELF,2018_2047609__event_002,True,5,False
tokyo_121554_relational_after,121554,core,relational_after,5,2018_2047609__event_002,NEXT,2018_2047609__event_003,True,6,False
tokyo_126183_relational_after,126183,core,relational_after,1,2018_2118382__event_003,SELF,2018_2118382__event_003,True,1,True
tokyo_126183_relational_after,126183,core,relational_after,2,2018_2118390__event_002,SELF,2018_2118390__event_002,True,2,True
tokyo_126183_relational_after,126183,core,relational_after,2,2018_2118390__event_002,NEXT,2018_2118390__event_003,True,3,True
tokyo_126183_relational_after,126183,core,relational_after,3,2018_2118390__event_003,SELF,2018_2118390__event_003,False,,True
tokyo_126183_relational_after,126183,core,relational_after,4,2018_2118382__event_002,SELF,2018_2118382__event_002,True,4,True
tokyo_126183_relational_after,126183,core,relational_after,4,2018_2118382__event_002,NEXT,2018_2118382__event_003,False,,True
tokyo_126183_relational_after,126183,core,relational_after,5,2018_2118390__event_001,SELF,2018_2118390__event_001,True,5,True
tokyo_126183_relational_after,126183,core,relational_after,5,2018_2118390__event_001,NEXT,2018_2118390__event_002,False,,True
tokyo_127201_relational_after,127201,core,relational_after,1,2018_2134912__event_002,SELF,2018_2134912__event_002,True,1,False
tokyo_127201_relational_after,127201,core,relational_after,1,2018_2134912__event_002,NEXT,2018_2134912__event_003,True,2,False
tokyo_127201_relational_after,127201,core,relational_after,2,2018_2134938__event_005,SELF,2018_2134938__event_005,True,3,False
tokyo_127201_relational_after,127201,core,relational_after,2,2018_2134938__event_005,NEXT,2018_2134938__event_006,True,4,False
tokyo_127201_relational_after,127201,core,relational_after,3,2018_2134912__event_003,SELF,2018_2134912__event_003,False,,False
tokyo_127201_relational_after,127201,core,relational_after,4,2018_2134912__event_001,SELF,2018_2134912__event_001,True,5,False
tokyo_127201_relational_after,127201,core,relational_after,4,2018_2134912__event_001,NEXT,2018_2134912__event_002,False,,False
tokyo_127201_relational_after,127201,core,relational_after,5,2018_2134938__event_006,SELF,2018_2134938__event_006,False,,False
tokyo_129047_relational_after,129047,core,relational_after,1,2018_2163684__event_001,SELF,2018_2163684__event_001,True,1,False
tokyo_129047_relational_after,129047,core,relational_after,1,2018_2163684__event_001,NEXT,2018_2163684__event_002,True,2,False
tokyo_129047_relational_after,129047,core,relational_after,2,2018_2163684__event_002,SELF,2018_2163684__event_002,False,,False
tokyo_129047_relational_after,129047,core,relational_after,3,2018_2163669__event_001,SELF,2018_2163669__event_001,True,3,False
tokyo_129047_relational_after,129047,core,relational_after,3,2018_2163669__event_001,NEXT,2018_2163669__event_002,True,4,False
tokyo_129047_relational_after,129047,core,relational_after,4,2018_2163671__event_001,SELF,2018_2163671__event_001,True,5,False
tokyo_129047_relational_after,129047,core,relational_after,4,2018_2163671__event_001,NEXT,2018_2163671__event_002,True,6,False
tokyo_129047_relational_after,129047,core,relational_after,5,2018_2163674__event_001,SELF,2018_2163674__event_001,True,7,False
tokyo_129047_relational_after,129047,core,relational_after,5,2018_2163674__event_001,NEXT,2018_2163674__event_002,True,8,False
tokyo_130084_relational_after,130084,core,relational_after,1,2018_2179339__event_001,SELF,2018_2179339__event_001,True,1,True
tokyo_130084_relational_after,130084,core,relational_after,1,2018_2179339__event_001,NEXT,2018_2179339__event_002,True,2,True
tokyo_130084_relational_after,130084,core,relational_after,2,2018_2179326__event_002,SELF,2018_2179326__event_002,True,3,True
tokyo_130084_relational_after,130084,core,relational_after,3,2018_2179339__event_002,SELF,2018_2179339__event_002,False,,True
tokyo_130084_relational_after,130084,core,relational_after,4,2018_2179326__event_001,SELF,2018_2179326__event_001,True,4,True
tokyo_130084_relational_after,130084,core,relational_after,4,2018_2179326__event_001,NEXT,2018_2179326__event_002,False,,True
tokyo_130084_relational_after,130084,core,relational_after,5,2018_2179302__event_001,SELF,2018_2179302__event_001,True,5,True
tokyo_130084_relational_after,130084,core,relational_after,5,2018_2179302__event_001,NEXT,2018_2179302__event_002,True,6,True
tokyo_130568_relational_after,130568,core,relational_after,1,2018_2187169__event_001,SELF,2018_2187169__event_001,True,1,False
tokyo_130568_relational_after,130568,core,relational_after,1,2018_2187169__event_001,NEXT,2018_2187169__event_002,True,2,False
tokyo_130568_relational_after,130568,core,relational_after,2,2018_2187169__event_002,SELF,2018_2187169__event_002,False,,False
tokyo_130568_relational_after,130568,core,relational_after,3,2018_2187173__event_003,SELF,2018_2187173__event_003,True,3,False
tokyo_130568_relational_after,130568,core,relational_after,3,2018_2187173__event_003,NEXT,2018_2187173__event_004,True,4,False
tokyo_130568_relational_after,130568,core,relational_after,4,2018_2187173__event_002,SELF,2018_2187173__event_002,True,5,False
tokyo_130568_relational_after,130568,core,relational_after,4,2018_2187173__event_002,NEXT,2018_2187173__event_003,False,,False
tokyo_130568_relational_after,130568,core,relational_after,5,2018_2187164__event_002,SELF,2018_2187164__event_002,True,6,False
tokyo_130568_relational_after,130568,core,relational_after,5,2018_2187164__event_002,NEXT,2018_2187164__event_003,True,7,False
tokyo_130777_relational_after,130777,core,relational_after,1,2018_2190768__event_002,SELF,2018_2190768__event_002,True,1,False
tokyo_130777_relational_after,130777,core,relational_after,1,2018_2190768__event_002,NEXT,2018_2190768__event_003,True,2,False
tokyo_130777_relational_after,130777,core,relational_after,2,2018_2190688__event_001,SELF,2018_2190688__event_001,True,3,False
tokyo_130777_relational_after,130777,core,relational_after,2,2018_2190688__event_001,NEXT,2018_2190688__event_002,True,4,False
tokyo_130777_relational_after,130777,core,relational_after,3,2018_2190768__event_003,SELF,2018_2190768__event_003,False,,False
tokyo_130777_relational_after,130777,core,relational_after,3,2018_2190768__event_003,NEXT,2018_2190768__event_004,True,5,False
tokyo_130777_relational_after,130777,core,relational_after,4,2018_2190768__event_001,SELF,2018_2190768__event_001,True,6,False
tokyo_130777_relational_after,130777,core,relational_after,4,2018_2190768__event_001,NEXT,2018_2190768__event_002,False,,False
tokyo_130777_relational_after,130777,core,relational_after,5,2018_2190718__event_002,SELF,2018_2190718__event_002,True,7,False
tokyo_130872_relational_after,130872,core,relational_after,1,2018_2192458__event_001,SELF,2018_2192458__event_001,True,1,False
tokyo_130872_relational_after,130872,core,relational_after,1,2018_2192458__event_001,NEXT,2018_2192458__event_002,True,2,False
tokyo_130872_relational_after,130872,core,relational_after,2,2018_2192448__event_001,SELF,2018_2192448__event_001,True,3,False
tokyo_130872_relational_after,130872,core,relational_after,2,2018_2192448__event_001,NEXT,2018_2192448__event_002,True,4,False
tokyo_130872_relational_after,130872,core,relational_after,3,2018_2192468__event_001,SELF,2018_2192468__event_001,True,5,False
tokyo_130872_relational_after,130872,core,relational_after,3,2018_2192468__event_001,NEXT,2018_2192468__event_002,True,6,False
tokyo_130872_relational_after,130872,core,relational_after,4,2018_2192461__event_001,SELF,2018_2192461__event_001,True,7,False
tokyo_130872_relational_after,130872,core,relational_after,4,2018_2192461__event_001,NEXT,2018_2192461__event_002,True,8,False
tokyo_130872_relational_after,130872,core,relational_after,5,2018_2192457__event_003,SELF,2018_2192457__event_003,True,9,False
tokyo_131525_relational_after,131525,core,relational_after,1,2018_2202067__event_002,SELF,2018_2202067__event_002,True,1,False
tokyo_131525_relational_after,131525,core,relational_after,2,2018_2202067__event_001,SELF,2018_2202067__event_001,True,2,False
tokyo_131525_relational_after,131525,core,relational_after,2,2018_2202067__event_001,NEXT,2018_2202067__event_002,False,,False
tokyo_131525_relational_after,131525,core,relational_after,3,2018_2202061__event_001,SELF,2018_2202061__event_001,True,3,False
tokyo_131525_relational_after,131525,core,relational_after,3,2018_2202061__event_001,NEXT,2018_2202061__event_002,True,4,False
tokyo_131525_relational_after,131525,core,relational_after,4,2018_2202061__event_002,SELF,2018_2202061__event_002,False,,False
tokyo_131525_relational_after,131525,core,relational_after,5,2018_2202056__event_003,SELF,2018_2202056__event_003,True,5,False
tokyo_132723_relational_after,132723,core,relational_after,1,2018_2219866__event_002,SELF,2018_2219866__event_002,True,1,True
tokyo_132723_relational_after,132723,core,relational_after,2,2018_2219917__event_002,SELF,2018_2219917__event_002,True,2,True
tokyo_132723_relational_after,132723,core,relational_after,2,2018_2219917__event_002,NEXT,2018_2219917__event_003,True,3,True
tokyo_132723_relational_after,132723,core,relational_after,3,2018_2219894__event_002,SELF,2018_2219894__event_002,True,4,True
tokyo_132723_relational_after,132723,core,relational_after,4,2018_2219871__event_001,SELF,2018_2219871__event_001,True,5,True
tokyo_132723_relational_after,132723,core,relational_after,4,2018_2219871__event_001,NEXT,2018_2219871__event_002,True,6,True
tokyo_132723_relational_after,132723,core,relational_after,5,2018_2219866__event_001,SELF,2018_2219866__event_001,True,7,True
tokyo_132723_relational_after,132723,core,relational_after,5,2018_2219866__event_001,NEXT,2018_2219866__event_002,False,,True
tokyo_134307_relational_after,134307,core,relational_after,1,2018_2242033__event_003,SELF,2018_2242033__event_003,True,1,False
tokyo_134307_relational_after,134307,core,relational_after,2,2018_2242042__event_001,SELF,2018_2242042__event_001,True,2,False
tokyo_134307_relational_after,134307,core,relational_after,2,2018_2242042__event_001,NEXT,2018_2242042__event_002,True,3,False
tokyo_134307_relational_after,134307,core,relational_after,3,2018_2242033__event_002,SELF,2018_2242033__event_002,True,4,False
tokyo_134307_relational_after,134307,core,relational_after,3,2018_2242033__event_002,NEXT,2018_2242033__event_003,False,,False
tokyo_134307_relational_after,134307,core,relational_after,4,2018_2242042__event_002,SELF,2018_2242042__event_002,False,,False
tokyo_134307_relational_after,134307,core,relational_after,5,2018_2242033__event_001,SELF,2018_2242033__event_001,True,5,False
tokyo_134307_relational_after,134307,core,relational_after,5,2018_2242033__event_001,NEXT,2018_2242033__event_002,False,,False
tokyo_135393_relational_after,135393,core,relational_after,1,2018_2257268__event_001,SELF,2018_2257268__event_001,True,1,False
tokyo_135393_relational_after,135393,core,relational_after,1,2018_2257268__event_001,NEXT,2018_2257268__event_002,True,2,False
tokyo_135393_relational_after,135393,core,relational_after,2,2018_2257318__event_001,SELF,2018_2257318__event_001,True,3,False
tokyo_135393_relational_after,135393,core,relational_after,2,2018_2257318__event_001,NEXT,2018_2257318__event_002,True,4,False
tokyo_135393_relational_after,135393,core,relational_after,3,2018_2257274__event_002,SELF,2018_2257274__event_002,True,5,False
tokyo_135393_relational_after,135393,core,relational_after,3,2018_2257274__event_002,NEXT,2018_2257274__event_003,True,6,False
tokyo_135393_relational_after,135393,core,relational_after,4,2018_2257260__event_002,SELF,2018_2257260__event_002,True,7,False
tokyo_135393_relational_after,135393,core,relational_after,5,2018_2257276__event_001,SELF,2018_2257276__event_001,True,8,False
tokyo_135393_relational_after,135393,core,relational_after,5,2018_2257276__event_001,NEXT,2018_2257276__event_002,True,9,False
tokyo_138301_relational_after,138301,core,relational_after,1,2018_2294104__event_002,SELF,2018_2294104__event_002,True,1,False
tokyo_138301_relational_after,138301,core,relational_after,1,2018_2294104__event_002,NEXT,2018_2294104__event_003,True,2,False
tokyo_138301_relational_after,138301,core,relational_after,2,2018_2294104__event_003,SELF,2018_2294104__event_003,False,,False
tokyo_138301_relational_after,138301,core,relational_after,2,2018_2294104__event_003,NEXT,2018_2294104__event_004,True,3,False
tokyo_138301_relational_after,138301,core,relational_after,3,2018_2294100__event_001,SELF,2018_2294100__event_001,True,4,False
tokyo_138301_relational_after,138301,core,relational_after,3,2018_2294100__event_001,NEXT,2018_2294100__event_002,True,5,False
tokyo_138301_relational_after,138301,core,relational_after,4,2018_2294067__event_001,SELF,2018_2294067__event_001,True,6,False
tokyo_138301_relational_after,138301,core,relational_after,4,2018_2294067__event_001,NEXT,2018_2294067__event_002,True,7,False
tokyo_138301_relational_after,138301,core,relational_after,5,2018_2294132__event_001,SELF,2018_2294132__event_001,True,8,False
tokyo_138301_relational_after,138301,core,relational_after,5,2018_2294132__event_001,NEXT,2018_2294132__event_002,True,9,False
tokyo_139656_relational_after,139656,core,relational_after,1,2018_2308851__event_001,SELF,2018_2308851__event_001,True,1,True
tokyo_139656_relational_after,139656,core,relational_after,1,2018_2308851__event_001,NEXT,2018_2308851__event_002,True,2,True
tokyo_139656_relational_after,139656,core,relational_after,2,2018_2308851__event_002,SELF,2018_2308851__event_002,False,,True
tokyo_139656_relational_after,139656,core,relational_after,2,2018_2308851__event_002,NEXT,2018_2308851__event_003,True,3,True
tokyo_139656_relational_after,139656,core,relational_after,3,2018_2308866__event_001,SELF,2018_2308866__event_001,True,4,True
tokyo_139656_relational_after,139656,core,relational_after,3,2018_2308866__event_001,NEXT,2018_2308866__event_002,True,5,True
tokyo_139656_relational_after,139656,core,relational_after,4,2018_2308866__event_002,SELF,2018_2308866__event_002,False,,True
tokyo_139656_relational_after,139656,core,relational_after,5,2018_2308868__event_001,SELF,2018_2308868__event_001,True,6,True
tokyo_139656_relational_after,139656,core,relational_after,5,2018_2308868__event_001,NEXT,2018_2308868__event_002,True,7,True
tokyo_140734_relational_after,140734,core,relational_after,1,2018_2320244__event_002,SELF,2018_2320244__event_002,True,1,False
tokyo_140734_relational_after,140734,core,relational_after,2,2018_2320244__event_001,SELF,2018_2320244__event_001,True,2,False
tokyo_140734_relational_after,140734,core,relational_after,2,2018_2320244__event_001,NEXT,2018_2320244__event_002,False,,False
tokyo_140734_relational_after,140734,core,relational_after,3,2018_2320243__event_002,SELF,2018_2320243__event_002,True,3,False
tokyo_140734_relational_after,140734,core,relational_after,4,2018_2320253__event_004,SELF,2018_2320253__event_004,True,4,False
tokyo_140734_relational_after,140734,core,relational_after,5,2018_2320242__event_001,SELF,2018_2320242__event_001,True,5,False
tokyo_140734_relational_after,140734,core,relational_after,5,2018_2320242__event_001,NEXT,2018_2320242__event_002,True,6,False
tokyo_140775_relational_after,140775,core,relational_after,1,2018_2320657__event_002,SELF,2018_2320657__event_002,True,1,False
tokyo_140775_relational_after,140775,core,relational_after,2,2018_2320676__event_001,SELF,2018_2320676__event_001,True,2,False
tokyo_140775_relational_after,140775,core,relational_after,2,2018_2320676__event_001,NEXT,2018_2320676__event_002,True,3,False
tokyo_140775_relational_after,140775,core,relational_after,3,2018_2320665__event_001,SELF,2018_2320665__event_001,True,4,False
tokyo_140775_relational_after,140775,core,relational_after,3,2018_2320665__event_001,NEXT,2018_2320665__event_002,True,5,False
tokyo_140775_relational_after,140775,core,relational_after,4,2018_2320660__event_001,SELF,2018_2320660__event_001,True,6,False
tokyo_140775_relational_after,140775,core,relational_after,4,2018_2320660__event_001,NEXT,2018_2320660__event_002,True,7,False
tokyo_140775_relational_after,140775,core,relational_after,5,2018_2320657__event_001,SELF,2018_2320657__event_001,True,8,False
tokyo_140775_relational_after,140775,core,relational_after,5,2018_2320657__event_001,NEXT,2018_2320657__event_002,False,,False
tokyo_149225_relational_after,149225,core,relational_after,1,2018_2402528__event_001,SELF,2018_2402528__event_001,True,1,False
tokyo_149225_relational_after,149225,core,relational_after,1,2018_2402528__event_001,NEXT,2018_2402528__event_002,True,2,False
tokyo_149225_relational_after,149225,core,relational_after,2,2018_2402531__event_001,SELF,2018_2402531__event_001,True,3,False
tokyo_149225_relational_after,149225,core,relational_after,2,2018_2402531__event_001,NEXT,2018_2402531__event_002,True,4,False
tokyo_149225_relational_after,149225,core,relational_after,3,2018_2402538__event_001,SELF,2018_2402538__event_001,True,5,False
tokyo_149225_relational_after,149225,core,relational_after,3,2018_2402538__event_001,NEXT,2018_2402538__event_002,True,6,False
tokyo_149225_relational_after,149225,core,relational_after,4,2018_2402537__event_002,SELF,2018_2402537__event_002,True,7,False
tokyo_149225_relational_after,149225,core,relational_after,4,2018_2402537__event_002,NEXT,2018_2402537__event_003,True,8,False
tokyo_149225_relational_after,149225,core,relational_after,5,2018_2402534__event_001,SELF,2018_2402534__event_001,True,9,False
tokyo_149225_relational_after,149225,core,relational_after,5,2018_2402534__event_001,NEXT,2018_2402534__event_002,True,10,False
tokyo_152722_relational_after,152722,core,relational_after,1,2018_2446506__event_002,SELF,2018_2446506__event_002,True,1,False
tokyo_152722_relational_after,152722,core,relational_after,2,2018_2446524__event_005,SELF,2018_2446524__event_005,True,2,False
tokyo_152722_relational_after,152722,core,relational_after,3,2018_2446527__event_001,SELF,2018_2446527__event_001,True,3,False
tokyo_152722_relational_after,152722,core,relational_after,3,2018_2446527__event_001,NEXT,2018_2446527__event_002,True,4,False
tokyo_152722_relational_after,152722,core,relational_after,4,2018_2446506__event_001,SELF,2018_2446506__event_001,True,5,False
tokyo_152722_relational_after,152722,core,relational_after,4,2018_2446506__event_001,NEXT,2018_2446506__event_002,False,,False
tokyo_152722_relational_after,152722,core,relational_after,5,2018_2446527__event_002,SELF,2018_2446527__event_002,False,,False
tokyo_156873_relational_after,156873,core,relational_after,1,2018_2498120__event_002,SELF,2018_2498120__event_002,True,1,True
tokyo_156873_relational_after,156873,core,relational_after,2,2018_2498120__event_001,SELF,2018_2498120__event_001,True,2,True
tokyo_156873_relational_after,156873,core,relational_after,2,2018_2498120__event_001,NEXT,2018_2498120__event_002,False,,True
tokyo_156873_relational_after,156873,core,relational_after,3,2018_2498119__event_001,SELF,2018_2498119__event_001,True,3,True
tokyo_156873_relational_after,156873,core,relational_after,3,2018_2498119__event_001,NEXT,2018_2498119__event_002,True,4,True
tokyo_156873_relational_after,156873,core,relational_after,4,2018_2498165__event_001,SELF,2018_2498165__event_001,True,5,True
tokyo_156873_relational_after,156873,core,relational_after,4,2018_2498165__event_001,NEXT,2018_2498165__event_002,True,6,True
tokyo_156873_relational_after,156873,core,relational_after,5,2018_2498133__event_002,SELF,2018_2498133__event_002,True,7,True
tokyo_167728_relational_after,167728,core,relational_after,1,2018_2604406__event_002,SELF,2018_2604406__event_002,True,1,True
tokyo_167728_relational_after,167728,core,relational_after,2,2018_2604352__event_005,SELF,2018_2604352__event_005,True,2,True
tokyo_167728_relational_after,167728,core,relational_after,3,2018_2604406__event_001,SELF,2018_2604406__event_001,True,3,True
tokyo_167728_relational_after,167728,core,relational_after,3,2018_2604406__event_001,NEXT,2018_2604406__event_002,False,,True
tokyo_167728_relational_after,167728,core,relational_after,4,2018_2604396__event_001,SELF,2018_2604396__event_001,True,4,True
tokyo_167728_relational_after,167728,core,relational_after,4,2018_2604396__event_001,NEXT,2018_2604396__event_002,True,5,True
tokyo_167728_relational_after,167728,core,relational_after,5,2018_2604352__event_003,SELF,2018_2604352__event_003,True,6,True
tokyo_167728_relational_after,167728,core,relational_after,5,2018_2604352__event_003,NEXT,2018_2604352__event_004,True,7,True
tokyo_169053_relational_after,169053,core,relational_after,1,2018_2620268__event_001,SELF,2018_2620268__event_001,True,1,False
tokyo_169053_relational_after,169053,core,relational_after,1,2018_2620268__event_001,NEXT,2018_2620268__event_002,True,2,False
tokyo_169053_relational_after,169053,core,relational_after,2,2018_2620302__event_002,SELF,2018_2620302__event_002,True,3,False
tokyo_169053_relational_after,169053,core,relational_after,2,2018_2620302__event_002,NEXT,2018_2620302__event_003,True,4,False
tokyo_169053_relational_after,169053,core,relational_after,3,2018_2620285__event_002,SELF,2018_2620285__event_002,True,5,False
tokyo_169053_relational_after,169053,core,relational_after,3,2018_2620285__event_002,NEXT,2018_2620285__event_003,True,6,False
tokyo_169053_relational_after,169053,core,relational_after,4,2018_2620302__event_001,SELF,2018_2620302__event_001,True,7,False
tokyo_169053_relational_after,169053,core,relational_after,4,2018_2620302__event_001,NEXT,2018_2620302__event_002,False,,False
tokyo_169053_relational_after,169053,core,relational_after,5,2018_2620268__event_002,SELF,2018_2620268__event_002,False,,False
tokyo_171659_relational_after,171659,core,relational_after,1,2018_2647177__event_004,SELF,2018_2647177__event_004,True,1,False
tokyo_171659_relational_after,171659,core,relational_after,2,2018_2647177__event_003,SELF,2018_2647177__event_003,True,2,False
tokyo_171659_relational_after,171659,core,relational_after,2,2018_2647177__event_003,NEXT,2018_2647177__event_004,False,,False
tokyo_171659_relational_after,171659,core,relational_after,3,2018_2647177__event_002,SELF,2018_2647177__event_002,True,3,False
tokyo_171659_relational_after,171659,core,relational_after,3,2018_2647177__event_002,NEXT,2018_2647177__event_003,False,,False
tokyo_171659_relational_after,171659,core,relational_after,4,2018_2647205__event_002,SELF,2018_2647205__event_002,True,4,False
tokyo_171659_relational_after,171659,core,relational_after,5,2018_2647199__event_002,SELF,2018_2647199__event_002,True,5,False
tokyo_178798_relational_after,178798,core,relational_after,1,2018_2707923__event_001,SELF,2018_2707923__event_001,True,1,False
tokyo_178798_relational_after,178798,core,relational_after,1,2018_2707923__event_001,NEXT,2018_2707923__event_002,True,2,False
tokyo_178798_relational_after,178798,core,relational_after,2,2018_2707923__event_002,SELF,2018_2707923__event_002,False,,False
tokyo_178798_relational_after,178798,core,relational_after,3,2018_2707929__event_001,SELF,2018_2707929__event_001,True,3,False
tokyo_178798_relational_after,178798,core,relational_after,3,2018_2707929__event_001,NEXT,2018_2707929__event_002,True,4,False
tokyo_178798_relational_after,178798,core,relational_after,4,2018_2707932__event_002,SELF,2018_2707932__event_002,True,5,False
tokyo_178798_relational_after,178798,core,relational_after,4,2018_2707932__event_002,NEXT,2018_2707932__event_003,True,6,False
tokyo_178798_relational_after,178798,core,relational_after,5,2018_2707926__event_003,SELF,2018_2707926__event_003,True,7,False
tokyo_19379_relational_after,19379,core,relational_after,1,2018_395480__event_002,SELF,2018_395480__event_002,True,1,True
tokyo_19379_relational_after,19379,core,relational_after,2,2018_395480__event_001,SELF,2018_395480__event_001,True,2,True
tokyo_19379_relational_after,19379,core,relational_after,2,2018_395480__event_001,NEXT,2018_395480__event_002,False,,True
tokyo_19379_relational_after,19379,core,relational_after,3,2018_395513__event_002,SELF,2018_395513__event_002,True,3,True
tokyo_19379_relational_after,19379,core,relational_after,4,2018_395513__event_001,SELF,2018_395513__event_001,True,4,True
tokyo_19379_relational_after,19379,core,relational_after,4,2018_395513__event_001,NEXT,2018_395513__event_002,False,,True
tokyo_19379_relational_after,19379,core,relational_after,5,2018_395362__event_003,SELF,2018_395362__event_003,True,5,True
tokyo_210254_relational_after,210254,core,relational_after,1,2018_2949678__event_001,SELF,2018_2949678__event_001,True,1,False
tokyo_210254_relational_after,210254,core,relational_after,1,2018_2949678__event_001,NEXT,2018_2949678__event_002,True,2,False
tokyo_210254_relational_after,210254,core,relational_after,2,2018_2949678__event_002,SELF,2018_2949678__event_002,False,,False
tokyo_210254_relational_after,210254,core,relational_after,3,2018_2949696__event_004,SELF,2018_2949696__event_004,True,3,False
tokyo_210254_relational_after,210254,core,relational_after,4,2018_2949695__event_002,SELF,2018_2949695__event_002,True,4,False
tokyo_210254_relational_after,210254,core,relational_after,5,2018_2949702__event_001,SELF,2018_2949702__event_001,True,5,False
tokyo_210254_relational_after,210254,core,relational_after,5,2018_2949702__event_001,NEXT,2018_2949702__event_002,True,6,False
tokyo_223807_relational_after,223807,core,relational_after,1,2018_3045880__event_002,SELF,2018_3045880__event_002,True,1,False
tokyo_223807_relational_after,223807,core,relational_after,2,2018_3045880__event_001,SELF,2018_3045880__event_001,True,2,False
tokyo_223807_relational_after,223807,core,relational_after,2,2018_3045880__event_001,NEXT,2018_3045880__event_002,False,,False
tokyo_223807_relational_after,223807,core,relational_after,3,2018_3045879__event_003,SELF,2018_3045879__event_003,True,3,False
tokyo_223807_relational_after,223807,core,relational_after,3,2018_3045879__event_003,NEXT,2018_3045879__event_004,True,4,False
tokyo_223807_relational_after,223807,core,relational_after,4,2018_3045900__event_002,SELF,2018_3045900__event_002,True,5,False
tokyo_223807_relational_after,223807,core,relational_after,5,2018_3045900__event_001,SELF,2018_3045900__event_001,True,6,False
tokyo_223807_relational_after,223807,core,relational_after,5,2018_3045900__event_001,NEXT,2018_3045900__event_002,False,,False
tokyo_2309_relational_after,2309,core,relational_after,1,2018_50057__event_002,SELF,2018_50057__event_002,True,1,False
tokyo_2309_relational_after,2309,core,relational_after,1,2018_50057__event_002,NEXT,2018_50057__event_003,True,2,False
tokyo_2309_relational_after,2309,core,relational_after,2,2018_50057__event_001,SELF,2018_50057__event_001,True,3,False
tokyo_2309_relational_after,2309,core,relational_after,2,2018_50057__event_001,NEXT,2018_50057__event_002,False,,False
tokyo_2309_relational_after,2309,core,relational_after,3,2018_50035__event_004,SELF,2018_50035__event_004,True,4,False
tokyo_2309_relational_after,2309,core,relational_after,4,2018_50037__event_002,SELF,2018_50037__event_002,True,5,False
tokyo_2309_relational_after,2309,core,relational_after,4,2018_50037__event_002,NEXT,2018_50037__event_003,True,6,False
tokyo_2309_relational_after,2309,core,relational_after,5,2018_50035__event_003,SELF,2018_50035__event_003,True,7,False
tokyo_2309_relational_after,2309,core,relational_after,5,2018_50035__event_003,NEXT,2018_50035__event_004,False,,False
tokyo_23925_relational_after,23925,core,relational_after,1,2018_485898__event_001,SELF,2018_485898__event_001,True,1,False
tokyo_23925_relational_after,23925,core,relational_after,1,2018_485898__event_001,NEXT,2018_485898__event_002,True,2,False
tokyo_23925_relational_after,23925,core,relational_after,2,2018_485898__event_002,SELF,2018_485898__event_002,False,,False
tokyo_23925_relational_after,23925,core,relational_after,3,2018_485933__event_002,SELF,2018_485933__event_002,True,3,False
tokyo_23925_relational_after,23925,core,relational_after,3,2018_485933__event_002,NEXT,2018_485933__event_003,True,4,False
tokyo_23925_relational_after,23925,core,relational_after,4,2018_485910__event_003,SELF,2018_485910__event_003,True,5,False
tokyo_23925_relational_after,23925,core,relational_after,4,2018_485910__event_003,NEXT,2018_485910__event_004,True,6,False
tokyo_23925_relational_after,23925,core,relational_after,5,2018_485902__event_002,SELF,2018_485902__event_002,True,7,False
tokyo_24620_relational_after,24620,core,relational_after,1,2018_500321__event_001,SELF,2018_500321__event_001,True,1,True
tokyo_24620_relational_after,24620,core,relational_after,1,2018_500321__event_001,NEXT,2018_500321__event_002,True,2,True
tokyo_24620_relational_after,24620,core,relational_after,2,2018_500330__event_001,SELF,2018_500330__event_001,True,3,True
tokyo_24620_relational_after,24620,core,relational_after,2,2018_500330__event_001,NEXT,2018_500330__event_002,True,4,True
tokyo_24620_relational_after,24620,core,relational_after,3,2018_500337__event_001,SELF,2018_500337__event_001,True,5,True
tokyo_24620_relational_after,24620,core,relational_after,3,2018_500337__event_001,NEXT,2018_500337__event_002,True,6,True
tokyo_24620_relational_after,24620,core,relational_after,4,2018_500357__event_001,SELF,2018_500357__event_001,True,7,True
tokyo_24620_relational_after,24620,core,relational_after,4,2018_500357__event_001,NEXT,2018_500357__event_002,True,8,True
tokyo_24620_relational_after,24620,core,relational_after,5,2018_500305__event_001,SELF,2018_500305__event_001,True,9,True
tokyo_24620_relational_after,24620,core,relational_after,5,2018_500305__event_001,NEXT,2018_500305__event_002,True,10,True
tokyo_24664_relational_after,24664,core,relational_after,1,2018_501939__event_007,SELF,2018_501939__event_007,True,1,True
tokyo_24664_relational_after,24664,core,relational_after,1,2018_501939__event_007,NEXT,2018_501939__event_008,True,2,True
tokyo_24664_relational_after,24664,core,relational_after,2,2018_501939__event_006,SELF,2018_501939__event_006,True,3,True
tokyo_24664_relational_after,24664,core,relational_after,2,2018_501939__event_006,NEXT,2018_501939__event_007,False,,True
tokyo_24664_relational_after,24664,core,relational_after,3,2018_501939__event_005,SELF,2018_501939__event_005,True,4,True
tokyo_24664_relational_after,24664,core,relational_after,3,2018_501939__event_005,NEXT,2018_501939__event_006,False,,True
tokyo_24664_relational_after,24664,core,relational_after,4,2018_501939__event_002,SELF,2018_501939__event_002,True,5,True
tokyo_24664_relational_after,24664,core,relational_after,4,2018_501939__event_002,NEXT,2018_501939__event_003,True,6,True
tokyo_24664_relational_after,24664,core,relational_after,5,2018_501939__event_003,SELF,2018_501939__event_003,False,,True
tokyo_24664_relational_after,24664,core,relational_after,5,2018_501939__event_003,NEXT,2018_501939__event_004,True,7,True
tokyo_24765_relational_after,24765,core,relational_after,1,2018_504026__event_002,SELF,2018_504026__event_002,True,1,True
tokyo_24765_relational_after,24765,core,relational_after,1,2018_504026__event_002,NEXT,2018_504026__event_003,True,2,True
tokyo_24765_relational_after,24765,core,relational_after,2,2018_504026__event_003,SELF,2018_504026__event_003,False,,True
tokyo_24765_relational_after,24765,core,relational_after,3,2018_504033__event_001,SELF,2018_504033__event_001,True,3,True
tokyo_24765_relational_after,24765,core,relational_after,3,2018_504033__event_001,NEXT,2018_504033__event_002,True,4,True
tokyo_24765_relational_after,24765,core,relational_after,4,2018_503991__event_002,SELF,2018_503991__event_002,True,5,True
tokyo_24765_relational_after,24765,core,relational_after,5,2018_503989__event_002,SELF,2018_503989__event_002,True,6,True
tokyo_254908_relational_after,254908,core,relational_after,1,2018_3245115__event_003,SELF,2018_3245115__event_003,True,1,False
tokyo_254908_relational_after,254908,core,relational_after,1,2018_3245115__event_003,NEXT,2018_3245115__event_004,True,2,False
tokyo_254908_relational_after,254908,core,relational_after,2,2018_3245120__event_001,SELF,2018_3245120__event_001,True,3,False
tokyo_254908_relational_after,254908,core,relational_after,2,2018_3245120__event_001,NEXT,2018_3245120__event_002,True,4,False
tokyo_254908_relational_after,254908,core,relational_after,3,2018_3245104__event_002,SELF,2018_3245104__event_002,True,5,False
tokyo_254908_relational_after,254908,core,relational_after,3,2018_3245104__event_002,NEXT,2018_3245104__event_003,True,6,False
tokyo_254908_relational_after,254908,core,relational_after,4,2018_3245113__event_001,SELF,2018_3245113__event_001,True,7,False
tokyo_254908_relational_after,254908,core,relational_after,4,2018_3245113__event_001,NEXT,2018_3245113__event_002,True,8,False
tokyo_254908_relational_after,254908,core,relational_after,5,2018_3245104__event_003,SELF,2018_3245104__event_003,False,,False
tokyo_259163_relational_after,259163,core,relational_after,1,2018_3271945__event_003,SELF,2018_3271945__event_003,True,1,False
tokyo_259163_relational_after,259163,core,relational_after,2,2018_3271951__event_002,SELF,2018_3271951__event_002,True,2,False
tokyo_259163_relational_after,259163,core,relational_after,3,2018_3271983__event_004,SELF,2018_3271983__event_004,True,3,False
tokyo_259163_relational_after,259163,core,relational_after,4,2018_3271967__event_001,SELF,2018_3271967__event_001,True,4,False
tokyo_259163_relational_after,259163,core,relational_after,4,2018_3271967__event_001,NEXT,2018_3271967__event_002,True,5,False
tokyo_259163_relational_after,259163,core,relational_after,5,2018_3271951__event_001,SELF,2018_3271951__event_001,True,6,False
tokyo_259163_relational_after,259163,core,relational_after,5,2018_3271951__event_001,NEXT,2018_3271951__event_002,False,,False
tokyo_263152_relational_after,263152,core,relational_after,1,2018_3295464__event_001,SELF,2018_3295464__event_001,True,1,False
tokyo_263152_relational_after,263152,core,relational_after,1,2018_3295464__event_001,NEXT,2018_3295464__event_002,True,2,False
tokyo_263152_relational_after,263152,core,relational_after,2,2018_3295464__event_002,SELF,2018_3295464__event_002,False,,False
tokyo_263152_relational_after,263152,core,relational_after,3,2018_3295444__event_003,SELF,2018_3295444__event_003,True,3,False
tokyo_263152_relational_after,263152,core,relational_after,4,2018_3295457__event_002,SELF,2018_3295457__event_002,True,4,False
tokyo_263152_relational_after,263152,core,relational_after,5,2018_3295457__event_001,SELF,2018_3295457__event_001,True,5,False
tokyo_263152_relational_after,263152,core,relational_after,5,2018_3295457__event_001,NEXT,2018_3295457__event_002,False,,False
tokyo_264627_relational_after,264627,core,relational_after,1,2018_3303923__event_002,SELF,2018_3303923__event_002,True,1,True
tokyo_264627_relational_after,264627,core,relational_after,1,2018_3303923__event_002,NEXT,2018_3303923__event_003,True,2,True
tokyo_264627_relational_after,264627,core,relational_after,2,2018_3303957__event_001,SELF,2018_3303957__event_001,True,3,True
tokyo_264627_relational_after,264627,core,relational_after,2,2018_3303957__event_001,NEXT,2018_3303957__event_002,True,4,True
tokyo_264627_relational_after,264627,core,relational_after,3,2018_3303906__event_002,SELF,2018_3303906__event_002,True,5,True
tokyo_264627_relational_after,264627,core,relational_after,3,2018_3303906__event_002,NEXT,2018_3303906__event_003,True,6,True
tokyo_264627_relational_after,264627,core,relational_after,4,2018_3303923__event_001,SELF,2018_3303923__event_001,True,7,True
tokyo_264627_relational_after,264627,core,relational_after,4,2018_3303923__event_001,NEXT,2018_3303923__event_002,False,,True
tokyo_264627_relational_after,264627,core,relational_after,5,2018_3303886__event_001,SELF,2018_3303886__event_001,True,8,True
tokyo_264627_relational_after,264627,core,relational_after,5,2018_3303886__event_001,NEXT,2018_3303886__event_002,True,9,True
tokyo_267704_relational_after,267704,core,relational_after,1,2018_3322363__event_002,SELF,2018_3322363__event_002,True,1,False
tokyo_267704_relational_after,267704,core,relational_after,1,2018_3322363__event_002,NEXT,2018_3322363__event_003,True,2,False
tokyo_267704_relational_after,267704,core,relational_after,2,2018_3322363__event_001,SELF,2018_3322363__event_001,True,3,False
tokyo_267704_relational_after,267704,core,relational_after,2,2018_3322363__event_001,NEXT,2018_3322363__event_002,False,,False
tokyo_267704_relational_after,267704,core,relational_after,3,2018_3322365__event_002,SELF,2018_3322365__event_002,True,4,False
tokyo_267704_relational_after,267704,core,relational_after,4,2018_3322362__event_001,SELF,2018_3322362__event_001,True,5,False
tokyo_267704_relational_after,267704,core,relational_after,4,2018_3322362__event_001,NEXT,2018_3322362__event_002,True,6,False
tokyo_267704_relational_after,267704,core,relational_after,5,2018_3322359__event_005,SELF,2018_3322359__event_005,True,7,False
tokyo_267704_relational_after,267704,core,relational_after,5,2018_3322359__event_005,NEXT,2018_3322359__event_006,True,8,False
tokyo_26786_relational_after,26786,core,relational_after,1,2018_543238__event_002,SELF,2018_543238__event_002,True,1,True
tokyo_26786_relational_after,26786,core,relational_after,2,2018_543238__event_001,SELF,2018_543238__event_001,True,2,True
tokyo_26786_relational_after,26786,core,relational_after,2,2018_543238__event_001,NEXT,2018_543238__event_002,False,,True
tokyo_26786_relational_after,26786,core,relational_after,3,2018_543175__event_003,SELF,2018_543175__event_003,True,3,True
tokyo_26786_relational_after,26786,core,relational_after,3,2018_543175__event_003,NEXT,2018_543175__event_004,True,4,True
tokyo_26786_relational_after,26786,core,relational_after,4,2018_543184__event_001,SELF,2018_543184__event_001,True,5,True
tokyo_26786_relational_after,26786,core,relational_after,4,2018_543184__event_001,NEXT,2018_543184__event_002,True,6,True
tokyo_26786_relational_after,26786,core,relational_after,5,2018_543240__event_001,SELF,2018_543240__event_001,True,7,True
tokyo_26786_relational_after,26786,core,relational_after,5,2018_543240__event_001,NEXT,2018_543240__event_002,True,8,True
tokyo_277915_relational_after,277915,core,relational_after,1,2018_3383909__event_002,SELF,2018_3383909__event_002,True,1,False
tokyo_277915_relational_after,277915,core,relational_after,2,2018_3383909__event_001,SELF,2018_3383909__event_001,True,2,False
tokyo_277915_relational_after,277915,core,relational_after,2,2018_3383909__event_001,NEXT,2018_3383909__event_002,False,,False
tokyo_277915_relational_after,277915,core,relational_after,3,2018_3383898__event_002,SELF,2018_3383898__event_002,True,3,False
tokyo_277915_relational_after,277915,core,relational_after,3,2018_3383898__event_002,NEXT,2018_3383898__event_003,True,4,False
tokyo_277915_relational_after,277915,core,relational_after,4,2018_3383896__event_002,SELF,2018_3383896__event_002,True,5,False
tokyo_277915_relational_after,277915,core,relational_after,5,2018_3383887__event_003,SELF,2018_3383887__event_003,True,6,False
tokyo_280210_relational_after,280210,core,relational_after,1,2018_3396831__event_001,SELF,2018_3396831__event_001,True,1,True
tokyo_280210_relational_after,280210,core,relational_after,1,2018_3396831__event_001,NEXT,2018_3396831__event_002,True,2,True
tokyo_280210_relational_after,280210,core,relational_after,2,2018_3396831__event_002,SELF,2018_3396831__event_002,False,,True
tokyo_280210_relational_after,280210,core,relational_after,2,2018_3396831__event_002,NEXT,2018_3396831__event_003,True,3,True
tokyo_280210_relational_after,280210,core,relational_after,3,2018_3396788__event_001,SELF,2018_3396788__event_001,True,4,True
tokyo_280210_relational_after,280210,core,relational_after,3,2018_3396788__event_001,NEXT,2018_3396788__event_002,True,5,True
tokyo_280210_relational_after,280210,core,relational_after,4,2018_3396788__event_002,SELF,2018_3396788__event_002,False,,True
tokyo_280210_relational_after,280210,core,relational_after,4,2018_3396788__event_002,NEXT,2018_3396788__event_003,True,6,True
tokyo_280210_relational_after,280210,core,relational_after,5,2018_3396837__event_002,SELF,2018_3396837__event_002,True,7,True
tokyo_280210_relational_after,280210,core,relational_after,5,2018_3396837__event_002,NEXT,2018_3396837__event_003,True,8,True
tokyo_281448_relational_after,281448,core,relational_after,1,2018_3403849__event_001,SELF,2018_3403849__event_001,True,1,False
tokyo_281448_relational_after,281448,core,relational_after,1,2018_3403849__event_001,NEXT,2018_3403849__event_002,True,2,False
tokyo_281448_relational_after,281448,core,relational_after,2,2018_3403853__event_002,SELF,2018_3403853__event_002,True,3,False
tokyo_281448_relational_after,281448,core,relational_after,2,2018_3403853__event_002,NEXT,2018_3403853__event_003,True,4,False
tokyo_281448_relational_after,281448,core,relational_after,3,2018_3403860__event_002,SELF,2018_3403860__event_002,True,5,False
tokyo_281448_relational_after,281448,core,relational_after,3,2018_3403860__event_002,NEXT,2018_3403860__event_003,True,6,False
tokyo_281448_relational_after,281448,core,relational_after,4,2018_3403825__event_001,SELF,2018_3403825__event_001,True,7,False
tokyo_281448_relational_after,281448,core,relational_after,4,2018_3403825__event_001,NEXT,2018_3403825__event_002,True,8,False
tokyo_281448_relational_after,281448,core,relational_after,5,2018_3403862__event_001,SELF,2018_3403862__event_001,True,9,False
tokyo_281448_relational_after,281448,core,relational_after,5,2018_3403862__event_001,NEXT,2018_3403862__event_002,True,10,False
tokyo_283450_relational_after,283450,core,relational_after,1,2018_3416120__event_001,SELF,2018_3416120__event_001,True,1,True
tokyo_283450_relational_after,283450,core,relational_after,1,2018_3416120__event_001,NEXT,2018_3416120__event_002,True,2,True
tokyo_283450_relational_after,283450,core,relational_after,2,2018_3416086__event_001,SELF,2018_3416086__event_001,True,3,True
tokyo_283450_relational_after,283450,core,relational_after,2,2018_3416086__event_001,NEXT,2018_3416086__event_002,True,4,True
tokyo_283450_relational_after,283450,core,relational_after,3,2018_3416086__event_002,SELF,2018_3416086__event_002,False,,True
tokyo_283450_relational_after,283450,core,relational_after,4,2018_3416120__event_002,SELF,2018_3416120__event_002,False,,True
tokyo_283450_relational_after,283450,core,relational_after,4,2018_3416120__event_002,NEXT,2018_3416120__event_003,True,5,True
tokyo_283450_relational_after,283450,core,relational_after,5,2018_3416149__event_003,SELF,2018_3416149__event_003,True,6,True
tokyo_286142_relational_after,286142,core,relational_after,1,2018_3433040__event_002,SELF,2018_3433040__event_002,True,1,False
tokyo_286142_relational_after,286142,core,relational_after,2,2018_3433040__event_001,SELF,2018_3433040__event_001,True,2,False
tokyo_286142_relational_after,286142,core,relational_after,2,2018_3433040__event_001,NEXT,2018_3433040__event_002,False,,False
tokyo_286142_relational_after,286142,core,relational_after,3,2018_3433027__event_001,SELF,2018_3433027__event_001,True,3,False
tokyo_286142_relational_after,286142,core,relational_after,3,2018_3433027__event_001,NEXT,2018_3433027__event_002,True,4,False
tokyo_286142_relational_after,286142,core,relational_after,4,2018_3433026__event_001,SELF,2018_3433026__event_001,True,5,False
tokyo_286142_relational_after,286142,core,relational_after,4,2018_3433026__event_001,NEXT,2018_3433026__event_002,True,6,False
tokyo_286142_relational_after,286142,core,relational_after,5,2018_3433030__event_002,SELF,2018_3433030__event_002,True,7,False
tokyo_286382_relational_after,286382,core,relational_after,1,2018_3434342__event_001,SELF,2018_3434342__event_001,True,1,False
tokyo_286382_relational_after,286382,core,relational_after,1,2018_3434342__event_001,NEXT,2018_3434342__event_002,True,2,False
tokyo_286382_relational_after,286382,core,relational_after,2,2018_3434342__event_002,SELF,2018_3434342__event_002,False,,False
tokyo_286382_relational_after,286382,core,relational_after,3,2018_3434333__event_001,SELF,2018_3434333__event_001,True,3,False
tokyo_286382_relational_after,286382,core,relational_after,3,2018_3434333__event_001,NEXT,2018_3434333__event_002,True,4,False
tokyo_286382_relational_after,286382,core,relational_after,4,2018_3434333__event_002,SELF,2018_3434333__event_002,False,,False
tokyo_286382_relational_after,286382,core,relational_after,5,2018_3434359__event_002,SELF,2018_3434359__event_002,True,5,False
tokyo_28664_relational_after,28664,core,relational_after,1,2018_580044__event_006,SELF,2018_580044__event_006,True,1,True
tokyo_28664_relational_after,28664,core,relational_after,1,2018_580044__event_006,NEXT,2018_580044__event_007,True,2,True
tokyo_28664_relational_after,28664,core,relational_after,2,2018_580044__event_007,SELF,2018_580044__event_007,False,,True
tokyo_28664_relational_after,28664,core,relational_after,3,2018_580041__event_004,SELF,2018_580041__event_004,True,3,True
tokyo_28664_relational_after,28664,core,relational_after,3,2018_580041__event_004,NEXT,2018_580041__event_005,True,4,True
tokyo_28664_relational_after,28664,core,relational_after,4,2018_580047__event_001,SELF,2018_580047__event_001,True,5,True
tokyo_28664_relational_after,28664,core,relational_after,4,2018_580047__event_001,NEXT,2018_580047__event_002,True,6,True
tokyo_28664_relational_after,28664,core,relational_after,5,2018_580028__event_001,SELF,2018_580028__event_001,True,7,True
tokyo_28664_relational_after,28664,core,relational_after,5,2018_580028__event_001,NEXT,2018_580028__event_002,True,8,True
tokyo_28697_relational_after,28697,core,relational_after,1,2018_580900__event_001,SELF,2018_580900__event_001,True,1,False
tokyo_28697_relational_after,28697,core,relational_after,1,2018_580900__event_001,NEXT,2018_580900__event_002,True,2,False
tokyo_28697_relational_after,28697,core,relational_after,2,2018_580909__event_001,SELF,2018_580909__event_001,True,3,False
tokyo_28697_relational_after,28697,core,relational_after,2,2018_580909__event_001,NEXT,2018_580909__event_002,True,4,False
tokyo_28697_relational_after,28697,core,relational_after,3,2018_580909__event_002,SELF,2018_580909__event_002,False,,False
tokyo_28697_relational_after,28697,core,relational_after,3,2018_580909__event_002,NEXT,2018_580909__event_003,True,5,False
tokyo_28697_relational_after,28697,core,relational_after,4,2018_580900__event_002,SELF,2018_580900__event_002,False,,False
tokyo_28697_relational_after,28697,core,relational_after,5,2018_580887__event_001,SELF,2018_580887__event_001,True,6,False
tokyo_28697_relational_after,28697,core,relational_after,5,2018_580887__event_001,NEXT,2018_580887__event_002,True,7,False
tokyo_290806_relational_after,290806,core,relational_after,1,2018_3462039__event_002,SELF,2018_3462039__event_002,True,1,False
tokyo_290806_relational_after,290806,core,relational_after,2,2018_3462039__event_001,SELF,2018_3462039__event_001,True,2,False
tokyo_290806_relational_after,290806,core,relational_after,2,2018_3462039__event_001,NEXT,2018_3462039__event_002,False,,False
tokyo_290806_relational_after,290806,core,relational_after,3,2018_3462043__event_001,SELF,2018_3462043__event_001,True,3,False
tokyo_290806_relational_after,290806,core,relational_after,3,2018_3462043__event_001,NEXT,2018_3462043__event_002,True,4,False
tokyo_290806_relational_after,290806,core,relational_after,4,2018_3462043__event_002,SELF,2018_3462043__event_002,False,,False
tokyo_290806_relational_after,290806,core,relational_after,5,2018_3462051__event_001,SELF,2018_3462051__event_001,True,5,False
tokyo_290806_relational_after,290806,core,relational_after,5,2018_3462051__event_001,NEXT,2018_3462051__event_002,True,6,False
tokyo_29501_relational_after,29501,core,relational_after,1,2018_596177__event_004,SELF,2018_596177__event_004,True,1,False
tokyo_29501_relational_after,29501,core,relational_after,1,2018_596177__event_004,NEXT,2018_596177__event_005,True,2,False
tokyo_29501_relational_after,29501,core,relational_after,2,2018_596177__event_003,SELF,2018_596177__event_003,True,3,False
tokyo_29501_relational_after,29501,core,relational_after,2,2018_596177__event_003,NEXT,2018_596177__event_004,False,,False
tokyo_29501_relational_after,29501,core,relational_after,3,2018_596197__event_002,SELF,2018_596197__event_002,True,4,False
tokyo_29501_relational_after,29501,core,relational_after,4,2018_596152__event_002,SELF,2018_596152__event_002,True,5,False
tokyo_29501_relational_after,29501,core,relational_after,5,2018_596168__event_002,SELF,2018_596168__event_002,True,6,False
tokyo_29501_relational_after,29501,core,relational_after,5,2018_596168__event_002,NEXT,2018_596168__event_003,True,7,False
tokyo_29757_relational_after,29757,core,relational_after,1,2018_601373__event_002,SELF,2018_601373__event_002,True,1,False
tokyo_29757_relational_after,29757,core,relational_after,2,2018_601373__event_001,SELF,2018_601373__event_001,True,2,False
tokyo_29757_relational_after,29757,core,relational_after,2,2018_601373__event_001,NEXT,2018_601373__event_002,False,,False
tokyo_29757_relational_after,29757,core,relational_after,3,2018_601398__event_002,SELF,2018_601398__event_002,True,3,False
tokyo_29757_relational_after,29757,core,relational_after,4,2018_601388__event_002,SELF,2018_601388__event_002,True,4,False
tokyo_29757_relational_after,29757,core,relational_after,5,2018_601391__event_002,SELF,2018_601391__event_002,True,5,False
tokyo_29764_relational_after,29764,core,relational_after,1,2018_601478__event_003,SELF,2018_601478__event_003,True,1,False
tokyo_29764_relational_after,29764,core,relational_after,2,2018_601478__event_002,SELF,2018_601478__event_002,True,2,False
tokyo_29764_relational_after,29764,core,relational_after,2,2018_601478__event_002,NEXT,2018_601478__event_003,False,,False
tokyo_29764_relational_after,29764,core,relational_after,3,2018_601478__event_001,SELF,2018_601478__event_001,True,3,False
tokyo_29764_relational_after,29764,core,relational_after,3,2018_601478__event_001,NEXT,2018_601478__event_002,False,,False
tokyo_29764_relational_after,29764,core,relational_after,4,2018_601634__event_001,SELF,2018_601634__event_001,True,4,False
tokyo_29764_relational_after,29764,core,relational_after,4,2018_601634__event_001,NEXT,2018_601634__event_002,True,5,False
tokyo_29764_relational_after,29764,core,relational_after,5,2018_601634__event_002,SELF,2018_601634__event_002,False,,False
tokyo_31204_relational_after,31204,core,relational_after,1,2018_631691__event_001,SELF,2018_631691__event_001,True,1,False
tokyo_31204_relational_after,31204,core,relational_after,1,2018_631691__event_001,NEXT,2018_631691__event_002,True,2,False
tokyo_31204_relational_after,31204,core,relational_after,2,2018_631691__event_002,SELF,2018_631691__event_002,False,,False
tokyo_31204_relational_after,31204,core,relational_after,3,2018_631703__event_003,SELF,2018_631703__event_003,True,3,False
tokyo_31204_relational_after,31204,core,relational_after,4,2018_631654__event_002,SELF,2018_631654__event_002,True,4,False
tokyo_31204_relational_after,31204,core,relational_after,5,2018_631588__event_002,SELF,2018_631588__event_002,True,5,False
tokyo_32545_relational_after,32545,core,relational_after,1,2018_661962__event_002,SELF,2018_661962__event_002,True,1,True
tokyo_32545_relational_after,32545,core,relational_after,1,2018_661962__event_002,NEXT,2018_661962__event_003,True,2,True
tokyo_32545_relational_after,32545,core,relational_after,2,2018_661962__event_001,SELF,2018_661962__event_001,True,3,True
tokyo_32545_relational_after,32545,core,relational_after,2,2018_661962__event_001,NEXT,2018_661962__event_002,False,,True
tokyo_32545_relational_after,32545,core,relational_after,3,2018_661962__event_003,SELF,2018_661962__event_003,False,,True
tokyo_32545_relational_after,32545,core,relational_after,4,2018_661952__event_001,SELF,2018_661952__event_001,True,4,True
tokyo_32545_relational_after,32545,core,relational_after,4,2018_661952__event_001,NEXT,2018_661952__event_002,True,5,True
tokyo_32545_relational_after,32545,core,relational_after,5,2018_661951__event_001,SELF,2018_661951__event_001,True,6,True
tokyo_32545_relational_after,32545,core,relational_after,5,2018_661951__event_001,NEXT,2018_661951__event_002,True,7,True
tokyo_325605_relational_after,325605,core,relational_after,1,2018_3674468__event_002,SELF,2018_3674468__event_002,True,1,True
tokyo_325605_relational_after,325605,core,relational_after,2,2018_3674468__event_001,SELF,2018_3674468__event_001,True,2,True
tokyo_325605_relational_after,325605,core,relational_after,2,2018_3674468__event_001,NEXT,2018_3674468__event_002,False,,True
tokyo_325605_relational_after,325605,core,relational_after,3,2018_3674458__event_001,SELF,2018_3674458__event_001,True,3,True
tokyo_325605_relational_after,325605,core,relational_after,3,2018_3674458__event_001,NEXT,2018_3674458__event_002,True,4,True
tokyo_325605_relational_after,325605,core,relational_after,4,2018_3674428__event_002,SELF,2018_3674428__event_002,True,5,True
tokyo_325605_relational_after,325605,core,relational_after,4,2018_3674428__event_002,NEXT,2018_3674428__event_003,True,6,True
tokyo_325605_relational_after,325605,core,relational_after,5,2018_3674411__event_002,SELF,2018_3674411__event_002,True,7,True
tokyo_328941_relational_after,328941,core,relational_after,1,2018_3694439__event_002,SELF,2018_3694439__event_002,True,1,False
tokyo_328941_relational_after,328941,core,relational_after,2,2018_3694439__event_001,SELF,2018_3694439__event_001,True,2,False
tokyo_328941_relational_after,328941,core,relational_after,2,2018_3694439__event_001,NEXT,2018_3694439__event_002,False,,False
tokyo_328941_relational_after,328941,core,relational_after,3,2018_3694437__event_002,SELF,2018_3694437__event_002,True,3,False
tokyo_328941_relational_after,328941,core,relational_after,4,2018_3694438__event_001,SELF,2018_3694438__event_001,True,4,False
tokyo_328941_relational_after,328941,core,relational_after,4,2018_3694438__event_001,NEXT,2018_3694438__event_002,True,5,False
tokyo_328941_relational_after,328941,core,relational_after,5,2018_3694443__event_001,SELF,2018_3694443__event_001,True,6,False
tokyo_328941_relational_after,328941,core,relational_after,5,2018_3694443__event_001,NEXT,2018_3694443__event_002,True,7,False
tokyo_339444_relational_after,339444,core,relational_after,1,2018_3757165__event_004,SELF,2018_3757165__event_004,True,1,False
tokyo_339444_relational_after,339444,core,relational_after,1,2018_3757165__event_004,NEXT,2018_3757165__event_005,True,2,False
tokyo_339444_relational_after,339444,core,relational_after,2,2018_3757165__event_005,SELF,2018_3757165__event_005,False,,False
tokyo_339444_relational_after,339444,core,relational_after,2,2018_3757165__event_005,NEXT,2018_3757165__event_006,True,3,False
tokyo_339444_relational_after,339444,core,relational_after,3,2018_3757175__event_002,SELF,2018_3757175__event_002,True,4,False
tokyo_339444_relational_after,339444,core,relational_after,4,2018_3757169__event_001,SELF,2018_3757169__event_001,True,5,False
tokyo_339444_relational_after,339444,core,relational_after,4,2018_3757169__event_001,NEXT,2018_3757169__event_002,True,6,False
tokyo_339444_relational_after,339444,core,relational_after,5,2018_3757165__event_003,SELF,2018_3757165__event_003,True,7,False
tokyo_339444_relational_after,339444,core,relational_after,5,2018_3757165__event_003,NEXT,2018_3757165__event_004,False,,False
tokyo_342180_relational_after,342180,core,relational_after,1,2018_3773318__event_004,SELF,2018_3773318__event_004,True,1,True
tokyo_342180_relational_after,342180,core,relational_after,2,2018_3773314__event_002,SELF,2018_3773314__event_002,True,2,True
tokyo_342180_relational_after,342180,core,relational_after,2,2018_3773314__event_002,NEXT,2018_3773314__event_003,True,3,True
tokyo_342180_relational_after,342180,core,relational_after,3,2018_3773318__event_003,SELF,2018_3773318__event_003,True,4,True
tokyo_342180_relational_after,342180,core,relational_after,3,2018_3773318__event_003,NEXT,2018_3773318__event_004,False,,True
tokyo_342180_relational_after,342180,core,relational_after,4,2018_3773285__event_001,SELF,2018_3773285__event_001,True,5,True
tokyo_342180_relational_after,342180,core,relational_after,4,2018_3773285__event_001,NEXT,2018_3773285__event_002,True,6,True
tokyo_342180_relational_after,342180,core,relational_after,5,2018_3773304__event_002,SELF,2018_3773304__event_002,True,7,True
tokyo_34258_relational_after,34258,core,relational_after,1,2018_698471__event_002,SELF,2018_698471__event_002,True,1,False
tokyo_34258_relational_after,34258,core,relational_after,1,2018_698471__event_002,NEXT,2018_698471__event_003,True,2,False
tokyo_34258_relational_after,34258,core,relational_after,2,2018_698467__event_003,SELF,2018_698467__event_003,True,3,False
tokyo_34258_relational_after,34258,core,relational_after,2,2018_698467__event_003,NEXT,2018_698467__event_004,True,4,False
tokyo_34258_relational_after,34258,core,relational_after,3,2018_698471__event_003,SELF,2018_698471__event_003,False,,False
tokyo_34258_relational_after,34258,core,relational_after,3,2018_698471__event_003,NEXT,2018_698471__event_004,True,5,False
tokyo_34258_relational_after,34258,core,relational_after,4,2018_698482__event_002,SELF,2018_698482__event_002,True,6,False
tokyo_34258_relational_after,34258,core,relational_after,4,2018_698482__event_002,NEXT,2018_698482__event_003,True,7,False
tokyo_34258_relational_after,34258,core,relational_after,5,2018_698467__event_002,SELF,2018_698467__event_002,True,8,False
tokyo_34258_relational_after,34258,core,relational_after,5,2018_698467__event_002,NEXT,2018_698467__event_003,False,,False
tokyo_347501_relational_after,347501,core,relational_after,1,2018_3804279__event_001,SELF,2018_3804279__event_001,True,1,False
tokyo_347501_relational_after,347501,core,relational_after,1,2018_3804279__event_001,NEXT,2018_3804279__event_002,True,2,False
tokyo_347501_relational_after,347501,core,relational_after,2,2018_3804279__event_002,SELF,2018_3804279__event_002,False,,False
tokyo_347501_relational_after,347501,core,relational_after,3,2018_3804262__event_002,SELF,2018_3804262__event_002,True,3,False
tokyo_347501_relational_after,347501,core,relational_after,4,2018_3804269__event_002,SELF,2018_3804269__event_002,True,4,False
tokyo_347501_relational_after,347501,core,relational_after,5,2018_3804280__event_002,SELF,2018_3804280__event_002,True,5,False
tokyo_348059_relational_after,348059,core,relational_after,1,2018_3807516__event_003,SELF,2018_3807516__event_003,True,1,False
tokyo_348059_relational_after,348059,core,relational_after,1,2018_3807516__event_003,NEXT,2018_3807516__event_004,True,2,False
tokyo_348059_relational_after,348059,core,relational_after,2,2018_3807506__event_003,SELF,2018_3807506__event_003,True,3,False
tokyo_348059_relational_after,348059,core,relational_after,2,2018_3807506__event_003,NEXT,2018_3807506__event_004,True,4,False
tokyo_348059_relational_after,348059,core,relational_after,3,2018_3807520__event_003,SELF,2018_3807520__event_003,True,5,False
tokyo_348059_relational_after,348059,core,relational_after,4,2018_3807521__event_003,SELF,2018_3807521__event_003,True,6,False
tokyo_348059_relational_after,348059,core,relational_after,4,2018_3807521__event_003,NEXT,2018_3807521__event_004,True,7,False
tokyo_348059_relational_after,348059,core,relational_after,5,2018_3807522__event_003,SELF,2018_3807522__event_003,True,8,False
tokyo_348682_relational_after,348682,core,relational_after,1,2018_3811346__event_002,SELF,2018_3811346__event_002,True,1,False
tokyo_348682_relational_after,348682,core,relational_after,2,2018_3811346__event_001,SELF,2018_3811346__event_001,True,2,False
tokyo_348682_relational_after,348682,core,relational_after,2,2018_3811346__event_001,NEXT,2018_3811346__event_002,False,,False
tokyo_348682_relational_after,348682,core,relational_after,3,2018_3811349__event_003,SELF,2018_3811349__event_003,True,3,False
tokyo_348682_relational_after,348682,core,relational_after,4,2018_3811326__event_002,SELF,2018_3811326__event_002,True,4,False
tokyo_348682_relational_after,348682,core,relational_after,4,2018_3811326__event_002,NEXT,2018_3811326__event_003,True,5,False
tokyo_348682_relational_after,348682,core,relational_after,5,2018_3811326__event_001,SELF,2018_3811326__event_001,True,6,False
tokyo_348682_relational_after,348682,core,relational_after,5,2018_3811326__event_001,NEXT,2018_3811326__event_002,False,,False
tokyo_350248_relational_after,350248,core,relational_after,1,2018_3820531__event_001,SELF,2018_3820531__event_001,True,1,True
tokyo_350248_relational_after,350248,core,relational_after,1,2018_3820531__event_001,NEXT,2018_3820531__event_002,True,2,True
tokyo_350248_relational_after,350248,core,relational_after,2,2018_3820539__event_002,SELF,2018_3820539__event_002,True,3,True
tokyo_350248_relational_after,350248,core,relational_after,3,2018_3820563__event_001,SELF,2018_3820563__event_001,True,4,True
tokyo_350248_relational_after,350248,core,relational_after,3,2018_3820563__event_001,NEXT,2018_3820563__event_002,True,5,True
tokyo_350248_relational_after,350248,core,relational_after,4,2018_3820539__event_001,SELF,2018_3820539__event_001,True,6,True
tokyo_350248_relational_after,350248,core,relational_after,4,2018_3820539__event_001,NEXT,2018_3820539__event_002,False,,True
tokyo_350248_relational_after,350248,core,relational_after,5,2018_3820531__event_002,SELF,2018_3820531__event_002,False,,True
tokyo_356419_relational_after,356419,core,relational_after,1,2018_3855579__event_002,SELF,2018_3855579__event_002,True,1,False
tokyo_356419_relational_after,356419,core,relational_after,2,2018_3855585__event_002,SELF,2018_3855585__event_002,True,2,False
tokyo_356419_relational_after,356419,core,relational_after,3,2018_3855579__event_001,SELF,2018_3855579__event_001,True,3,False
tokyo_356419_relational_after,356419,core,relational_after,3,2018_3855579__event_001,NEXT,2018_3855579__event_002,False,,False
tokyo_356419_relational_after,356419,core,relational_after,4,2018_3855574__event_003,SELF,2018_3855574__event_003,True,4,False
tokyo_356419_relational_after,356419,core,relational_after,4,2018_3855574__event_003,NEXT,2018_3855574__event_004,True,5,False
tokyo_356419_relational_after,356419,core,relational_after,5,2018_3855574__event_002,SELF,2018_3855574__event_002,True,6,False
tokyo_356419_relational_after,356419,core,relational_after,5,2018_3855574__event_002,NEXT,2018_3855574__event_003,False,,False
tokyo_35718_relational_after,35718,core,relational_after,1,2018_727120__event_002,SELF,2018_727120__event_002,True,1,False
tokyo_35718_relational_after,35718,core,relational_after,1,2018_727120__event_002,NEXT,2018_727120__event_003,True,2,False
tokyo_35718_relational_after,35718,core,relational_after,2,2018_727117__event_001,SELF,2018_727117__event_001,True,3,False
tokyo_35718_relational_after,35718,core,relational_after,2,2018_727117__event_001,NEXT,2018_727117__event_002,True,4,False
tokyo_35718_relational_after,35718,core,relational_after,3,2018_727114__event_001,SELF,2018_727114__event_001,True,5,False
tokyo_35718_relational_after,35718,core,relational_after,3,2018_727114__event_001,NEXT,2018_727114__event_002,True,6,False
tokyo_35718_relational_after,35718,core,relational_after,4,2018_727143__event_001,SELF,2018_727143__event_001,True,7,False
tokyo_35718_relational_after,35718,core,relational_after,4,2018_727143__event_001,NEXT,2018_727143__event_002,True,8,False
tokyo_35718_relational_after,35718,core,relational_after,5,2018_727129__event_001,SELF,2018_727129__event_001,True,9,False
tokyo_35718_relational_after,35718,core,relational_after,5,2018_727129__event_001,NEXT,2018_727129__event_002,True,10,False
tokyo_362630_relational_after,362630,core,relational_after,1,2018_3889086__event_003,SELF,2018_3889086__event_003,True,1,False
tokyo_362630_relational_after,362630,core,relational_after,2,2018_3889086__event_002,SELF,2018_3889086__event_002,True,2,False
tokyo_362630_relational_after,362630,core,relational_after,2,2018_3889086__event_002,NEXT,2018_3889086__event_003,False,,False
tokyo_362630_relational_after,362630,core,relational_after,3,2018_3889076__event_002,SELF,2018_3889076__event_002,True,3,False
tokyo_362630_relational_after,362630,core,relational_after,4,2018_3889086__event_001,SELF,2018_3889086__event_001,True,4,False
tokyo_362630_relational_after,362630,core,relational_after,4,2018_3889086__event_001,NEXT,2018_3889086__event_002,False,,False
tokyo_362630_relational_after,362630,core,relational_after,5,2018_3889095__event_002,SELF,2018_3889095__event_002,True,5,False
tokyo_36487_relational_after,36487,core,relational_after,1,2018_741708__event_002,SELF,2018_741708__event_002,True,1,False
tokyo_36487_relational_after,36487,core,relational_after,1,2018_741708__event_002,NEXT,2018_741708__event_003,True,2,False
tokyo_36487_relational_after,36487,core,relational_after,2,2018_741708__event_003,SELF,2018_741708__event_003,False,,False
tokyo_36487_relational_after,36487,core,relational_after,2,2018_741708__event_003,NEXT,2018_741708__event_004,True,3,False
tokyo_36487_relational_after,36487,core,relational_after,3,2018_741699__event_002,SELF,2018_741699__event_002,True,4,False
tokyo_36487_relational_after,36487,core,relational_after,4,2018_741716__event_001,SELF,2018_741716__event_001,True,5,False
tokyo_36487_relational_after,36487,core,relational_after,4,2018_741716__event_001,NEXT,2018_741716__event_002,True,6,False
tokyo_36487_relational_after,36487,core,relational_after,5,2018_741716__event_002,SELF,2018_741716__event_002,False,,False
tokyo_36487_relational_after,36487,core,relational_after,5,2018_741716__event_002,NEXT,2018_741716__event_003,True,7,False
tokyo_365381_relational_after,365381,core,relational_after,1,2018_3903074__event_002,SELF,2018_3903074__event_002,True,1,False
tokyo_365381_relational_after,365381,core,relational_after,1,2018_3903074__event_002,NEXT,2018_3903074__event_003,True,2,False
tokyo_365381_relational_after,365381,core,relational_after,2,2018_3903075__event_001,SELF,2018_3903075__event_001,True,3,False
tokyo_365381_relational_after,365381,core,relational_after,2,2018_3903075__event_001,NEXT,2018_3903075__event_002,True,4,False
tokyo_365381_relational_after,365381,core,relational_after,3,2018_3903075__event_003,SELF,2018_3903075__event_003,True,5,False
tokyo_365381_relational_after,365381,core,relational_after,4,2018_3903071__event_002,SELF,2018_3903071__event_002,True,6,False
tokyo_365381_relational_after,365381,core,relational_after,5,2018_3903074__event_001,SELF,2018_3903074__event_001,True,7,False
tokyo_365381_relational_after,365381,core,relational_after,5,2018_3903074__event_001,NEXT,2018_3903074__event_002,False,,False
tokyo_41088_relational_after,41088,core,relational_after,1,2018_830967__event_001,SELF,2018_830967__event_001,True,1,True
tokyo_41088_relational_after,41088,core,relational_after,1,2018_830967__event_001,NEXT,2018_830967__event_002,True,2,True
tokyo_41088_relational_after,41088,core,relational_after,2,2018_830967__event_002,SELF,2018_830967__event_002,False,,True
tokyo_41088_relational_after,41088,core,relational_after,3,2018_830983__event_002,SELF,2018_830983__event_002,True,3,True
tokyo_41088_relational_after,41088,core,relational_after,4,2018_830991__event_002,SELF,2018_830991__event_002,True,4,True
tokyo_41088_relational_after,41088,core,relational_after,5,2018_831021__event_002,SELF,2018_831021__event_002,True,5,True
tokyo_42282_relational_after,42282,core,relational_after,1,2018_852454__event_002,SELF,2018_852454__event_002,True,1,False
tokyo_42282_relational_after,42282,core,relational_after,1,2018_852454__event_002,NEXT,2018_852454__event_003,True,2,False
tokyo_42282_relational_after,42282,core,relational_after,2,2018_852454__event_001,SELF,2018_852454__event_001,True,3,False
tokyo_42282_relational_after,42282,core,relational_after,2,2018_852454__event_001,NEXT,2018_852454__event_002,False,,False
tokyo_42282_relational_after,42282,core,relational_after,3,2018_852419__event_001,SELF,2018_852419__event_001,True,4,False
tokyo_42282_relational_after,42282,core,relational_after,3,2018_852419__event_001,NEXT,2018_852419__event_002,True,5,False
tokyo_42282_relational_after,42282,core,relational_after,4,2018_852419__event_002,SELF,2018_852419__event_002,False,,False
tokyo_42282_relational_after,42282,core,relational_after,5,2018_852420__event_001,SELF,2018_852420__event_001,True,6,False
tokyo_42282_relational_after,42282,core,relational_after,5,2018_852420__event_001,NEXT,2018_852420__event_002,True,7,False
tokyo_44616_relational_after,44616,core,relational_after,1,2018_895859__event_002,SELF,2018_895859__event_002,True,1,False
tokyo_44616_relational_after,44616,core,relational_after,1,2018_895859__event_002,NEXT,2018_895859__event_003,True,2,False
tokyo_44616_relational_after,44616,core,relational_after,2,2018_895859__event_001,SELF,2018_895859__event_001,True,3,False
tokyo_44616_relational_after,44616,core,relational_after,2,2018_895859__event_001,NEXT,2018_895859__event_002,False,,False
tokyo_44616_relational_after,44616,core,relational_after,3,2018_895859__event_003,SELF,2018_895859__event_003,False,,False
tokyo_44616_relational_after,44616,core,relational_after,3,2018_895859__event_003,NEXT,2018_895859__event_004,True,4,False
tokyo_44616_relational_after,44616,core,relational_after,4,2018_895858__event_003,SELF,2018_895858__event_003,True,5,False
tokyo_44616_relational_after,44616,core,relational_after,5,2018_895858__event_002,SELF,2018_895858__event_002,True,6,False
tokyo_44616_relational_after,44616,core,relational_after,5,2018_895858__event_002,NEXT,2018_895858__event_003,False,,False
tokyo_45189_relational_after,45189,core,relational_after,1,2018_907314__event_003,SELF,2018_907314__event_003,True,1,False
tokyo_45189_relational_after,45189,core,relational_after,2,2018_907314__event_002,SELF,2018_907314__event_002,True,2,False
tokyo_45189_relational_after,45189,core,relational_after,2,2018_907314__event_002,NEXT,2018_907314__event_003,False,,False
tokyo_45189_relational_after,45189,core,relational_after,3,2018_907314__event_001,SELF,2018_907314__event_001,True,3,False
tokyo_45189_relational_after,45189,core,relational_after,3,2018_907314__event_001,NEXT,2018_907314__event_002,False,,False
tokyo_45189_relational_after,45189,core,relational_after,4,2018_907304__event_002,SELF,2018_907304__event_002,True,4,False
tokyo_45189_relational_after,45189,core,relational_after,5,2018_907321__event_001,SELF,2018_907321__event_001,True,5,False
tokyo_45189_relational_after,45189,core,relational_after,5,2018_907321__event_001,NEXT,2018_907321__event_002,True,6,False
tokyo_45205_relational_after,45205,core,relational_after,1,2018_907560__event_003,SELF,2018_907560__event_003,True,1,True
tokyo_45205_relational_after,45205,core,relational_after,1,2018_907560__event_003,NEXT,2018_907560__event_004,True,2,True
tokyo_45205_relational_after,45205,core,relational_after,2,2018_907479__event_002,SELF,2018_907479__event_002,True,3,True
tokyo_45205_relational_after,45205,core,relational_after,2,2018_907479__event_002,NEXT,2018_907479__event_003,True,4,True
tokyo_45205_relational_after,45205,core,relational_after,3,2018_907559__event_001,SELF,2018_907559__event_001,True,5,True
tokyo_45205_relational_after,45205,core,relational_after,3,2018_907559__event_001,NEXT,2018_907559__event_002,True,6,True
tokyo_45205_relational_after,45205,core,relational_after,4,2018_907468__event_002,SELF,2018_907468__event_002,True,7,True
tokyo_45205_relational_after,45205,core,relational_after,5,2018_907549__event_001,SELF,2018_907549__event_001,True,8,True
tokyo_45205_relational_after,45205,core,relational_after,5,2018_907549__event_001,NEXT,2018_907549__event_002,True,9,True
tokyo_50046_relational_after,50046,core,relational_after,1,2018_1003995__event_001,SELF,2018_1003995__event_001,True,1,True
tokyo_50046_relational_after,50046,core,relational_after,1,2018_1003995__event_001,NEXT,2018_1003995__event_002,True,2,True
tokyo_50046_relational_after,50046,core,relational_after,2,2018_1004059__event_001,SELF,2018_1004059__event_001,True,3,True
tokyo_50046_relational_after,50046,core,relational_after,2,2018_1004059__event_001,NEXT,2018_1004059__event_002,True,4,True
tokyo_50046_relational_after,50046,core,relational_after,3,2018_1003981__event_002,SELF,2018_1003981__event_002,True,5,True
tokyo_50046_relational_after,50046,core,relational_after,4,2018_1004059__event_002,SELF,2018_1004059__event_002,False,,True
tokyo_50046_relational_after,50046,core,relational_after,4,2018_1004059__event_002,NEXT,2018_1004059__event_003,True,6,True
tokyo_50046_relational_after,50046,core,relational_after,5,2018_1003981__event_001,SELF,2018_1003981__event_001,True,7,True
tokyo_50046_relational_after,50046,core,relational_after,5,2018_1003981__event_001,NEXT,2018_1003981__event_002,False,,True
tokyo_51031_relational_after,51031,core,relational_after,1,2018_1023518__event_001,SELF,2018_1023518__event_001,True,1,True
tokyo_51031_relational_after,51031,core,relational_after,1,2018_1023518__event_001,NEXT,2018_1023518__event_002,True,2,True
tokyo_51031_relational_after,51031,core,relational_after,2,2018_1023518__event_002,SELF,2018_1023518__event_002,False,,True
tokyo_51031_relational_after,51031,core,relational_after,2,2018_1023518__event_002,NEXT,2018_1023518__event_003,True,3,True
tokyo_51031_relational_after,51031,core,relational_after,3,2018_1023518__event_003,SELF,2018_1023518__event_003,False,,True
tokyo_51031_relational_after,51031,core,relational_after,4,2018_1023537__event_002,SELF,2018_1023537__event_002,True,4,True
tokyo_51031_relational_after,51031,core,relational_after,4,2018_1023537__event_002,NEXT,2018_1023537__event_003,True,5,True
tokyo_51031_relational_after,51031,core,relational_after,5,2018_1023533__event_002,SELF,2018_1023533__event_002,True,6,True
tokyo_51031_relational_after,51031,core,relational_after,5,2018_1023533__event_002,NEXT,2018_1023533__event_003,True,7,True
tokyo_51516_relational_after,51516,core,relational_after,1,2018_1033040__event_001,SELF,2018_1033040__event_001,True,1,False
tokyo_51516_relational_after,51516,core,relational_after,1,2018_1033040__event_001,NEXT,2018_1033040__event_002,True,2,False
tokyo_51516_relational_after,51516,core,relational_after,2,2018_1033040__event_002,SELF,2018_1033040__event_002,False,,False
tokyo_51516_relational_after,51516,core,relational_after,3,2018_1033058__event_001,SELF,2018_1033058__event_001,True,3,False
tokyo_51516_relational_after,51516,core,relational_after,3,2018_1033058__event_001,NEXT,2018_1033058__event_002,True,4,False
tokyo_51516_relational_after,51516,core,relational_after,4,2018_1033029__event_001,SELF,2018_1033029__event_001,True,5,False
tokyo_51516_relational_after,51516,core,relational_after,4,2018_1033029__event_001,NEXT,2018_1033029__event_002,True,6,False
tokyo_51516_relational_after,51516,core,relational_after,5,2018_1033029__event_002,SELF,2018_1033029__event_002,False,,False
tokyo_51516_relational_after,51516,core,relational_after,5,2018_1033029__event_002,NEXT,2018_1033029__event_003,True,7,False
tokyo_52894_relational_after,52894,core,relational_after,1,2018_1058960__event_001,SELF,2018_1058960__event_001,True,1,False
tokyo_52894_relational_after,52894,core,relational_after,1,2018_1058960__event_001,NEXT,2018_1058960__event_002,True,2,False
tokyo_52894_relational_after,52894,core,relational_after,2,2018_1058960__event_002,SELF,2018_1058960__event_002,False,,False
tokyo_52894_relational_after,52894,core,relational_after,2,2018_1058960__event_002,NEXT,2018_1058960__event_003,True,3,False
tokyo_52894_relational_after,52894,core,relational_after,3,2018_1058980__event_001,SELF,2018_1058980__event_001,True,4,False
tokyo_52894_relational_after,52894,core,relational_after,3,2018_1058980__event_001,NEXT,2018_1058980__event_002,True,5,False
tokyo_52894_relational_after,52894,core,relational_after,4,2018_1058960__event_003,SELF,2018_1058960__event_003,False,,False
tokyo_52894_relational_after,52894,core,relational_after,4,2018_1058960__event_003,NEXT,2018_1058960__event_004,True,6,False
tokyo_52894_relational_after,52894,core,relational_after,5,2018_1058980__event_002,SELF,2018_1058980__event_002,False,,False
tokyo_53205_relational_after,53205,core,relational_after,1,2018_1065533__event_001,SELF,2018_1065533__event_001,True,1,False
tokyo_53205_relational_after,53205,core,relational_after,1,2018_1065533__event_001,NEXT,2018_1065533__event_002,True,2,False
tokyo_53205_relational_after,53205,core,relational_after,2,2018_1065516__event_001,SELF,2018_1065516__event_001,True,3,False
tokyo_53205_relational_after,53205,core,relational_after,2,2018_1065516__event_001,NEXT,2018_1065516__event_002,True,4,False
tokyo_53205_relational_after,53205,core,relational_after,3,2018_1065540__event_003,SELF,2018_1065540__event_003,True,5,False
tokyo_53205_relational_after,53205,core,relational_after,4,2018_1065504__event_001,SELF,2018_1065504__event_001,True,6,False
tokyo_53205_relational_after,53205,core,relational_after,4,2018_1065504__event_001,NEXT,2018_1065504__event_002,True,7,False
tokyo_53205_relational_after,53205,core,relational_after,5,2018_1065531__event_001,SELF,2018_1065531__event_001,True,8,False
tokyo_53205_relational_after,53205,core,relational_after,5,2018_1065531__event_001,NEXT,2018_1065531__event_002,True,9,False
tokyo_53405_relational_after,53405,core,relational_after,1,2018_1069059__event_003,SELF,2018_1069059__event_003,True,1,False
tokyo_53405_relational_after,53405,core,relational_after,2,2018_1069059__event_002,SELF,2018_1069059__event_002,True,2,False
tokyo_53405_relational_after,53405,core,relational_after,2,2018_1069059__event_002,NEXT,2018_1069059__event_003,False,,False
tokyo_53405_relational_after,53405,core,relational_after,3,2018_1069067__event_002,SELF,2018_1069067__event_002,True,3,False
tokyo_53405_relational_after,53405,core,relational_after,3,2018_1069067__event_002,NEXT,2018_1069067__event_003,True,4,False
tokyo_53405_relational_after,53405,core,relational_after,4,2018_1069059__event_001,SELF,2018_1069059__event_001,True,5,False
tokyo_53405_relational_after,53405,core,relational_after,4,2018_1069059__event_001,NEXT,2018_1069059__event_002,False,,False
tokyo_53405_relational_after,53405,core,relational_after,5,2018_1069067__event_001,SELF,2018_1069067__event_001,True,6,False
tokyo_53405_relational_after,53405,core,relational_after,5,2018_1069067__event_001,NEXT,2018_1069067__event_002,False,,False
tokyo_55985_relational_after,55985,core,relational_after,1,2018_1115816__event_002,SELF,2018_1115816__event_002,True,1,False
tokyo_55985_relational_after,55985,core,relational_after,2,2018_1115816__event_001,SELF,2018_1115816__event_001,True,2,False
tokyo_55985_relational_after,55985,core,relational_after,2,2018_1115816__event_001,NEXT,2018_1115816__event_002,False,,False
tokyo_55985_relational_after,55985,core,relational_after,3,2018_1115830__event_001,SELF,2018_1115830__event_001,True,3,False
tokyo_55985_relational_after,55985,core,relational_after,3,2018_1115830__event_001,NEXT,2018_1115830__event_002,True,4,False
tokyo_55985_relational_after,55985,core,relational_after,4,2018_1115810__event_002,SELF,2018_1115810__event_002,True,5,False
tokyo_55985_relational_after,55985,core,relational_after,5,2018_1115811__event_002,SELF,2018_1115811__event_002,True,6,False
tokyo_55985_relational_after,55985,core,relational_after,5,2018_1115811__event_002,NEXT,2018_1115811__event_003,True,7,False
tokyo_59554_relational_after,59554,core,relational_after,1,2018_1176858__event_001,SELF,2018_1176858__event_001,True,1,False
tokyo_59554_relational_after,59554,core,relational_after,1,2018_1176858__event_001,NEXT,2018_1176858__event_002,True,2,False
tokyo_59554_relational_after,59554,core,relational_after,2,2018_1176879__event_001,SELF,2018_1176879__event_001,True,3,False
tokyo_59554_relational_after,59554,core,relational_after,2,2018_1176879__event_001,NEXT,2018_1176879__event_002,True,4,False
tokyo_59554_relational_after,59554,core,relational_after,3,2018_1176835__event_001,SELF,2018_1176835__event_001,True,5,False
tokyo_59554_relational_after,59554,core,relational_after,3,2018_1176835__event_001,NEXT,2018_1176835__event_002,True,6,False
tokyo_59554_relational_after,59554,core,relational_after,4,2018_1176901__event_001,SELF,2018_1176901__event_001,True,7,False
tokyo_59554_relational_after,59554,core,relational_after,4,2018_1176901__event_001,NEXT,2018_1176901__event_002,True,8,False
tokyo_59554_relational_after,59554,core,relational_after,5,2018_1176782__event_001,SELF,2018_1176782__event_001,True,9,False
tokyo_59554_relational_after,59554,core,relational_after,5,2018_1176782__event_001,NEXT,2018_1176782__event_002,True,10,False
tokyo_60393_relational_after,60393,core,relational_after,1,2018_1190515__event_002,SELF,2018_1190515__event_002,True,1,True
tokyo_60393_relational_after,60393,core,relational_after,2,2018_1190515__event_001,SELF,2018_1190515__event_001,True,2,True
tokyo_60393_relational_after,60393,core,relational_after,2,2018_1190515__event_001,NEXT,2018_1190515__event_002,False,,True
tokyo_60393_relational_after,60393,core,relational_after,3,2018_1190501__event_002,SELF,2018_1190501__event_002,True,3,True
tokyo_60393_relational_after,60393,core,relational_after,4,2018_1190539__event_001,SELF,2018_1190539__event_001,True,4,True
tokyo_60393_relational_after,60393,core,relational_after,4,2018_1190539__event_001,NEXT,2018_1190539__event_002,True,5,True
tokyo_60393_relational_after,60393,core,relational_after,5,2018_1190499__event_005,SELF,2018_1190499__event_005,True,6,True
tokyo_60393_relational_after,60393,core,relational_after,5,2018_1190499__event_005,NEXT,2018_1190499__event_006,True,7,True
tokyo_70564_relational_after,70564,core,relational_after,1,2018_1332637__event_002,SELF,2018_1332637__event_002,True,1,True
tokyo_70564_relational_after,70564,core,relational_after,2,2018_1332637__event_001,SELF,2018_1332637__event_001,True,2,True
tokyo_70564_relational_after,70564,core,relational_after,2,2018_1332637__event_001,NEXT,2018_1332637__event_002,False,,True
tokyo_70564_relational_after,70564,core,relational_after,3,2018_1332617__event_001,SELF,2018_1332617__event_001,True,3,True
tokyo_70564_relational_after,70564,core,relational_after,3,2018_1332617__event_001,NEXT,2018_1332617__event_002,True,4,True
tokyo_70564_relational_after,70564,core,relational_after,4,2018_1332668__event_002,SELF,2018_1332668__event_002,True,5,True
tokyo_70564_relational_after,70564,core,relational_after,4,2018_1332668__event_002,NEXT,2018_1332668__event_003,True,6,True
tokyo_70564_relational_after,70564,core,relational_after,5,2018_1332650__event_002,SELF,2018_1332650__event_002,True,7,True
tokyo_70703_relational_after,70703,core,relational_after,1,2018_1335107__event_001,SELF,2018_1335107__event_001,True,1,False
tokyo_70703_relational_after,70703,core,relational_after,1,2018_1335107__event_001,NEXT,2018_1335107__event_002,True,2,False
tokyo_70703_relational_after,70703,core,relational_after,2,2018_1335107__event_002,SELF,2018_1335107__event_002,False,,False
tokyo_70703_relational_after,70703,core,relational_after,3,2018_1335098__event_002,SELF,2018_1335098__event_002,True,3,False
tokyo_70703_relational_after,70703,core,relational_after,4,2018_1335098__event_001,SELF,2018_1335098__event_001,True,4,False
tokyo_70703_relational_after,70703,core,relational_after,4,2018_1335098__event_001,NEXT,2018_1335098__event_002,False,,False
tokyo_70703_relational_after,70703,core,relational_after,5,2018_1335093__event_005,SELF,2018_1335093__event_005,True,5,False
tokyo_72210_relational_after,72210,core,relational_after,1,2018_1357866__event_001,SELF,2018_1357866__event_001,True,1,False
tokyo_72210_relational_after,72210,core,relational_after,1,2018_1357866__event_001,NEXT,2018_1357866__event_002,True,2,False
tokyo_72210_relational_after,72210,core,relational_after,2,2018_1357875__event_002,SELF,2018_1357875__event_002,True,3,False
tokyo_72210_relational_after,72210,core,relational_after,2,2018_1357875__event_002,NEXT,2018_1357875__event_003,True,4,False
tokyo_72210_relational_after,72210,core,relational_after,3,2018_1357875__event_003,SELF,2018_1357875__event_003,False,,False
tokyo_72210_relational_after,72210,core,relational_after,4,2018_1357875__event_001,SELF,2018_1357875__event_001,True,5,False
tokyo_72210_relational_after,72210,core,relational_after,4,2018_1357875__event_001,NEXT,2018_1357875__event_002,False,,False
tokyo_72210_relational_after,72210,core,relational_after,5,2018_1357866__event_002,SELF,2018_1357866__event_002,False,,False
tokyo_72444_relational_after,72444,core,relational_after,1,2018_1361355__event_004,SELF,2018_1361355__event_004,True,1,False
tokyo_72444_relational_after,72444,core,relational_after,1,2018_1361355__event_004,NEXT,2018_1361355__event_005,True,2,False
tokyo_72444_relational_after,72444,core,relational_after,2,2018_1361355__event_005,SELF,2018_1361355__event_005,False,,False
tokyo_72444_relational_after,72444,core,relational_after,2,2018_1361355__event_005,NEXT,2018_1361355__event_006,True,3,False
tokyo_72444_relational_after,72444,core,relational_after,3,2018_1361416__event_002,SELF,2018_1361416__event_002,True,4,False
tokyo_72444_relational_after,72444,core,relational_after,4,2018_1361413__event_001,SELF,2018_1361413__event_001,True,5,False
tokyo_72444_relational_after,72444,core,relational_after,4,2018_1361413__event_001,NEXT,2018_1361413__event_002,True,6,False
tokyo_72444_relational_after,72444,core,relational_after,5,2018_1361372__event_002,SELF,2018_1361372__event_002,True,7,False
tokyo_74188_relational_after,74188,core,relational_after,1,2018_1388327__event_003,SELF,2018_1388327__event_003,True,1,False
tokyo_74188_relational_after,74188,core,relational_after,1,2018_1388327__event_003,NEXT,2018_1388327__event_004,True,2,False
tokyo_74188_relational_after,74188,core,relational_after,2,2018_1388327__event_002,SELF,2018_1388327__event_002,True,3,False
tokyo_74188_relational_after,74188,core,relational_after,2,2018_1388327__event_002,NEXT,2018_1388327__event_003,False,,False
tokyo_74188_relational_after,74188,core,relational_after,3,2018_1388327__event_001,SELF,2018_1388327__event_001,True,4,False
tokyo_74188_relational_after,74188,core,relational_after,3,2018_1388327__event_001,NEXT,2018_1388327__event_002,False,,False
tokyo_74188_relational_after,74188,core,relational_after,4,2018_1388323__event_004,SELF,2018_1388323__event_004,True,5,False
tokyo_74188_relational_after,74188,core,relational_after,4,2018_1388323__event_004,NEXT,2018_1388323__event_005,True,6,False
tokyo_74188_relational_after,74188,core,relational_after,5,2018_1388323__event_007,SELF,2018_1388323__event_007,True,7,False
tokyo_74982_relational_after,74982,core,relational_after,1,2018_1402558__event_001,SELF,2018_1402558__event_001,True,1,False
tokyo_74982_relational_after,74982,core,relational_after,1,2018_1402558__event_001,NEXT,2018_1402558__event_002,True,2,False
tokyo_74982_relational_after,74982,core,relational_after,2,2018_1402555__event_003,SELF,2018_1402555__event_003,True,3,False
tokyo_74982_relational_after,74982,core,relational_after,3,2018_1402558__event_002,SELF,2018_1402558__event_002,False,,False
tokyo_74982_relational_after,74982,core,relational_after,4,2018_1402555__event_002,SELF,2018_1402555__event_002,True,4,False
tokyo_74982_relational_after,74982,core,relational_after,4,2018_1402555__event_002,NEXT,2018_1402555__event_003,False,,False
tokyo_74982_relational_after,74982,core,relational_after,5,2018_1402586__event_002,SELF,2018_1402586__event_002,True,5,False
tokyo_78286_relational_after,78286,core,relational_after,1,2018_1453204__event_001,SELF,2018_1453204__event_001,True,1,True
tokyo_78286_relational_after,78286,core,relational_after,1,2018_1453204__event_001,NEXT,2018_1453204__event_002,True,2,True
tokyo_78286_relational_after,78286,core,relational_after,2,2018_1453204__event_002,SELF,2018_1453204__event_002,False,,True
tokyo_78286_relational_after,78286,core,relational_after,3,2018_1453220__event_002,SELF,2018_1453220__event_002,True,3,True
tokyo_78286_relational_after,78286,core,relational_after,4,2018_1453199__event_001,SELF,2018_1453199__event_001,True,4,True
tokyo_78286_relational_after,78286,core,relational_after,4,2018_1453199__event_001,NEXT,2018_1453199__event_002,True,5,True
tokyo_78286_relational_after,78286,core,relational_after,5,2018_1453207__event_001,SELF,2018_1453207__event_001,True,6,True
tokyo_78286_relational_after,78286,core,relational_after,5,2018_1453207__event_001,NEXT,2018_1453207__event_002,True,7,True
tokyo_79139_relational_after,79139,core,relational_after,1,2018_1466945__event_002,SELF,2018_1466945__event_002,True,1,False
tokyo_79139_relational_after,79139,core,relational_after,2,2018_1466945__event_001,SELF,2018_1466945__event_001,True,2,False
tokyo_79139_relational_after,79139,core,relational_after,2,2018_1466945__event_001,NEXT,2018_1466945__event_002,False,,False
tokyo_79139_relational_after,79139,core,relational_after,3,2018_1466952__event_001,SELF,2018_1466952__event_001,True,3,False
tokyo_79139_relational_after,79139,core,relational_after,3,2018_1466952__event_001,NEXT,2018_1466952__event_002,True,4,False
tokyo_79139_relational_after,79139,core,relational_after,4,2018_1466942__event_002,SELF,2018_1466942__event_002,True,5,False
tokyo_79139_relational_after,79139,core,relational_after,4,2018_1466942__event_002,NEXT,2018_1466942__event_003,True,6,False
tokyo_79139_relational_after,79139,core,relational_after,5,2018_1466944__event_002,SELF,2018_1466944__event_002,True,7,False
tokyo_79719_relational_after,79719,core,relational_after,1,2018_1475337__event_002,SELF,2018_1475337__event_002,True,1,True
tokyo_79719_relational_after,79719,core,relational_after,2,2018_1475337__event_001,SELF,2018_1475337__event_001,True,2,True
tokyo_79719_relational_after,79719,core,relational_after,2,2018_1475337__event_001,NEXT,2018_1475337__event_002,False,,True
tokyo_79719_relational_after,79719,core,relational_after,3,2018_1475331__event_002,SELF,2018_1475331__event_002,True,3,True
tokyo_79719_relational_after,79719,core,relational_after,4,2018_1475389__event_001,SELF,2018_1475389__event_001,True,4,True
tokyo_79719_relational_after,79719,core,relational_after,4,2018_1475389__event_001,NEXT,2018_1475389__event_002,True,5,True
tokyo_79719_relational_after,79719,core,relational_after,5,2018_1475355__event_001,SELF,2018_1475355__event_001,True,6,True
tokyo_79719_relational_after,79719,core,relational_after,5,2018_1475355__event_001,NEXT,2018_1475355__event_002,True,7,True
tokyo_80051_relational_after,80051,core,relational_after,1,2018_1480024__event_002,SELF,2018_1480024__event_002,True,1,False
tokyo_80051_relational_after,80051,core,relational_after,2,2018_1480024__event_001,SELF,2018_1480024__event_001,True,2,False
tokyo_80051_relational_after,80051,core,relational_after,2,2018_1480024__event_001,NEXT,2018_1480024__event_002,False,,False
tokyo_80051_relational_after,80051,core,relational_after,3,2018_1480045__event_001,SELF,2018_1480045__event_001,True,3,False
tokyo_80051_relational_after,80051,core,relational_after,3,2018_1480045__event_001,NEXT,2018_1480045__event_002,True,4,False
tokyo_80051_relational_after,80051,core,relational_after,4,2018_1480027__event_002,SELF,2018_1480027__event_002,True,5,False
tokyo_80051_relational_after,80051,core,relational_after,4,2018_1480027__event_002,NEXT,2018_1480027__event_003,True,6,False
tokyo_80051_relational_after,80051,core,relational_after,5,2018_1480043__event_001,SELF,2018_1480043__event_001,True,7,False
tokyo_80051_relational_after,80051,core,relational_after,5,2018_1480043__event_001,NEXT,2018_1480043__event_002,True,8,False
tokyo_80415_relational_after,80415,core,relational_after,1,2018_1485522__event_002,SELF,2018_1485522__event_002,True,1,False
tokyo_80415_relational_after,80415,core,relational_after,1,2018_1485522__event_002,NEXT,2018_1485522__event_003,True,2,False
tokyo_80415_relational_after,80415,core,relational_after,2,2018_1485522__event_003,SELF,2018_1485522__event_003,False,,False
tokyo_80415_relational_after,80415,core,relational_after,3,2018_1485522__event_001,SELF,2018_1485522__event_001,True,3,False
tokyo_80415_relational_after,80415,core,relational_after,3,2018_1485522__event_001,NEXT,2018_1485522__event_002,False,,False
tokyo_80415_relational_after,80415,core,relational_after,4,2018_1485496__event_002,SELF,2018_1485496__event_002,True,4,False
tokyo_80415_relational_after,80415,core,relational_after,5,2018_1485532__event_002,SELF,2018_1485532__event_002,True,5,False
tokyo_80480_relational_after,80480,core,relational_after,1,2018_1486542__event_001,SELF,2018_1486542__event_001,True,1,False
tokyo_80480_relational_after,80480,core,relational_after,1,2018_1486542__event_001,NEXT,2018_1486542__event_002,True,2,False
tokyo_80480_relational_after,80480,core,relational_after,2,2018_1486542__event_002,SELF,2018_1486542__event_002,False,,False
tokyo_80480_relational_after,80480,core,relational_after,2,2018_1486542__event_002,NEXT,2018_1486542__event_003,True,3,False
tokyo_80480_relational_after,80480,core,relational_after,3,2018_1486537__event_004,SELF,2018_1486537__event_004,True,4,False
tokyo_80480_relational_after,80480,core,relational_after,4,2018_1486542__event_003,SELF,2018_1486542__event_003,False,,False
tokyo_80480_relational_after,80480,core,relational_after,5,2018_1486523__event_001,SELF,2018_1486523__event_001,True,5,False
tokyo_80480_relational_after,80480,core,relational_after,5,2018_1486523__event_001,NEXT,2018_1486523__event_002,True,6,False
tokyo_86988_relational_after,86988,core,relational_after,1,2018_1596296__event_001,SELF,2018_1596296__event_001,True,1,True
tokyo_86988_relational_after,86988,core,relational_after,1,2018_1596296__event_001,NEXT,2018_1596296__event_002,True,2,True
tokyo_86988_relational_after,86988,core,relational_after,2,2018_1596296__event_002,SELF,2018_1596296__event_002,False,,True
tokyo_86988_relational_after,86988,core,relational_after,2,2018_1596296__event_002,NEXT,2018_1596296__event_003,True,3,True
tokyo_86988_relational_after,86988,core,relational_after,3,2018_1596277__event_003,SELF,2018_1596277__event_003,True,4,True
tokyo_86988_relational_after,86988,core,relational_after,4,2018_1596283__event_002,SELF,2018_1596283__event_002,True,5,True
tokyo_86988_relational_after,86988,core,relational_after,5,2018_1596283__event_001,SELF,2018_1596283__event_001,True,6,True
tokyo_86988_relational_after,86988,core,relational_after,5,2018_1596283__event_001,NEXT,2018_1596283__event_002,False,,True
tokyo_88625_relational_after,88625,core,relational_after,1,2018_1619235__event_003,SELF,2018_1619235__event_003,True,1,False
tokyo_88625_relational_after,88625,core,relational_after,1,2018_1619235__event_003,NEXT,2018_1619235__event_004,True,2,False
tokyo_88625_relational_after,88625,core,relational_after,2,2018_1619225__event_003,SELF,2018_1619225__event_003,True,3,False
tokyo_88625_relational_after,88625,core,relational_after,3,2018_1619235__event_004,SELF,2018_1619235__event_004,False,,False
tokyo_88625_relational_after,88625,core,relational_after,4,2018_1619225__event_002,SELF,2018_1619225__event_002,True,4,False
tokyo_88625_relational_after,88625,core,relational_after,4,2018_1619225__event_002,NEXT,2018_1619225__event_003,False,,False
tokyo_88625_relational_after,88625,core,relational_after,5,2018_1619235__event_002,SELF,2018_1619235__event_002,True,5,False
tokyo_88625_relational_after,88625,core,relational_after,5,2018_1619235__event_002,NEXT,2018_1619235__event_003,False,,False
tokyo_88793_relational_after,88793,core,relational_after,1,2018_1621573__event_002,SELF,2018_1621573__event_002,True,1,True
tokyo_88793_relational_after,88793,core,relational_after,2,2018_1621573__event_001,SELF,2018_1621573__event_001,True,2,True
tokyo_88793_relational_after,88793,core,relational_after,2,2018_1621573__event_001,NEXT,2018_1621573__event_002,False,,True
tokyo_88793_relational_after,88793,core,relational_after,3,2018_1621582__event_001,SELF,2018_1621582__event_001,True,3,True
tokyo_88793_relational_after,88793,core,relational_after,3,2018_1621582__event_001,NEXT,2018_1621582__event_002,True,4,True
tokyo_88793_relational_after,88793,core,relational_after,4,2018_1621590__event_001,SELF,2018_1621590__event_001,True,5,True
tokyo_88793_relational_after,88793,core,relational_after,4,2018_1621590__event_001,NEXT,2018_1621590__event_002,True,6,True
tokyo_88793_relational_after,88793,core,relational_after,5,2018_1621566__event_002,SELF,2018_1621566__event_002,True,7,True
